m_GeV,delta_keV,f2,Z5,B,kappa_hat,mu_hi,mu_gap,mu_lomid,mu_he,exo_fraction_of_hi,exo_fraction_of_roi
1000.0,100.0,0.0,0.8977815278225671,0.0023219922575790806,2.1762915534667267e-08,0.004325809852579141,0.03699428513090116,1.9464245197147272,0.0019916196587815823,0.0,0.0
1000.0,100.0,1e-08,0.8977815266738829,0.0023219922469646962,2.1762920351045647e-08,0.004325810999876524,0.03699429483414304,1.9464250431942993,0.0019916202018628298,5.391013113399139e-08,5.753409817395265e-08
1000.0,100.0,1.7782794100389228e-08,0.8977815257799324,0.002321992238703747,2.1762913674309214e-08,0.004325809820574798,0.036994284664373475,1.9464245181997986,0.001991619670473795,9.586727291187331e-08,1.023116983728961e-07
1000.0,100.0,3.162277660168379e-08,0.8977815241902246,0.0023219922240134685,2.1762918089552543e-08,0.004325810961077987,0.03699429426787279,1.9464250414047797,0.0019916202161335992,1.704787871555075e-07,1.8193877465340828e-07
1000.0,100.0,5.6234132519034905e-08,0.8977815213632699,0.0023219921978900387,2.1762915510709516e-08,0.004325810915966911,0.03699429361521129,1.9464250389404512,0.0019916202319393925,3.0315888428503696e-07,3.2353793900385954e-07
1000.0,100.0,1e-07,0.8977815163361519,0.0023219921514353037,2.1762905069705707e-08,0.00432580967192904,0.036994282501638616,1.9464245108912521,0.0019916197242202255,5.391010982919125e-07,5.75340735604797e-07
1000.0,100.0,1.7782794100389227e-07,0.8977815073965044,0.002321992068825864,2.1762902786518187e-08,0.004325810696416823,0.03699429041912562,1.9464250282607758,0.0019916203115589617,9.58672055402051e-07,1.0231162053829212e-06
1000.0,100.0,3.162277660168379e-07,0.8977814914994094,0.002321991921923347,2.1762888300449897e-08,0.004325810445880339,0.03699428677581141,1.946425015816284,0.001991620401887538,1.7047857410772858e-06,1.8193852851895702e-06
1000.0,100.0,5.62341325190349e-07,0.8977814632299571,0.0023219916606900914,2.176285668327887e-08,0.004325808836171428,0.03699427034088782,1.9464244698539026,0.0019916200265207686,3.0315821056960604e-06,3.235371606593845e-06
1000.0,100.0,1e-06,0.8977814129590876,0.002321991196145919,2.1762816737074523e-08,0.004325809209206314,0.036994268785380965,1.9464249548336503,0.00199162084867071,5.390989678211598e-06,5.753382742690842e-06
1000.0,100.0,1.778279410038923e-06,0.8977813235639601,0.0023219903700614298,2.1762735284473622e-08,0.004325807801872724,0.03699424831075314,1.9464248855383337,0.00199162135732037,9.5866531828731e-06,1.0231084219876567e-05
1000.0,100.0,3.162277660168379e-06,0.8977811645960206,0.0023219889010676798,2.1762584576316864e-08,0.004325804133628501,0.03699420193300756,1.9464242378266832,0.001991621725166699,1.7047644365922627e-05,1.8193606721107176e-05
1000.0,100.0,5.623413251903491e-06,0.8977808819116586,0.0023219862888347294,2.1762332864274786e-08,0.004325800847440537,0.03699414714346679,1.946424542479862,0.001991623869552096,3.0315147357998654e-05,3.235293774206028e-05
1000.0,100.0,1e-05,0.8977803792357998,0.002321981643707642,2.1761874845184483e-08,0.004325792932768427,0.03699403200351391,1.9464241523136117,0.001991626729196591,5.39077664039729e-05,5.7531366207017566e-05
1000.0,100.0,1.778279410038923e-05,0.8977794853878974,0.002321973383857575,2.1761060403446463e-08,0.0043257788584083355,0.03699382725862381,1.946423458221536,0.001991631813830989,9.585979523475262e-05,0.00010230305945478859
1000.0,100.0,3.1622776601683795e-05,0.8977778960354237,0.0023219586970658805,2.175960639036204e-08,0.004325752668173122,0.03699345324250825,1.946421699993492,0.0019916403185498855,0.00017045514210247008,0.0001819114577944114
1000.0,100.0,5.623413251903491e-05,0.8977750702250509,0.002321932584682625,2.1757031641611057e-08,0.004325708173531919,0.03699280596544276,1.9464195055032523,0.0019916563927095633,0.0003030841201486719,0.00032345156562413227
1000.0,100.0,0.0001,0.8977700467326485,0.0023218861648559136,2.1752454529093318e-08,0.00432562907668521,0.036991655313275695,1.9464156048421997,0.0019916849681458825,0.000538864718794511,0.0005750676558480182
1000.0,100.0,0.00017782794100389227,0.8977611185778509,0.002321803665740893,2.174431988592432e-08,0.004325488499839712,0.03698961030436174,1.9464086712006075,0.0019917357523090654,0.0009579248133066166,0.001022252970888335
1000.0,100.0,0.00031622776601683794,0.8977452576743408,0.0023216571118326217,2.1729869206373765e-08,0.0043252387683928376,0.036985977430845335,1.9463963513086098,0.0019918259641687887,0.0017024241895598339,0.0018166572929792714
1000.0,100.0,0.0005623413251903491,0.897717102572327,0.0023213969794303713,2.1704213312673092e-08,0.0043247943117726605,0.036979518962539884,1.9463739509478588,0.001991985545179906,0.003024122282721428,0.003226755013101549
1000.0,100.0,0.001,0.8976671925006753,0.0023209359076432545,2.1658749286563907e-08,0.004324008523179246,0.03696808862898162,1.9463351440172676,0.0019922693138327615,0.005367444828222491,0.0057261911560549375
1000.0,100.0,0.0017782794100389228,0.8975789333755192,0.0023201207546924936,2.1578365326896206e-08,0.0043226182757306495,0.03694787162776994,1.946266085339233,0.001992770547982636,0.009512450558235247,0.010145412632027449
1000.0,100.0,0.0031622776601683794,0.8974235305437459,0.0023186860565343422,2.1436887103124848e-08,0.004320171883313233,0.03691229296346592,1.9461447769546882,0.0019936529969291957,0.01681440295157845,0.01792444703656912
1000.0,100.0,0.005623413251903491,0.8971519696082118,0.0023161807709142267,2.1189816770321184e-08,0.004315897287094154,0.0368501415151685,1.9459317872308755,0.001995192799320801,0.02958535992718785,0.03151148820172802
1000.0,100.0,0.01,0.896683651367435,0.0023118656694279477,2.0764230986556906e-08,0.00430853191033938,0.036743065802679095,1.945563802522958,0.001997843935371503,0.051642504245439314,0.05492336799238401
1000.0,100.0,0.01778279410038923,0.8958941148913692,0.002304606210171642,2.0048176776027454e-08,0.00429613607442023,0.036562881572436735,1.9449429626644654,0.002002302633625522,0.08892371758996745,0.09433746376170975
1000.0,100.0,0.03162277660168379,0.8946125619310745,0.0022928637837463977,1.8889689304413906e-08,0.0042760619744577014,0.03627121273409867,1.9439291657572235,0.0020095059348653106,0.14969303029017478,0.1581641896525349
1000.0,100.0,0.05623413251903491,0.8926551594097651,0.0022750260393728404,1.7129341067581063e-08,0.004245523779492158,0.035827734796006504,1.9423715259322387,0.00202043258788742,0.2431252892473197,0.2552963241745814
1000.0,100.0,0.1,0.8899268599701474,0.0022503578132850866,1.4693927286002644e-08,0.004203195702553802,0.03521355985422654,1.9401780104169657,0.0020355069019596344,0.3746097108633823,0.38997154254090594
1000.0,100.0,0.1778279410038923,0.886572017865374,0.002220332345885513,1.1728199535756229e-08,0.004151526199133441,0.034464654469955516,1.9374461137618262,0.0020537966343205935,0.5383247153691612,0.5544481100644812
1000.0,100.0,0.31622776601683794,0.8830285426738113,0.0021889828656087907,8.630227783591789e-09,0.004097404356119377,0.03368117077457072,1.9345199856014816,0.0020728220075424348,0.7137303915308777,0.7268364129342482
1000.0,100.0,0.5623413251903491,0.879838958123873,0.002161080350708503,5.871791103447494e-09,0.004049079701889984,0.03298248261204449,1.9318488991984237,0.0020896897583271242,0.8738462510540723,0.880845620427974
1000.0,100.0,1.0,0.8773555771190628,0.002139560714171004,3.74376769250509e-09,0.004011711084266311,0.032442769682943066,1.9297452695848172,0.0021026551074981026,1.0,1.0
1000.0,110.0,0.0,1.0762717488248366,0.003653006498291817,3.601784166560043e-08,0.006254425691946292,0.05286458753441839,2.1328022216852816,0.0029070638135532123,0.0,0.0
1000.0,110.0,1e-08,1.0762717459967852,0.003653006462086264,3.601782997729229e-08,0.006254424001540622,0.05286457305825434,2.13280166088855,0.0029070630559242874,6.42408870431437e-08,7.133814822587087e-08
1000.0,110.0,1.7782794100389228e-08,1.0762717437957678,0.003653006433908236,3.601782820864193e-08,0.006254423958445815,0.052864572547478665,2.132801658367734,0.0029070630577427625,1.1423824188894085e-07,1.2685915408434088e-07
1000.0,110.0,3.162277660168379e-08,1.076271739881798,0.0036530063837998243,3.601782511437715e-08,0.006254423890648041,0.052864571713868866,2.1328016568984367,0.0029070630650838867,2.0314749814001097e-07,2.255910025322927e-07
1000.0,110.0,5.6234132519034905e-08,1.0762717329216105,0.003653006294693106,3.601782905886953e-08,0.006254425410530494,0.05286458409709799,2.1328022136889557,0.002907063840619478,3.6125296491813966e-07,4.01163774332937e-07
1000.0,110.0,1e-07,1.0762717205445063,0.00365300613623653,3.6017819193212924e-08,0.00625442518211552,0.052864581342494235,2.1328022042618278,0.002907063857317781,6.424085568281441e-07,7.133810884414301e-07
1000.0,110.0,1.7782794100389227e-07,1.0762716985345182,0.0036530058544566603,3.6017792297154635e-08,0.006254423151941799,0.0528645627175274,2.1328016337064803,0.002907063132180322,1.142381427189182e-06,1.2685902954844807e-06
1000.0,110.0,3.162277660168379e-07,1.0762716593946846,0.0036530053533740206,3.601776125390333e-08,0.00625442245648146,0.052864554233667635,2.1328016130512273,0.002907063197464555,2.0314718453712276e-06,2.2559060871558875e-06
1000.0,110.0,5.62341325190349e-07,1.0762715897932642,0.003653004462311235,3.6017706041723636e-08,0.006254421218244408,0.05286453913420658,2.1328015758031222,0.00290706331285268,3.6125197322018807e-06,4.0116252897724e-06
1000.0,110.0,1e-06,1.0762714660229784,0.0036530028777594396,3.6017626682091166e-08,0.006254422284852163,0.05286453991000463,2.1328026241578613,0.0029070650372617956,6.424054208120557e-06,7.1337715029256e-06
1000.0,110.0,1.778279410038923e-06,1.0762712459264192,0.00365300006000523,3.601743323226377e-08,0.006254415094985535,0.05286446448667315,2.1328013898231593,0.0029070638802640475,1.1423715102816137e-05,1.2685778420296821e-05
1000.0,110.0,3.162277660168379e-06,1.0762708545381394,0.0036529950493192354,3.6017122672891685e-08,0.006254408117052735,0.05286437945160876,2.1328011752551608,0.0029070645221552054,2.0314404856149208e-05,2.255866706241725e-05
1000.0,110.0,5.623413251903491e-06,1.0762701585559586,0.0036529861391354514,3.601657054387895e-08,0.006254395729316946,0.052864228413931263,2.1328008007549006,0.0029070656732023796,3.612420565401266e-05,4.011500758455212e-05
1000.0,110.0,1e-05,1.0762689209544105,0.003652970295022004,3.601558866292657e-08,0.0062543736869664955,0.05286395971618451,2.132800129895325,0.002907067713290089,6.423740623350734e-05,7.133377711951447e-05
1000.0,110.0,1.778279410038923e-05,1.0762667203085303,0.0036529421219205957,3.601384273623623e-08,0.006254334492433524,0.052863481932333145,2.1327989369949916,0.0029070713408409646,0.00011422723506747616,0.00012684533209281654
1000.0,110.0,3.1622776601683795e-05,1.076262807436866,0.003652892029101744,3.601074778190447e-08,0.006254266430876628,0.05286264617288817,2.1327973711043455,0.0029070785474383065,0.00020311269412945726,0.00022554729727080464
1000.0,110.0,5.623413251903491e-05,1.0762558508120037,0.003652802971656842,3.600521933225794e-08,0.006254140898930898,0.052861122039240926,2.132793042907706,0.002907089254815395,0.00036114291967565427,0.0004010255870386828
1000.0,110.0,0.0001,1.076243484901925,0.003652644670853849,3.5995418504175126e-08,0.00625392229930361,0.052858451198463184,2.132786896387447,0.002907110395973034,0.000642060645864222,0.0007129442192030716
1000.0,110.0,0.00017782794100389227,1.0762215103805848,0.0036523633833198954,3.597799572751509e-08,0.0062535325861007435,0.05285369450437968,2.1327755392964525,0.002907147369332661,0.0011412817005778508,0.0012672094530966154
1000.0,110.0,0.00031622776601683794,1.0761824825523965,0.0036518638559252434,3.594702851016232e-08,0.006252835926853242,0.052845208503481435,2.1327538111014475,0.0029072109045033497,0.0020279968132549675,0.002251543183543491
1000.0,110.0,0.0005623413251903491,1.0761132347393043,0.0036509777021285585,3.5892098641164196e-08,0.006251601251060503,0.05283016437244582,2.1327156811005095,0.0029073241858542103,0.003601545355511158,0.003997849354073473
1000.0,110.0,0.001,1.0759905792498135,0.003649408622794422,3.57948566442841e-08,0.006249419328238634,0.0528035619785582,2.132649656994753,0.002907526816496929,0.006389432203494318,0.007090324519425355
1000.0,110.0,0.0017782794100389228,1.075773988932367,0.0036466395114989093,3.562320599111147e-08,0.006245564364563367,0.052756576405713955,2.1325317747027563,0.0029078826068600805,0.011314688939492057,0.012549036453042832
1000.0,110.0,0.0031622776601683794,1.0753935830186723,0.0036417810671708086,3.5322002227859087e-08,0.006238800906002529,0.05267413669798995,2.1323253211824333,0.002908507495712681,0.01997218095127288,0.02212985564812743
1000.0,110.0,0.005623413251903491,1.0747317516248167,0.0036333436519171967,3.479873206419706e-08,0.00622704446834491,0.05253086566240613,2.131964128795709,0.0029095895158797944,0.035056032125682667,0.03877879514219466
1000.0,110.0,0.01,1.073599024828861,0.003618948010551873,3.3905443728727575e-08,0.006206961363309209,0.05228617822615128,2.131342348309357,0.0029114293351921836,0.06093568472332289,0.0672152908352087
1000.0,110.0,0.01778279410038923,1.0717137098358493,0.00359511328642909,3.2425086841880256e-08,0.006173648434819819,0.0518804358064819,2.1302998485954463,0.0029144611885462295,0.10418868545019852,0.11438271602936421
1000.0,110.0,0.03162277660168379,1.0687169209136256,0.003557547038056899,3.008844373954115e-08,0.006120979828635275,0.05123931650275602,2.1286208846377583,0.002919199452725729,0.17340438763924493,0.18894224580081947
1000.0,110.0,0.05623413251903491,1.0642851298812983,0.0035027040045197714,2.6669704912138455e-08,0.006043726163033296,0.05029976131129273,2.1260891736222276,0.002926025603739701,0.27681826164967616,0.29827870466993556
1000.0,110.0,0.1,1.058384303689913,0.0034309775656144277,2.2185309536891515e-08,0.005942029027272897,0.04906447260726749,2.122627895119122,0.002934780941197827,0.41649714487430434,0.44216542368481476
1000.0,110.0,0.1778279410038923,1.051536519426219,0.003349555667111301,1.707699080891792e-08,0.005825660851637752,0.047653195490202124,2.1184830804024464,0.0029444687663900525,0.5814969642549256,0.6067599394569211
1000.0,110.0,0.31622776601683794,1.0447501694613635,0.0032707407659910183,1.2114717659670883e-08,0.005712056339210731,0.04627781803955116,2.1142387108556893,0.002953571196070699,0.7481731525731371,0.767399306493646
1000.0,110.0,0.5623413251903491,1.038999210752286,0.0032053773368897866,7.986708528804469e-09,0.005617109929835889,0.045130186244719386,2.1105370981498885,0.0029609017104857984,0.8919411837843982,0.9016342141392567
1000.0,110.0,1.0,1.0347376768600924,0.0031577686969234088,4.972996704156123e-09,0.005547527663108119,0.04429024622477623,2.107731984729228,0.0029661081968592553,1.0,1.0
1000.0,120.0,0.0,1.2465965505302563,0.005858645834421737,5.829997806786841e-08,0.008789676061221772,0.07333923252558609,2.2514157959784526,0.004132973974810741,0.0,0.0
1000.0,120.0,1e-08,1.2465965453437928,0.005858645728176654,5.829997347659809e-08,0.008789675955777808,0.07333923133111074,2.2514157978248273,0.004132973976368651,7.675617998572035e-08,8.906706804953794e-08
1000.0,120.0,1.7782794100389228e-08,1.2465965413072653,0.005858645645488306,5.8299984648582095e-08,0.008789678096804754,0.07333924895049167,2.251416368691693,0.004132975022896199,1.3649392737031148e-07,1.5838612347853737e-07
1000.0,120.0,3.162277660168379e-08,1.2465965341291791,0.0058586454984453345,5.829997805231442e-08,0.00878967791439137,0.0733392469929657,2.2514163619031904,0.004132975007899574,2.4272431821256836e-07,2.8165475139665824e-07
1000.0,120.0,5.6234132519034905e-08,1.246596521364522,0.005858645236961929,5.8299966672248064e-08,0.008789677642768253,0.07333924395214664,2.2514163633451347,0.004132975006038964,4.3163158647780773e-07,5.008607476834399e-07
1000.0,120.0,1e-07,1.2465964986654394,0.005858644771971651,5.8299946337877726e-08,0.008789677145055488,0.07333923842214309,2.251416362146253,0.004132974995822349,7.675613387020329e-07,8.906700466913502e-07
1000.0,120.0,1.7782794100389227e-07,1.2465964583001712,0.005858643945089814,5.8299909786339907e-08,0.008789676200976851,0.07333922809591793,2.251416344900029,0.004132974949908756,1.3649378154032547e-06,1.5838592305224085e-06
1000.0,120.0,3.162277660168379e-07,1.24659638651952,0.005858642474665526,5.829983057028075e-08,0.008789672378645133,0.07333919184812773,2.251415765188541,0.004132973860371402,2.4272385705813007e-06,2.816541175938211e-06
1000.0,120.0,5.62341325190349e-07,1.2465962588738628,0.005858639859848522,5.829974526140309e-08,0.008789673957938721,0.07333919728094619,2.2514168798736045,0.00413297586154759,4.316301281820651e-06,5.008587434271774e-06
1000.0,120.0,1e-06,1.2465960318853537,0.005858635209999492,5.829952614752163e-08,0.008789666602900965,0.07333912214028193,2.2514162587846376,0.004132974641243709,7.675567271808048e-06,8.906637087006711e-06
1000.0,120.0,1.778279410038923e-06,1.2465956282398711,0.005858626941351381,5.8299162905367964e-08,0.008789657503926587,0.07333902173052885,2.251416173830279,0.004132974342750778,1.364923232576037e-05,1.583839188171739e-05
1000.0,120.0,3.162277660168379e-06,1.246594910456782,0.005858612237646383,5.82985170175468e-08,0.008789641330780104,0.0733388432361991,2.2514160245769363,0.004132973815290955,2.4271924561012218e-05,2.8164777972233228e-05
1000.0,120.0,5.623413251903491e-06,1.2465936340735557,0.005858586091177769,5.829736843118295e-08,0.008789612563345851,0.0733385257668771,2.2514157571356073,0.0041329728736125455,4.316155457665857e-05,5.0083870174674695e-05
1000.0,120.0,1e-05,1.2465913644204558,0.005858539598067059,5.829531114262625e-08,0.008789559164115723,0.07333794251276221,2.251414706400781,0.004132970143275,7.675106150160113e-05,8.906003337546391e-05
1000.0,120.0,1.778279410038923e-05,1.2465873287001572,0.005858456928597129,5.829167953126857e-08,0.008789468205007181,0.07333693871992195,2.2514138602039195,0.004132967164774981,0.00013647774214401505,0.00015836387925595384
1000.0,120.0,3.1622776601683795e-05,1.2465801531905925,0.005858309945332265,5.828522252058023e-08,0.00878930646591262,0.07333515386805124,2.251412351494835,0.004132961861385427,0.000242673140765501,0.00028158441669176495
1000.0,120.0,5.623413251903491e-05,1.246567396698014,0.005858048650685288,5.8273773293751635e-08,0.008789023402871259,0.0733320181398216,2.2514108133712822,0.004132954533361266,0.0004314697757860733,0.0005006383731228172
1000.0,120.0,0.0001,1.2465447233672193,0.005857584257032962,5.825337189506006e-08,0.008788512379433218,0.073326378793596,2.2514060474376834,0.004132937778635251,0.0007670497979137224,0.0008899670799786859
1000.0,120.0,0.00017782794100389227,1.2465044394739857,0.005856759260481315,5.821711272155447e-08,0.008787602248302067,0.07331634125259125,2.25139699841843,0.004132906944454856,0.001363321021680777,0.001581637621974154
1000.0,120.0,0.00031622776601683794,1.2464329158964127,0.005855294789800676,5.815278611945372e-08,0.008785992764833541,0.0732985741598153,2.2513825202486855,0.004132855118280343,0.0024221305383731644,0.002809523509103036
1000.0,120.0,0.0005623413251903491,1.2463060813660927,0.00585269875426817,5.803870331876379e-08,0.008783132975580754,0.07326702232656442,2.2513552003747908,0.004132760205726568,0.00430017473168651,0.004986438659263168
1000.0,120.0,0.001,1.2460816481025039,0.005848108042795555,5.783695681137754e-08,0.00877807853958821,0.07321124784456348,2.25130776589023,0.004132593964138615,0.0076247187970246745,0.00883683722196076
1000.0,120.0,0.0017782794100389228,1.2456860287018066,0.00584002498776796,5.7481612352117956e-08,0.008769172605602569,0.07311298381293554,2.251223195657491,0.004132299290455946,0.013489261780218684,0.015619006113913397
1000.0,120.0,0.0031622776601683794,1.2449933254399557,0.005825900365084739,5.68603707532419e-08,0.008753601312763192,0.07294118119625714,2.251074968622939,0.004131783434544808,0.023770635052931966,0.027478433294340996
1000.0,120.0,0.005623413251903491,1.2437946101833415,0.005801542619032162,5.578807908290508e-08,0.008726711834413372,0.07264454273103774,2.2508152418293514,0.0041308859603330205,0.0416014657448863,0.047953936330593326
1000.0,120.0,0.01,1.241761803225492,0.0057604805005432805,5.397762722231478e-08,0.008681273477644661,0.07214340083620512,2.250365027637563,0.004129349324232296,0.07195288499947063,0.08254081432725799
1000.0,120.0,0.01778279410038923,1.2384300138929798,0.005693838076034054,5.103180436395088e-08,0.00860722922207867,0.07132711931865736,2.2495987109831788,0.004126787396334334,0.12200999662685799,0.13886172219233378
1000.0,120.0,0.03162277660168379,1.2332626842896577,0.005592077042114452,4.651567245593909e-08,0.008493454358598763,0.07007367561314028,2.248344406863806,0.004122714686207279,0.20041619207253894,0.22531808116192953
1000.0,120.0,0.05623413251903491,1.2258972309262488,0.00545031148252488,4.018776478255399e-08,0.008333483832947547,0.06831307030203726,2.246418483868549,0.004116700643296553,0.31382324899544617,0.3467061231683442
1000.0,120.0,0.1,1.216569148401505,0.0052761493172953835,3.235536861395916e-08,0.008134535924138096,0.06612650544006704,2.2437465423851317,0.004108730768921352,0.4602898840555153,0.4973950406357193
1000.0,120.0,0.1778279410038923,1.2063750980123964,0.005092450097248555,2.402385506885215e-08,0.007921694696116805,0.06379111293710606,2.2405332414487873,0.004099575590773208,0.6240831521501476,0.6582873624305413
1000.0,120.0,0.31622776601683794,1.1968826647965962,0.004927384367646,1.6475696734032618e-08,0.007727704422632648,0.061666236505465113,2.237267573700168,0.004090634087524279,0.7802093432829114,0.8046543899836606
1000.0,120.0,0.5623413251903491,1.1892737472271795,0.004799093609802878,1.0568795455756163e-08,0.00757507558490874,0.05999699136536448,2.234461796157399,0.004083180085427315,0.9079383951271658,0.9196406338459355
1000.0,120.0,1.0,1.183874523365668,0.004710166595804312,6.453620582225108e-09,0.0074682919816983296,0.05883055080107041,2.232369294558707,0.0040777355455111075,1.0,1.0
1000.0,130.0,0.0,1.407295459918132,0.009521232777429823,9.297778046772047e-08,0.012096138022459473,0.09944209512974392,2.3071796015278747,0.005765702150531498,0.0,0.0
1000.0,130.0,1e-08,1.4072954515846754,0.0095212324893671,9.297779354648922e-08,0.012096140715370176,0.09944211676447583,2.307180163750925,0.005765703524796493,9.196011054133235e-08,1.1199225685269241e-07
1000.0,130.0,1.7782794100389228e-08,1.4072954450989386,0.0095212322651738,9.297776319601164e-08,0.012096137538448017,0.09944209025510126,2.3071795956079093,0.005765702081063976,1.635307606892762e-07,1.991535086364317e-07
1000.0,130.0,3.162277660168379e-08,1.407295433565449,0.009521231866495627,9.297772636467002e-08,0.012096134118893525,0.09944206144599371,2.3071790106151613,0.005765700576600679,2.908033516551494e-07,3.5415053385431463e-07
1000.0,130.0,5.6234132519034905e-08,1.4072954130556947,0.009521231157534754,9.297774947928474e-08,0.012096139566009483,0.09944210498711722,2.3071801691569567,0.0057657033961590505,5.171295083059275e-07,6.297784443225004e-07
1000.0,130.0,1e-07,1.4072953765836738,0.00952122989680507,9.297770799135435e-08,0.012096138507496933,0.09944209408093047,2.307180179898661,0.005765703288444419,9.196004270783427e-07,1.119921540516985e-06
1000.0,130.0,1.7782794100389227e-07,1.4072953117262916,0.009521227654878405,9.297761111438789e-08,0.012096133619930883,0.09944204998071696,2.3071796257905914,0.00576570166443181,1.6353054618107114e-06,1.9915318355142908e-06
1000.0,130.0,3.162277660168379e-07,1.407295196391967,0.009521223668115586,9.297747899332239e-08,0.012096130152267234,0.0994420145029322,2.307179636800577,0.0057657012664365116,2.9080267332149107e-06,3.5414950584686946e-06
1000.0,130.0,5.62341325190349e-07,1.4072949912960122,0.009521216578566648,9.297724497773704e-08,0.01209612410702319,0.09944195241020273,2.3071796794979025,0.005765700616466362,5.171273632313132e-06,6.297751934864981e-06
1000.0,130.0,1e-06,1.4072946265804067,0.009521203971460099,9.297682821443533e-08,0.012096113276159497,0.09944184132844962,2.307179740012458,0.005765699422129217,9.195936437835757e-06,1.1199112605213945e-05
1000.0,130.0,1.778279410038923e-06,1.4072939780212625,0.009521181552794413,9.297608695973172e-08,0.01209609399757984,0.09944164364428247,2.3071798440909013,0.00576569728946395,1.635284011299718e-05,1.9914993275977326e-05
1000.0,130.0,3.162277660168379e-06,1.4072928247245948,0.009521141687066961,9.297479184539342e-08,0.012096062709827339,0.09944131672951313,2.307180600273498,0.005765694924279998,2.9079589015895605e-05,3.5413922610065245e-05
1000.0,130.0,5.623413251903491e-06,1.4072907739126643,0.0095210707975872,9.297244849597575e-08,0.012096001822213974,0.09944069223467832,2.307180943277811,0.005765688215348831,5.171059134638943e-05,6.297426869722244e-05
1000.0,130.0,1e-05,1.4072871272228102,0.009520944745525586,9.296823454131995e-08,0.01209588742439483,0.09943953139004792,2.307180383910583,0.005765673363779272,9.195258163394553e-05,0.0001119808470944382
1000.0,130.0,1.778279410038923e-05,1.4072806431065334,0.009520720618956919,9.29608487066294e-08,0.012095697916490466,0.09943758159608991,2.3071820402405456,0.0057656535815097925,0.00016350695371363197,0.00019911743067918194
1000.0,130.0,3.1622776601683795e-05,1.407269114803428,0.0095203221516616,9.294767540503938e-08,0.012095355511439507,0.0994340700209275,2.307183939429805,0.00576561579798757,0.0002907280759339342,0.0003540364614513957
1000.0,130.0,5.623413251903491e-05,1.40724862142644,0.009519613857420806,9.2924259432368e-08,0.012094746939659388,0.09942782857803259,2.3071873307283735,0.005765548673104923,0.0005168915136170429,0.0006294178062986723
1000.0,130.0,0.0001,1.4072122011234218,0.009518355234761338,9.288264789518004e-08,0.012093665417510441,0.099416736749634,2.3071933440971177,0.005765429357111319,0.000918848091802936,0.001118781612007237
1000.0,130.0,0.00017782794100389227,1.407147507170223,0.00951611996435996,9.280874276414177e-08,0.012091744536498257,0.09939703670805122,2.307204019811248,0.005765217432598787,0.0016329278856571543,0.001987929924144581
1000.0,130.0,0.00031622776601683794,1.407032688882517,0.009512154213250204,9.26776073939399e-08,0.012088336016071038,0.09936208023751733,2.3072229245506164,0.00576484130918944,0.002900516692228935,0.003530120857116336
1000.0,130.0,0.0005623413251903491,1.4068292204216095,0.009505130900317262,9.244532241223301e-08,0.012082298084140193,0.0993001582802698,2.3072563411391815,0.005764174901665772,0.00514757253045947,0.006261873413889759
1000.0,130.0,0.001,1.4064696268733206,0.00949273208584664,9.203510775340578e-08,0.012071633991717732,0.09919079562466132,2.307315086059901,0.005762997391057468,0.009121253903146893,0.01108615660167793
1000.0,130.0,0.0017782794100389228,1.4058371291838196,0.00947096563898109,9.131453162518766e-08,0.012052899229879923,0.09899867254221494,2.307417701597433,0.005760927633769683,0.016118159516471026,0.019560582718609706
1000.0,130.0,0.0031622776601683794,1.4047338744526003,0.009433126973680258,9.006046541590197e-08,0.012020275544538078,0.09866416658287427,2.3075918927071575,0.005757315077914761,0.028345677587199008,0.034308519433146514
1000.0,130.0,0.005623413251903491,1.402837252039907,0.009368456772030718,8.791317129987662e-08,0.011964384847800809,0.0980911699875098,2.3078828920826844,0.005751112215079325,0.049434557587034765,0.05956174821260949
1000.0,130.0,0.01,1.3996567662858193,0.009261075694116655,8.433647485869261e-08,0.01187118999609898,0.09713597925530565,2.3083438549021964,0.005740723980146518,0.08499399981740441,0.10162709076928436
1000.0,130.0,0.01778279410038923,1.3945392088738935,0.00909105656870009,7.864440888043845e-08,0.011722615372239306,0.09561384254581959,2.3090147673368837,0.0057240432932746605,0.14272840615077845,0.16857836089674114
1000.0,130.0,0.03162277660168379,1.3868279454438512,0.008841157611005757,7.021251410964854e-08,0.011501914225040013,0.09335432254188172,2.309862048219776,0.005698986173840716,0.23094654998694136,0.2677831263264581
1000.0,130.0,0.05623413251903491,1.3762854806789293,0.008511345116985019,5.896215340398529e-08,0.011206244161680914,0.09033029886489352,2.3107056161578807,0.005664873476555343,0.3539813123176155,0.40022937786956314
1000.0,130.0,0.1,1.3636378106683604,0.008132943460965198,4.587834941756641e-08,0.010860543358102237,0.08679921844288273,2.3112440607205005,0.005624152706718397,0.5053861200440346,0.5544383912880556
1000.0,130.0,0.1778279410038923,1.3506402435043094,0.007762725183634666,3.288979810980905e-08,0.010515229160300182,0.08327741506767057,2.311267891257705,0.005582518214550556,0.6654409838386205,0.7077976097098506
1000.0,130.0,0.31622776601683794,1.3392434907872481,0.0074528723792323445,2.1872171166673804e-08,0.010220505764784874,0.08027607418663922,2.3108545815211685,0.00554617416331606,0.8096299917114509,0.8381710935199402
1000.0,130.0,0.5623413251903491,1.330560466759054,0.007225642690466742,1.3705307526009635e-08,0.010000883955847662,0.07804239476702439,2.310270874038894,0.0055185767734966164,0.9219714571152781,0.9350215817379861
1000.0,130.0,1.0,1.3246273973789957,0.00707461910700675,8.235897126006693e-09,0.009853215752995814,0.07654196437228697,2.3097395151227307,0.005499761782577515,1.0,1.0
1000.0,140.0,0.0,1.5587368020267591,0.015625202035032534,1.4691705351609977e-07,0.0163886631906025,0.13263799057728126,2.3038260161397455,0.007933589378884907,0.0,0.0
1000.0,140.0,1e-08,1.55873678942675,0.015625201284973543,1.46917069683435e-07,0.016388666641696338,0.132638017711101,2.3038265787837258,0.007933591206649456,1.1053412927660556e-07,1.4210923479049307e-07
1000.0,140.0,1.7782794100389228e-08,1.5587367796204616,0.01562520070121822,1.4691698379517853e-07,0.016388658343130105,0.13263794992834366,2.3038254725412943,0.007933587311682203,1.9656055081955445e-07,2.5270990022121996e-07
1000.0,140.0,3.162277660168379e-08,1.5587367621821293,0.015625199663138443,1.4691699262789495e-07,0.01638866160872624,0.13263797525489499,2.3038260388721845,0.007933589109984488,3.4953953171372477e-07,4.4938873011063026e-07
1000.0,140.0,5.6234132519034905e-08,1.5587367311719071,0.015625197817143565,1.469169453103677e-07,0.016388660385446823,0.13263796339343048,2.303826057669473,0.007933588904510612,6.215787984451199e-07,7.9913846602847e-07
1000.0,140.0,1e-07,1.558736676027112,0.015625194534451853,1.4691686111019869e-07,0.016388658203818053,0.1326379422494789,2.3038260902109187,0.007933588536072116,1.1053402926462303e-06,1.4210906582521185e-06
1000.0,140.0,1.7782794100389227e-07,1.5587365779643623,0.015625188696918837,1.4691671142777986e-07,0.016388654329718984,0.13263790469371461,2.3038261488433736,0.007933587883520148,1.9656023455416867e-06,2.527093659066902e-06
1000.0,140.0,3.162277660168379e-07,1.558736403581856,0.015625178316185435,1.4691644508787595e-07,0.016388647422270006,0.1326378377616572,2.3038262505441858,0.007933586714274934,3.495385315962913e-06,4.493870404631277e-06
1000.0,140.0,5.62341325190349e-07,1.5587360934824255,0.01562515985644025,1.4691597163866852e-07,0.016388635158498456,0.13263771889650677,2.3038264341426875,0.007933584644500266,6.2157563580471045e-06,7.99133122913029e-06
1000.0,140.0,1e-06,1.55873554204324,0.01562512703016902,1.4691512969868869e-07,0.016388613347766853,0.13263750750259978,2.3038267602757343,0.007933580962678337,1.1053302915475214e-05,1.4210737619449849e-05
1000.0,140.0,1.778279410038923e-06,1.558734561443826,0.015625068656878908,1.469136325046304e-07,0.016388574561318505,0.13263713157908621,2.3038273400125937,0.0079335744147527,1.9655707195628583e-05,2.527040228856601e-05
1000.0,140.0,3.162277660168379e-06,1.5587328177069826,0.015624964855995807,1.46910969906542e-07,0.016388505562898285,0.13263646288058514,2.3038283670895674,0.007933562757858913,3.495285307367221e-05,4.4937014468689214e-05
1000.0,140.0,5.623413251903491e-06,1.5587297169912442,0.01562478027894151,1.4690627106237139e-07,0.0163883868599633,0.13263530609454555,2.303830754239411,0.007933543960918154,6.215440111706197e-05,7.990796956880596e-05
1000.0,140.0,1e-05,1.5587242034810085,0.015624452080729045,1.4689781736462595e-07,0.01638816479372069,0.13263316017909726,2.3038334527907467,0.007933505213540666,0.00011052302905134034,0.00014209048209690956
1000.0,140.0,1.778279410038923e-05,1.5587144002747306,0.015623868551763348,1.4688281449513292e-07,0.0163877730586592,0.1326293698216406,2.3038386862764066,0.007933437820480454,0.00019652545157393902,0.0002526506050991254
1000.0,140.0,3.1622776601683795e-05,1.558696971719979,0.015622831187669568,1.4685627624464717e-07,0.016387091535774466,0.13262275195724896,2.303850084156604,0.007933325221220191,0.00034942855360750087,0.0004492012567743395
1000.0,140.0,5.623413251903491e-05,1.5586659924235307,0.015620987455045518,1.4680894633225494e-07,0.016385862217125416,0.1326108438681636,2.3038678133735426,0.007933116379633873,0.0006212279417301114,0.0007985458160910103
1000.0,140.0,0.0001,1.5586109453669827,0.015617711912217228,1.467249182312692e-07,0.016383685067836627,0.13258974328674442,2.3039002922956566,0.00793274870634422,0.0011042312744708957,0.0014192176178429927
1000.0,140.0,0.00017782794100389227,1.5585131914034993,0.015611896956384364,1.4657572923837283e-07,0.016379819535132435,0.13255227932939018,2.3039579426244865,0.00793209586916406,0.0019620980640091966,0.002521176667015609
1000.0,140.0,0.00031622776601683794,1.5583397834528387,0.015601587454014696,1.4631120912866611e-07,0.016372968446731147,0.1324858743324037,2.304060668017521,0.007930939923480049,0.0034843191900038343,0.004475193335987103
1000.0,140.0,0.0005623413251903491,1.5580327554510038,0.015583352042495979,1.458430962920176e-07,0.016360837985850477,0.13236831152174205,2.3042412745184375,0.007928890628303402,0.006180848380169795,0.007932459961224169
1000.0,140.0,0.001,1.5574909713624516,0.015551230064148575,1.4501794935538147e-07,0.016339449511850068,0.13216103681632788,2.3045585064399106,0.007925274842104627,0.010943395552425862,0.01402563375581886
1000.0,140.0,0.0017782794100389228,1.556540584504722,0.015495055707849596,1.4357339868470345e-07,0.016302001731849435,0.13179814016182423,2.305113146740416,0.00791894259681375,0.01931082394955209,0.024690938733960246
1000.0,140.0,0.0031622776601683794,1.554890637987492,0.015398054650260784,1.4107412780986386e-07,0.016237184235973385,0.131170068382044,2.3060675539337754,0.00790797089381337,0.033876958631256296,0.043136783045139133
1000.0,140.0,0.005623413251903491,1.5520771167630345,0.015234162172750051,1.3683730138461347e-07,0.01612721978568123,0.1301047045867059,2.3076696892409565,0.007889322591783581,0.05883188375125367,0.07438761351126978
1000.0,140.0,0.01,1.5474230107569926,0.014967189850448084,1.2989761457693901e-07,0.015946890628314746,0.12835807321348894,2.3102538448189356,0.007858654002680925,0.10043681184663962,0.12552609486850144
1000.0,140.0,0.01778279410038923,1.5400977822764437,0.0145572112762043,1.1914635238125187e-07,0.015666934093493328,0.12564768144838884,2.314147982268372,0.007810803181131223,0.16674948180868812,0.20463551750399978
1000.0,140.0,0.03162277660168379,1.5294243735770376,0.01398146194846218,1.0384960074615341e-07,0.015267367772927202,0.12178187618548973,2.319454377952891,0.007741998562399363,0.26522131387269027,0.31696970662195334
1000.0,140.0,0.05623413251903491,1.5154981120107742,0.013267007136388098,8.453179784608408e-08,0.014760514683244911,0.11688272422030432,2.3257329768770227,0.007653801833636346,0.39708763433559413,0.45850984023509284
1000.0,140.0,0.1,1.4997275180350895,0.012505261569564292,6.350417040201281e-08,0.014205675432216954,0.11152617094102282,2.3319810975931365,0.007555988314151327,0.551198614732685,0.6122515642185964
1000.0,140.0,0.1778279410038923,1.484492470200292,0.011814047474647347,4.401686354143721e-08,0.013688270764502602,0.10653758059862926,2.3371695357881905,0.0074634805989288325,0.70507978648116,0.7545221338510706
1000.0,140.0,0.31622776601683794,1.471874659757627,0.011272736181170626,2.8471531014206527e-08,0.013273090030512986,0.1025395444358272,2.3408508635024665,0.007388272526628287,0.8363855854537046,0.8679380168941568
1000.0,140.0,0.5623413251903491,1.4626911736537085,0.010895570083884525,1.7486342584565258e-08,0.012978282153669047,0.09970351908104322,2.343186195849354,0.007334304521307021,0.9342207932112769,0.9480773381801262
1000.0,140.0,1.0,1.456617580571011,0.010653597027360084,1.0370237590197014e-08,0.01278664078871666,0.09786128819164934,2.344573766940561,0.007298957748671119,1.0,1.0
1000.0,150.0,0.0,1.7001660231091658,0.025715789245153907,2.3025468746780777e-07,0.021893881180538494,0.17396878011788716,2.2435408337157314,0.01078083976227422,0.0,0.0
1000.0,150.0,1e-08,1.7001660049210647,0.025715787366804226,2.3025464896118995e-07,0.021893880216204795,0.17396877126421356,2.243540853161298,0.010780839555700021,1.3318908783979422e-07,1.817684192250218e-07
1000.0,150.0,1.7782794100389228e-08,1.7001659907656352,0.025715785904924033,2.3025467298887533e-07,0.021893884599977088,0.17396880517067653,2.243541394423992,0.010780841923122302,2.368473898395021e-07,3.2323499409188886e-07
1000.0,150.0,3.162277660168379e-08,1.7001659655933714,0.02571578330529347,2.3025456574330786e-07,0.02189387813523943,0.17396875215342272,2.2435408956374303,0.010780839111093057,4.2118076486447953e-07,5.748019979516109e-07
1000.0,150.0,5.6234132519034905e-08,1.7001659208300295,0.02571577868242713,2.3025452498119446e-07,0.02189388089724577,0.17396877116892295,2.2435414697335143,0.010780841131406493,7.489768549844231e-07,1.0221581256941259e-06
1000.0,150.0,1e-07,1.7001658412284046,0.02571577046168928,2.3025424859004902e-07,0.021893866420453795,0.17396865092349462,2.243540503838717,0.010780835176972576,1.3318894017297626e-06,1.8176813822678706e-06
1000.0,150.0,1.7782794100389227e-07,1.7001656996747265,0.025715755842952936,2.3025405698546702e-07,0.021893869192434693,0.17396866367977373,2.243541708315149,0.010780838629866991,2.3684692287651507e-06,3.2323410549875528e-06
1000.0,150.0,3.162277660168379e-07,1.7001654479534754,0.025715729846856987,2.302534703453202e-07,0.02189385073879115,0.17396850056276159,2.2435414540670733,0.010780833255958567,4.211792882006269e-06,5.747991879807437e-06
1000.0,150.0,5.62341325190349e-07,1.700165000325231,0.02571568361885841,2.3025246908979332e-07,0.02189382191188542,0.17396824219056495,2.243541410672463,0.010780825663756414,7.489721853788836e-06,1.0221492398273479e-05
1000.0,150.0,1e-06,1.7001642043248515,0.025715601413582374,2.3025089254643662e-07,0.021893790042873302,0.1739679368321413,2.2435433207484343,0.010780821712092267,1.331874635228058e-05,1.8176532829222293e-05
1000.0,150.0,1.778279410038923e-06,1.700162788838283,0.02571545523286507,2.3024784321556255e-07,0.02189370999469863,0.17396720807451319,2.243544321763977,0.010780803173744247,2.368422533479149e-05,3.2322521983612035e-05
1000.0,150.0,3.162277660168379e-06,1.7001602717849424,0.025715195292926964,2.3024251677505722e-07,0.021893576773088935,0.1739659846641992,2.243547036477231,0.010780774700017799,4.2116452213157296e-05,5.747710897830463e-05
1000.0,150.0,5.623413251903491e-06,1.7001557960053342,0.025714733079407325,2.3023309948236963e-07,0.021893345017855625,0.1739638500395059,2.2435523898803846,0.010780726597503466,7.48925492525758e-05,0.00010220603896559985
1000.0,150.0,1e-05,1.700147837591844,0.025713911236813332,2.3021625877339533e-07,0.021892923806543656,0.1739599819446975,2.2435609727491155,0.010780636570395312,0.00013317269882176058,0.00018173723372407618
1000.0,150.0,1.778279410038923e-05,1.7001336877535842,0.025712450094120848,2.3018626342097365e-07,0.02189216979620398,0.17395306401752236,2.243575706532292,0.010780473982821183,0.00023679556818668838,0.00032313639007161196
1000.0,150.0,3.1622776601683795e-05,1.700108533115077,0.025709852795317546,2.30133038444504e-07,0.021890838556669654,0.17394083889854142,2.243602832164595,0.010780189450648984,0.00042101691836605884,0.0005744902588214647
1000.0,150.0,5.623413251903491e-05,1.7000638255599305,0.025705237298845263,2.3003844997852126e-07,0.021888472726286815,0.17391911290556955,2.2436510345869656,0.010779683780772585,0.000748458883999785,0.001021172736766342
1000.0,150.0,0.0001,1.6999844001692164,0.025697039844551284,2.2987043620046258e-07,0.021884270325017333,0.1738805213546107,2.2437366444649003,0.010778785537998357,0.0013302523165593888,0.001814567649736748
1000.0,150.0,0.00017782794100389227,1.6998434030438478,0.025682494613274535,2.2957226317674196e-07,0.021876812133853608,0.17381203154923744,2.2438885442811016,0.010777191304583036,0.0023632972684105697,0.003222507704387985
1000.0,150.0,0.00031622776601683794,1.6995934376494821,0.025656730268194122,2.290439250416929e-07,0.02186359615112135,0.1736906681311248,2.2441575988112583,0.010774366051356543,0.004195465511460412,0.005716969692413297
1000.0,150.0,0.0005623413251903491,1.6991513385770505,0.025611231261370604,2.2811039850218517e-07,0.02184024634306409,0.17347624220575777,2.2446332370275477,0.010769375061953175,0.0074382457933251855,0.010123802790095528
1000.0,150.0,0.001,1.698372693430187,0.025531309792405275,2.2646869769847062e-07,0.021799162508300336,0.17309899617129168,2.2454666460738806,0.010760585569706584,0.013156832582664927,0.01786989659984954
1000.0,150.0,0.0017782794100389228,1.697011373763799,0.025392233166534113,2.236068858949242e-07,0.021727541922079038,0.17244135657239057,2.2469189655145634,0.010745261796078428,0.023177017651949253,0.03136544456809251
1000.0,150.0,0.0031622776601683794,1.6946617206369026,0.025154121643462406,2.1869161706521722e-07,0.021604463734374323,0.17131133202817714,2.2494035527063008,0.010718902895763268,0.04053886823321095,0.0545188771889979
1000.0,150.0,0.005623413251903491,1.6906946490268033,0.02475759982657308,2.1046235666224029e-07,0.021398229652937507,0.16941811488857295,2.253537900247257,0.01067466942021013,0.07004539031099327,0.09321230218513614
1000.0,150.0,0.01,1.684239627678945,0.024126861958732208,1.9725662644726632e-07,0.021066809098476823,0.16637648191315305,2.2601035165872063,0.010603408030005774,0.11858119326798668,0.1551231818690337
1000.0,150.0,0.01778279410038923,1.6743416226430128,0.023193398094732205,1.7744353974754928e-07,0.020568432989364914,0.1618044988117436,2.269788455592872,0.010495821366650674,0.19428620310335107,0.24760390949605085
1000.0,150.0,0.03162277660168379,1.6604637752987317,0.02195010216433236,1.5053088458724425e-07,0.019889168030772002,0.155576936166119,2.2826061890786624,0.010348317929120198,0.3031042121054568,0.37247922076980555
1000.0,150.0,0.05623413251903491,1.6432611442839302,0.02050847904391275,1.1852745340078256e-07,0.01907762547350509,0.1481429432892634,2.297294188876858,0.010170670579698223,0.4424636622690995,0.5199380053457494
1000.0,150.0,0.1,1.6249151549967753,0.019083441780853642,8.598467336601505e-08,0.018247707532261816,0.14054840651395287,2.3115422159195993,0.009987248358341637,0.5967545086775288,0.6688357318447525
1000.0,150.0,0.1778279410038923,1.6082360968662588,0.017880724741693665,5.776052467599197e-08,0.017523630742550804,0.1339294873576504,2.323271107214641,0.00982562577277603,0.7423180333143695,0.797221014264116
1000.0,150.0,0.31622776601683794,1.5951348983300606,0.01699356398660431,3.64649267727969e-08,0.01697437957116005,0.12891346567578219,2.3316930574890007,0.009701948737209379,0.8603287003354414,0.8936887450091573
1000.0,150.0,0.5623413251903491,1.585977795804671,0.016401802257766298,2.202265591674856e-08,0.016600322222599197,0.12549994587230243,2.33717558025021,0.009617146656096169,0.9447918756034813,0.9589409496151353
1000.0,150.0,1.0,1.5800878553655946,0.01603296989614227,1.2921231828674686e-08,0.01636390287798396,0.12334358363723702,2.3405295412194884,0.009563296032076962,1.0,1.0
1000.0,160.0,0.0,1.8311346485736943,0.04215900059580897,3.583697096994289e-07,0.02885253977614238,0.22474295602975083,2.1262934197432974,0.014479722433583808,0.0,0.0
1000.0,160.0,1e-08,1.8311346232129786,0.04215899606451971,3.5836955153561383e-07,0.028852531400976267,0.22474288906747772,2.126292976949803,0.014479718680841792,1.6106779893106288e-07,2.347769722156364e-07
1000.0,160.0,1.7782794100389228e-08,1.831134603475281,0.04215899253791198,3.583694920486928e-07,0.02885253000392817,0.2247428768427906,2.1262930097383834,0.014479718330232986,2.864235167837381e-07,4.1749898260537036e-07
1000.0,160.0,3.162277660168379e-08,1.8311345683761495,0.04215898626662118,3.583693862439735e-07,0.028852527517944936,0.22474285509109695,2.1262930679245673,0.014479717705928544,5.093409359557058e-07,7.42429613516243e-07
1000.0,160.0,5.6234132519034905e-08,1.8311345059600879,0.04215897511452439,3.58369198164324e-07,0.028852523102855788,0.22474281645478358,2.126293171814367,0.014479716598592257,9.057501623436881e-07,1.320246564750316e-06
1000.0,160.0,1e-07,1.8311343949670347,0.04215895528301218,3.5836886370924997e-07,0.02885251525181495,0.2247427477503578,2.126293356574654,0.014479714629547119,1.6106757994193765e-06,2.3477649726447973e-06
1000.0,160.0,1.7782794100389227e-07,1.8311341975908146,0.04215892001714352,3.58368268926797e-07,0.02885250128813799,0.22474262555655655,2.1262936849546388,0.014479711126854932,2.864228242802152e-06,4.174974806808284e-06
1000.0,160.0,3.162277660168379e-07,1.8311338466021074,0.042158857304895714,3.5836721119486945e-07,0.028852476453115825,0.22474240823310246,2.126294268621985,0.014479704896202473,5.093387460723222e-06,7.424248640300696e-06
1000.0,160.0,5.62341325190349e-07,1.831133222450378,0.04215874578600912,3.583653303397635e-07,0.02885243229569667,0.2247420218198383,2.1262953069665405,0.014479693819376778,9.057432373527074e-06,1.320231545647687e-05
1000.0,160.0,1e-06,1.8311321125476498,0.04215854747747247,3.583619855896839e-07,0.028852353763519245,0.22474133460827692,2.1262971527362353,0.014479674117409512,1.610653900834364e-05,2.3477174785860223e-05
1000.0,160.0,1.778279410038923e-06,1.8311301388731733,0.042158194839612126,3.583560379521186e-07,0.028852214123714113,0.22474011265377888,2.126300435588573,0.014479639087095354,2.864158994291558e-05,4.174824620297261e-05
1000.0,160.0,3.162277660168379e-06,1.8311266292633113,0.04215756778299001,3.5834546183037295e-07,0.02885196581270889,0.22473793974734568,2.1263062728633018,0.014479576794341748,5.093168482741227e-05,7.423773725103079e-05
1000.0,160.0,5.623413251903491e-06,1.8311203886227514,0.042156452802367614,3.583266560931336e-07,0.028851524284197804,0.22473407604210632,2.1263166524379824,0.014479466030322323,9.056739932664726e-05,0.00013200813734135392
1000.0,160.0,1e-05,1.8311092923682653,0.042154470375427675,3.582932190234609e-07,0.02885073923037477,0.22472720623998996,2.1263351069980945,0.01447926908603438,0.00016104349477301863,0.00023472426436626896
1000.0,160.0,1.778279410038923e-05,1.8310895643894625,0.042150946078456236,3.582338555272087e-07,0.028849350114069805,0.22471504413004678,2.126368399873389,0.014478922250628823,0.0002863466693305608,0.0004173323349266404
1000.0,160.0,3.1622776601683795e-05,1.8310544960026296,0.04214468209212436,3.581281122997665e-07,0.02884686273545549,0.22469328407893932,2.126426229280513,0.014478296590206061,0.000509097973806392,0.0007419027912727971
1000.0,160.0,5.623413251903491e-05,1.8309921771782267,0.04213355307757264,3.5794036964784405e-07,0.028842454728136815,0.22465471086378386,2.1265298386611033,0.014477190736305844,0.0009049821342675631,0.001318581527915932
1000.0,160.0,0.0001,1.8308814913034837,0.04211379446871037,3.5760707537549057e-07,0.02883463382092001,0.22458626622129185,2.126714285730135,0.014475230271004245,0.00160824868634912,0.0023425048371978016
1000.0,160.0,0.00017782794100389227,1.8306850848176566,0.04207875863968526,3.570156819737065e-07,0.02882074310807212,0.22446471987526154,2.12704004407174,0.014471743542599648,0.0028565620461651073,0.004158369810614952
1000.0,160.0,0.00031622776601683794,1.8303371535831119,0.04201677103786673,3.5596895645120286e-07,0.028796164359113207,0.2242496419073132,2.1276173932943223,0.014465576422045602,0.00506919531389042,0.007371901394381612
1000.0,160.0,0.0005623413251903491,1.829722619761606,0.04190752807094871,3.541225925397654e-07,0.028752804423321524,0.22387022393274514,2.128635300605194,0.014454695293790929,0.008981212409737413,0.013037684169257232
1000.0,160.0,0.001,1.8286428503397476,0.04171633030844317,3.5088587825217125e-07,0.028676779234395308,0.2232049904598811,2.1304180848270873,0.014435611783303234,0.015867081775781774,0.022961578958087727
1000.0,160.0,0.0017782794100389228,1.8267629207585436,0.041385707618991574,3.452731911652744e-07,0.028544903202771203,0.22205111095416086,2.1335046575962613,0.014402493581036279,0.027893038554737053,0.040145243891225334
1000.0,160.0,0.0031622776601683794,1.8235414204083122,0.040825754856699766,3.357215397654691e-07,0.02832035428816689,0.22008653531426284,2.1387434193403534,0.014346058858927613,0.04861184083236865,0.06931598300346273
1000.0,160.0,0.005623413251903491,1.8181681937116736,0.03991005232476512,3.1997458589994935e-07,0.027949795576702526,0.21684501649414564,2.1473385944606265,0.014252799095072639,0.08348306643980892,0.11720939104990206
1000.0,160.0,0.01,1.8095973228812978,0.03849532931221082,2.9532685428665464e-07,0.0273688536263598,0.21176439661432023,2.1606864125850973,0.014106262942125258,0.13992904675816997,0.19168960569813576
1000.0,160.0,0.01778279410038923,1.7968525059741167,0.03649151665279853,2.5971975742766833e-07,0.026527505689517093,0.2044092333229122,2.1797308644532953,0.013893302511834776,0.22577201822035006,0.2982741095222558
1000.0,160.0,0.03162277660168379,1.7797468709388928,0.033978263399101136,2.1382438891032973e-07,0.025439096037998685,0.1948995723600124,2.203827286479652,0.013616410839878641,0.34468081222716707,0.4339647797794832
1000.0,160.0,0.05623413251903491,1.759687876961479,0.03126810727378778,1.6265132077168242e-07,0.02421969267963471,0.18425322943700556,2.2300313868818975,0.01330414827828117,0.48972300881446246,0.5831448810116566
1000.0,160.0,0.1,1.7395714151755224,0.028784209564102565,1.1405860928686932e-07,0.02305535866376669,0.17409626691307448,2.2541843731103084,0.013003747261323114,0.6415311256128503,0.7228868020966198
1000.0,160.0,0.1778279410038923,1.7223255356439648,0.02682472379053084,7.446727933094479e-08,0.022101494424080208,0.16578225089588228,2.2732704428047463,0.01275583811430588,0.7769720389536647,0.8354722533824656
1000.0,160.0,0.31622776601683794,1.709421302002474,0.02545315667576718,4.603787655551138e-08,0.021413331452947996,0.15978838385259694,2.2866094191033506,0.012575872779717511,0.8816426427102825,0.9156677327064482
1000.0,160.0,0.5623413251903491,1.7007167392800924,0.024570938393821747,2.7419401311082522e-08,0.02096106643041279,0.15585126411788383,2.295164836213626,0.012457053504597543,0.9539072215316261,0.9679139185969224
1000.0,160.0,1.0,1.6952488091360751,0.024033711000732587,1.5948729845553067e-08,0.020681767169790043,0.15342073934987818,2.3003603668723414,0.012383448847231767,1.0,1.0
1000.0,170.0,0.0,1.95091018987833,0.06814671252599257,5.523063705590219e-07,0.037399679719918005,0.28493672671104375,1.954746267449962,0.01916523780848618,0.0,0.0
1000.0,170.0,1e-08,1.950910155569176,0.06814670210413612,5.523060985323908e-07,0.037399668236012755,0.2849366368658506,1.9547459156034306,0.019165232665310065,1.954696406021398e-07,3.0573623603593446e-07
1000.0,170.0,1.7782794100389228e-08,1.9509101288670831,0.06814669399302412,5.523061040139596e-07,0.03739967400573736,0.28493667899245967,1.9547464104718446,0.0191652361992054,3.47599586995465e-07,5.436843283081676e-07
1000.0,170.0,3.162277660168379e-08,1.9509100813832903,0.06814667956921064,5.523057750104169e-07,0.037399661327206436,0.2849365791423005,1.9547460915619281,0.019165230728653504,6.181290298247605e-07,9.668222508725109e-07
1000.0,170.0,5.6234132519034905e-08,1.9509099969439683,0.0681466539196703,5.523055282381257e-07,0.03739966168855454,0.2849365761046775,1.954746721733696,0.01916523273919896,1.0992056247349816e-06,1.719278850522947e-06
1000.0,170.0,1e-07,1.9509098467874535,0.06814660830771566,5.523049951575036e-07,0.03739965594886445,0.28493652207840314,1.9547475087752906,0.019165233043950944,1.9546931431952524e-06,3.057354222825392e-06
1000.0,170.0,1.7782794100389227e-07,1.9509095797679519,0.06814652719721717,5.523037069620174e-07,0.03739962270309488,0.28493625047759275,1.95474770418204,0.01916522177966807,3.475985552008803e-06,5.436817550005001e-06
1000.0,170.0,3.162277660168379e-07,1.9509091049349443,0.06814638296103848,5.523016332782305e-07,0.037399578282486384,0.284935879487854,1.9547488199487704,0.01916520928131909,6.181257670130087e-06,9.668141133957985e-06
1000.0,170.0,5.62341325190349e-07,1.9509082605563755,0.06814612647182024,5.5229782546886e-07,0.03739949114760183,0.28493515772885597,1.9547503784410323,0.019165182882921298,1.0991953068700763e-05,1.7192531177681515e-05
1000.0,170.0,1e-06,1.9509067590381546,0.06814567037183712,5.522913908273153e-07,0.0373993589923388,0.284934047908956,1.9547543410902242,0.019165147619729143,1.9546605155328906e-05,3.057272849868298e-05
1000.0,170.0,1.778279410038923e-06,1.9509040889912932,0.06814485932870919,5.522797334636639e-07,0.037399109421943875,0.2849319634062239,1.954760626072383,0.01916507744809423,3.475882375919238e-05,5.436560232635294e-05
1000.0,170.0,3.162277660168379e-06,1.9508993411297637,0.0681434171625293,5.52259003704852e-07,0.03739866557945647,0.28492825631824126,1.9547717985984494,0.01916495263854976,6.18093140789903e-05,9.667327461620392e-05
1000.0,170.0,5.623413251903491e-06,1.9508908988259033,0.06814085288884585,5.522221442117932e-07,0.03739787638351791,0.2849216647500178,1.9547916642803933,0.019164730714279734,0.00010990921388735515,0.00017189958325800072
1000.0,170.0,1e-05,1.9508758883288564,0.06813629384454273,5.521566096836446e-07,0.03739647321905312,0.28490994516826756,1.9548269837432461,0.019164336137027515,0.00019543342988074405,0.000305645935846983
1000.0,170.0,1.778279410038923e-05,1.950849202672555,0.0681281895952725,5.520399871304309e-07,0.03739397054100203,0.2848890482494244,1.9548893379395555,0.019163630455319214,0.0003474850951801774,0.00054339883979384
1000.0,170.0,3.1622776601683795e-05,1.9508017708794079,0.06811378747198615,5.518329364493261e-07,0.03738953726847163,0.28485202054722786,1.9550009183116157,0.019162383763359197,0.0006177670678892106,0.0009659198264577966
1000.0,170.0,5.623413251903491e-05,1.9507174957973494,0.06808820646112397,5.514652487492231e-07,0.03738167020809377,0.28478630695526286,1.9551995683187098,0.019160173373573564,0.0010980615230522662,0.0017164272096529408
1000.0,170.0,0.0001,1.9505678581017747,0.06804281087480078,5.508123810677053e-07,0.03736769096740786,0.2846695495197701,1.9555513709299548,0.019156242119508563,0.0019510781102919453,0.003048348191573195
1000.0,170.0,0.00017782794100389227,1.9503024758024607,0.06796238268017644,5.496551889167028e-07,0.03734291209657248,0.2844625924752139,1.9561748439928455,0.019149273444229675,0.0034645702778469366,0.0054084032511893506
1000.0,170.0,0.00031622776601683794,1.9498328009450396,0.0678202934582174,5.476092780452545e-07,0.037299100060583665,0.2840966707490498,1.9572768690578497,0.01913695093784172,0.006145251616330393,0.009578651961060844
1000.0,170.0,0.0005623413251903491,1.9490046272178647,0.06757053419913572,5.44008121792444e-07,0.037221967748250366,0.28345247203281076,1.9592152523268287,0.019115251557969337,0.010878606819172642,0.016911569648343616
1000.0,170.0,0.001,1.9475537631523787,0.06713538984877956,5.377196934051555e-07,0.03708726717603337,0.28232748189369083,1.9625992056179207,0.019077353235727745,0.019191032230942803,0.029695430881199362
1000.0,170.0,0.0017782794100389228,1.945040676418793,0.06638884767643415,5.268866790501842e-07,0.03685510671217803,0.28038864902602323,1.968418747931098,0.0190119961146878,0.0336501319191812,0.05165206967757076
1000.0,170.0,0.0031622776601683794,1.9407719468520934,0.0651413542270942,5.086583517701442e-07,0.036464199452583654,0.27712435778403055,1.9781882629458785,0.01890186152577898,0.05838841978725387,0.08841384900005592
1000.0,170.0,0.005623413251903491,1.9337560912790706,0.0631459996689097,4.791652234140583e-07,0.0358310155204651,0.27183767513413254,1.9939333003719684,0.01872323047957503,0.09953902876916118,0.14741273225358684
1000.0,170.0,0.01,1.922826015685716,0.06016844579659726,4.3434706553991867e-07,0.034867047373806415,0.26379105206407694,2.017703496091652,0.018450682020868237,0.16488796016635912,0.23595566490763017
1000.0,170.0,0.01778279410038923,1.9071384956631423,0.05615810595969797,3.7235072808902387e-07,0.03352987143361769,0.2526331015977885,2.0502557759213076,0.018071357937965223,0.2613891428729741,0.3563037982257511
1000.0,170.0,0.03162277660168379,1.8870772267636995,0.051446976699402826,2.96898023659735e-07,0.03189605889460041,0.23900670912420469,2.0893097826535025,0.017605736468264774,0.3896166497014441,0.4995984735300329
1000.0,170.0,0.05623413251903491,1.8648871292692275,0.04673009975027736,2.181799234640535e-07,0.03018319195611815,0.2247298381086875,2.1293187723328924,0.01711479408808113,0.5380428256243227,0.6456068319827736
1000.0,170.0,0.1,1.843953676218542,0.04270771993340473,1.4822454926604606e-07,0.02865285831417789,0.2119829870715454,2.164157193988114,0.016673461118332174,0.684730087653225,0.7725758441065605
1000.0,170.0,0.1778279410038923,1.826971289538851,0.03971991639578871,9.437831236897337e-08,0.027469043228413925,0.20212862456929853,2.190455015811395,0.0163301136339768,0.8087157474323089,0.8686420086105122
1000.0,170.0,0.31622776601683794,1.814804717746978,0.03771879835245372,5.73304001122222e-08,0.02665124673778327,0.19532453090042812,2.208258606962382,0.01609183932626729,0.9003983037765272,0.9339478377112501
1000.0,170.0,0.5623413251903491,1.8068449885794453,0.03646879219527599,3.3760310771206914e-08,0.02612943988605183,0.19098466251123838,2.2194514671991117,0.01593930634866485,0.9617087356243477,0.9751760145070393
1000.0,170.0,1.0,1.8019430411040505,0.035721325181407075,1.950178157338824e-08,0.0258131802076529,0.18835494963736754,2.2261699175250866,0.015846663050064477,1.0,1.0
1000.0,180.0,0.0,2.059018899577161,0.10761164996091413,8.409645863629513e-07,0.04756398466726341,0.3537103470475758,1.7332357303832637,0.024930389849630204,0.0,0.0
1000.0,180.0,1e-08,2.0590188543383796,0.10761162725324533,8.40964476932441e-07,0.0475639893316864,0.35371037873420236,1.7332362432553086,0.0249303934928576,2.3819124664140724e-07,4.017256877933187e-07
1000.0,180.0,1.7782794100389228e-08,2.0590188191299874,0.10761160958034663,8.409640711012743e-07,0.04756397482553596,0.35371026852380705,1.7332359815216936,0.024930386822228572,4.23570514329255e-07,7.143803012920032e-07
1000.0,180.0,3.162277660168379e-08,2.0590187565196656,0.10761157815302154,8.409634910894693e-07,0.047563957042190574,0.3537101321250865,1.733235808067159,0.02493037915976576,7.532264864501589e-07,1.2703670919986198e-06
1000.0,180.0,5.6234132519034905e-08,2.0590186451811285,0.10761152226654011,8.409629602921298e-07,0.04756395373323017,0.3537101001335,1.7332365314097045,0.024930380374802517,1.3394463997046877e-06,2.2590654649514935e-06
1000.0,180.0,1e-07,2.059018447190472,0.10761142288502643,8.40961877157805e-07,0.04756393997427852,0.3537099846832473,1.7332375307570738,0.024930378407989697,2.381907574639894e-06,4.017242715018554e-06
1000.0,180.0,1.7782794100389227e-07,2.0590180951089936,0.10761124615776745,8.409594470485716e-07,0.04756388700129551,0.353709567397285,1.733238269111714,0.024930359969289755,4.235689674174566e-06,7.143758226001685e-06
1000.0,180.0,3.162277660168379e-07,2.059017469013461,0.10761093188997797,8.409554479259765e-07,0.04756381102784089,0.3537089608942374,1.7332402462833953,0.024930336733750877,7.532215947025305e-06,1.2703529292159455e-05
1000.0,180.0,5.62341325190349e-07,2.0590163556525223,0.10761037304244055,8.409483350515439e-07,0.04756367584778906,0.35370788178312174,1.7332437592924386,0.024930295373186077,1.3394309307360055e-05,2.259020678775188e-05
1000.0,180.0,1e-06,2.0590143758231862,0.10760937928193773,8.409356897516881e-07,0.04756343563980063,0.3537059641630644,1.733250012607669,0.02493022191561441,2.3818586580031816e-05,4.017101091364521e-05
1000.0,180.0,1.778279410038923e-06,2.059010855251937,0.10760761218210424,8.40913018761062e-07,0.047562998033879464,0.35370247640450453,1.7332607508586395,0.024930085806800062,4.235534989208889e-05,7.143310387702565e-05
1000.0,180.0,3.162277660168379e-06,2.0590045950673974,0.1076044700504819,8.408732120262254e-07,0.04756224850486409,0.35369648733095194,1.733280887228784,0.02492985877528896,7.531726807206015e-05,0.0001270211318755698
1000.0,180.0,5.623413251903491e-06,2.0589934638951877,0.10759888330234954,8.408021118411988e-07,0.04756089759401132,0.35368570303639885,1.7333160268143661,0.024929445555836104,0.00013392762606981596,0.00022585729146606788
1000.0,180.0,1e-05,2.0589736733074417,0.10758895115813802,8.406758863189892e-07,0.04755850608808754,0.35366660610281875,1.733378872876737,0.024928716269349505,0.00023813696021181207,0.0004015685403837818
1000.0,180.0,1.778279410038923e-05,2.0589384919558045,0.10757129742161017,8.404510118298834e-07,0.04755422658756036,0.35363244858177356,1.7334895449320893,0.02492740499134394,0.00042339887607159885,0.0007138835090997776
1000.0,180.0,3.1622776601683795e-05,2.05887596710635,0.10753993065377418,8.400515572055248e-07,0.047546629903870305,0.3535718101706365,1.733686489392116,0.02492507899951419,0.0007526838900850595,0.0012687969486564342
1000.0,180.0,5.623413251903491e-05,2.058764898645807,0.10748423545494727,8.393426490641217e-07,0.047533166823802396,0.3534643295280464,1.7340372755370108,0.024920962937761276,0.0013377315227016218,0.0022541050169278226
1000.0,180.0,0.0001,2.0585677607889408,0.10738545761416826,8.380844426725091e-07,0.04750925222747373,0.35327342681149093,1.7346585329555042,0.024913645082188084,0.0023764900663453764,0.004001583215924186
1000.0,180.0,0.00017782794100389227,2.0582183690178946,0.10721063253220753,8.358569154127184e-07,0.04746693733853202,0.3529356210134736,1.735760004322201,0.02490070446232104,0.0042185883413831705,0.007094388619699421
1000.0,180.0,0.00031622776601683794,2.0576007399402423,0.10690234203216195,8.319238699447492e-07,0.0473921861392795,0.35233890254077616,1.7377022591014757,0.02487783187190678,0.007478306521873328,0.012548245777883778
1000.0,180.0,0.0005623413251903491,2.056513934346136,0.10636218639930914,8.250202445928986e-07,0.0472609668946356,0.35129142277025704,1.7411108348472562,0.024837677934439792,0.013224778971631235,0.0221037940128944
1000.0,180.0,0.001,2.0546168799534636,0.1054263864034658,8.130209127915053e-07,0.047032826788190624,0.3494703095469217,1.747030909559727,0.024767844143435646,0.023287724484720603,0.038658241291726576
1000.0,180.0,0.0017782794100389228,2.0513515563982496,0.10383641932203536,7.925184007273078e-07,0.04664282500273196,0.3463573049313133,1.757133044564762,0.024648401035082843,0.040705296955962436,0.0667857947550695
1000.0,180.0,0.0031622776601683794,2.0458641655900847,0.10122258475723425,7.584908331537167e-07,0.045995000935465755,0.34118680536987445,1.77386214205825,0.024449817029141556,0.07025320205641296,0.11303473520985573
1000.0,180.0,0.005623413251903491,2.0370032202640673,0.09715087482279783,7.046543637008401e-07,0.04496861305549998,0.33299604273116157,1.8002321495184141,0.024134716462265948,0.1187115763438626,0.18512666925449056
1000.0,180.0,0.01,2.023575431124876,0.09131460571813907,6.256157523352073e-07,0.043458448240666456,0.32094735834020643,1.838722069413064,0.0236700156208897,0.19393664553860027,0.2886530034322735
1000.0,180.0,0.01778279410038923,2.005062311778179,0.08388175190460122,5.214728933926926e-07,0.04146217301408258,0.3050255749424706,1.8889982246051777,0.023053622440286855,0.3013048331023069,0.42106662679974505
1000.0,180.0,0.03162277660168379,1.9825993883118784,0.07573068375898197,4.022388243944137e-07,0.03916677709741686,0.2867261096539578,1.9458901866492024,0.022341662566735556,0.4375146195781258,0.5674465654494754
1000.0,180.0,0.05623413251903491,1.9592045030266816,0.06814414492427681,2.8586194034056436e-07,0.03691505127847144,0.26878399845967244,2.000647765384823,0.02163957113668323,0.5866502775143728,0.7053343422851007
1000.0,180.0,0.1,1.938410903003383,0.06208880926003748,1.8869204787828935e-07,0.0350252453462606,0.2537335675581751,2.0457076273429524,0.021047193585882387,0.7257696967370656,0.8169711824466357
1000.0,180.0,0.1778279410038923,1.922380268892273,0.05781809058082267,1.1758042257761287e-07,0.03363597090173167,0.2426744080233071,2.078257663093397,0.020609701649160705,0.8374472636012625,0.8967895909839569
1000.0,180.0,0.31622776601683794,1.9113277274528326,0.05505906158151112,7.039291221989677e-08,0.03271087295982635,0.2353128473517929,2.0996379661759654,0.02031735349610728,0.9167759622506501,0.9489244195204357
1000.0,180.0,0.5623413251903491,1.9042830010414389,0.053374956544996834,4.1075706564073117e-08,0.032134750842218375,0.23072938700955464,2.1128284025010973,0.020134852908697126,0.9683592936996702,0.9809947987557667
1000.0,180.0,1.0,1.9000155624192585,0.05238191362660527,2.3597961122532373e-08,0.031790759277000716,0.2279931121297994,2.120655914652897,0.02002571666045255,1.0,1.0
1000.0,190.0,0.0,2.154774800820352,0.16416181326878773,1.261485345593008e-06,0.05910735036353942,0.4281084633572683,1.4726293789496405,0.03176991834420084,0.0,0.0
1000.0,190.0,1e-08,2.154774742707643,0.16416176705106958,1.2614848012923404e-06,0.05910734151298717,0.4281083958273205,1.4726296162207282,0.03176991547185022,2.917391383328271e-07,5.317719033371697e-07
1000.0,190.0,1.7782794100389228e-08,2.154774697479749,0.16416173108080287,1.261484379752342e-06,0.05910733472214032,0.42810834397529224,1.4726298033092273,0.031769913288685996,5.187935890429734e-07,9.456386425326594e-07
1000.0,190.0,3.162277660168379e-08,2.1547746170519666,0.16416166711568747,1.2614836224507568e-06,0.0591073222859799,0.4281082491594651,1.4726301270316193,0.031769909212835484,9.22559597724978e-07,1.6816085130111548e-06
1000.0,190.0,5.6234132519034905e-08,2.154774474029091,0.16416155336805566,1.2614825425512254e-06,0.05910731267170568,0.42810817109168214,1.4726310141475356,0.031769908683892116,1.6405675996021467e-06,2.9903659543555676e-06
1000.0,190.0,1e-07,2.154774219695066,0.16416135109366922,1.2614801497090896e-06,0.0591072734364287,0.42810787191916355,1.4726320401138446,0.03176989584396617,2.917383985856943e-06,5.317694061761278e-06
1000.0,190.0,1.7782794100389227e-07,2.154773767420009,0.16416099139546142,1.2614756384186395e-06,0.05910719166246781,0.4281072529728403,1.472633565507658,0.031769866559525295,5.187912497627838e-06,9.45630745851357e-06
1000.0,190.0,3.162277660168379e-07,2.1547729631545733,0.16416035175839933,1.261468078952067e-06,0.05910706793128342,0.42810630938154715,1.472636818316203,0.031769826139365624,9.225522003032222e-06,1.6815835417106394e-05
1000.0,190.0,5.62341325190349e-07,2.1547715329648365,0.16415921432665975,1.2614546456895117e-06,0.05910684834478003,0.42810463461616927,1.4726426135463337,0.03176975449789072,1.6405442070790076e-05,2.9902869892852215e-05
1000.0,190.0,1e-06,2.154768989747824,0.16415719172376494,1.261431019491911e-06,0.05910647010866562,0.4281017451455507,1.4726532237050705,0.03176963368126938,2.9173100132069286e-05,5.3174443585556277e-05
1000.0,190.0,1.778279410038923e-06,2.154764467386922,0.1641535951874375,1.2613882670942479e-06,0.059105762831207255,0.4280963557771764,1.4726712258957961,0.03176940019386534,5.1876785812111415e-05,9.455517862913792e-05
1000.0,190.0,3.162277660168379e-06,2.1547564259648713,0.16414720022628893,1.261312984339708e-06,0.05910453969173317,0.42808702260427434,1.4727040949188723,0.031769003559785326,9.224782326098175e-05,0.00016813338694890925
1000.0,190.0,5.623413251903491e-06,2.154742127964318,0.16413583036533166,1.2611784015415192e-06,0.059102330701527574,0.42807018017494103,1.4727616816388411,0.031768279931499416,0.00016403103185328076,0.00029894975678921546
1000.0,190.0,1e-05,2.154716708114214,0.16411561842493888,1.2609396187175627e-06,0.059098425788854915,0.42804039875339356,1.4728646079663579,0.031767005392323466,0.00029165704929745416,0.0005314948615679505
1000.0,190.0,1.778279410038923e-05,2.15467152345019,0.16407969759140092,1.2605152143497983e-06,0.05909148517668694,0.4279874651905712,1.4730475375605514,0.03176473996951866,0.0005185340576690812,0.0009447629153245172
1000.0,190.0,3.1622776601683795e-05,2.1545912323067515,0.16401588867078035,1.25976121209329e-06,0.05907915445634427,0.4278934231678315,1.4733725357986305,0.03176071522958464,0.00092173920751099,0.0016788412189227915
1000.0,190.0,5.623413251903491e-05,2.154448641065345,0.16390263426593554,1.2584228456020474e-06,0.05905727438647468,0.427726547426774,1.4739497884189239,0.031753575910298766,0.001637975095792609,0.0029816262179814612
1000.0,190.0,0.0001,2.154195669478279,0.16370191564469563,1.2560490912936841e-06,0.05901844365839326,0.427430405793872,1.4749723690156704,0.03174089798956377,0.0029091958595335856,0.005290119436458965
1000.0,190.0,0.00017782794100389227,2.1537476888780334,0.1633471150909998,1.2518502583907162e-06,0.05894976739897154,0.42690664216644914,1.4767816798388311,0.03171847890724452,0.005162075918630163,0.009369460034393446
1000.0,190.0,0.00031622776601683794,2.1529569259604138,0.1627228428364839,1.2444519853529985e-06,0.05882874515579254,0.4259836680712796,1.4799688256753665,0.03167896656206348,0.00914413565004125,0.016543152756610252
1000.0,190.0,0.0005623413251903491,2.1515690039842243,0.16163332102009065,1.2315080473481833e-06,0.058616958784916316,0.4243685106875716,1.4855425493999699,0.03160980549979985,0.01614983433806108,0.02905134012092959
1000.0,190.0,0.001,2.1491570871141223,0.15975854005091158,1.2091387078609767e-06,0.05825081291654208,0.42157623759189866,1.4951674151539316,0.03149019044491539,0.028374501071252212,0.0505401724788604
1000.0,190.0,0.0017782794100389228,2.1450372326347993,0.1566099571290291,1.1712917655892577e-06,0.05763091136110364,0.4168490371620712,1.5114300801178047,0.031287542227490396,0.049404180821617114,0.08653476556962524
1000.0,190.0,0.0031622776601683794,2.1382025475934725,0.15153262548970375,1.109500474416165e-06,0.05661767685942685,0.4091230603509632,1.5379215581841226,0.030955941439121247,0.08470899842635614,0.14434445888523517
1000.0,190.0,0.005623413251903491,2.127394522988554,0.1438612143532258,1.0142675472328867e-06,0.05505324969153159,0.39719586685289393,1.5786021566428534,0.03044303779500086,0.1416197000349519,0.23120010999700027
1000.0,190.0,0.01,2.111531518283124,0.13334873940903394,8.798137432497963e-07,0.05283840471314608,0.3803134801771206,1.6357159150620288,0.029714915879118377,0.22761199458903267,0.3494427007602855
1000.0,190.0,0.01778279410038923,2.0906188630770286,0.12073580846502038,7.117786486178325e-07,0.05005968686940146,0.35913929804095285,1.7065341804756875,0.02879798101379994,0.3456295989847552,0.49051338062125444
1000.0,190.0,0.03162277660168379,2.066623209004932,0.10782790319563648,5.311234605724242e-07,0.04705783844961897,0.3362732496733647,1.7819145671269503,0.02780278630150314,0.4878851627132539,0.6345730483877688
1000.0,190.0,0.05623413251903491,2.043102794096568,0.09660968752020974,3.6581430136252296e-07,0.04429645283263805,0.31524731621191404,1.8501300258819702,0.02688267314586702,0.6348130261423315,0.7601087595998052
1000.0,190.0,0.1,2.023351790934184,0.08816072826507726,2.35413222625226e-07,0.04210725365948265,0.2985844729368909,1.9033676982571375,0.02614974626409413,0.7642369576914068,0.8552524497251329
1000.0,190.0,0.1778279410038923,2.0088124738724553,0.08245191429276919,1.4405663974679037e-07,0.04056719898336409,0.2868661619536013,1.940332667778372,0.025632144508368284,0.8632018409075222,0.920011025046643
1000.0,190.0,0.31622776601683794,1.9991171811354242,0.07886755311647548,8.522914792192999e-08,0.03957252432049382,0.2792993658188165,1.9639792952751738,0.025296902787225024,0.9309974508721568,0.9609270443966994
1000.0,190.0,0.5623413251903491,1.9930721809020266,0.076718062896554,4.937271982985967e-08,0.0389650360177163,0.2746787087270326,1.9783286237733897,0.025091775645989224,0.9740159530174556,0.9855755308311034
1000.0,190.0,1.0,1.989460024036148,0.07546388077714954,2.824278531655564e-08,0.038606606117033544,0.2719526824530977,1.9867614471948862,0.024970608476629998,1.0,1.0
1000.0,200.0,0.0,2.2371995492579706,0.2393628066291326,1.858236186962886e-06,0.07155714069730452,0.5036457433422655,1.1895984101056594,0.039504826390366315,0.0,0.0
1000.0,200.0,1e-08,2.237199476820892,0.23936272002111844,1.8582351823457694e-06,0.07155712699643117,0.5036456436917676,1.189598772202917,0.039504821718176535,3.591618731849155e-07,7.069558144743218e-07
1000.0,200.0,1.7782794100389228e-08,2.237199420444648,0.23936265261595918,1.8582347782949748e-06,0.07155713088252123,0.5036456685384971,1.1895992958880002,0.03950482611413794,6.386899903946154e-07,1.257164286767928e-06
1000.0,200.0,3.162277660168379e-08,2.237199320191988,0.23936253275091288,1.858233009514815e-06,0.07155709734930425,0.5036454280646465,1.1895995547892348,0.03950481160342956,1.135768710468631e-06,2.2355872097815305e-06
1000.0,200.0,5.6234132519034905e-08,2.237199141915071,0.23936231959787624,1.8582305362146998e-06,0.07155706359848661,0.5036451825923245,1.1896004454363747,0.03950480008733168,2.019712376785162e-06,3.9754918853388636e-06
1000.0,200.0,1e-07,2.2371988248898207,0.2393619405538249,1.8582265157318886e-06,0.07155701812563832,0.5036448484508795,1.189602271059091,0.03950478763866103,3.5916074453775915e-06,7.069513800494034e-06
1000.0,200.0,1.7782794100389227e-07,2.2371982611332992,0.23936126651266912,1.8582183166566244e-06,0.07155689684525153,0.5036439697846506,1.189604845583007,0.03950474318813681,6.386864213095956e-06,1.2571502639687429e-05
1000.0,200.0,3.162277660168379e-07,2.2371972586259234,0.23936006789521286,1.8582047858699813e-06,0.07155672158375552,0.5036426916840594,1.1896100954925546,0.03950468645095329,1.135757424090799e-05,2.235542866267433e-05
1000.0,200.0,5.62341325190349e-07,2.2371954759170776,0.2393579364692336,1.8581796756308406e-06,0.07155636952240647,0.5036401345336116,1.1896187594008178,0.03950456325248658,2.019676686462046e-05,3.9753516614806026e-05
1000.0,200.0,1e-06,2.237192305855411,0.23935414635881794,1.8581360748569492e-06,0.07155578393936447,0.5036358721268664,1.1896348382793476,0.03950436651477604,3.591494584563222e-05,7.069070388597024e-05
1000.0,200.0,1.778279410038923e-06,2.237186668893399,0.23934740699106122,1.8580574942850791e-06,0.07155470219214807,0.5036280079238558,1.1896627560565112,0.03950399433205442,6.38650732653171e-05,0.0001257010053180581
1000.0,200.0,3.162277660168379e-06,2.2371766457275926,0.23933542411692618,1.8579184443131932e-06,0.0715528046428666,0.5036142069236458,1.1897128260328285,0.039503346849365545,0.00011356445726483219,0.00022350995278595708
1000.0,200.0,5.623413251903491e-06,2.2371588246711234,0.23931412029193658,1.8576712262696204e-06,0.07154943098132283,0.5035896700599741,1.1898018460933821,0.03950219568899497,0.00020193198525938092,0.0003973949966764716
1000.0,200.0,1e-05,2.2371271431247917,0.2392762521740302,1.8572321428036317e-06,0.07154344840101133,0.5035461549501515,1.1899603315536105,0.039500157374868526,0.0003590366366409761,0.0007064639326979384
1000.0,200.0,1.778279410038923e-05,2.2370708337836636,0.23920896274353604,1.856450787930256e-06,0.07153277606000948,0.5034685377903079,1.1902413020268152,0.039496512631224605,0.0006382940653304378,0.001255609663540655
1000.0,200.0,3.1622776601683795e-05,2.236970792593966,0.23908946329760808,1.8550632227634274e-06,0.0715138305874669,0.5033307497723049,1.1907405417125456,0.03949004477341096,0.0011345172904485604,0.0022306757958403473
1000.0,200.0,5.623413251903491e-05,2.236793183499497,0.23887746433636975,1.852601863117702e-06,0.07148024876574383,0.5030865043694397,1.1916271326637502,0.03947858831627002,0.002015758436624643,0.003959987194165681
1000.0,200.0,0.0001,2.236478265321278,0.23850205828402027,1.8482405442464024e-06,0.07142073388269854,0.5026536480088596,1.1931976628894192,0.03945828126406698,0.0035791230483383347,0.007020632332073237
1000.0,200.0,0.00017782794100389227,2.2359211452043675,0.23783945727497535,1.840533945366594e-06,0.07131553216695506,0.5018885211817111,1.1959713589698433,0.039422373374886834,0.006347491811009964,0.012417754899252178
1000.0,200.0,0.00031622776601683794,2.2349394753166183,0.2366766605621724,1.8269863692268052e-06,0.07113057883112477,0.5005433710703503,1.2008465979374094,0.03935923869854924,0.011233663465984218,0.021873828882957632
1000.0,200.0,0.0005623413251903491,2.2332218389175478,0.2346565548399268,1.8033772684149776e-06,0.07080816101887881,0.4981984908365375,1.2093384317992033,0.03924914620210637,0.019808232307092385,0.0382557281131689
1000.0,200.0,0.001,2.230253079106365,0.23120793482412827,1.7628557729748936e-06,0.07025448147008102,0.494171798345182,1.2239014257991792,0.03905999018187011,0.03470445226768173,0.06608948254900734
1000.0,200.0,0.0017782794100389228,2.2252288720493065,0.22549342203948952,1.6950900336935815e-06,0.06932764791338909,0.48743162839940984,1.2482197904822616,0.03874306067687445,0.06013519855792208,0.11185363459867827
1000.0,200.0,0.0031622776601683794,2.217021553754483,0.21647843929426686,1.586551004392068e-06,0.06784085512920025,0.47662012713071933,1.2870774113171795,0.03823390371683742,0.10228340324592948,0.18318565631698225
1000.0,200.0,0.005623413251903491,2.204357792902539,0.20331209580293813,1.4241971759926344e-06,0.06561147388283649,0.4604107133895051,1.3449829523836712,0.037468681230984166,0.16882345014707728,0.2856117105414997
1000.0,200.0,0.01,2.1864368764381914,0.18611842314576071,1.2046522532103657e-06,0.06258609610944182,0.4384176126264011,1.4228571260422989,0.03642677428560152,0.2662111732807423,0.41660253961494587
1000.0,200.0,0.01778279410038923,2.1639437027643695,0.1667059044404558,9.451272478118546e-07,0.05899301682350044,0.41230361975633906,1.5142379292236208,0.03518393430750935,0.39403257148945836,0.5613893721489929
1000.0,200.0,0.03162277660168379,2.139597106446462,0.14811171504648477,6.830431410013419e-07,0.05534473546777063,0.3857955104703908,1.6057243300733846,0.033915635243457885,0.539776861164212,0.6977570274598777
1000.0,200.0,0.05623413251903491,2.1171221381077476,0.13291293376481872,4.57287641962981e-07,0.05218477973719262,0.36284172772982437,1.6838302174698356,0.03281153510027311,0.6815348294257104,0.8081493335641543
1000.0,200.0,0.1,2.099227561697684,0.12201048090797081,2.8793784010401344e-07,0.049802806113216046,0.34554326434857974,1.741956721875579,0.03197558956486466,0.7996268600584926,0.8870703460304523
1000.0,200.0,0.1778279410038923,2.0865881774849906,0.11489102929700393,1.735842018297831e-07,0.04818832845743842,0.33382067350343425,1.780963401838213,0.03140707792848801,0.8859531974503916,0.9386156142173083
1000.0,200.0,0.31622776601683794,2.078398950992449,0.11051758207268154,1.0172912027342218e-07,0.04717120059696229,0.32643632452274807,1.8053666776811716,0.031048074370425678,0.9432152281015821,0.9703219910059652
1000.0,200.0,0.5623413251903491,2.073386628574594,0.10792933732940291,5.859445383925328e-08,0.04655960689864359,0.32199650814478464,1.8199753098230476,0.030831889085573255,0.9787902860173753,0.989110999963035
1000.0,200.0,1.0,2.0704251600528796,0.10643080186629109,3.3405586516230425e-08,0.046202081959634315,0.3194012167051698,1.828490883276627,0.030705392403930325,1.0,1.0
1000.0,210.0,0.0,2.306335023577035,0.3310136873330539,2.682234008018063e-06,0.08417067443228898,0.5741685086021142,0.9084801535342943,0.04780218965939863,0.0,0.0
1000.0,210.0,1e-08,2.306334935853138,0.331013539074425,2.682232210678162e-06,0.08417065461526271,0.5741683718212085,0.9084806718221825,0.04780218272423064,4.4465213107008695e-07,9.387833079563021e-07
1000.0,210.0,1.7782794100389228e-08,2.30633486757949,0.33101342368794506,2.6822313422542576e-06,0.08417065583671356,0.5741683789084746,0.9084812548452454,0.04780218677954652,7.907154618279989e-07,1.6694178202833547e-06
1000.0,210.0,3.162277660168379e-08,2.3063347461700228,0.33101321849887955,2.6822288538746e-06,0.08417062838273522,0.5741681894180697,0.9084819718581965,0.04780217716579649,1.4061121791106928e-06,2.9686875205113903e-06
1000.0,210.0,5.6234132519034905e-08,2.3063345302705094,0.3310128536164599,2.6822238977522988e-06,0.08417056289564691,0.5741677387627593,0.9084830670181727,0.04780215060474121,2.5004576614858417e-06,5.279143825196574e-06
1000.0,210.0,1e-07,2.306334146342236,0.33101220475695137,2.682215498234648e-06,0.08417045942756995,0.5741670259572621,0.9084851546680551,0.04780211074682903,4.446503916559066e-06,9.38775460685423e-06
1000.0,210.0,1.7782794100389227e-07,2.3063334636149184,0.33101105091414507,2.6822025676433203e-06,0.08417033838340647,0.5741661878088641,0.9084895465025167,0.0478020756191994,7.907099613378629e-06,1.669393005231274e-05
1000.0,210.0,3.162277660168379e-07,2.3063322495488996,0.3310089990930813,2.6821771539501367e-06,0.08417004719971845,0.5741641793694344,0.9084965366826044,0.0478019700274879,1.4060947851487124e-05,2.968609049536108e-05
1000.0,210.0,5.62341325190349e-07,2.3063300906443445,0.33100535048893426,2.6821329072520035e-06,0.08416955905543626,0.574160810140454,0.9085092868637373,0.0478017990986602,2.5004026575956804e-05,5.2788956844236876e-05
1000.0,210.0,1e-06,2.306326251648122,0.3309988625896587,2.6820547583894638e-06,0.08416870768727794,0.5741549325551898,0.9085321389213061,0.04780150460874858,4.446329982625519e-05,9.386969951915029e-05
1000.0,210.0,1.778279410038923e-06,2.306319425280672,0.3309873263618215,2.6819148549482042e-06,0.08416716420802647,0.5741442792829439,0.9085724531093163,0.04780096413730131,7.906549606451728e-05,0.00016691448952793923
1000.0,210.0,3.162277660168379e-06,2.3063072874847634,0.33096681510793063,2.681666103400771e-06,0.08416441986242656,0.5741253374928017,0.9086441325468506,0.04780000316394068,0.00014059208691944312,0.00029678245678865605
1000.0,210.0,5.623413251903491e-06,2.306285707495368,0.33093035106033997,2.6812238664319366e-06,0.08415954086936345,0.5740916621224383,0.9087715653722168,0.047798294703981885,0.00024998527517592603,0.0005276415559088504
1000.0,210.0,1e-05,2.306247346162483,0.33086554158862486,2.680437271816464e-06,0.08415085186809539,0.5740316909899134,0.9089978916785826,0.0477952484558369,0.00044445913914126765,0.0009379130610701589
1000.0,210.0,1.778279410038923e-05,2.306179172972011,0.3307503989880485,2.679041086915103e-06,0.08413545885362392,0.5739254453383857,0.9094005310183296,0.04778986184321344,0.0007901053742606915,0.001666667845970027
1000.0,210.0,3.1622776601683795e-05,2.306058080868853,0.33054598019366144,2.6765603631827175e-06,0.08410807800790054,0.573736461112308,0.9101149887888456,0.04778026989643595,0.0014041840729583951,0.002960002494985808
1000.0,210.0,5.623413251903491e-05,2.305843183363819,0.3301835282738317,2.6721616270395423e-06,0.08405955485013528,0.5734015479551386,0.9113826928348617,0.0477632807384347,0.002494366967501923,0.005251741879463524
1000.0,210.0,0.0001,2.3054624148625225,0.32954232497728586,2.6643737673177073e-06,0.0839736193234163,0.5728084130372096,0.9136263197401492,0.04773318371518082,0.00442727996810532,0.009301451389825624
1000.0,210.0,0.00017782794100389227,2.3047896300905,0.3284125277983502,2.6506352323865837e-06,0.08382199805864407,0.5717619119314923,0.9175835939967688,0.04768007408378849,0.007846512424223254,0.016422957996143527
1000.0,210.0,0.00031622776601683794,2.303606730289199,0.32643583080667693,2.626547723802849e-06,0.08355609341209531,0.5699266272333854,0.9245196501163498,0.047586909968573406,0.013870492401785157,0.02883991296709151
1000.0,210.0,0.0005623413251903491,2.3015448699440473,0.32301979499208844,2.5847671121309614e-06,0.0830946499477805,0.5667417533318304,0.936543616862358,0.04742516083016866,0.024408048964293775,0.05017129853087462
1000.0,210.0,0.001,2.2980045756426075,0.3172406671092168,2.5136354679010376e-06,0.08230844963640882,0.5613154873580269,0.9569962537817053,0.04714937682887027,0.04261304646461512,0.08590014812548012
1000.0,210.0,0.0017782794100389228,2.2920797893807223,0.30780855110496314,2.39628674112141e-06,0.08100967638816,0.5523517175795544,0.9906839687021342,0.046693206448670505,0.07339840065167334,0.14327776133988793
1000.0,210.0,0.0031622776601683794,2.2825774548870266,0.2932870913803974,2.212423734406469e-06,0.07897041775996981,0.5382778614477101,1.0433328004624227,0.04597550483652262,0.12361995542152485,0.22947200912306615
1000.0,210.0,0.005623413251903491,2.2683287795961133,0.2728417887400424,1.946452998597752e-06,0.07601093598826021,0.5178543061302738,1.1191987923563746,0.04493074720870472,0.20093359294887217,0.3467905901354645
1000.0,210.0,0.01,2.2489772837802393,0.24744404263402867,1.6031241469265294e-06,0.07217353287240805,0.49137427929726873,1.216602221848667,0.04357035501749625,0.30993733937871343,0.486723289041154
1000.0,210.0,0.01778279410038923,2.225943222435811,0.22043140346603735,1.2198078232047976e-06,0.06786532743710949,0.4616484065885466,1.3246151632746956,0.042035150278934584,0.4459931360134548,0.6295809284255816
1000.0,210.0,0.03162277660168379,2.202459089370592,0.1960893225762488,8.554965499133554e-07,0.06374600815947157,0.43322883287722513,1.4265113096966586,0.040559106324974045,0.5921748759224003,0.7540362829246468
1000.0,210.0,0.05623413251903491,2.1820068213572674,0.17721820704515465,5.585472266835164e-07,0.06036930027880282,0.40993491811333427,1.5089794737118452,0.03934291148145469,0.7259863696834562,0.8483407710469245
1000.0,210.0,0.1,2.1665027163421033,0.16420759094811624,3.4529534143770246e-07,0.05793304030648756,0.3931299621354186,1.567855148762408,0.038461756774819,0.8316663074246613,0.9125180948931374
1000.0,210.0,0.1778279410038923,2.1559441018736227,0.15593371258787753,2.0564171246889118e-07,0.05633216006539886,0.38208798249721454,1.6062441279563278,0.03788098373488209,0.9058150171529585,0.9530626670216196
1000.0,210.0,0.31622776601683794,2.1492691745326047,0.15093398555475038,1.1960847167091223e-07,0.05534371501132672,0.37527050597925127,1.6298249456465483,0.03752167231684148,0.9536265681824888,0.977485818427618
1000.0,210.0,0.5623413251903491,2.1452463764740295,0.14800382600947687,6.858299204188472e-08,0.05475665101860094,0.37122152280618753,1.6437850279322788,0.03730800101328568,0.982797988522129,0.9917778727609371
1000.0,210.0,1.0,2.142891542156981,0.14631688330758535,3.899794507623813e-08,0.05441597719376628,0.36887192822503106,1.6518703204044491,0.03718391438476113,1.0,1.0
1000.0,220.0,0.0,2.3636903612713662,0.4339278868244606,3.7967330048061177e-06,0.09618830544123136,0.6344494600033936,0.6519774733740094,0.05642882016618135,0.0,0.0
1000.0,220.0,1e-08,2.3636902573577223,0.433927653826162,3.796730602036034e-06,0.09618829690528206,0.6344494060874717,0.6519782918716975,0.056428821366485755,5.541099753060794e-07,1.2376443673928519e-06
1000.0,220.0,1.7782794100389228e-08,2.3636901764839524,0.43392747248868496,3.7967281634216185e-06,0.09618827585698174,0.634449269112077,0.6519788312518978,0.05642881384999625,9.853619427131544e-07,2.2008753926582065e-06
1000.0,220.0,3.162277660168379e-08,2.3636900326680035,0.43392715002062826,3.7967238216706408e-06,0.0961882382950201,0.6344490246595503,0.6519797895223469,0.05642880040600579,1.7522475346381063e-06,3.913764745119749e-06
1000.0,220.0,5.6234132519034905e-08,2.3636897769237297,0.4339265765843738,3.7967161092891083e-06,0.09618817171340077,0.6344485913664498,0.6519814950389315,0.056428776624354526,3.115981539443822e-06,6.9597462338662665e-06
1000.0,220.0,1e-07,2.363689322140953,0.43392555686096684,3.7967023853344824e-06,0.09618805307867809,0.6344478193067488,0.6519845263162071,0.05642873419650429,5.541072618484552e-06,1.2376306930595717e-05
1000.0,220.0,1.7782794100389227e-07,2.363688513416604,0.433923743528316,3.796677254958473e-06,0.09618782373234863,0.6344463251315954,0.6519897921161784,0.05642864796442966,9.853533620466974e-06,2.20083215107402e-05
1000.0,220.0,3.162277660168379e-07,2.3636870752991963,0.4339205189809879,3.79663386948406e-06,0.09618744889759977,0.6344438857820265,0.6519993796929959,0.05642851398179646,1.752220400413026e-05,3.913628005779652e-05
1000.0,220.0,5.62341325190349e-07,2.3636845179892703,0.4339147850397353,3.796556716565461e-06,0.09618678225974421,0.6344395474275639,0.6520164278771771,0.05642827567325136,3.115895734753945e-05,6.959313840476116e-05
1000.0,220.0,1e-06,2.3636799705821785,0.4339045891378654,3.7964209957959702e-06,0.09618563412562485,0.6344320788687403,0.6520469952375018,0.05642787378109551,5.540801287337897e-05,0.00012374939663440987
1000.0,220.0,1.778279410038923e-06,2.3636718846683413,0.4338864600237554,3.796176326295098e-06,0.09618350789787831,0.6344182401496203,0.6521007727164891,0.05642710946935651,9.852675636007918e-05,0.00022003998286683463
1000.0,220.0,3.162277660168379e-06,2.363657507698477,0.43385422786904454,3.79574261724138e-06,0.09617976058423798,0.6343938533519443,0.6521966109997577,0.056425769934355996,0.00017519491043752923,0.00039122611377099056
1000.0,220.0,5.623413251903491e-06,2.363631947891481,0.43379693056122004,3.7949708710540542e-06,0.09617308030008145,0.6343503777038341,0.652366857800302,0.0564233776938848,0.00031150379476917514,0.0006954992859739137
1000.0,220.0,1e-05,2.363586515838085,0.4336951046201385,3.793600560505479e-06,0.09616124041877712,0.6342733260048415,0.6526696560019468,0.05641914528148093,0.0005538089436653776,0.0012361283588865474
1000.0,220.0,1.778279410038923e-05,2.3635057894804654,0.4335142339189325,3.7911669029690207e-06,0.09614022452132674,0.6341365600877472,0.6532076956312657,0.05641163674896276,0.0009844104002142851,0.0021960859278969823
1000.0,220.0,3.1622776601683795e-05,2.3633624391648804,0.43319323973939355,3.786844784461993e-06,0.09610286562297264,0.6338934335283827,0.6541624143160331,0.056398276975487306,0.001749240757375073,0.003898644787185487
1000.0,220.0,5.623413251903491e-05,2.3631081644582657,0.4326244519516881,3.7791841663070525e-06,0.09603666701152352,0.6334626243812094,0.6558549815642649,0.05637460989519248,0.0031064859815455917,0.006912076346087639
1000.0,220.0,0.0001,2.362658012862865,0.431619359353686,3.765638362710844e-06,0.09591962258495972,0.6327009208465406,0.6588480928293466,0.05633276827367151,0.005511116218319678,0.012226362432315325
1000.0,220.0,0.00017782794100389227,2.3618638439825452,0.4298519101546735,3.741782682776088e-06,0.09571339574501693,0.6313588214537091,0.6641169812513938,0.056259011034434085,0.009759200875509128,0.02153859349846686
1000.0,220.0,0.00031622776601683794,2.360471259129396,0.42677034728637075,3.7000931633587437e-06,0.09535290026217003,0.6290127470866462,0.6733224094164744,0.056130044967189915,0.017226108292549752,0.03767518932873472
1000.0,220.0,0.0005623413251903491,2.3580552222320494,0.4214771033391663,3.628183641769955e-06,0.09473066608038411,0.6249632428649242,0.6891907683966165,0.055907296149165814,0.030234799363748496,0.06510348459147053
1000.0,220.0,0.001,2.353940009593536,0.4126142475818256,3.506918838347715e-06,0.09368021322823987,0.6181267355873656,0.7159234430482281,0.05553085441407889,0.05255163899623197,0.11023200226139389
1000.0,220.0,0.0017782794100389228,2.3471454430335035,0.39839442067278147,3.310018733464171e-06,0.09197154516285594,0.6070060597588443,0.7592586319933062,0.054917483830647804,0.08984323679089772,0.18065029971692217
1000.0,220.0,0.0031622776601683794,2.3364830805258823,0.37708339291517345,3.0091824417457876e-06,0.08935350831128883,0.5899658697811154,0.8252941421770886,0.05397509994702474,0.1495014246284734,0.2819288020725741
1000.0,220.0,0.005623413251903491,2.321015032803065,0.34823285724238556,2.5898854972634817e-06,0.08568955236441067,0.5661160441835975,0.9169794166094923,0.05265104526146302,0.23859487490082243,0.4117354107538406
1000.0,220.0,0.01,2.3009488628701535,0.3141801599883344,2.0747786219886093e-06,0.08116378543440776,0.536653172605106,1.0290364351534709,0.05100709841354415,0.3588540825919919,0.5555846618736218
1000.0,220.0,0.01778279410038923,2.2783742759695906,0.2799932177444222,1.5319513257207937e-06,0.07636416457110509,0.5054035202560254,1.1464110486701875,0.04925331305935178,0.5007993804742454,0.6914272227778787
1000.0,220.0,0.03162277660168379,2.256705152269675,0.25084310085215644,1.0450594660189243e-06,0.07203148142780529,0.47719042251867777,1.2510407346043495,0.047660754191060466,0.6440611122889046,0.801649723433188
1000.0,220.0,0.05623413251903491,2.238853134534871,0.2292398531925713,6.674903677737481e-07,0.06865264153906077,0.4551859939571997,1.331731201618598,0.046412388025680824,0.7675314357041267,0.8805897785600924
1000.0,220.0,0.1,2.2259095733256005,0.2148146177273504,4.063274326910528e-07,0.06630535257758602,0.4398981480360935,1.3873054681010009,0.045541733120527554,0.8602723737824715,0.932210839580007
1000.0,220.0,0.1778279410038923,2.2173705598908766,0.20582815681684133,2.395948280918481e-07,0.06480225606784394,0.43010792817730426,1.4226788005963775,0.044982690409071886,0.9229873189437278,0.963988743633373
1000.0,220.0,0.31622776601683794,2.2120835338985256,0.20046512373811542,1.3851414355482787e-07,0.06388920745120619,0.4241606757588847,1.4440812224368949,0.04464250098357832,0.9624430515604171,0.98282909975415
1000.0,220.0,0.5623413251903491,2.2089378107372286,0.19734488175003417,7.91400611906027e-08,0.06335228365064435,0.42066328031622185,1.4566386120437973,0.04444224909286207,0.9861489765519333,0.9937509114573498
1000.0,220.0,1.0,2.207110369382449,0.19555601206637713,4.4908130618864336e-08,0.06304249580587103,0.41864536620918336,1.4638732124938116,0.04432663499381804,1.0,1.0
1000.0,230.0,0.0,2.4102662527917462,0.5411521688753385,5.292475184458896e-06,0.10716717839979052,0.6799869697837889,0.440907024465254,0.06499685255825596,0.0,0.0
1000.0,230.0,1e-08,2.4102661318059084,0.5411518282456412,5.292468802326769e-06,0.10716712263681819,0.6799866273741567,0.44090780855082623,0.06499682749677976,6.95552021272075e-07,1.6068096876519919e-06
1000.0,230.0,1.7782794100389228e-08,2.410266037645245,0.5411515631410928,5.292465632459718e-06,0.10716711562932127,0.6799865917927753,0.4409085685099767,0.06499683006347723,1.2368851780977277e-06,2.8573530323868004e-06
1000.0,230.0,3.162277660168379e-08,2.41026587020159,0.5411510917122857,5.292457185999634e-06,0.10716704627722813,0.6799861675409721,0.4409096858655939,0.0649968001234958,2.199525357878794e-06,5.0811608354465304e-06
1000.0,230.0,5.6234132519034905e-08,2.4102655724409185,0.5411502533837844,5.292444957409172e-06,0.10716697947577922,0.6799857717657097,0.440911905386998,0.0649967811647409,3.911364056387948e-06,9.035688182953275e-06
1000.0,230.0,1e-07,2.4102650429421866,0.541148762612984,5.292421413635673e-06,0.10716682427573578,0.6799848369512251,0.4409157024929062,0.0649967253688196,6.9554772976466375e-06,1.6067865960601377e-05
1000.0,230.0,1.7782794100389227e-07,2.4102641013548762,0.5411461116423817,5.292379574878841e-06,0.10716654885978377,0.6799831782250921,0.4409224570685735,0.06499662649481858,1.2368716072393602e-05,2.857280011359957e-05
1000.0,230.0,3.162277660168379e-07,2.4102624269792035,0.5411413975910805,5.292305167545199e-06,0.10716605894267854,0.6799802275875932,0.4409344676637406,0.06499645057522373,2.1994824435044362e-05,5.080929928297804e-05
1000.0,230.0,5.62341325190349e-07,2.4102594495650655,0.5411330150547929,5.292171851818917e-06,0.10716516743918594,0.6799748517510877,0.44095574137926213,0.06499612542421924,3.911228351739195e-05,9.034958021998558e-05
1000.0,230.0,1e-06,2.4102541551871117,0.5411181097143374,5.291936573878098e-06,0.10716361821457111,0.6799655211476762,0.4409937175149782,0.06499556909371776,6.955048176029852e-05,0.0001606555716639976
1000.0,230.0,1.778279410038923e-06,2.4102447412405548,0.5410916074942251,5.291518244034918e-06,0.10716086377072044,0.6799489318565054,0.44106124205478203,0.0649945800080137,0.00012367359150325366,0.0002856550006308694
1000.0,230.0,3.162277660168379e-06,2.410228003574846,0.5410444906490448,5.290775497523391e-06,0.10715598687782509,0.6799195661259718,0.4411813763619839,0.06499283377670771,0.00021990533918449386,0.0005078622010548499
1000.0,230.0,5.623413251903491e-06,2.4101982486904285,0.5409607401039048,5.289453427726531e-06,0.10714728184685074,0.6798671380047162,0.4413947774060812,0.0649897079046309,0.000390987182298157,0.0009027662897568997
1000.0,230.0,1e-05,2.4101453657771676,0.5408119231443995,5.287103999775444e-06,0.10713181160051657,0.6797739644374702,0.4417739965809619,0.06498415247473505,0.0006950759870302163,0.001604250566463297
1000.0,230.0,1.778279410038923e-05,2.4100514186252386,0.5405476478093623,5.282931178842568e-06,0.10710433442823379,0.679608475830112,0.4424475199244809,0.06497428514093408,0.0012353806286569023,0.002849270419462617
1000.0,230.0,3.1622776601683795e-05,2.4098846492054364,0.5400788364504472,5.275526813338906e-06,0.10705557583438922,0.6793148130505128,0.4436425955351024,0.06495677456505825,0.002194772063758168,0.00505565762777173
1000.0,230.0,5.623413251903491e-05,2.409589015504145,0.5392487584408454,5.262410338606513e-06,0.10696919426597576,0.678794551129293,0.44575946933480975,0.06492574956316359,0.0038963581097677695,0.00895535439929528
1000.0,230.0,0.0001,2.4090662140231314,0.537783929529087,5.239244317333037e-06,0.10681660599811207,0.6778755261611901,0.44949783041185387,0.06487093714638514,0.006908165877349292,0.01581557745549458
1000.0,230.0,0.00017782794100389227,2.4081456447482963,0.5352141710814718,5.198542275247554e-06,0.10654842495267502,0.6762602547058805,0.45606445253221345,0.06477456957590455,0.012219893660690458,0.02778464470444845
1000.0,230.0,0.00031622776601683794,2.4065368484517946,0.5307524178624397,5.127690282798348e-06,0.10608140168233172,0.6734472543123621,0.4674919244961641,0.06460668172390441,0.02152858156053483,0.048369420236766776
1000.0,230.0,0.0005623413251903491,2.4037620000603774,0.5231433864290289,5.006304922342083e-06,0.1052805827900814,0.668623382090099,0.4870571534515484,0.06431854180893731,0.03766187159201579,0.082912533107728
1000.0,230.0,0.001,2.399082656791141,0.5105571004424898,4.803950548440875e-06,0.10394377287524913,0.6605700106022993,0.5196407412464135,0.06383688576933765,0.06509279686123472,0.13855637379580588
1000.0,230.0,0.0017782794100389228,2.3914837322530555,0.49075952928724353,4.481506190630292e-06,0.10180875730020107,0.647705679600718,0.5714745136388026,0.06306585920261334,0.11024826028070742,0.22254322281755382
1000.0,230.0,0.0031622776601683794,2.3798678831551854,0.46197835846254076,4.003022828205224e-06,0.09862952168341593,0.6285442606467471,0.6481943911132838,0.06191370732349707,0.18076486474153514,0.337630152528895
1000.0,230.0,0.005623413251903491,2.36365479595874,0.42464362268185224,3.363300120826463e-06,0.09435820360470412,0.6027909839906593,0.7503958352793357,0.06035824933931572,0.28230517504427094,0.476079589428425
1000.0,230.0,0.01,2.343674551415172,0.3828476579400272,2.6178996112098273e-06,0.08935075738435598,0.5725849472370999,0.8689333845916937,0.05852368008882981,0.41265549360795684,0.6187633516076815
1000.0,230.0,0.01778279410038923,2.322505534865941,0.34317899085634285,1.8769435818986086e-06,0.08433965490196893,0.5423411635993848,0.9861639490505602,0.056675728312757176,0.5573811530457188,0.7441861798712521
1000.0,230.0,0.03162277660168379,2.3033802854225733,0.31101937601156415,1.2480641216780468e-06,0.08005940094157914,0.5164956936657051,1.0851764475448433,0.055087609470519217,0.6943164314742197,0.8399261056200368
1000.0,230.0,0.05623413251903491,2.288434884196458,0.2880927939977755,7.818997774128982e-07,0.07686989015302031,0.4972287336010755,1.1582711574981783,0.05389826223052181,0.8056153076895799,0.9054298772614777
1000.0,230.0,0.1,2.278027686901613,0.2731822420835614,4.697798671210026e-07,0.07472614542294222,0.48427518495724253,1.2070646060177206,0.053095977229274643,0.8854309543708502,0.9469593646449009
1000.0,230.0,0.1778279410038923,2.271350114921387,0.26404525237356763,2.747347255598144e-07,0.07338301040687652,0.4761577072272127,1.2374931832870422,0.05259208624133248,0.9376719253084146,0.9720309527233137
1000.0,230.0,0.31622776601683794,2.267288256903667,0.2586455803762834,1.5804390274117286e-07,0.07257817107387679,0.47129293427402646,1.2556750551691473,0.05228969586388533,0.9698500807764301,0.9867217443723718
1000.0,230.0,0.5623413251903491,2.2648973357171758,0.25552181056035567,9.003722544655398e-08,0.07210866904732903,0.46845487128183694,1.2662633351320922,0.0521131404568361,0.9889344467900429,0.9951797237875122
1000.0,230.0,1.0,2.263517128738772,0.2537367181799385,5.1006752477994266e-08,0.07183904564698801,0.46682496616770186,1.2723371961027201,0.052011690924895944,1.0,1.0
1000.0,240.0,0.0,2.4480350032993274,0.6463371548403374,7.300776090228378e-06,0.11674866303859177,0.710409341284245,0.28128532976541054,0.07345974942321953,0.0,0.0
1000.0,240.0,1e-08,2.448034863635659,0.6463366836656845,7.300765594622357e-06,0.11674859691607986,0.7104089663780758,0.2812863085732115,0.0734597198371012,8.812355666089889e-07,2.04529530634985e-06
1000.0,240.0,1.7782794100389228e-08,2.4480347549385044,0.6463363169610521,7.300758465932433e-06,0.11674856208221958,0.7104087757763322,0.28128711041925863,0.07345970727331902,1.5670820009117468e-06,3.6371007694601083e-06
1000.0,240.0,3.162277660168379e-08,2.448034561645021,0.6463356648597098,7.3007457938883925e-06,0.11674850021359535,0.7104084372937782,0.2812885365037188,0.0734596849789979,2.7867062958877977e-06,6.46776319190898e-06
1000.0,240.0,5.6234132519034905e-08,2.4480342179165464,0.6463345052474709,7.300723254316601e-06,0.11674839011054342,0.7104078348697073,0.2812910722660189,0.07345964528087721,4.955531802028699e-06,1.1501432501172973e-05
1000.0,240.0,1e-07,2.4480336066755695,0.6463324431523666,7.300684517839911e-06,0.11674821582405119,0.7104068944623759,0.2812956333378049,0.07345958821888993,8.812286567891868e-06,2.0452578420162997e-05
1000.0,240.0,1.7782794100389227e-07,2.44803251973188,0.6463287762326728,7.300611916337356e-06,0.11674784643826279,0.710404860367197,0.28130360080892214,0.07345944933495463,1.5670601503059272e-05,3.6369822988993066e-05
1000.0,240.0,3.162277660168379e-07,2.448030586885188,0.6463222556195614,7.300485184560416e-06,0.11674722749222559,0.710401473939634,0.2813178601491323,0.07345922621900004,2.7866371991216185e-05,6.467388566708712e-05
1000.0,240.0,5.62341325190349e-07,2.4480271498792607,0.6463106607631098,7.300259834546951e-06,0.11674612694432338,0.7103954525686385,0.28134321615713387,0.07345882951212769,4.955313304022113e-05,0.00011500247897540073
1000.0,240.0,1e-06,2.4480210383510297,0.6462900438150729,7.2998604779669684e-06,0.11674419153011668,0.710384876631462,0.2813883541779463,0.07345813764502938,8.81159564550532e-05,0.00020448832741540673
1000.0,240.0,1.778279410038923e-06,2.448010171701429,0.646253387274897,7.299149373059306e-06,0.11674073362848783,0.7103659707928648,0.28146856968600725,0.07345689697986094,0.00015668416777571873,0.0003635798017634061
1000.0,240.0,3.162277660168379e-06,2.4479908520467712,0.64618822115821,7.297881447850056e-06,0.11673452660649017,0.7103319975380998,0.2816110329646003,0.07345465384298537,0.0002785946419872134,0.0006463644700215102
1000.0,240.0,5.623413251903491e-06,2.447956509845107,0.6460723990754128,7.2956288434035695e-06,0.11672351063991039,0.7102717133172697,0.28186429016357817,0.07345067724364511,0.0004953129383224445,0.0011488415268463747
1000.0,240.0,1e-05,2.4478954826038857,0.6458666292559176,7.291628854751585e-06,0.11670397538602977,0.7101648307346731,0.2823143567538025,0.07344363535055078,0.0008804692375823539,0.0020411451275437766
1000.0,240.0,1.778279410038923e-05,2.447787094224442,0.6455013259559104,7.2845278149248285e-06,0.11666930886129091,0.7099751730632684,0.28311353089158897,0.0734311443839358,0.0015646602980369632,0.003623997486381222
1000.0,240.0,3.1622776601683795e-05,2.4475947755080534,0.6448536461679217,7.271931587957149e-06,0.116607785288371,0.7096385560893476,0.2845307416048637,0.07340896468366395,0.002779057416892776,0.006426443062173119
1000.0,240.0,5.623413251903491e-05,2.4472541201911553,0.6437079611095591,7.249636656704785e-06,0.11649886137836155,0.7090425696000862,0.28703876500926834,0.0733696855582272,0.0049313955861436986,0.011371414546737143
1000.0,240.0,0.0001,2.446652545270542,0.6416896012408075,7.210325339032662e-06,0.1163067959022662,0.7079916612107358,0.2914609246175118,0.07330042219518235,0.008736249959822678,0.02004501853554048
1000.0,240.0,0.00017782794100389227,2.4455958792427976,0.6381592907453857,7.141454618848527e-06,0.11597022735705115,0.7061500142653148,0.2992071140394952,0.0731790154753755,0.015431759781389397,0.035100727763288125
1000.0,240.0,0.00031622776601683794,2.4437571916077667,0.6320614312121812,7.0221436554163046e-06,0.11538675118482955,0.7029569696280118,0.3126209872876886,0.07296838664777397,0.027119960101805805,0.06076697505925937
1000.0,240.0,0.0005623413251903491,2.4406093825861492,0.6217541219023432,6.8194573976549666e-06,0.11439456425819432,0.6975264163588335,0.33539532305143993,0.07260984125556659,0.04724106875751679,0.10320364377949909
1000.0,240.0,0.001,2.4353676006678646,0.6049554191163639,6.486301511392598e-06,0.11276100984883675,0.6885830807499865,0.3727929134105315,0.07201848561810167,0.08106128017722136,0.16994171805886435
1000.0,240.0,0.0017782794100389228,2.427028683702271,0.5791502427806436,5.9673413522620564e-06,0.11020961682895536,0.674608814577214,0.43095517631641667,0.0710922509261254,0.13568650974418542,0.2670552537528898
1000.0,240.0,0.0031622776601683794,2.41468005337087,0.542935346600868,5.22313857418858e-06,0.10653639649192002,0.6544774881201192,0.5141648618865521,0.06975320271303702,0.21847856126591617,0.3935101718079034
1000.0,240.0,0.005623413251903491,2.3982038436208244,0.49813209759292193,4.2737236264552355e-06,0.10182532973199256,0.6286363516349879,0.6199799414507806,0.06802625720960409,0.33260279212603266,0.5363202214869546
1000.0,240.0,0.01,2.3790272380762425,0.45068473810761134,3.2284223062850665e-06,0.09660550337804542,0.599975902737312,0.7360335707010489,0.06610026169600372,0.47093802005961344,0.6738377843550791
1000.0,240.0,0.01778279410038923,2.359953213389263,0.40807851472229134,2.2489581079477064e-06,0.09168229519565212,0.5729163148323891,0.8443405448741584,0.06427154717590669,0.6147112634564781,0.7873680893846989
1000.0,240.0,0.03162277660168379,2.3437267842643856,0.3751174253604166,1.4604063147884969e-06,0.08769545339043869,0.5509833561883394,0.9312207994540619,0.06278190671041305,0.7421161903621396,0.8697749439433412
1000.0,240.0,0.05623413251903491,2.331661109800946,0.35241055131571003,8.993861021470749e-07,0.08484595786246657,0.5352962006821207,0.9928551029852315,0.06171235309396779,0.840021298081542,0.924167067727425
1000.0,240.0,0.1,2.3235586816722273,0.33797114690316976,5.343128512029546e-07,0.08298573174357085,0.5250501376787895,1.0328812586383684,0.06101189879887538,0.9073346035205109,0.9578513453027179
1000.0,240.0,0.1778279410038923,2.318483971171714,0.329243831757717,3.1030798920819275e-07,0.08184194336221765,0.5187481789751567,1.0574085708304641,0.06058033327532487,0.9501502913899302,0.9778946259900396
1000.0,240.0,0.31622776601683794,2.3154432410912396,0.32412787392835074,1.777715884084031e-07,0.08116433311604168,0.5150139999515836,1.0719087837663548,0.06032434139057138,0.9760507743247664,0.9895386598860942
1000.0,240.0,0.5623413251903491,2.3136694245811302,0.32118201460366536,1.0103345047988311e-07,0.08077169142927541,0.5128499679490282,1.0803001762853084,0.06017589304706384,0.9912456393219009,0.9962092146818744
1000.0,240.0,1.0,2.3126508109233055,0.31950305911615046,5.715770137810907e-08,0.08054712381284848,0.5116122108477102,1.0850970673150613,0.060090963211881114,1.0,1.0
1000.0,250.0,0.0,2.479796188438031,0.7477126183337357,1.0044018535491209e-05,0.12495942046834053,0.726667426555586,0.17200156186814633,0.08199148849651344,0.0,0.0
1000.0,250.0,1e-08,2.4797960257356038,0.7477119839827951,1.0044000909742568e-05,0.12495934116909174,0.7266670198910823,0.1720027029979073,0.08199145245703096,1.1302509654163674e-06,2.5558728202105208e-06
1000.0,250.0,1.7782794100389228e-08,2.47979589910796,0.7477114902820235,1.0043988672210244e-05,0.12495929786755741,0.7266668104823126,0.17200361646109752,0.08199143649140533,2.0099002676082732e-06,4.5450470053004534e-06
1000.0,250.0,3.162277660168379e-08,2.4797956739292206,0.7477106123473585,1.004396513839308e-05,0.12495919881801583,0.7266663098845784,0.17200521050009326,0.08199139363374472,3.5741587206579114e-06,8.08233502926666e-06
1000.0,250.0,5.6234132519034905e-08,2.4797952735005464,0.7477090511444996,1.0043928257557326e-05,0.12495908449695685,0.7266657791593799,0.1720081302184416,0.08199135798135194,6.355835337592276e-06,1.4372559913378251e-05
1000.0,250.0,1e-07,2.479794561432796,0.7477062749221054,1.0043861248457649e-05,0.12495886347116461,0.7266647322693428,0.17201329782985694,0.08199128294658918,1.1302395700485278e-05,2.5558142592074306e-05
1000.0,250.0,1.7782794100389227e-07,2.4797932951973887,0.7477013381257822,1.0043738937241687e-05,0.12495843121096122,0.7266626425564422,0.17202243312221377,0.08199112378096675,2.009864232636717e-05,4.544861823184668e-05
1000.0,250.0,3.162277660168379e-07,2.4797910435403256,0.7476925594475838,1.0043519636657156e-05,0.12495764010756523,0.7266587960366814,0.1720386467663152,0.08199082601906063,3.574044770015736e-05,8.08174945469392e-05
1000.0,250.0,5.62341325190349e-07,2.479787039665021,0.7476769495327388,1.0043131086995522e-05,0.12495625086346708,0.7266520578772009,0.1720675014681235,0.08199030801255174,6.355475004950012e-05,0.00014370708291599687
1000.0,250.0,1e-06,2.4797799202887383,0.7476491939924315,1.0042445177161703e-05,0.12495384245174722,0.7266404361425398,0.17211889278454373,0.08198942749322324,0.00011301256290067473,0.000255522879673732
1000.0,250.0,1.778279410038923e-06,2.479767262048935,0.7475998471610372,1.0041220689018637e-05,0.12494949846316214,0.7266194129850083,0.1722101781535071,0.08198782131677032,0.0002009503953975186,0.0004543010831639677
1000.0,250.0,3.162277660168379e-06,2.4797447584855443,0.7475121271834201,1.0039048918240672e-05,0.12494183815575155,0.7265824005799478,0.1723725394674631,0.0819850066726489,0.00035729056630913995,0.0008075898372399298
1000.0,250.0,5.623413251903491e-06,2.4797047608477523,0.7473562391743156,1.0035187819522413e-05,0.12492820670204423,0.7265165201256429,0.1726610656772933,0.08197999299186882,0.000635187392437929,0.001435221828000947
1000.0,250.0,1e-05,2.4796336970045747,0.7470793508093647,1.0028323992668494e-05,0.12490392920128511,0.7263991258444625,0.1731735108779986,0.08197104553902852,0.0011289874808376964,0.0025493888906806357
1000.0,250.0,1.778279410038923e-05,2.479507524898436,0.7465879882461002,1.0016142563617562e-05,0.12486085400362901,0.726190849718976,0.17408307303745088,0.08195517454015623,0.002005908258649866,0.004524583503953489
1000.0,250.0,3.1622776601683795e-05,2.479283783637724,0.7457174272211493,9.99455608421018e-06,0.12478454415585816,0.7258219095847795,0.1756951268717966,0.08192706748059227,0.0035615544027055206,0.00801785017201224
1000.0,250.0,5.623413251903491e-05,2.4788878831811316,0.7441794277946082,9.956398158199469e-06,0.1246496520509771,0.7251697367638051,0.1785447079632133,0.08187738255613179,0.006316086299319347,0.014169901832003107
1000.0,250.0,0.0001,2.4781900379049784,0.7414759473434707,9.889246969380495e-06,0.1244121696804586,0.7240214314971944,0.1835584745045568,0.08178987180690718,0.011177308270494265,0.02492425189509781
1000.0,250.0,0.00017782794100389227,2.476968241546833,0.7367656924177556,9.772030111204758e-06,0.1239974970453353,0.7220161732161157,0.19230898248707076,0.08163701476228513,0.019706465974606516,0.04348211657123029
1000.0,250.0,0.00031622776601683794,2.474854186423189,0.7286845014949545,9.570259202992926e-06,0.12328324237298621,0.7185615790807617,0.20736691232757393,0.08137354103371537,0.034518866209292697,0.07480186907197463
1000.0,250.0,0.0005623413251903491,2.4712698312663615,0.7151806400897974,9.231165385225905e-06,0.1220814917824196,0.7127472506859484,0.23265884074131712,0.08092968505898834,0.05979206799439917,0.1257277970578892
1000.0,250.0,0.001,2.4653968668286264,0.6935838636676919,8.683655229886686e-06,0.1201375323413711,0.7033370648685496,0.27345897724529683,0.08021026502669253,0.10163908228380952,0.20372261365708755
1000.0,250.0,0.0017782794100389228,2.4562924921398035,0.6613707170509471,7.854408098397472e-06,0.1171847178228121,0.689031643164691,0.33516600730608676,0.07911407142315313,0.16760206068202965,0.31286421711793816
1000.0,250.0,0.0031622776601683794,2.4433225390557514,0.618035617483524,6.712950363418659e-06,0.11310331546210806,0.6692356617885459,0.41993190788572055,0.07759217611673576,0.26392162113325723,0.4477591160913556
1000.0,250.0,0.005623413251903491,2.42690553246962,0.567249233764674,5.3327969194963795e-06,0.10814204750164659,0.6451363510943808,0.5221516486126224,0.07573170411273726,0.3899395871180705,0.5910697276606686
1000.0,250.0,0.01,2.4089700408746713,0.5165889240011086,3.903713463250205e-06,0.10297385185985646,0.6199900859764874,0.6276754067782646,0.07378136236396758,0.5330744214045352,0.7208026814622277
1000.0,250.0,0.01778279410038923,2.3922676487122803,0.4735799771586969,2.6430190888562674e-06,0.09838774756449767,0.5976400478535798,0.7204882324643419,0.07204012331776502,0.6717321762186538,0.8222966169490903
1000.0,250.0,0.03162277660168379,2.3788738048024527,0.44176928697981827,1.6785329771653664e-06,0.09486171192162224,0.5804329285362925,0.7913140474500755,0.07069454394694868,0.7868207239024544,0.8930061817926086
1000.0,250.0,0.05623413251903491,2.36936442701512,0.4205359169332521,1.0178523854123106e-06,0.09243741926718137,0.5685905081295552,0.8397382347244435,0.06976593157359291,0.8707106505837039,0.938382533627639
1000.0,250.0,0.1,2.363182162154448,0.40730371405553817,5.987312325342113e-07,0.0908956335276659,0.5610539393070924,0.8704175957293484,0.06917386048550353,0.9262447568866317,0.965984843270688
1000.0,250.0,0.1778279410038923,2.359390237384918,0.3994031592070969,3.4563376664195966e-07,0.0899631304146125,0.5564937557411352,0.8889291491282998,0.06881520187663386,0.9607015143313268,0.9822320843285446
1000.0,250.0,0.31622776601683794,2.357147010352196,0.39480482485376756,1.9730996082794678e-07,0.08941612867364625,0.5538180873251075,0.8997721650734462,0.06860461278335854,0.9812281919061954,0.9916109567591915
1000.0,250.0,0.5623413251903491,2.355848263762071,0.39216786990412633,1.119090945869744e-07,0.08910098551050846,0.5522763041090636,0.9060132803741476,0.06848321159372923,0.9931611998534765,0.9969641888313348
1000.0,250.0,1.0,2.355105709751094,0.39066847696406465,6.323666530891179e-08,0.08892130547623062,0.5513971578260468,0.9095695429939437,0.06841396698528443,1.0,1.0
1000.0,260.0,0.0,2.5081155861158,0.851095938315742,1.38776798837424e-05,0.1326506517866113,0.7306915159303455,0.10414573281473243,0.09092713328283017,0.0,0.0
1000.0,260.0,1e-08,2.5081153918086816,0.8510950765875702,1.3877649973658786e-05,0.1326505587415599,0.7306911076044026,0.10414701159419884,0.090927090589216,1.4638371472324413e-06,3.155497955459179e-06
1000.0,260.0,1.7782794100389228e-08,2.5081152405839062,0.8510944059248613,1.3877630966181741e-05,0.132650527149942,0.730691014683845,0.1041480388896348,0.09092708534456052,2.603108513178335e-06,5.61134330561632e-06
1000.0,260.0,3.162277660168379e-08,2.5081149716649396,0.8510932133047626,1.3877588090282473e-05,0.13265038422304937,0.7306903716016248,0.10414979759093847,0.09092701655527002,4.629044956953809e-06,9.978492823135057e-06
1000.0,260.0,5.6234132519034905e-08,2.5081144934549853,0.8510910925106643,1.3877522813597173e-05,0.13265023490033223,0.7306898055264095,0.10415300734290593,0.09092696609314103,8.231705881400406e-06,1.774441096323142e-05
1000.0,260.0,1e-07,2.5081136430737496,0.8510873212020682,1.3877404847786964e-05,0.13264995132766697,0.7306886995357591,0.10415870093995735,0.0909268639937095,1.4638179938554634e-05,3.1554086274758086e-05
1000.0,260.0,1.7782794100389227e-07,2.5081121308889958,0.851080614938357,1.3877188388201199e-05,0.1326493831353116,0.7306863806539408,0.10416877530117669,0.09092663861289908,2.6030479456360407e-05,5.611060833336551e-05
1000.0,260.0,3.162277660168379e-07,2.5081094418990033,0.8510686898864449,1.3876810173809954e-05,0.13264843676756388,0.7306826097141167,0.1041867398164984,0.0909262817055374,4.628853429806901e-05,9.977599610126527e-05
1000.0,260.0,5.62341325190349e-07,2.508104660430281,0.851047485578967,1.3876130950352715e-05,0.13264668990748704,0.7306755514500279,0.10421863297765631,0.09092560314669272,8.231100243218842e-05,0.00017741586616180674
1000.0,260.0,1e-06,2.5080961586129495,0.8510097839817181,1.3874927558669913e-05,0.13264362496705012,0.730663227672213,0.10427537248240648,0.09092442477730409,0.00014636264876491506,0.0003154515625726688
1000.0,260.0,1.778279410038923e-06,2.508081043073042,0.8509427576670744,1.3872785693891253e-05,0.13263815288253392,0.7306411907106917,0.1043762287084359,0.09092231399296848,0.0002602442425194397,0.0005608237673898693
1000.0,260.0,3.162277660168379e-06,2.5080541731135333,0.8508236219652041,1.3868985173138038e-05,0.13262849004194222,0.7306023715430107,0.1045555527202002,0.09091860583026352,0.0004626939029667122,0.0009968676267215401
1000.0,260.0,5.623413251903491e-06,2.508006421448796,0.8506119417242642,1.3862227618840831e-05,0.13261127867211034,0.7305331657046623,0.10487416573109641,0.09091198844470788,0.0008225048759303329,0.001771339251719465
1000.0,260.0,1e-05,2.507921602377227,0.8502360717284011,1.3850226954097135e-05,0.13258071250463083,0.7304102596652471,0.10543998162486555,0.09090023615628753,0.0014617141779350636,0.003145613329583759
1000.0,260.0,1.778279410038923e-05,2.5077710755110654,0.8495694246007666,1.3828937319082605e-05,0.13252648450705304,0.7301922048302047,0.10644374136776007,0.09087938519857344,0.002596402678982653,0.005580161546757276
1000.0,260.0,3.1622776601683795e-05,2.507504357450186,0.8483894583578259,1.3791238676939063e-05,0.13243045344328633,0.7298060429838245,0.10822109704228422,0.09084245795301339,0.004607881762841464,0.009880312909687126
1000.0,260.0,5.623413251903491e-05,2.5070330731197803,0.8463084310286739,1.3724699699914595e-05,0.13226091707904442,0.7291242205935401,0.11135786457445312,0.09077724926437106,0.008165019742306318,0.01743630295241887
1000.0,260.0,0.0001,2.5062044027733723,0.8426615013027305,1.360793962952988e-05,0.13196336559141778,0.7279274487699123,0.11686171242479253,0.09066277941195999,0.014428623755109941,0.030592780489677368
1000.0,260.0,0.00017782794100389227,2.5047598291798296,0.8363410339877891,1.3405119538681025e-05,0.13144633578777176,0.7258475905220516,0.1264209965862042,0.0904638081364124,0.025375121188732412,0.05314124268586081
1000.0,260.0,0.00031622776601683794,2.5022789913434336,0.8255956216738596,1.3058911371499696e-05,0.1305631342448006,0.7222934221309277,0.1427333871536314,0.0901236561348353,0.04425601702590845,0.09075822773669258
1000.0,260.0,0.0005623413251903491,2.4981260187645122,0.8079125394359584,1.2485262709193272e-05,0.12909792915668114,0.7163935451890476,0.16974823020370206,0.08955862212220964,0.07609643781315113,0.15077706179380607
1000.0,260.0,0.001,2.491462412416908,0.7803220403469473,1.1580116382485102e-05,0.1267816885478757,0.7070580874363839,0.2123405529986324,0.08866362796736683,0.12780337144753276,0.24004457717750266
1000.0,260.0,0.0017782794100389228,2.481464426358677,0.7406800571038785,1.025666516660801e-05,0.12338529195088428,0.6933494989368728,0.2745406978330785,0.08734728957743325,0.20683722528843115,0.35985132415269255
1000.0,260.0,0.0031622776601683794,2.4678769866969192,0.6900303126282068,8.522701932751089e-06,0.11891773389922412,0.6752819371381573,0.3558966346355671,0.08560861163300416,0.3171148599230499,0.5002560503138028
1000.0,260.0,0.005623413251903491,2.451695796935479,0.6342668690900461,6.551068345974423e-06,0.11381302151651071,0.6545879097568988,0.4482105599660851,0.08361190897177985,0.45290393635720433,0.640870064955858
1000.0,260.0,0.01,2.435196684112198,0.5821393302627998,4.64035501795135e-06,0.10884032864133901,0.6343777951173739,0.5374717493319712,0.08165646869667745,0.5965505932200827,0.7611872831039893
1000.0,260.0,0.01778279410038923,2.4208325549431047,0.5403537479782167,3.054935255562784e-06,0.10469452360628861,0.6174892412638862,0.6113829221479631,0.08001827981373004,0.7260457098812807,0.8510345770661661
1000.0,260.0,0.03162277660168379,2.4099502706675224,0.5107722700336952,1.9001210072129876e-06,0.10166313497949635,0.6051175204626837,0.665129154888169,0.07881581015477718,0.8269965154715911,0.9115392400711964
1000.0,260.0,0.05623413251903491,2.402543889175905,0.4916060640931176,1.1362236430520342e-06,0.09965243901661489,0.5969007048841352,0.7006391220714344,0.07801604601575789,0.897143278166677,0.949500155871247
1000.0,260.0,0.1,2.3978641072317317,0.47988341324944866,6.625392011778029e-07,0.09840342106072487,0.5917921958144157,0.7226412610616252,0.07751836664328593,0.9420789515209784,0.972269363287013
1000.0,260.0,0.1778279410038923,2.395044718178126,0.47296211105050634,3.804702671839586e-07,0.09765878257890959,0.5887448951788166,0.7357362424541849,0.07722131375040091,0.9693828576305793,0.985559694590529
1000.0,260.0,0.31622776601683794,2.393394692958312,0.46895991157048844,2.165345479894493e-07,0.09722574558088716,0.5869722588669086,0.7433448887467312,0.0770484625670268,0.9854437368007426,0.9931942438220951
1000.0,260.0,0.5623413251903491,2.3924453848559004,0.4666733804107516,1.2259770024463595e-07,0.09697753447895749,0.5859560575869023,0.7477041250658648,0.07694935629461898,0.9947114179233906,0.9975396525645279
1000.0,260.0,1.0,2.3919045826478715,0.46537600150163644,6.920742918479828e-08,0.09683639987688715,0.5853781200730789,0.7501812842142936,0.07689297983952013,1.0,1.0
1000.0,270.0,0.0,2.535540799130066,0.9625882628475966,1.94365286649032e-05,0.14013815895162,0.7253379863635704,0.06578550146455087,0.1008317216430392,0.0,0.0
1000.0,270.0,1e-08,2.5355405553335566,0.9625870456787664,1.9436478740459664e-05,0.14013806746050156,0.7253377045515675,0.06578691234484235,0.1008316829950288,1.9257259968135496e-06,3.9107970696503665e-06
1000.0,270.0,1.7782794100389228e-08,2.5355403655925013,0.9625860983860697,1.9436439893554913e-05,0.14013799631346097,0.725337485525781,0.06578801042627098,0.10083165295815454,3.4244737837221497e-06,6.954468792657945e-06
1000.0,270.0,3.162277660168379e-08,2.5355400281814644,0.962584413845238,1.9436375500096313e-05,0.14013790358713124,0.725337270943782,0.06578997897535156,0.10083162385862447,6.089655073958525e-06,1.236692189668818e-05
1000.0,270.0,5.6234132519034905e-08,2.5355394281754164,0.9625814182934077,1.94362447251855e-05,0.14013762141263633,0.7253362823187703,0.06579342451019979,0.10083148772504393,1.0829057174966436e-05,2.1991631447969027e-05
1000.0,270.0,1e-07,2.5355383612129394,0.9625760914678787,1.9436029556632358e-05,0.14013724496014396,0.7253351729595298,0.06579961036322211,0.10083133581839869,1.925692794915476e-05,3.910659777437191e-05
1000.0,270.0,1.7782794100389227e-07,2.5355364639057973,0.9625666192081855,1.943564111228919e-05,0.14013653353370056,0.7253329828333958,0.0658105904716439,0.10083103546770482,3.424368791823508e-05,6.954034651057048e-05
1000.0,270.0,3.162277660168379e-07,2.535533090122649,0.9625497759098087,1.9434947132153502e-05,0.14013524501226746,0.7253289668799836,0.06583010405978826,0.10083048449790165,6.089323070105576e-05,0.00012365549101922161
1000.0,270.0,5.62341325190349e-07,2.5355270910965184,0.9625198270631703,1.943372225977421e-05,0.14013301947650308,0.7253221655820394,0.06586483205709877,0.10082955200925536,0.00010828007341044512,0.00021987290748098882
1000.0,270.0,1e-06,2.5355164247420956,0.962466579902143,1.943153535960854e-05,0.1401289968043184,0.7253097328168606,0.06592654639842448,0.10082784677145257,0.0001925360838892479,0.00039092873852943484
1000.0,270.0,1.778279410038923e-06,2.535497462010806,0.9623719239922238,1.9427656736019406e-05,0.1401219110971941,0.7252879697917196,0.06603628830153041,0.10082486245485783,0.00034233192268159234,0.0006949696214391042
1000.0,270.0,3.162277660168379e-06,2.5354637568644462,0.9622037017845095,1.9420757534097687e-05,0.14010927623939246,0.7252490758144399,0.06623131227767176,0.10081952860295582,0.0006086005021559835,0.0012351837898310495
1000.0,270.0,5.623413251903491e-06,2.535403869888802,0.9619048792514053,1.9408500753817302e-05,0.14008682886894605,0.725179973352647,0.066577776866176,0.1008100520005977,0.001081752018647569,0.002194397780797124
1000.0,270.0,1e-05,2.53529753254943,0.9613745101444364,1.938674283928302e-05,0.1400469802974132,0.7250573010081719,0.06719280824120515,0.10079322890156225,0.0019220475624108255,0.003895616257027144
1000.0,270.0,1.778279410038923e-05,2.535108934470072,0.9604345809037251,1.9348170852172916e-05,0.13997633429556755,0.7248398107351588,0.06828310409322226,0.10076340257329408,0.0034128588545624247,0.006906607731626489
1000.0,270.0,3.1622776601683795e-05,2.534775124768653,0.9587732190140045,1.9279951933582436e-05,0.13985136193639908,0.724454996043051,0.07021125711160395,0.10071062924540969,0.006053022337388392,0.012216379884586681
1000.0,270.0,5.623413251903491e-05,2.534186434159453,0.9558503741761424,1.915982406851926e-05,0.13963131497238856,0.7237774812088159,0.07360668673135685,0.10061771538813093,0.010713755197013855,0.021520052569003096
1000.0,270.0,0.0001,2.5331548506133394,0.9507502093992961,1.8949838462035283e-05,0.1392465471590089,0.7225924555830848,0.07954123980368151,0.10045520031077926,0.018895313725540104,0.03763986284058336
1000.0,270.0,0.00017782794100389227,2.53136721573616,0.9419770213741521,1.8587528536605927e-05,0.13858238866853834,0.7205461664439615,0.08977909899917541,0.100174567450959,0.033116668087612405,0.06503393883677745
1000.0,270.0,0.00031622776601683794,2.5283284455509856,0.9272507990874125,1.797620729251336e-05,0.13746099666981745,0.7170889796695715,0.1070488142188925,0.09970043086470766,0.05741846907153718,0.11009057482942587
1000.0,270.0,0.0005623413251903491,2.5233279172230016,0.9035228817859353,1.698260719174415e-05,0.13563624253547785,0.7114574180356811,0.13510536500482467,0.09892806170421915,0.09776010156233955,0.1803580201662491
1000.0,270.0,0.001,2.515522665164887,0.8677113636267926,1.546200681456478e-05,0.13283857475891478,0.7028090216714937,0.17801310596479178,0.09774186774613562,0.16161240114813674,0.28133696315865087
1000.0,270.0,0.0017782794100389228,2.504289693563447,0.8186950714245007,1.3336902945685043e-05,0.12891833048044296,0.6906613549968549,0.23791739485018928,0.09607558808543723,0.25543084961373697,0.4106173560657756
1000.0,270.0,0.0031622776601683794,2.4898756594673066,0.7599260234761609,1.071572486268378e-05,0.1240659437404247,0.6755777505073143,0.3117053046942993,0.09400637127562854,0.3792294013601883,0.5536970834554793
1000.0,270.0,0.005623413251903491,2.4738722034418354,0.6997479766132069,7.938942072585322e-06,0.11890450194125413,0.659475049134881,0.38975003480737763,0.09179708390798309,0.5213115712295622,0.6886334131303127
1000.0,270.0,0.01,2.4587219096857678,0.6473281306459777,5.43362637566034e-06,0.1142285688058947,0.6448341560809928,0.46005252315772066,0.08978811489565217,0.6604623519255037,0.7979926725692411
1000.0,270.0,0.01778279410038923,2.4463961285886087,0.6077084366062688,3.4800336386764795e-06,0.11056938493898888,0.6333409875882224,0.5147964943976397,0.08821090194451442,0.7771083545630137,0.8762441608581545
1000.0,270.0,0.03162277660168379,2.4375476187733205,0.5808370417250853,2.1226616087777606e-06,0.108020051763011,0.625314784207963,0.5527924279602465,0.08710937620034338,0.8627985646669389,0.9273832452591974
1000.0,270.0,0.05623413251903491,2.4317509145874294,0.5639119747966983,1.2532986401544688e-06,0.10638421485453807,0.6201562213548402,0.5771099134797365,0.08640137100588145,0.919836006021313,0.9588519874122248
1000.0,270.0,0.1,2.428178104777784,0.5537391630873526,7.251474474450912e-07,0.10538925121675001,0.6170154371641617,0.5918762820683109,0.08597028854076648,0.9553511561466808,0.9775045684000073
1000.0,270.0,0.1778279410038923,2.4260582420395265,0.5477947676668342,4.1451447843119775e-07,0.10480363628631793,0.6151656738424629,0.6005586415654504,0.08571639748490906,0.9765542693607167,0.988315999567826
1000.0,270.0,0.31622776601683794,2.4248287832496573,0.5443780147833233,2.3528325857043938e-07,0.1044655980718015,0.61409752460895,0.6055673922419792,0.0855697858299472,0.9888963210219412,0.994501428238897
1000.0,270.0,0.5623413251903491,2.424125138927993,0.5424326453962174,1.3301045847093774e-07,0.1042726652889727,0.6134877727347605,0.6084252371953224,0.08548609220738729,0.9959747898291045,0.998013881540713
1000.0,270.0,1.0,2.4237254873868586,0.5413309894733851,7.502076868049595e-08,0.10416325424234481,0.6131419416776054,0.6100455679425024,0.0854386237581986,1.0,1.0
1000.0,280.0,0.0,2.5628966264898563,1.0900134943335407,2.7850790084588153e-05,0.14814555399037688,0.7122855053581686,0.045271727226568685,0.11274101596931652,0.0,0.0
1000.0,280.0,1e-08,2.5628963018802957,1.0900116651076002,2.7850694604936522e-05,0.14814542727196126,0.7122852463809256,0.045273264073562476,0.11274095286755127,2.582894373512825e-06,4.95752684973326e-06
1000.0,280.0,1.7782794100389228e-08,2.56289604924469,1.0900102414682968,2.7850615753913237e-05,0.1481453044920173,0.7122849286724419,0.04527445277968937,0.11274088537227064,4.593098685361262e-06,8.815833975712949e-06
1000.0,280.0,3.162277660168379e-08,2.5628955999908056,1.0900077098605552,2.7850488155972085e-05,0.14814515328684733,0.7122846864654991,0.04527658713122226,0.11274081643486496,8.16778373600427e-06,1.567690869617336e-05
1000.0,280.0,5.6234132519034905e-08,2.5628948011008466,1.0900032080201443,2.7850244072910604e-05,0.14814479301288425,0.7122838163427142,0.0452803546222881,0.11274062429537826,1.452450967118898e-05,2.7877584498726e-05
1000.0,280.0,1e-07,2.562893380479629,1.0899952026971795,2.784983531268454e-05,0.14814428681953992,0.7122829155417015,0.045287095214457604,0.1127403849515159,2.5828345652675404e-05,4.957306112085225e-05
1000.0,280.0,1.7782794100389227e-07,2.5628908543078404,1.0899809676512218,2.7849087720514196e-05,0.14814327641957345,0.7122807834823166,0.0452990476596288,0.1127398754207727,4.5929095592490575e-05,8.815135971543484e-05
1000.0,280.0,3.162277660168379e-07,2.5628863623520592,1.0899556558333043,2.7847766476516926e-05,0.14814152278781395,0.712277199152488,0.04532031401885128,0.11273900213013495,8.167185690149115e-05,0.00015674701579412338
1000.0,280.0,5.62341325190349e-07,2.562878375295976,1.089910650897266,2.7845417248796398e-05,0.14813840477076987,0.7122708261449451,0.04535812656915814,0.11273744939466349,0.00014522618615853543,0.00027870605917304275
1000.0,280.0,1e-06,2.562864174912576,1.0898306402483244,2.7841245180671003e-05,0.14813288549996195,0.7122596118613993,0.045425359492695556,0.11273470721211992,0.00025822366351174,0.0004955099816259966
1000.0,280.0,1.778279410038923e-06,2.5628389316211213,1.0896884243890896,2.78338165481119e-05,0.14812300763381184,0.7122393551687012,0.045544848015193595,0.11272978177363606,0.0004591019154397757,0.0008808162004223741
1000.0,280.0,3.162277660168379e-06,2.5627940703016843,1.0894357315636558,2.7820628721106513e-05,0.1481055219563466,0.7122036815694487,0.045757195226886205,0.11272108038440833,0.0008161210044860094,0.0015652664544598554
1000.0,280.0,5.623413251903491e-06,2.562714383731145,1.0889870256625303,2.779719521567125e-05,0.14807440073225597,0.7121400017819499,0.04613429015044752,0.1127055757046653,0.001450373511046485,0.00278010117871629
1000.0,280.0,1e-05,2.5625729607398666,1.0881911584374298,2.7755633510544738e-05,0.14801925310890254,0.7120273400128228,0.046803324013687225,0.11267811818081888,0.0025762725248398943,0.004933144392020636
1000.0,280.0,1.778279410038923e-05,2.5623223590910276,1.0867823545038338,2.768202238336488e-05,0.14792154340198932,0.7118275943753926,0.047988108496794225,0.11262945668386878,0.00457220034336151,0.008739024476113471
1000.0,280.0,3.1622776601683795e-05,2.5618795060403854,1.0842973726814333,2.7552073509343672e-05,0.14774902113928834,0.7114747965447517,0.05007952105354386,0.11254352604381991,0.00810193103753348,0.015435654948750226
1000.0,280.0,5.623413251903491e-05,2.5611006842937574,1.0799413833984792,2.7323979542749924e-05,0.14744621013455095,0.7108556038523112,0.05375053805617395,0.112392704227619,0.014317566315549644,0.027123720542419814
1000.0,280.0,0.0001,2.5597425724054625,1.0723885619950368,2.692751734850769e-05,0.14691970761811557,0.7097783747564905,0.060130569283515546,0.11213040802765424,0.02518112477451361,0.04723837109382912
1000.0,280.0,0.00017782794100389227,2.5574089188444216,1.0595376672150099,2.6250125951068413e-05,0.14601980574439538,0.7079359712456527,0.07102998562681505,0.111681975690116,0.04392163426117873,0.08102999233803072
1000.0,280.0,0.00031622776601683794,2.55349862634194,1.0383603570301072,2.5125894284102135e-05,0.1445252884041511,0.7048725220469835,0.08911476287085693,0.11093689012256129,0.07553296787073258,0.1355621251248826
1000.0,280.0,0.0005623413251903491,2.5472145796818126,1.005241013181115,2.3347205711249947e-05,0.14215821112939062,0.7000111445023137,0.11771605674184143,0.10975590243081895,0.12688837221670168,0.2181027728859969
1000.0,280.0,0.001,2.537762920356516,0.9574780659367834,2.0735654191894538e-05,0.13867696886551378,0.6928402797863057,0.1596840678970262,0.10801700851415955,0.2054339738404069,0.331663110043799
1000.0,280.0,0.0017782794100389228,2.524872209246006,0.896115818466161,1.7293710548456077e-05,0.1340781133743914,0.6833281015237609,0.21494916139919693,0.10571613330309462,0.3151295733253631,0.4689781444951431
1000.0,280.0,0.0031622776601683794,2.509449766215022,0.8280661157260922,1.3350514446398513e-05,0.1287941260024235,0.6723424764488466,0.2781941930914244,0.10306711581739088,0.4503610372953417,0.6113015890243497
1000.0,280.0,0.005623413251903491,2.4936420903255923,0.76392556849196,9.49754766711862e-06,0.12361457405641894,0.6615138793524783,0.3399189019252685,0.10046473605018585,0.5936092656099173,0.7370913027794358
1000.0,280.0,0.01,2.479810124269732,0.7120984643151671,6.275678306340054e-06,0.11927042335149192,0.652384592363742,0.3914757601443261,0.09827759671044632,0.7229142383953346,0.833544943593112
1000.0,280.0,0.01778279410038923,2.469286579889065,0.6751659266401024,3.914072559471128e-06,0.11607831382555925,0.6456477651071012,0.4292315641124582,0.09666775421937712,0.8238281878891992,0.8997546132004558
1000.0,280.0,0.03162277660168379,2.4621020086257452,0.6511225074169937,2.3448187813008596e-06,0.11395340001085835,0.6411494643421765,0.45430288680321224,0.09559481070623943,0.8940068827667894,0.9418235914395057
1000.0,280.0,0.05623413251903491,2.4575529209521005,0.6363705483747407,1.3688514144586381e-06,0.11263029231303731,0.6383429084077923,0.4698885991858354,0.09492619193372655,0.9389878307018128,0.9672555082112974
1000.0,280.0,0.1,2.4548087037270574,0.6276437537334211,7.866192753015661e-07,0.11184036174537487,0.6366651375442105,0.4791838697561305,0.09452680105089703,0.9663287194854014,0.9821695722793783
1000.0,280.0,0.1778279410038923,2.4532014216818543,0.6225917144326472,4.478632723462535e-07,0.11138057692765697,0.6356879118834554,0.4845912494841841,0.09429426922305602,0.9824146991867111,0.9907601689904918
1000.0,280.0,0.31622776601683794,2.452276285250903,0.6197034565508178,2.5363001115057955e-07,0.11111688876877171,0.6351272523007554,0.4876914225986496,0.09416089074618206,0.9916979923017674,0.99565735683607
1000.0,280.0,0.5623413251903491,2.4517491158473033,0.6180640290292427,1.4319507052959427e-07,0.11096693272171769,0.6348082999920193,0.48945394516624013,0.09408502942984676,0.9969958533492586,0.9984325739554177
1000.0,280.0,1.0,2.4514504408438293,0.6171372395646165,8.070538724305635e-08,0.11088208704530245,0.6346278609995353,0.49045130101200946,0.09404210923677539,1.0,1.0
1000.0,290.0,0.0,2.5941259600992765,1.2543761044299857,4.115243828764706e-05,0.15746393197324554,0.6925591993692551,0.03303577723683709,0.12772256497089565,0.0,0.0
1000.0,290.0,1e-08,2.594125488037929,1.2543730665790789,4.1152236585346625e-05,0.15746371647832247,0.6925588979414268,0.03303747771023181,0.12772242741610865,3.5428147344438136e-06,6.536363331361173e-06
1000.0,290.0,1.7782794100389228e-08,2.594125120644908,1.2543707023045112,4.115207817140414e-05,0.15746354327533632,0.6925586392057732,0.033038799990393136,0.1277223159085775,6.300097173619699e-06,1.1623421289451089e-05
1000.0,290.0,3.162277660168379e-08,2.5941244673231547,1.2543664980117952,4.1151814466114505e-05,0.15746330413502913,0.6925584819666304,0.033041165797942335,0.127722173472869,1.1203278307828e-05,2.0669504057397805e-05
1000.0,290.0,5.6234132519034905e-08,2.5941233055524133,1.254359021756684,4.1151327535297176e-05,0.15746281001816226,0.6925578994671894,0.033045358337551824,0.12772186432790084,1.9922385921180006e-05,3.6755563111713925e-05
1000.0,290.0,1e-07,2.5941212396560833,1.2543457273669443,4.115047966126068e-05,0.15746200023284074,0.692557166533967,0.033052828054485596,0.1277213704568668,3.5427020930513004e-05,6.535979425769203e-05
1000.0,290.0,1.7782794100389227e-07,2.5941175660942553,1.2543220877476793,4.1148960469650136e-05,0.15746051620457044,0.6925556693452846,0.03306610128004272,0.12772045650699818,6.299740981033193e-05,0.00011622207341197225
1000.0,290.0,3.162277660168379e-07,2.594111034041135,1.2542800547064124,4.114625272689412e-05,0.15745785268879958,0.69255289825383,0.03308969715763847,0.12771881132415322,0.00011202151988543363,0.0002066566559729775
1000.0,290.0,5.62341325190349e-07,2.594099420015926,1.2542053234117265,4.11414564661715e-05,0.15745318589962295,0.6925482740814543,0.03313166403199164,0.12771594208675335,0.00019918824527456101,0.0003674342697900073
1000.0,290.0,1e-06,2.594078772693702,1.2540724783261277,4.113291861968027e-05,0.1574448456501241,0.6925398597759507,0.033206259399671714,0.1277108056765135,0.0003541576072950193,0.0006532142848700233
1000.0,290.0,1.778279410038923e-06,2.594042073872595,1.2538363944365505,4.1117738196205064e-05,0.1574299980273412,0.692524795982091,0.03333882908466328,0.1277016567890999,0.0006296181269127878,0.0011610081790409943
1000.0,290.0,3.162277660168379e-06,2.5939768696186896,1.253417050672535,4.109078871568437e-05,0.15740369040122362,0.6924983373430905,0.03357434808322174,0.12768545978203424,0.0011190901238957768,0.0020627359261898314
1000.0,290.0,5.623413251903491e-06,2.593861096585084,1.2526728525076876,4.1042946952081064e-05,0.1573569731586509,0.6924512839621058,0.03399240058570167,0.127656693122519,0.0019883280496409525,0.003662250498972417
1000.0,290.0,1e-05,2.593655781906241,1.2513542219078504,4.09581205377847e-05,0.15727406894562065,0.6923674570478568,0.03473339374619081,0.12760562514276555,0.003530355115838734,0.006494023357381072
1000.0,290.0,1.778279410038923e-05,2.5932924422111827,1.2490242723572107,4.0808165469172035e-05,0.1571275895104486,0.6922197002942825,0.03604357190107664,0.1275154159393339,0.0062608041652264385,0.0114902034902838
1000.0,290.0,3.1622776601683795e-05,2.5926518530806932,1.2449275985838328,4.054417409363225e-05,0.15686964675308646,0.6919591890562174,0.03834986624106527,0.12735654377922836,0.011079624335176229,0.020251964365551166
1000.0,290.0,5.623413251903491e-05,2.591529876038195,1.237786565001029,4.0083062394387416e-05,0.1564190922094165,0.6915041120548457,0.042378226261805624,0.127079036049202,0.019534694767199573,0.035455665119342755
1000.0,290.0,0.0001,2.58958725024255,1.2255246130457245,3.9288397085709875e-05,0.15564239457556628,0.6907185890918994,0.04931981716020692,0.1266005893985768,0.03421936157525195,0.06135949044329733
1000.0,290.0,0.00017782794100389227,2.58628979010746,1.2050042495195776,3.795028632854006e-05,0.15433404578024054,0.6893931304951476,0.06100688237109139,0.1257945157583586,0.059277354315024657,0.10414834138727903
1000.0,290.0,0.00031622776601683794,2.5808765159230616,1.1721022395635372,3.5782654942637434e-05,0.15221331417199432,0.6872386986028832,0.07993459130369247,0.12448758935300695,0.10077560509222992,0.17133803521367424
1000.0,290.0,0.0005623413251903491,2.5724586470338737,1.1228175572187558,3.2482370690907086e-05,0.1489811199229323,0.6839400717894913,0.10874149714527111,0.12249484248789376,0.16620802144397526,0.26888609933403784
1000.0,290.0,0.001,2.560409962948953,1.0560720997040591,2.7903895673046747e-05,0.14449036795616774,0.6793264319003506,0.1486826781496777,0.119724393991181,0.2617950547207462,0.39551285343889997
1000.0,290.0,0.0017782794100389228,2.545059272152194,0.9770996377131613,2.2309345959075467e-05,0.13899191845828998,0.6736272476302818,0.19745064595919676,0.1163293774158874,0.3869303399827719,0.5379838053561619
1000.0,290.0,0.0031622776601683794,2.5281548776489857,0.8973812594800628,1.6443916544024987e-05,0.13321347892004723,0.6675755913409956,0.2485338074659957,0.11275789413466361,0.5291668013894698,0.6746433495112786
1000.0,290.0,0.005623413251903491,2.5122807540293253,0.8288486145447486,1.1203928989362622e-05,0.12803859220029856,0.6620991039423685,0.2941276472871753,0.10955616975558881,0.6670600831376547,0.7870744856918868
1000.0,290.0,0.01,2.4994551755979395,0.7775897760848062,7.1509302281098385e-06,0.12402728251677962,0.6578150011992768,0.3293643285514368,0.10707210814383537,0.7815932650268606,0.8684631148953408
1000.0,290.0,0.01778279410038923,2.490295664971039,0.7430794624602404,4.351421775584643e-06,0.12125188090240312,0.6548297927466473,0.35368749515391457,0.10535218703385248,0.8651236658592851,0.9220819560062946
1000.0,290.0,0.03162277660168379,2.4843164144340895,0.7214460435238969,2.5653853592792566e-06,0.11947918462873923,0.6529139426675614,0.36919841292923944,0.10425311718195547,0.9204407926893449,0.9552470909709061
1000.0,290.0,0.05623413251903491,2.48063933091611,0.7084808950397242,1.4829624835272153e-06,0.11840397530630785,0.651748002529125,0.37859584891979553,0.1035862636899856,0.9547713456686014,0.9749668727668186
1000.0,290.0,0.1,2.478460543654919,0.7009177403554792,8.472524749854473e-07,0.11777228800573858,0.6510620536621944,0.38411427370318524,0.1031944309947999,0.9752259070438242,0.9864179767838784
1000.0,290.0,0.1778279410038923,2.4771979099078316,0.6965748294584145,4.807631377852061e-07,0.1174079666200907,0.6506657609803097,0.3872951613919074,0.10296840517043813,0.9871180435262146,0.9929763542201544
1000.0,290.0,0.31622776601683794,2.4764756080706474,0.6941035311927463,2.7173787961950624e-07,0.117200167447361,0.6504396797483485,0.3891093290891525,0.1028394834082476,0.9939337691827085,0.9967028542615212
1000.0,290.0,0.5623413251903491,2.476065466078202,0.6927044898671366,1.532508720650229e-07,0.11708235557811794,0.6503114139734587,0.3901376325375136,0.1027663860150298,0.9978080403078863,0.9988107320316133
1000.0,290.0,1.0,2.475833558623114,0.6919147785737765,8.631951836035223e-08,0.1170157995615903,0.6502389251874054,0.39071848396045045,0.10272508920370362,1.0,1.0
1000.0,300.0,0.0,2.63088966599675,1.4824753556491364,6.357530475813451e-05,0.16925550144149348,0.6645033627576118,0.023272538009143667,0.14795278001036646,0.0,0.0
1000.0,300.0,1e-08,2.630888909986334,1.4824696393934231,6.3574886054117e-05,0.16925523292176514,0.6645035476845016,0.023274522742406125,0.1479525754328959,5.009486012878985e-06,9.155312366595255e-06
1000.0,300.0,1.7782794100389228e-08,2.6308883216049628,1.4824651906109347,6.357452602685536e-05,0.1692549329901258,0.6645033345305649,0.023276054893743667,0.14795233671276448,8.908231169679355e-06,1.6280587595144294e-05
1000.0,300.0,3.162277660168379e-08,2.6308872753114207,1.4824572795658875,6.357392957405237e-05,0.1692545161561191,0.6645034129532533,0.02327879546987085,0.1479520140629311,1.584121445953644e-05,2.8951067269937885e-05
1000.0,300.0,5.6234132519034905e-08,2.6308854147500313,1.4824432119387476,6.357284222389629e-05,0.16925370379504112,0.6645032731330873,0.023283659067405024,0.14795137813609446,2.8169758894801375e-05,5.148192809997506e-05
1000.0,300.0,1e-07,2.6308821062812724,1.4824181970995127,6.357092582089865e-05,0.1692523048326701,0.6645032034339837,0.023292313763626338,0.14795028717227532,5.0092606193211195e-05,9.154558874883315e-05
1000.0,300.0,1.7782794100389227e-07,2.6308762233081175,1.482373717939096,6.356750861102733e-05,0.1692497917474022,0.6645029791956216,0.02330769942460465,0.14794832496399934,8.907518443170818e-05,0.00016278205031663453
1000.0,300.0,3.162277660168379e-07,2.6308657630303753,1.482294634884363,6.356145940947792e-05,0.16924539439463074,0.6645028590562849,0.02333506512511712,0.1479448981489868,0.00015838960791939952,0.0002894353399137732
1000.0,300.0,5.62341325190349e-07,2.630847165819266,1.4821540452243902,6.35506879662947e-05,0.16923753115885748,0.6645024665001624,0.023383709825038988,0.14793876608072656,0.0002816263313644419,0.0005145811167670669
1000.0,300.0,1e-06,2.630814107694845,1.4819041705999627,6.353154236402493e-05,0.16922355475717157,0.6645017689390678,0.023470172984264875,0.1479278667236759,0.0005007007798774024,0.0009147030773600945
1000.0,300.0,1.778279410038923e-06,2.630755361913453,1.4814602440438835,6.349753415017925e-05,0.16919874700905532,0.6645006293026634,0.02362380356315053,0.14790852304616786,0.0008900397445662783,0.0016254417694888388
1000.0,300.0,3.162277660168379e-06,2.6306510243296066,1.4806721451914693,6.343712107770608e-05,0.1691546259297705,0.6644983247767572,0.023896585640313904,0.1478741131715031,0.0015816459334123335,0.0028868416269693963
1000.0,300.0,5.623413251903491e-06,2.6304658892642703,1.479274865515067,6.332998955266683e-05,0.16907641688905858,0.6644944085495414,0.024380394603476546,0.14781312232152713,0.0028091573329306592,0.005122115383053728
1000.0,300.0,1e-05,2.6301379461995587,1.476803248411654,6.314037848838096e-05,0.16893801012789025,0.6644875563552971,0.02523672054823491,0.14770518854778816,0.004984590542324446,0.009072425173791632
1000.0,300.0,1.778279410038923e-05,2.629558781986504,1.472449104882139,6.280595590833691e-05,0.16869383739463997,0.6644751438475831,0.02674689434728677,0.14751476738930566,0.008829808710734273,0.016020312904126047
1000.0,300.0,3.1622776601683795e-05,2.6285413607268464,1.4648336065409207,6.221994027736532e-05,0.1682659916733125,0.6644535183675003,0.02939326194409307,0.14718110957244362,0.015594911812843334,0.028138141560645216
1000.0,300.0,5.623413251903491e-05,2.626770592227903,1.4516802563486202,6.120433821990463e-05,0.16752435571791502,0.6644152189259687,0.03397919905623997,0.14660272094292445,0.027400212612314276,0.04896631914251894
1000.0,300.0,0.0001,2.6237379354489376,1.4294483424842706,5.947778355654814e-05,0.16626329992766942,0.6643487508124226,0.0417747963983946,0.14561921334728326,0.047709851287776224,0.08388256786880847
1000.0,300.0,0.00017782794100389227,2.6186846007966817,1.3932147771179149,5.66362340592439e-05,0.16418701715074382,0.6642347897271973,0.05460258520522772,0.14399979358678622,0.08180978242081853,0.1400345993548565
1000.0,300.0,0.00031622776601683794,2.6106363207208396,1.3375381129675674,5.2200434242179915e-05,0.16094368043263704,0.6640452677836567,0.07462195227915876,0.14146983728528734,0.13678858908078778,0.2245721475805491
1000.0,300.0,0.0005623413251903491,2.5986952578261673,1.2593171373576928,4.581717767293813e-05,0.15627170158733478,0.6637471266627701,0.10341854445248107,0.1378248608910405,0.21988604853911708,0.3399929972617604
1000.0,300.0,0.001,2.5827149131786142,1.1622944874659962,3.763095914557084e-05,0.15027153871913382,0.6633185498122733,0.1403271173848124,0.13314255291984467,0.3339782902613169,0.47820353519244707
1000.0,300.0,0.0017782794100389228,2.5640367708829594,1.0590649360402364,2.8554642483146286e-05,0.14360685033526632,0.6627780411279599,0.18121818438465134,0.12794010516204762,0.47157552024122196,0.6199142991259375
1000.0,300.0,0.0031622776601683794,2.545363525647194,0.9657690863235823,1.9981450099384644e-05,0.13729878497863876,0.6621983982111588,0.2198101641166411,0.12301438122864616,0.6137761256664848,0.7438770540450063
1000.0,300.0,0.005623413251903491,2.5293952641842585,0.893089354952347,1.3025445354400002e-05,0.1321706613240346,0.661674363080696,0.2510972344748242,0.11900874315948168,0.7391068050253319,0.8381241360443481
1000.0,300.0,0.01,2.51746816464891,0.8427133314437955,8.044672755891556e-06,0.12849273805831715,0.6612668699605136,0.273484882995486,0.1161351037487131,0.8349865529953406,0.9024187926547371
1000.0,300.0,0.01778279410038923,2.509431782220127,0.8105319461546067,4.788404690780059e-06,0.12608535592341938,0.6609849675706154,0.2881139400282608,0.1142537958033164,0.9006911210240621,0.943102980514275
1000.0,300.0,0.03162277660168379,2.504386979143447,0.7910213859827872,2.78425259370316e-06,0.12460245832710536,0.6608049212999049,0.2971146946271703,0.113094793320213,0.942392247594753,0.9676347558836457
1000.0,300.0,0.05623413251903491,2.5013598458809154,0.779562339891763,1.5962079110782342e-06,0.123722989257241,0.6606959289186587,0.30244920657188623,0.11240736445113872,0.9675841313383708,0.9819989372403982
1000.0,300.0,0.1,2.4995924448779325,0.7729564574638319,9.075568628005235e-07,0.12321305509437722,0.6606319470676891,0.3055409836671506,0.11200876000839911,0.9823512491729405,0.9902654251835368
1000.0,300.0,0.1778279410038923,2.498577006413068,0.7691890070047551,5.135554626504429e-07,0.12292122328199273,0.6605949063084452,0.30730969404089076,0.11178063110424954,0.9908551300000205,0.9949754411584607
1000.0,300.0,0.31622776601683794,2.497998986624507,0.7670534841011748,2.898149334872877e-07,0.12275550385818415,0.6605738846454657,0.30831409279955657,0.11165108627133105,0.9957022060407982,0.9976438125601668
1000.0,300.0,0.5623413251903491,2.497671696649117,0.7658471892599426,1.6329971493809217e-07,0.12266179257255098,0.6605619741442433,0.3088820240722754,0.111577830488497,0.9984488064024097,0.9991506447495884
1000.0,300.0,1.0,2.4974869318990853,0.7651671228585641,9.19332132144746e-08,0.12260893563588122,0.6605552827565532,0.3092024035885543,0.11153651192614887,1.0,1.0
1000.0,310.0,0.0,2.674158411023756,1.8092637870078871,0.00010396616702269571,0.18440224300018923,0.6243796379928466,0.013775871740211103,0.17690519340448307,0.0,0.0
1000.0,310.0,1e-08,2.674157086485509,1.8092515728985774,0.00010396506391991652,0.1844016446806126,0.6243801003676029,0.013778318728158564,0.17690459831732955,7.375589296464738e-06,1.3868783586260861e-05
1000.0,310.0,1.7782794100389228e-08,2.6741560556403305,1.8092420671154195,0.00010396420535537994,0.18440117892573296,0.6243804598659021,0.013780223124800857,0.1769041350823533,1.3115783396754797e-05,2.466230628594936e-05
1000.0,310.0,3.162277660168379e-08,2.674154222543427,1.809225163623734,0.00010396266374894654,0.18440032432046982,0.6243810098101484,0.013783607624434226,0.17690328603067268,2.3323289805593704e-05,4.3855630307110975e-05
1000.0,310.0,5.6234132519034905e-08,2.674150962892028,1.8091951059052782,0.0001039599639614407,0.18439887827831236,0.6243822370121379,0.013789631468084068,0.17690184687070246,4.147457420840607e-05,7.79849045330236e-05
1000.0,310.0,1e-07,2.6741451666596734,1.8091416593505598,0.00010395513677920195,0.184396259898606,0.6243842596833828,0.013800339247526787,0.17689924264344245,7.375100398814825e-05,0.00013867053961745052
1000.0,310.0,1.7782794100389227e-07,2.6741348604096182,1.8090466305665676,0.00010394653883334872,0.18439157772537382,0.6243877661458109,0.013819376224222643,0.1768945867139715,0.0001311423746411543,0.000246568373817793
1000.0,310.0,3.162277660168379e-07,2.674116536402179,1.8088776874860808,0.00010393129429361318,0.18438332704638213,0.6243942494903062,0.013853227041369464,0.17688637969962817,0.00023318401685409787,0.00043838339760977907
1000.0,310.0,5.62341325190349e-07,2.6740839618965198,1.8085774006004214,0.00010390416971306007,0.18436861386032546,0.6244056143074733,0.013913395173442832,0.17687174604712322,0.0004145911969626757,0.000779302475247877
1000.0,310.0,1e-06,2.674026069134321,1.8080438524228548,0.00010385595461106381,0.184342442082309,0.6244257194296348,0.014020311356237403,0.17684571668061405,0.0007370214984727182,0.001384978141485963
1000.0,310.0,1.778279410038923e-06,2.6739232264103516,1.8070964619893874,0.00010377036634668521,0.18429603449336163,0.6244616739053416,0.014210198933627521,0.17679955903566208,0.0013098798157902293,0.0024602281446079906
1000.0,310.0,3.162277660168379e-06,2.6737406802305275,1.8054161735637255,0.00010361847246165026,0.18421362283433756,0.6245252116752154,0.014547094202338838,0.1767175938693278,0.0023269632938210843,0.004366618122270157
1000.0,310.0,5.623413251903491e-06,2.673417123299143,1.8024421034018911,0.00010334948264162705,0.1840677096655533,0.6246378884139364,0.015143761674884723,0.17657246970334295,0.00413052056863357,0.007738786191422224
1000.0,310.0,1e-05,2.6728450807153914,1.7971970665617651,0.00010287457142771209,0.1838100869550506,0.6248367827806925,0.016197184775563412,0.17631624044149932,0.007321714482841229,0.01367939341124211
1000.0,310.0,1.778279410038923e-05,2.671838234559781,1.7880057167490737,0.00010204072182610577,0.1833577286378726,0.6251858759888771,0.018046740144769504,0.1758663300967179,0.0129463812559591,0.024069712858043258
1000.0,310.0,3.1622776601683795e-05,2.6700799642451143,1.7720774341230459,0.00010059077861296387,0.18257108828115592,0.6257926112406973,0.021262742961228508,0.17508394949923917,0.022792935216601636,0.04201615526069833
1000.0,310.0,5.623413251903491e-05,2.667051157188984,1.7450011083986332,9.811147778777872e-05,0.1812257566636252,0.626828875329902,0.026761438478512152,0.1737459148042728,0.03982666914358539,0.07235222948503808
1000.0,310.0,0.0001,2.6619543861732264,1.700451798092475,9.399134054632039e-05,0.17898941231347357,0.6285475452756616,0.035898001489479615,0.17152173328420703,0.0686964970690712,0.12180836597865467
1000.0,310.0,0.00017782794100389227,2.6537056279544116,1.630962212102157,8.745887289025673e-05,0.17544202426606742,0.6312637810706878,0.050380812705267425,0.16799372317511585,0.11596964753494904,0.197865041618322
1000.0,310.0,0.00031622776601683794,2.641160107653941,1.5311582239516988,7.783630779641236e-05,0.17021272774076698,0.635244736837118,0.0717071500241328,0.1627931881373263,0.18917523664797875,0.30493494782089675
1000.0,310.0,0.0005623413251903491,2.6237686206875432,1.4037067067084772,6.509550688434195e-05,0.16328120261928789,0.64047581484794,0.09992977544948412,0.15590017469044867,0.29328436635788935,0.4383122638193668
1000.0,310.0,0.001,2.6025084955939235,1.2634941487245333,5.0414650270493236e-05,0.15528224792890866,0.6464410350692764,0.1324270592552604,0.14794626779397416,0.4247261882595394,0.5812896544048299
1000.0,310.0,0.0017782794100389228,2.5801668300866822,1.132580864245745,3.597945867126249e-05,0.14740302960358728,0.6522327798159465,0.1643535933299245,0.1401121365473582,0.5678351934083106,0.7118724382902318
1000.0,310.0,0.0031622776601683794,2.5601244532073224,1.0278189004408749,2.383819288791466e-05,0.14076352213926788,0.6570394864572888,0.1911829578558808,0.1335112475250704,0.7005792904835181,0.8148034356712955
1000.0,310.0,0.005623413251903491,2.5445456385000704,0.9537986259170088,1.4897164457259725e-05,0.13586585947359425,0.6605363337854607,0.21092485106866435,0.12864248595362976,0.8066169844430486,0.8869188110679169
1000.0,310.0,0.01,2.5337364419191926,0.9059257637012303,8.936310232190601e-06,0.1325964092434931,0.6628454579272999,0.22407837239938797,0.12539254242157552,0.8816588364646609,0.9333736043610796
1000.0,310.0,0.01778279410038923,2.5268166522721365,0.8766856047349458,5.221104040993474e-06,0.1305567501095065,0.6642746551134365,0.23227287297180588,0.12336514890421799,0.9303301748376367,0.9616996616433563
1000.0,310.0,0.03162277660168379,2.5226131838109644,0.8594378300114327,3.001814948380306e-06,0.1293376942192043,0.6651249481502517,0.23716662202304106,0.12215345697790454,0.9601363065674975,0.9783969404930715
1000.0,310.0,0.05623413251903491,2.520140871980197,0.8494703247280538,1.7095766866709522e-06,0.12862755388979089,0.6656184167032448,0.2400155347349127,0.1214476221274553,0.9777518958489237,0.988043721050784
1000.0,310.0,0.1,2.5187143317211445,0.8437777311020629,9.683110400679013e-07,0.12822015708904386,0.6659012783415208,0.2416496788543914,0.12104269729724715,0.9879447768267913,0.9935525355633488
1000.0,310.0,0.1778279410038923,2.517900297419505,0.8405484224107468,5.46742241818749e-07,0.12798839485979802,0.6660617827434715,0.24257890802065346,0.12081234482545877,0.9937705612992314,0.9966774390925337
1000.0,310.0,0.31622776601683794,2.5174387233183735,0.8387234684505278,3.081625931644489e-07,0.12785724603572002,0.6661526855282455,0.243104814273324,0.1206819930965921,0.9970769233612402,0.9984433517034762
1000.0,310.0,0.5623413251903491,2.5171779443905513,0.8376943663151108,1.735168203376587e-07,0.12778318190338797,0.6662037349647663,0.24340152433995008,0.1206083815384906,0.9989459102506978,0.9994391489877614
1000.0,310.0,1.0,2.5170309106570907,0.8371147540571862,9.764677998799103e-08,0.1277415016656987,0.6662327785235903,0.2435688159983082,0.120566953320314,1.0,1.0
1000.0,320.0,0.0,2.7260071251698967,2.2983548242837846,0.0001828525313905894,0.20392795545309259,0.5657612189349439,0.0059254622565835195,0.21959582150454934,0.0,0.0
1000.0,320.0,1e-08,2.726004584171338,2.298324950362689,0.00018284928953400746,0.20392667710710694,0.5657629738313452,0.005928737941814254,0.21959421968981532,1.1470806315184902e-05,2.3193291072022106e-05
1000.0,320.0,1.7782794100389228e-08,2.7260026066122616,2.298301700962314,0.00018284681053395695,0.2039257312900681,0.5657644757038042,0.005931288686800551,0.21959302590099994,2.0398116741558674e-05,4.1243407806380954e-05
1000.0,320.0,3.162277660168379e-08,2.7259990900630493,2.298260358885975,0.00018284230882221455,0.2039239451202492,0.5657668569648099,0.005935821417092994,0.21959079077116284,3.627297565785055e-05,7.333994978555311e-05
1000.0,320.0,5.6234132519034905e-08,2.72599283698278,2.2981868469839393,0.00018283439185737485,0.2039208669421865,0.5657713628807324,0.005943884180706828,0.2195869217934917,6.450166642566941e-05,0.00013041148209285986
1000.0,320.0,1e-07,2.7259817182921884,2.2980561408135545,0.00018282036494294366,0.203915449473215,0.5657795293307147,0.005958221931024171,0.219580102512409,0.00011469623254997368,0.00023188452810114657
1000.0,320.0,1.7782794100389227e-07,2.7259619494205807,2.2978237673061264,0.00018279531278498923,0.20390569092111,0.5657936965353532,0.005983709301484299,0.21956784193591405,0.00020394375943760695,0.00041228110914344257
1000.0,320.0,3.162277660168379e-07,2.7259268051704635,2.2974107274443387,0.00018275084980273566,0.20388842196486964,0.5658190962975956,0.006029018019192232,0.2195461313548462,0.0003626114827984033,0.0007329159382687855
1000.0,320.0,5.62341325190349e-07,2.725864341510778,2.296676812149097,0.00018267176648562676,0.20385765654185106,0.5658640195445063,0.006109532841584622,0.2195074668954926,0.0006446427657002764,0.0013025866298145882
1000.0,320.0,1e-06,2.725753366759183,2.2953735525111547,0.0001825313467388116,0.20380306136254545,0.5659439446559833,0.006252540178067845,0.21943884562709484,0.0011457806061144589,0.0023140180981925844
1000.0,320.0,1.778279410038923e-06,2.7255563479767217,2.2930618156829494,0.0001822821721583671,0.2037061811559056,0.566085765757806,0.006506304750503803,0.2193170761740776,0.002035704329012515,0.004107576377399026
1000.0,320.0,3.162277660168379e-06,2.72520701862649,2.288969219253994,0.00018184076868104062,0.20353457761893176,0.5663370779208127,0.006955862568919667,0.21910138194984874,0.003614329733643665,0.007281151839935963
1000.0,320.0,5.623413251903491e-06,2.724589034408031,2.2817488288555134,0.00018106101073572144,0.2032313758911435,0.5667807450390773,0.007749943328657735,0.21872029326538264,0.006409274839980363,0.012874994216646172
1000.0,320.0,1e-05,2.72350015669082,2.2690874793908677,0.0001796908145835672,0.20269861472328157,0.5675604963924153,0.00914534674950859,0.2180506680601586,0.011340959747336992,0.02266829100391157
1000.0,320.0,1.778279410038923e-05,2.721595044022776,2.2471204667145424,0.0001773046147082918,0.20177069218937188,0.568917841789787,0.011575274908823622,0.21688439877849366,0.019991098888272423,0.039612010899934436
1000.0,320.0,3.1622776601683795e-05,2.7183025251755564,2.209705299306837,0.00017321397668413794,0.2001797723298343,0.5712437581528618,0.015740598504136918,0.21488488727720878,0.03500559417649564,0.06833540496783783
1000.0,320.0,5.623413251903491e-05,2.7127309779715985,2.147943904932881,0.00016638687319948727,0.19752403431966273,0.5751227941836913,0.02269153987473465,0.21154723787060267,0.06060016761150967,0.11538542646580137
1000.0,320.0,0.0001,2.703630143656287,2.051109134114418,0.00015548689251213463,0.1932823800389758,0.5813080471749527,0.03378696572821774,0.20621689180194236,0.102914420152119,0.18828631169183174
1000.0,320.0,0.00017782794100389227,2.6895854641163988,1.9109845681607802,0.00013925936869824137,0.18696368259686263,0.5904969508373185,0.050299870170505745,0.19827746228993443,0.1694501199345334,0.2920476476800483
1000.0,320.0,0.00031622776601683794,2.669694557616337,1.7303014051826888,0.00011745268635427916,0.1784645168276027,0.6028044971142298,0.07247840893238587,0.1876005005081333,0.26624765170876197,0.42319404055825016
1000.0,320.0,0.0005623413251903491,2.6446779516338226,1.5294073367396155,9.186108154823589e-05,0.16847681196594277,0.6171808406244216,0.09848708156857787,0.17505726714696201,0.3922528707265477,0.5661640415976724
1000.0,320.0,0.001,2.61749956591887,1.340062021781192,6.619919499808984e-05,0.15844450856956901,0.6315100860857411,0.1245423454356811,0.16246275268597601,0.5345031003879782,0.6989497485104471
1000.0,320.0,0.0017782794100389228,2.5922822909819927,1.1875459958392751,4.4222492382181134e-05,0.1498364552458181,0.6436986629829399,0.14683215032617106,0.1516607569066648,0.6714295298096641,0.8051388173351952
1000.0,320.0,0.0031622776601683794,2.5720936483636003,1.0794108179814217,2.780428033752433e-05,0.14339378389993848,0.6527448073209587,0.163467170854703,0.14357928041858498,0.7844333434894613,0.8803512895854166
1000.0,320.0,0.005623413251903491,2.5577648586430124,1.0093800755855182,1.6746600113337437e-05,0.13904799950479757,0.6588039124267663,0.17466126752822986,0.13812988911448817,0.8664362564287618,0.9291614555756286
1000.0,320.0,0.01,2.548447285523611,0.9665930177209308,9.809078740760547e-06,0.13631848046186468,0.6625902285979334,0.18168003574288372,0.13470803245507743,0.9205517259319649,0.9590635540404977
1000.0,320.0,0.01778279410038923,2.542730400486415,0.9413557544276646,5.6481336363811045e-06,0.1346801776634491,0.6648550702614912,0.18588796294268767,0.13265450715696206,0.9540606751041484,0.9767397722364028
1000.0,320.0,0.03162277660168379,2.539347483210234,0.92677293115373,3.2195215114946033e-06,0.13372355051202575,0.6661749616387496,0.18834341611636357,0.13145553560869913,0.9739981776782901,0.9869690625892703
1000.0,320.0,0.05623413251903491,2.537388535274657,0.9184453313963535,1.824468059562428e-06,0.1331738573241588,0.6669322140423268,0.18975362235058404,0.1307666375331884,0.9855802629757304,0.9928160942094666
1000.0,320.0,0.1,2.5362683845848806,0.9137215647191201,1.0304539038742063e-06,0.13286097061923857,0.6673631081721576,0.1905562303302466,0.13037452083575612,0.9922151644008554,0.9961346563382979
1000.0,320.0,0.1778279410038923,2.5356324888982704,0.9110521764681797,5.808929838155881e-07,0.13268375952329398,0.6676067798486772,0.19101057228343182,0.1301524518498177,0.9959856349401861,0.998010584881355
1000.0,320.0,0.31622776601683794,2.5352729825708407,0.9095469320066261,3.271129764248095e-07,0.1325837692966902,0.6677445688881579,0.1912671185751807,0.1300271381478183,0.9981185414257694,0.9990686040912129
1000.0,320.0,0.5623413251903491,2.5350702074587876,0.9086991589707253,1.84092614944863e-07,0.13252738810139658,0.6678220667084288,0.19141165354967468,0.12995648624412287,0.9993219806990501,0.9996645580383461
1000.0,320.0,1.0,2.5349559850689602,0.9082220056683091,1.035683182595042e-07,0.13249565499404953,0.6678657556115899,0.19149304654990004,0.1299167181301097,1.0,1.0
1000.0,330.0,0.0,2.7844753313460417,3.0016118687528617,0.0003519026419319016,0.2270074999967291,0.4791375312417486,0.0014875081675502762,0.2857523960266632,0.0,0.0
1000.0,330.0,1e-08,2.7844700417524577,3.0015301574909206,0.0003518912997759971,0.22700457080049827,0.4791434360543854,0.0014922833508112813,0.28574766005689844,1.933767580609679e-05,4.414200746512883e-05
1000.0,330.0,1.7782794100389228e-08,2.784465925142691,3.001466567657484,0.00035188270211712836,0.22700243905789366,0.47914834348218216,0.001496000539050356,0.2857441604821361,3.438727345919637e-05,7.849412695264821e-05
1000.0,330.0,3.162277660168379e-08,2.7844586050322317,3.0013534965909097,0.0003518671505713515,0.2269984784623794,0.4791567107856179,0.0015026091642380314,0.28573772366905,6.114854469332379e-05,0.0001395759649541134
1000.0,330.0,5.6234132519034905e-08,2.78444558900651,3.001152454440366,0.00035183949897843957,0.22699143628509286,0.47917158836945317,0.0015143597034864168,0.2857262786265692,0.00010873402593458188,0.00024817811135656963
1000.0,330.0,1e-07,2.7844224465939367,3.0007950395273766,0.00035179029327311515,0.22697888755370635,0.47919797891245364,0.0015352506911051858,0.28570589470432983,0.00019334312620126857,0.00044124481747332756
1000.0,330.0,1.7782794100389227e-07,2.784381304671334,3.0001597536829965,0.0003517029482756552,0.22695666012484342,0.47924505737198614,0.0015723868208912457,0.28566975998018784,0.0003437663989057293,0.0007843872669106254
1000.0,330.0,3.162277660168379e-07,2.784308179980776,2.999030978557679,0.00035154756462327957,0.22691705304399895,0.4793284906850177,0.0016383789239253555,0.2856054110255155,0.0006111492828556097,0.0013940089149725061
1000.0,330.0,5.62341325190349e-07,2.7841782611747883,2.997026670340942,0.00035127174423839883,0.22684680788723202,0.4794768897557102,0.0017555881713710866,0.2854912479555478,0.0010862777708612824,0.002476251403933334
1000.0,330.0,1e-06,2.783947599514022,2.993471811472965,0.00035078236793562506,0.22672219125754448,0.4797402674048088,0.0019635654903516573,0.28528870997505007,0.001930074499007104,0.004394998694914754
1000.0,330.0,1.778279410038923e-06,2.783538585409497,2.9871797210953424,0.0003499153519100617,0.22650136066074184,0.4802066420995733,0.002331978456482563,0.28492982703256553,0.0034270664793047308,0.0077888995027473274
1000.0,330.0,3.162277660168379e-06,2.7828149106026108,2.9760828358395788,0.00034838419701418766,0.22611141236788848,0.4810304555035251,0.0029826413616144075,0.2842960783497304,0.006078078596128062,0.013767401355793728
1000.0,330.0,5.623413251903491e-06,2.7815394808622282,2.956636128439839,0.00034569403900851936,0.22542622117131617,0.4824774982037814,0.004125741670806304,0.2831825413529198,0.01075765983409253,0.024222800632505505
1000.0,330.0,1e-05,2.77930696380794,2.922934051327151,0.0003410113094299078,0.22423346916830147,0.48499612174632284,0.006115472687981335,0.2812441714205704,0.018971369986231033,0.04227805770385007
1000.0,330.0,1.778279410038923e-05,2.775445535680109,2.865641038134114,0.0003329896476789765,0.22219005118522234,0.48930964571792174,0.009523727808184617,0.27792348279790574,0.03324577570164348,0.07278772445114164
1000.0,330.0,3.1622776601683795e-05,2.7689022351201067,2.7713741497208693,0.0003196179340682685,0.21878300777361612,0.49649634673332177,0.015204277847389109,0.27238727723104317,0.05762990437845443,0.12249901411619667
1000.0,330.0,5.623413251903491e-05,2.7581887407131314,2.624362074593622,0.0002983115639647817,0.21335250441929762,0.5079390550083659,0.024253691635095043,0.26356415118121435,0.09808502145833545,0.19888078222736558
1000.0,330.0,0.0001,2.741590192080312,2.4133959736997026,0.0002666876350089111,0.20528778115331472,0.5249009154710956,0.03768030283097583,0.2504638466978571,0.162057870182598,0.3062703402167848
1000.0,330.0,0.00017782794100389227,2.71793598889458,2.144632476374448,0.0002243717563717584,0.1944869014022275,0.5475513070813738,0.055635966058349896,0.23292468419303763,0.2559223282353024,0.43982062866940513
1000.0,330.0,0.00031622776601683794,2.6879164392896495,1.850484881996764,0.0001749736680939991,0.1818618502932944,0.573912407783054,0.0765786690334107,0.21243327025466358,0.379543395471971,0.5827067024689935
1000.0,330.0,0.0005623413251903491,2.654918887846076,1.5782389743474015,0.00012572359253104078,0.16925257647813768,0.6000872275212455,0.09743437979819974,0.1919807683838477,0.5210889232180982,0.7129566041696963
1000.0,330.0,0.001,2.6238983334161077,1.3628925813643846,8.377236260631277e-05,0.1584899119126597,0.6222755082551158,0.11517500711171139,0.17453680369248856,0.659370461113121,0.8154577864414447
1000.0,330.0,0.0017782794100389228,2.5987506223695926,1.212591210690302,5.256911417072642e-05,0.15046806960131673,0.6386983802878101,0.1283522138908858,0.16154509490496513,0.7750266870945262,0.8871842828824335
1000.0,330.0,0.0031622776601683794,2.5807175690329003,1.116409505770812,3.162079766690167e-05,0.14507289380145424,0.6496766483122836,0.13718806638684392,0.15281320506878332,0.8598385150862019,0.9333503443908484
1000.0,330.0,0.005623413251903491,2.5689035278492396,1.0581245299522664,1.8505929418209393e-05,0.14169067949137784,0.6565276942542996,0.14271485725621122,0.14734192387204956,0.9162204184311055,0.9614856604425686
1000.0,330.0,0.01,2.5616192001497873,1.0239248388731954,1.065044643308026e-05,0.13966294705482463,0.6606222062137762,0.1460232138193549,0.14406285492541987,0.9512988200465269,0.9780652950476576
1000.0,330.0,0.01778279410038923,2.5572956239998574,1.004225543355279,6.069112000269297e-06,0.13847971106200352,0.6630069321903379,0.14795193096568054,0.14214982381646937,0.9722307455785287,0.9876423470654179
1000.0,330.0,0.03162277660168379,2.55478742954862,0.9929969826552594,3.4387124238406125e-06,0.13780011912111687,0.6643750164125963,0.14905906200507724,0.14105121125755274,0.9844113498884917,0.9931107648462885
1000.0,330.0,0.05623413251903491,2.5533517028414443,0.9866344688296247,1.9419840344767653e-06,0.1374133180054222,0.6651529601982267,0.1496889168885696,0.140425980388256,0.9913960322499403,0.9962125663312983
1000.0,330.0,0.1,2.5525361670086495,0.9830412187668669,1.094685548426408e-06,0.13719436252932435,0.6655934166233703,0.1500454920123188,0.1400720499941187,0.9953675226277418,0.9979653639669966
1000.0,330.0,0.1778279410038923,2.5520749423515126,0.9810157164532608,6.164208717931605e-07,0.13707074435058678,0.6658419048378421,0.150246734191847,0.1398722435685188,0.9976148650505258,0.9989537466851549
1000.0,330.0,0.31622776601683794,2.551814743837652,0.9798751500438758,3.469031614945685e-07,0.13700106368032805,0.6659818494086182,0.15036012113817834,0.1397596279900972,0.9988831021403968,0.9995104156362605
1000.0,330.0,0.5623413251903491,2.5516681590494454,0.9792332740338272,1.9516165883789133e-07,0.13696184557080682,0.6660607025024038,0.15042397343617794,0.1396962372988574,0.9995977017708175,0.999823726213762
1000.0,330.0,1.0,2.5515856445641387,0.9788721660944096,1.0977392320274774e-07,0.1369397508257,0.6661049481152853,0.15045987572489614,0.1396605396840004,1.0,1.0
1000.0,340.0,0.0,2.8415143305950665,3.8138305787189806,0.0007484679982332522,0.24595863944361368,0.36061828199165596,0.00016381059551682744,0.3868415222524204,0.0,0.0
1000.0,340.0,1e-08,2.8415025703501557,3.8136004480862757,0.0007484202495330043,0.24595201905024597,0.3606377931512999,0.00017142842616246816,0.38682648098213207,3.6889544815541347e-05,9.918946254814153e-05
1000.0,340.0,1.7782794100389228e-08,2.8414934183263405,3.8134213672104984,0.0007483828730268941,0.24594679518291537,0.36065287107660643,0.00017735650246485535,0.3868146628612676,6.559803515763347e-05,0.00017637296483043047
1000.0,340.0,3.162277660168379e-08,2.84147714505482,3.813102965544138,0.0007483164830103046,0.24593752887535694,0.36067971223733386,0.00018789683269728675,0.3867936842977622,0.00011664568169211052,0.0003135973694745918
1000.0,340.0,5.6234132519034905e-08,2.8414482116390363,3.8125369296501503,0.0007481985187386156,0.24592107675385613,0.3607274636851265,0.00020663588440631832,0.3867564221879832,0.00020740978985815773,0.0005575276851347792
1000.0,340.0,1e-07,2.8413967757716994,3.8115309008249403,0.0007479890745129195,0.24589191112436495,0.36081245641958903,0.00023994463997381138,0.38669031146765714,0.00036877304651532786,0.0009910100348888083
1000.0,340.0,1.7782794100389227e-07,2.84130535845293,3.8097436098518025,0.0007476168467247093,0.24584006478556764,0.36096344743431974,0.00029913084373455,0.3865728049010808,0.0006555934057404868,0.0017609346986206388
1000.0,340.0,3.162277660168379e-07,2.841142950916677,3.806570701990604,0.00074695576816664,0.2457479725269524,0.3612315479105615,0.00040423502742346397,0.38636409891913304,0.0011652338730187652,0.0031271485943107484
1000.0,340.0,5.62341325190349e-07,2.8408546434904407,3.800945385786084,0.0007457828269464439,0.24558452864851735,0.36170701852788595,0.0005906809959220963,0.3859937462805239,0.002070234464068527,0.005547443975003743
1000.0,340.0,1e-06,2.8403435228056297,3.790995429317843,0.0007437062168804083,0.24529518800818711,0.36254892431397046,0.000920791742121648,0.38533808978847656,0.003675534828329115,0.009822501403254441
1000.0,340.0,1.778279410038923e-06,2.8394395397523953,3.773468729420498,0.0007400417944547486,0.24478460167323693,0.3640345154397125,0.0015033018676162268,0.3841810954239129,0.0065174890757527994,0.01733464803175274
1000.0,340.0,3.162277660168379e-06,2.8378474144813257,3.7428195971343685,0.0007336135985270166,0.2438888720102025,0.36664033228196485,0.0025251096707644702,0.38215142201548324,0.01153144008963582,0.030415546826078322
1000.0,340.0,5.623413251903491e-06,2.8350638660567142,3.6899004544204717,0.0007224538404450143,0.2423337695481494,0.3711639216251582,0.004298983863750746,0.3786277172310224,0.02032377251909283,0.05283672664904292
1000.0,340.0,1e-05,2.830259200205837,3.600511844484654,0.0007034236320042825,0.23968159010811513,0.378876206913432,0.007323604634453005,0.37261855218148254,0.03557872957783919,0.09024769526413134
1000.0,340.0,1.778279410038923e-05,2.822145479048247,3.4550024513071227,0.0006719439920649977,0.23529345012477154,0.39162948983615986,0.012326135287631821,0.36267725201395057,0.06156464739798952,0.14995420792630917
1000.0,340.0,3.1622776601683795e-05,2.8089340971568952,3.231945605207751,0.000622401280634847,0.22838506806671607,0.41168975469058317,0.02019717568771277,0.34702915196092815,0.10447465137030486,0.23879447653530897
1000.0,340.0,5.623413251903491e-05,2.788636478965548,2.9200366354944594,0.0005502324342802644,0.21831570119720528,0.44088373934646696,0.031657930017194004,0.32422827113975444,0.17181828305790092,0.3580979304204806
1000.0,340.0,0.0001,2.7600435057372783,2.536528284215218,0.0004561321081688443,0.205174015907326,0.47889174351842506,0.04659114099561544,0.2944853062129561,0.26951096827545545,0.4980152073577744
1000.0,340.0,0.00017782794100389227,2.724264218588777,2.1344276989616784,0.00034971031531241673,0.1902905023932751,0.5217777878440215,0.06346199050606437,0.2608254308371767,0.39618633236278805,0.6382518953769726
1000.0,340.0,0.00031622776601683794,2.6855150729941175,1.7785540958422825,0.0002471142905344976,0.17591408819409415,0.562991108033964,0.07970284271912363,0.22834590170839353,0.5385244163847945,0.7583344201731764
1000.0,340.0,0.0005623413251903491,2.6495732116094075,1.5080851863652305,0.0001623613380726478,0.16401005996540025,0.5969060032615728,0.09309569012725691,0.20148543337786348,0.6748702652062214,0.8480595387067597
1000.0,340.0,0.001,2.62074198175101,1.3250603895878907,0.00010083710921077487,0.15534784125111276,0.6214281763822819,0.10280039514916015,0.18196467174637998,0.7869068455794768,0.9085075195001603
1000.0,340.0,0.0017782794100389228,2.6002204003419465,1.2104114551619665,6.023744802147677e-05,0.14961959281095089,0.6375536868176093,0.10919434680664722,0.16907014762012332,0.8679331080116015,0.9464433939374776
1000.0,340.0,0.0031622776601683794,2.5868404549858823,1.1418727649135794,3.5102362786932335e-05,0.14606756451233338,0.6475102399569457,0.11314802856097596,0.16108115144153384,0.9212780447418214,0.9692014749658007
1000.0,340.0,0.005623413251903491,2.578614837706098,1.1019852233156526,2.0150086317327857e-05,0.14395224687629096,0.6534223862740902,0.11549804845464291,0.1563262413704798,0.9542597853088518,0.9824866615459281
1000.0,340.0,0.01,2.5737410417902393,1.0791198817155143,1.1465262173796158e-05,0.1427227436320176,0.6568523905070106,0.1168623102738345,0.1535635140453442,0.9738654609430334,0.9901187053975591
1000.0,340.0,0.01778279410038923,2.570916496444587,1.066122695208859,6.4905521144422426e-06,0.14201819414261088,0.658815782754287,0.1176435273468612,0.15198070850402898,0.9852485728548638,0.9944628347778189
1000.0,340.0,0.03162277660168379,2.5693006154589675,1.0587696144737664,3.6636948654310814e-06,0.14161772400261718,0.6599309422810561,0.11808735552603845,0.1510811661418889,0.9917674363456368,0.9969225050149145
1000.0,340.0,0.05623413251903491,2.5683830461666743,1.0546206455254459,2.064632696554048e-06,0.14139114678803483,0.6605615452151434,0.11833837771797925,0.15057227707449672,0.9954712984992671,0.9983110315991347
1000.0,340.0,0.1,2.567864212445119,1.0522830655514381,1.1624198669691924e-06,0.14126331992196323,0.660917392120406,0.11848001722767913,0.1502851666793032,0.9975663116090896,0.9990935579259842
1000.0,340.0,0.1778279410038923,2.5675715444131595,1.050967141369435,6.541175573638107e-07,0.1411912916716747,0.6611178219535135,0.11855980680340336,0.15012339816435757,0.9987483022999317,0.9995341439549972
1000.0,340.0,0.31622776601683794,2.567406677344204,1.0502266978664312,3.679768932290066e-07,0.14115074831731003,0.661230668529961,0.11860472626464882,0.15003233719911085,0.999414215776928,0.9997820744278437
1000.0,340.0,0.5623413251903491,2.567313874587719,1.0498101751391202,2.0697277579552907e-07,0.14112793788814257,0.661294175185627,0.1186300032367931,0.14998110193067163,0.9997890766719649,0.9999215500164269
1000.0,340.0,1.0,2.56726165889022,1.0495759026816776,1.1640331666209594e-07,0.14111510846061093,0.6613299093387293,0.11864422402586117,0.14995228284233977,1.0,1.0
1000.0,350.0,0.0,2.878696953696044,4.164662569587876,0.0017569223585506624,0.2416478429600196,0.22010358325692223,4.664647344893296e-06,0.532375191405574,0.0,0.0
1000.0,350.0,1e-08,2.87866974181863,4.164104107636836,0.0017566737816445538,0.24163427945537239,0.22016545315760613,1.8022293784295493e-05,0.5323227397120173,8.53698579113585e-05,0.00027757244328928355
1000.0,350.0,1.7782794100389228e-08,2.8786485670358517,4.163669602392399,0.0017564800500739926,0.24162368217668997,0.22021355325142178,2.8415654504695604e-05,0.5322818315566501,0.00015180137581636148,0.0004934947553974775
1000.0,350.0,3.162277660168379e-08,2.878610920269385,4.162897220672333,0.0017561363193488817,0.24160493556203944,0.22029914682997034,4.689231001495956e-05,0.5322093115478096,0.0002699133761499161,0.0008772346491373418
1000.0,350.0,5.6234132519034905e-08,2.878543998813382,4.1615246265440895,0.0017555251298738898,0.2415715794752189,0.22045123919340648,7.973109609383197e-05,0.5320803382325917,0.0004798806035390773,0.0015589040364002793
1000.0,350.0,1e-07,2.878425072799544,4.159086664534129,0.0017544381379674446,0.24151215839523726,0.220721292541328,0.0001380711103910577,0.5318508526133952,0.0008530432382605399,0.002768807779353547
1000.0,350.0,1.7782794100389227e-07,2.878213838668965,4.154760415746319,0.0017525096067165947,0.2414068273119728,0.22120083931699222,0.00024163783910476964,0.5314438047079758,0.0015159429007841107,0.004913126918606452
1000.0,350.0,3.162277660168379e-07,2.877838992414097,4.147095879466525,0.001749090079802292,0.2412200194455268,0.22205094315855944,0.0004252469418886411,0.5307220105634347,0.0026925936242963217,0.00870363281181479
1000.0,350.0,5.62341325190349e-07,2.8771748881646513,4.133556387498841,0.0017430423027166289,0.24088965156584918,0.2235545301980199,0.0007499914452288269,0.5294454679165325,0.004778171884428172,0.015373357826324693
1000.0,350.0,1e-06,2.8760016932093717,4.109760742253878,0.0017323901526545837,0.2403077473394807,0.22620277416317056,0.0013219641112552137,0.5271970329601181,0.008465447460573794,0.027014910198004928
1000.0,350.0,1.778279410038923e-06,2.87393962762031,4.068313962781096,0.0017137652054331244,0.23929025435947646,0.23083291106058257,0.0023220066275582924,0.5232656581027807,0.01495540899215709,0.04705084323857083
1000.0,350.0,3.162277660168379e-06,2.8703472617230514,3.9972426226582796,0.0016816136698524272,0.23753363053701237,0.23882499777439956,0.004048235304542724,0.5164788932930627,0.026288941924431323,0.08071400989119529
1000.0,350.0,5.623413251903491e-06,2.8641842917386886,3.8785910888741255,0.0016273183902165132,0.23456674240742517,0.25231956723432086,0.006963095859249762,0.5050174063840546,0.04581187641502694,0.13504886106179284
1000.0,350.0,1e-05,2.8538830835167803,3.689144363890004,0.001538942589444341,0.2297362051922329,0.27427835524159283,0.011706695054356609,0.4863601597909311,0.07866199564939526,0.21731443536923156
1000.0,350.0,1.778279410038923e-05,2.8373857365298885,3.407397174032355,0.0014033755824228477,0.22232271935941758,0.30794688745152665,0.018981016117972874,0.45773634857809364,0.1318141564152933,0.33054267106364527
1000.0,350.0,3.1622776601683795e-05,2.812671102788113,3.030315922085481,0.0012132423571805852,0.21191715692857907,0.3551305049172009,0.02917801836572991,0.41758234288249113,0.21259518784505704,0.46752788096385145
1000.0,350.0,5.623413251903491e-05,2.7790615299788155,2.5922189400043463,0.0009775805866764446,0.19900349294800723,0.413538447081194,0.04180611526972694,0.36779500372397594,0.3243873081527435,0.6095924280650546
1000.0,350.0,0.0001,2.7388191569544147,2.1610518749886696,0.000726471484965837,0.1852173593167781,0.47565773181447707,0.05524513215703141,0.3147153424765182,0.4605840229859619,0.7352236781774997
1000.0,350.0,0.00017782794100389227,2.697302232596317,1.801548013893084,0.0004985720517286371,0.17267340638513115,0.5318908771364828,0.06742124038048526,0.26650621958799386,0.6029405014617155,0.8316005649023389
1000.0,350.0,0.00031622776601683794,2.6605508281489647,1.5409398840082864,0.0003199717984139956,0.16281353579860303,0.5758269883268652,0.07694435773557289,0.22869306175159826,0.7297820531737615,0.8977800458113094
1000.0,350.0,0.0005623413251903491,2.632209635878215,1.3701836057138703,0.00019543212676897216,0.15591765348533212,0.6063716176199304,0.08357164220642384,0.2023028523697529,0.8276994234210702,0.9398393623229823
1000.0,350.0,0.001,2.6126245220416453,1.2653091779046706,0.00011548497360356254,0.15147976303864286,0.6259292442119049,0.08781875530328369,0.1853495366204884,0.8952469435101255,0.9652690269958001
1000.0,350.0,0.0017782794100389228,2.6001098335763753,1.2033211053542971,6.685029121930185e-05,0.14877501046896935,0.6378041726633382,0.09039916891797198,0.175030660779728,0.938307739648725,0.9801830284745986
1000.0,350.0,0.0031622776601683794,2.592513930511345,1.1674744261966665,3.822381009264654e-05,0.14718107248192855,0.6447851476073112,0.09191676602028998,0.16895482465667988,0.9643928815890688,0.9887740113594758
1000.0,350.0,0.005623413251903491,2.588047952991301,1.1469980650420282,2.1699577912465306e-05,0.14626022331289648,0.6488113402461363,0.09279227821410001,0.1654467791278783,0.9797088670121331,0.9936715574763034
1000.0,350.0,0.01,2.5854714902670013,1.1353817516876394,1.2268265666673925e-05,0.14573440498277881,0.6511082437194264,0.0932918284951887,0.16344427588872976,0.9885373078841198,0.9964470221548779
1000.0,350.0,0.01778279410038923,2.584001391020658,1.1288171255597998,6.919899279697161e-06,0.14543614202954383,0.6524104310697332,0.09357506558168797,0.16230859683797316,0.9935721561438285,0.9980146022544296
1000.0,350.0,0.03162277660168379,2.5831678499264803,1.1251153252888861,3.898000160211267e-06,0.14526760037051661,0.653146098489102,0.09373508600435632,0.16166690171745116,0.9964260538111837,0.9988982858555888
1000.0,350.0,0.05623413251903491,2.582696928619149,1.1230304071038206,2.1941165483328185e-06,0.1451725625183961,0.653560872109136,0.09382530860298686,0.16130507781054987,0.9980381320622882,0.9993959054419179
1000.0,350.0,0.1,2.5824314145461993,1.1218569450998628,1.2345105258890752e-06,0.14511902458606504,0.6537944052230656,0.09387611191022369,0.1611012877939682,0.9989469637803998,0.9996759553564075
1000.0,350.0,0.1778279410038923,2.58228188432728,1.121196734211565,6.944277689486289e-07,0.1450888982515889,0.6539258675278335,0.09390470859783873,0.16098659762903758,0.9994587648883273,0.9998335079533339
1000.0,350.0,0.31622776601683794,2.5821977273897545,1.1208253676368884,3.9057232953941103e-07,0.14507194474276516,0.6539998106454797,0.09392079465795396,0.1609220672921429,0.9997468022432956,0.9999221281070426
1000.0,350.0,0.5623413251903491,2.582150380333452,1.1206165003810467,2.196561171803061e-07,0.14506240538323484,0.6540413888483849,0.09392984089659734,0.16088576601118185,0.9999088504934263,0.9999719697830809
1000.0,350.0,1.0,2.5821237481240007,1.1204990354183997,1.2352843751985733e-07,0.145057080640788,0.6540649558578789,0.09393495492445704,0.16086539407674827,1.0,1.0
1000.0,360.0,0.0,2.8632294494219224,3.1592477878183494,0.004526162650042217,0.1915825286073131,0.09008042972939981,1.8307444558650273e-08,0.7121968601257349,0.0,0.0
1000.0,360.0,1e-08,2.863167602127316,3.158453044044523,0.004524608186206632,0.19156804168161504,0.09027163940008393,2.580697574484515e-05,0.7120117238339211,0.00026785277249697037,0.0010595497776348553
1000.0,360.0,1.7782794100389228e-08,2.863119488446509,3.1578349452841388,0.004523399245372559,0.19155677909723792,0.09042036564080919,4.586551199806686e-05,0.711867744140969,0.0004762177995493526,0.0018826231085743949
1000.0,360.0,3.162277660168379e-08,2.8630339738074557,3.1567367301671103,0.004521250825966827,0.1915367583123405,0.09068464260586703,8.150872448716107e-05,0.7116118696686873,0.0008465345678061251,0.003342931870504158
1000.0,360.0,5.6234132519034905e-08,2.862882046796193,3.1547867551638946,0.004517435360187513,0.19150120215574484,0.09115398101477203,0.00014480874690344855,0.7111574512469185,0.001504383879896112,0.00592924074648498
1000.0,360.0,1e-07,2.8626123259455563,3.1513284801024346,0.004510666254102577,0.19143812029816842,0.09198664142724164,0.0002571103495700911,0.7103512560208032,0.002672086433556852,0.010495414988380953
1000.0,360.0,1.7782794100389227e-07,2.8621340978193994,3.1452080239864815,0.00449867918789379,0.19132642234721647,0.09346120295706635,0.000455984835621746,0.7089236180121815,0.004741855350754809,0.018512564409013735
1000.0,360.0,3.162277660168379e-07,2.861288107034647,3.1344159471452753,0.004477518526746005,0.19112921118252293,0.09606409574758944,0.0008070402270494854,0.7064033845455248,0.008401339845742675,0.03245293631455688
1000.0,360.0,5.62341325190349e-07,2.8597975534007993,3.1155098325765653,0.004440375865258919,0.1907830265509772,0.10063276172232231,0.0014232240018853851,0.7019796657832583,0.01484288177114033,0.056288692881458734
1000.0,360.0,1e-06,2.8571898525784825,3.0827636906479428,0.004375824410467806,0.1901813282740412,0.10857256905550598,0.0024940836412172735,0.6942914782804136,0.0260933740007968,0.0958960186785308
1000.0,360.0,1.778279410038923e-06,2.852683546916182,3.0271495115470524,0.004265546661677788,0.18915317203729792,0.12213568587534708,0.004323390614795052,0.6811569416115216,0.04547778427506504,0.15868662591146862
1000.0,360.0,3.162277660168379e-06,2.845058888379904,2.9357839480173995,0.004082562244127137,0.18744636102347875,0.14463762906126154,0.007358373609291095,0.6593618283882197,0.07810773244475618,0.2511693952839104
1000.0,360.0,5.623413251903491e-06,2.832604430167987,2.7936062440438807,0.0037931455822882956,0.18474472672411263,0.18021881830202147,0.01215760711529134,0.624887273761358,0.1309379958380395,0.37361567261274464
1000.0,360.0,1e-05,2.813375756110429,2.590107754445263,0.003368384673344309,0.18077459918787842,0.23241734537264436,0.019198621029225038,0.574284971299143,0.2113111940370866,0.5147242867337609
1000.0,360.0,1.778279410038923e-05,2.7860984767309693,2.331397102520719,0.002808810554292406,0.17553355240831872,0.30113595890016,0.02846889868332397,0.5076096208748546,0.32270116631436413,0.6535245733128221
1000.0,360.0,3.1622776601683795e-05,2.7516575251328392,2.048198032733593,0.0021679920173898735,0.16951263690732304,0.3797498846989696,0.039075614948651916,0.43123176577482014,0.458663127241857,0.7703393506466798
1000.0,360.0,5.623413251903491e-05,2.7139763968360486,1.7850018239324037,0.0015420120850353812,0.16360536541842297,0.4564318590064097,0.04942377084574431,0.3565926250729316,0.6010747215790806,0.8564237747200493
1000.0,360.0,0.0001,2.6786719701555373,1.5751285364159429,0.0010186890834820714,0.1586405990968157,0.5204247957360325,0.058061697418260505,0.2941634313590775,0.7282249253033054,0.9138510075643399
1000.0,360.0,0.00017782794100389227,2.650104963983228,1.4271821865770282,0.000635203277467835,0.1549825186127721,0.567231799953282,0.06438145579797203,0.24839283040545151,0.8265483147063678,0.949660447232687
1000.0,360.0,0.00031622776601683794,2.6296359089962866,1.3316236706275832,0.00038045998673608323,0.15254067341098965,0.5982736472192958,0.06857361476959177,0.2179744518745698,0.8944613059301655,0.9710581609576063
1000.0,360.0,0.0005623413251903491,2.616228759728264,1.2732990723296063,0.00022207178367967357,0.1510168142203903,0.6175497441933939,0.0711772871809558,0.1990551177355043,0.9377915285054613,0.9835200023481896
1000.0,360.0,0.001,2.607962099965011,1.2389082243675813,0.0001276027890710679,0.15010569557236395,0.6290371223910499,0.0727291003281272,0.1877682951591439,0.9640536971891888,0.9906693381869384
1000.0,360.0,0.0017782794100389228,2.603055188070579,1.2190376585451559,7.264653228540695e-05,0.14957472625602244,0.6357157188005655,0.07363137919989392,0.18120123004060612,0.9794784844104196,0.994735551344424
1000.0,360.0,0.0031622776601683794,2.60020844089516,1.2076904884238195,4.1139083187674584e-05,0.14927006522815553,0.6395436161711916,0.07414854870047485,0.17743592334200328,0.9883712751410023,0.9970368481196651
1000.0,360.0,0.005623413251903491,2.5985788626496893,1.2012538134165636,2.322592226595504e-05,0.14909671907245672,0.6417193342800797,0.07444251102044026,0.17529504950150365,0.9934433573267605,0.9983356459883133
1000.0,360.0,0.01,2.5976531922685826,1.1976164230582116,1.3090077295006513e-05,0.14899861479035537,0.6429503417357858,0.07460883462983674,0.17408365142615354,0.9963185329378436,0.9990675012341785
1000.0,360.0,0.01778279410038923,2.5971296741352035,1.1955653143797416,7.370351287212098e-06,0.14894324694011213,0.6436449775432236,0.07470268868222549,0.17340004324136923,0.9979426856625272,0.9994795252341189
1000.0,360.0,0.03162277660168379,2.59683433061561,1.194410097861166,4.147587066065141e-06,0.14891204891384371,0.6440363631962499,0.07475556991230886,0.173014864705601,0.9988583421087425,0.9997113726793039
1000.0,360.0,0.05623413251903491,2.59666794587383,1.1937599037920683,2.3332885621980325e-06,0.1488944938735598,0.6442567349905747,0.074785344288619,0.172798032891892,0.9993739920835628,0.9998417973355616
1000.0,360.0,0.1,2.5965742854970078,1.1933940929808715,1.3123984463916693e-06,0.14888460673263537,0.644380697024306,0.07480209351407303,0.17267601298886456,0.9996641973156933,0.9999151554599899
1000.0,360.0,0.1778279410038923,2.596521586202493,1.1931883255505662,7.381089021893762e-07,0.14887905696227738,0.6444504828713434,0.07481152168377188,0.17260738619776922,0.9998274657612256,0.9999564124937823
1000.0,360.0,0.31622776601683794,2.5964919416563474,1.193072596024176,4.1509854656899615e-07,0.14887593077196576,0.6444897136735197,0.07481682221009614,0.17256878145697097,0.9999193017849187,0.9999796145244501
1000.0,360.0,0.5623413251903491,2.596475268280183,1.1930075108368265,2.334363601346954e-07,0.1488741678705065,0.6445117567792645,0.07481980087249397,0.17254706454117721,0.9999709523875685,0.9999926624581135
1000.0,360.0,1.0,2.596465891195633,1.1929709089461429,1.3127382391364738e-07,0.14887314561293366,0.644524019767003,0.07482146050012096,0.17253481571653945,1.0,1.0
1000.0,370.0,0.0,2.732543659699925,1.1152141405332032,0.012749007995006575,0.09721647389631889,0.017513623856760353,3.644913835581091e-12,0.876395046574322,0.0,0.0
1000.0,370.0,1e-08,2.732451023152313,1.1155131630709372,0.012737394372447306,0.09726691525555847,0.018074843294351176,5.472011977342937e-05,0.8757653853996584,0.001429067830269007,0.006464047046358495
1000.0,370.0,1.7782794100389228e-08,2.732379024050833,1.1157453070842351,0.01272837451153224,0.0973061409117029,0.018510927811241976,9.723875200897113e-05,0.8752764117957067,0.002538458608469453,0.011437342476844784
1000.0,370.0,3.162277660168379e-08,2.7322512009525277,1.1161568767398953,0.012712362901013253,0.09737573278764625,0.019284879160824994,0.00017270014659792878,0.8744083620466172,0.004505188153691366,0.020159343556438194
1000.0,370.0,5.6234132519034905e-08,2.732024561963308,1.1168848406660912,0.01268398808004153,0.09749904740977647,0.020656379956191875,0.0003064236244609071,0.8728700415650955,0.007983491051479616,0.035295179104449334
1000.0,370.0,1e-07,2.7316236279252664,1.1181670857147306,0.01263384274956149,0.09771699128146143,0.02308022943573226,0.0005427525652683868,0.8701514685155509,0.014109212377038396,0.061086671839749015
1000.0,370.0,1.7782794100389227e-07,2.7309172013518173,1.120409133216897,0.012545643027369768,0.09810032978333282,0.027343498688038162,0.0009584276679931146,0.865369820284604,0.024817603904101506,0.1036990656226633
1000.0,370.0,3.162277660168379e-07,2.7296812724650437,1.1242792316039252,0.012391800993731519,0.09876892846281235,0.034779532004649415,0.001683452419003644,0.8570294021571171,0.04329636919731199,0.17063455719836051
1000.0,370.0,5.62341325190349e-07,2.7275454277269087,1.1308115326767902,0.012127340659788034,0.09991817855037018,0.04756195632964846,0.0029297596442177526,0.842691787502235,0.07448322263762756,0.2678633557703044
1000.0,370.0,1e-06,2.723931757565932,1.1414226193565402,0.011683904343805824,0.10184497388015853,0.06899408958845617,0.005019430067854258,0.8186507917714829,0.12519465329015989,0.3941637091220402
1000.0,370.0,1.778279410038923e-06,2.7180311263617916,1.1575938080033357,0.010970522752621488,0.10494410077030358,0.10347062493551738,0.008380959413645068,0.7799739022462561,0.2028647929589748,0.5363864565002066
1000.0,370.0,3.162277660168379e-06,2.708932426266367,1.179857336054415,0.00989595082167442,0.10961082204265075,0.15539658709430382,0.013443858827270401,0.7217127792988313,0.31155984831815475,0.6729265087467929
1000.0,370.0,5.623413251903491e-06,2.6960682654517094,1.2062011384371734,0.008427756591566964,0.11598368950073235,0.22632963517937896,0.020360029308681197,0.6421062413680241,0.44591538260907493,0.7853465080135829
1000.0,370.0,1e-05,2.6799407700319633,1.231566022517804,0.006668186095185107,0.12361595760093189,0.31131775792915256,0.028646668766949518,0.5466945797330105,0.588668184398475,0.8667762263023436
1000.0,370.0,1.778279410038923e-05,2.6625075891135856,1.250547182540749,0.004862543331823115,0.1314410624606171,0.3985021063182136,0.03714752634521068,0.4487761757261519,0.7179096874878588,0.9204447094885538
1000.0,370.0,3.1622776601683795e-05,2.6464363105848157,1.2612904984515363,0.003281967165796278,0.13828428244420804,0.474792200702173,0.04458621919149696,0.3630550272438812,0.8190280987639205,0.9536495293751743
1000.0,370.0,5.623413251903491e-05,2.6336558317585728,1.2657835995999167,0.0020797206882745153,0.14348479444033652,0.5328018303124383,0.0502425214854918,0.29784654822493317,0.8894806859623292,0.9733961622826302
1000.0,370.0,0.0001,2.624637287272828,1.267021401293525,0.001259334030282124,0.14703096599056445,0.5723757675879806,0.05410125679654925,0.25334662351696957,0.9346941376698735,0.9848639726995129
1000.0,370.0,0.00017782794100389227,2.618798003724959,1.267037259260386,0.0007401360590987723,0.14927409524978713,0.5974162028308831,0.05654288687475325,0.22518258507769567,0.9621981242235714,0.9914322871069275
1000.0,370.0,0.00031622776601683794,2.6152255680422476,1.2667589399457573,0.0004270456912851834,0.15062627033742415,0.6125142158631032,0.05801506180347569,0.20819831350355184,0.9783877622994622,0.9951645530397775
1000.0,370.0,0.0005623413251903491,2.613115409886558,1.2664953490744257,0.00024371353859505585,0.15141791901609566,0.6213544329677951,0.05887705386628652,0.19825290655734146,0.9877334745789214,0.9972757306575388
1000.0,370.0,0.001,2.6118947925104368,1.2663099431911866,0.000138204878650895,0.15187345036376756,0.6264417490020314,0.05937310872722272,0.19252918920296722,0.9930678097375616,0.9984668726482399
1000.0,370.0,0.0017782794100389228,2.6111972653144075,1.2661932868919974,7.808827846405694e-05,0.15213298544778942,0.6293403232288692,0.05965574357772638,0.18926791559094686,0.9960929142085068,0.9991379517897687
1000.0,370.0,0.0031622776601683794,2.6108014299815356,1.2661236478911664,4.403012579571636e-05,0.15228000215466042,0.6309823879120559,0.059815858615995414,0.1874202672074773,0.9978021654936979,0.999515723742025
1000.0,370.0,0.005623413251903491,2.6105776885124334,1.2660831883079438,2.479738913153911e-05,0.15236303999546352,0.6319097374949451,0.05990628276360186,0.18637691558937483,0.9987659274580781,0.9997282860391852
1000.0,370.0,0.01,2.6104515044863312,1.2660600216213223,1.395646214041519e-05,0.15240985843667604,0.6324325088570223,0.05995725709530704,0.1857888241404501,0.9993087089278313,0.9998478583231895
1000.0,370.0,0.01778279410038923,2.610380430179659,1.2660468622303558,7.852049751506929e-06,0.15243616613391267,0.6327266464073878,0.05998593844668987,0.18545760892678226,0.9996141966146177,0.9999151113254605
1000.0,370.0,0.03162277660168379,2.6103404254636584,1.266039420355236,4.416721324109908e-06,0.15245101073817785,0.6328923403204887,0.06000209481456058,0.18527126185884105,0.9997860670265231,0.9999529344423741
1000.0,370.0,0.05623413251903491,2.6103179175413547,1.2660352222388618,2.4840810829505555e-06,0.15245935737089938,0.632985536908885,0.060011182215011706,0.18516642149471765,0.9998827428266793,0.9999742052010661
1000.0,370.0,0.1,2.610305256730488,1.2660328572729254,1.39702046307139e-06,0.1524640558971839,0.6330379732116153,0.06001629512483269,0.18510745603803935,0.9999371158377484,0.9999861670252245
1000.0,370.0,0.1778279410038923,2.6102981358704733,1.266031526028648,7.856399528524488e-07,0.1524666932761596,0.6330674428604485,0.06001916868142777,0.18507428666173276,0.9999676946266546,0.9999928937789879
1000.0,370.0,0.31622776601683794,2.6102941311488093,1.266030776995461,4.418096685099289e-07,0.152468162936998,0.6330839598084109,0.06002077938495301,0.18505561630044454,0.9999848911649134,0.9999966765503685
1000.0,370.0,0.5623413251903491,2.6102918790119958,1.2660303556504566,2.4845161003045893e-07,0.1524690054458292,0.6330933148928118,0.060021691495838796,0.18504513619114674,0.9999945617488487,0.9999988037716115
1000.0,370.0,1.0,2.6102906125056218,1.2660301186687923,1.397157931598337e-07,0.15246947002941663,0.6330985375455748,0.06002220080187982,0.18503923148111132,1.0,1.0
1000.0,380.0,0.0,2.28069798858957,0.0837636617976882,0.041173449670844756,0.022231814512154738,0.000908052586498266,1.1237902266902892e-17,0.9487804176605986,0.0,0.0
1000.0,380.0,1e-08,2.2823141545634695,0.08546284130961701,0.04106258653385936,0.022601719756776037,0.0026141479013705874,0.00013390002915501507,0.9467728655753459,0.019014773574762403,0.0751149488459473
1000.0,380.0,1.7782794100389228e-08,2.2835608695650773,0.0867857361358453,0.04097669624105723,0.022888222600272883,0.003935620297130735,0.0002376136085330143,0.9452174317922375,0.03332047728447072,0.12619779213894738
1000.0,380.0,3.162277660168379e-08,2.285754239593742,0.08913906180812652,0.04082477235494434,0.023394714088818457,0.006271950849038554,0.0004209767792734904,0.9424658053509894,0.057755370156955234,0.20434477754326355
1000.0,380.0,5.6234132519034905e-08,2.289581679909687,0.09332597986525158,0.040557248078269464,0.02428610528505425,0.01038405184494909,0.0007437086772973145,0.9376198093117748,0.0982871965081259,0.313520631540789
1000.0,380.0,1e-07,2.2961665993820892,0.10077455072429735,0.04008962179714213,0.025842427980286437,0.01756471964280525,0.0013072731117471403,0.9291468172332861,0.1623622220738952,0.44817067191124327
1000.0,380.0,1.7782794100389227e-07,2.3072254514638977,0.11401226440629456,0.039282904701829886,0.02852222272101915,0.02993217424221366,0.002277917352084481,0.9145233356266788,0.2563342088529288,0.590874494400704
1000.0,380.0,3.162277660168379e-07,2.3250716747116638,0.1374426812266481,0.03792266413715696,0.03302772780195144,0.05073374204765732,0.003910508274517487,0.889849485156505,0.3800200273557148,0.7197512523982401
1000.0,380.0,5.62341325190349e-07,2.352116746913805,0.17839839809020192,0.0357162095662532,0.04030605826422577,0.08435652152685376,0.0065493731042426525,0.8497875907121422,0.5215324985533766,0.8203726993213345
1000.0,380.0,1e-06,2.389489355921202,0.24775051387627062,0.032355547691958336,0.051334279575825995,0.1353391907225553,0.010550744960274064,0.788695996135032,0.6596713548868094,0.8903695372964049
1000.0,380.0,1.778279410038923e-06,2.435147957298071,0.3575822762686657,0.027702639751211462,0.06651751270950275,0.2055855811880039,0.016064067631152052,0.7040044404141764,0.7751245549902774,0.9352432284772539
1000.0,380.0,3.162277660168379e-06,2.4833331521135946,0.5125421717477877,0.02204774084802694,0.08487577610326467,0.29058310746455046,0.022735183559044646,0.6009543104955707,0.8597391008721497,0.9625224756831033
1000.0,380.0,5.623413251903491e-06,2.5269678653231304,0.6985478218539698,0.01616801474822815,0.10388745633885334,0.3786559536320551,0.02964770400526919,0.49370976670270506,0.915967207362873,0.978573443904026
1000.0,380.0,1e-05,2.5613027993688604,0.8842899570315114,0.010963782734059716,0.12066832403555709,0.45642506713643727,0.03575154298985038,0.39872665558793147,0.9509408011509572,0.9878369549677666
1000.0,380.0,1.778279410038923e-05,2.5854096276267478,1.0401820479144583,0.0069716332696638985,0.13351833810556246,0.515991913236635,0.040426756926142025,0.3258367311080686,0.9718068535328969,0.9931236654738748
1000.0,380.0,3.1622776601683795e-05,2.600987789635544,1.1539199899999928,0.0042313655764571355,0.14232944386214066,0.5568423643462284,0.04363298432672969,0.27579218745096146,0.9839479790706419,0.9961215340459679
1000.0,380.0,5.623413251903491e-05,2.6105126470547333,1.2290216123894597,0.002490492365218712,0.1479236116517974,0.5827805914839811,0.045668798316428394,0.24399481936712494,0.9909096428834577,0.9978153235114431
1000.0,380.0,0.0001,2.6161380650671027,1.275487741377155,0.0014382318537093017,0.15130379371611502,0.5984541100662242,0.046898966528699765,0.2247735867233257,0.9948679212830412,0.9987703441066637
1000.0,380.0,0.00017782794100389227,2.6193921162363125,1.3031096060159784,0.0008212147403518884,0.1532854690483329,0.6076431585467323,0.047620187993582086,0.21350230196603365,0.9971077477517529,0.9993081951522012
1000.0,380.0,0.00031622776601683794,2.6212517238239452,1.3191449159303823,0.0004658308318998086,0.1544266663508669,0.6129350276491167,0.04803553136670866,0.20701012788670783,0.9983717307147595,0.9996109055676551
1000.0,380.0,0.0005623413251903491,2.6223070520265006,1.3283269116812157,0.0002632471259597133,0.1550772200188215,0.6159517077248723,0.048272301777475206,0.20330934669430303,0.9990839292933705,0.9997812127197342
1000.0,380.0,0.001,2.6229035762127593,1.333543475637391,0.00014844616892559378,0.15544584195479547,0.6176610672995974,0.04840646443617359,0.20121212656825746,0.999484874525593,0.9998770089641653
1000.0,380.0,0.0017782794100389228,2.6232400035065626,1.3364939669304292,8.360806318117481e-05,0.15565399014816284,0.6186263137615539,0.04848222384270406,0.20002758662508016,0.9997104839964216,0.9999308872159646
1000.0,380.0,0.0031622776601683794,2.6234295006114485,1.3381585616263643,4.7057691917142105e-05,0.1557713510723758,0.6191705360650543,0.04852493826808293,0.19935987154868914,0.9998373982727953,0.9999611877342397
1000.0,380.0,0.005623413251903491,2.623536160943258,1.339096349563051,2.6475608189192625e-05,0.15583747567322848,0.6194771425652505,0.048549002903320905,0.19898391767611887,0.9999087815715831,0.999978227774543
1000.0,380.0,0.01,2.623596171570715,1.3396242507318374,1.48924800636758e-05,0.15587467112116815,0.6196496222753352,0.04856254033272373,0.19877231651650745,0.9999489278281427,0.9999878103485048
1000.0,380.0,0.01778279410038923,2.6236299278724595,1.3399212836838252,8.375967446270911e-06,0.15589554261077873,0.6197464416916302,0.04857013943132973,0.19865320357727523,0.9999715051434281,0.9999931991065226
1000.0,380.0,0.03162277660168379,2.6236489135506615,1.340088372112176,4.710568934485279e-06,0.15590734169455855,0.619801136357938,0.04857443224285729,0.19858628062188122,0.9999842017486911,0.9999962294533603
1000.0,380.0,0.05623413251903491,2.6236595909672586,1.3401823500888899,2.649079353768254e-06,0.15591398435248505,0.6198319240308329,0.0485768486669633,0.19854865032357952,0.9999913417161538,0.999997933550685
1000.0,380.0,0.1,2.6236655956314396,1.3402352032444311,1.4897280765230597e-06,0.15591767900250755,0.619849075238699,0.048578194828273386,0.19852743529880934,0.9999953568597082,0.9999988918375838
1000.0,380.0,0.1778279410038923,2.6236689724007896,1.3402649264833655,8.377487939468021e-07,0.15591977127917675,0.619858778262476,0.048578956390930114,0.19851552319955126,0.9999976147550194,0.9999994307227155
1000.0,380.0,0.31622776601683794,2.623670871328898,1.3402816416345904,4.711049261288587e-07,0.15592094985855884,0.6198642426666586,0.04857938527551348,0.19850882688670057,0.9999988844673398,0.9999997337603496
1000.0,380.0,0.5623413251903491,2.6236719391845056,1.340291041427446,2.6492311845895856e-07,0.1559216330747955,0.6198673968414118,0.04857963282773987,0.19850508724772462,0.9999995984804652,0.999999904171015
1000.0,380.0,1.0,2.6236725396869502,1.3402963273739779,1.4897758467884137e-07,0.15592195475542187,0.6198689220170581,0.04857975255769659,0.1985029046797499,1.0,1.0
1000.0,390.0,0.0,1.2480399690149124,0.0016999853267094162,0.16183696194073394,0.002316914511045734,9.997945265362792e-07,6.332079724396492e-26,0.7898355964057237,0.0,0.0
1000.0,390.0,1e-08,1.3681155478041693,0.003356122202289323,0.1671917360391205,0.0040660285657692545,0.006356700006029064,0.0004169181202636035,0.8182069867651085,0.41132353943373634,0.576783207723284
1000.0,390.0,1.7782794100389228e-08,1.4431823558564174,0.00488971199361561,0.16962019396334002,0.005445629745603173,0.011467363493240321,0.0007521656899852525,0.8318583137516862,0.5540750930065506,0.7079044587910232
1000.0,390.0,3.162277660168379e-08,1.55040680443089,0.008103066633366794,0.17179434659794968,0.007893823395393691,0.020652732619265424,0.0013547053056221414,0.8457031630263584,0.6884313584111513,0.8116663880603153
1000.0,390.0,5.6234132519034905e-08,1.6894570608281732,0.015176797373766666,0.1721362730614283,0.012147399616177114,0.03679859884441961,0.0024138393315810973,0.8530566341019875,0.7971283576679628,0.884578516795122
1000.0,390.0,1e-07,1.8513886749566344,0.031206140235050424,0.16839259858087918,0.019255424411987732,0.06401421039617614,0.004199126543564121,0.8443680767080117,0.8748006274076312,0.9316405401231296
1000.0,390.0,1.7782794100389227e-07,2.020786935464396,0.06702538166738757,0.15831918038646905,0.030429150269984887,0.10702465536696856,0.00702052348666842,0.810348724880725,0.9255137820924109,0.9603730913811969
1000.0,390.0,3.162277660168379e-07,2.1810293341741454,0.14130700562979254,0.140647451377558,0.04650444290207395,0.16907540445996258,0.011090926586153677,0.7459500977836078,0.9567018265472025,0.9773228637668326
1000.0,390.0,5.62341325190349e-07,2.3189123394846707,0.2749996497332554,0.11616792113105907,0.06701006133018503,0.24833264194402999,0.016290041146301237,0.654384568984504,0.9751813445218608,0.9871198790481256
1000.0,390.0,1e-06,2.427194416094533,0.4724146023836326,0.08826828715544756,0.08956025823089822,0.3355457490670728,0.022011045062135328,0.548928580073886,0.9858901882264148,0.9927159177866263
1000.0,390.0,1.778279410038923e-06,2.5051771309694137,0.7051006488971046,0.0617199886348763,0.11067416829744632,0.417227158918789,0.027369180964070358,0.44812007132382614,0.992016173498768,0.9958907627210217
1000.0,390.0,3.162277660168379e-06,2.5572307221200914,0.9260727136593495,0.040179308304042934,0.12767407427446079,0.48300209606532774,0.03168388437315686,0.3661504989385177,0.9954946279808417,0.9976850459400384
1000.0,390.0,5.623413251903491e-06,2.5899566944681514,1.1016608047623728,0.02478510685497237,0.13977640315974885,0.5298308687684693,0.03475575757505956,0.30750777140434266,0.9974614437842899,0.9986968886059108
1000.0,390.0,1e-05,2.6096740376617604,1.2241793291357912,0.014739935343809287,0.1476576194011982,0.560327561751956,0.03675627923924479,0.2692203691519195,0.9985708833936503,0.9992667916546562
1000.0,390.0,1.778279410038923e-05,2.6212275008712242,1.3025954340489063,0.008565864238310735,0.1524964545950931,0.5790519958587564,0.03798456442351143,0.24568079420076905,0.9991958519567382,0.9995875575043656
1000.0,390.0,3.1622776601683795e-05,2.6278819969834775,1.350156365028512,0.0049091378545355335,0.15536060774881766,0.5901352902800889,0.0387116062272631,0.23173663182935922,0.9995476413753367,0.9997680278766432
1000.0,390.0,5.623413251903491e-05,2.631675893094275,1.3780907548263268,0.0027906388568668524,0.15701940540492865,0.5965543074069842,0.039132680829797366,0.22365746980193518,0.9997455759402476,0.9998695424542653
1000.0,390.0,0.0001,2.6338261094494655,1.3941934564193519,0.0015789479878343734,0.1579680114130561,0.600225120476245,0.03937347877815414,0.21903632662548428,0.9998569171658539,0.9999266373528279
1000.0,390.0,0.00017782794100389227,2.6350406303662086,1.4033766504702982,0.0008909903277099535,0.15850651471790808,0.6023089682057345,0.03951017499467001,0.21641248388104922,0.9999195398331692,0.9999587470381965
1000.0,390.0,0.00031622776601683794,2.635725314649197,1.4085818272301245,0.0005020206903525547,0.15881095139592435,0.6034870498727603,0.03958745478070422,0.2149289268114731,0.9999547585929038,0.9999768045471337
1000.0,390.0,0.0005623413251903491,2.6361108835493843,1.4115220175207166,0.0002826179361592533,0.15898272973390026,0.6041517782436038,0.039631059623792035,0.2140921862996777,0.9999745646467768,0.999986959317132
1000.0,390.0,0.001,2.636327876865598,1.4131795719451212,0.00015902617490160927,0.15907942205877415,0.6045259522704556,0.0396556046868109,0.21362074551183327,0.9999857027540228,0.9999926698545499
1000.0,390.0,0.0017782794100389228,2.6364499556329144,1.4141130036142404,8.945818168913984e-05,0.15913391153306594,0.6047368079299613,0.03966943639362939,0.21335546239302286,0.9999919662810081,0.99999588115438
1000.0,390.0,0.0031622776601683794,2.636518622802468,1.4146383289737858,5.031589365344378e-05,0.15916454504771135,0.6048553508991859,0.03967721257380028,0.21320616810912893,0.9999954885555419,0.9999976870100422
1000.0,390.0,0.005623413251903491,2.6365572426416057,1.4149338734791124,2.829781778575012e-05,0.159181732521987,0.6049218646043334,0.03968157573899781,0.21312212874673106,0.9999974692869708,0.9999987025201735
1000.0,390.0,0.01,2.636578961897603,1.4151001122397056,1.5914024936701633e-05,0.15919148424334972,0.6049595968208754,0.03968405089642288,0.21307497536885014,0.9999985831375543,0.9999992735843927
1000.0,390.0,0.01778279410038923,2.636591176078195,1.4151936084092656,8.949422857986567e-06,0.15919688093066767,0.6049804842120895,0.03968542106727059,0.21304833920170818,0.9999992095028575,0.9999995947176887
1000.0,390.0,0.03162277660168379,2.6365980447891753,1.4152461893581072,5.032729208873295e-06,0.15919995332839393,0.6049923730207567,0.03968620094918504,0.21303340989486702,0.9999995617342969,0.9999997753043028
1000.0,390.0,0.05623413251903491,2.636601907403761,1.4152757591233383,2.830143734096723e-06,0.15920172869650856,0.6049992396038728,0.03968665138318977,0.21302507793536032,0.9999997598087003,0.9999998768556472
1000.0,390.0,0.1,2.6366040795288215,1.4152923878432544,1.5915162540451325e-06,0.15920265888101204,0.6050028418767481,0.03968688768505946,0.21302030119773985,0.9999998711941572,0.9999999339621739
1000.0,390.0,0.1778279410038923,2.636605301009956,1.4153017389921363,8.949785276011612e-07,0.15920321249121028,0.6050049836005336,0.03968702817782448,0.21301765585781599,0.9999999338308136,0.9999999660755367
1000.0,390.0,0.31622776601683794,2.6366059879009978,1.4153069975714856,5.032842940601524e-07,0.15920348614905283,0.6050060448644948,0.03968709779462089,0.21301611787374106,0.9999999690539975,0.9999999841342085
1000.0,390.0,0.5623413251903491,2.6366063741687644,1.4153099547012156,2.830178899395638e-07,0.15920367035486183,0.6050067568667993,0.039687144500532893,0.2130152935626908,0.9999999888614503,0.9999999942893464
1000.0,390.0,1.0,2.6366065913832735,1.4153116176216562,1.591527766083974e-07,0.15920378994765963,0.6050072180822151,0.03968717475532429,0.21301485143380816,1.0,1.0
1000.0,400.0,0.0,1.6858739404357614e-07,6.75757144248313e-05,2.7974345896450163e-15,5.934145509240898e-19,9.555521139198036e-28,1.209372503444916e-53,1.2414003976081498e-15,0.0,0.0
1000.0,400.0,1e-08,1.7134537203532665,0.02279317721411728,1.8066816061811695,0.017590367014799456,0.06241435996000281,0.003468115013336637,0.8259926191869148,0.9782126219851728,0.9775066566703096
1000.0,400.0,1.7782794100389228e-08,1.9530941468633132,0.057291809609198684,1.7217624622080792,0.029526057129188092,0.10577331933015581,0.005877398038144274,0.8051567366226058,0.9876301047367838,0.9872253042995548
1000.0,400.0,3.162277660168379e-08,2.1527572485212154,0.13324860076214207,1.5336092052407533,0.04651460740830379,0.1675396504249534,0.009309504693218597,0.7456619111448473,0.9930060329180002,0.992775870999405
1000.0,400.0,5.6234132519034905e-08,2.3114377704161377,0.2743089734360486,1.2642106719431663,0.06797711110273104,0.24559660012211204,0.013646815519067884,0.6564434787132997,0.9960549276295724,0.9959246889018292
1000.0,400.0,1e-07,2.4301336164449476,0.4852862865526049,0.9571018923767916,0.09135891388550912,0.3306443250669984,0.018372575615362752,0.5532070351580628,0.9977776858352707,0.9977041894597751
1000.0,400.0,1.7782794100389227e-07,2.513118499076299,0.7345587839922597,0.6667102874937617,0.11305956298480843,0.40958123833752286,0.022758782478630186,0.45501456703847515,0.9987490843453368,0.9987076724520912
1000.0,400.0,3.162277660168379e-07,2.567522141408619,0.9707806268554785,0.43266727114426495,0.13040263296841273,0.4726688070853423,0.026264304997356193,0.37566892300836713,0.9992961732034096,0.9992728596452415
1000.0,400.0,5.62341325190349e-07,2.6013570891227555,1.1578869226802733,0.2662968826334861,0.14268049237626096,0.517331568616421,0.028746035065628926,0.3191945446617934,0.99960408724853,0.9995909688601234
1000.0,400.0,1e-06,2.6216123266689673,1.2880829935992766,0.15813706768933297,0.15064576931783455,0.5463067666110395,0.03035607030824067,0.2824561359764789,0.9997773234118885,0.9997699438036566
1000.0,400.0,1.778279410038923e-06,2.633436750316958,1.3712510130645656,0.09181584099429843,0.15552440474548498,0.5640537810627214,0.03134220054016021,0.259921200630911,0.9998747676451097,0.9998706169672815
1000.0,400.0,3.162277660168379e-06,2.6402327126594023,1.4216314800503917,0.05259202378830563,0.15840796342708752,0.5745433224119864,0.03192506217424763,0.24659105103669393,0.9999295729090131,0.9999272385544519
1000.0,400.0,5.623413251903491e-06,2.644102526592818,1.4511997175802305,0.029887117021701774,0.16007656810049514,0.580613223007096,0.03226234214310553,0.23887403946074656,0.9999603948130408,0.9999590820299661
1000.0,400.0,1e-05,2.646294250218979,1.4682367683133273,0.016907188700075824,0.16103030393770426,0.5840826395849094,0.03245512367172937,0.2344621414080074,0.9999777280781016,0.9999769898231413
1000.0,400.0,1.778279410038923e-05,2.647531731357544,1.477950359424678,0.009539662738755427,0.16157159065675783,0.5860516855900745,0.03256453564065633,0.23195781971100657,0.9999874755533177,0.9999870603970484
1000.0,400.0,3.1622776601683795e-05,2.6482292054546086,1.4834553820669814,0.005374734755130373,0.1618775547152545,0.5871646954917799,0.03262638112545523,0.23054206189051357,0.9999929570449263,0.999992723586029
1000.0,400.0,5.623413251903491e-05,2.648621927909868,1.486564689809621,0.0030256671222718833,0.16205013839812712,0.5877925054909917,0.032661266002672745,0.2297435812065592,0.9999960395405799,0.9999959082594027
1000.0,400.0,0.0001,2.648842931694349,1.4883175048968074,0.001702481482335272,0.1621473682420478,0.5881461996353932,0.0326809193640647,0.22929383558433064,0.9999977729636187,0.9999976991417584
1000.0,400.0,0.00017782794100389227,2.6489672618264017,1.4893045558798115,0.0009576995016713757,0.16220205249023686,0.5883451256228636,0.03269197288130238,0.22904062572234643,0.9999987477416673,0.9999987062317336
1000.0,400.0,0.00031622776601683794,2.6490371938008965,1.4898600495122554,0.0005386565118085905,0.16223283605581576,0.5884571074486123,0.03269819526107769,0.22889818281247024,0.9999992959004818,0.9999992725609359
1000.0,400.0,0.0005623413251903491,2.6490765245028065,1.4901725639190295,0.0003029412027168856,0.16225013145886413,0.5885200234046482,0.032701691247768075,0.2288180283811001,0.9999996041530999,0.9999995910315317
1000.0,400.0,0.001,2.6490986433831796,1.4903483471489234,0.00017036663285738686,0.1622598898518577,0.5885555214515847,0.03270366373149786,0.22877299019597047,0.9999997774963691,0.9999997701207978
1000.0,400.0,0.0017782794100389228,2.6491110822501063,1.4904472110716187,9.580745006784545e-05,0.1622653817857652,0.5885754993857639,0.03270477382496846,0.22874766643081026,0.9999998749744793,0.9999998708301212
1000.0,400.0,0.0031622776601683794,2.6491180772991862,1.4905028106891371,5.3877515650768584e-05,0.1622684666648547,0.5885867212468548,0.032705397378665915,0.22873341996460095,0.9999999297904573,0.9999999274631444
1000.0,400.0,0.005623413251903491,2.6491220109550073,1.4905340780268759,3.0297879125939948e-05,0.1622702053966242,0.5885930461883487,0.032705748830231994,0.2287254138818314,0.9999999606157496,0.9999999593102366
1000.0,400.0,0.01,2.649124223028248,1.4905516613779017,1.7037846855069664e-05,0.1622711298264874,0.5885964095206323,0.032705935717082954,0.22872083646216512,0.9999999779500861,0.9999999772191736
1000.0,400.0,0.01778279410038923,2.649125466973504,1.4905615493603395,9.581115909188653e-06,0.16227164532486665,0.5885982850947634,0.03270603993519569,0.22871825623377673,0.9999999876979002,0.9999999872901091
1000.0,400.0,0.03162277660168379,2.6491261664969463,1.490567109824975,5.387869261397462e-06,0.16227200115997628,0.5885995790207537,0.03270611183346006,0.22871689820844895,0.999999993179499,0.9999999929534122
1000.0,400.0,0.05623413251903491,2.649126559868389,1.4905702367177889,3.0298249582273562e-06,0.16227218371233576,0.588600242996448,0.032706148727919535,0.22871610979729273,0.9999999962620286,0.999999996138122
1000.0,400.0,0.1,2.6491267810775536,1.4905719951031808,1.7037964524939828e-06,0.1622722472800066,0.5886004745919806,0.03270616159675203,0.2287156113457604,0.9999999979954624,0.9999999979290157
1000.0,400.0,0.1778279410038923,2.6491269054726736,1.4905729839173212,9.58115718077485e-07,0.16227234249653044,0.5886008205389734,0.03270618081963536,0.2287154148656077,0.9999999989702438,0.9999999989361092
1000.0,400.0,0.31622776601683794,2.649126975425207,1.4905735399688171,5.3878815664749e-07,0.16227237073602294,0.588600923293053,0.032706186529266386,0.22871526871075276,0.9999999995184037,0.9999999995024397
1000.0,400.0,0.5623413251903491,2.6491270147624,1.490573852659688,3.029828217796206e-07,0.1622723577107643,0.5886008762287447,0.032706183914092024,0.22871514578089724,0.9999999998266567,0.9999999998209106
1000.0,400.0,1.0,2.6491270368833217,1.4905740284987312,1.7037983885456782e-07,0.16227243134732644,0.5886011434282991,0.032706198761296844,0.2287151907632907,1.0,1.0
1000.0,410.0,0.0,,,,,,,,0.0,0.0
1000.0,410.0,1e-08,2.6599896529301894,1.555651501914175,18.21440068592749,0.16459497268084236,0.5689515681668611,0.02707118688754165,0.2479623050393722,1.0,0.99999999999922
1000.0,410.0,1.7782794100389228e-08,2.660502206097491,1.5599230126933077,10.256993334011261,0.16482449483170877,0.5697449519837393,0.02710893674672467,0.24694361217181982,1.0,0.9999999999995614
1000.0,410.0,3.162277660168379e-08,2.660790706541139,1.5623328201428421,5.7724573014245815,0.16495383209491166,0.5701920290573773,0.027130209044211404,0.24636948923329807,1.0,0.9999999999997533
1000.0,410.0,5.6234132519034905e-08,2.660953027980008,1.5636904170009938,3.24752405757247,0.165026639890509,0.5704437020508181,0.027142183853705173,0.24604622066941378,1.0,0.9999999999998613
1000.0,410.0,1e-07,2.6610443351642297,1.564454630055979,1.8266707462060807,0.16506764441663752,0.570585441431206,0.027148927930829653,0.2458643578344184,1.0,0.999999999999922
1000.0,410.0,1.7782794100389227e-07,2.6610956895513107,1.5648846256409645,1.0273557977251864,0.16509067994710186,0.570665067807199,0.027152716619755546,0.24576200156094458,1.0,0.9999999999999563
1000.0,410.0,3.162277660168379e-07,2.6611245709607108,1.5651265080852628,0.5777700206102668,0.1651036534227793,0.5707099129152302,0.02715485038714178,0.2457044548798659,1.0,0.9999999999999752
1000.0,410.0,5.62341325190349e-07,2.661140813029546,1.5652625533035551,0.3249183291289534,0.1651109557447616,0.5707351546797593,0.027156051411206347,0.24567209881546204,1.0,0.9999999999999861
1000.0,410.0,1e-06,2.661149946887666,1.5653390649718402,0.18271952864113614,0.1651150446480516,0.5707492886955257,0.027156723919384,0.24565387595652008,1.0,0.9999999999999922
1000.0,410.0,1.778279410038923e-06,2.6611550833194335,1.5653820931179276,0.10275216721756282,0.16511733509994175,0.5707572060466664,0.027157100633509373,0.24564361470956603,1.0,0.9999999999999956
1000.0,410.0,3.162277660168379e-06,2.6611579717744505,1.565406290404748,0.057782253227280575,0.1651186591638583,0.5707617829072436,0.02715731840432675,0.2456378978466318,1.0,0.9999999999999976
1000.0,410.0,5.623413251903491e-06,2.6611595960806502,1.5654198977864238,0.032493488198388445,0.1651193672668364,0.5707642305901421,0.02715743486710653,0.24563462870646913,1.0,0.9999999999999987
1000.0,410.0,1e-05,2.661160509497865,1.5654275498576857,0.018272482344912792,0.16511982931701652,0.5707658277481249,0.02715751086120631,0.24563288530793673,1.0,0.9999999999999991
1000.0,410.0,1.778279410038923e-05,2.6611610231509824,1.565431852958313,0.01027538604014723,0.16512005595754056,0.5707666111710902,0.02715754813711992,0.245631855544537,1.0,0.9999999999999997
1000.0,410.0,3.1622776601683795e-05,2.661161311999625,1.5654342727774437,0.0057782789613017695,0.1651201919405979,0.570767081220524,0.027157570502461332,0.24563128915906474,1.0,0.9999999999999998
1000.0,410.0,5.623413251903491e-05,2.6611614744312444,1.565435633544214,0.003249365452276674,0.16512021246313965,0.570767152160311,0.027157573877835163,0.2456308874314174,1.0,0.9999999999999999
1000.0,410.0,0.0001,2.6611615657732717,1.5654363987603854,0.0018272535236511756,0.16512030727352117,0.5707674798891255,0.027157589471443616,0.24563078539422936,1.0,0.9999999999999999
1000.0,410.0,0.00017782794100389227,2.6611616171386863,1.5654368290733092,0.001027540194540356,0.16512031154665463,0.5707674946599653,0.027157590174252413,0.24563065505920417,1.0,1.0
1000.0,410.0,0.00031622776601683794,2.6611616460235727,1.5654370710561254,0.0005778282265320907,0.16512028635630155,0.5707674075850646,0.027157586031156516,0.24563054071901907,1.0,1.0
1000.0,410.0,0.0005623413251903491,2.661161662266762,1.5654372071330895,0.00032493675093625226,0.16512031699630383,0.5707675134976394,0.027157591070564552,0.24563054307293497,1.0,1.0
1000.0,410.0,0.001,2.661161671400967,1.5654372836547954,0.0001827253379963566,0.16512029428914768,0.5707674350063471,0.027157587335883845,0.2456304849865072,1.0,1.0
1000.0,410.0,0.0017782794100389228,2.661161676537508,1.565437326686118,0.00010275401342305355,0.1651203018551833,0.5707674611596845,0.0271575885802813,0.24563048257246148,1.0,1.0
1000.0,410.0,0.0031622776601683794,2.661161679425992,1.565437350884408,5.778284270565968e-05,0.16512034365821646,0.5707676056592452,0.027157595455690093,0.24563053707128651,1.0,1.0
1000.0,410.0,0.005623413251903491,2.6611616810503045,1.5654373644921074,3.249368114716707e-05,0.16512034775806733,0.5707676198311034,0.027157596129998834,0.24563053884759145,1.0,1.0
1000.0,410.0,0.01,2.661161681963733,1.5654373721442787,1.827253941482493e-05,0.16512034503097225,0.5707676104044179,0.02715759568146934,0.2456305323600454,1.0,1.0
1000.0,410.0,0.01778279410038923,2.6611616824773803,1.5654373764474125,1.0275402693101488e-05,0.1651203235617676,0.5707675361923235,0.02715759215039642,0.24563049905586373,1.0,1.0
1000.0,410.0,0.03162277660168379,2.661161682766242,1.5654373788672404,5.778284314772033e-06,0.1651203449214497,0.5707676100258339,0.027157595663455995,0.24563053006153024,1.0,1.0
1000.0,410.0,0.05623413251903491,2.661161682928661,1.5654373802280108,3.24936765082144e-06,0.16512032418470013,0.5707675383455997,0.02715759225285108,0.24563049878159787,1.0,1.0
1000.0,410.0,0.1,2.6611616830200036,1.5654373809932287,1.827253873792063e-06,0.16512033891410643,0.5707675892603918,0.027157594675419065,0.24563052044976397,1.0,1.0
1000.0,410.0,0.1778279410038923,2.66116168307137,1.56543738142354,1.0275401379647903e-06,0.16512030245525847,0.5707674632339501,0.027157588678976576,0.24563046607744116,1.0,1.0
1000.0,410.0,0.31622776601683794,2.66116168310026,1.5654373816655256,5.778283618084643e-07,0.1651203250128997,0.5707675412084177,0.027157592389066332,0.2456304995569799,1.0,1.0
1000.0,410.0,0.5623413251903491,2.6611616831165095,1.565437381801602,3.249367769474582e-07,0.16512033021419487,0.5707675591876122,0.027157593244531306,0.2456305072511223,1.0,1.0
1000.0,410.0,1.0,2.6611616831256413,1.5654373818781226,1.8272536542484382e-07,0.16512031907498156,0.5707675206829559,0.027157591412447855,0.24563049065628934,1.0,1.0
1000.0,420.0,0.0,,,,,,,,,
1000.0,420.0,1e-08,2.672524520236256,1.63747866537549,19.62903655292544,0.16761761722755128,0.5516599991633632,0.022707538813757713,0.26382948846195986,1.0,1.0
1000.0,420.0,1.7782794100389228e-08,2.6725245202362666,1.6374786653754907,11.038215227617002,0.16761756863846325,0.551659839247856,0.022707532231283745,0.2638294119829211,1.0,1.0
1000.0,420.0,3.162277660168379e-08,2.6725245202362666,1.6374786653754896,6.207244786298102,0.16761757424071635,0.5516598576858878,0.022707532990233682,0.2638294208008461,1.0,1.0
1000.0,420.0,5.6234132519034905e-08,2.6725245202362666,1.63747866537549,3.4905900673593817,0.16761756504259454,0.5516598274131995,0.02270753174414325,0.26382940632303753,1.0,1.0
1000.0,420.0,1e-07,2.6725245202362613,1.6374786653754907,1.9629031272355524,0.16761757213534592,0.5516598507567315,0.022707532705014372,0.26382941748700106,1.0,1.0
1000.0,420.0,1.7782794100389227e-07,2.672524520236272,1.6374786653754907,1.1038214077753077,0.16761755117754304,0.5516597817807986,0.022707529865813276,0.26382938449949944,1.0,1.0
1000.0,420.0,3.162277660168379e-07,2.6725245202362666,1.63747866537549,0.6207244091737734,0.16761755548512863,0.5516597959578446,0.02270753044937167,0.26382939127962274,1.0,1.0
1000.0,420.0,5.62341325190349e-07,2.6725245202362666,1.6374786653754907,0.3490590261364367,0.16761757435868224,0.5516598580741349,0.022707533006214784,0.2638294209865239,1.0,1.0
1000.0,420.0,1e-06,2.6725245202362613,1.637478665375491,0.1962903104550394,0.16761757019819928,0.5516598443812304,0.022707532442584725,0.26382941443793967,1.0,1.0
1000.0,420.0,1.778279410038923e-06,2.6725245202362613,1.63747866537549,0.11038216458419511,0.16761758732845253,0.5516599007600028,0.022707534763258985,0.26382944140089276,1.0,1.0
1000.0,420.0,3.162277660168379e-06,2.6725245202362666,1.63747866537549,0.062072458815306306,0.1676176038158702,0.5516599550230867,0.022707536996846862,0.2638294673520252,1.0,1.0
1000.0,420.0,5.623413251903491e-06,2.6725245202362613,1.6374786653754907,0.034905899798285435,0.16761756083937798,0.551659813579651,0.022707531174723974,0.2638293997071907,1.0,1.0
1000.0,420.0,1e-05,2.6725245202362613,1.6374786653754902,0.019629030982536447,0.16761756966050295,0.5516598426115742,0.022707532369741785,0.2638294135916077,1.0,1.0
1000.0,420.0,1.778279410038923e-05,2.6725245202362666,1.6374786653754902,0.011038214818932607,0.16761756243250667,0.5516598188229266,0.02270753139054873,0.2638294022147692,1.0,1.0
1000.0,420.0,3.1622776601683795e-05,2.6725245202362613,1.6374786653754902,0.006207245146404631,0.16761758396486692,0.5516598896898322,0.02270753430758642,0.2638294361066219,1.0,1.0
1000.0,420.0,5.623413251903491e-05,2.6725245202362666,1.6374786653754907,0.0034905904858542718,0.1676175851386508,0.5516598935529679,0.02270753446660158,0.26382943795415326,1.0,1.0
1000.0,420.0,0.0001,2.6725245202362666,1.6374786653754907,0.0019629032878412953,0.16761758584990183,0.5516598958938241,0.022707534562956374,0.26382943907365963,1.0,1.0
1000.0,420.0,0.00017782794100389227,2.6725245202362613,1.6374786653754902,0.0011038216819795514,0.16761759281602145,0.5516599188205881,0.022707535506672392,0.26382945003830527,1.0,1.0
1000.0,420.0,0.00031622776601683794,2.6725245202362613,1.63747866537549,0.0006207245277329638,0.1676175875003054,0.5516599013256018,0.022707534786540286,0.26382944167138855,1.0,1.0
1000.0,420.0,0.0005623413251903491,2.6725245202362666,1.63747866537549,0.0003490590207601593,0.16761757177700262,0.5516598495773588,0.022707532656468795,0.2638294169229701,1.0,1.0
1000.0,420.0,0.001,2.672524520236256,1.63747866537549,0.0001962902826756191,0.1676175464766059,0.5516597663091615,0.022707529228966662,0.2638293771002424,1.0,1.0
1000.0,420.0,0.0017782794100389228,2.6725245202362666,1.6374786653754902,0.00011038215272979593,0.16761756932730354,0.5516598415149544,0.0227075323246025,0.2638294130671531,1.0,1.0
1000.0,420.0,0.0031622776601683794,2.6725245202362613,1.63747866537549,6.207243391596097e-05,0.16761753657882691,0.5516597337337744,0.02270752788809209,0.26382936152117614,1.0,1.0
1000.0,420.0,0.005623413251903491,2.6725245202362666,1.6374786653754902,3.490590612910943e-05,0.16761759123989142,0.5516599136332581,0.022707535293150484,0.2638294475574826,1.0,1.0
1000.0,420.0,0.01,2.6725245202362613,1.6374786653754902,1.962902768479683e-05,0.1676175415002183,0.5516597499309666,0.02270752855480414,0.2638293692674274,1.0,1.0
1000.0,420.0,0.01778279410038923,2.672524520236256,1.6374786653754907,1.1038213394218283e-05,0.1676175407979266,0.5516597476195971,0.022707528459663093,0.2638293681620229,1.0,1.0
1000.0,420.0,0.03162277660168379,2.6725245202362666,1.63747866537549,6.207245235456595e-06,0.16761758636958507,0.551659897604196,0.022707534633359037,0.26382943989163904,1.0,1.0
1000.0,420.0,0.05623413251903491,2.6725245202362613,1.6374786653754902,3.490589597429434e-06,0.1676175424766352,0.5516597531445318,0.022707528687081556,0.26382937080430385,1.0,1.0
1000.0,420.0,0.1,2.672524520236256,1.637478665375491,1.962903228058021e-06,0.16761758074484742,0.5516598790921635,0.02270753387136307,0.26382943103832357,1.0,1.0
1000.0,420.0,0.1778279410038923,2.672524520236256,1.63747866537549,1.1038216858273965e-06,0.16761759340032464,0.5516599207436359,0.022707535585829275,0.26382945095799626,1.0,1.0
1000.0,420.0,0.31622776601683794,2.672524520236256,1.6374786653754907,6.20724356276336e-07,0.16761754120094874,0.5516597489460161,0.022707528514261416,0.2638293687963782,1.0,1.0
1000.0,420.0,0.5623413251903491,2.672524520236256,1.6374786653754902,3.490589968196945e-07,0.16761756028083052,0.5516598117413699,0.022707531099056284,0.2638293988280392,1.0,1.0
1000.0,420.0,1.0,2.6725245202362613,1.63747866537549,1.9629030434898688e-07,0.16761756498407698,0.5516598272206076,0.022707531736215748,0.26382940623093115,1.0,1.0
1000.0,430.0,0.0,,,,,,,,,
1000.0,430.0,1e-08,2.683403144858605,1.707988394033342,21.122581502271714,0.16986631241373668,0.5311491632651116,0.01908491173364432,0.2834228113786223,1.0,1.0
1000.0,430.0,1.7782794100389228e-08,2.683403144858605,1.707988394033342,11.878099084105587,0.16986629254530886,0.531149101139204,0.019084909501375976,0.28342277822804873,1.0,1.0
1000.0,430.0,3.162277660168379e-08,2.683403144858605,1.707988394033342,6.679545311515203,0.169866275552871,0.5311490480061313,0.019084907592232418,0.2834227498760793,1.0,1.0
1000.0,430.0,5.6234132519034905e-08,2.68340314485861,1.707988394033342,3.7561848851623103,0.16986629920526636,0.5311491219639976,0.019084910249639122,0.2834227893402219,1.0,1.0
1000.0,430.0,1e-07,2.683403144858605,1.707988394033342,2.1122578349118952,0.1698662870563043,0.5311490839758234,0.01908490888467237,0.2834227690696166,1.0,1.0
1000.0,430.0,1.7782794100389227e-07,2.6834031448585995,1.707988394033342,1.1878098966690123,0.16986629086617402,0.5311490958887748,0.019084909312720912,0.2834227754264037,1.0,1.0
1000.0,430.0,3.162277660168379e-07,2.6834031448585995,1.707988394033342,0.6679545948615265,0.1698662917548443,0.5311490986675275,0.019084909412565278,0.28342277690915463,1.0,1.0
1000.0,430.0,5.62341325190349e-07,2.683403144858605,1.707988394033342,0.37561844774269826,0.16986628076621363,0.531149064307554,0.019084908177964707,0.2834227585745681,1.0,1.0
1000.0,430.0,1e-06,2.6834031448585995,1.7079883940333414,0.2112257752363443,0.16986628041781593,0.5311490632181611,0.019084908138821337,0.2834227579932648,1.0,1.0
1000.0,430.0,1.778279410038923e-06,2.6834031448585995,1.707988394033342,0.11878096610148794,0.16986625716575313,0.5311489905120812,0.019084905526393015,0.28342271919707906,1.0,1.0
1000.0,430.0,3.162277660168379e-06,2.683403144858594,1.707988394033342,0.06679545193702564,0.1698662725567997,0.5311490386378184,0.01908490725561619,0.28342274487711894,1.0,1.0
1000.0,430.0,5.623413251903491e-06,2.6834031448585995,1.707988394033342,0.0375618415621283,0.16986626623991607,0.531149018885771,0.019084906545898273,0.28342273433736637,1.0,1.0
1000.0,430.0,1e-05,2.683403144858605,1.7079883940333418,0.02112258164644459,0.1698663135731648,0.5311491668904877,0.019084911863909013,0.283422813313134,1.0,1.0
1000.0,430.0,1.778279410038923e-05,2.683403144858605,1.707988394033342,0.011878097304880743,0.16986626710097422,0.5311490215781843,0.01908490664264034,0.28342273577404625,1.0,1.0
1000.0,430.0,3.1622776601683795e-05,2.683403144858605,1.707988394033342,0.006679544494606105,0.16986625477820758,0.5311489830465466,0.019084905258146205,0.2834227152134471,1.0,1.0
1000.0,430.0,5.623413251903491e-05,2.683403144858605,1.707988394033342,0.0037561846094315557,0.16986628673586876,0.5311490829738644,0.01908490884867062,0.28342276853496823,1.0,1.0
1000.0,430.0,0.0001,2.6834031448585995,1.7079883940333418,0.0021122574189220223,0.16986625360269178,0.5311489793708665,0.01908490512607402,0.28342271325209295,1.0,1.0
1000.0,430.0,0.00017782794100389227,2.6834031448585995,1.707988394033342,0.0011878099486478965,0.16986629829956912,0.5311491191320038,0.019084910147881738,0.2834227878290615,1.0,1.0
1000.0,430.0,0.00031622776601683794,2.683403144858605,1.7079883940333418,0.0006679546523276825,0.16986630636895567,0.5311491443638926,0.019084911054497812,0.2834228012928742,1.0,1.0
1000.0,430.0,0.0005623413251903491,2.68340314485861,1.707988394033342,0.0003756185027317023,0.1698663056339422,0.531149142065604,0.019084910971917182,0.28342280006650045,1.0,1.0
1000.0,430.0,0.001,2.683403144858605,1.707988394033342,0.00021122578215199662,0.1698662859793348,0.5311490806082844,0.019084908763672113,0.28342276727268745,1.0,1.0
1000.0,430.0,0.0017782794100389228,2.6834031448585995,1.7079883940333418,0.00011878099736532394,0.16986630187553264,0.5311491303135618,0.019084910549650322,0.2834227937955749,1.0,1.0
1000.0,430.0,0.0031622776601683794,2.683403144858605,1.707988394033341,6.679544837473023e-05,0.16986626349759246,0.531149010310893,0.019084906237791244,0.2834227297617853,1.0,1.0
1000.0,430.0,0.005623413251903491,2.68340314485861,1.707988394033342,3.756184936673163e-05,0.1698663015347465,0.5311491292479692,0.019084910511362133,0.28342279322697145,1.0,1.0
1000.0,430.0,0.01,2.6834031448585995,1.707988394033342,2.1122576878129036e-05,0.16986627522670703,0.5311490469862603,0.019084907555587064,0.283422749331873,1.0,1.0
1000.0,430.0,0.01778279410038923,2.6834031448585995,1.7079883940333418,1.1878098698800896e-05,0.16986628703514442,0.5311490839096593,0.019084908882295002,0.2834227690343112,1.0,1.0
1000.0,430.0,0.03162277660168379,2.6834031448585995,1.707988394033342,6.6795469432447424e-06,0.1698663170490817,0.5311491777592134,0.019084912254437106,0.2834228191127191,1.0,1.0
1000.0,430.0,0.05623413251903491,2.683403144858605,1.707988394033342,3.756183992847519e-06,0.16986625885203138,0.531148995784847,0.01908490571585066,0.28342272201064295,1.0,1.0
1000.0,430.0,0.1,2.6834031448585995,1.707988394033342,2.112257523827738e-06,0.16986626203913552,0.531149005750494,0.019084906073929906,0.2834227273283425,1.0,1.0
1000.0,430.0,0.1778279410038923,2.6834031448585995,1.707988394033342,1.1878100974878062e-06,0.1698663195848636,0.5311491856882632,0.019084912539338642,0.28342282334368424,1.0,1.0
1000.0,430.0,0.31622776601683794,2.68340314485861,1.707988394033342,6.679545428465627e-07,0.16986627852701552,0.5311490573058821,0.01908490792638511,0.2834227548384546,1.0,1.0
1000.0,430.0,0.5623413251903491,2.683403144858605,1.7079883940333414,3.756184496710426e-07,0.1698662816382706,0.5311490670343592,0.01908490827594252,0.28342276002959965,1.0,1.0
1000.0,430.0,1.0,2.6834031448585995,1.707988394033342,2.1122580777613044e-07,0.1698663065860827,0.5311491450428197,0.019084911078892586,0.28342280165515177,1.0,1.0
1000.0,440.0,0.0,,,,,,,,,
1000.0,440.0,1e-08,2.693575810307236,1.7737711564630025,22.765498753969148,0.17169654511150723,0.5093784936926623,0.01605928450067375,0.30449801691846595,1.0,1.0
1000.0,440.0,1.7782794100389228e-08,2.693575810307236,1.773771156463003,12.801981271717727,0.17169655227056757,0.5093785149317114,0.016059285170281785,0.3044980296148173,1.0,1.0
1000.0,440.0,3.162277660168379e-08,2.693575810307236,1.773771156463003,7.199083639228922,0.17169656481147724,0.5093785521372922,0.01605928634327007,0.3044980518556966,1.0,1.0
1000.0,440.0,5.6234132519034905e-08,2.6935758103072414,1.7737711564630025,4.048342006705848,0.17169655517835394,0.5093785235583489,0.016059285442255624,0.3044980347716782,1.0,1.0
1000.0,440.0,1e-07,2.6935758103072307,1.7737711564630025,2.2765500757010475,0.17169656021837046,0.5093785385107523,0.01605928591366324,0.304498043709977,1.0,1.0
1000.0,440.0,1.7782794100389227e-07,2.693575810307236,1.7737711564630025,1.2801979123656932,0.17169652346138367,0.5093784294624395,0.016059282475673804,0.3044979785227039,1.0,1.0
1000.0,440.0,3.162277660168379e-07,2.6935758103072414,1.7737711564630025,0.7199083766679357,0.17169656785114215,0.5093785611551785,0.0160592866275789,0.3044980572464395,1.0,1.0
1000.0,440.0,5.62341325190349e-07,2.6935758103072307,1.7737711564630025,0.4048342050559286,0.17169655703824724,0.5093785290761631,0.016059285616216935,0.3044980380701361,1.0,1.0
1000.0,440.0,1e-06,2.693575810307236,1.773771156463003,0.22765500664982505,0.17169655952429894,0.5093785364516246,0.01605928584874468,0.3044980424790646,1.0,1.0
1000.0,440.0,1.778279410038923e-06,2.6935758103072307,1.7737711564630037,0.1280197920852842,0.17169652459965606,0.5093784328393943,0.01605928258213978,0.30449798054139143,1.0,1.0
1000.0,440.0,3.162277660168379e-06,2.693575810307236,1.7737711564630025,0.0719908430619321,0.1716965807184291,0.509378599329035,0.01605928783109422,0.3044980800661379,1.0,1.0
1000.0,440.0,5.623413251903491e-06,2.693575810307236,1.7737711564630025,0.040483418591400804,0.17169654891985756,0.509378504991036,0.016059284856879987,0.30449802367244644,1.0,1.0
1000.0,440.0,1e-05,2.693575810307236,1.7737711564630025,0.022765501779097086,0.17169656792690968,0.5093785613799608,0.01605928663466566,0.3044980573808107,1.0,1.0
1000.0,440.0,1.778279410038923e-05,2.693575810307236,1.7737711564630025,0.012801981710677738,0.17169655815777507,0.5093785323975077,0.016059285720929673,0.3044980400555808,1.0,1.0
1000.0,440.0,3.1622776601683795e-05,2.6935758103072254,1.7737711564630025,0.007199084732407115,0.17169659088353723,0.5093786294862374,0.016059288781866774,0.3044980980936134,1.0,1.0
1000.0,440.0,5.623413251903491e-05,2.693575810307236,1.773771156463003,0.004048342346801439,0.17169656960234317,0.5093785663505315,0.016059286791373896,0.3044980603521353,1.0,1.0
1000.0,440.0,0.0001,2.6935758103072254,1.7737711564630032,0.0022765503173526975,0.17169657844364805,0.5093785925803578,0.016059287618327235,0.30449807603189055,1.0,1.0
1000.0,440.0,0.00017782794100389227,2.6935758103072254,1.773771156463002,0.001280198286043982,0.17169657357805895,0.5093785781454346,0.016059287163234327,0.30449806740293284,1.0,1.0
1000.0,440.0,0.00031622776601683794,2.693575810307236,1.7737711564630025,0.0007199084057130231,0.17169657477833175,0.5093785817063283,0.016059287275499382,0.30449806953157604,1.0,1.0
1000.0,440.0,0.0005623413251903491,2.6935758103072254,1.7737711564630019,0.0004048341371930332,0.17169652825652543,0.5093784436883639,0.016059282924177562,0.30449798702672565,1.0,1.0
1000.0,440.0,0.001,2.6935758103072414,1.7737711564630025,0.00022765500263270314,0.17169655649460053,0.5093785274633064,0.01605928556536805,0.304498037105997,1.0,1.0
1000.0,440.0,0.0017782794100389228,2.6935758103072254,1.7737711564630032,0.00012801983162846528,0.1716965776338522,0.5093785901779064,0.016059287542584635,0.30449807459574496,1.0,1.0
1000.0,440.0,0.0031622776601683794,2.6935758103072307,1.7737711564630025,7.199082356515129e-05,0.1716965342190348,0.5093784613775613,0.016059283481868657,0.30449799760103446,1.0,1.0
1000.0,440.0,0.005623413251903491,2.6935758103072254,1.773771156463003,4.048342237408902e-05,0.17169656496283353,0.5093785525863265,0.016059286357426872,0.30449805212412184,1.0,1.0
1000.0,440.0,0.01,2.6935758103072307,1.7737711564630025,2.2765503916846266e-05,0.1716965840497345,0.509378609212142,0.01605928814268104,0.30449808597409533,1.0,1.0
1000.0,440.0,0.01778279410038923,2.6935758103072307,1.7737711564630025,1.2801981734957046e-05,0.1716965584834023,0.5093785333635581,0.01605928575138655,0.3044980406330697,1.0,1.0
1000.0,440.0,0.03162277660168379,2.693575810307236,1.7737711564630019,7.199083310380406e-06,0.17169655696851233,0.5093785288692779,0.01605928560969442,0.3044980379464635,1.0,1.0
1000.0,440.0,0.05623413251903491,2.6935758103072254,1.773771156463002,4.04834206864176e-06,0.17169655780515344,0.5093785313513722,0.016059285687947934,0.3044980394302183,1.0,1.0
1000.0,440.0,0.1,2.6935758103072254,1.7737711564630032,2.2765503384850496e-06,0.1716965800374422,0.5093785973087258,0.0160592877673995,0.30449807885843055,1.0,1.0
1000.0,440.0,0.1778279410038923,2.6935758103072254,1.7737711564630025,1.280198329078535e-06,0.1716965793497315,0.5093785952684692,0.01605928770307589,0.30449807763879894,1.0,1.0
1000.0,440.0,0.31622776601683794,2.693575810307236,1.7737711564630025,7.199083508232938e-07,0.17169656168725178,0.509378542868537,0.016059286051052047,0.3044980463149884,1.0,1.0
1000.0,440.0,0.5623413251903491,2.693575810307236,1.7737711564630025,4.048342016750042e-07,0.17169655560434402,0.5093785248221494,0.016059285482099735,0.30449803552715715,1.0,1.0
1000.0,440.0,1.0,2.6935758103072205,1.7737711564630025,2.276550549367457e-07,0.17169659594211492,0.509378644493707,0.016059289255010475,0.3044981070648299,1.0,1.0
1000.0,450.0,0.0,,,,,,,,,
1000.0,450.0,1e-08,2.702853694424179,1.831912495926079,24.565018152098208,0.1729828769247368,0.4865515735993384,0.01353030886979558,0.32700233911783944,1.0,1.0
1000.0,450.0,1.7782794100389228e-08,2.7028536944241845,1.8319124959260797,13.813926900410548,0.17298290246326248,0.4865516454319388,0.013530310867358269,0.3270023873952053,1.0,1.0
1000.0,450.0,3.162277660168379e-08,2.702853694424179,1.831912495926079,7.768142407354553,0.17298291244155417,0.48655167349803186,0.013530311647836493,0.32700240625790883,1.0,1.0
1000.0,450.0,5.6234132519034905e-08,2.7028536944241845,1.8319124959260793,4.368347487439409,0.17298291211764494,0.48655167258696735,0.013530311622501083,0.32700240564559924,1.0,1.0
1000.0,450.0,1e-07,2.7028536944241743,1.831912495926079,2.456502397933142,0.1729829179591687,0.48655168901751034,0.01353031207941117,0.32700241668826413,1.0,1.0
1000.0,450.0,1.7782794100389227e-07,2.702853694424179,1.831912495926079,1.3813928668261368,0.17298292460091877,0.4865517076988619,0.01353031259891305,0.32700242924365597,1.0,1.0
1000.0,450.0,3.162277660168379e-07,2.7028536944241845,1.8319124959260797,0.7768141968807303,0.17298290267587577,0.4865516460299594,0.013530310883988374,0.32700238779712393,1.0,1.0
1000.0,450.0,5.62341325190349e-07,2.702853694424179,1.831912495926079,0.4368347306517109,0.17298290495327295,0.48655165243562915,0.013530311062120963,0.32700239210225646,1.0,1.0
1000.0,450.0,1e-06,2.702853694424179,1.8319124959260793,0.24565022122400376,0.17298290488296122,0.4865516522378623,0.013530311056621344,0.327002391969341,1.0,1.0
1000.0,450.0,1.778279410038923e-06,2.7028536944241845,1.831912495926079,0.13813928615156193,0.1729829239359169,0.486551705828401,0.013530312546898187,0.32700242798655377,1.0,1.0
1000.0,450.0,3.162277660168379e-06,2.702853694424179,1.831912495926079,0.07768142324901207,0.17298291060546273,0.4865516683336295,0.013530311504221793,0.3270024027870093,1.0,1.0
1000.0,450.0,5.623413251903491e-06,2.7028536944241743,1.831912495926079,0.04368346666332917,0.17298287960251363,0.4865515811311622,0.013530309079244912,0.32700234417983925,1.0,1.0
1000.0,450.0,1e-05,2.7028536944241845,1.8319124959260797,0.02456502257415885,0.17298290806417121,0.4865516611857001,0.013530311305448017,0.3270023979830178,1.0,1.0
1000.0,450.0,1.778279410038923e-05,2.7028536944241743,1.8319124959260793,0.013813927348406998,0.17298290807323327,0.4865516612111891,0.013530311306156829,0.3270023980001484,1.0,1.0
1000.0,450.0,3.1622776601683795e-05,2.7028536944241743,1.831912495926079,0.00776814110899347,0.17298288352932914,0.48655159217617594,0.013530309386391073,0.32700235160298935,1.0,1.0
1000.0,450.0,5.623413251903491e-05,2.7028536944241743,1.8319124959260793,0.004368346901577984,0.1729828889180218,0.48655160733303393,0.013530309807881787,0.32700236178963404,1.0,1.0
1000.0,450.0,0.0001,2.7028536944241845,1.8319124959260793,0.0024565021355939095,0.17298289948566511,0.48655163705680526,0.013530310634457691,0.3270023817664326,1.0,1.0
1000.0,450.0,0.00017782794100389227,2.702853694424179,1.8319124959260793,0.001381392702963899,0.17298290408150696,0.4865516499835996,0.0135303109939335,0.3270023904542927,1.0,1.0
1000.0,450.0,0.00031622776601683794,2.7028536944241845,1.8319124959260797,0.0007768141405373648,0.17298289012919607,0.48655161073972225,0.013530309902616954,0.32700236407920646,1.0,1.0
1000.0,450.0,0.0005623413251903491,2.7028536944241743,1.8319124959260793,0.0004368348107318053,0.17298293666432155,0.4865517416297787,0.013530313542483697,0.3270024520479994,1.0,1.0
1000.0,450.0,0.001,2.702853694424179,1.831912495926079,0.0002456501875488029,0.17298288116943053,0.4865515855384532,0.013530309201805422,0.3270023471418983,1.0,1.0
1000.0,450.0,0.0017782794100389228,2.702853694424179,1.8319124959260793,0.00013813926881044289,0.1729829022207513,0.4865516447498238,0.013530310848389621,0.3270023869367684,1.0,1.0
1000.0,450.0,0.0031622776601683794,2.7028536944241845,1.8319124959260793,7.768141138550048e-05,0.17298288418750232,0.4865515940274297,0.01353030943787181,0.3270023528471829,1.0,1.0
1000.0,450.0,0.005623413251903491,2.7028536944241743,1.8319124959260793,4.368347619503636e-05,0.17298291734727805,0.4865516872964361,0.013530312031550537,0.32700241553156184,1.0,1.0
1000.0,450.0,0.01,2.702853694424179,1.8319124959260793,2.4565022060124167e-05,0.17298290444442227,0.48655165100437703,0.013530311022319871,0.32700239114033836,1.0,1.0
1000.0,450.0,0.01778279410038923,2.7028536944241743,1.831912495926079,1.381392617993576e-05,0.17298289344122114,0.4865516200555056,0.01353031016167567,0.3270023703401726,1.0,1.0
1000.0,450.0,0.03162277660168379,2.7028536944241743,1.8319124959260797,7.768140792270662e-06,0.17298287647646743,0.4865515723384844,0.01353030883473302,0.3270023382704427,1.0,1.0
1000.0,450.0,0.05623413251903491,2.702853694424179,1.831912495926079,4.368347901037414e-06,0.1729829284957805,0.4865517186539988,0.013530312903559863,0.3270024366064015,1.0,1.0
1000.0,450.0,0.1,2.702853694424179,1.831912495926079,2.4565021078923473e-06,0.172982897534966,0.48655163157004416,0.013530310481878652,0.32700237807888155,1.0,1.0
1000.0,450.0,0.1778279410038923,2.7028536944241743,1.831912495926079,1.3813927044971362e-06,0.17298290427350438,0.48655165052363375,0.013530311008951083,0.3270023908172396,1.0,1.0
1000.0,450.0,0.31622776601683794,2.702853694424169,1.8319124959260797,7.768143830824988e-07,0.17298294413974516,0.48655176265601663,0.013530314127193539,0.3270024661793461,1.0,1.0
1000.0,450.0,0.5623413251903491,2.7028536944241743,1.8319124959260797,4.368347694092869e-07,0.17298292030094936,0.4865516956042724,0.013530312262579678,0.32700242111510547,1.0,1.0
1000.0,450.0,1.0,2.7028536944241743,1.8319124959260793,2.4565020915623083e-07,0.17298289638503112,0.4865516283356047,0.01353031039193348,0.3270023759050745,1.0,1.0
1000.0,460.0,0.0,,,,,,,,,
1000.0,460.0,1e-08,2.711200988053079,1.882408445055449,26.524937985582426,0.1738172042862879,0.46266647328330335,0.011364867820764957,0.35088454925738777,1.0,1.0
1000.0,460.0,1.7782794100389228e-08,2.711200988053074,1.882408445055449,14.916070501094692,0.1738172243724821,0.4626665267487164,0.01136486913408111,0.3508845898053601,1.0,1.0
1000.0,460.0,3.162277660168379e-08,2.711200988053079,1.882408445055449,8.387921285738674,0.17381719191139022,0.4626664403438121,0.011364867011644382,0.35088452427619893,1.0,1.0
1000.0,460.0,5.6234132519034905e-08,2.711200988053074,1.8824084450554497,4.716874570104474,0.17381718449309602,0.46266642059780344,0.011364866526606473,0.3508845093008987,1.0,1.0
1000.0,460.0,1e-07,2.711200988053079,1.882408445055449,2.652493747272197,0.17381720092552716,0.4626664643376335,0.011364867601024904,0.3508845424730247,1.0,1.0
1000.0,460.0,1.7782794100389227e-07,2.711200988053079,1.882408445055449,1.4916066737537201,0.17381718051568235,0.46266641001072745,0.011364866266547174,0.3508845012716993,1.0,1.0
1000.0,460.0,3.162277660168379e-07,2.711200988053079,1.8824084450554488,0.8387921518723898,0.17381719673938464,0.46266645319496325,0.011364867327318073,0.35088453402246467,1.0,1.0
1000.0,460.0,5.62341325190349e-07,2.7112009880530685,1.882408445055449,0.4716874105435732,0.17381716737001773,0.4626663750196096,0.011364865407030756,0.35088447473456436,1.0,1.0
1000.0,460.0,1e-06,2.7112009880530845,1.8824084450554495,0.2652493748244311,0.17381720098922954,0.46266646450719634,0.011364867605190022,0.3508845426016206,1.0,1.0
1000.0,460.0,1.778279410038923e-06,2.7112009880530845,1.882408445055449,0.14916069896406575,0.17381721732604116,0.4626665079925064,0.011364868673356465,0.35088457558071956,1.0,1.0
1000.0,460.0,3.162277660168379e-06,2.7112009880530845,1.8824084450554488,0.08387920654506181,0.1738171788307883,0.462666405525878,0.011364866156382023,0.350884497870406,1.0,1.0
1000.0,460.0,5.623413251903491e-06,2.7112009880530845,1.8824084450554495,0.047168746888086505,0.17381718886735392,0.4626664322411991,0.011364866812613046,0.3508845181312071,1.0,1.0
1000.0,460.0,1e-05,2.711200988053079,1.882408445055449,0.02652493740898963,0.17381720050789087,0.46266646322596955,0.011364867573718162,0.35088454162994287,1.0,1.0
1000.0,460.0,1.778279410038923e-05,2.7112009880530845,1.882408445055449,0.014916068481770501,0.17381720084126281,0.46266646411333867,0.011364867595515363,0.3508845423029204,1.0,1.0
1000.0,460.0,3.1622776601683795e-05,2.711200988053079,1.882408445055449,0.008387920758321578,0.1738171809820842,0.4626664112521955,0.011364866297042402,0.35088450221322404,1.0,1.0
1000.0,460.0,5.623413251903491e-05,2.7112009880530685,1.882408445055449,0.004716874380876787,0.17381717752004144,0.4626664020369333,0.011364866070680124,0.3508844952244032,1.0,1.0
1000.0,460.0,0.0001,2.7112009880530845,1.8824084450554501,0.0026524937040058325,0.17381719809029397,0.4626664567908123,0.011364867415645956,0.3508845367495434,1.0,1.0
1000.0,460.0,0.00017782794100389227,2.711200988053074,1.882408445055449,0.001491607005069949,0.17381721912401912,0.46266651277836246,0.011364868790915493,0.35088457921029514,1.0,1.0
1000.0,460.0,0.00031622776601683794,2.711200988053074,1.8824084450554488,0.0008387921297612209,0.1738171921574374,0.4626664409987403,0.011364867027731937,0.3508845247728941,1.0,1.0
1000.0,460.0,0.0005623413251903491,2.711200988053074,1.882408445055449,0.0004716874895759264,0.17381719649349966,0.4626664525404668,0.011364867311241124,0.3508845335260969,1.0,1.0
1000.0,460.0,0.001,2.7112009880530685,1.8824084450554488,0.00026524933463086534,0.17381717465049412,0.46266639439877494,0.011364865883057582,0.350884489431652,1.0,1.0
1000.0,460.0,0.0017782794100389228,2.711200988053079,1.882408445055449,0.00014916068092815535,0.1738171963087639,0.46266645204873735,0.011364867299162357,0.35088453315317114,1.0,1.0
1000.0,460.0,0.0031622776601683794,2.711200988053079,1.8824084450554495,8.387921713369213e-05,0.17381720077288726,0.46266646393133665,0.011364867591044695,0.3508845421648907,1.0,1.0
1000.0,460.0,0.005623413251903491,2.7112009880530845,1.8824084450554495,4.716875144152853e-05,0.1738172056468222,0.4626664769047722,0.01136486790972216,0.3508845520038964,1.0,1.0
1000.0,460.0,0.01,2.711200988053074,1.882408445055449,2.652494077437907e-05,0.17381722256119722,0.46266652192743996,0.011364869015652021,0.3508845861489218,1.0,1.0
1000.0,460.0,0.01778279410038923,2.7112009880530845,1.882408445055449,1.4916070797117967e-05,0.1738172278220464,0.4626665359307634,0.011364869359627496,0.35088459676899075,1.0,1.0
1000.0,460.0,0.03162277660168379,2.711200988053079,1.882408445055449,8.38792169542869e-06,0.17381720040111798,0.4626664629417616,0.011364867566736924,0.3508845414144006,1.0,1.0
1000.0,460.0,0.05623413251903491,2.7112009880530685,1.8824084450554488,4.716875949471859e-06,0.17381723532288845,0.46266655589649786,0.011364869850062714,0.35088461191093023,1.0,1.0
1000.0,460.0,0.1,2.711200988053074,1.882408445055449,2.6524936538770846e-06,0.1738171948053706,0.4626664480470064,0.011364867200864456,0.3508845301182732,1.0,1.0
1000.0,460.0,0.1778279410038923,2.7112009880530636,1.882408445055449,1.4916068397354651e-06,0.17381719985756347,0.4626664614949287,0.011364867531197144,0.35088454031712785,1.0,1.0
1000.0,460.0,0.31622776601683794,2.711200988053074,1.882408445055449,8.38792177450895e-07,0.17381720203984447,0.4626664673037223,0.011364867673883451,0.3508845447224955,1.0,1.0
1000.0,460.0,0.5623413251903491,2.711200988053074,1.8824084450554488,4.716875993049606e-07,0.1738172369287317,0.46266656017092994,0.011364869955059205,0.3508846151526438,1.0,1.0
1000.0,460.0,1.0,2.711200988053074,1.8824084450554488,2.652494077601812e-07,0.17381722257193788,0.4626665219560294,0.011364869016354287,0.350884586170604,1.0,1.0
1000.0,470.0,0.0,,,,,,,,,
1000.0,470.0,1e-08,2.7184786869441107,1.9217567820259216,28.66536409293569,0.17401115080317747,0.43783868170825285,0.009507704647235644,0.3762309086347465,1.0,1.0
1000.0,470.0,1.7782794100389228e-08,2.718478686944116,1.9217567820259216,16.119714853597188,0.1740111078664928,0.4378385736729843,0.009507702301240489,0.3762308158009952,1.0,1.0
1000.0,470.0,3.162277660168379e-08,2.718478686944116,1.9217567820259216,9.064782577522397,0.1740111225528847,0.4378386106261935,0.009507703103682609,0.37623084755456127,1.0,1.0
1000.0,470.0,5.6234132519034905e-08,2.7184786869441107,1.9217567820259216,5.0975010995984045,0.17401109703212986,0.43783854641206926,0.009507701709267378,0.376230792375932,1.0,1.0
1000.0,470.0,1e-07,2.718478686944116,1.9217567820259216,2.8665360211989346,0.17401112724415557,0.4378386224301489,0.009507703360006515,0.37623085769759584,1.0,1.0
1000.0,470.0,1.7782794100389227e-07,2.718478686944116,1.9217567820259223,1.6119716707994882,0.17401112788457623,0.4378386240415453,0.009507703394998126,0.37623085908225445,1.0,1.0
1000.0,470.0,3.162277660168379e-07,2.718478686944116,1.921756782025921,0.9064782923549995,0.1740111291953662,0.4378386273396934,0.009507703466617699,0.37623086191632404,1.0,1.0
1000.0,470.0,5.62341325190349e-07,2.7184786869441107,1.9217567820259216,0.509750156046378,0.17401111276448342,0.43783858599707814,0.00950770256885925,0.37623082639098016,1.0,1.0
1000.0,470.0,1e-06,2.7184786869441053,1.9217567820259216,0.28665355286719474,0.1740110973456385,0.437838547200905,0.00950770172639701,0.37623079305377155,1.0,1.0
1000.0,470.0,1.778279410038923e-06,2.718478686944116,1.9217567820259216,0.1611971617084962,0.17401112208613362,0.4378386094517764,0.009507703078180038,0.376230846545395,1.0,1.0
1000.0,470.0,3.162277660168379e-06,2.7184786869441053,1.9217567820259216,0.09064782718478948,0.17401112525874193,0.43783861743454433,0.009507703251526533,0.37623085340491697,1.0,1.0
1000.0,470.0,5.623413251903491e-06,2.7184786869441107,1.9217567820259216,0.05097501701975274,0.17401111759519752,0.43783859815189397,0.00950770283280212,0.37623083683550596,1.0,1.0
1000.0,470.0,1e-05,2.7184786869441107,1.9217567820259216,0.02866535812383681,0.17401111456816712,0.4378385905354223,0.009507702667409782,0.37623083029073917,1.0,1.0
1000.0,470.0,1.778279410038923e-05,2.7184786869441107,1.9217567820259216,0.016119715160409442,0.17401111117850798,0.43783858200652126,0.009507702482203962,0.37623082296192994,1.0,1.0
1000.0,470.0,3.1622776601683795e-05,2.7184786869441053,1.9217567820259216,0.009064781638444451,0.17401110452597604,0.43783856526773296,0.009507702118719734,0.3762308085784371,1.0,1.0
1000.0,470.0,5.623413251903491e-05,2.7184786869441107,1.9217567820259216,0.005097502030548249,0.17401112881154504,0.43783862637394055,0.009507703445646292,0.3762308610864611,1.0,1.0
1000.0,470.0,0.0001,2.718478686944116,1.9217567820259216,0.0028665359295421346,0.17401112168019164,0.43783860843036426,0.009507703055999987,0.37623084566770465,1.0,1.0
1000.0,470.0,0.00017782794100389227,2.7184786869441053,1.9217567820259216,0.0016119714565998896,0.17401110476189088,0.43783856586133085,0.009507702131609763,0.3762308090885105,1.0,1.0
1000.0,470.0,0.00031622776601683794,2.7184786869441107,1.9217567820259216,0.0009064782440192477,0.17401111991664567,0.4378386039930128,0.009507702959642518,0.3762308418547277,1.0,1.0
1000.0,470.0,0.0005623413251903491,2.7184786869441004,1.9217567820259212,0.0005097502834347501,0.17401115625047772,0.43783869541449383,0.009507704944867846,0.3762309204123982,1.0,1.0
1000.0,470.0,0.001,2.7184786869441107,1.9217567820259216,0.00028665356433270095,0.17401110430569638,0.43783856471347565,0.00950770210668399,0.37623080810216863,1.0,1.0
1000.0,470.0,0.0017782794100389228,2.718478686944116,1.9217567820259216,0.000161197183754182,0.17401114588428537,0.43783866933156773,0.009507704378474861,0.3762308979995704,1.0,1.0
1000.0,470.0,0.0031622776601683794,2.718478686944116,1.9217567820259216,9.064783000724238e-05,0.17401113067683327,0.4378386310672912,0.009507703547562803,0.37623086511941584,1.0,1.0
1000.0,470.0,0.005623413251903491,2.7184786869441107,1.9217567820259216,5.0975023605471885e-05,0.17401114007657006,0.43783865471846733,0.009507704061150127,0.37623088544266237,1.0,1.0
1000.0,470.0,0.01,2.7184786869441004,1.9217567820259216,2.8665363361073083e-05,0.1740111463604551,0.43783867052968356,0.00950770440449205,0.37623089902910073,1.0,1.0
1000.0,470.0,0.01778279410038923,2.7184786869441107,1.9217567820259216,1.6119716737537474e-05,0.1740111282034863,0.43783862484397185,0.009507703412422887,0.3762308597717725,1.0,1.0
1000.0,470.0,0.03162277660168379,2.718478686944116,1.9217567820259216,9.064782714414263e-06,0.17401112518071465,0.43783861723821577,0.009507703247263242,0.3762308532362136,1.0,1.0
1000.0,470.0,0.05623413251903491,2.7184786869441107,1.921756782025921,5.097502289878141e-06,0.17401113766417264,0.4378386486485063,0.009507703929340403,0.37623088022679857,1.0,1.0
1000.0,470.0,0.1,2.7184786869441107,1.9217567820259216,2.866536158734508e-06,0.17401113559315942,0.43783864343752005,0.009507703816183388,0.3762308757490441,1.0,1.0
1000.0,470.0,0.1778279410038923,2.718478686944116,1.921756782025922,1.611971450198945e-06,0.17401110407091372,0.4378385641227266,0.009507702093855822,0.37623080759454325,1.0,1.0
1000.0,470.0,0.31622776601683794,2.7184786869441053,1.9217567820259216,9.064783064381571e-07,0.17401113189882442,0.4378386341420079,0.009507703614330542,0.3762308677614927,1.0,1.0
1000.0,470.0,0.5623413251903491,2.7184786869441107,1.9217567820259216,5.097501974475135e-07,0.1740111268974024,0.43783862155766484,0.00950770334106045,0.37623085694787795,1.0,1.0
1000.0,470.0,1.0,2.7184786869441004,1.9217567820259216,2.866536246583136e-07,0.17401114092595085,0.43783865685563933,0.009507704107559002,0.3762308872791154,1.0,1.0
1000.0,480.0,0.0,,,,,,,,,
1000.0,480.0,1e-08,2.7245241393569795,1.9487453445290757,30.992340041925097,0.17360177445083946,0.41211835151896853,0.007885135468338147,0.4029724529048367,1.0,1.0
1000.0,480.0,1.7782794100389228e-08,2.7245241393569795,1.9487453445290757,17.428272668269393,0.17360176546950234,0.4121183301979085,0.007885135060398424,0.40297243205694233,1.0,1.0
1000.0,480.0,3.162277660168379e-08,2.7245241393569843,1.9487453445290766,9.800637437810668,0.17360175643141407,0.41211830874212535,0.007885134649881016,0.40297241107731463,1.0,1.0
1000.0,480.0,5.6234132519034905e-08,2.7245241393569843,1.9487453445290757,5.511303456069629,0.17360175679620748,0.4121183096081192,0.007885134666450234,0.40297241192408995,1.0,1.0
1000.0,480.0,1e-07,2.7245241393569843,1.9487453445290757,3.099233765748982,0.17360176109456515,0.4121183198121166,0.007885134861685173,0.4029724219016362,1.0,1.0
1000.0,480.0,1.7782794100389227e-07,2.7245241393569795,1.9487453445290757,1.742827021599296,0.17360174104255388,0.4121182722100581,0.007885133950906321,0.40297237535598196,1.0,1.0
1000.0,480.0,3.162277660168379e-07,2.7245241393569795,1.9487453445290766,0.980063719094619,0.17360175205862638,0.4121182983614361,0.007885134451265399,0.40297240092699793,1.0,1.0
1000.0,480.0,5.62341325190349e-07,2.7245241393569795,1.9487453445290757,0.5511302785436815,0.17360173567179735,0.41211825946026137,0.007885133706962137,0.4029723628891339,1.0,1.0
1000.0,480.0,1e-06,2.7245241393569795,1.9487453445290766,0.3099233471682139,0.1736017446225835,0.4121182807087955,0.00788513411351421,0.4029723836661118,1.0,1.0
1000.0,480.0,1.778279410038923e-06,2.7245241393569795,1.9487453445290766,0.17428273655185803,0.17360177530010543,0.41211835353506593,0.007885135506912506,0.40297245487619204,1.0,1.0
1000.0,480.0,3.162277660168379e-06,2.7245241393569795,1.9487453445290766,0.09800637442139602,0.17360175650809384,0.41211830892415774,0.007885134653363874,0.4029724112553072,1.0,1.0
1000.0,480.0,5.623413251903491e-06,2.7245241393569843,1.9487453445290766,0.05511303356108525,0.1736017536475108,0.4121183021333355,0.007885134523433836,0.4029724046151898,1.0,1.0
1000.0,480.0,1e-05,2.7245241393569795,1.9487453445290757,0.030992337172397678,0.17360175837734998,0.41211831336163973,0.007885134738267028,0.4029724155943109,1.0,1.0
1000.0,480.0,1.778279410038923e-05,2.7245241393569843,1.9487453445290768,0.017428274111809923,0.17360177984850533,0.4121183643326461,0.007885135713504573,0.40297246543414783,1.0,1.0
1000.0,480.0,3.1622776601683795e-05,2.7245241393569843,1.9487453445290757,0.009800637527940578,0.17360175802791336,0.4121183125321019,0.007885134722395328,0.40297241478318246,1.0,1.0
1000.0,480.0,5.623413251903491e-05,2.7245241393569795,1.9487453445290766,0.005511303511987489,0.17360175855757645,0.41211831378948466,0.00788513474645306,0.4029724160126609,1.0,1.0
1000.0,480.0,0.0001,2.724524139356969,1.9487453445290766,0.0030992342612355026,0.17360178884895192,0.4121183856990706,0.007885136122312264,0.4029724863263999,1.0,1.0
1000.0,480.0,0.00017782794100389227,2.7245241393569795,1.9487453445290768,0.0017428270981312167,0.17360174866584324,0.4121182903072086,0.007885134297162396,0.40297239305151306,1.0,1.0
1000.0,480.0,0.00031622776601683794,2.724524139356974,1.9487453445290766,0.0009800638535177224,0.17360177586941114,0.4121183548865575,0.00788513553277084,0.40297245619769073,1.0,1.0
1000.0,480.0,0.0005623413251903491,2.7245241393569843,1.9487453445290766,0.0005511303482724839,0.17360175763582586,0.41211831160131374,0.007885134704586388,0.40297241387305077,1.0,1.0
1000.0,480.0,0.001,2.7245241393569795,1.9487453445290766,0.00030992336847514653,0.1736017565575368,0.4121183090415317,0.007885134655609612,0.4029724113700765,1.0,1.0
1000.0,480.0,0.0017782794100389228,2.7245241393569795,1.9487453445290757,0.00017428269328681383,0.17360173220410735,0.4121182512282102,0.007885133549456805,0.40297235483977184,1.0,1.0
1000.0,480.0,0.0031622776601683794,2.7245241393569843,1.9487453445290757,9.800638458833363e-05,0.17360177451710845,0.41211835167628647,0.007885135471348137,0.4029724530586633,1.0,1.0
1000.0,480.0,0.005623413251903491,2.724524139356974,1.9487453445290768,5.511304140233962e-05,0.17360177834684995,0.4121183607678222,0.00788513564529815,0.40297246194843606,1.0,1.0
1000.0,480.0,0.01,2.724524139356974,1.9487453445290768,3.0992339752177303e-05,0.17360177282783423,0.41211834766606864,0.007885135394619911,0.40297244913744196,1.0,1.0
1000.0,480.0,0.01778279410038923,2.7245241393569795,1.9487453445290766,1.7428272441470486e-05,0.17360176321037482,0.41211832483489935,0.00788513495778699,0.40297242681295126,1.0,1.0
1000.0,480.0,0.03162277660168379,2.7245241393569897,1.948745344529076,9.800637542425785e-06,0.17360175828449437,0.41211831314120706,0.007885134734049448,0.4029724153787701,1.0,1.0
1000.0,480.0,0.05623413251903491,2.7245241393569795,1.9487453445290766,5.511303158084747e-06,0.17360174740991635,0.41211828732572686,0.007885134240117163,0.4029723901361976,1.0,1.0
1000.0,480.0,0.1,2.7245241393569897,1.9487453445290757,3.0992336887373673e-06,0.17360175678080475,0.4121183095715541,0.007885134665750627,0.4029724118883364,1.0,1.0
1000.0,480.0,0.1778279410038923,2.7245241393569843,1.9487453445290766,1.7428271263762529e-06,0.1736017514793109,0.41211829698618213,0.007885134424952414,0.40297239958226416,1.0,1.0
1000.0,480.0,0.31622776601683794,2.724524139356974,1.9487453445290766,9.80063831378829e-07,0.1736017719478797,0.41211834557711885,0.007885135354651655,0.40297244709485097,1.0,1.0
1000.0,480.0,0.5623413251903491,2.7245241393569843,1.9487453445290766,5.51130375331631e-07,0.17360176615924597,0.4121183318353111,0.007885135091727145,0.40297243365800706,1.0,1.0
1000.0,480.0,1.0,2.7245241393569795,1.9487453445290757,3.0992338764170815e-07,0.17360176729357382,0.4121183345281254,0.00788513514324925,0.4029724362910613,1.0,1.0
1000.0,490.0,0.0,,,,,,,,,
1000.0,490.0,1e-08,2.729517837673013,1.962138679998576,33.51238393151782,0.17245197944337126,0.3857762882563708,0.006463869269245081,0.430990957953121,1.0,1.0
1000.0,490.0,1.7782794100389228e-08,2.729517837673013,1.9621386799985756,18.845396221982423,0.17245195960101423,0.3857762438688788,0.0064638685255110715,0.4309909083632207,1.0,1.0
1000.0,490.0,3.162277660168379e-08,2.7295178376730185,1.9621386799985756,10.59754561807291,0.1724519682722494,0.38577626326649284,0.006463868850527525,0.4309909300343199,1.0,1.0
1000.0,490.0,5.6234132519034905e-08,2.7295178376730185,1.962138679998576,5.959437424609434,0.1724519560599107,0.38577623594740545,0.006463868392782934,0.4309908995133159,1.0,1.0
1000.0,490.0,1e-07,2.729517837673013,1.9621386799985754,3.3512383946144206,0.17245197951863744,0.38577628842474176,0.006463869272066218,0.43099095814122573,1.0,1.0
1000.0,490.0,1.7782794100389227e-07,2.729517837673008,1.9621386799985756,1.884539755201133,0.17245197177194913,0.3857762710953456,0.006463868981703761,0.43099093878074857,1.0,1.0
1000.0,490.0,3.162277660168379e-07,2.729517837673013,1.962138679998576,1.0597544394784069,0.17245194836588842,0.3857762187358236,0.006463868104394512,0.4309908802844613,1.0,1.0
1000.0,490.0,5.62341325190349e-07,2.729517837673024,1.9621386799985756,0.595943776624423,0.17245196594600976,0.3857762580626784,0.0064638687633350855,0.4309909242205957,1.0,1.0
1000.0,490.0,1e-06,2.729517837673013,1.9621386799985756,0.33512376201784366,0.17245193966679678,0.38577619927589457,0.006463867778333941,0.43099085854374347,1.0,1.0
1000.0,490.0,1.778279410038923e-06,2.7295178376730185,1.962138679998576,0.18845397097180475,0.17245196760984657,0.38577626178469304,0.00646386882569925,0.43099092837884667,1.0,1.0
1000.0,490.0,3.162277660168379e-06,2.729517837673013,1.962138679998576,0.10597546411948347,0.17245198119084268,0.38577629216547665,0.006463869334744049,0.43099096232039114,1.0,1.0
1000.0,490.0,5.623413251903491e-06,2.729517837673013,1.9621386799985767,0.059594375280806536,0.17245195905412192,0.38577624264547694,0.006463868505012378,0.43099090699643067,1.0,1.0
1000.0,490.0,1e-05,2.7295178376730185,1.9621386799985765,0.03351238015326728,0.17245196000080387,0.38577624476321104,0.006463868540496044,0.4309909093623725,1.0,1.0
1000.0,490.0,1.778279410038923e-05,2.729517837673013,1.962138679998576,0.01884539953932203,0.17245198995759092,0.3857763117767539,0.006463869663340536,0.430990984230196,1.0,1.0
1000.0,490.0,3.1622776601683795e-05,2.729517837673013,1.962138679998576,0.010597545694384479,0.17245196951405395,0.3857762660444183,0.006463868897073017,0.43099093313783043,1.0,1.0
1000.0,490.0,5.623413251903491e-05,2.7295178376730185,1.9621386799985765,0.005959438357495791,0.1724519830554248,0.38577629633655997,0.006463869404632577,0.4309909669803436,1.0,1.0
1000.0,490.0,0.0001,2.729517837673013,1.962138679998576,0.00335123851638918,0.1724519857850667,0.385776302442788,0.006463869506945398,0.43099097380224843,1.0,1.0
1000.0,490.0,0.00017782794100389227,2.7295178376730185,1.962138679998576,0.0018845397374435086,0.17245197014697025,0.38577626746025645,0.006463868920796074,0.43099093471961103,1.0,1.0
1000.0,490.0,0.00031622776601683794,2.7295178376730185,1.9621386799985756,0.0010597545745486537,0.1724519703456286,0.38577626790465663,0.006463868928242215,0.4309909352160968,1.0,1.0
1000.0,490.0,0.0005623413251903491,2.729517837673008,1.9621386799985747,0.0005959437616572994,0.1724519616148799,0.3857762483739106,0.006463868600995069,0.4309909133962619,1.0,1.0
1000.0,490.0,0.001,2.729517837673003,1.962138679998576,0.00033512385162556813,0.17245198577819698,0.3857763024274204,0.006463869506687906,0.43099097378507956,1.0,1.0
1000.0,490.0,0.0017782794100389228,2.729517837673013,1.962138679998576,0.00018845397159774,0.1724519681826324,0.3857762630660189,0.006463868847168488,0.4309909298103496,1.0,1.0
1000.0,490.0,0.0031622776601683794,2.729517837673008,1.9621386799985756,0.00010597544121468028,0.1724519439182653,0.38577620878645946,0.006463867937688079,0.43099086916898816,1.0,1.0
1000.0,490.0,0.005623413251903491,2.729517837673013,1.962138679998576,5.959436922711351e-05,0.17245194153617296,0.38577620345770225,0.00646386784840216,0.43099086321567726,1.0,1.0
1000.0,490.0,0.01,2.729517837673008,1.962138679998576,3.3512381473944894e-05,0.17245196679690256,0.38577625996613146,0.006463868795228367,0.4309909263471418,1.0,1.0
1000.0,490.0,0.01778279410038923,2.729517837673013,1.962138679998576,1.884539546256161e-05,0.17245195265164548,0.3857762283230922,0.00646386826503386,0.4309908909953998,1.0,1.0
1000.0,490.0,0.03162277660168379,2.729517837673003,1.962138679998576,1.0597543846067244e-05,0.17245193943671747,0.3857761987612055,0.006463867769710075,0.4309908579687306,1.0,1.0
1000.0,490.0,0.05623413251903491,2.729517837673008,1.9621386799985765,5.959438584687957e-06,0.1724519896298262,0.38577631104354193,0.006463869651055211,0.43099098341104836,1.0,1.0
1000.0,490.0,0.1,2.729517837673013,1.962138679998576,3.351238579270067e-06,0.17245198902086561,0.38577630968129284,0.006463869628230066,0.43099098188913765,1.0,1.0
1000.0,490.0,0.1778279410038923,2.7295178376730185,1.9621386799985756,1.8845398876430323e-06,0.17245198389154845,0.3857762982069744,0.006463869435972282,0.4309909690699789,1.0,1.0
1000.0,490.0,0.31622776601683794,2.729517837673013,1.962138679998576,1.0597544767885327e-06,0.1724519544372986,0.38577623231761077,0.00646386833196396,0.43099089545809344,1.0,1.0
1000.0,490.0,0.5623413251903491,2.7295178376730185,1.962138679998576,5.959437908966892e-07,0.17245197007606444,0.38577626730163966,0.006463868918138373,0.4309909345424036,1.0,1.0
1000.0,490.0,1.0,2.729517837673008,1.962138679998576,3.3512387163996067e-07,0.17245199607743925,0.3857763254668976,0.0064638698927255486,0.4309909995248844,1.0,1.0
1000.0,500.0,0.0,,,,,,,,,
1000.0,500.0,1e-08,2.732914585469637,1.9584682252453884,36.22208504144829,0.17055403058475746,0.3590435897247016,0.0052371337848954955,0.4600525104283327,1.0,1.0
1000.0,500.0,1.7782794100389228e-08,2.732914585469637,1.9584682252453884,20.369178767050464,0.17055405958668876,0.35904365077841854,0.005237134675446095,0.46005258865815374,1.0,1.0
1000.0,500.0,3.162277660168379e-08,2.732914585469642,1.9584682252453884,11.454430142063549,0.1705540470965571,0.35904362448468813,0.005237134291916664,0.4600525549672676,1.0,1.0
1000.0,500.0,5.6234132519034905e-08,2.732914585469632,1.9584682252453884,6.441299893933852,0.17055405950280247,0.3590436506018245,0.005237134672870232,0.46005258843187885,1.0,1.0
1000.0,500.0,1e-07,2.732914585469637,1.9584682252453884,3.6222084455235475,0.17055402782453652,0.3590435839139937,0.005237133700138503,0.46005250298291156,1.0,1.0
1000.0,500.0,1.7782794100389227e-07,2.732914585469642,1.9584682252453884,2.036917731321621,0.1705540474135257,0.35904362515195787,0.00523713430164969,0.4600525558222588,1.0,1.0
1000.0,500.0,3.162277660168379e-07,2.732914585469637,1.9584682252453884,1.14544298786595,0.17055404317452644,0.3590436162281845,0.00523713417148445,0.4600525443879805,1.0,1.0
1000.0,500.0,5.62341325190349e-07,2.732914585469632,1.9584682252453884,0.6441298750112956,0.17055402921647822,0.35904358684425425,0.005237133742880297,0.46005250673753567,1.0,1.0
1000.0,500.0,1e-06,2.732914585469642,1.9584682252453884,0.3622208528147814,0.17055403171495356,0.35904359210394554,0.00523713381959997,0.460052513476924,1.0,1.0
1000.0,500.0,1.778279410038923e-06,2.732914585469637,1.9584682252453884,0.2036917339930926,0.17055401464182066,0.35904355616226247,0.00523713329534217,0.4600524674238485,1.0,1.0
1000.0,500.0,3.162277660168379e-06,2.732914585469637,1.9584682252453884,0.11454429148333999,0.17055403230013386,0.35904359333584396,0.005237133837568866,0.4600525150553896,1.0,1.0
1000.0,500.0,5.623413251903491e-06,2.732914585469632,1.9584682252453884,0.06441300700877306,0.17055408086921678,0.35904369558155347,0.005237135328960092,0.46005264606565327,1.0,1.0
1000.0,500.0,1e-05,2.732914585469642,1.958468225245389,0.0362220928280318,0.17055406724838965,0.3590436669075278,0.005237134910710852,0.4600526093248288,1.0,1.0
1000.0,500.0,1.778279410038923e-05,2.732914585469632,1.9584682252453884,0.020369173383510176,0.17055401450953264,0.359043555883775,0.005237133291280055,0.4600524670670148,1.0,1.0
1000.0,500.0,3.1622776601683795e-05,2.732914585469642,1.9584682252453889,0.011454429343081343,0.17055403519988074,0.35904359944027625,0.005237133926610222,0.460052522877168,1.0,1.0
1000.0,500.0,5.623413251903491e-05,2.732914585469637,1.9584682252453884,0.006441299355109089,0.1705540452356899,0.35904362056726424,0.005237134234775765,0.4600525499477637,1.0,1.0
1000.0,500.0,0.0001,2.732914585469642,1.9584682252453884,0.0036222088609534353,0.17055404738532154,0.3590436250925836,0.005237134300783636,0.46005255574618087,1.0,1.0
1000.0,500.0,0.00017782794100389227,2.732914585469637,1.9584682252453884,0.002036917760019759,0.17055404981646205,0.3590436302105242,0.005237134375435686,0.4600525623039402,1.0,1.0
1000.0,500.0,0.00031622776601683794,2.732914585469632,1.9584682252453884,0.0011454431991489906,0.17055407463412522,0.35904368245568585,0.005237135137501653,0.4600526292471149,1.0,1.0
1000.0,500.0,0.0005623413251903491,2.732914585469637,1.9584682252453884,0.0006441300172966661,0.17055406689109043,0.35904366615535566,0.005237134899739409,0.4600526083610497,1.0,1.0
1000.0,500.0,0.001,2.732914585469642,1.9584682252453884,0.0003622208809116664,0.17055404494455362,0.3590436199543756,0.00523713422583596,0.4600525491624525,1.0,1.0
1000.0,500.0,0.0017782794100389228,2.732914585469632,1.9584682252453884,0.00020369179885743272,0.17055406895366432,0.3590436704974045,0.005237134963074033,0.46005261392463737,1.0,1.0
1000.0,500.0,0.0031622776601683794,2.732914585469632,1.9584682252453884,0.00011454430117153024,0.1705540467256447,0.359043623703858,0.005237134280527205,0.46005255396676825,1.0,1.0
1000.0,500.0,0.005623413251903491,2.732914585469632,1.9584682252453884,6.441300170200176e-05,0.17055406681783886,0.3590436660011494,0.005237134897490103,0.46005260816346094,1.0,1.0
1000.0,500.0,0.01,2.732914585469642,1.9584682252453884,3.622208677405377e-05,0.17055403874284247,0.3590436068987789,0.005237134035402519,0.46005253243395433,1.0,1.0
1000.0,500.0,0.01778279410038923,2.732914585469637,1.958468225245389,2.036917680961135e-05,0.1705540431967699,0.3590436162750106,0.005237134172167472,0.46005254444798005,1.0,1.0
1000.0,500.0,0.03162277660168379,2.732914585469642,1.9584682252453884,1.1454432213151275e-05,0.17055407793461622,0.3590436894037487,0.005237135238848499,0.4600526381498605,1.0,1.0
1000.0,500.0,0.05623413251903491,2.732914585469632,1.9584682252453884,6.441298691546084e-06,0.1705540276657326,0.359043583579686,0.005237133695262176,0.4600525025545538,1.0,1.0
1000.0,500.0,0.1,2.732914585469637,1.9584682252453884,3.6222089087573257e-06,0.17055404963619866,0.3590436298310409,0.00523713436990041,0.4600525618176977,1.0,1.0
1000.0,500.0,0.1778279410038923,2.732914585469637,1.9584682252453884,2.0369178710578245e-06,0.17055405911383878,0.3590436497829935,0.005237134660926481,0.460052587382688,1.0,1.0
1000.0,500.0,0.31622776601683794,2.732914585469632,1.9584682252453884,1.145442984463725e-06,0.17055404266794233,0.35904361516174377,0.005237134155928976,0.4600525430215204,1.0,1.0
1000.0,500.0,0.5623413251903491,2.732914585469632,1.9584682252453884,6.441298303964937e-07,0.17055401740327952,0.35904356197557624,0.0052371333801371715,0.4600524748726087,1.0,1.0
1000.0,500.0,1.0,2.732914585469637,1.9584682252453884,3.6222087083790347e-07,0.17055404020125717,0.35904360996897583,0.00523713408018547,0.4600525363678828,1.0,1.0
4000.0,100.0,0.0,1.0064926262733205,0.0029745638449767925,8.337501177458599e-08,0.005303621476803525,0.043266259705260234,2.075102951964952,0.002824009706405068,0.0,0.0
4000.0,100.0,1e-08,1.0064926244781933,0.0029745638274396038,8.337498761594045e-08,0.005303620127751745,0.04326624861488003,2.075102432983556,0.0028240090021108355,4.5394569577607485e-08,4.955242697449959e-08
4000.0,100.0,1.7782794100389228e-08,1.0064926230810576,0.002974563813790752,8.337500579570553e-08,0.005303621430294649,0.043266259174711094,2.075102949506736,0.002824009706595033,8.072422618373931e-08,8.811805789368586e-08
4000.0,100.0,3.162277660168379e-08,1.0064926205965896,0.002974563789519307,8.337500113753235e-08,0.005303621393783881,0.04326625875923515,2.0751029474707514,0.0028240097065757516,1.435502222819142e-07,1.566985194272058e-07
4000.0,100.0,5.6234132519034905e-08,1.006492616178499,0.002974563746357886,8.337499285686195e-08,0.005303621329039585,0.043266258021888,2.0751029439214275,0.0028240097066383942,2.5527238235344974e-07,2.786537235557501e-07
4000.0,100.0,1e-07,1.0064926083219072,0.0029745636696048654,8.337497813201557e-08,0.00530362121393767,0.04326625671093611,2.075102937622067,0.002824009706766566,4.539455511712068e-07,4.955240933523693e-07
4000.0,100.0,1.7782794100389227e-07,1.0064925943506353,0.002974563533116617,8.337493115859606e-08,0.005303619686860312,0.043266243591778476,2.075102409018097,0.002824009002861644,8.072418045567879e-07,8.811800211345856e-07
4000.0,100.0,3.162277660168379e-07,1.0064925695059248,0.0029745632904025665,8.337490540176535e-08,0.005303620646454969,0.04326625024377147,2.075102906963107,0.0028240097080303945,1.4355007767716793e-06,1.5669834303474534e-06
4000.0,100.0,5.62341325190349e-07,1.0064925253251586,0.0029745628587898275,8.337480181404349e-08,0.005303618677079946,0.04326623208615669,2.075102354247917,0.002824009004768762,2.5527192507352922e-06,2.7865316575441017e-06
4000.0,100.0,1e-06,1.0064924467595266,0.0029745620912639287,8.337465460866573e-08,0.005303617528752918,0.04326621899862174,2.0751022923053295,0.0028240090074803043,4.539441051275938e-06,4.955223294330122e-06
4000.0,100.0,1.778279410038923e-06,1.0064923070485696,0.0029745607263951665,8.33744136252826e-08,0.005303616809059934,0.04326620651294432,2.0751026995370747,0.002824009716408526,8.072372317792312e-06,8.811744431506957e-06
4000.0,100.0,3.162277660168379e-06,1.0064920586054749,0.002974558299298477,8.337390649394096e-08,0.0053036105293878645,0.043266143521853914,2.075101467444882,0.002824008314796498,1.4354863164572848e-05,1.5669657913198217e-05
4000.0,100.0,5.623413251903491e-06,1.006491616810619,0.0029745539833098008,8.337312026512036e-08,0.005303606714764563,0.0432660914862167,2.0751021531173253,0.0028240097372040944,2.552673523644285e-05,2.78647587863834e-05
4000.0,100.0,1e-05,1.0064908311961642,0.002974546308489139,8.33716482034042e-08,0.005303595226349392,0.04326596057099663,2.075101531459689,0.0028240097612331747,4.5392964519814835e-05,4.955046909301096e-05
4000.0,100.0,1.778279410038923e-05,1.0064894342180206,0.0029745326611875225,8.336903057929849e-08,0.005303574796755074,0.04326572777054628,2.075100425647823,0.00282400980343739,8.071915068528731e-05,8.81118667195581e-05
4000.0,100.0,3.1622776601683795e-05,1.006486950202607,0.002974508394603044,8.33643761368617e-08,0.005303538471579864,0.04326531383205825,2.0750984598396944,0.0028240098791115858,0.0001435341729334758,0.00015667894228823002
4000.0,100.0,5.623413251903491e-05,1.0064825335679488,0.0029744652485730045,8.335607971775244e-08,0.005303472561668961,0.04326456705014469,2.075094446732442,0.0028240093088562667,0.000255221634282056,0.00027859182123760214
4000.0,100.0,0.0001,1.0064746815770158,0.0029743885441749288,8.334138818531994e-08,0.005303359062091255,0.043263269403899234,2.0750887499365622,0.002824010251586332,0.00045378509655426426,0.0004953283749406939
4000.0,100.0,0.00017782794100389227,1.0064607249260131,0.0029742522096357906,8.331523835746468e-08,0.005303154973904225,0.04326094376088603,2.0750777036823185,0.00282401067418074,0.0008067345423313373,0.0008805612957501294
4000.0,100.0,0.00031622776601683794,1.0064359262653169,0.0029740099813689246,8.326877708103702e-08,0.005302792358519247,0.043256811673964106,2.0750580752150887,0.002824011421948094,0.0014338974584619448,0.0015650279196612502
4000.0,100.0,0.0005623413251903491,1.0063918909724943,0.002973579902988192,8.318628350884735e-08,0.005302148504640855,0.043249474875073086,2.075023216330586,0.0028240127387268287,0.002547653525341189,0.0027803538020590227
4000.0,100.0,0.001,1.006313784591633,0.0029728172187983015,8.303998898351983e-08,0.005301006636830328,0.043236463341865206,2.0749613737181316,0.002824015041100673,0.004523446573259307,0.004935720918355505
4000.0,100.0,0.0017782794100389228,1.006175520740395,0.00297146760310199,8.278110054677014e-08,0.005298985772984789,0.04321343631685878,2.0748518598919623,0.0028240190119330323,0.008021931933987913,0.008750261210674777
4000.0,100.0,0.0031622776601683794,1.0059316254516897,0.0029690884190994348,8.23246603011198e-08,0.005295421144271148,0.04317282487597944,2.07465803759846,0.0028240249865067973,0.014196130153441521,0.015476283111669986
4000.0,100.0,0.005623413251903491,1.005504055135862,0.002964922164649676,8.15252814834957e-08,0.005289177502763637,0.04310169463671682,2.074318243906304,0.002824034970282498,0.0250290689805849,0.027259082975686137
4000.0,100.0,0.01,1.0047625642714662,0.00295771113268837,8.014141131619736e-08,0.005278365773523725,0.042978533293034527,2.0737287497982084,0.002824050523513373,0.04384277496491462,0.04766708013487264
4000.0,100.0,0.01778279410038923,1.0035005171559115,0.0029454785894628696,7.779293418646783e-08,0.005260004340323865,0.042769419746302134,2.072722420154276,0.0028240686947078,0.07594419451742981,0.0823275347099658
4000.0,100.0,0.03162277660168379,1.0014193808014538,0.0029254189588876337,7.393919468151035e-08,0.005229832562058718,0.042425954286891374,2.071052870365046,0.0028240732900283905,0.12910036246746776,0.1392782106412847
4000.0,100.0,0.05623413251903491,0.9981603456111523,0.0028942837766617237,6.795154682136964e-08,0.005182854483441678,0.0418915373793084,2.068415246314991,0.002824020035343381,0.21289764724400667,0.22795263872483362
4000.0,100.0,0.1,0.993447954143744,0.002849856525747812,5.939513366497678e-08,0.005115507520537494,0.041126194940169905,2.0645518899781083,0.0028238135123067457,0.33527615462903426,0.35508109255271514
4000.0,100.0,0.1778279410038923,0.9873642889165466,0.0027935195354062046,4.8524630614049104e-08,0.005029564626874066,0.04015092247937269,2.0594762645182505,0.002823319247385596,0.495418677222456,0.5173213046017735
4000.0,100.0,0.31622776601683794,0.9805639406851222,0.002731875097950421,3.660561690893287e-08,0.004934822989833723,0.03907765737692236,2.0536878545828543,0.0028224681401466064,0.6773555308287394,0.6962035242635716
4000.0,100.0,0.5623413251903491,0.9740845727323987,0.002674415100179594,2.5474477918015983e-08,0.004845836095893434,0.03807142417232448,2.0480594033588373,0.0028213648839628333,0.8536446087782046,0.8642580653141547
4000.0,100.0,1.0,0.9687854409720115,0.0026283255121315676,1.6532553815469753e-08,0.00477397868179298,0.037260225389093043,2.0433748372761356,0.0028202527220029163,1.0,1.0
4000.0,110.0,0.0,1.1760332758452625,0.004680137153102599,1.3296240720852725e-07,0.0074642847487778165,0.06017839705075401,2.2200943473008627,0.004020198206133706,0.0,0.0
4000.0,110.0,1e-08,1.1760332726546292,0.004680137103603684,1.329624648484974e-07,0.00746428830699257,0.06017842559845263,2.220095421849745,0.004020200147645505,5.319290212331306e-08,6.027089044769358e-08
4000.0,110.0,1.7782794100389228e-08,1.176033270171413,0.0046801370650796925,1.3296245958242167e-07,0.00746428826228457,0.060178425129622175,2.220095421185958,0.004020200143092097,9.459183942629015e-08,1.0717847931450863e-07
4000.0,110.0,3.162277660168379e-08,1.176033265755539,0.0046801369965732776,1.3296241797865332e-07,0.007464286372925971,0.06017840970453417,2.2200948817021953,0.004020199160222681,1.6821071035402862e-07,1.9059326970378037e-07
4000.0,110.0,5.6234132519034905e-08,1.1760332579029467,0.00468013687474974,1.3296240122025654e-07,0.007464286225618041,0.0601784081741631,2.2200948778396925,0.004020199142630295,2.9912561097246684e-07,3.389280452728755e-07
4000.0,110.0,1e-07,1.1760332439387478,0.004680136658113543,1.32962403682961e-07,0.007464287774899781,0.060178420055247,2.2200954096852303,0.004020200086862154,5.319288144531855e-07,6.027086317886367e-07
4000.0,110.0,1.7782794100389227e-07,1.1760332191066214,0.004680136272874118,1.3296235069231068e-07,0.007464287309296928,0.06017841521760935,2.220095397537968,0.004020200031351573,9.459177403675424e-07,1.071783930829341e-06
4000.0,110.0,3.162277660168379e-07,1.1760331749481323,0.004680135587811525,1.3296225651588827e-07,0.0074642864844503,0.06017840664013711,2.2200953768660594,0.004020199934321146,1.6821050357429598e-06,1.9059299701580728e-06
4000.0,110.0,5.62341325190349e-07,1.176033096422201,0.004680134369581286,1.329620567828682e-07,0.007464283206542985,0.060178376785595435,2.2200948014311943,0.004020198786330071,2.9912495707830247e-06,3.3892718295896362e-06
4000.0,110.0,1e-06,1.1760329567815395,0.0046801322032352845,1.3296179128510568e-07,0.007464282412142661,0.060178364286019546,2.220095275591463,0.004020199456488353,5.319267466625771e-06,6.027059049192166e-06
4000.0,110.0,1.778279410038923e-06,1.1760327084628734,0.004680128350891263,1.3296126180376615e-07,0.007464277779661091,0.060178316099621515,2.2200951611062236,0.004020198914039744,9.459112014636753e-06,1.0717753077482026e-05
4000.0,110.0,3.162277660168379e-06,1.1760322668873715,0.004680121500424608,1.329602878770849e-07,0.007464267724608838,0.0601782157603294,2.2200944170038097,0.004020196970643199,1.6820843580493076e-05,1.905902701789917e-05
4000.0,110.0,5.623413251903491e-06,1.1760314816567605,0.004680109318625542,1.3295858116193984e-07,0.007464251256943917,0.06017804872179471,2.220093513977506,0.004020194275662336,2.9911841829389206e-05,3.389185600611712e-05
4000.0,110.0,1e-05,1.1760300853418928,0.004680087656757044,1.3295566807634226e-07,0.007464228813087249,0.06017780682999363,2.2200939423951307,0.004020193166964861,5.319060696406631e-05,6.026786375820601e-05
4000.0,110.0,1.778279410038923e-05,1.1760276024446374,0.004680049138349567,1.3295034115506609e-07,0.007464180653547735,0.060177310188069245,2.220092250219419,0.004020186751803689,9.458458173968655e-05,0.0001071689084567713
4000.0,110.0,3.1622776601683795e-05,1.1760231876045326,0.004679980649596477,1.329409268703762e-07,0.00746409824560456,0.06017645310764992,2.220090200219756,0.004020177081383985,0.00016818776090697695,0.00019056300610167143
4000.0,110.0,5.623413251903491e-05,1.1760153381921887,0.0046798588819203036,1.3292418888914e-07,0.007463951727514784,0.06017492925829471,2.2200865547009854,0.0040201598866755886,0.00029905304616930267,0.0003388323552090771
4000.0,110.0,0.0001,1.1760013841910604,0.004679642422295434,1.3289443437773044e-07,0.007463691262162572,0.0601722203246941,2.2200800723223897,0.004020129316942049,0.000531699387800311,0.0006024060998468947
4000.0,110.0,0.00017782794100389227,1.1759765841320045,0.004679257740943076,1.3284155537390734e-07,0.007463228366450833,0.06016740605048246,2.2200685509733407,0.004020074987334788,0.0009451924735339104,0.0010708276151713885
4000.0,110.0,0.00031622776601683794,1.1759325270858545,0.00467857444164524,1.3274762522785812e-07,0.007462406096436164,0.06015885421038322,2.2200480790488077,0.004019978469288873,0.0016798129111636486,0.0019029079373171335
4000.0,110.0,0.0005623413251903491,1.1758543214137316,0.004677361778818502,1.325809500220039e-07,0.007460948490564711,0.06014369060215738,2.220012266704058,0.004019808113424284,0.002984008930698515,0.003379727124770402
4000.0,110.0,0.001,1.175715691113464,0.004675212990417955,1.3228552598100253e-07,0.007458362066223016,0.060116791793315756,2.219947787369061,0.004019504386750088,0.005296413693045191,0.005996942183586293
4000.0,110.0,0.0017782794100389228,1.175470553575634,0.00467141589984014,1.3176337591709565e-07,0.00745378860925052,0.0600692335441443,2.2198331075829305,0.004018966294545796,0.009387083371146538,0.010622884872192193
4000.0,110.0,0.0031622776601683794,1.1750389606557414,0.004664738667865357,1.3084497979014953e-07,0.007445745488961166,0.059985592316375486,2.2196317529037306,0.004018020483167743,0.01659441362790526,0.018761084064912652
4000.0,110.0,0.005623413251903491,1.1742848730469595,0.004653096473024373,1.2924298035408708e-07,0.007431711951133918,0.059839665992639256,2.219279281656293,0.0040163684655685475,0.029203246186393354,0.03296102566150796
4000.0,110.0,0.01,1.172984731902077,0.004633096512573242,1.2648865858590044e-07,0.007407566189251433,0.05958863818065109,2.218667064203149,0.004013517135893708,0.050990477595703326,0.05738604568770006
4000.0,110.0,0.01778279410038923,1.170793722852347,0.004599599288466411,1.2186923248751006e-07,0.007367024317537691,0.05916727699473242,2.2176243963378397,0.004008706859439132,0.0878445871755613,0.09838343350157182
4000.0,110.0,0.03162277660168379,1.1672397051995602,0.004545810899994425,1.1443518462393843e-07,0.007301665846333568,0.058488307125985184,2.2159066476141223,0.004000895165361079,0.14799623058988237,0.1644505154826781
4000.0,110.0,0.05623413251903491,1.1618169591287835,0.004465025900473812,1.0323204375661412e-07,0.007202895112283175,0.057462996525072314,2.2132222680284537,0.003988953245090631,0.24066917452352535,0.26423148375387534
4000.0,110.0,0.1,1.1542694095326294,0.0043551174660036805,8.791701655832453e-08,0.007067303945003437,0.056057027607481345,2.2093548832313616,0.003972277774664483,0.37147723650136844,0.40108162055057806
4000.0,110.0,0.1778279410038923,1.1450052971352371,0.004224124040919699,6.955461384685907e-08,0.006903824937710183,0.05436437165087663,2.204402190746548,0.003951724538518062,0.5349943642896657,0.5658971763406654
4000.0,110.0,0.31622776601683794,1.135239368108288,0.004090545157418318,5.070863089469733e-08,0.006734941812893833,0.05261875460954363,2.198936914365472,0.003929952690854539,0.7109860351980795,0.7359652268513632
4000.0,110.0,0.5623413251903491,1.1264646963364904,0.003974333785050484,3.4215001229400685e-08,0.006586166013929958,0.051083603774562635,2.19381554833302,0.003910298855947595,0.8723623625619331,0.8856374374794287
4000.0,110.0,1.0,1.119642770570783,0.00388639563333639,2.1674661492077665e-08,0.00647240011789267,0.04991145066091656,2.1896958008229435,0.003894955377313208,1.0,1.0
4000.0,120.0,0.0,1.3375711682722635,0.00749261531004085,2.0880120201108264e-07,0.010289319158002684,0.08185732949643067,2.304335415175869,0.0056154974532050045,0.0,0.0
4000.0,120.0,1e-08,1.3375711632286507,0.00749261517945808,2.0880109010860278e-07,0.010289314183455541,0.08185728970142447,2.3043343283163096,0.005615494781859762,6.246127136841342e-08,7.379782527917128e-08
4000.0,120.0,1.7782794100389228e-08,1.3375711593033275,0.007492615077828205,2.0880117802527861e-07,0.010289318935927431,0.08185732733904136,2.3043354138295693,0.005615497409472363,1.1107358826422111e-07,1.3123314668354187e-07
4000.0,120.0,3.162277660168379e-08,1.337571152322987,0.007492614897101934,2.0880115937434966e-07,0.010289318763915029,0.08185732566654666,2.304335412966346,0.005615497375885947,1.9751986066821797e-07,2.3336918205637746e-07
4000.0,120.0,5.6234132519034905e-08,1.33757113990999,0.00749261457572027,2.0880107705590945e-07,0.010289316035918476,0.08185730342313138,2.304334868989631,0.0056154959942691625,3.5124545594924166e-07,4.1499554622792263e-07
4000.0,120.0,1e-07,1.3375711178362402,0.007492614004214093,2.0880101811493316e-07,0.010289315493859547,0.08185729814929196,2.3043348666835013,0.0056154958890920195,6.246124187724768e-07,7.379778290592831e-07
4000.0,120.0,1.7782794100389227e-07,1.3375710785829629,0.007492612987917223,2.0880091319257757e-07,0.010289314524561027,0.08185728872824144,2.3043348613805903,0.005615495699128703,1.110734950050084e-06,1.3123301268765543e-06
4000.0,120.0,3.162277660168379e-07,1.3375710087797223,0.007492611180660064,2.0880077599271914e-07,0.01028931523429117,0.08185729133416085,2.304335396923244,0.005615496689379893,1.9751956575692857e-06,2.333687583245908e-06
4000.0,120.0,5.62341325190349e-07,1.337570884650363,0.007492607966860171,2.0880039515012642e-07,0.010289309752006202,0.08185724231286232,2.30433483883303,0.005615494769505807,3.5124452335918407e-06,4.149942062726741e-06
4000.0,120.0,1e-06,1.3375706639145786,0.007492602251852125,2.0879980564410487e-07,0.01028930432645914,0.0818571895351136,2.3043348146506206,0.005615493715011336,6.2460946967121985e-06,7.379735917617495e-06
4000.0,120.0,1.778279410038923e-06,1.3375702713873692,0.007492592089053849,2.0879880645683118e-07,0.010289297098510052,0.0818571149356257,2.3043353136434845,0.00561549316064308,1.1107256242149463e-05,1.3123167274384094e-05
4000.0,120.0,3.162277660168379e-06,1.3375695733730237,0.00749257401702081,2.0879684345151263e-07,0.010289275069896952,0.08185690928267841,2.304334146088231,0.005615487167218447,1.9751661669246975e-05,2.333645210913543e-05
4000.0,120.0,5.623413251903491e-06,1.3375683321359606,0.007492541880724679,2.087935774340117e-07,0.010289246969188412,0.08185663166210264,2.304334549382121,0.005615482551809355,3.512351977309736e-05,4.149808071960897e-05
4000.0,120.0,1e-05,1.3375661249564927,0.007492484736029483,2.087877311980434e-07,0.0102891950983788,0.08185612286460704,2.3043348405387802,0.005615473306597662,6.245799801902346e-05,7.379312214625146e-05
4000.0,120.0,1.778279410038923e-05,1.3375622002493044,0.0074923831250744395,2.0877724840001053e-07,0.01028909855914762,0.08185518389745952,2.3043343939762235,0.005615454517443374,0.00011106323744759077,0.00013121827481049432
4000.0,120.0,3.1622776601683795e-05,1.3375552218917925,0.0074922024585837715,2.087585603603257e-07,0.010288924479757747,0.08185349505567528,2.304333055833013,0.005615419783722594,0.0001974871308905667,0.0002333221572202648
4000.0,120.0,5.623413251903491e-05,1.3375428151674986,0.007491881265841591,2.087254726933509e-07,0.010288621729584311,0.08185054614697285,2.304332185184679,0.005615361708481642,0.0003511419686773876,0.0004148468640032065
4000.0,120.0,0.0001,1.3375207612225608,0.007491310356962534,2.0866652275269938e-07,0.010288076851051856,0.08184525084376308,2.3043291277262474,0.005615254800611973,0.0006242852384585959,0.000737507785909726
4000.0,120.0,0.00017782794100389227,1.337481570563247,0.007490295947780159,2.085618626341557e-07,0.010287112962419144,0.08183587588940586,2.304324657670493,0.0056150671834978546,0.0011097007375177942,0.0013108444578654765
4000.0,120.0,0.00031622776601683794,1.3374119651910263,0.0074884946533527895,2.0837600566426976e-07,0.010285401228527738,0.08181922735837834,2.304316706962233,0.005614733981242381,0.0019719275633882077,0.0023289936293508138
4000.0,120.0,0.0005623413251903491,1.3372884604228341,0.0074852996721097315,2.0804631360542633e-07,0.010282364642933976,0.08178969345839669,2.3043025655022498,0.005614142827039002,0.003502123929923864,0.004135121723812247
4000.0,120.0,0.001,1.3370696937705446,0.00747964396611379,2.0746258803429215e-07,0.010276987874411664,0.08173739984558921,2.3042774069464818,0.005613095902209425,0.006213530491557732,0.007333000049684566
4000.0,120.0,0.0017782794100389228,1.3366833603169799,0.0074696675388321535,2.0643257893648255e-07,0.010267498981825855,0.08164511529689737,2.304232642853525,0.005611247711424211,0.011004696166740635,0.012976101805382109
4000.0,120.0,0.0031622776601683794,1.3360047476933474,0.007452178448502848,2.046259244625968e-07,0.010250853072259638,0.08148322977114726,2.304153516360283,0.0056080045599428445,0.01942965693692735,0.02287541944151805
4000.0,120.0,0.005623413251903491,1.3348238505267096,0.007421850483211888,2.0148967128161758e-07,0.010221938540704835,0.08120206840220712,2.3040111788870736,0.005602363259755481,0.03411803493949666,0.04006228858582572
4000.0,120.0,0.01,1.3328020148027673,0.007370236085473214,1.9614294334162235e-07,0.010172611460726804,0.0807224900964428,2.3037594151145897,0.005592725103497803,0.059347812741392565,0.06937204411123168
4000.0,120.0,0.01778279410038923,1.329434809521826,0.007285139176596614,1.8730182918530305e-07,0.010090933825133713,0.0799286309423122,2.3033122311280416,0.005576717366478314,0.10159565795902241,0.11786170754067106
4000.0,120.0,0.03162277660168379,1.324077120269607,0.007151928024915424,1.7339709914972725e-07,0.009962210179131284,0.07867809014262916,2.3025358478455886,0.005551374568745796,0.16941451401172805,0.19419173540749193
4000.0,120.0,0.05623413251903491,1.3161415124672393,0.006959450544323904,1.5316418326977288e-07,0.009774272982371473,0.0768536590280219,2.3012332495066365,0.0055141032721638394,0.2712296990076376,0.3054220155597503
4000.0,120.0,0.1,1.3055516088782209,0.006711286330989924,1.268264045549153e-07,0.009528463421267055,0.0744699404002095,2.2992176525213357,0.005464855545576466,0.40968616319497086,0.4505421713647164
4000.0,120.0,0.1778279410038923,1.2932265554505542,0.006434458533329038,9.710644006698668e-08,0.009249385295409173,0.07176726142960213,2.2964760494769774,0.005408216928283613,0.5746450220369298,0.6148181571505169
4000.0,120.0,0.31622776601683794,1.2809723269769044,0.006171418456921763,6.852820845613439e-08,0.008979179437259982,0.06915445297921659,2.293332497749358,0.005352595893658267,0.7428433064173721,0.7733951043214462
4000.0,120.0,0.5623413251903491,1.2705552506782984,0.005956932985265353,4.497743340677939e-08,0.00875503673293346,0.06699018182105979,2.290338308252241,0.005305837998476311,0.8892035407491018,0.9045999685903052
4000.0,120.0,1.0,1.262816072275894,0.005802792022213624,2.7913644733772982e-08,0.008591738168026464,0.06541529436063541,2.287923232107257,0.005271398570874281,1.0,1.0
4000.0,130.0,0.0,1.4898890666221005,0.012116390718437352,3.2399533514350745e-07,0.013938211660964919,0.10924514142862182,2.33174874551875,0.0077223251322828534,0.0,0.0
4000.0,130.0,1e-08,1.4898890591991232,0.012116390391143213,3.2399523512500964e-07,0.01393820824339593,0.1092451143087544,2.331748216424469,0.007722323312642517,7.350930313891493e-08,9.087716659737935e-08
4000.0,130.0,1.7782794100389228e-08,1.489889053422009,0.01211639013641699,3.2399521496535296e-07,0.013938208065069138,0.10924511265143577,2.3317482197753843,0.007722323271302085,1.3072007375701232e-07,1.616049840305654e-07
4000.0,130.0,3.162277660168379e-08,1.489889043148637,0.0121163896834426,3.239953277605454e-07,0.01393821414261908,0.1092451598244673,2.331749295509389,0.007722326740686663,2.3245679520866498e-07,2.8737878349380936e-07
4000.0,130.0,5.6234132519034905e-08,1.489889024879728,0.012116388877927941,3.2399511487516196e-07,0.013938207162943441,0.10924510429804372,2.3317482328021897,0.007722323055371405,4.1337306803093165e-07,5.110396718468117e-07
4000.0,130.0,1e-07,1.4898889923925436,0.012116387445498509,3.239950748926547e-07,0.013938209317082213,0.109245119721804,2.331748779776573,0.007722324571969796,7.350926112221697e-07,9.087710044843713e-07
4000.0,130.0,1.7782794100389227e-07,1.4898889346212476,0.012116384898241513,3.2399486902707637e-07,0.01393820735014988,0.10924510170909446,2.331748782559569,0.007722324056807029,1.3071994088861927e-06,1.6160477484938806e-06
4000.0,130.0,3.162277660168379e-07,1.4898888318879147,0.01211638036851524,3.2399443176812014e-07,0.013938200790543457,0.10924504567924787,2.3317482752845358,0.007722321444313722,2.324563750423201e-06,2.8737812200565987e-06
4000.0,130.0,5.62341325190349e-07,1.4898886491998302,0.0121163723134227,3.2399386061491824e-07,0.013938198005627706,0.10924501564154712,2.3317488587395285,0.007722321718383737,4.133717393505703e-06,5.110375800421942e-06
4000.0,130.0,1e-06,1.4898883243309717,0.012116357989301389,3.2399271234132667e-07,0.013938187348463672,0.10924491751298886,2.331748941907337,0.007722319045048084,7.3508840957879175e-06,9.087643896431155e-06
4000.0,130.0,1.778279410038923e-06,1.4898877466283433,0.012116332517276516,3.239906720424455e-07,0.013938168467456803,0.1092447435650985,2.33174910154907,0.007722314330062946,1.3071861221954434e-05,1.6160268306739854e-05
4000.0,130.0,3.162277660168379e-06,1.489886719327383,0.012116287221737698,3.23987041790229e-07,0.013938134802244454,0.10924443353641883,2.3317493703596304,0.007722305895732817,2.3245217346240993e-05,2.8737150729164857e-05
4000.0,130.0,5.623413251903491e-06,1.4898848925489678,0.012116206676264955,3.239805882345512e-07,0.01393807501737718,0.10924388285846587,2.331749861652002,0.007722290941607899,4.133584530167182e-05,5.110166629378276e-05
4000.0,130.0,1e-05,1.4898816441838434,0.012116063452292991,3.2396903670615623e-07,0.013937965442004922,0.10924287804687705,2.3317501886968572,0.007722262540369848,7.350463957865961e-05,9.086982465265275e-05
4000.0,130.0,1.778279410038923e-05,1.4898758681804893,0.012115808786561297,3.2394870384622736e-07,0.013937779509647577,0.10924116117541038,2.3317522598261093,0.0077222169732740105,0.00013070532701418453,0.00016158176822543734
4000.0,130.0,3.1622776601683795e-05,1.4898655984053137,0.012115356003543099,3.239124191279303e-07,0.013937443182619066,0.10923806360277252,2.3317549810846185,0.007722132773322101,0.00023241016601545204,0.0002873053768956106
4000.0,130.0,5.623413251903491e-05,1.489847340847216,0.012114551093747481,3.2384784137240935e-07,0.013936842123763784,0.10923253218805287,2.331759289788724,0.007721981337172583,0.00041322563663760995,0.0005108075860322222
4000.0,130.0,0.0001,1.489814889520274,0.012113120576405229,3.23733200431251e-07,0.013935779580197085,0.10922274602686803,2.3317679039058135,0.007721715357243652,0.0007346265218553987,0.0009080373445300358
4000.0,130.0,0.00017782794100389227,1.4897572316298777,0.012110579360958499,3.2352960860686517e-07,0.013933895014247683,0.10920538471227857,2.3317837219541713,0.00772124454015317,0.001305726233321395,0.0016137291717201394
4000.0,130.0,0.00031622776601683794,1.4896548564647054,0.012106068712746006,3.2316813845000936e-07,0.013930547040587027,0.10917454543785308,2.3318113769820963,0.007720407350599281,0.00231990925087945,0.0028664574307558288
4000.0,130.0,0.0005623413251903491,1.4894732986430677,0.012098073799140088,3.225271197386034e-07,0.013924602564841198,0.10911980170647836,2.331858847751792,0.007718918057552388,0.00411902152093176,0.005087261882042395
4000.0,130.0,0.001,1.4891519906697914,0.01208393913457985,3.2139357099628193e-07,0.013914094085265142,0.10902302119730946,2.3319435394400996,0.00771628666709743,0.007304540151854395,0.00901480817384901
4000.0,130.0,0.0017782794100389228,1.4885854746068503,0.012059061521864294,3.1939727464974926e-07,0.01389558446455567,0.10885255757583497,2.3320920215862544,0.007711650538617772,0.012926025813718201,0.015931372206336072
4000.0,130.0,0.0031622776601683794,1.4875931396884234,0.01201561974990142,3.1590762227454617e-07,0.013863219059149081,0.1085545061171812,2.332349548854036,0.007703540289911332,0.022788023058313414,0.02802122581114707
4000.0,130.0,0.005623413251903491,1.4858746999413335,0.0119407955509123,3.0988594381683805e-07,0.013807338868091087,0.10803996241726288,2.332787241652957,0.007689525600533649,0.039911911228012985,0.04888086067092817
4000.0,130.0,0.01,1.4829569953264512,0.011814918036468117,2.99724054723431e-07,0.0137129594677209,0.10717105630108321,2.333508907127567,0.007665824911310928,0.06911957165564324,0.08407724405483774
4000.0,130.0,0.01778279410038923,1.4781651480484732,0.011611323357981485,2.8320319959539286e-07,0.013559296247758966,0.10575674401951536,2.3346338203723964,0.007627150099313131,0.11745503468668629,0.1412850750858528
4000.0,130.0,0.03162277660168379,1.470709243689034,0.011302127356775502,2.579084799757896e-07,0.013323456837671997,0.10358707602308939,2.3362335509169054,0.007567573224660744,0.19357948663568225,0.22884926577715736
4000.0,130.0,0.05623413251903491,1.4600299481432886,0.010874825381389626,2.2253508926777955e-07,0.012992453036894553,0.10054399425479968,2.3382133782728403,0.0074834966880485305,0.3045916375093284,0.351277066804126
4000.0,130.0,0.1,1.446415398323475,0.010355472912171433,1.7886711766618264e-07,0.012581756812740649,0.09677185821942835,2.340210046121223,0.007378381681201403,0.4495726194010291,0.5024247778979659
4000.0,130.0,0.1778279410038923,1.4314186556921384,0.009814528928590211,1.325640825026579e-07,0.01214355655997106,0.09275179589136355,2.3417408690913852,0.007265189015709447,0.6138900603408441,0.6627985414871844
4000.0,130.0,0.31622776601683794,1.417339046461333,0.009334609583540546,9.075402714969756e-08,0.011745221628087454,0.08910200758736019,2.3425510855180485,0.00716128743404399,0.7727078436682498,0.8077974568328794
4000.0,130.0,0.5623413251903491,1.4059703722794992,0.00896573482221914,5.8133367170432727e-08,0.01143252420506729,0.0862401363691561,2.34277123140538,0.007079003385937389,0.9042613745033492,0.9211149744480983
4000.0,130.0,1.0,1.3978573458500558,0.008712202940573396,3.546129395820531e-08,0.01121412027948097,0.08424307228999248,2.3426931874571304,0.007021130596862122,1.0,1.0
4000.0,140.0,0.0,1.6329920475530053,0.01970953443924837,4.98949910591374e-07,0.018619928057980475,0.14355436954377773,2.3050109189766825,0.010499867716319772,0.0,0.0
4000.0,140.0,1e-08,1.6329920370775788,0.019709533645527355,4.989497495985333e-07,0.01861992347970788,0.1435543337589012,2.305010416188132,0.010499865256733935,8.678309891914935e-08,1.1276812960926423e-07
4000.0,140.0,1.7782794100389228e-08,1.6329920289247812,0.019709533027790823,4.989497095838158e-07,0.01861992309913173,0.14355433044520627,2.305010418860644,0.01049986513717199,1.543245887250567e-07,2.0053322695364243e-07
4000.0,140.0,3.162277660168379e-08,1.6329920144268453,0.019709531929282934,4.989497512813867e-07,0.018619926633907526,0.14355435702236108,2.305010944971804,0.010499867299469006,2.744322094292219e-07,3.56604057800208e-07
4000.0,140.0,5.6234132519034905e-08,1.6329919886454525,0.019709529975829757,4.989496266321655e-07,0.018619925500891418,0.1435543470868523,2.3050109621468096,0.010499866961119967,4.88017055257141e-07,6.341414931314114e-07
4000.0,140.0,1e-07,1.6329919427989907,0.01970952650204686,4.989494052559471e-07,0.018619923496700785,0.14355432950068647,2.305010994004313,0.01049986636543397,8.678303894791275e-07,1.127680253086318e-06
4000.0,140.0,1.7782794100389227e-07,1.6329918612712,0.01970952032469826,4.989490112607506e-07,0.018619919920494485,0.14355429813355178,2.3050110491455458,0.010499865299259637,1.5432439907947969e-06,2.0053289712637278e-06
4000.0,140.0,3.162277660168379e-07,1.6329917162923406,0.019709509339672568,4.989483112048461e-07,0.018619913582513643,0.14355424251989735,2.3050111498632986,0.010499863415431457,2.744316097179514e-06,3.566030147964334e-06
4000.0,140.0,5.62341325190349e-07,1.6329914584802796,0.019709489805309444,4.989470663169396e-07,0.0186199023119404,0.14355414362431118,2.3050113289772627,0.01049986006551882,4.880151588075297e-06,6.341381948730517e-06
4000.0,140.0,1e-06,1.6329910000210939,0.019709455068013214,4.989449546953912e-07,0.018619886080879142,0.14355399714348294,2.3050121192684525,0.010499856257539204,8.678243924010568e-06,1.127669823129192e-05
4000.0,140.0,1.778279410038923e-06,1.6329901847612351,0.019709393296214395,4.989409062050353e-07,0.01861984626550074,0.1435536522231963,2.305012168782246,0.010499843309867793,1.543225026493448e-05,2.0052959891334878e-05
4000.0,140.0,3.162277660168379e-06,1.6329887350286711,0.019709283451289555,4.989339048890648e-07,0.01861978284852125,0.14355309580311768,2.3050131709589925,0.010499824449862756,2.744256127494022e-05,3.565925850942434e-05
4000.0,140.0,5.623413251903491e-06,1.632986157085455,0.019709088124521094,4.989215665784898e-07,0.018619674240974455,0.14355213845266954,2.305015468169699,0.010499793259328432,4.879961951220498e-05,6.341052141763744e-05
4000.0,140.0,1e-05,1.6329815730550603,0.01970874080487767,4.98899317639837e-07,0.018619469569456763,0.1435503470844024,2.3050181230988356,0.01049973128435201,8.677644261786957e-05,0.00011275655341683272
4000.0,140.0,1.778279410038923e-05,1.632973422231251,0.019708123255482678,4.988599553605293e-07,0.018619113028307845,0.14354721879926044,2.305023756971996,0.01049962524914051,0.00015430354091117187,0.00020049662274924308
4000.0,140.0,3.1622776601683795e-05,1.6329589305175882,0.019707025339266222,4.987898626296368e-07,0.018618474996343212,0.14354162512675847,2.3050332606888575,0.01049943439493845,0.00027436565747600804,0.00035648832161708823
4000.0,140.0,5.623413251903491e-05,1.6329331688265571,0.019705073756581894,4.986655755003442e-07,0.01861735236463232,0.14353177074584128,2.305051581240785,0.010499101634495828,0.00048780663929543877,0.0006337755957926321
4000.0,140.0,0.0001,1.6328873845966874,0.01970160588525057,4.984446235699228e-07,0.018615354120632043,0.14351423379949324,2.3050837325238485,0.010498508457288265,0.0008671652194402332,0.0011265237045110694
4000.0,140.0,0.00017782794100389227,1.6328060535208824,0.019695447212026686,4.980519932975764e-07,0.018611797607409615,0.14348302915048514,2.30513991370444,0.01049745071916356,0.0015411417949788419,0.002001674566343966
4000.0,140.0,0.00031622776601683794,1.6326616957271938,0.019684521136605182,4.973551944994132e-07,0.01860548252773096,0.14342762570804374,2.3052390526856783,0.01049557137854423,0.0027376754246442123,0.0035544903046475207
4000.0,140.0,0.0005623413251903491,1.6324058426035188,0.01966517259665956,4.961210685502224e-07,0.018594302563686414,0.1433295347829828,2.3054154681378023,0.010492245994638655,0.004859191490468587,0.006304981620092832
4000.0,140.0,0.001,1.6319535498987574,0.01963101961027322,4.939414378984752e-07,0.01857455517428694,0.1431562777915103,2.3057266898764395,0.010486371570195566,0.008612183538469393,0.01116210325943999
4000.0,140.0,0.0017782794100389228,1.631157632928711,0.01957107718526514,4.901121639775306e-07,0.018539855593256414,0.1428518443643466,2.3062723675260424,0.010476046912463415,0.01522458177579307,0.019693428038113837
4000.0,140.0,0.0031622776601683794,1.6297682019963593,0.01946691645279994,4.834466402281462e-07,0.01847943511742468,0.14232177890814995,2.3072188848537247,0.01045806220106755,0.0267926759819536,0.03453799672612102
4000.0,140.0,0.005623413251903491,1.6273762506417657,0.019289022051558684,4.720287991232508e-07,0.018375877870284194,0.1414133595371608,2.3088303315022705,0.010427216756118154,0.046781768728450676,0.05994964939831962
4000.0,140.0,0.01,1.6233555501865897,0.018993998704510455,4.5299785921735983e-07,0.018203103235807795,0.13989799129655622,2.3114878821621674,0.010375695147908788,0.08059478750427518,0.10225915764641583
4000.0,140.0,0.01778279410038923,1.6168605952809558,0.018527823920091564,4.226793241913184e-07,0.01792740677672097,0.13748054387133385,2.315646497479276,0.01029332550313488,0.1357843659296005,0.16954824265326499
4000.0,140.0,0.03162277660168379,1.6070136579283065,0.017844811937945338,3.776951195217974e-07,0.017517292697596415,0.1338859349504233,2.321638433458383,0.010170425165760518,0.2208160431527964,0.2691390041200348
4000.0,140.0,0.05623413251903491,1.5934317483600773,0.016947604180443335,3.1754213402449025e-07,0.016966788677622982,0.12906375235837841,2.329297193845194,0.010004719935974448,0.34084579890030836,0.4018877965552017
4000.0,140.0,0.1,1.5769498858022324,0.015924596189547773,2.473999945940478e-07,0.016321553551406937,0.12341637367243086,2.33766942263136,0.009809346044006786,0.49090157849989996,0.5561432902222448
4000.0,140.0,0.1778279410038923,1.5597910246314268,0.014930906736226452,1.7757743230650491e-07,0.015675331992145086,0.11776579452364666,2.3453418015938627,0.009612312915817692,0.6524199932365166,0.7092234504693556
4000.0,140.0,0.31622776601683794,1.544554308117494,0.014105208105391124,1.1820822662831133e-07,0.015122430580614906,0.1129359239083165,2.3512878321573947,0.0094425525337225,0.8005387146343103,0.8391053729250086
4000.0,140.0,0.5623413251903491,1.5328217450969128,0.013503412241805799,7.412167926485337e-08,0.014709599833845288,0.10933272398918868,2.3553230866803943,0.009315026721203412,0.9176997826227296,0.935439786666856
4000.0,140.0,1.0,1.5247416580667752,0.01310529143233268,4.456145032118271e-08,0.0144316355960806,0.10690821932943449,2.3578333502563047,0.009228767287975666,1.0,1.0
4000.0,150.0,0.0,1.7659436765588579,0.032019938152232495,7.625408007566849e-07,0.024546188011322315,0.18578755527199614,2.225251211073724,0.014110995090478903,0.0,0.0
4000.0,150.0,1e-08,1.7659436623087061,0.03201993629661448,7.625408696286829e-07,0.024546192504399326,0.18578758860039002,2.2252517108743506,0.01411099787186288,1.0272669904151352e-07,1.4089495689527647e-07
4000.0,150.0,1.7782794100389228e-08,1.765943651218092,0.03201993485242555,7.62540793418472e-07,0.024546191822624252,0.18578758291146613,2.2252517210410483,0.014110997634357634,1.8267676058350344e-07,2.5055057530089035e-07
4000.0,150.0,3.162277660168379e-08,1.7659436314959023,0.03201993228425488,7.625408252152585e-07,0.024546195996263794,0.18578761356124363,2.225252227394132,0.014111000308299926,3.2485028034905414e-07,4.455488485160748e-07
4000.0,150.0,5.6234132519034905e-08,1.7659435964243404,0.032019927717332246,7.62540587554974e-07,0.02454619394773481,0.18578759638443765,2.2252522692833505,0.014110999619002754,5.776744330573164e-07,7.923100882398737e-07
4000.0,150.0,1e-07,1.7659435340573837,0.03201991959607548,7.625398340497016e-07,0.024546179653868353,0.18578748522289437,2.225251378198886,0.014110992270236777,1.0272661331201484e-06,1.4089479091351657e-06
4000.0,150.0,1.7782794100389227e-07,1.7659434231516562,0.032019905154236104,7.625392479429048e-07,0.024546178501355476,0.18578747121326938,2.2252519934497403,0.014110993151984686,1.8267648948324023e-06,2.5055005042106716e-06
4000.0,150.0,3.162277660168379e-07,1.7659432259307062,0.03201987947268767,7.625379109629656e-07,0.02454616696478886,0.18578737449356897,2.225252227476474,0.014110989266085297,3.248494230559583e-06,4.455471887036432e-06
4000.0,150.0,5.62341325190349e-07,1.7659428752182105,0.0320198338039621,7.625353678927549e-07,0.02454614112031357,0.1857871621625684,2.225252160503662,0.014110979292198289,5.776717220653167e-06,7.923048394707011e-06
4000.0,150.0,1e-06,1.7659422515579795,0.032019752592978616,7.62531306368711e-07,0.02454610999286624,0.18578689683515892,2.2252533859124224,0.014110970081890467,1.0272575602489806e-05,1.4089313111742612e-05
4000.0,150.0,1.778279410038923e-06,1.7659411425302116,0.03201960817959448,7.625237885218809e-07,0.024546045130366394,0.18578635303555982,2.2252547028556773,0.014110948236543465,1.82673778524863e-05,2.5054480174378596e-05
4000.0,150.0,3.162277660168379e-06,1.7659391704146095,0.032019351379949657,7.625104202716969e-07,0.02454592979682649,0.18578538608701115,2.225257045314552,0.014110909394471387,3.2484085037386064e-05,4.455305912594692e-05
4000.0,150.0,5.623413251903491e-06,1.7659356635862622,0.03201889474278587,7.624868146849202e-07,0.024545730046986253,0.1857837070492985,2.2252616943563255,0.014110843393009132,5.776446135447314e-05,7.922523556035548e-05
4000.0,150.0,1e-05,1.765929427921717,0.03201808279133386,7.624443802060735e-07,0.024545360033263384,0.1857806092370158,2.225268616166905,0.014110717506677486,0.0001027171839406421,0.00014087653530710372
4000.0,150.0,1.778279410038923e-05,1.765918340609911,0.03201663915827701,7.623692272927245e-07,0.024544711669940926,0.18577517338902105,2.225281786530892,0.01411049915473689,0.0001826466733658666,0.00025049232706321944
4000.0,150.0,3.1622776601683795e-05,1.765898628830444,0.03201407274505207,7.622356211408058e-07,0.024543559018819223,0.18576550961199287,2.2253052010987315,0.014110110972785944,0.0003247551484316837,0.0004453646848037554
4000.0,150.0,5.623413251903491e-05,1.7658635901881543,0.03200951137776777,7.619981453228638e-07,0.024541510203649773,0.18574833249730668,2.2253468114834325,0.014109420968480295,0.0005773736682072293,0.0007917278991089973
4000.0,150.0,0.0001,1.7658013272177813,0.03200140767585585,7.615762127196553e-07,0.024537870003368635,0.18571781331651738,2.225420743601573,0.014108195017389358,0.0010263154171643695,0.0014071079198125704
4000.0,150.0,0.00017782794100389227,1.7656907499988113,0.03198702127869104,7.608272108861282e-07,0.024531411788353278,0.1856636639169213,2.2255524788772205,0.014106021233914997,0.0018237606352580521,0.00249968786676783
4000.0,150.0,0.00031622776601683794,1.7654945660838612,0.031961514654817634,7.594984322275212e-07,0.02451994319852514,0.1855675172237412,2.2257847036777503,0.014102157323800346,0.0032390060962336903,0.004437123908520764
4000.0,150.0,0.0005623413251903491,1.7651471225697668,0.03191639685918781,7.571473215190128e-07,0.02449966040291351,0.18539746627697185,2.226196839723433,0.014095326876300497,0.005746781291852072,0.007865212728774619
4000.0,150.0,0.001,1.7645337418319447,0.03183691565077041,7.530015241240414e-07,0.02446388007065575,0.1850975006447814,2.2269216105236453,0.014083272603446348,0.010178290915162157,0.013907455923756785
4000.0,150.0,0.0017782794100389228,1.7634568996473676,0.03169790370135492,7.457397952351792e-07,0.02440119768687617,0.18457201186149036,2.228189799610055,0.014062151874159254,0.01797134242293228,0.024485128320153916
4000.0,150.0,0.0031622776601683794,1.7615848027397052,0.031457811060026195,7.331653977072004e-07,0.02429262834675809,0.18366186821610161,2.230382035011084,0.014025560300388859,0.03155962233222207,0.042783962741165416
4000.0,150.0,0.005623413251903491,1.7583847828594075,0.031052015659894572,7.118167031504826e-07,0.024108175964473396,0.18211573060342878,2.2340876635386584,0.01396335312783042,0.05490452839542937,0.07379890303206782
4000.0,150.0,0.01,1.7530699168036055,0.03039065028062945,6.767609908122278e-07,0.023804981379140656,0.17957460755277505,2.2401313104556446,0.013860997838733333,0.0940095156104821,0.12458714417370459
4000.0,150.0,0.01778279410038923,1.7446499884762383,0.029374267104942516,6.222361593436433e-07,0.023332572422332956,0.17561619016558339,2.249422854506352,0.013701249161845284,0.1568183811043218,0.20324235074013394
4000.0,150.0,0.03162277660168379,1.7322595456719847,0.027945659047148186,5.442036270436903e-07,0.022654650500632856,0.16993777475174848,2.2624788005243475,0.013471408831673274,0.2511935067382594,0.3151147600117089
4000.0,150.0,0.05623413251903491,1.715869674846985,0.026171518127041837,4.448873057520932e-07,0.021788432427650377,0.16268589921315815,2.2786508538898853,0.013176634405828218,0.37968931130897726,0.4563800349107033
4000.0,150.0,0.1,1.6969933877220895,0.024279455447582636,3.3579153925032014e-07,0.020832079486432637,0.15468475646235302,2.295779854837462,0.012849629625789526,0.5330175009516037,0.6102123925894812
4000.0,150.0,0.1778279410038923,1.6784269070054623,0.022563461141794357,2.3375915004570623e-07,0.019932496914605503,0.1471642139381382,2.311123923979434,0.012540388133132142,0.6896222377508953,0.752929231328207
4000.0,150.0,0.31622776601683794,1.6627937539433137,0.021221153119522537,1.517236419566969e-07,0.01920517286925805,0.14108816802879792,2.322929499087892,0.01228907437983549,0.8261128578670994,0.8669512939746653
4000.0,150.0,0.5623413251903491,1.6512646253023038,0.020287150199900638,9.340915004025128e-08,0.018685727666623294,0.13675137036324841,2.3310022867553166,0.012108819997348303,0.9295735306690117,0.9476532764124559
4000.0,150.0,1.0,1.64356796583731,0.019688649580370893,5.548224505327735e-08,0.018346717325448462,0.1339222683588413,2.3360990193154927,0.01199081009986482,1.0,1.0
4000.0,160.0,0.0,1.8889943693283175,0.051584677454239836,1.1551061072926746e-06,0.03188186129169384,0.23643928783948864,2.094488189651657,0.018724181502424816,0.0,0.0
4000.0,160.0,1e-08,1.8889943504012154,0.05158467327456562,1.1551059248671227e-06,0.0318818598258931,0.23643927608264723,2.0944882227166546,0.018724180957369448,1.2195368742728353e-07,1.772158386438607e-07
4000.0,160.0,1.7782794100389228e-08,1.8889943356706613,0.051584670021612065,1.1551055398818547e-06,0.03188185197789304,0.23643921719124703,2.0944878078190836,0.018724176594034282,2.1686771243430592e-07,3.1513923598073395e-07
4000.0,160.0,3.162277660168379e-08,1.8889943094756214,0.05158466423695405,1.1551055303980698e-06,0.0318818566560248,0.2364392506581252,2.0944882941859335,0.018724179778573075,3.856513279699263e-07,5.604054849473123e-07
4000.0,160.0,5.6234132519034905e-08,1.88899426289354,0.05158465395022299,1.1551048389558059e-06,0.03188184635615606,0.23643917209188167,2.0944879359079698,0.01872417450671609,6.857956270236647e-07,9.965571250308588e-07
4000.0,160.0,1e-07,1.888994180057673,0.05158463565756237,1.1551042844703257e-06,0.03188184667319247,0.2364391705640674,2.0944885228951504,0.01872417607506849,1.2195356454892106e-06,1.772155719446037e-06
4000.0,160.0,1.7782794100389227e-07,1.8889940327525487,0.05158460312817013,1.1551026227206645e-06,0.031881828586492425,0.2364390295332587,2.0944883414709903,0.01872416791062503,2.1686732385917785e-06,3.151383926048388e-06
4000.0,160.0,3.162277660168379e-07,1.8889937708036502,0.05158454528204133,1.155100100467305e-06,0.03188180836881147,0.2364388673304054,2.0944888036072946,0.018724160407543277,3.856500991895739e-06,5.6040281796534926e-06
4000.0,160.0,5.62341325190349e-07,1.8889933049876848,0.051584442416155604,1.1550958574742568e-06,0.03188177910270796,0.2364386284769409,2.0944900646739537,0.018724150991946336,6.85791741290784e-06,9.96548691331556e-06
4000.0,160.0,1e-06,1.8889924766441524,0.051584259494063325,1.1550878802339478e-06,0.03188171513375961,0.23643811528735925,2.0944915236818713,0.018724127244316813,1.219523357789156e-05,1.7721290499618317e-05
4000.0,160.0,1.778279410038923e-06,1.888991003641387,0.05158393421441197,1.1550736955710918e-06,0.03188160140410906,0.23643720287971642,2.094494119655706,0.018724085028614855,2.1686343818448174e-05,3.151299590941557e-05
4000.0,160.0,3.162277660168379e-06,1.8889883843051423,0.05158335579824751,1.1550482287848169e-06,0.0318813924509372,0.23643553060559558,2.094498294582717,0.01872400601496902,3.856378118167077e-05,5.6037614954179795e-05
4000.0,160.0,5.623413251903491e-06,1.8889837266282579,0.051582327282073126,1.1550036193153256e-06,0.03188103952327489,0.2364326951544208,2.094506942043763,0.018723876454780363,6.85752886383672e-05,9.964643621888952e-05
4000.0,160.0,1e-05,1.88897544471973,0.051580498512310315,1.1549236250954024e-06,0.031880393364194216,0.23642751536561357,2.0945210945146826,0.01872363514817143,0.00012194004944060538,0.000177186239926205
4000.0,160.0,1.778279410038923e-05,1.8889607195196179,0.051577247142236535,1.1547818318943827e-06,0.03187925644611894,0.2364183943678705,2.094547039384267,0.018723213116411615,0.00021682458909443202,0.0003150456488067638
4000.0,160.0,3.1622776601683795e-05,1.8889345414196141,0.05157146748996565,1.1545300125552383e-06,0.031877242075977,0.2364022298921025,2.094593601016862,0.01872246681612776,0.0003855149811386217,0.0005601096048404118
4000.0,160.0,5.623413251903491e-05,1.8888880128937284,0.051561196580092394,1.154082045864174e-06,0.03187365018084182,0.2363734137138019,2.0946755650303657,0.01872113346962093,0.0006853645793297306,0.0009956218550622245
4000.0,160.0,0.0001,1.888805346250204,0.05154295390576534,1.1532862893965677e-06,0.03186726953937432,0.23632222474144451,2.0948211544448245,0.01871876488535971,0.0012181732207982472,0.001769200299129858
4000.0,160.0,0.00017782794100389227,1.8886585756583,0.05151058232837234,1.1518739061652374e-06,0.031855944315500956,0.2362313678673457,2.0950795334057783,0.018714560722208656,0.002164368623652748,0.0031420502052576303
4000.0,160.0,0.00031622776601683794,1.8883983133446947,0.051453233823084844,1.1493707779447303e-06,0.03183587207928349,0.23607033860923654,2.0955373646000988,0.018707109223403445,0.0038429096424313224,0.005574580379174864
4000.0,160.0,0.0005623413251903491,1.8879378101091506,0.051351933574148315,1.1449459127177384e-06,0.031800382299468,0.23578562863182495,2.096345933841638,0.01869393195210157,0.006815055592481402,0.009872744838944923
4000.0,160.0,0.001,1.8871261517069635,0.0511739181131336,1.1371608646950875e-06,0.03173794223990169,0.23528471503168202,2.097768537869065,0.018670748160160268,0.012060350025872803,0.017430127438337783
4000.0,160.0,0.0017782794100389228,1.8857052751673007,0.050863910723052366,1.1235740120213845e-06,0.0316289433243432,0.23441031351400085,2.1002487457680945,0.018630269475600852,0.021263452204571025,0.030603905827702598
4000.0,160.0,0.0031622776601683794,1.8832473036128647,0.05033247102232334,1.1001944535969907e-06,0.03144130786173829,0.23290514549584423,2.10450884084464,0.01856056466002738,0.03724651303624911,0.05322607380465425
4000.0,160.0,0.005623413251903491,1.8790813919307896,0.049445579573923856,1.060926634948891e-06,0.03112594222388625,0.23037554107189076,2.111641884165379,0.01844334324249253,0.06451781019126826,0.09109036154050683
4000.0,160.0,0.01,1.8722595846208578,0.04802997293300293,9.975812468475906e-07,0.030616586517621627,0.22629043619146844,2.123085488197814,0.018253827315809212,0.10967516090099041,0.15182784358366885
4000.0,160.0,0.01778279410038923,1.861693545849924,0.045924152175531405,9.017706144509055e-07,0.029844741610302025,0.22010135686610902,2.140247432859655,0.017966210171684482,0.18086104202031167,0.24290880806050621
4000.0,160.0,0.03162277660168379,1.8466588083426856,0.043099858211919424,7.701180884183889e-07,0.028781072794444446,0.21157489553380482,2.1635151608698515,0.017568914158555174,0.28481779444401034,0.36656986607334224
4000.0,160.0,0.05623413251903491,1.8276536777893293,0.03979829551576218,6.11250143705249e-07,0.027492335251341087,0.20124866256114265,2.191064238013225,0.017085984288226184,0.42084688389251,0.5136039642224415
4000.0,160.0,0.1,1.8069176653654246,0.036508411659482654,4.4706660932046896e-07,0.02615381375470198,0.1905291572027257,2.2188557826891335,0.01658239269219918,0.575378964645495,0.6631936547022335
4000.0,160.0,0.1778279410038923,1.7876279702568452,0.033713449884984,3.0246712092504343e-07,0.02496861983038926,0.18104289480572872,2.2426867199293614,0.016134590396126577,0.7251041794786728,0.7930895844515835
4000.0,160.0,0.31622776601683794,1.772171203473681,0.03164240579461225,1.91983585380414e-07,0.02405853513421986,0.17376237801357336,2.260434523135061,0.015789386467101676,0.8493988921391792,0.8912546571876968
4000.0,160.0,0.5623413251903491,1.7612026527581492,0.030257143417982357,1.1637188251231782e-07,0.023433222114311373,0.16876204580553583,2.272328033916148,0.015551464644644242,0.9400107572696424,0.957930538521917
4000.0,160.0,1.0,1.7540739135458912,0.029392399309247023,6.843589964730219e-08,0.023035664974146334,0.165583900946399,2.279753665077296,0.015399868498388177,1.0,1.0
4000.0,170.0,0.0,2.0009311918291446,0.08169838354864464,1.7326664397604101e-06,0.04075081413209238,0.2956845882830389,1.9137776002851645,0.024491123858917902,0.0,0.0
4000.0,170.0,1e-08,2.000931167341068,0.08169837455388582,1.7326667363566432e-06,0.040750826619824106,0.29568467780946356,1.913778362692471,0.02449113185766094,1.4526216742759223e-07,2.2462055478948125e-07
4000.0,170.0,1.7782794100389228e-08,2.000931148282477,0.08169836755345328,1.7326657636276135e-06,0.04075080803198551,0.29568454209432504,1.9137776266887532,0.02449112107062102,2.5831669420066065e-07,3.994380409336168e-07
4000.0,170.0,3.162277660168379e-08,2.0009311143910358,0.0816983551047338,1.7326653735815915e-06,0.040750806487093554,0.2956845293850994,1.9137777976459651,0.024491120825357607,4.5935917257313094e-07,7.103122327913489e-07
4000.0,170.0,5.6234132519034905e-08,2.000931054122586,0.08169833296745124,1.7326648125795708e-06,0.04075080685868176,0.2956845294145791,1.9137782481252166,0.024491122263622846,8.168686864650033e-07,1.2631329510721156e-06
4000.0,170.0,1e-07,2.000930946948578,0.08169829360123683,1.7326633267973008e-06,0.04075079603823936,0.29568444616013956,1.9137785100098128,0.024491117921070244,1.452619905915252e-06,2.2462012091662216e-06
4000.0,170.0,1.7782794100389227e-07,2.000930756363586,0.08169822359729567,1.7326613934428352e-06,0.040750793466335644,0.2956844190656874,1.9137797585775607,0.024491120217335155,2.58316134996564e-06,3.994366689096881e-06
4000.0,170.0,3.162277660168379e-07,2.0009304174514297,0.08169809911132304,1.7326559869158435e-06,0.0407507425953328,0.29568403495381684,1.9137798046026386,0.024491096476066915,4.593574042181501e-06,7.103078940849064e-06
4000.0,170.0,5.62341325190349e-07,2.000929814774637,0.08169787774235751,1.7326476330909606e-06,0.04075068177717605,0.29568356699530324,1.9137812786197002,0.024491072073754123,8.168630944560294e-06,1.2631192309573763e-05
4000.0,170.0,1e-06,2.000928743058672,0.08169748409242096,1.73263249223178e-06,0.04075056690924329,0.295682686102354,1.913783584312749,0.024491024642874865,1.4526022225453494e-05,2.2461578228021654e-05
4000.0,170.0,1.778279410038923e-06,2.000926837285426,0.08169678409161746,1.7326063595919636e-06,0.04075038126005189,0.2956812547218515,1.9137885585210388,0.024490951486044583,2.58310543088757e-05,3.994229491887863e-05
4000.0,170.0,3.162277660168379e-06,2.000923448405749,0.08169553935396283,1.7325593841026576e-06,0.040750039229474566,0.2956786230286518,1.9137968444187732,0.024490814241324873,4.593397214171363e-05,7.102645099354738e-05
4000.0,170.0,5.623413251903491e-06,2.000917422402753,0.08169332605032062,1.7324759265521779e-06,0.04074943273587061,0.29567395573252075,1.9138116571580803,0.02449057121385175,8.168071785769148e-05,0.00012629820462012277
4000.0,170.0,1e-05,2.0009067076617826,0.08168939077147724,1.7323274099769436e-06,0.04074835141089955,0.29566563565115667,1.9138378560714384,0.024490137325426195,0.0001452425412522844,0.00022457240513267394
4000.0,170.0,1.778279410038923e-05,2.0008876575768078,0.08168239462220411,1.7320632906217704e-06,0.040746427129375345,0.29565083038338313,1.9138843474691343,0.02448936482753587,0.00025825463732341786,0.0003992858037984259
4000.0,170.0,3.1622776601683795e-05,2.0008537929561303,0.08166995944329869,1.731593942034624e-06,0.040743009739446626,0.29562453591380794,1.9139671314276399,0.024487993538072586,0.000459162968254435,0.0007098309597428635
4000.0,170.0,5.623413251903491e-05,2.0007936093376077,0.08164786495199663,1.7307599340335022e-06,0.04073693716472877,0.2955778116522043,1.9141142302079395,0.024485556793049704,0.0008162484405284223,0.001261611835790323
4000.0,170.0,0.0001,2.0006867033363043,0.08160863390121798,1.7292785290600066e-06,0.04072614607098572,0.2954947846323732,1.9143751437083718,0.024481225287236497,0.0014506596767548973,0.0022413955333675253
4000.0,170.0,0.00017782794100389227,2.0004969646188457,0.08153905652037212,1.7266512429841384e-06,0.040707021172361565,0.2953476286669794,1.9148389184340306,0.024473552442428617,0.002576969077518281,0.003979195120786613
4000.0,170.0,0.00031622776601683794,2.000160721384224,0.0814159146085082,1.7219980635633648e-06,0.040673136068747374,0.2950869090279809,1.9156592794929757,0.024459954078124062,0.0045740288952441045,0.007055243918138232
4000.0,170.0,0.0005623413251903491,1.9995664444000132,0.08119876896188784,1.713784877152205e-06,0.040613323344462625,0.29462669842161004,1.917107025400105,0.02443594983974036,0.008107028170108489,0.012480714963766942
4000.0,170.0,0.001,1.9985210683343317,0.08081832501460581,1.6993705627689337e-06,0.040508336115549784,0.2938189157831919,1.9196466946971735,0.02439381178584157,0.014332356124077487,0.021990107291088305
4000.0,170.0,0.0017782794100389228,1.9966973636449576,0.08015926859361973,1.6743245475689849e-06,0.04032585394562495,0.29241491617466003,1.9240549548008237,0.02432055315641187,0.02522493038812605,0.038475385477442156
4000.0,170.0,0.0031622776601683794,1.9935613684558178,0.07903963428118553,1.631555566121499e-06,0.04001411790575413,0.2900165304770462,1.9315725901430778,0.0241953681580774,0.044051685136559396,0.06651684045319264
4000.0,170.0,0.005623413251903491,1.98830006483867,0.07719932450109754,1.5606390641774532e-06,0.039496781463572404,0.286036606433061,1.9440032684731992,0.023987492933870362,0.07591274069770912,0.11271042276497523
4000.0,170.0,0.01,1.979827326077804,0.07433317866240917,1.4486088485596225e-06,0.038678411762542234,0.27974150410391,1.9635531763370568,0.023658337017537483,0.12795474801305706,0.1849306708970004
4000.0,170.0,0.01778279410038923,1.9670421388635542,0.07022555893979737,1.2845071120641444e-06,0.037477144891593775,0.2705026567741345,1.991991086894818,0.023174449707593837,0.20823029775772406,0.2891011706603476
4000.0,170.0,0.03162277660168379,1.9495220561872348,0.06499357739419252,1.068943963631937e-06,0.03589420639354626,0.25833153669459125,2.0289556413823155,0.02253539221098156,0.3217395782142206,0.4231351476405064
4000.0,170.0,0.05623413251903491,1.9284304322506303,0.05925188693609,8.230397058528563e-07,0.034080933955491326,0.24439413412119634,2.070528991082319,0.02180118504979879,0.4639628466310852,0.5723568259608072
4000.0,170.0,0.1,1.9066577010988672,0.053899803685669344,5.839155803134161e-07,0.032309000241345774,0.23077990241099197,2.1102731559809684,0.02108124330148576,0.6174480858205275,0.7139411750454765
4000.0,170.0,0.1778279410038923,1.8874723457963491,0.04961895597727271,3.849002554880046e-07,0.03082690734053363,0.21939719165891605,2.1427696228576805,0.02047696992792213,0.7585638584762827,0.8293028459301879
4000.0,170.0,0.31622776601683794,1.8727888750612465,0.046593070630333105,2.396100261854985e-07,0.029740175102972142,0.21105385496213652,2.1661198432318365,0.020032551690718162,0.8704330448641487,0.912189409368634
4000.0,170.0,0.5623413251903491,1.8627197592150186,0.044634569074619365,1.4335886836485714e-07,0.02901783336793398,0.20550959840896377,2.1813987764429132,0.01973647233855066,0.9491470152071455,0.9665117025070634
4000.0,170.0,1.0,1.8563251799923537,0.04343746437389443,8.362057809261486e-08,0.028568475801481353,0.2020612408684719,2.1907999167667582,0.01955199517562941,1.0,1.0
4000.0,180.0,0.0,2.101485293629453,0.12593312680316204,2.565488202063004e-06,0.051049133329039466,0.361762439940419,1.690244627693239,0.03149735635037943,0.0,0.0
4000.0,180.0,1e-08,2.1014852626733354,0.12593310852157338,2.5654880908706004e-06,0.051049139475572824,0.36176248232735936,1.6902450631237362,0.031497360889339604,1.73745859091077e-07,2.864947209689002e-07
4000.0,180.0,1.7782794100389228e-08,2.1014852385808207,0.12593309429339655,2.5654881172259463e-06,0.05104914650570638,0.3617625312355706,1.6902454763894166,0.031497365807957624,3.0896864442621237e-07,5.094675537514422e-07
4000.0,180.0,3.162277660168379e-08,2.1014851957376495,0.1259330689917367,2.565486238995703e-06,0.05104912070085314,0.3617623467477017,1.6902449429601152,0.031497350919556466,5.494324542162141e-07,9.059753142312072e-07
4000.0,180.0,5.6234132519034905e-08,2.1014851195505724,0.12593302399836442,2.565484710968937e-06,0.05104911086835116,0.3617622741876532,1.6902451881845184,0.03149734669023736,9.770440267904954e-07,1.6110761509787243e-06
4000.0,180.0,1e-07,2.1014849840688377,0.12593294398772695,2.565482503528892e-06,0.051049103527948225,0.3617622170453991,1.6902459601478454,0.03149734542850732,1.737456030399671e-06,2.864940080421658e-06
4000.0,180.0,1.7782794100389227e-07,2.1014847431450083,0.1259328017069332,2.5654776717314166e-06,0.05104907243948421,0.3617619876232815,1.6902467357611006,0.03149733205706169,3.0896783472264273e-06,5.094652992844931e-06
4000.0,180.0,3.162277660168379e-07,2.1014843147169624,0.1259325486934297,2.565468570294706e-06,0.05104900702356119,0.36176150784615196,1.690247779529596,0.03149730202741669,5.494298937150879e-06,9.059681850107476e-06
4000.0,180.0,5.62341325190349e-07,2.101483552857925,0.12593209876948216,2.5654538010214184e-06,0.05104891886267337,0.36176085427487514,1.690250568202973,0.03149726600516007,9.770359298108789e-06,1.611053606572883e-05
4000.0,180.0,1e-06,2.10148219807783,0.12593129869402425,2.5654266313813315e-06,0.05104874405894099,0.36175956427962014,1.690254930128584,0.03149719082304118,1.737430425703759e-05,2.864868789699653e-05
4000.0,180.0,1.778279410038923e-06,2.1014797889577412,0.12592987598385136,2.5653783176385502e-06,0.05104843321914795,0.3617572703817684,1.6902626866539496,0.031497057132740175,3.0895973792035765e-05,5.094427557123503e-05
4000.0,180.0,3.162277660168379e-06,2.1014755050507374,0.1259273461579741,2.565292406711417e-06,0.0510478804863085,0.3617531913914288,1.6902764791434715,0.031496819405385505,5.4940429001635254e-05,9.058968989767348e-05
4000.0,180.0,5.623413251903491e-06,2.1014678876413364,0.12592284789602828,2.5651396471820233e-06,0.051046897662139455,0.36174593846623504,1.6903010036893245,0.03149639669770637,9.769549673952639e-05,0.00016108281972115922
4000.0,180.0,1e-05,2.1014543435748356,0.12591485023219667,2.5648675335080085e-06,0.05104514007565878,0.3617329710176002,1.6903442721995037,0.03149563887339301,0.00017371744202452117,0.00028641560775696475
4000.0,180.0,1.778279410038923e-05,2.1014302641804026,0.12590063290157522,2.5643846862232784e-06,0.051042033515576485,0.3617100456143164,1.6904217891154452,0.03149430275285658,0.0003088787932316937,0.0005092174296719255
4000.0,180.0,3.1622776601683795e-05,2.1013874624318554,0.12587536552651465,2.563527004620412e-06,0.05103652216276237,0.3616693706641045,1.69055989802533,0.03149193422589542,0.0005491483842137866,0.0009051846551564453
4000.0,180.0,5.623413251903491e-05,2.101311406283737,0.12583048048437742,2.562001802280832e-06,0.05102670223334763,0.3615969058225602,1.690804328246621,0.03148770876759764,0.000976146080615684,0.0016085775679296423
4000.0,180.0,0.0001,2.1011763381694553,0.12575081193255294,2.5592954300238753e-06,0.051009296097080686,0.36146845150308227,1.6912391910828217,0.031480224167291036,0.001734618508939551,0.002857048411535397
4000.0,180.0,0.00017782794100389227,2.1009367199450644,0.12560961019112954,2.5544958609170907e-06,0.050978414217508525,0.3612405542439583,1.6920095836443227,0.031466941360886305,0.0030807167299574797,0.0050697508375698004
4000.0,180.0,0.00031622776601683794,2.100512407038176,0.12535999376486368,2.546004953899765e-06,0.05092377771305073,0.3608373578138835,1.6933722740641617,0.03144344034789126,0.005466023771557365,0.008981233350879386
4000.0,180.0,0.0005623413251903491,2.0997634858848295,0.12492072785236488,2.5310430775810077e-06,0.050827484820245954,0.3601267608478679,1.6957724081377943,0.0314020166512709,0.009681302783605954,0.015864124094837413
4000.0,180.0,0.001,2.098449201492177,0.12415389027801083,2.5048650634637196e-06,0.05065898515963263,0.35888332046565624,1.6999705188023349,0.0313295249304614,0.01709467055391705,0.02787864984645285
4000.0,180.0,0.0017782794100389228,2.096165852342705,0.12283375660525786,2.4596196503376846e-06,0.050367654895453084,0.3567334969185959,1.7072203567201707,0.031204161637965775,0.030022655910222178,0.048559197474589935
4000.0,180.0,0.0031622776601683794,2.0922673736069233,0.12061489912034258,2.3830531532637223e-06,0.049874367431685454,0.3530934865873408,1.7194715935211364,0.030991815043629915,0.05223832154191818,0.08331310183690074
4000.0,180.0,0.005623413251903491,2.085804863259356,0.11703195132442752,2.2580013584610204e-06,0.04906789568823713,0.3471428143198297,1.7394313932438143,0.030644427086218264,0.08946633586994993,0.1394288475872152
4000.0,180.0,0.01,2.075597945658995,0.1116062789845839,2.0651578379556835e-06,0.04782222305872588,0.33795229922990244,1.770089560950391,0.030107300669552726,0.14929881978645337,0.22443867389203898
4000.0,180.0,0.01778279410038923,2.0606452442901277,0.10414519268766398,1.7926422947587186e-06,0.04605754432241597,0.32493446428317335,1.8131483347702568,0.029345181191331938,0.23929065888325107,0.34153846206327754
4000.0,180.0,0.03162277660168379,2.0409842404368734,0.09514834381315226,1.451607028708199e-06,0.04384144025968817,0.30858984059814476,1.8665634686878865,0.028385982741312574,0.3619904681293527,0.4833539610612891
4000.0,180.0,0.05623413251903491,2.018498347650155,0.08588213038197498,1.084328733168635e-06,0.04144421378157262,0.2909139114809975,1.9234444541255085,0.027345492530777952,0.5086627634244708,0.630597533891046
4000.0,180.0,0.1,1.9965360209230871,0.07777217176897835,7.476141787367661e-07,0.039235715566397135,0.2746341637204498,1.9749371054767904,0.026383987774257572,0.6587624518470453,0.7609528738346284
4000.0,180.0,0.1778279410038923,1.9781549061052552,0.07162380272928572,4.81531637542905e-07,0.03748231578780786,0.2617126069513893,2.01513079115203,0.025618402565320973,0.7898257646018705,0.861045650152671
4000.0,180.0,0.31622776601683794,1.9646608214415187,0.06744724909260266,2.9485142466264145e-07,0.036247369010663194,0.25261377625021164,2.0430391017698124,0.02507789903146689,0.8893232100626706,0.9298229694413703
4000.0,180.0,0.5623413251903491,1.955680236610124,0.064814914405828,1.7451842872083763e-07,0.035449074350014396,0.24673305747064245,2.060891409374196,0.02472790079070273,0.9571263668638679,0.9735528825450126
4000.0,180.0,1.0,1.9500881342498912,0.0632323959043519,1.0112398731040599e-07,0.034961259580057816,0.24313990378670028,2.07172448938757,0.024513782513437547,1.0,1.0
4000.0,190.0,0.0,2.1899651496911288,0.18731818022489813,3.738313232635039e-06,0.06255273763953174,0.43164054401851065,1.4349654536128418,0.03967310104428416,0.0,0.0
4000.0,190.0,1e-08,2.1899651115794563,0.18731814552499798,3.738312121863129e-06,0.06255273146925376,0.4316405005533997,1.4349656078967736,0.03967309823499868,2.0849064908727307e-07,3.6685365968305093e-07
4000.0,190.0,1.7782794100389228e-08,2.1899650819179315,0.1873181185187962,3.7383105368896797e-06,0.06255271461129792,0.43164038353554923,1.4349654514124361,0.03967308840241333,3.707545711829418e-07,6.523681283283827e-07
4000.0,190.0,3.162277660168379e-08,2.189965029171472,0.18731807049425953,3.7383090001596173e-06,0.06255270608126401,0.4316403234462957,1.4349656651612535,0.03967308452046638,6.593050389943058e-07,1.1600922374201764e-06
4000.0,190.0,5.6234132519034905e-08,2.1899649353736326,0.18731798509332578,3.7383069941517485e-06,0.0625527030727023,0.431640300501528,1.4349663242224566,0.03967308532970983,1.1724280030331042e-06,2.062966327720042e-06
4000.0,190.0,1e-07,2.1899647685751495,0.18731783322695345,3.738301414537802e-06,0.0625526640497259,0.43164002734188217,1.4349667237542334,0.03967306541223623,2.0849027663693625e-06,3.6685248146918393e-06
4000.0,190.0,1.7782794100389227e-07,2.189964471961677,0.18731756316722387,3.7382927857869095e-06,0.06255261629730918,0.43163969092219034,1.434967930679904,0.0396730437190567,3.7075339339356375e-06,6.5236440250037486e-06
4000.0,190.0,3.162277660168379e-07,2.1899639445027783,0.18731708292907862,3.738277431791194e-06,0.06255253121733233,0.43163909155041025,1.434970073169188,0.03967300503914701,6.5930131450852166e-06,1.16008045538151e-05
4000.0,190.0,5.62341325190349e-07,2.189963006542114,0.1873162289425833,3.7382501326433057e-06,0.06255237999395209,0.4316380262010719,1.4349738846959479,0.03967293630118964,1.1724162252382032e-05,2.0629290700023164e-05
4000.0,190.0,1e-06,2.189961338613163,0.18731471035111238,3.7382023063346955e-06,0.06255212310009513,0.43163621468078134,1.4349809382202159,0.03967282169069619,2.0848655220675582e-05,3.6684069974674495e-05
4000.0,190.0,1.778279410038923e-06,2.1899583726555556,0.18731200998225242,3.738115979392245e-06,0.0625516448445826,0.43163284544238,1.4349929889959978,0.039672604288697476,3.707416159113378e-05,6.523271465608617e-05
4000.0,190.0,3.162277660168379e-06,2.189953098626418,0.18730720832316655,3.7379624753915e-06,0.06255079442009741,0.4316268543303776,1.4350144171042944,0.03967221770748802,6.592640719649539e-05,0.0001159962648156089
4000.0,190.0,5.623413251903491e-06,2.1899437207897763,0.18729867074227532,3.737689533442011e-06,0.0625492822988213,0.43161620166467213,1.4350525178878168,0.03967153033558955,0.00011722984603025953,0.00020625565668289594
4000.0,190.0,1e-05,2.189927047097393,0.18728349204902633,3.7372042659509348e-06,0.06254659388862877,0.4315972622187727,1.4351202584080287,0.03967030825597239,0.00020844931522221935,0.00036672292413059533
4000.0,190.0,1.778279410038923e-05,2.189897405216385,0.18725651118893466,3.7363416312453055e-06,0.0625418147892702,0.4315635941932031,1.4352406747281377,0.03966813579060482,0.00037062388223004823,0.0006519548210739682
4000.0,190.0,3.1622776601683795e-05,2.1898447208573035,0.1872085667444539,3.734807876146669e-06,0.0625333093918003,0.4315036767389558,1.4354543896362713,0.039664267233053094,0.0006588918778114484,0.0011587858905442487
4000.0,190.0,5.623413251903491e-05,2.189751119225545,0.18712341883721698,3.7320848084311514e-06,0.0625182229148137,0.43139739488811685,1.4358344895936315,0.039657409182233753,0.00117112211083725,0.0020588389206794276
4000.0,190.0,0.0001,2.189584940408843,0.18697235121741945,3.7272528799462804e-06,0.0624914601232075,0.4312088536659152,1.4365092968001862,0.039645245242450215,0.002080776756556017,0.003655493140126177
4000.0,190.0,0.00017782794100389227,2.18929028213423,0.1867048095805332,3.718689728983806e-06,0.0624440145365815,0.43087460776579134,1.43770441824767,0.03962367633838388,0.0036945064505810054,0.006482548096775899
4000.0,190.0,0.00031622776601683794,2.188768981499752,0.1862324909242886,3.703557510760596e-06,0.06236015672652069,0.4302838473692747,1.4398156450087738,0.03958555024909483,0.006551929203716189,0.011471483131485164
4000.0,190.0,0.0005623413251903491,2.1878503580331254,0.1854033071488479,3.676950262312107e-06,0.0622127083532899,0.4292451049443764,1.4435278668713039,0.0395185126892606,0.011594871717770891,0.020223865027638163
4000.0,190.0,0.001,2.186242822454385,0.1839618259899019,3.6305598762318055e-06,0.06195553918526315,0.4274334221422374,1.4499960382295338,0.039401566465720496,0.02044328879620743,0.03542135459412068
4000.0,190.0,0.0017782794100389228,2.183463724056918,0.1814981671718387,3.55087750464543e-06,0.06151363050685351,0.4243203420106988,1.4610975486872677,0.0392005620167719,0.03581142741865677,0.061344048349190536
4000.0,190.0,0.0031622776601683794,2.1787586532673786,0.17740773442640717,3.4174484036834163e-06,0.0607730703964943,0.4191034998750256,1.4796601016612414,0.03886355916374055,0.06203661446379606,0.10424554914436887
4000.0,190.0,0.005623413251903491,2.1710676860538185,0.17093372670523035,3.2032769234278378e-06,0.05958285127225156,0.4107193830982197,1.5093843166033014,0.03832152440459419,0.1054703783798496,0.17181775379964573
4000.0,190.0,0.01,2.159188542691571,0.161429524737053,2.881833681551544e-06,0.05779286323066604,0.39811116696058535,1.5538269012951926,0.03750537960214314,0.17396104294213413,0.2703709074173592
4000.0,190.0,0.01778279410038923,2.142352954419472,0.14892384807402598,2.445023009977442e-06,0.05535315292243254,0.38092803937489333,1.613879320760086,0.03639104672836652,0.27402985965249066,0.3991032853588083
4000.0,190.0,0.03162277660168379,2.1211809381317597,0.13466280487160623,1.925372775413465e-06,0.05243909660921323,0.3604065425969165,1.6847749914400734,0.03505694987713627,0.4050577317422525,0.545036165367839
4000.0,190.0,0.05623413251903491,2.098213773935205,0.1208456324267394,1.3968033529304098e-06,0.04946085540175248,0.33943606229625906,1.7562248921506363,0.03368970869499226,0.5540270213402605,0.6861161863494781
4000.0,190.0,0.1,2.0769667351940133,0.1094236331721189,9.383047501431151e-07,0.046864645798296,0.3211582682860385,1.8176050072778274,0.03249447310547264,0.698483058690815,0.8030004306573559
4000.0,190.0,0.1778279410038923,2.0600195584428764,0.10115203182682597,5.923460361814707e-07,0.044897006885128404,0.30730756069980936,1.8635133963508328,0.03158633695113943,0.8184938084307026,0.8880767751078968
4000.0,190.0,0.31622776601683794,2.048033621471746,0.09571235488333346,3.5773015180046194e-07,0.04355802864478566,0.29788312216671636,1.8944315144499924,0.03096714651404097,0.9060342844042251,0.9443395601499146
4000.0,190.0,0.5623413251903491,2.0402609770578257,0.0923549588195708,2.0988334270176547e-07,0.04271219429239827,0.29193012273324914,1.9138188617976857,0.030575466871841143,0.9640141087298656,0.9792257499179026
4000.0,190.0,1.0,2.0355010344707893,0.09036213776699911,1.209715919794184e-07,0.042202744735256745,0.2883447702239645,1.9254413228592038,0.030339352737553373,1.0,1.0
4000.0,200.0,0.0,2.266367209847377,0.26675324677586215,5.35074540513357e-06,0.07475160849386693,0.5014165153036523,1.16309789493902,0.04885032792729914,0.0,0.0
4000.0,200.0,1e-08,2.26636716401761,0.2667531856769363,5.350743480581408e-06,0.07475159964339123,0.5014164559029457,1.1630981230900959,0.04885032372386483,2.5128082380997894e-07,4.7134489943759513e-07
4000.0,200.0,1.7782794100389228e-08,2.266367128349296,0.26675313812493706,5.350743981553485e-06,0.0747516206792797,0.5014165969805491,1.1630987351395,0.04885033870083,4.46847431208151e-07,8.381826287428774e-07
4000.0,200.0,3.162277660168379e-08,2.266367064921068,0.26675305356426726,5.3507403100948814e-06,0.07475159434977226,0.5014164203215729,1.163098831814409,0.04885032368166887,7.946193209972778e-07,1.4905219588470236e-06
4000.0,200.0,5.6234132519034905e-08,2.2663669521280903,0.2667529031920092,5.350736546660583e-06,0.07475158616266103,0.5014163653212329,1.163099604856313,0.048850322220870226,1.4130543382422555e-06,2.6505615000982382e-06
4000.0,200.0,1e-07,2.266366751551038,0.2667526357888699,5.350726081419157e-06,0.07475151889614533,0.5014159139652341,1.1631001594318966,0.04885028517865013,2.5128027814796084e-06,4.713429423726144e-06
4000.0,200.0,1.7782794100389227e-07,2.2663663948703037,0.26675216027375315,5.350712040383485e-06,0.07475146310859897,0.5014155394925142,1.1631021387927385,0.04885026102095226,4.468457056769052e-06,8.381764399844523e-06
4000.0,200.0,3.162277660168379e-07,2.2663657605962166,0.2667513146825363,5.350684254506667e-06,0.07475132454636046,0.5014146095817982,1.163105046240431,0.048850192342146756,7.946138644084111e-06,1.4905023884119645e-05
4000.0,200.0,5.62341325190349e-07,2.266364632692282,0.26674981100887163,5.350637672559337e-06,0.07475111766161421,0.5014132210158562,1.163110831250452,0.04885009603637795,1.413037083105893e-05,2.650499613721588e-05
4000.0,200.0,1e-06,2.2663626270036916,0.26674713713218223,5.3505520335615185e-06,0.07475071057998275,0.5014104889288576,1.1631205085441287,0.04884989917005182,2.5127482165811765e-05,4.713233726166195e-05
4000.0,200.0,1.778279410038923e-06,2.266359060454725,0.26674238247019105,5.350402538516276e-06,0.07475002566168905,0.5014058920279499,1.1631383228560268,0.04884957455921065,4.468284510973787e-05,8.381145574262788e-05
4000.0,200.0,3.162277660168379e-06,2.2663527185317256,0.26673392810480645,5.350133948645816e-06,0.07474876912767428,0.5013974588164973,1.1631693977482735,0.048848972095525106,7.945593026411588e-05,0.00014903067123230704
4000.0,200.0,5.623413251903491e-06,2.2663414420777968,0.26671889625893924,5.349659181981244e-06,0.07474657401695146,0.501382726214679,1.1632252575303688,0.04884792641342052,0.00014128645549171532,0.000264988090886226
4000.0,200.0,1e-05,2.2663213933665185,0.2666921729544199,5.34881231189662e-06,0.07474263218711544,0.5013562705636901,1.1633239561015827,0.048846041691767046,0.00025122026979035425,0.00047112776439672696
4000.0,200.0,1.778279410038923e-05,2.2662857537193353,0.26664467521065616,5.347308785412963e-06,0.07473565051402045,0.5013094128649871,1.163499780521895,0.048842707889690515,0.00044665597856367726,0.0008374962340405227
4000.0,200.0,3.1622776601683795e-05,2.2662224161670146,0.26656028600339565,5.344638143932728e-06,0.07472325828512122,0.5012262420156527,1.1638124108247976,0.04883679287324686,0.0007940140967960943,0.001488352773490934
4000.0,200.0,5.623413251903491e-05,2.266109909670067,0.2664104553112904,5.339893769684249e-06,0.07470122664953803,0.501078376068707,1.164367189140834,0.048826272340399345,0.0014111415873812173,0.002643709709909034
4000.0,200.0,0.0001,2.2659102371828443,0.26614476115118363,5.331476567265324e-06,0.07466212855805875,0.5008159681798994,1.1653510585409055,0.048807599397112426,0.0025067605104619676,0.0046918057521710115
4000.0,200.0,0.00017782794100389227,2.2655564090768765,0.26567463013491754,5.316576080188835e-06,0.07459293689217862,0.5003515863393565,1.1670935137008556,0.04877455964412309,0.004449385481147811,0.008313628115403588
4000.0,200.0,0.00031622776601683794,2.2649311124044424,0.26484595258617005,5.290280294952786e-06,0.07447079922672921,0.4995318560858541,1.1701674188402638,0.04871622945076941,0.007886029095593758,0.014690915370059607
4000.0,200.0,0.0005623413251903491,2.2638313559727745,0.263395143069416,5.244150397935468e-06,0.0742564834999657,0.4980934705746363,1.1755579655886623,0.048613863039682195,0.013941402521391574,0.02583542644992754
4000.0,200.0,0.001,2.261913348539142,0.26088504109622934,5.164064286295709e-06,0.07388430162292069,0.4955955629462346,1.1849126095562417,0.048436064413995644,0.02453607974184542,0.04505588063711398
4000.0,200.0,0.0017782794100389228,2.2586168754380425,0.25663011571272304,5.0274909570380714e-06,0.07324920579022962,0.491333104239711,1.2008509452348803,0.04813256057401595,0.04284637503635256,0.07746324312689225
4000.0,200.0,0.0031622776601683794,2.253091112185425,0.24966237911321792,4.801561262894029e-06,0.07219746595978842,0.4842743370806479,1.2271772665745302,0.04762965398256803,0.07382887091434107,0.13007565795048398
4000.0,200.0,0.005623413251903491,2.244205050594382,0.23887649976172814,4.445994339851633e-06,0.07053943619022507,0.4731464619529272,1.2685088602421186,0.046836101731362295,0.12442356146844696,0.21045720442101867
4000.0,200.0,0.01,2.2308253901392527,0.2235636569788899,3.9281500991738275e-06,0.06811839344050949,0.45689765672935495,1.3284778261680148,0.04567570770489125,0.20243676317689946,0.3225419590775953
4000.0,200.0,0.01778279410038923,2.2125473022525357,0.20431886901325685,3.2533780955004265e-06,0.0649520292637743,0.43564669903632613,1.4062023191153494,0.04415503508534899,0.31268534073375215,0.46043895622205183
4000.0,200.0,0.03162277660168379,2.1906287424917466,0.1835541767425401,2.4912717634735735e-06,0.0613590986123781,0.4115329466587174,1.4933861166898357,0.042425130722151656,0.45072105021810005,0.6061748387212932
4000.0,200.0,0.05623413251903491,2.1680983256297517,0.16455460195879196,1.7580352265959006e-06,0.05788427979526082,0.38821199503617326,1.5766222681429518,0.04074742203064448,0.5995599929768957,0.7374295757133054
4000.0,200.0,0.1,2.1483239568301444,0.14962015988112354,1.153695619100751e-06,0.055005923698257235,0.3688942317041673,1.644710687313207,0.03935398201685617,0.7362876032512639,0.8396708240759596
4000.0,200.0,0.1778279410038923,2.133238096630614,0.13921155153626072,7.158764916882297e-07,0.05291188668628043,0.35484038597389717,1.6937229860055412,0.038337980142629714,0.8445989953995522,0.9106723606639932
4000.0,200.0,0.31622776601683794,2.122916738008065,0.1325422221307409,4.273915682734012e-07,0.051527796003750716,0.34555127237666594,1.7258636665787699,0.03766533488724552,0.9207677298310724,0.9561375560413916
4000.0,200.0,0.5623413251903491,2.1163717998741265,0.12849252454409427,2.489645452157041e-07,0.05066992797651779,0.33979383178023637,1.7456776174415622,0.037247962783907025,0.969957988150783,0.9837563332841591
4000.0,200.0,1.0,2.1124198334021074,0.1261121441691959,1.4288450301144913e-07,0.05015922706118534,0.33636634999187287,1.757433445585285,0.03699932382427627,1.0,1.0
4000.0,210.0,0.0,2.330571489813802,0.3614177746457159,7.51573875984079e-06,0.08697923425383015,0.5651563352038629,0.8979130274750887,0.05871940257202343,0.0,0.0
4000.0,210.0,1e-08,2.3305714360711685,0.3614176756389394,7.515734101339086e-06,0.08697920594671255,0.5651561533283181,0.897913171925732,0.058719385641936926,3.0438608558401606e-07,6.04069237982475e-07
4000.0,210.0,1.7782794100389228e-08,2.330571394244426,0.361417598584071,7.515732914492333e-06,0.08697921213960139,0.5651561951648911,0.897913575710758,0.058719391519352154,5.412833846804581e-07,1.0742033914822003e-06
4000.0,210.0,3.162277660168379e-08,2.330571319864852,0.36141746155913335,7.515728365960607e-06,0.08697919493756073,0.5651560862339706,0.8979140024834507,0.058719382923362935,9.625527058008393e-07,1.910232202692172e-06
4000.0,210.0,5.6234132519034905e-08,2.330571187597333,0.3614172178909703,7.515718905503547e-06,0.08697914847050761,0.5651557893618213,0.8979145974990089,0.05871935691875678,1.7116864176456477e-06,3.3969216278591445e-06
4000.0,210.0,1e-07,2.330570952389311,0.36141678458235804,7.515704526037478e-06,0.08697909412156846,0.5651554452083285,0.8979159475661251,0.05871932976867613,3.043852791228905e-06,6.040660082691436e-06
4000.0,210.0,1.7782794100389227e-07,2.3305705341255147,0.3614160140432074,7.515680323074474e-06,0.08697901330183576,0.5651549360503385,0.8979185117418995,0.05871929217350575,5.412808344328842e-06,1.0741931782838268e-05
4000.0,210.0,3.162277660168379e-07,2.3305697903412894,0.36141464382395,7.515634849245202e-06,0.08697884140749002,0.5651538475596768,0.8979227806527068,0.05871920629813047,9.625446412460517e-06,1.910199906015208e-05
4000.0,210.0,5.62341325190349e-07,2.330568467702997,0.3614122072375775,7.515553979441311e-06,0.08697853566714189,0.565151911501329,0.8979303711257539,0.058719053543494215,1.711660915487448e-05,3.3968194984415994e-05
4000.0,210.0,1e-06,2.3305661157391135,0.3614078744526823,7.515410169492646e-06,0.08697799193213585,0.5651484683649894,0.8979438680899746,0.05871878187102632,3.0437721474666512e-05,6.040337130352055e-05
4000.0,210.0,1.778279410038923e-06,2.3305619334690792,0.36140017001368463,7.5151544648912104e-06,0.08697702525680807,0.5651423470408162,0.8979678701082978,0.05871829891274613,5.412553332787832e-05,0.00010740910569805132
4000.0,210.0,3.162277660168379e-06,2.3305544967900556,0.3613864708329476,7.514699780662142e-06,0.08697530625020816,0.5651314616687005,0.8980105468174807,0.058717440057722364,9.624640031299515e-05,0.0001909876999300517
4000.0,210.0,5.623413251903491e-06,2.3305412740853315,0.36136211449202865,7.51389273515046e-06,0.08697226579604744,0.5651122110407459,0.8980865894237609,0.05871592376859576,0.00017114059356940396,0.0003395798541925145
4000.0,210.0,1e-05,2.3305177660758556,0.3613188167483939,7.512452819632251e-06,0.08696680053640651,0.5650775977794448,0.8982211533985525,0.05871318761542446,0.0003042965944804988,0.000603710950520659
4000.0,210.0,1.778279410038923e-05,2.330475980137015,0.36124186751274284,7.50989847676923e-06,0.08695714329886589,0.565016444622046,0.8984609005912553,0.05870836260344338,0.0005410004538323986,0.0010730709108635868
4000.0,210.0,3.1622776601683795e-05,2.3304017295216064,0.36110517634520345,7.505363140369315e-06,0.08694001764370164,0.5649080039053601,0.8988871602232994,0.05869981168394775,0.0009616583644559744,0.0019066539263986307
4000.0,210.0,5.623413251903491e-05,2.3302698694293142,0.36086256215792634,7.497306574378579e-06,0.08690955666370509,0.5647151135005487,0.899643299945036,0.058684592201676475,0.0017088603097187424,0.0033856226303458034
4000.0,210.0,0.0001,2.330035947378282,0.36043257810543844,7.483020687289641e-06,0.08685552995080599,0.5643729927149429,0.9009837195920681,0.05865759488670753,0.003034927345378827,0.006005021958676276
4000.0,210.0,0.00017782794100389227,2.3296217367864904,0.3596725051688411,7.4577503470666085e-06,0.08675996137357954,0.56376781052191,0.903354774882468,0.05860983881930051,0.005384648001083436,0.010629750270999331
4000.0,210.0,0.00031622776601683794,2.3288906952022006,0.35833512176804877,7.413230674849336e-06,0.08659158646421942,0.5627015846321591,0.9075317217515959,0.0585256989253899,0.00953675542274736,0.01875011579715993
4000.0,210.0,0.0005623413251903491,2.327607938804865,0.3560009308687953,7.335353697695723e-06,0.08629699090851874,0.560836057408268,0.9148366317594632,0.05837846816073382,0.01683814458620264,0.032871201897887954
4000.0,210.0,0.001,2.3253798248758724,0.3519841200510278,7.200797704078522e-06,0.08578768927807168,0.5576108300348318,0.9274498878242755,0.058123855359700535,0.029568171429650292,0.0570195986839403
4000.0,210.0,0.0017782794100389228,2.3215770178847492,0.34523740007977516,6.973242529724451e-06,0.08492565705433054,0.5521517069737586,0.9487610578607417,0.057692715199349535,0.051435703244257266,0.09715661651781832
4000.0,210.0,0.0031622776601683794,2.315276963014976,0.3343562026350996,6.602005497611471e-06,0.08351739341122086,0.5432329078934922,0.9834755667077985,0.05698787850944483,0.0880577891542118,0.16081303338351924
4000.0,210.0,0.005623413251903491,2.3053366926579453,0.31791308219089226,6.0305393330484405e-06,0.08134470615970046,0.5294716795510367,1.0367803191978127,0.05589918319128384,0.14685734995561053,0.25462931258834587
4000.0,210.0,0.01,2.290797658032244,0.2953785277683191,5.2251937050450985e-06,0.0782726729052472,0.5100117543756639,1.1116228815840414,0.05435721172853839,0.23515870381274695,0.3789480697947547
4000.0,210.0,0.01778279410038923,2.2717240020127747,0.2683446467002792,4.221211555010801e-06,0.07442583741400546,0.48563965405714477,1.2044572254859183,0.05242192229357656,0.3552893715394415,0.5223658695476517
4000.0,210.0,0.03162277660168379,2.2499728719789105,0.24068894204528815,3.1450137793015743e-06,0.07028022967872752,0.45936930056279596,1.3033647858088102,0.05033064882502978,0.49849201704916585,0.663595898976096
4000.0,210.0,0.05623413251903491,2.228795434133518,0.21666613619531386,2.163160277141349e-06,0.06647702395559693,0.4352636557233717,1.3930261912730928,0.04840672529335126,0.644593553542561,0.7825774370620207
4000.0,210.0,0.1,2.2111236121964626,0.19858221821326882,1.3905902001914912e-06,0.06346945237529163,0.4161973352487667,1.4631648186601056,0.046881466668963895,0.7717972746980877,0.8703300066599314
4000.0,210.0,0.1778279410038923,2.1981811240365734,0.18636727278335263,8.503342132049756e-07,0.06135791927613621,0.40280940785275077,1.51198403389253,0.04580851203110589,0.8681361817831118,0.9289037869051001
4000.0,210.0,0.31622776601683794,2.1895822692802716,0.17869935756093674,5.028624355649229e-07,0.0599960452234237,0.3941736992732039,1.543278153208886,0.045115526838675334,0.9336742856821016,0.965441840879906
4000.0,210.0,0.5623413251903491,2.184233804871443,0.17410144146416306,2.912270372178909e-07,0.05916506232131299,0.3889040410383007,1.5622973754305902,0.04469230598039137,0.9750686491419884,0.9872799482103739
4000.0,210.0,1.0,2.181042615342676,0.17141877336447087,1.6656525375243157e-07,0.05867501889794493,0.3857963098100276,1.57348510599674,0.04444258534896846,1.0,1.0
4000.0,220.0,0.0,2.384114927771593,0.4660658795805982,1.0359633149114447e-05,0.09854347656663291,0.6190682846806659,0.6575835405768317,0.06889542261256937,0.0,0.0
4000.0,220.0,1e-08,2.3841148658975513,0.46606573108643506,1.0359627715346086e-05,0.09854346041431333,0.6190681889488021,0.6575839366503811,0.06889541421195418,3.7060305215129417e-07,7.682849550213554e-07
4000.0,220.0,1.7782794100389228e-08,2.3841148177422826,0.4660656155166051,1.03596234621834e-05,0.09854344761333318,0.6190681129979936,0.6575842433713557,0.06889540751315094,6.590355919799325e-07,1.3662245102694144e-06
4000.0,220.0,3.162277660168379e-08,2.3841147321088623,0.46606541000142077,1.035961775919194e-05,0.0985434425454185,0.6190680891045356,0.6575849068910699,0.06889540797260175,1.1719488388116982e-06,2.429526366401078e-06
4000.0,220.0,5.6234132519034905e-08,2.384114579828929,0.4660650445388244,1.0359606198101334e-05,0.09854342002969747,0.6190679617834582,0.6575859967026234,0.06889539934878285,2.084050640098923e-06,4.320368650677031e-06
4000.0,220.0,1e-07,2.3841143090334733,0.46606439464683236,1.035957865356983e-05,0.09854331354013991,0.6190673179177671,0.6575874912569171,0.06889533755526941,3.7060184938985993e-06,7.68279711846782e-06
4000.0,220.0,1.7782794100389227e-07,2.3841138274859843,0.4660632389655654,1.0359536241134732e-05,0.09854318666048358,0.6190665655088723,0.6575905659565802,0.06889527135706773,6.590317885260603e-06,1.3662079300032277e-05
4000.0,220.0,3.162277660168379e-07,2.3841129711678968,0.4660611838675317,1.0359462648077961e-05,0.09854297841699303,0.619065336724184,0.6575961495590572,0.06889516579152571,1.171936811300515e-05,2.4294739356009763e-05
4000.0,220.0,5.62341325190349e-07,2.3841114484200374,0.46605752941178036,1.0359328512652567e-05,0.09854257701308514,0.6190629562932338,0.6576058710542381,0.06889495632970194,2.0840126061403016e-05,4.320202853332695e-05
4000.0,220.0,1e-06,2.3841087406278296,0.4660510310300762,1.0359089998395115e-05,0.09854186330110942,0.6190587238180075,0.6576231584385686,0.0688945839108478,3.7058982220488446e-05,7.682272840368179e-05
4000.0,220.0,1.778279410038923e-06,2.38410392566633,0.466039475919238,1.035866588207708e-05,0.09854059421767515,0.6190511978682025,0.6576538983698523,0.06889392169870243,6.58993756401771e-05,0.0001366042149472353
4000.0,220.0,3.162277660168379e-06,2.384095364108792,0.4660189303200896,1.0357909916371531e-05,0.09853832005005815,0.61903770533478,0.6577084386028074,0.06889273190191914,0.0001171816549765284,0.0002428949752037188
4000.0,220.0,5.623413251903491e-06,2.3840801417629858,0.4659824027761813,1.035657098178041e-05,0.09853432539264909,0.6190140221973752,0.6578057313508328,0.06889065053830817,0.00020836323428933968,0.0004318545579506404
4000.0,220.0,1e-05,2.3840530800680457,0.4659174727430891,1.0354189421513669e-05,0.09852721085804902,0.6189718374731424,0.6579785929772058,0.06888694120470795,0.00037046959327636093,0.0007677033992159332
4000.0,220.0,1.778279410038923e-05,2.384004981745367,0.46580209161437247,1.0349953727314738e-05,0.0985145357136748,0.6188966706735919,0.6582855818260478,0.06888032709573258,0.0006586136764475488,0.0013643865542856987
4000.0,220.0,3.1622776601683795e-05,2.3839195282434438,0.46559717258360217,1.0342429985063345e-05,0.09849202089824818,0.6187631519815519,0.6588308706580729,0.06886857839398353,0.0011706152905280416,0.002423720330384258
4000.0,220.0,5.623413251903491e-05,2.38376781659332,0.4652335920094628,1.0329073710653845e-05,0.09845202642191361,0.6185259611242327,0.659798338716767,0.06884770176610308,0.002079837328921792,0.004302042506185218
4000.0,220.0,0.0001,2.3834988141258973,0.4645896336505956,1.0305415133669777e-05,0.09838123211223015,0.6181061345872364,0.6615130958617734,0.0688107608578947,0.0036927158070767926,0.007625035832055903
4000.0,220.0,0.00017782794100389227,2.3830229139900005,0.4634526165819473,1.0263604672128972e-05,0.09825608487219269,0.6173639639464328,0.6645427284287176,0.0687454488191244,0.0065483685218504775,0.013480486769963848
4000.0,220.0,0.00031622776601683794,2.382184328708953,0.4614559871628746,1.0190078879562825e-05,0.09803595961348062,0.6160585131840947,0.6698694973676762,0.06863055720042088,0.01158736782211675,0.023726384708939053
4000.0,220.0,0.0005623413251903491,2.3807169625932043,0.4579833877957899,1.0061877419440671e-05,0.097651998517198,0.6137813610993454,0.6791543640342699,0.06843011601465403,0.02042633912195726,0.04143693639212564
4000.0,220.0,0.001,2.3781805188092147,0.4520436817021647,9.841629046496786e-06,0.09699191523611102,0.6098663880458584,0.6950963951590935,0.06808541475262946,0.035770425635079234,0.07141338040485452
4000.0,220.0,0.0017782794100389228,2.3738872598596603,0.4421692593964779,9.472726790914354e-06,0.09588513693997973,0.6033014489207834,0.7217736936603317,0.06750714061838396,0.06193218044278347,0.12038887495979926
4000.0,220.0,0.0031622776601683794,2.3668723009945487,0.42650940675031873,8.880330867701717e-06,0.0941045462222184,0.5927380565276484,0.7645444528025391,0.06657596170750507,0.10519889885486927,0.19596305399129865
4000.0,220.0,0.005623413251903491,2.3560448873117843,0.40345340348225117,7.990710308607696e-06,0.09142307742555937,0.5768263534131989,0.8286183921142625,0.06517172809567681,0.173269531723864,0.30288423654030183
4000.0,220.0,0.01,2.3407175121576893,0.37300438033592875,6.780962000733823e-06,0.08776195669182195,0.5550939343256672,0.9154419834506493,0.06325068579034636,0.2723815361171794,0.43695151963149975
4000.0,220.0,0.01778279410038923,2.3214755230032558,0.3381420963742987,5.340813229687345e-06,0.08338088211082942,0.5290763521994586,1.0183284457210897,0.06094607125408046,0.401544384718757,0.5817582234977372
4000.0,220.0,0.03162277660168379,2.300649537719456,0.30424187459864716,3.875178422395624e-06,0.07889607853813704,0.5024295297693495,1.122489384490259,0.05858022426863953,0.5475564981204389,0.7150079343030364
4000.0,220.0,0.05623413251903491,2.281432267485166,0.27614041892659685,2.6034204312308982e-06,0.07498216409822067,0.4791634590860407,1.2124052878600768,0.056509876429763524,0.6883019338004721,0.8207183799403693
4000.0,220.0,0.1,2.2661406851001122,0.25575247362467524,1.6436376419674875e-06,0.07201393120590222,0.46151173540377377,1.2799627646066833,0.05493613403545834,0.8046040436188929,0.895139791995577
4000.0,220.0,0.1778279410038923,2.2553464370943317,0.2423297761244949,9.92674448038399e-07,0.06999337570445993,0.4494920680066076,1.3256290482416926,0.053862997861487294,0.8890835093499398,0.9432375494231624
4000.0,220.0,0.31622776601683794,2.2483561263330683,0.2340398870293884,5.824293299883201e-07,0.06871682382038105,0.4418966803233272,1.3543423531027778,0.05318421776113989,0.9448716335101137,0.972626219761319
4000.0,220.0,0.5623413251903491,2.244079077684509,0.22911752930205256,3.357046340306595e-07,0.0679478744886415,0.4373208868162305,1.3715853076277258,0.05277504110242086,0.9794316002336981,0.9899715092312431
4000.0,220.0,1.0,2.241552587397704,0.22626195374507513,1.914687451996171e-07,0.06749794374469618,0.4346432823135131,1.3816572213217473,0.052535522393209855,1.0,1.0
4000.0,230.0,0.0,2.428022215485977,0.5734820592969576,1.4075656245749557e-05,0.10891699107311621,0.660327973117535,0.45641751740729924,0.07922545054209156,0.0,0.0
4000.0,230.0,1e-08,2.4280221452212,0.5734818511725606,1.4075647332589584e-05,0.10891697053551636,0.6603278602999401,0.456417995243339,0.07922543922348778,4.5467041823695806e-07,9.657788066885937e-07
4000.0,230.0,1.7782794100389228e-08,2.4280220905356074,0.5734816891938319,1.4075637953458918e-05,0.10891693565378632,0.6603276579255254,0.4564182879414966,0.0792254166683653,8.085307632899925e-07,1.7174232890586934e-06
4000.0,230.0,3.162277660168379e-08,2.428021993289475,0.5734814011508277,1.4075628098114248e-05,0.10891692642330153,0.6603276181501323,0.45641902969455844,0.07922541496465527,1.4377927238911176e-06,3.054054433365777e-06
4000.0,230.0,5.6234132519034905e-08,2.4280218203590156,0.5734808889312625,1.407560377414589e-05,0.10891685740265719,0.6603272284837717,0.45642012828755973,0.07922537366953102,2.5567943986610724e-06,5.430949340789863e-06
4000.0,230.0,1e-07,2.428021512841439,0.5734799780661197,1.4075564759097659e-05,0.10891676747095592,0.6603267344416618,0.45642221935774036,0.07922532409826005,4.546685986378565e-06,9.657704991217337e-06
4000.0,230.0,1.7782794100389227e-07,2.428020965992721,0.5734783583071876,1.4075497878017439e-05,0.10891662687842255,0.660325973094561,0.45642601884014733,0.0792252500078328,8.085250092343085e-06,1.7173970184405598e-05
4000.0,230.0,3.162277660168379e-07,2.4280199935538094,0.5734754779668638,1.4075372191403953e-05,0.10891632459869828,0.6603243023272085,0.45643255624496737,0.07922508023504872,1.4377745280925507e-05,3.053971359585705e-05
4000.0,230.0,5.62341325190349e-07,2.4280182643201798,0.573470356054944,1.407515547130087e-05,0.10891583954104704,0.6603216493991816,0.45644440116686574,0.07922481650318697,2.556736859186427e-05,5.430686645228157e-05
4000.0,230.0,1e-06,2.428015189368661,0.5734612483007138,1.4074765824361415e-05,0.10891494393227551,0.6603167314144966,0.45646532521735134,0.07922432347376084,4.546504034478376e-05,9.65687431313187e-05
4000.0,230.0,1.778279410038923e-06,2.4280097215904752,0.5734450535483886,1.4074070417499381e-05,0.10891333160892484,0.660307866475516,0.45650244816014385,0.07922343239228757,8.084674731816223e-05,0.00017171343564558912
4000.0,230.0,3.162277660168379e-06,2.42799999944326,0.5734162591153533,1.4072843158569356e-05,0.10891053603292769,0.6602925359162528,0.4565687525105964,0.07922189980316763,0.00014375925954338787,0.00030531408702846153
4000.0,230.0,5.623413251903491e-06,2.42798271419559,0.5733650683561329,1.4070647845845474e-05,0.10890546195888334,0.6602646502021599,0.45668619565082114,0.07921909946775653,0.00025561616068468443,0.0005428061086662527
4000.0,230.0,1e-05,2.427951987089831,0.5732740804606388,1.406675420759822e-05,0.10889650893368982,0.6602154843718339,0.45689522957776135,0.07921416999250325,0.00045446853161162394,0.000964857538483012
4000.0,230.0,1.778279410038923e-05,2.4278973801347803,0.5731124162269443,1.4059835582446764e-05,0.10888060042745579,0.6601281224272623,0.4572666656728895,0.07920541091877001,0.0008078925627147568,0.0017145121487840307
4000.0,230.0,3.1622776601683795e-05,2.42780038242361,0.5728253666220228,1.404755136725941e-05,0.10885236660883861,0.6599730856354603,0.4579263539333669,0.07918986870936541,0.0014357757979939307,0.0030448607524299932
4000.0,230.0,5.623413251903491e-05,2.427628236345489,0.5723162821487322,1.402575481626542e-05,0.10880224399932974,0.6596978327161722,0.45909646602400006,0.07916227061888417,0.002550423288652488,0.005401944460028291
4000.0,230.0,0.0001,2.4273231924188177,0.5714152957012132,1.3987157274823583e-05,0.10871346552875413,0.659210280620528,0.461168181233612,0.07911338291243006,0.004526577842380046,0.009566363930283248
4000.0,230.0,0.00017782794100389227,2.426784128274629,0.5698265789785915,1.3919044628371142e-05,0.1085568120978291,0.6583499844798808,0.46482431853788786,0.07902712170402484,0.008021881113065852,0.016887239231263975
4000.0,230.0,0.00031622776601683794,2.4258360964649275,0.5670433121668872,1.3799525954539611e-05,0.10828181814739202,0.6568397057051701,0.47123806217535313,0.07887566839417223,0.014178572346794044,0.029644644775994836
4000.0,230.0,0.0005623413251903491,2.424182889786211,0.5622224064195858,1.3591946138532066e-05,0.1078040046903378,0.6542153673058355,0.48237420312228113,0.07861246055205479,0.024944260070166292,0.05153966030256257
4000.0,230.0,0.001,2.4213421019836496,0.5540345289128477,1.323771866486049e-05,0.10698795314466579,0.6497327409462671,0.5013668577540339,0.07816276031614411,0.04353135076627684,0.08815253259765217
4000.0,230.0,0.0017782794100389228,2.4165818761961457,0.5405830725275318,1.265108469680055e-05,0.10563463140831789,0.6422973414448296,0.5327909682842392,0.07741651951083302,0.07492820303450659,0.14679303866781435
4000.0,230.0,0.0031622776601683794,2.4089315892939664,0.5196540650046657,1.172621435255557e-05,0.10349627685443488,0.6305449824595755,0.5822581734514868,0.07623621046613462,0.12605410032159658,0.23452313513705142
4000.0,230.0,0.005623413251903491,2.397424521893075,0.4897165143850972,1.0375732007922035e-05,0.10036341476884952,0.6133183680574921,0.6543237339473673,0.07450434370993718,0.20453479123981144,0.35324024842830853
4000.0,230.0,0.01,2.381730351665688,0.45171270187798973,8.609843811963335e-06,0.09624786332078158,0.5906729312871853,0.7482552637422254,0.07222449573519639,0.31472268764263833,0.4938080270822301
4000.0,230.0,0.01778279410038923,2.3629546577029523,0.4102231390934139,6.607161139489631e-06,0.09155382730716298,0.5648230989666482,0.8543610080197682,0.06961758543817571,0.45150469405998506,0.6361677987475987
4000.0,230.0,0.03162277660168379,2.343711665144416,0.3718061697835685,4.672180371531308e-06,0.0869907843687503,0.5396725636287819,0.9564413249982887,0.0670765906559125,0.5975444665448048,0.75925631961019
4000.0,230.0,0.05623413251903491,2.326875305078978,0.34129246284370757,3.0713475066994484e-06,0.08319443804277411,0.5187310330580402,1.0405565653414368,0.06495732068163312,0.7303962588745436,0.8519523594166044
4000.0,230.0,0.1,2.314066806375659,0.31985454413513714,1.9081916957382907e-06,0.08042349353620036,0.5034359761910594,1.10147563193578,0.06340741147057408,0.8347625213723883,0.9147549460715403
4000.0,230.0,0.1778279410038923,2.3053225504890342,0.3060415813577777,1.1401810193699943e-06,0.07858794683697966,0.4932994664132136,1.1416052980213391,0.06237926795149951,0.9076987546071974,0.9543147240938991
4000.0,230.0,0.31622776601683794,2.299785979200531,0.29762420009301876,6.64526649538808e-07,0.07744866676802513,0.4870060490277638,1.166419889230384,0.06174052712605044,0.9546019811798858,0.9781013553618075
4000.0,230.0,0.5623413251903491,2.2964460781460696,0.29266576096704966,3.8150112353078305e-07,0.07676986815952551,0.4832556428273231,1.1811709006709468,0.061359739238853614,0.9831706419369054,0.9920058610416457
4000.0,230.0,1.0,2.2944899059447454,0.2898024857681999,2.1708442678028413e-07,0.07637523233253993,0.4810750171199561,1.1897353151662633,0.06113828563999562,1.0,1.0
4000.0,240.0,0.0,2.4641155310562017,0.6797671112782833,1.8918256247039982e-05,0.11814458158534182,0.6877691451667819,0.3015696784385042,0.08955183507166457,0.0,0.0
4000.0,240.0,1e-08,2.464115451703613,0.6797668325076398,1.8918245003181135e-05,0.11814457643071845,0.6877691371934742,0.30157027956127713,0.08955183553752206,5.607092992818346e-07,1.1940233687783021e-06
4000.0,240.0,1.7782794100389228e-08,2.4641153899451913,0.6797666155465156,1.8918233762287814e-05,0.11814455686866895,0.6877690404631019,0.30157070770919153,0.08955182411317938,9.970973745686077e-07,2.1233052151758483e-06
4000.0,240.0,3.162277660168379e-08,2.4641152801216086,0.679766229729707,1.8918213798046467e-05,0.11814452223915349,0.6877688693649827,0.30157146947586155,0.08955180391670768,1.773116379564693e-06,3.775823757990563e-06
4000.0,240.0,5.6234132519034905e-08,2.464115084825067,0.6797655436418333,1.8918178271093113e-05,0.11814446050189116,0.6877685641946264,0.30157282370642546,0.0895517678832272,3.1530920757804817e-06,6.714450078630404e-06
4000.0,240.0,1e-07,2.464114737534774,0.6797643235928763,1.8918111913482958e-05,0.11814433085033235,0.6877679058707743,0.30157518118416965,0.08955168874780318,5.6070652020515325e-06,1.1940106451496167e-05
4000.0,240.0,1.7782794100389227e-07,2.464114119960366,0.679762154027024,1.8918002821840273e-05,0.11814415593678229,0.6877670591076277,0.3015795154286446,0.08955159019929093,9.970885863979351e-06,2.1232649799369422e-05
4000.0,240.0,3.162277660168379e-07,2.4641130217555123,0.6797582960025847,1.891780309597073e-05,0.1181438090899015,0.6877653449042614,0.3015871313986769,0.08955138781432098,1.7730885891618944e-05,3.775696525286821e-05
4000.0,240.0,5.62341325190349e-07,2.4641110688880477,0.6797514355780203,1.891744471377938e-05,0.11814317218151554,0.687762179441915,0.3016006229206301,0.08955101266516549,3.153004196120731e-05,6.714047746389866e-05
4000.0,240.0,1e-06,2.464107596294572,0.6797392365246389,1.891681641827889e-05,0.11814209568973909,0.6877568769514125,0.30162475645226583,0.08955038806529067,5.606787309534154e-05,0.00011938834237754411
4000.0,240.0,1.778279410038923e-06,2.464101421529009,0.6797175454073573,1.8915693480475238e-05,0.11814014561381043,0.6877472392340519,0.3016675768590861,0.08954925020533283,9.970007132107056e-05,0.00021228627113994435
4000.0,240.0,3.162277660168379e-06,2.464090442575215,0.6796789795214763,1.8913696920911307e-05,0.11813667845770147,0.6877301038081238,0.30174371108235964,0.08954722714541823,0.00017728107330384932,0.00037744246696956276
4000.0,240.0,5.623413251903491e-06,2.464070923684595,0.6796104206693638,1.8910147509648915e-05,0.11813051462146469,0.6876996407501291,0.3018790591261105,0.08954363058011935,0.00031521256688699724,0.0006710027074264475
4000.0,240.0,1e-05,2.464036228678,0.6794885736147718,1.8903838948842446e-05,0.11811955927622965,0.6876454969515441,0.30211962022787014,0.08953723818895301,0.0005604009898603451,0.0011926126995393453
4000.0,240.0,1.778279410038923e-05,2.46397457876172,0.6792721157824583,1.889263082600359e-05,0.11810009484037357,0.6875492985804629,0.30254700673014884,0.08952588064179988,0.0009961228324551308,0.002118848393579851
4000.0,240.0,3.1622776601683795e-05,2.4638650979440992,0.6788878883757994,1.887273224352377e-05,0.1180655373063436,0.6873785050105686,0.30330576543610227,0.08950571600964169,0.0017700369539430457,0.0037617530827211264
4000.0,240.0,5.623413251903491e-05,2.463670883283254,0.6782068145305276,1.8837446367935987e-05,0.11800423886620151,0.6870755279774097,0.30465104502576246,0.0894699434549938,0.003143367247964997,0.006670083629806804
4000.0,240.0,0.0001,2.4633270027795127,0.6770025537149924,1.8775029407198714e-05,0.11789583715881063,0.6865397707073864,0.3070310459104426,0.08940668930480895,0.005576386385092527,0.011800526665131218
4000.0,240.0,0.00017782794100389227,2.462720147577108,0.6748825381166019,1.8665033953706537e-05,0.11770472903264051,0.6855951592566283,0.31122434499502777,0.08929515644794736,0.009874283119688257,0.020795247333703377
4000.0,240.0,0.00031622776601683794,2.4616554881347854,0.6711791286075528,1.847256429104343e-05,0.11737024570621667,0.6839417701906494,0.31856076980077974,0.08909992815858513,0.017427691995026945,0.036395647614279575
4000.0,240.0,0.0005623413251903491,2.4598067735952545,0.6647963367450036,1.8139861817370645e-05,0.11679174573582915,0.6810817981020943,0.33123873603799037,0.08876219875451054,0.03058387621844057,0.06295334973682672
4000.0,240.0,0.001,2.456653190331987,0.6540476528433171,1.757671489537275e-05,0.11581160570989382,0.6762350591826465,0.3526866835945338,0.08818976289569401,0.05314425559025601,0.10676163597174075
4000.0,240.0,0.0017782794100389228,2.4514334508678672,0.6366368894813351,1.665663088685145e-05,0.11420763388147123,0.6683003543810525,0.38769778676437094,0.08725236207014685,0.09081607554409042,0.1754000222244628
4000.0,240.0,0.0031622776601683794,2.443210063854498,0.6101461220452504,1.5237047030717376e-05,0.11172670038536049,0.6560198901619816,0.44164166029526686,0.08580095292637553,0.15101307049078197,0.2747219730502299
4000.0,240.0,0.005623413251903491,2.4312104408146,0.573475036340565,1.3229679958089797e-05,0.1082055367820523,0.6385746308551423,0.5177653464955888,0.08373786250741846,0.24075236238131964,0.4030729813387155
4000.0,240.0,0.01,2.4155216176365037,0.5288912666111434,1.0715838991264903e-05,0.10377419238919466,0.6165937292797988,0.612834574075239,0.08113627871916862,0.3615825975101475,0.5467084403444981
4000.0,240.0,0.01778279410038923,2.397708919555044,0.48256656314781177,8.006840221302632e-06,0.09897121575556049,0.5927362837514427,0.7149531640260721,0.07830993979804035,0.5037591643964453,0.6837196262868018
4000.0,240.0,0.03162277660168379,2.3804515004070375,0.4416904963532343,5.521973577818559e-06,0.09453981652676234,0.5706937668184177,0.8083133860197373,0.07569614924044171,0.6467706028483862,0.7958825223705602
4000.0,240.0,0.05623413251903491,2.3661191111148314,0.4104960838256678,3.557498444486031e-06,0.0910184350591433,0.5531564536328023,0.8819055181987293,0.07361487582015867,0.769637211949787,0.8767649848595959
4000.0,240.0,0.1,2.355663630647885,0.38920426184225587,2.178742738244269e-06,0.08853721908777067,0.5407879022184716,0.9334387453517047,0.07214609660165529,0.8616894558127666,0.9299078949063915
4000.0,240.0,0.1778279410038923,2.348737060921695,0.3757419704201171,1.2897435809231147e-06,0.08693296992461433,0.5327857479119894,0.9666137360163453,0.07119541954051727,0.9238246818820839,0.9627221929566628
4000.0,240.0,0.31622776601683794,2.3444369622734356,0.36763250509931505,7.474035205084443e-07,0.08595255419174158,0.5278933063528939,0.9868315885883886,0.07061402281470829,0.9628686688721927,0.9822129560173668
4000.0,240.0,0.5623413251903491,2.341874325717636,0.36288785199691836,4.2762956176835377e-07,0.08537389384435189,0.525005003917691,0.9987453563303417,0.07027073452623558,0.9863097658461603,0.9935240929981484
4000.0,240.0,1.0,2.3403842084172948,0.36015876454166135,2.4285607162057496e-07,0.0850392984307609,0.5233346478130184,1.0056266646640253,0.07007218339494259,1.0,1.0
4000.0,250.0,0.0,2.494651746895654,0.783037426900522,2.530744633677719e-05,0.1262128150179801,0.7024019072453368,0.19144639945272254,0.10004646287540636,0.0,0.0
4000.0,250.0,1e-08,2.4946516566974584,0.7830370627239203,2.5307418728602688e-05,0.12621276402194417,0.7024016620519352,0.19144697611347852,0.1000464273984975,6.968633823153595e-07,1.4525722233112889e-06
4000.0,250.0,1.7782794100389228e-08,2.494651586498166,0.7830367792932826,2.5307404640642096e-05,0.12621276123241265,0.7024016765774467,0.1914474808873763,0.1000464290371721,1.239217141931154e-06,2.583076376226386e-06
4000.0,250.0,3.162277660168379e-08,2.4946514616644127,0.7830362752755092,2.5307372192076126e-05,0.12621271938521442,0.7024014971255765,0.1914483225627701,0.10004640271185705,2.2036722332146794e-06,4.5934223635637155e-06
4000.0,250.0,5.6234132519034905e-08,2.494651239675784,0.7830353789945724,2.5307310308166393e-05,0.12621262411549797,0.7024010619542068,0.19144978765842716,0.1000463393677135,3.918738334324174e-06,8.168359410163612e-06
4000.0,250.0,1e-07,2.4946508449200686,0.7830337851676569,2.5307216037693065e-05,0.12621253337709343,0.7024007259560059,0.19145251233518137,0.10004628909036144,6.968590744924882e-06,1.4525533645928701e-05
4000.0,250.0,1.7782794100389227e-07,2.4946501429407957,0.7830309509329197,2.5307029397031647e-05,0.1262122772471978,0.702399601028697,0.19145721375558278,0.10004612455905174,1.2392035194792279e-05,2.5830167404589236e-05
4000.0,250.0,3.162277660168379e-07,2.4946488946465557,0.7830259109818475,2.530670075950344e-05,0.12621183801922128,0.7023976909761378,0.1914655986494479,0.1000458448501793,2.2036291556897254e-05,4.5932337828499916e-05
4000.0,250.0,5.62341325190349e-07,2.4946466748972695,0.7830169488891079,2.530613209252058e-05,0.12621113538524387,0.7023947308500518,0.19148062775180708,0.1000454096202059,3.918602113762347e-05,8.167763088873341e-05
4000.0,250.0,1e-06,2.4946427277734573,0.78300101288603,2.530509776649383e-05,0.12620977057056973,0.7023888249445025,0.19150717690195548,0.1000445442217997,6.96815999192874e-05,0.00014523648043378542
4000.0,250.0,1.778279410038923e-06,2.494635709350575,0.7829726777039033,2.530327760566362e-05,0.12620743834791281,0.7023788498363919,0.19155452681382876,0.10004308040406108,0.00012390673114305174,0.0002582420534199273
4000.0,250.0,3.162277660168379e-06,2.4946232307396663,0.7829223008475922,2.53000382981036e-05,0.12620327587174476,0.7023610260215795,0.19163868712556265,0.10004046519480886,0.00022031984730511235,0.000459134882699307
4000.0,250.0,5.623413251903491e-06,2.494601046940115,0.7828327515366917,2.5294264187631663e-05,0.12619579780547652,0.70232890383637,0.19178817492312863,0.10003575392752889,0.0003917240428835971,0.0008161804661186593
4000.0,250.0,1e-05,2.494561618984949,0.7826736178475093,2.528401748870613e-05,0.1261825818780721,0.702272228196514,0.19205394973497006,0.10002743973946347,0.0006963855389056595,0.0014504818908291455
4000.0,250.0,1.778279410038923e-05,2.4944915715184646,0.7823909810536644,2.5265820483869922e-05,0.1261591266497452,0.7021716674695448,0.1925260705143873,0.10001268723492389,0.0012377068759911064,0.0025764735743951813
4000.0,250.0,3.1622776601683795e-05,2.494367217271449,0.78188946952331,2.5233513802697905e-05,0.12611744030180294,0.7019928672510257,0.19336386506279216,0.09998645822445482,0.0021989008877069845,0.0045725840102672135
4000.0,250.0,5.623413251903491e-05,2.494146741477764,0.7810010909157772,2.5176281468565046e-05,0.1260436448809864,0.7016764372108022,0.19484852822485899,0.09994003797022366,0.0039036754486171813,0.008102695059142125
4000.0,250.0,0.0001,2.4937567502072833,0.7794321244187997,2.5075118230311666e-05,0.12591310448590615,0.7011165153484802,0.19747189235219015,0.09985790070585912,0.006921100074463574,0.014319178397330191
4000.0,250.0,0.00017782794100389227,2.493069728437703,0.7766757893364757,2.4897217739256535e-05,0.1256835501794159,0.7001319095986884,0.20208527276989943,0.09971346456256111,0.012242650432775611,0.025184765191950113
4000.0,250.0,0.00031622776601683794,2.4918681324214678,0.7718782425792174,2.4586983321420462e-05,0.1252831027405083,0.6984140742957807,0.21012915483333042,0.09946147209584721,0.021568295127617435,0.04393040685549791
4000.0,250.0,0.0005623413251903491,2.4897927799058515,0.7636614236922006,2.4053870016063886e-05,0.12459451997487551,0.6954594323768388,0.22394789294827455,0.0990280643992261,0.03773019849223638,0.07555508363149262
4000.0,250.0,0.001,2.4862848599167373,0.7499704752768955,2.316054237708046e-05,0.12343949352808001,0.6905012937505335,0.2470929777729314,0.09830080742466112,0.06520751738131213,0.12694471351379974
4000.0,250.0,0.0017782794100389228,2.4805663369644337,0.7281759972302121,2.1724968743502033e-05,0.12158016274947779,0.6825143027224165,0.2842579579161968,0.09712938240256445,0.11043316299762093,0.20557272486390368
4000.0,250.0,0.0031622776601683794,2.4717722769067416,0.6958950121259615,1.956654126477317e-05,0.11877719661564673,0.6704611031952225,0.34006948894361927,0.09536181594813882,0.1810439697110245,0.3154443020977171
4000.0,250.0,0.005623413251903491,2.4593908356544087,0.6528826324046115,1.662608199567314e-05,0.11494423960319837,0.653954092957544,0.41597162846843794,0.09294156863383891,0.2826869615094047,0.4509904643508138
4000.0,250.0,0.01,2.443960248414522,0.6030475724145538,1.3116800766225138e-05,0.11034764898227385,0.6341206563748772,0.5063559799086873,0.0900343015226442,0.41311209344820404,0.59468991694601
4000.0,250.0,0.01778279410038923,2.4274031832356395,0.5539081418641923,9.534517279712661e-06,0.10563008210193094,0.6137222327767714,0.5983908187734696,0.08704501033152359,0.5578457956214561,0.72450645150161
4000.0,250.0,0.03162277660168379,2.4122597960873686,0.512597991399237,6.416224476346563e-06,0.10150215982926729,0.5958373088642656,0.6783111268817469,0.08442472540936229,0.694716058055393,0.8258884449431272
4000.0,250.0,0.05623413251903491,2.4003037693821656,0.4822598436833486,4.05622323660765e-06,0.09836448415382605,0.5822200405651503,0.7386739111558498,0.0824301048082765,0.8059101050552031,0.8964282233049354
4000.0,250.0,0.1,2.3919148631734957,0.4621011272963947,2.4520678426262583e-06,0.09622484273886313,0.572922668868,0.7796417545709983,0.08106846201563354,0.885621891581661,0.941655971510885
4000.0,250.0,0.1778279410038923,2.38650489882366,0.44957243527439994,1.4395754778350674e-06,0.09487147600881994,0.5670370752731347,0.805473158436566,0.08020657812964335,0.9377819171570824,0.9691527409791795
4000.0,250.0,0.31622776601683794,2.383203635244248,0.44210344389918754,8.300630794363503e-07,0.09405565698509896,0.5634873650544924,0.8210134654092428,0.07968679362001566,0.9699051096135969,0.9853325063047578
4000.0,250.0,0.5623413251903491,2.38125671815706,0.4377600646318415,4.735299104675995e-07,0.09357803893527,0.561408527037827,0.8301000591481293,0.07938240145511422,0.9889550400268912,0.9946706226635391
4000.0,250.0,1.0,2.380131572358436,0.43527052971254915,2.684687110409133e-07,0.09330324515812563,0.5602123343934262,0.8353254252984731,0.0792072526592498,1.0,1.0
4000.0,260.0,0.0,2.520171120515206,0.8802975172759744,3.384707658339743e-05,0.13317926795971824,0.7063069588613753,0.11936252450456095,0.11091885597157972,0.0,0.0
4000.0,260.0,1e-08,2.5201710172465157,0.8802970495069724,3.384703268178352e-05,0.1331792103090738,0.7063067167015052,0.11936315582963039,0.1109188129267462,8.74178120343713e-07,1.745478727483253e-06
4000.0,260.0,1.7782794100389228e-08,2.5201709368747487,0.8802966854527879,3.384700817326766e-05,0.13317920344703066,0.7063067297969657,0.11936368123934263,0.11091881107949464,1.55453190657905e-06,3.1039446892855075e-06
4000.0,260.0,3.162277660168379e-08,2.5201707939516007,0.880296038064464,3.384695493388258e-05,0.13317915324861976,0.7063065515761453,0.11936458150820653,0.11091877614961732,2.76438877545322e-06,5.519667673186709e-06
4000.0,260.0,5.6234132519034905e-08,2.5201705397952705,0.8802948868326108,3.3846854829792585e-05,0.13317904261649022,0.7063061213394561,0.11936616328105547,0.11091869624028286,4.915845185438426e-06,9.815469449333463e-06
4000.0,260.0,1e-07,2.5201700878372937,0.880292839638025,3.3846686476285993e-05,0.1331788838855517,0.706305557807336,0.11936901015369922,0.11091858579068538,8.741713213860807e-06,1.7454514647379975e-05
4000.0,260.0,1.7782794100389227e-07,2.520169284139217,0.8802891992087847,3.384638708393247e-05,0.13317860155493058,0.7063045553506098,0.11937407255908292,0.11091838932771794,1.5545104065462795e-05,3.103858478196104e-05
4000.0,260.0,3.162277660168379e-07,2.520167854969466,0.8802827256815501,3.384585470572274e-05,0.13317809955161594,0.7063027729959357,0.11938307475130977,0.11091804000946254,2.7643207872743537e-05,5.5193950569872156e-05
4000.0,260.0,5.62341325190349e-07,2.520165313601206,0.8802712144887836,3.3844908036323064e-05,0.13317720691380255,0.7062996037441841,0.11939908248755356,0.11091741887224672,4.915630192968976e-05,9.814607401716404e-05
4000.0,260.0,1e-06,2.520160794638338,0.880250746102648,3.384323014375955e-05,0.13317564100315935,0.7062940814660625,0.1194275656273303,0.11091633216361997,8.741033376260148e-05,0.00017451788841181794
4000.0,260.0,1.778279410038923e-06,2.5201527596082416,0.8802143530657904,3.384023171753463e-05,0.13317279743334937,0.7062839480251889,0.11947815640660356,0.11091435054736162,0.0001554295438923352,0.00031029966306223803
4000.0,260.0,3.162277660168379e-06,2.520138474078361,0.8801496533785895,3.38349052009869e-05,0.13316775858911997,0.7062660202666804,0.11956811368698458,0.11091084135024407,0.00027636410893737716,0.0005516670375356663
4000.0,260.0,5.623413251903491e-06,2.5201130798932305,0.8800346539366156,3.382545778855165e-05,0.13315888266098594,0.7062345812641385,0.11972808542560531,0.11090467089799168,0.0004913481302109135,0.0009805995246303391
4000.0,260.0,1e-05,2.5200679518863125,0.879830325536424,3.380865131699911e-05,0.1331430347813318,0.7061783129241623,0.12001227058295437,0.11089364312002938,0.0008734240811494428,0.0017424577530873856
4000.0,260.0,1.778279410038923e-05,2.5199877962551986,0.8794675178321553,3.377880574705731e-05,0.1331148909545627,0.7060783861874133,0.12051693353948124,0.110874059082261,0.0015521490281588596,0.003094404405982784
4000.0,260.0,3.1622776601683795e-05,2.5198455554622226,0.8788240632719851,3.372585590811632e-05,0.13306494208495687,0.705900997216648,0.12141214593743038,0.11083929861626007,0.0027568624491107413,0.005489570788296758
4000.0,260.0,5.623413251903491e-05,2.519593550719324,0.87768522662322,3.363211816063424e-05,0.1329765559104408,0.705587191265984,0.12299721724565728,0.1107777958336499,0.004892095277500676,0.00972069773395143
4000.0,260.0,0.0001,2.519148362109645,0.8756769813546249,3.346667697351041e-05,0.13282046871797673,0.7050328096220566,0.1257941448024552,0.11066916742987477,0.008666891313976719,0.01715705992235377
4000.0,260.0,0.00017782794100389227,2.5183658787599654,0.8721583491391843,3.317647711087156e-05,0.13254672211876062,0.7040606366927052,0.13070053703690251,0.11047866250732542,0.015310065296768297,0.030110287579737688
4000.0,260.0,0.00031622776601683794,2.5170027409761877,0.866062475555576,3.267258664183649e-05,0.13207115956402365,0.7023711875164361,0.13921813899358584,0.1101476670468863,0.026908611870266757,0.05232532639970695
4000.0,260.0,0.0005623413251903491,2.514664483032117,0.8557053308139405,3.181320109469228e-05,0.13125962871886368,0.6994871453833139,0.15374178270723668,0.10958275232954241,0.04688047099691239,0.08942807087610176
4000.0,260.0,0.001,2.5107578852036236,0.8386784146909347,3.039120853488763e-05,0.12991531103878612,0.6947061971165396,0.17776319935870036,0.10864668796926602,0.08046433014261403,0.14873541563206727
4000.0,260.0,0.0017782794100389228,2.504509643933546,0.8121527223387716,2.8152400623730937e-05,0.12779516751741357,0.6871577490493609,0.2155581203752371,0.10716975479680425,0.13474627544145176,0.23719345834965647
4000.0,260.0,0.0031622776601683794,2.495180925419129,0.7741220394403376,2.488963708252651e-05,0.12469729680857748,0.6761097851446346,0.27058421986325515,0.10501027453104088,0.21710873269911274,0.35638372736470597
4000.0,260.0,0.005623413251903491,2.482590940779362,0.725654740259055,2.063355850368716e-05,0.12064177914351741,0.6616132840740903,0.34226319109944686,0.10218063214095427,0.3308203124636123,0.4967559472276047
4000.0,260.0,0.01,2.46772853168289,0.6724256042118222,1.5819124155316323e-05,0.11603405678825184,0.6450969256993764,0.4232080304452005,0.0989621070813666,0.4689350829702594,0.6380893429230756
4000.0,260.0,0.01778279410038923,2.45271931534501,0.6227569566646669,1.1177878521857382e-05,0.11157137130267882,0.6290533968262544,0.5010995538090829,0.09584121360957262,0.6128051149848622,0.7596240852760493
4000.0,260.0,0.03162277660168379,2.439770757814561,0.5829779037204257,7.344321159175207e-06,0.10786952433568607,0.6157094445470049,0.5653283197964375,0.09324961027744533,0.7405743451696414,0.8507450676512446
4000.0,260.0,0.05623413251903491,2.430033923312632,0.5548217363460757,4.561623961757345e-06,0.10517329996207213,0.6059698736213505,0.6118882216196403,0.09136042014966696,0.8389377705605817,0.9122839646907717
4000.0,260.0,0.1,2.423442993474808,0.5365757915093983,2.725235148443757e-06,0.1033896471596884,0.5995170697409481,0.6425849778719253,0.09010989124099816,0.9066563246096213,0.9509665516042218
4000.0,260.0,0.1778279410038923,2.4192934080083326,0.5254132081901306,1.5882086212015343e-06,0.10228354142884932,0.5955115841692118,0.6615794886511673,0.08933409147246921,0.9497680583589573,0.9741956117058158
4000.0,260.0,0.31622776601683794,2.416799022752122,0.5188212141115961,9.117431133015599e-07,0.10162482486858852,0.593124760541176,0.6728757116319396,0.08887196822141664,0.975862093417718,0.9877637252387557
4000.0,260.0,0.5623413251903491,2.4153411487316214,0.5150088922269506,5.187945785554104e-07,0.10124197285047727,0.5917370402712677,0.6794360570414923,0.08860334074558751,0.991175586914841,0.99556096990799
4000.0,260.0,1.0,2.41450304153439,0.5128306474537138,2.9369915036919575e-07,0.10102258035605627,0.5909416301550326,0.683193513700324,0.08844939029304057,1.0,1.0
4000.0,270.0,0.0,2.5451427878094197,0.9842607147393366,4.563924274555375e-05,0.13989524359620292,0.701096077529465,0.07544869527330389,0.12292923696591278,0.0,0.0
4000.0,270.0,1e-08,2.545142664048571,0.984260092351143,4.5639185168099076e-05,0.13989522062768872,0.7010960677931326,0.07544938951906847,0.1229292206978427,1.107394284225439e-06,2.099106624503755e-06
4000.0,270.0,1.7782794100389228e-08,2.5451425677282447,0.9842596079605608,4.563913481401926e-05,0.13989518576165955,0.7010959750680715,0.0754499206717137,0.12292919310712448,1.969254772532985e-06,3.732792020652356e-06
4000.0,270.0,3.162277660168379e-08,2.5451423964442563,0.9842587465816293,4.5639038170170625e-05,0.13989510199549463,0.7010957011013753,0.07545085346802324,0.12292912491801415,3.5018798964944155e-06,6.637927999941277e-06
4000.0,270.0,5.6234132519034905e-08,2.545142091854904,0.9842572148183081,4.5638886050748254e-05,0.13989501354289496,0.7010955171466211,0.07545254486481165,0.1229290568276395,6.227304097477088e-06,1.1804029996588356e-05
4000.0,270.0,1e-07,2.5451415502144386,0.984254490943893,4.5638602939918986e-05,0.13989481762080808,0.7010949964285725,0.07545553177699321,0.12292890179985642,1.1073833470999297e-05,2.099067157927415e-05
4000.0,270.0,1.7782794100389227e-07,2.5451405870406716,0.9842496472250627,4.5638099457334715e-05,0.13989446909660827,0.7010940698309303,0.07546084318192313,0.12292862601118137,1.9692201866302476e-05,3.7326672186117255e-05
4000.0,270.0,3.162277660168379e-07,2.5451388742938286,0.9842410340271824,4.5637204156119294e-05,0.13989384935462926,0.7010924221942371,0.07547028806116932,0.12292813560781628,3.5017705280939906e-05,6.637533353787409e-05
4000.0,270.0,5.62341325190349e-07,2.5451358286943857,0.9842257182641143,4.563560502943997e-05,0.1398927255213856,0.7010893830474149,0.07548707100645742,0.12292724440831795,6.226958254502122e-05,0.00011802782086446962
4000.0,270.0,1e-06,2.545130413219848,0.9841984854333514,4.5632781373990216e-05,0.1398907878076594,0.7010842827335739,0.07551694557071698,0.12292571299520803,0.00011072739877258612,0.00020986725737725373
4000.0,270.0,1.778279410038923e-06,2.545120784422806,0.9841500669417581,4.562774833897148e-05,0.13988730382144207,0.7010750201448165,0.07557004081093313,0.12292295610398332,0.0001968874394408456,0.00037314196570410014
4000.0,270.0,3.162277660168379e-06,2.5451036662513338,0.9840639940708247,4.5618793811413035e-05,0.1398810883648773,0.7010584441934592,0.07566441823554819,0.12291803587949444,0.00035006772197018174,0.0006633589471643257
4000.0,270.0,5.623413251903491e-06,2.545073239645049,0.9839110232631743,4.560289150246377e-05,0.13987008041239476,0.7010291782609167,0.07583217724914412,0.12290932524617225,0.0006223501936341532,0.0011790317481765358
4000.0,270.0,1e-05,2.545019177767065,0.983639285222304,4.557463998505441e-05,0.1398505237160007,0.7009771834835662,0.07613021067466669,0.12289384992292343,0.0011061815807865856,0.0020947348760783483
4000.0,270.0,1.778279410038923e-05,2.5449231830993275,0.9831569639782949,4.552448693171962e-05,0.13981580520304587,0.7008848760233366,0.07665928561500565,0.12286637687894746,0.0019654231397500453,0.00371898975523402
4000.0,270.0,3.1622776601683795e-05,2.544752926815559,0.9823021123807635,4.5435571960761266e-05,0.1397542513864994,0.7007212134520977,0.0775972561258442,0.12281766857742209,0.0034897815672206454,0.0065944068984914285
4000.0,270.0,5.623413251903491e-05,2.5444515756218142,0.980790898079294,4.527831530245603e-05,0.13964539570614842,0.7004318111408876,0.07925621711163437,0.12273153079870626,0.006189148619844023,0.011667104292099611
4000.0,270.0,0.0001,2.5439201098317463,0.9781314925299107,4.5001312638235496e-05,0.1394535800944394,0.6999216406281439,0.08217806611341218,0.12257973873750411,0.010953749045698158,0.020561556360008046
4000.0,270.0,0.00017782794100389227,2.542988749853665,0.9734888143884305,4.45169899661702e-05,0.139118160797919,0.6990294035750054,0.08728653376900244,0.12231430217485163,0.019315645993551976,0.03599098545906108
4000.0,270.0,0.00031622776601683794,2.541374632057159,0.9654960012371887,4.368091575112662e-05,0.13853893119688143,0.6974879968383931,0.09610410786953578,0.12185590153027125,0.033844427714233384,0.062266196244000815
4000.0,270.0,0.0005623413251903491,2.538630356370143,0.9520607208865727,4.2268972678282064e-05,0.1375601253515691,0.6948813937705584,0.11099185787232795,0.12108120787929971,0.05865383361843516,0.1056320970804817
4000.0,270.0,0.001,2.5341131848153817,0.9303618234975055,3.99707562306665e-05,0.13596525703862294,0.6906291260224995,0.13521603501755572,0.11981873229361563,0.09978877471991852,0.17363650710742884
4000.0,270.0,0.0017782794100389228,2.5270593399594445,0.8974893274265694,3.644547384970565e-05,0.1335148761574434,0.6840838115451788,0.1723535475932985,0.11787859666997683,0.16477116675099804,0.2721691288806269
4000.0,270.0,0.0031622776601683794,2.516901443700357,0.8522432000397571,3.1501981509254266e-05,0.1300704577338109,0.6748582894122334,0.22438890473000606,0.11515048438313508,0.2599719410321305,0.3997249378600918
4000.0,270.0,0.005623413251903491,2.5038565864021196,0.7975832214341747,2.537693296548002e-05,0.12578922447160654,0.6633505114331922,0.2887916526001399,0.11175806167108818,0.38509064283005084,0.542771942294346
4000.0,270.0,0.01,2.4893606458454456,0.7411092587709167,1.8854037651740754e-05,0.12121300576650727,0.6509989499823946,0.3572907073129718,0.1081300041655451,0.5279860187323591,0.6795194485181205
4000.0,270.0,0.01778279410038923,2.4756263495506547,0.6914639851519828,1.2937660180214502e-05,0.1170467848356285,0.6397074838664706,0.41934075232520185,0.10482526734806648,0.6672115018585937,0.7916834793115366
4000.0,270.0,0.03162277660168379,2.4644453657030008,0.6536392314016385,8.303080741624727e-06,0.11377254271143106,0.6308016965443504,0.4678927688229626,0.10222688602110763,0.7833738496725254,0.8726883010828282
4000.0,270.0,0.05623413251903491,2.4564150767533834,0.627827368051474,5.0717980515677654e-06,0.1114840554236415,0.6245602983073959,0.5017147584297724,0.10041015764411963,0.8683933060853443,0.9259671545426661
4000.0,270.0,0.1,2.4511528852947655,0.6115010200251272,2.9973634799538515e-06,0.1100123778866334,0.620539151200866,0.523415091099047,0.09924158194539436,0.92483686464542,0.9588874206934647
4000.0,270.0,0.1778279410038923,2.4479089637092146,0.6016617358804528,1.7352318176382832e-06,0.10911599672197314,0.6180870119158055,0.536613011102754,0.09852970848662754,0.959922897924248,0.9784490935245538
4000.0,270.0,0.31622776601683794,2.44598404712867,0.595902902195649,9.922386691807712e-07,0.10858795124993585,0.6166414167175309,0.5443805127825828,0.09811031397063454,0.9808481606898132,0.9898041061350409
4000.0,270.0,0.5623413251903491,2.444867586972638,0.5925896553755775,5.633150951996205e-07,0.1082829840835214,0.6158061403276365,0.5488639510536015,0.09786808262026661,0.9930210315738507,0.9963060339889509
4000.0,270.0,1.0,2.4442285930953904,0.5907021833543955,3.184888476221302e-07,0.10810891346534982,0.6153293840024391,0.5514230745198468,0.09772982090128261,1.0,1.0
4000.0,280.0,0.0,2.569244422987108,1.0956244812405964,6.233760136163323e-05,0.14653718923578474,0.6885511442725207,0.050569550804864485,0.1368056497691286,0.0,0.0
4000.0,280.0,1e-08,2.56924426817675,1.095623621228936,6.233749842770447e-05,0.14653715401371473,0.6885511518169048,0.05057026717375258,0.13680561705989405,1.4208710442896611e-06,2.5547540157017666e-06
4000.0,280.0,1.7782794100389228e-08,2.56924414769139,1.0956229519019143,6.233740153504387e-05,0.14653708715267078,0.6885509723271808,0.050570811093357225,0.13680555477430936,2.526702947929846e-06,4.543057466176585e-06
4000.0,280.0,3.162277660168379e-08,2.5692439334354473,1.0956217616565274,6.23372554756158e-05,0.14653702994311124,0.6885509430042703,0.05057179961937319,0.1368055016044881,4.49317505403077e-06,8.078797097782384e-06
4000.0,280.0,5.6234132519034905e-08,2.5692435524308266,1.0956196450836866,6.233697899381086e-05,0.1465368888369021,0.6885507058569149,0.05057354389502909,0.13680537029673032,7.990092940008994e-06,1.4366268561642893e-05
4000.0,280.0,1e-07,2.5692428749053584,1.0956158812764754,6.23364873084802e-05,0.146536637844409,0.6885502838221355,0.0505766456423669,0.1368051367330103,1.4208530025262454e-05,2.5546955060563494e-05
4000.0,280.0,1.7782794100389227e-07,2.5692416700986356,1.0956091883358858,6.23356034952653e-05,0.1465361692377675,0.6885494286450512,0.05058215360362521,0.13680470059864186,2.5266458955535514e-05,4.54287244646271e-05
4000.0,280.0,3.162277660168379e-07,2.5692395276878823,1.0955972869242785,6.233406073152283e-05,0.14653540375715293,0.6885482265438281,0.050591971320185745,0.13680398835792285,4.492994642450749e-05,8.078212036739715e-05
4000.0,280.0,5.62341325190349e-07,2.569235718111377,1.095576124491682,6.233129339059938e-05,0.14653398603921133,0.6885458231885672,0.05060940922395431,0.13680266906590066,7.989522450289374e-05,0.0001436441856362106
4000.0,280.0,1e-06,2.5692289443422482,1.095538496840624,6.232635870188914e-05,0.14653143188972817,0.6885413931136645,0.05064040333505357,0.13680029213917033,0.00014206726100886267,0.0002554110556968789
4000.0,280.0,1.778279410038923e-06,2.5692169009716395,1.0954716003825087,6.231761896525026e-05,0.1465269698743242,0.6885338880507985,0.05069553472798477,0.13679613996117168,0.00025260755134638724,0.0004541023077845178
4000.0,280.0,3.162277660168379e-06,2.5691954917120796,1.0953526904194109,6.230208323373241e-05,0.1465190380404136,0.6885205461433046,0.05079353548956673,0.1367887589043696,0.00044911913231652915,0.0008072366083610158
4000.0,280.0,5.623413251903491e-06,2.569157442876692,1.095141395245768,6.227448483946004e-05,0.14650496478673475,0.6884969403092522,0.05096769522721402,0.13677566294732216,0.0007983822030499679,0.0014345944755126947
4000.0,280.0,1e-05,2.5690898534552193,1.0947661584368087,6.222544125833107e-05,0.14647990752670362,0.6884547234274695,0.05127699739051777,0.13675234556454474,0.0014188712018197332,0.002548275765384892
4000.0,280.0,1.778279410038923e-05,2.5689698878659164,1.094100475121654,6.2138446081203e-05,0.14643551078199155,0.6883801182259419,0.05182584418474513,0.13671103175052263,0.0025203858244738525,0.0045226118709228375
4000.0,280.0,3.1622776601683795e-05,2.56875727136125,1.092921715047956,6.198432480683318e-05,0.1463568221261828,0.6882477529947857,0.05279804939724758,0.13663780713599047,0.004473237428347002,0.008014368567826426
4000.0,280.0,5.623413251903491e-05,2.568381427220571,1.0908412550578839,6.171212035029191e-05,0.14621781837229378,0.6880138285650176,0.05451502837890054,0.13650845552667631,0.007927262052399894,0.014163786955554732
4000.0,280.0,0.0001,2.567720088157158,1.0871904996097421,6.123394515997176e-05,0.14597367171456763,0.6876031092483406,0.05753135206050389,0.1362812620748452,0.014011052328406303,0.024913613372931975
4000.0,280.0,0.00017782794100389227,2.566565737393173,1.0808487692305646,6.0401577178563244e-05,0.14554849996490618,0.6868871589212606,0.06278121819652699,0.13588561296116944,0.024648675717142233,0.04346391000210488
4000.0,280.0,0.00031622776601683794,2.564578923272366,1.0700241245711164,5.897588347682446e-05,0.14482008014050007,0.685659878665262,0.0717725851536077,0.1352077717081027,0.043012899391536186,0.0747715736158948
4000.0,280.0,0.0005623413251903491,2.5612404752723914,1.0520902548494624,5.6599804621760324e-05,0.14360536354364312,0.6836104754088279,0.086754911730394,0.13407739739798447,0.0740282218037017,0.1256796779068113
4000.0,280.0,0.001,2.5558508899840713,1.0237997922827704,5.281494376575915e-05,0.1416685552588372,0.6803355487405987,0.11061300234685185,0.1322750616300085,0.12451922327608685,0.2036515972934899
4000.0,280.0,0.0017782794100389228,2.547687403487508,0.9824612026779869,4.720019512308414e-05,0.13879109559576758,0.6754537374018362,0.14598944711316,0.12959736745557396,0.2019924962087829,0.3127700988296894
4000.0,280.0,0.0031622776601683794,2.5364422173549652,0.9283754288246483,3.96929638946933e-05,0.1349356832898334,0.668881706583268,0.19325842725825768,0.12600958309193416,0.3106989336963391,0.4476508545512898
4000.0,280.0,0.005623413251903491,2.5228182412191393,0.8670367879393414,3.093832187647972e-05,0.13042769056258857,0.6611514486264004,0.2483354062116718,0.12181447193286284,0.44553312117448396,0.5909638957984142
4000.0,280.0,0.01,2.5086594975015366,0.8078300061094049,2.2219793417012258e-05,0.12592504899103707,0.6533797585599252,0.3031339465379427,0.11762428971729061,0.5893603769689351,0.7207145601884225
4000.0,280.0,0.01778279410038923,2.4961070552605604,0.758941421274024,1.4800688258143124e-05,0.12208265101627908,0.6467063805033454,0.3497232976134418,0.11404849225529361,0.7200804269284465,0.8222326292298693
4000.0,280.0,0.03162277660168379,2.486453782115342,0.7235012106196799,9.286099776893318e-06,0.11921991406118612,0.6417090015449838,0.3843270401002584,0.1113843575694699,0.8226925936450085,0.8929643410841002
4000.0,280.0,0.05623413251903491,2.4798116647958897,0.7001496993724586,5.585233310833785e-06,0.11729547417789728,0.6383372811645254,0.40753722681207505,0.10959341328858788,0.8943615305433379,0.9383572127787895
4000.0,280.0,0.1,2.475584212996253,0.6857102409954895,3.26863891671369e-06,0.11608943326671695,0.6362188664366748,0.4220603873743437,0.10847102829676826,0.9404317920277611,0.9659704538752842
4000.0,280.0,0.1778279410038923,2.473025798385922,0.6771275437332474,1.8811366922150005e-06,0.1153665663994825,0.6349471828043959,0.4307568843034946,0.10779830045190696,0.9684861930315972,0.9822244415117616
4000.0,280.0,0.31622776601683794,2.471524458976867,0.6721449360808702,1.0719564489935943e-06,0.11494483891445838,0.634204676328727,0.435828003504093,0.10740582395854202,0.9850101634829416,0.9916073137658146
4000.0,280.0,0.5623413251903491,2.470659335262405,0.6692917373336256,6.073624999500742e-07,0.11470262721275448,0.6337779468422821,0.43873931498846847,0.10718041175993884,0.9945523660311874,0.9969628633916697
4000.0,280.0,1.0,2.4701660465618054,0.6676707048265529,3.4300314657915345e-07,0.11456478656697637,0.6335350255560714,0.4403958100823764,0.10705213149691305,1.0,1.0
4000.0,290.0,0.0,2.5940040689913544,1.2228109416600084,8.672749422956123e-05,0.15355005671564265,0.6698628001429611,0.03640285160955277,0.15337184467686918,0.0,0.0
4000.0,290.0,1e-08,2.594003864515656,1.2228096844836036,8.672727822318695e-05,0.15354995696145218,0.6698626496459764,0.036403583048878724,0.15337173599431522,1.8509817725853043e-06,3.1855528836554387e-06
4000.0,290.0,1.7782794100389228e-08,2.594003705377034,1.2228087060535793,8.672713263443476e-05,0.1535499192034593,0.6698627064871637,0.03640416176501292,0.15337169124130426,3.2915580584072603e-06,5.664789102252708e-06
4000.0,290.0,3.162277660168379e-08,2.594003422385311,1.2228069661412817,8.672683853707041e-05,0.15354978973601036,0.6698625356792922,0.036405176102897216,0.15337154940716163,5.853295008533162e-06,1.0073533550084514e-05
4000.0,290.0,5.6234132519034905e-08,2.5940029191508978,1.2228038721217156,8.672635080980172e-05,0.1535496219282716,0.6698625042435524,0.0364069946618696,0.15337135953572803,1.040874683369436e-05,1.7913417297703617e-05
4000.0,290.0,1e-07,2.594002024271877,1.2227983701872969,8.672546096864209e-05,0.1535492836174842,0.6698622742502974,0.03641021905455366,0.15337098203647878,1.85095110447979e-05,3.1854618432316496e-05
4000.0,290.0,1.7782794100389227e-07,2.5940004329661615,1.2227885865169368,8.672387843991371e-05,0.1535486816913311,0.6698618638204733,0.03641595268344236,0.1533703104246632,3.2914610788707647e-05,5.664501214980747e-05
4000.0,290.0,3.162277660168379e-07,2.5939976033039507,1.222771189386028,8.672107729167728e-05,0.15354763417095066,0.6698612335445794,0.03642615357393031,0.15336913896346058,5.8529883409061806e-05,0.00010072623214603541
4000.0,290.0,5.62341325190349e-07,2.5939925717659316,1.222740255489095,8.671604828054186e-05,0.15354568614779612,0.6698597402438848,0.036444271708385975,0.1533669706580775,0.00010407777113836968,0.0001791053881159244
4000.0,290.0,1e-06,2.5939836255250266,1.22268525606037,8.67071776520083e-05,0.15354234815855047,0.669857633041797,0.036476515457527565,0.15336324086209446,0.00018506444793092906,0.00031845517251164563
4000.0,290.0,1.778279410038923e-06,2.5939677205275666,1.222587482318493,8.669134937306242e-05,0.15353631070515678,0.6698534363951533,0.03653381298864692,0.153356506985757,0.0003290491597718294,0.0005661623950806128
4000.0,290.0,3.162277660168379e-06,2.593939449383055,1.2224137100191153,8.666322662561071e-05,0.1535255977340451,0.6698460553133196,0.03663565661207094,0.15334455618689183,0.0005849923431083575,0.001006352890089851
4000.0,290.0,5.623413251903491e-06,2.593889214516782,1.2221049998531404,8.661328438408092e-05,0.15350660467235894,0.6698331179472085,0.03681660959549501,0.15332336385608084,0.0010398089843734726,0.0017881804748317155
4000.0,290.0,1e-05,2.5938000064149564,1.2215569910944128,8.65246018391901e-05,0.1534728600745094,0.6698100452844103,0.03713787416633181,0.15328571462728643,0.001847583805809615,0.0031754790657521677
4000.0,290.0,1.778279410038923e-05,2.5936417589504295,1.220585516090046,8.636740680006135e-05,0.15341312884948619,0.6697695936481154,0.03770757612765653,0.15321905945976005,0.0032808281050137117,0.005633011261211778
4000.0,290.0,3.1622776601683795e-05,2.5933615758619952,1.2188675050389264,8.608919449057761e-05,0.1533072983889178,0.6696973831963371,0.038715531421972135,0.1531009784394441,0.005819449956178107,0.009973480894482387
4000.0,290.0,5.623413251903491e-05,2.592867170143218,1.2158422286231427,8.559887130333794e-05,0.1531208011764218,0.6695702214816822,0.04049201389264063,0.15289289012799856,0.010302199826800341,0.017599454867559972
4000.0,290.0,0.0001,2.5919999165945535,1.210554838302898,8.474056236586437e-05,0.15279428697960132,0.6693473487717535,0.04360159012187262,0.15252858249965515,0.01817524817675181,0.030875169535952016
4000.0,290.0,0.00017782794100389227,2.5904943639886264,1.2014341537673832,8.325597019425008e-05,0.15222944610421463,0.6689614296854511,0.04897990540152551,0.15189837402700765,0.03187225878388902,0.053620254602739205
4000.0,290.0,0.00031622776601683794,2.5879272548134917,1.1860514238894648,8.07403671321793e-05,0.1512720395131441,0.6683058978779125,0.058092454024108446,0.15083021362287286,0.05531312326089212,0.09154353443529473
4000.0,290.0,0.0005623413251903491,2.5836812367459046,1.161068639716749,7.662273525317348e-05,0.14970402742984737,0.6672281006549254,0.07300561075153689,0.1490809452422102,0.09432358332957633,0.15199488129649683
4000.0,290.0,0.001,2.576999313707795,1.1228874677957783,7.025041605055132e-05,0.1472753015603381,0.6655487566365423,0.09607858615911868,0.1463717830136294,0.15632020073026207,0.24177813120251657
4000.0,290.0,0.0017782794100389228,2.5672647901587045,1.0696541599538276,6.119725410997325e-05,0.1438202142675423,0.6631382459636522,0.12884503286693114,0.14251843172289375,0.2479751311573416,0.3620379131086391
4000.0,290.0,0.0031622776601683794,2.5545646272735762,1.0042462712374955,4.978433811877485e-05,0.1394566532712324,0.6600570726224368,0.17012928791146673,0.13765305862670868,0.369955614819022,0.502625921129757
4000.0,290.0,0.005623413251903491,2.5401810561527807,0.9353375847915277,3.738257869052653e-05,0.13470470727448083,0.6566535504251462,0.21496051452724185,0.13235616427794814,0.511425770085876,0.6430489176228771
4000.0,290.0,0.01,2.5262811269241787,0.873585225138917,2.5904214527205104e-05,0.13029644865012782,0.6534490643048069,0.25642429918670673,0.12744386817585657,0.6515293332417282,0.7629062236398437
4000.0,290.0,0.01778279410038923,2.5147630540207095,0.8257639483117225,1.6754371268993202e-05,0.12677513847241587,0.6508553482592856,0.28945538438432195,0.12352101308298212,0.7701763268752709,0.8522323534259038
4000.0,290.0,0.03162277660168379,2.506375348042064,0.7927341108692043,1.0290273416337144e-05,0.1242833968673137,0.6490012784112452,0.3127791394819703,0.12074572558129577,0.8580447208275365,0.912300654141699
4000.0,290.0,0.05623413251903491,2.500825486279489,0.7716726182452783,6.102948870284645e-06,0.12266736397245125,0.6477898922865503,0.32788223451002685,0.11894608076072052,0.9168680155483946,0.9499527660277198
4000.0,290.0,0.1,2.497382815723428,0.7589152726391626,3.5407557691153837e-06,0.121677806874623,0.6470447962437021,0.3371216178864246,0.11784419669557632,0.9536317943499103,0.9725238073541682
4000.0,290.0,0.1778279410038923,2.495332166707335,0.751425889635937,2.0272546941181965e-06,0.12109299870838997,0.6466032060415708,0.3425785810485313,0.11719304539561116,0.9756305809198198,0.985693986772921
4000.0,290.0,0.31622776601683794,2.4941401046483618,0.7471093910697635,1.151764652428626e-06,0.12075463034118211,0.6463473154876043,0.3457349363165537,0.11681630339399707,0.9884531214753367,0.9932580217952228
4000.0,290.0,0.5623413251903491,2.493456953569453,0.744647900577782,6.514622172979579e-07,0.12056120962884555,0.6462007705807884,0.34753847798969656,0.11660095585436424,0.9958129286667667,0.9975628088521472
4000.0,290.0,1.0,2.4930686462341622,0.743252727396814,3.675495737861374e-07,0.12045145419470234,0.6461176484191298,0.3485619768480699,0.1164787570961432,1.0,1.0
4000.0,300.0,0.0,2.6217948340309447,1.3826747356060523,0.00012376136464848665,0.16163160092285841,0.6445278861469109,0.026921122204807156,0.17423051163573477,0.0,0.0
4000.0,300.0,1e-08,2.621794543972768,1.382672737303573,0.00012376095885533356,0.16163146603345827,0.6445278271959614,0.026921898528861118,0.1742303361809485,2.454289054087486e-06,4.1252442465656635e-06
4000.0,300.0,1.7782794100389228e-08,2.6217943182275336,1.3826711820755015,0.0001237606566581164,0.1616313788419681,0.6445278522542128,0.02692250568552106,0.17423021880509643,4.36440338858914e-06,7.335813409833462e-06
4000.0,300.0,3.162277660168379e-08,2.62179391679176,1.3826684164662046,0.00012376015690932976,0.16163127294842847,0.6445280928321051,0.026923593560542965,0.1742300630673088,7.761102428112296e-06,1.3045051644859385e-05
4000.0,300.0,5.6234132519034905e-08,2.6217932029341817,1.3826634985058266,0.00012375914893246164,0.16163092884303096,0.6445278993689886,0.026925502130574725,0.17422961818178304,1.3801325622548909e-05,2.319751179659831e-05
4000.0,300.0,1e-07,2.621791933519275,1.3826547532058273,0.00012375748443878474,0.16163048402158967,0.644528221605382,0.02692892386146641,0.1742290071724835,2.4542350643478103e-05,4.125091464733884e-05
4000.0,300.0,1.7782794100389227e-07,2.6217896762186466,1.3826392022756102,0.0001237544250021785,0.16162956293552053,0.6445282758168223,0.026934986747195806,0.1742277804284572,4.364232661614009e-05,7.335330288280234e-05
4000.0,300.0,3.162277660168379e-07,2.6217856623406672,1.3826115504531182,0.00012374906920318627,0.16162803528241743,0.6445288115924223,0.02694578588068886,0.1742257178553481,7.760562562101551e-05,0.00013043523976067988
4000.0,300.0,5.62341325190349e-07,2.621778525281572,1.3825623843520052,0.00012373951788861713,0.1616252819816032,0.6445296165548612,0.026964981270066184,0.17422201054536535,0.00013799618529279997,0.0002319268142180167
4000.0,300.0,1e-06,2.6217658359280076,1.382474974042736,0.00012372252920281695,0.16162037719850128,0.6445310090342117,0.026999107097527175,0.17421540887563455,0.0002453695297566315,0.00041235642686098217
4000.0,300.0,1.778279410038923e-06,2.6217432780822767,1.3823195996929205,0.00012369237236360055,0.16161171367845206,0.6445337045679065,0.027059778458973144,0.1742037332709155,0.0004362526126211244,0.00073305025703574
4000.0,300.0,3.162277660168379e-06,2.6217031872207,1.3820435079569107,0.0001236386595552771,0.16159615872526034,0.6445378596657401,0.02716756929212621,0.1741828132135185,0.0007755168029989931,0.001302826694423821
4000.0,300.0,5.623413251903491e-06,2.621631968027636,1.381553194118252,0.00012354339310357047,0.16156870728496933,0.6445459428635748,0.027359050281832886,0.1741458463416522,0.0013782570794536916,0.002314448808412694
4000.0,300.0,1e-05,2.621505552506171,1.380683342723005,0.00012337427289079957,0.16151990104074737,0.6445599101149083,0.027698812881521755,0.17408014784437845,0.002448310659460722,0.004108354271997354
4000.0,300.0,1.778279410038923e-05,2.6212814814731087,1.3791429970488027,0.00012307466795085392,0.16143343529945506,0.6445846380374701,0.02830071273492456,0.1739637566237824,0.0043455338895423525,0.007282572613628208
4000.0,300.0,3.1622776601683795e-05,2.6208853163447925,1.376424183903185,0.00012254547992023983,0.16128072658626033,0.6446283901294096,0.02936387183672132,0.17375819098084586,0.0077016323453454215,0.012877637008576123
4000.0,300.0,5.623413251903491e-05,2.620187994515015,1.3716527303720618,0.00012161559105757984,0.16101238594160636,0.6447052661117451,0.03123205214401993,0.17339697017181127,0.013614381819273854,0.022673346256038795
4000.0,300.0,0.0001,2.6189701455915237,1.3633626322506318,0.00011999627397964288,0.16054497775639173,0.6448385287031286,0.03448506192770067,0.17276781938709068,0.023957361918709928,0.0396220609213735
4000.0,300.0,0.00017782794100389227,2.6168719766477473,1.349207606184458,0.0001172206635632066,0.15974373258545432,0.6450665413970352,0.040060751900194744,0.17168933717017995,0.041826189873223826,0.06835629933011902
4000.0,300.0,0.00031622776601683794,2.613340503765365,1.3257428127159925,0.00011258910139173361,0.15840626060855587,0.6454446119558379,0.04936369439418958,0.1698892487443407,0.07204302964354928,0.11543054611049151
4000.0,300.0,0.0005623413251903491,2.6076235011247686,1.2886931529476011,0.00010519671290760739,0.1562704070354561,0.6460421789764963,0.06420955530962645,0.1670150157152659,0.12133703641047261,0.1883848205741253
4000.0,300.0,0.001,2.598926372395179,1.234478226226489,9.41962263971811e-05,0.15308935369334356,0.646917231828679,0.08629546003066774,0.16273518743261345,0.19722250578459705,0.2922553934952794
4000.0,300.0,0.0017782794100389228,2.586870071821281,1.1634027457306861,7.942315149845724e-05,0.14881218327976314,0.6480654303510355,0.11594432584798527,0.15698241028985024,0.304212170335132,0.4235957607623329
4000.0,300.0,0.0031622776601683794,2.572141897132746,1.0825937991110277,6.209907024326719e-05,0.14378836386803084,0.649369938001414,0.15069528154666056,0.15022816199557276,0.43775318338213937,0.5668483932873365
4000.0,300.0,0.005623413251903491,2.5566895767149393,1.0043844541530385,4.474037871107817e-05,0.1387452608955062,0.650628968709585,0.1854954268992642,0.14345115564461888,0.5812319177606826,0.699963142678779
4000.0,300.0,0.01,2.542861254832515,0.939648806426247,2.9883078895510793e-05,0.13442092339033868,0.6516652495519868,0.2152634714521184,0.13764275569107204,0.7125681787596382,0.8064614969135699
4000.0,300.0,0.01778279410038923,2.5321415087029275,0.892633102505483,1.8787393605044172e-05,0.1311863434210482,0.6524126898001898,0.23748361460993103,0.13329984294318628,0.8162926088503218,0.8819178586685866
4000.0,300.0,0.03162277660168379,2.5247213709262755,0.8616149467093474,1.1315559795036215e-05,0.1290056022267119,0.6529026250155197,0.25244102194222806,0.13037274567005835,0.8890689242281051,0.9308973198908559
4000.0,300.0,0.05623413251903491,2.519979608243742,0.8424193877877715,6.627964103100672e-06,0.1276363545442098,0.6532041784064512,0.26182238517816275,0.1285352553343774,0.9359953970955409,0.9609074178076337
4000.0,300.0,0.1,2.517102618261988,0.8310042149907597,3.816461499651369e-06,0.12681468410379812,0.6533828069264841,0.2674481512080121,0.12743274385684794,0.9646267440992928,0.9786490100522292
4000.0,300.0,0.1778279410038923,2.5154117414795056,0.8243753844433744,2.1754560691688352e-06,0.12633492609600783,0.6534861890826278,0.27073140357891357,0.1267890654735807,0.9815102607939773,0.9889166525242304
4000.0,300.0,0.31622776601683794,2.514436525884852,0.8205788976702386,1.232814203734893e-06,0.1260593437212896,0.6535455995865918,0.2726174108849863,0.12641932241484705,0.9912667632413549,0.9947857773201183
4000.0,300.0,0.5623413251903491,2.513880176608501,0.8184217436172585,6.962915750392676e-07,0.12590242815409045,0.6535790887315115,0.27369073099808067,0.12620881337728646,0.9968389325669545,0.9981169341366449
4000.0,300.0,1.0,2.5135647617389814,0.8172015708118053,3.9251810038922213e-07,0.12581361627152804,0.6535982166568481,0.27429850373501624,0.12608965749536957,1.0,1.0
4000.0,310.0,0.0,2.6526997558591363,1.587411703955588,0.00018240506757279438,0.1712015795846064,0.6108627994370538,0.01876290628311611,0.20158889591213344,0.0,0.0
4000.0,310.0,1e-08,2.652699316473714,1.5874082468738706,0.00018240429916994733,0.17120142679902242,0.6108630845303932,0.01876376527393618,0.20158863764626964,3.330189874081284e-06,5.616711034026796e-06
4000.0,310.0,1.7782794100389228e-08,2.652698974511325,1.58740555632161,0.0001824036580331366,0.17120126742842937,0.6108631620399565,0.01876442936902223,0.2015883890014867,5.921992781959623e-06,9.988038000267519e-06
4000.0,310.0,3.162277660168379e-08,2.6526983664114576,1.5874007718181982,0.0001824025364861275,0.17120100144807207,0.6108633620369575,0.018765612213795618,0.2015879673605643,1.0530909439711121e-05,1.776138450053291e-05
4000.0,310.0,5.6234132519034905e-08,2.6526972850552077,1.5873922637933418,0.0001824005860441829,0.17120056971814523,0.6108638648641151,0.018767720128298943,0.20158726614881584,1.8726746402282615e-05,3.1584268528953896e-05
4000.0,310.0,1e-07,2.6526953621497986,1.5873771346507846,0.00018239716686646725,0.17119984813720243,0.6108649236125986,0.01877147353619039,0.2015860735562159,3.330090365289493e-05,5.6164276268432345e-05
4000.0,310.0,1.7782794100389227e-07,2.652691942838962,1.5873502323981816,0.0001823909996317639,0.1711984830905604,0.6108665138854084,0.01877813880875595,0.20158385641947504,5.921678116474305e-05,9.987141831076056e-05
4000.0,310.0,3.162277660168379e-07,2.65268586283033,1.5873023977040275,0.00018238000898665747,0.1711960327845159,0.610869259143699,0.018789987876990114,0.20157988690174897,0.00010529914430368373,0.00017758550806574032
4000.0,310.0,5.62341325190349e-07,2.6526750523983225,1.587217350147858,0.0001823605357855552,0.17119173998766768,0.6108743678334186,0.018811062314646267,0.2015729042972348,0.00018723600189242084,0.00031575308961606885
4000.0,310.0,1e-06,2.652655833241731,1.5870661620761093,0.00018232582493409272,0.17118402177231656,0.6108831404669325,0.018848517893359288,0.20156038888842018,0.00033290956043483157,0.0005613595127227337
4000.0,310.0,1.778279410038923e-06,2.6526216714200244,1.586797466222395,0.0001822642673232713,0.171170430996999,0.6108991860717152,0.0189151032131471,0.20153829442386753,0.0005918533299819298,0.0009978188976124231
4000.0,310.0,3.162277660168379e-06,2.6525609702040875,1.586320151403331,0.0001821548171365222,0.17114620449104215,0.6109274038714178,0.019033390510834202,0.20149894579911545,0.0010519974668621616,0.0017730263518148323
4000.0,310.0,5.623413251903491e-06,2.652453178164442,1.58547293461537,0.00018196050737841093,0.17110319374295038,0.6109774956253149,0.019243387696131174,0.2014290883290907,0.0018692196105542715,0.003148599207076712
4000.0,310.0,1e-05,2.6522619720117953,1.583971330556836,0.00018161594249836228,0.1710268878184876,0.6110661411789753,0.019615711332432253,0.20130517432377273,0.003319180584514007,0.00558542647732604
4000.0,310.0,1.778279410038923e-05,2.6519234581743394,1.5813167104785018,0.0001810065534181971,0.170892029518167,0.611223392789967,0.020274349830572334,0.20108612127344772,0.005887267875217843,0.009889535407821348
4000.0,310.0,3.1622776601683795e-05,2.6513261973128963,1.5766449402844516,0.0001799328328668043,0.17065434253908252,0.6115001034037933,0.021434727599536393,0.20070008347998125,0.010421599495028603,0.017452269338422633
4000.0,310.0,5.623413251903491e-05,2.650278749979731,1.5684884777820072,0.00017805448577993256,0.17023845565728657,0.6119837653976264,0.023464536528937298,0.20002467116240535,0.018383853653757526,0.03061985016906601
4000.0,310.0,0.0001,2.648461065418225,1.5544442829722482,0.00017480942358144344,0.1695200026529887,0.6128195474874907,0.026971332227974806,0.1988578594779531,0.03223184721839072,0.05318545379926163
4000.0,310.0,0.00017782794100389227,2.645363721529809,1.5308310677322057,0.00016932143314444607,0.1683046719221264,0.6142315184381312,0.03290147312165105,0.19688426093199235,0.055918700421286056,0.09082572847548417
4000.0,310.0,0.00031622776601683794,2.6402460596777098,1.4926774429736536,0.00016036756686151987,0.16632108774817425,0.6165315541781572,0.042575527358461096,0.1936635050581368,0.095303868362899,0.15086798479170646
4000.0,310.0,0.0005623413251903491,2.632205547917811,1.4348355233032504,0.0001465813630905236,0.16326523594923137,0.6200641454520489,0.05746772554051776,0.18870271983170828,0.15780702815076214,0.24013911071959126
4000.0,310.0,0.001,2.6205190200293025,1.355133316989885,0.00012714085536923026,0.15895228397322694,0.6250266613757285,0.07846162719496524,0.18170339155619336,0.2500113135106883,0.3598920477037132
4000.0,310.0,0.0017782794100389228,2.605317245627687,1.2587025316576002,0.0001028724190832453,0.15356168757694086,0.6311886502795746,0.10465842440992842,0.17295901449429163,0.37235516457696993,0.5001482291805166
4000.0,310.0,0.0031622776601683794,2.5881562844866997,1.1588951902661153,7.679768202509236e-05,0.14776108477225255,0.6377651036903454,0.13279055453503527,0.16355466081783904,0.513723398258141,0.6405211080107104
4000.0,310.0,0.005623413251903491,2.5716224394992375,1.0710071762153266,5.293350238872196e-05,0.14244337236571397,0.6437394073644084,0.15852306576923425,0.1549383637789226,0.6531752028516685,0.760558678704207
4000.0,310.0,0.01,2.55795478190596,1.003955795741428,3.409209733846628e-05,0.13823834748294894,0.6484233441744488,0.17882876028170033,0.14812875893497549,0.7708439917920108,0.8501530828268258
4000.0,310.0,0.01778279410038923,2.5480185119280283,0.9581588671422512,2.0876761269410247e-05,0.13528516751988542,0.6516896366450468,0.19306490713586485,0.14334858023232463,0.8577372018778614,0.910466231524737
4000.0,310.0,0.03162277660168379,2.541451127318909,0.9291764355619986,1.2357877986955265e-05,0.13337973400325234,0.653786348775117,0.20223893582638588,0.14026535551433714,0.915788871023466,0.9482982775624424
4000.0,310.0,0.05623413251903491,2.537379934895302,0.9117046417575873,7.161305095445769e-06,0.13221673668285605,0.6550619833449337,0.2078340446331345,0.13838387149609588,0.9520221395689422,0.9709869657606708
4000.0,310.0,0.1,2.534955830925393,0.9014769166232824,4.097367188037722e-06,0.13153077339954858,0.6558128425269797,0.21113254733463716,0.1372742731623939,0.973685756534137,0.984229181604362
4000.0,310.0,0.1778279410038923,2.5335469858941306,0.8955920438197227,2.3269495560075004e-06,0.13113428057958815,0.6562460705467316,0.21303829327587195,0.1366329887181366,0.9863068201669749,0.9918357190376667
4000.0,310.0,0.31622776601683794,2.532739701162345,0.8922394166492922,1.3158716906843768e-06,0.1309078167291219,0.6564933418148046,0.21412660950100473,0.13626672429786213,0.9935489517086568,0.9961650628430012
4000.0,310.0,0.5623413251903491,2.532280868008075,0.8903401894079824,7.423080262530729e-07,0.13077936940117166,0.6566337190860612,0.21474402347592855,0.1360589718143528,0.9976684146055266,0.99861627539069
4000.0,310.0,1.0,2.5320212891472056,0.8892677403793329,4.1817365430954063e-07,0.13070673718060305,0.6567128303346328,0.21509286673984865,0.13594152064931245,1.0,1.0
4000.0,320.0,0.0,2.6881132285713742,1.85989727054628,0.00027989113002091585,0.18267176822791925,0.5655152122053366,0.011056688997957623,0.23865735614802197,0.0,0.0
4000.0,320.0,1e-08,2.688112518279748,1.8598907375998326,0.00027988934030853934,0.18267144876367664,0.5655157158555,0.01105767712920332,0.23865674699349484,4.655481243771344e-06,8.137021012562792e-06
4000.0,320.0,1.7782794100389228e-08,2.6881119654794565,1.8598856532064,0.00027988797448786674,0.18267121779485337,0.5655161625061261,0.011058447231800682,0.23865629597993132,8.278716508066833e-06,1.4469805402826978e-05
4000.0,320.0,3.162277660168379e-08,2.6881109824570584,1.8598766118732435,0.000279885546635472,0.18267080767732988,0.5655169586348818,0.011059816707396648,0.23865549475179826,1.4721776456910324e-05,2.5731067599483738e-05
4000.0,320.0,5.6234132519034905e-08,2.6881092344032362,1.8598605342961345,0.00027988119414373494,0.18267005542007647,0.565518303224595,0.011062250567852237,0.2386540399672162,2.6179132645330864e-05,4.575611252648833e-05
4000.0,320.0,1e-07,2.688106125984748,1.8598319452615464,0.00027987358894374716,0.1826688054827848,0.5655209657745247,0.011066583779634064,0.23865156768028958,4.655286609349744e-05,8.13642588841938e-05
4000.0,320.0,1.7782794100389227e-07,2.688100598694803,1.8597811103642197,0.00027985993819989145,0.18266649963118683,0.5655254423394227,0.011074283810213722,0.2386470627908353,8.278101044459833e-05,0.00014467923585964623
4000.0,320.0,3.162277660168379e-07,2.6880907707249935,1.859690725606325,0.0002798357034308396,0.18266242374548453,0.5655334761713879,0.01108797621798349,0.23863908428820538,0.00014719830327721822,0.00025725117508153917
4000.0,320.0,5.62341325190349e-07,2.68807329731395,1.8595300401727308,0.0002797924438834055,0.1826550640146493,0.5655474079837026,0.011112312387987471,0.2386247515318086,0.0002617297921826575,0.00045737300823659084
4000.0,320.0,1e-06,2.6880422356603373,1.8592444353831195,0.0002797158146990311,0.18264215523657806,0.5655727085216208,0.011155580898775351,0.23859950117312745,0.00046533411598511255,0.0008130479431356473
4000.0,320.0,1.778279410038923e-06,2.687987033972902,1.8587369887685816,0.0002795795219777704,0.18261913350377001,0.565617406250706,0.011232460728992429,0.23855452369252733,0.000827195143773781,0.0014449132302974167
4000.0,320.0,3.162277660168379e-06,2.6878889792519898,1.8578359910498154,0.00027933744645914147,0.18257822575433372,0.5656967092828771,0.011368988137474643,0.23847461793490884,0.001470039729778312,0.002566576759558098
4000.0,320.0,5.623413251903491e-06,2.6877149553764106,1.8562381283056357,0.00027890806532643943,0.18250569617701862,0.5658375209507107,0.01161119149165095,0.23833291814582508,0.0026111603675025297,0.004555003105776159
4000.0,320.0,1e-05,2.687406578050401,1.853410399875773,0.00027814775340220506,0.18237726483454333,0.5660868482908613,0.012040062185404647,0.23808200585422962,0.004633975723296928,0.008071489444751622
4000.0,320.0,1.778279410038923e-05,2.6868616044871714,1.848424850086051,0.000276805919717813,0.182150614403157,0.5665269268441456,0.012796966951028638,0.23763919627051508,0.008210954188728609,0.0142638697724933
4000.0,320.0,3.1622776601683795e-05,2.685903120849718,1.8396925232517796,0.00027445133722093216,0.1817528321585911,0.567298827289697,0.01412506136587736,0.2368621033524272,0.014508852317183017,0.025086990570897257
4000.0,320.0,5.623413251903491e-05,2.6842315016840717,1.8245726259030968,0.0002703616656282452,0.18106190241969838,0.5686394323896881,0.016431799278417952,0.23551234755852804,0.025513317291360263,0.0437583604161583
4000.0,320.0,0.0001,2.6813584919984152,1.7989077807330118,0.0002633820539214384,0.17988255459194977,0.5709265079946851,0.02036835779885378,0.2332086042348691,0.04448832241333583,0.07525484462641743
4000.0,320.0,0.00017782794100389227,2.6765424791278196,1.7567817836420154,0.00025182050507244305,0.17792846437823712,0.5747124144702704,0.026888504568459114,0.22939193884269363,0.07647061026253141,0.12642841738534566
4000.0,320.0,0.00031622776601683794,2.6687972244687694,1.6913174907151105,0.00023358450726578185,0.17484502726195345,0.5806778151793605,0.03717114589318179,0.22337056613703007,0.1283629369392049,0.20470729648632638
4000.0,320.0,0.0005623413251903491,2.657132840520351,1.5977986239603665,0.00020693126320480817,0.17033531734257895,0.5893819204622838,0.052196183410821065,0.21456660379018733,0.20757273175036065,0.3140534326056594
4000.0,320.0,0.001,2.641190259552367,1.479184486522024,0.000172017924800329,0.16442213741206732,0.6007550235406871,0.07187030157506524,0.20302786940019896,0.317879345754501,0.4488910478954125
4000.0,320.0,0.0017782794100389228,2.6220549202354,1.349643403678978,0.00013230967351637423,0.15768794790468615,0.6136468354610283,0.09423530051420059,0.18989480853524238,0.45335873963559326,0.5917666200679721
4000.0,320.0,0.0031622776601683794,2.6023586903087463,1.2294593921584682,9.379661462277015e-05,0.15114613916880956,0.6261005406378064,0.11591425847701585,0.17714590016823503,0.5962645661393617,0.7207745772084623
4000.0,320.0,0.005623413251903491,2.5850440830013124,1.1337033338191806,6.180080758060657e-05,0.14570258620729665,0.6364042723655216,0.13391373073184662,0.16654491942794056,0.7247292431894643,0.8214826881368976
4000.0,320.0,0.01,2.571814518895388,1.0662070976204052,3.846509943360613e-05,0.1417267372518946,0.6438916455997503,0.14703433037576194,0.15880711429379732,0.824639182256636,0.8915316590598727
4000.0,320.0,0.01778279410038923,2.5627520415734555,1.0225987509682342,2.301224205758317e-05,0.13909105895861784,0.6488357898378968,0.1557191714192326,0.15368004469975188,0.8939405050532829,0.93643525264954
4000.0,320.0,0.03162277660168379,2.557000386110201,0.9959728205611608,1.3422785880427379e-05,0.13745424068765477,0.651898032279724,0.16110713597038667,0.15049706573776309,0.938282065587525,0.9637313342777784
4000.0,320.0,0.05623413251903491,2.553525471070283,0.9802684978565047,7.70965997663404e-06,0.1364786038363581,0.6537201624239908,0.16431654971848064,0.14860023263289104,0.9652049698535332,0.9797917330509078
4000.0,320.0,0.1,2.5514883454199864,0.9711929992626593,4.3882440066111465e-06,0.1359112184500801,0.6547785957366384,0.1661821641318694,0.1474972804878245,0.9810346758921262,0.9890605267165173
4000.0,320.0,0.1778279410038923,2.550315158951356,0.9660097720467791,2.484700975449396e-06,0.1355859724706769,0.6553848534293035,0.16725128179490042,0.1468650891363875,0.9901665847140806,0.9943501995139502
4000.0,320.0,0.31622776601683794,2.54964643412312,0.9630693781396203,1.4026872303417655e-06,0.13540109530539693,0.655729460405442,0.16785899000833815,0.1465057377469151,0.9953769091891747,0.9973497309237391
4000.0,320.0,0.5623413251903491,2.5492674912394957,0.9614076805081778,7.905188055210646e-07,0.13529648796664084,0.6559243802721276,0.16820279944352992,0.1463024177385169,0.9983310492516188,0.9990444544651241
4000.0,320.0,1.0,2.5490534731363605,0.9604706339690054,4.450902243126022e-07,0.13523744330978416,0.6560342812813672,0.1683967787272412,0.146187671000129,1.0,1.0
4000.0,330.0,0.0,2.727405005817357,2.2113413488519775,0.00044993204135162563,0.1954677141570231,0.5038549267532229,0.004869299153418936,0.2902962440810037,0.0,0.0
4000.0,330.0,1e-08,2.7274037947359355,2.2113281287362963,0.000449927834266047,0.19546720903195977,0.5038564059190455,0.0048705071995530265,0.29029501742628916,6.776321905153655e-06,1.2701793066794882e-05
4000.0,330.0,1.7782794100389228e-08,2.727402852188874,2.2113178399920788,0.00044992432653267073,0.195466714467609,0.5038572956145756,0.004871444853191366,0.2902939121066046,1.2050130262671163e-05,2.2587113971135785e-05
4000.0,330.0,3.162277660168379e-08,2.7274011761042742,2.21129954416171,0.00044991856437577235,0.19546604156596964,0.5038594101459634,0.0048731173767560115,0.2902922533396281,2.14282978684899e-05,4.0165494190284444e-05
4000.0,330.0,5.6234132519034905e-08,2.7273981956442293,2.21126701042805,0.0004499080779285214,0.1954647406945157,0.5038629013607347,0.0048760888830963935,0.29028914878486345,3.8104866346916644e-05,7.142324038151272e-05
4000.0,330.0,1e-07,2.72739289582762,2.211209160674891,0.00044988934829136886,0.19546239146561148,0.5038690163426052,0.004881371808791361,0.29028357481480876,6.775909273299438e-05,0.00012700342355726865
4000.0,330.0,1.7782794100389227e-07,2.7273834721396635,2.211106301294719,0.00044985619058957846,0.19545827735336713,0.5038800516159122,0.004890766816433235,0.29027375743099515,0.000120488254817549,0.00022582526918294712
4000.0,330.0,3.162277660168379e-07,2.7273667169299056,2.2109234317132813,0.00044979737518777835,0.19545102198656314,0.5038998239625042,0.004907471830366636,0.29025639083432486,0.00021424172213891672,0.0004015099145727133
4000.0,330.0,5.62341325190349e-07,2.727336930148506,2.210598374843853,0.0004496925269200925,0.19543799594597264,0.5039346402108342,0.00493716397460245,0.29022532833318937,0.0003809182227055958,0.0007137739446032624
4000.0,330.0,1e-06,2.72728398830635,2.2100207636778624,0.00044950629381405605,0.1954148886101411,0.5039966204623965,0.004989931785048767,0.2901701880697913,0.0006771785716986941,0.0012685853450175818
4000.0,330.0,1.778279410038923e-06,2.727189929397834,2.2089949697264095,0.0004491756103111369,0.19537389250147716,0.5041068356590384,0.005083661057113604,0.2900723171984507,0.001203579319668178,0.0022536758652840732
4000.0,330.0,3.162277660168379e-06,2.727022939303737,2.207175110518194,0.0004485883674483917,0.19530096657756738,0.50430198437086,0.005249993042602223,0.2898983750938656,0.0021383002875720496,0.004000653807702372
4000.0,330.0,5.623413251903491e-06,2.726726844271213,2.2039523887863917,0.0004475483071298771,0.19517194454433237,0.5046482487801341,0.005544711328385365,0.28959046128348026,0.003796187100932322,0.007092215169068721
4000.0,330.0,1e-05,2.7262030071128702,2.19826379667958,0.0004457104195849264,0.19494387663384208,0.5052597878037628,0.006065437528534679,0.2890462650644145,0.006730824522219646,0.012542762114107524
4000.0,330.0,1.778279410038923e-05,2.7252799297142922,2.1882796223937255,0.0004424792765560977,0.194542953035194,0.5063350909321382,0.006980947762978466,0.2880895689716082,0.011907004316098162,0.022089076808092363
4000.0,330.0,3.1622776601683795e-05,2.723664644689392,2.1709303159945597,0.0004368474072274139,0.1938440653736849,0.5082089681533123,0.008576603133452756,0.2864219621636186,0.02097984776714396,0.03861718678956123
4000.0,330.0,5.623413251903491e-05,2.720872262075614,2.141300264656512,0.00042717830444734294,0.19264405312544666,0.5114255654975581,0.011315994910885746,0.2835587842230953,0.03670951613706107,0.06666996251819193
4000.0,330.0,0.0001,2.7161449233975956,2.0921655240016657,0.0004109999160445434,0.19063573512557383,0.5168054764842414,0.015899129896658346,0.2787675931124424,0.06346912327026946,0.1127139409270343
4000.0,330.0,0.00017782794100389227,2.7084176953552452,2.014549268312844,0.00038506352100626227,0.18741506075655198,0.5254254266409183,0.023245602298585185,0.27108542409460235,0.10756053883113648,0.18428369965192803
4000.0,330.0,0.00031622776601683794,2.696481102088983,1.900925625429394,0.0003462049650023728,0.18258699307993503,0.5383270736643344,0.03424964300793495,0.25957268724618765,0.17651781172979078,0.28663051823643254
4000.0,330.0,0.0005623413251903491,2.679555663877944,1.7519685265672993,0.00029351801104162415,0.17603520784774823,0.555793858849232,0.0491643496209054,0.24395669689287774,0.2760325503499787,0.41680259734781006
4000.0,330.0,0.001,2.658244576626982,1.5828031208009767,0.00023098692276250947,0.16824977543201972,0.5764797134568823,0.06685674637126157,0.22541229922013908,0.4041643279426359,0.5597558554063382
4000.0,330.0,0.0017782794100389228,2.6350756652821694,1.4195376918185016,0.00016750731217155825,0.16033395753648585,0.5974218253501384,0.08480586735908174,0.20657278062515236,0.5469320040270226,0.6935134802547078
4000.0,330.0,0.0031622776601683794,2.6135773293259694,1.2849833913078048,0.00011250930138081911,0.1534640096691107,0.6155107259306991,0.10034562199835961,0.19023719277070547,0.6825067742917956,0.8011712158250741
4000.0,330.0,0.005623413251903491,2.59637403813554,1.1877391862838778,7.103030680281944e-05,0.14827431860441204,0.6291137072427497,0.11205756313146073,0.1779075490594354,0.7930541337016908,0.8777988353030293
4000.0,330.0,0.01,2.584172274668516,1.123865512643492,4.290156919459488e-05,0.14475022295653706,0.6383163177388298,0.1199954577128737,0.16954094472797623,0.8725272828852834,0.9276947629283174
4000.0,330.0,0.01778279410038923,2.5762427339227125,1.08446905787061,2.5173380398606496e-05,0.14252699647594233,0.6441061761323255,0.124996284378393,0.16426544863687628,0.9246332036033594,0.9583273723664666
4000.0,330.0,0.03162277660168379,2.5713797197863206,1.0610935121967418,1.4510427481870792e-05,0.14118896670628248,0.6475847183566827,0.12800334060543203,0.16109147040269584,0.9567633411996295,0.9764588345246538
4000.0,330.0,0.05623413251903491,2.568502943963864,1.0475383553551088,8.276308787261648e-06,0.14040634992319165,0.6496168888111588,0.1297611053022866,0.15923542053876658,0.9758319108042262,0.9869595352775848
4000.0,330.0,0.1,2.566837398258744,1.039781538654541,4.69177561335589e-06,0.13995628496596343,0.6507850268317132,0.13077172873241927,0.15816813734416252,0.9868926333113728,0.9929643275727458
4000.0,330.0,0.1778279410038923,2.5658851237753133,1.0353762990149558,2.650440321728296e-06,0.13969992479981128,0.651450004478693,0.13134721052306172,0.15756027419552016,0.9932233870196628,0.9963732782233463
4000.0,330.0,0.31622776601683794,2.565344563907487,1.0328852208956902,1.4942933958211969e-06,0.1395547248225854,0.6518265994174487,0.13167313948870646,0.15721599346445442,0.9968192399655128,0.9983005740830617
4000.0,330.0,0.5623413251903491,2.565038967264938,1.0314799845064286,8.415225150322107e-07,0.13947273885177225,0.6520392059724078,0.13185715737579404,0.15702160412661376,0.998852797554736,0.999387651053942
4000.0,330.0,1.0,2.5648666028236455,1.030688365741573,4.736094261895819e-07,0.13942652939932906,0.6521590313533691,0.13196087238931306,0.15691204207945458,1.0,1.0
4000.0,340.0,0.0,2.7685715163769666,2.6306697338447376,0.0007618880726289102,0.2078631042097067,0.4209457096447185,0.0013558381502106415,0.36277627485716885,0.0,0.0
4000.0,340.0,1e-08,2.7685693658467048,2.6306419597779955,0.0007618765093167509,0.2078621134777294,0.4209490679783772,0.0013573854845080535,0.36277330739731994,1.0420957736603344e-05,2.172830043304946e-05
4000.0,340.0,1.7782794100389228e-08,2.7685676921679283,2.6306203444703127,0.0007618674908007468,0.2078613371744738,0.42095167098197467,0.0013585896760655413,0.3627709887706076,1.853122442415612e-05,3.8638336175058906e-05
4000.0,340.0,3.162277660168379e-08,2.7685647159744025,2.6305819078766595,0.0007618516085263426,0.20785999892688925,0.4209563851425465,0.0013607312708944338,0.3627669393739527,3.295322002550997e-05,6.87076924711664e-05
4000.0,340.0,5.6234132519034905e-08,2.768559423707711,2.630513561499408,0.0007618234541174803,0.2078576430448729,0.42096481586830947,0.001364539560289341,0.36275978029601624,5.859853124243673e-05,0.00012217494468304407
4000.0,340.0,1e-07,2.768550013328254,2.6303920371700853,0.0007617732380878527,0.20785341183037842,0.4209797209876721,0.0013713107890384088,0.3627469770653831,0.00010419981398719953,0.00021724054147195655
4000.0,340.0,1.7782794100389227e-07,2.7685332814135877,2.6301759791975736,0.0007616839565326986,0.2078458889879264,0.421006221725459,0.0013833497212545737,0.362724213620106,0.00018528137247814162,0.0003862491073597794
4000.0,340.0,3.162277660168379e-07,2.768503534884609,2.6297919139124395,0.0007615253273068893,0.20783253927220224,0.42105338000285025,0.0014047514967258918,0.3626837882946465,0.000329434590635798,0.0006866525153342517
4000.0,340.0,5.62341325190349e-07,2.768450660918184,2.62910940035074,0.0007612432485771432,0.20780877121987032,0.42113710645265523,0.0014427875272899702,0.36261186861184314,0.0005856767306564265,0.0012204081347451689
4000.0,340.0,1e-06,2.7683567110215197,2.627897158898228,0.0007607421490853086,0.2077665482936022,0.4212858420353832,0.0015103566542967921,0.36248410657792046,0.0010410228072491425,0.0021681682392665587
4000.0,340.0,1.778279410038923e-06,2.7681898779478122,2.6257460550521756,0.0007598527665281043,0.20769162440930522,0.42154989923380765,0.0016302941321159326,0.362257365329963,0.0018497321963595193,0.0038491167702942117
4000.0,340.0,3.162277660168379e-06,2.7678939464167103,2.621935273609144,0.0007582760747976657,0.20755875293625295,0.42201780696202423,0.0018428845565977288,0.3618553448894615,0.0032846166543778277,0.006824370820009796
4000.0,340.0,5.623413251903491e-06,2.7673700382432878,2.6152040751112198,0.0007554884240094636,0.20732383938473847,0.4228451227474627,0.0022187584708782213,0.36114456718176935,0.0058260869435738105,0.01207155238139276
4000.0,340.0,1e-05,2.7664457137019896,2.603375803081787,0.0007505815857902932,0.20691035869053687,0.42430143802663184,0.0028803849765139957,0.3598934704572071,0.010313689723102815,0.021266881781165568
4000.0,340.0,1.778279410038923e-05,2.7648247927277607,2.5827789070609044,0.0007420113846511964,0.20618815563182033,0.4268449028743198,0.004035952862947014,0.3577082970606202,0.018194714480447256,0.03720297352404336
4000.0,340.0,3.1622776601683795e-05,2.7620122518044594,2.547475251611291,0.0007272442302319635,0.20494358676174818,0.4312268054175157,0.006026978710481525,0.35394288449334477,0.03190394160487661,0.06429647852108267
4000.0,340.0,5.623413251903491e-05,2.757220461003576,2.488575778988145,0.0007023845587622056,0.20284803879875643,0.43860175044543714,0.00937847840171723,0.34760357149663396,0.05536082230258707,0.10889065512726519
4000.0,340.0,0.0001,2.7493046511198607,2.394617763689477,0.000662130442417844,0.1994538360836934,0.45053924919327226,0.014804697681476936,0.33733746696959155,0.09438425500019211,0.17851619702063054
4000.0,340.0,0.00017782794100389227,2.736869144494898,2.2550104418285137,0.0006008800437647771,0.194286615123454,0.4686914480106874,0.023059295767191738,0.3217135513402351,0.1563663463461947,0.27874230450991533
4000.0,340.0,0.00031622776601683794,2.7187887710627723,2.0681968035813783,0.00051597827187339,0.1871185070085483,0.4938277373244394,0.034497283342964424,0.3000500062036198,0.24792085443251638,0.40735173188828866
4000.0,340.0,0.0005623413251903491,2.695238050366632,1.8507038947205392,0.0004123360727258214,0.17835780054817582,0.5244656387715018,0.048452467559093076,0.2735924794346365,0.3696218292851044,0.5500736882185913
4000.0,340.0,0.001,2.6685724442687078,1.6353489324753503,0.00030378424757215264,0.16916759537519088,0.5564895939816504,0.06305821886660398,0.24586463128596475,0.5105596205761505,0.6850445568535417
4000.0,340.0,0.0017782794100389228,2.6427607618046216,1.4538772034329894,0.00020689418603194088,0.16094940920674483,0.5850043437100386,0.07608379203924812,0.22109766300857264,0.6499160912408029,0.794697712368433
4000.0,340.0,0.0031622776601683794,2.6213048742391845,1.3205574950987164,0.00013200658311350927,0.15458547194581507,0.6069897505979792,0.08614273953102922,0.20194087938516334,0.7677596850339512,0.8733060839672773
4000.0,340.0,0.005623413251903491,2.60562474235102,1.2320501947433606,8.030816948510693e-05,0.15018492876165,0.6221347863029028,0.09308167036858635,0.18870758709142446,0.8549323760048838,0.9247446263272072
4000.0,340.0,0.01,2.5952179934747552,1.1771104478415482,4.7338166602321565e-05,0.14737502568087,0.6317775169463152,0.09750433968856602,0.1802641033087616,0.9132421125199254,0.9564237017316093
4000.0,340.0,0.01778279410038923,2.5887481542309017,1.1443926251536172,2.736186405706148e-05,0.14567110819012996,0.6376136039465745,0.1001829791803708,0.17514659221948303,0.9496654687782093,0.9752103358312906
4000.0,340.0,0.03162277660168379,2.5848887399329907,1.125380657451758,1.5631551144891576e-05,0.1446700038795222,0.6410381683360262,0.10175551235905322,0.17214089256759688,0.9714534004443395,0.986102665556017
4000.0,340.0,0.05623413251903491,2.582643218391968,1.114488557274667,8.869622125543975e-06,0.14409269352269224,0.6430112438930796,0.10266183504576236,0.1704079960481919,0.9841505696161083,0.9923354338659274
4000.0,340.0,0.1,2.581355666242669,1.1082986888220456,5.013204444767975e-06,0.14376342890616065,0.6441364390157337,0.10317871065271994,0.1694196824180973,0.9914375955748318,0.9958751116434662
4000.0,340.0,0.1778279410038923,2.580623589486104,1.1047971530307552,2.8272441136167256e-06,0.1435767865774132,0.6447742279745516,0.10347169274561549,0.1688594661953303,0.9955829936164726,0.9978767339258134
4000.0,340.0,0.31622776601683794,2.58020933757611,1.1028215025050963,1.5924525130808855e-06,0.14347131173230432,0.6451342933037519,0.10363715767637245,0.16854296139414848,0.9979293861391205,0.9990058674115695
4000.0,340.0,0.5623413251903491,2.579975566099326,1.101708420598227,8.963186440382852e-07,0.1434118520597317,0.6453373017087445,0.10373044375272514,0.16836453075155491,0.9992537245402163,0.9996419490553786
4000.0,340.0,1.0,2.579843846147755,1.1010818257988233,5.042955859627969e-07,0.14337834294427787,0.6454515127885344,0.10378295920088898,0.1682640196510748,1.0,1.0
4000.0,350.0,0.0,2.805306447085981,2.995204846363369,0.001358241655349048,0.21380472594079866,0.3161340145281668,0.00018827212418303824,0.46276429922850915,0.0,0.0
4000.0,350.0,1e-08,2.805302554985622,2.9951489673100733,0.001358207580505215,0.2138030770484707,0.3161421602813292,0.00019033868475214343,0.4627572418279695,1.7385460025877658e-05,4.1701810870629105e-05
4000.0,350.0,1.7782794100389228e-08,2.8052995259461633,2.995105480085042,0.0013581809504406228,0.2138017762549579,0.3161484737166206,0.0001919469587833357,0.46275171145439875,3.0915787525024866e-05,7.415506545803832e-05
4000.0,350.0,3.162277660168379e-08,2.8052941396884545,2.9950281526028126,0.0013581331662296733,0.21379939534301898,0.316159599802539,0.0001948067017582428,0.4627417305584324,5.497558638749826e-05,0.00013186081774801102
4000.0,350.0,5.6234132519034905e-08,2.8052845621154057,2.994890658399224,0.0013580489697520171,0.21379528287603272,0.31617956217165116,0.00019989173992971608,0.4627242454550176,9.775777303357512e-05,0.00023446132147201051
4000.0,350.0,1e-07,2.8052675327218353,2.9946462048160236,0.0013578995485899505,0.2137880147751471,0.31621511944641423,0.00020893284406510343,0.46269325210782697,0.0001738274172764422,0.000416861691235615
4000.0,350.0,1.7782794100389227e-07,2.805237256680128,2.9942116545975557,0.0013576332721959644,0.21377499244428858,0.31627818062397356,0.0002250054327852652,0.4626379343168116,0.0003090719278957074,0.0007410561955378443
4000.0,350.0,3.162277660168379e-07,2.805183439474606,2.993439397590353,0.0013571604131391902,0.2137519102231073,0.31639035246977887,0.0002535714945868254,0.4625397526676601,0.0005494841463339217,0.001317045551937023
4000.0,350.0,5.62341325190349e-07,2.805087807130665,2.992067671140842,0.0013563200914786314,0.21371086241931714,0.31658957192045445,0.0003043207504710789,0.4623652387060603,0.0009767188878417124,0.0023396773240351595
4000.0,350.0,1e-06,2.8049179661116996,2.9896332868988957,0.0013548282234597422,0.21363797618281227,0.3169432054897313,0.0003944120004335979,0.4620554001803362,0.0017355605424379768,0.0041530394610523975
4000.0,350.0,1.778279410038923e-06,2.8046166350780215,2.985319791697768,0.0013521836695651562,0.21350880880002107,0.3175702202569332,0.0005541309157609286,0.4615062079553767,0.003082150753786212,0.007361476319620597
4000.0,350.0,3.162277660168379e-06,2.804082967092039,2.9776979050585832,0.0013475061584424205,0.21328032746442163,0.3186791615592354,0.0008366207136569459,0.4605348103970043,0.005467816709102005,0.01301620608837809
4000.0,350.0,5.623413251903491e-06,2.803140797341625,2.96429607602126,0.0013392674190822555,0.21287786189010716,0.3206322679138664,0.0013341678578151564,0.45882380181790944,0.009682127382327337,0.022914378670864613
4000.0,350.0,1e-05,2.801486649608118,2.940933466280687,0.0013248627191321416,0.212174174611467,0.3240470472839835,0.0022040778184229163,0.45583224122227856,0.017088830655265747,0.040034374393963235
4000.0,350.0,1.778279410038923e-05,2.79861059568005,2.9008133251604735,0.0012999965211517518,0.2109592373301562,0.32994099510956193,0.0037056574055373786,0.4506678056831225,0.029990080493250897,0.06904162542583406
4000.0,350.0,3.1622776601683795e-05,2.7936933829912665,2.8336635308451044,0.0012580069598905053,0.20890745288293025,0.3398926948655703,0.006241133884904901,0.4419467702688708,0.052115042694653946,0.11651597083315375
4000.0,350.0,5.623413251903491e-05,2.7855224320566485,2.725984430798725,0.0011896655412613275,0.2055669014352384,0.35608510861173004,0.01036721110562875,0.4277512224178567,0.08906471462387325,0.18997479225685138
4000.0,350.0,0.0001,2.7725636219022975,2.56470394656699,0.0010848433236830565,0.20044060310654296,0.38091001902001936,0.016694373828252528,0.4059749313990415,0.14812054719594092,0.29432214588840283
4000.0,350.0,0.00017782794100389227,2.7534487496055053,2.3464500245787048,0.0009378530900844399,0.1932463344443183,0.4156966144332217,0.025563626117368322,0.3754313922764522,0.23618784130529663,0.42586068289093076
4000.0,350.0,0.00031622776601683794,2.7280458886977157,2.088790484980652,0.0007556992297969603,0.18431995805392845,0.45875712472373403,0.03654844955933875,0.3375675403522544,0.35482205323031496,0.5688166844464291
4000.0,350.0,0.0005623413251903491,2.698557803533361,1.8298706066092678,0.0005616350101430255,0.17479357289904798,0.5045624597671923,0.04824241544677878,0.29720788231612766,0.49449590610943334,0.7011787711810892
4000.0,350.0,0.001,2.6692330129465582,1.6088004567992873,0.0003855145931256951,0.1661297057008216,0.5460531943125119,0.05884490387093899,0.2605575565176371,0.6350786524476287,0.8067457142399668
4000.0,350.0,0.0017782794100389228,2.644232063237891,1.4447707884390248,0.00024747307898120434,0.1593237359174056,0.5785069712658755,0.06714649610156596,0.23181261451450816,0.7559298034295281,0.8813657319179546
4000.0,350.0,0.0031622776601683794,2.6255799805651265,1.3351619245615665,0.0001511878985942766,0.15456682153261275,0.6011018335455285,0.07293152752425491,0.21175088851236432,0.8465151642895551,0.9297242330590947
4000.0,350.0,0.005623413251903491,2.6130142145000175,1.2668550581799098,8.935785770023496e-05,0.15150725436350487,0.6155900856536297,0.07664369017654059,0.19886215320010564,0.9076811330887578,0.9593235561593949
4000.0,350.0,0.01,2.60512444112448,1.2260845513701122,5.173351698900584e-05,0.149643417882526,0.6243974841757998,0.07890144260477747,0.19101668443487507,0.9461246834828859,0.9768114853405911
4000.0,350.0,0.01778279410038923,2.600388990226471,1.202362962579545,2.9582991796874566e-05,0.14854528527546892,0.6295790216216185,0.08023017835053703,0.18639680482509294,0.9692084881135904,0.9869286550697124
4000.0,350.0,0.03162277660168379,2.597623647460539,1.1887629418203012,1.679514395477844e-05,0.14791106630040876,0.6325693244329259,0.08099713925613919,0.18372936944062415,0.9826911631683625,0.9927105596492869
4000.0,350.0,0.05623413251903491,2.5960346515111192,1.1810310848468601,9.495764345709272e-06,0.14754895397547665,0.63427579004777,0.08143487137571216,0.18220666337818123,0.9904391101477275,0.9959918218364988
4000.0,350.0,0.1,2.5951300741649406,1.1766562786518797,5.356176078551301e-06,0.14734358244517043,0.6352434997709105,0.08168310907757072,0.18134309889231,0.994850010006671,0.9978465576403028
4000.0,350.0,0.1778279410038923,2.594617855243742,1.1741875957278942,3.0171824532561164e-06,0.14722750492272177,0.635790127995609,0.081823350686248,0.18085511408445812,0.9973477430885227,0.998892589890965
4000.0,350.0,0.31622776601683794,2.5943286850542373,1.172796640417318,1.6983305975891938e-06,0.14716211508138072,0.636098610628607,0.0819024605351793,0.18058003642615225,0.9987578388861575,0.9994817810116265
4000.0,350.0,0.5623413251903491,2.5941657141754,1.1720135891688823,9.555618225106177e-07,0.14712522768504238,0.6362720852409317,0.08194698108643793,0.1804250406350557,0.9995525469855265,0.999813412958546
4000.0,350.0,1.0,2.5940739552295686,1.1715729749601995,5.375166486916854e-07,0.1471044831081871,0.6363697911644194,0.08197204728463485,0.1803378259771697,1.0,1.0
4000.0,360.0,0.0,2.8228506950363856,2.9858102139430214,0.0025274109582379867,0.20293829921156847,0.1991857770010341,9.539982896300074e-06,0.590980825305552,0.0,0.0
4000.0,360.0,1e-08,2.8228438340264375,2.985719245839124,0.0025273002202020256,0.2029360403999812,0.19920457764205757,1.2412102131613292e-05,0.5909634382621073,3.26946417188082e-05,9.262130287088418e-05
4000.0,360.0,1.7782794100389228e-08,2.822838494555891,2.985648453635899,0.0025272143090546693,0.2029343040121601,0.19921922972270056,1.4647240786395999e-05,0.5909499698357028,5.813872926672322e-05,0.0001646946850499062
4000.0,360.0,3.162277660168379e-08,2.822829000160409,2.985522579152808,0.0025270607312565725,0.20293115081684912,0.19924521824463262,1.8621560446577232e-05,0.5909258301446665,0.00010338222875429321,0.0002928356361918506
4000.0,360.0,5.6234132519034905e-08,2.822812118606792,2.9852987828890085,0.002526787147095055,0.20292550225585307,0.1992913838075011,2.5687812815882905e-05,0.5908827872651891,0.00018382770245673946,0.0005206249406142085
4000.0,360.0,1e-07,2.8227821052351687,2.9849009488553113,0.00252630141996169,0.20291551161243318,0.19937350455381928,3.8249814709796926e-05,0.5908064166698517,0.0003268502703312872,0.000925441671470795
4000.0,360.0,1.7782794100389227e-07,2.822728754401595,2.9841939256644734,0.00252543900930657,0.20289782618531582,0.19951953027733826,6.05766588782694e-05,0.5906708883205852,0.0005810833346413276,0.001644509535830903
4000.0,360.0,3.162277660168379e-07,2.8226339490959353,2.982938020629623,0.0025239060475965337,0.20286634139987278,0.19977889470584503,0.00010024236107014712,0.5904299204129874,0.0010328615656942017,0.002920659733648624
4000.0,360.0,5.62341325190349e-07,2.8224655715242,2.9807090236825537,0.0025211845942301574,0.20281044605274745,0.20023933923500656,0.0001706602342896714,0.5900021313379731,0.0018352416389402421,0.005181971256112445
4000.0,360.0,1e-06,2.8221668200668,2.9767589539264465,0.002516359240135234,0.2027113199491697,0.201055664501501,0.00029550843462161863,0.5892436025421812,0.003258919028293162,0.009177981786005143
4000.0,360.0,1.778279410038923e-06,2.8216376676680777,2.9697776665645534,0.002507824012392322,0.2025359904424787,0.2024996363085563,0.00051634690360165,0.5879019043891983,0.0057806114398812804,0.01620527370713692
4000.0,360.0,3.162277660168379e-06,2.820703304805311,2.957497355141753,0.0024927888816897335,0.20222718408604295,0.2050434276258601,0.0009053810750050489,0.585538507200682,0.010233516499103182,0.028458616672481042
4000.0,360.0,5.623413251903491e-06,2.8190623530576655,2.936074905907976,0.002466491246957905,0.2016869584050653,0.2094923097156812,0.0015857898307610723,0.5814046114441442,0.018054301542306993,0.049510885950203254
4000.0,360.0,1e-05,2.8162076935922835,2.899241988154904,0.0024210704231479017,0.20075378488860132,0.21717590687880467,0.002760934701959642,0.5742644829327022,0.03166085289860115,0.08477777406216842
4000.0,360.0,1.778279410038923e-05,2.8113224977781206,2.8374662874693968,0.0023442962437199215,0.19917615421347318,0.2301621354625209,0.004747135357340614,0.5621952386380141,0.054948276990146615,0.1414280426177221
4000.0,360.0,3.1622776601683795e-05,2.8031919955652276,2.738063183580405,0.0022191422609567917,0.19660340727330314,0.2513277417520444,0.007984538547758876,0.5425192405713117,0.0937072156263921,0.22656332259714687
4000.0,360.0,5.623413251903491e-05,2.7902645617747015,2.5883611386448346,0.002026698527405452,0.19264492311027667,0.283862842572367,0.012961473704972961,0.5122611429568285,0.15531396730602856,0.3425055546989604
4000.0,360.0,0.0001,2.771122085773456,2.384123198645341,0.00175584905019549,0.18706799136878782,0.32962989365078527,0.019963662118469463,0.4696679625333326,0.24641470642250862,0.480894706974661
4000.0,360.0,0.00017782794100389227,2.7455445679078356,2.140355989116493,0.001418594193941469,0.180112982108947,0.38657321704728775,0.028677950182981818,0.416618226560889,0.3676986969997702,0.6222867558504085
4000.0,360.0,0.00031622776601683794,2.7156522647497376,1.8921811260118706,0.001057303681420211,0.17264586784410949,0.4475066118260098,0.038006176532434044,0.35976664044855494,0.5084198355129367,0.7455561793453287
4000.0,360.0,0.0005623413251903491,2.6857046834541287,1.677410351197464,0.0007276318856097879,0.16581366157162217,0.5030302279867139,0.0465099850105741,0.30786664595228724,0.6478438525539165,0.8390184475820391
4000.0,360.0,0.001,2.6599929688777073,1.5161263670422875,0.0004680390379448911,0.16041786920083265,0.5466850103161385,0.05319922812231576,0.26697871147924795,0.7659638339329572,0.9026504429811038
4000.0,360.0,0.0017782794100389228,2.6406991859622764,1.4073364563742303,0.00028634367503117895,0.1566310876253752,0.5771979945561835,0.057876803270615694,0.23834725125173492,0.8534705907701373,0.9428621233721529
4000.0,360.0,0.0031622776601683794,2.627645897178031,1.339094262928955,0.00016939440093537635,0.1541885020699886,0.5968162659301007,0.060885298947623866,0.21991177474266224,0.912065423090627,0.9670890937350033
4000.0,360.0,0.005623413251903491,2.6194268259539144,1.2981900434577014,9.812486080171978e-05,0.15269779248654486,0.6087626845727288,0.06271774702589451,0.20867429111688732,0.9486919703287545,0.9812678616402832
4000.0,360.0,0.01,2.6144850181138772,1.2743292550353205,5.612945966161466e-05,0.15181850965801713,0.6157984057881104,0.06379712889668605,0.20205149541140702,0.9706106836034682,0.9894253230753997
4000.0,360.0,0.01778279410038923,2.611596120941245,1.2606286162544549,3.187236085219573e-05,0.15131033298308044,0.6198611224446907,0.0644204679824044,0.19822570748987292,0.9833872573853676,0.994072460295858
4000.0,360.0,0.03162277660168379,2.609935106937929,1.2528327074894863,1.8022170588681637e-05,0.1510200793575914,0.6221804259432511,0.0647763365804177,0.19604115413436787,0.9907209156993099,0.9967049646405833
4000.0,360.0,0.05623413251903491,2.6089891971339148,1.2484194444847507,1.016619503015657e-05,0.15085541705726385,0.6234958461031606,0.06497817719817676,0.19480201710792158,0.9948931871110758,0.9981914646157285
4000.0,360.0,0.1,2.608453465872898,1.245928350991263,5.7269071125425675e-06,0.15076234682986692,0.6242390773346627,0.06509222455272244,0.1941017718952282,0.9972549016326259,0.9990293343930404
4000.0,360.0,0.1778279410038923,2.608150987490086,1.2445245426504854,3.2236595798813168e-06,0.1507099042722012,0.6246583333428826,0.06515655074093477,0.1937069633478762,0.9985879234350128,0.9995011213813729
4000.0,360.0,0.31622776601683794,2.607980505406898,1.2437341839055323,1.8138042985747744e-06,0.15068029964359916,0.6248941787284868,0.06519275029003106,0.19348451526957697,0.9993391033276711,0.9997666224981089
4000.0,360.0,0.5623413251903491,2.607884513884039,1.2432894351043242,1.020296053691595e-06,0.15066365624613878,0.625026998186475,0.06521313267915463,0.19335933923282295,0.9997620194863529,0.9999159867191783
4000.0,360.0,1.0,2.6078304951158837,1.2430392403541857,5.738556533936544e-07,0.1506543216113383,0.6251018457448375,0.06522461278496729,0.19328895065402693,1.0,1.0
4000.0,370.0,0.0,2.8004636843824575,2.2551911140712475,0.004819442339897401,0.16316450741087588,0.09466575864744045,1.251502273030138e-07,0.7348261190310408,0.0,0.0
4000.0,370.0,1e-08,2.800452928850337,2.2551140246190076,0.004819065512502732,0.16316383928261538,0.09470642210586168,4.2332379553806466e-06,0.7347849270506667,7.410449260379472e-05,0.0002486879773031945
4000.0,370.0,1.7782794100389228e-08,2.8004445589517033,2.255054036203511,0.004818771529775922,0.16316329408801095,0.09473805056188722,7.430032374482328e-06,0.7347527588135571,0.0001317708946594975,0.0004421511352111261
4000.0,370.0,3.162277660168379e-08,2.800429676901797,2.2549473788850287,0.004818248832473331,0.16316232466040806,0.09479428521386013,1.3113862670566688e-05,0.7346955640178404,0.0002343014433729436,0.0007859977954433103
4000.0,370.0,5.6234132519034905e-08,2.8004032186820638,2.2547577719443757,0.004817319585779127,0.16316060042310573,0.09489425551620755,2.321825551629792e-05,0.7345938825374365,0.00041657747901072096,0.0013968692292374717
4000.0,370.0,1e-07,2.8003561882440122,2.2544207860850793,0.004815668535223492,0.16315755366324375,0.09507194578054884,4.117706923164661e-05,0.7344132413098245,0.0007405510892181832,0.002481326312101507
4000.0,370.0,1.7782794100389227e-07,2.8002726171274968,2.2538221256892776,0.0048127338083347425,0.16315209026066624,0.09538759845657124,7.308244431737317e-05,0.7340920888974232,0.0013161482868749728,0.004403987005949157
4000.0,370.0,3.162277660168379e-07,2.8001242005269984,2.2527594166078364,0.00480752679969658,0.16314249064279593,0.09594802622516185,0.0001297232371002715,0.7335224030190413,0.0023380847493206847,0.007804769390152136
4000.0,370.0,5.62341325190349e-07,2.7998608929806803,2.250875534272073,0.004798291929595048,0.16312536452792975,0.09694157017661788,0.00023014406153346574,0.7325119032926701,0.00415021690761645,0.013795267601116616
4000.0,370.0,1e-06,2.799394604916054,2.2475440340698887,0.004781958245655292,0.1630951107498356,0.09869899564610365,0.000407770653689882,0.7307246857386962,0.0073564868191767175,0.024271260651800727
4000.0,370.0,1.778279410038923e-06,2.7985715136936595,2.241677725847612,0.004753185604603948,0.1630418225304881,0.10179481425742447,0.0007206710474486565,0.7275764155292526,0.01300742634203824,0.04236092489245543
4000.0,370.0,3.162277660168379e-06,2.7971268080597365,2.231425503871649,0.00470286484199283,0.16294858573732238,0.10720896173123196,0.001267891949116759,0.7220703194883654,0.022899053169786503,0.07292540603965166
4000.0,370.0,5.623413251903491e-06,2.7946160670525737,2.213741998075359,0.004615962819981282,0.16278753566003146,0.11655885215845108,0.0022129099451242123,0.712561457992764,0.0400079940395392,0.12271705678523522
4000.0,370.0,1e-05,2.7903268857298267,2.1839206766088717,0.004469096613017833,0.16251496506201535,0.13235879845368254,0.0038098763962420065,0.6964907580189472,0.06899728597617451,0.19920068917206968
4000.0,370.0,1.778279410038923e-05,2.7832094003469297,2.135493048159716,0.004229758072526514,0.16207006028653873,0.1581041308418438,0.006412108771193499,0.6703003975920164,0.11644433305155406,0.30668920428682983
4000.0,370.0,3.1622776601683795e-05,2.771947547428967,2.0614757946715,0.0038619158419719887,0.1613842464940724,0.19766434809777972,0.010410819155850565,0.6300453864855472,0.1898660389649918,0.44029044331312844
4000.0,370.0,5.623413251903491e-05,2.7553976993851954,1.958216271693702,0.0033445711487490827,0.1604152504771777,0.2532853841377033,0.01603321827881151,0.5734235121520102,0.29417137389281495,0.5831425845374049
4000.0,370.0,0.0001,2.733526423509423,1.8311202323304907,0.0027009655919838513,0.15920132857350197,0.3224475012840831,0.02302492838820321,0.5029714031724625,0.4256748458623047,0.7132819663715038
4000.0,370.0,0.00017782794100389227,2.708329193729019,1.6967643720555265,0.0020121818637726737,0.15788986277751388,0.3964154535625215,0.03050323409778743,0.4275572881560063,0.5686153853614043,0.8156428471299402
4000.0,370.0,0.00031622776601683794,2.6834940643634146,1.575760164229182,0.0013842624217619748,0.1566808173913912,0.4637936950527017,0.03731614407910088,0.35878901529868723,0.7009841920711045,0.8872432514503624
4000.0,370.0,0.0005623413251903491,2.6625105295767084,1.481524620296398,0.0008901783893248111,0.1557184487903781,0.5167670526749952,0.04267319846609745,0.304663259253569,0.8065709971220042,0.9333160035989977
4000.0,370.0,0.001,2.646976852458612,1.4161021971225167,0.0005445208258864968,0.15503841216239292,0.553799906504025,0.04641865370906034,0.26678816939853156,0.8812128188962287,0.9613897876804705
4000.0,370.0,0.0017782794100389228,2.636573049736095,1.3742207337448447,0.0003220976619150263,0.1545974312064631,0.577616260545525,0.04882762047228537,0.24241180529474582,0.9295888852793507,0.9779315083039627
4000.0,370.0,0.0031622776601683794,2.6300666439417992,1.3487839525265595,0.00018657204708417564,0.15432734955043195,0.5921223966350381,0.0502949675203883,0.22755707398724417,0.9592002925772837,0.9874861007893369
4000.0,370.0,0.005623413251903491,2.626171275799008,1.333825519756163,0.00010672030222601693,0.15416767870846318,0.6006672761964637,0.051159345942548666,0.21880393595476053,0.9766958370355104,0.9929415108053927
4000.0,370.0,0.01,2.623899945918172,1.3251954201729519,6.059883274694704e-05,0.154075294794333,0.6056020670428395,0.05165854688282397,0.21374800688939413,0.9868175737114001,0.9960358747078006
4000.0,370.0,0.01778279410038923,2.622595967870653,1.3202711483278442,3.426522532593748e-05,0.1540224430535223,0.6084192315796456,0.051943536308987535,0.21086112346124192,0.9926021413789692,0.9977844504556027
4000.0,370.0,0.03162277660168379,2.6218540216150377,1.3174791107939305,1.9328720516740864e-05,0.15399249958778727,0.6100172721516492,0.05210519483023395,0.2092237201342442,0.995884932062559,0.998770446454918
4000.0,370.0,0.05623413251903491,2.621434014535395,1.3159017140186824,1.0888389872716367e-05,0.15397551623319244,0.6109200440458562,0.05219652357416657,0.2082983705218541,0.9977405373530357,0.999325769258768
4000.0,370.0,0.1,2.621196940886627,1.3150123513071368,6.129032949207481e-06,0.15396594492184787,0.6114291226608888,0.052248024082391556,0.20777658897267587,0.9987870617288988,0.9996383215747153
4000.0,370.0,0.1778279410038923,2.6210633430112478,1.3145114876223425,3.4485217315216853e-06,0.15396054662689052,0.6117158097536964,0.05227702701736381,0.20748270677560904,0.9993765306019909,0.9998141685577623
4000.0,370.0,0.31622776601683794,2.620988126135635,1.3142295973964726,1.939852361219652e-06,0.15395755135559228,0.6118773366942746,0.05229336533652248,0.20731735926759715,0.9997083190609765,0.9999130817630132
4000.0,370.0,0.5623413251903491,2.620945800307593,1.3140710048410649,1.0910508076041126e-06,0.1539558530386391,0.6119681621390932,0.05230255307516069,0.2072243144489279,0.9998949942171256,0.9999687133437725
4000.0,370.0,1.0,2.6209219897981275,1.3139817982691275,6.136034707802014e-07,0.15395486986517037,0.6120191402396523,0.0523077116670011,0.20717193962453906,1.0,1.0
4000.0,380.0,0.0,2.702881564886354,1.062932465726607,0.009371686233780417,0.1003622299979116,0.028523028785598745,2.4777936208235113e-10,0.8614875996860302,0.0,0.0
4000.0,380.0,1e-08,2.7028726744111315,1.062992867609039,0.009370349820307964,0.10037031017309708,0.028604087136687488,6.032599096185876e-06,0.8613964064017009,0.00022310333195069506,0.000864706890573557
4000.0,380.0,1.7782794100389228e-08,2.7028657567193406,1.0630398624004893,0.009369311869754902,0.10037661744802047,0.028667162965638992,1.0726265671161669e-05,0.8613256241814087,0.00039667118791773733,0.001536656326716329
4000.0,380.0,3.162277660168379e-08,2.702853458549819,1.063123400394094,0.009367463712842323,0.10038779838635375,0.028779285811202246,1.907034210733787e-05,0.8611995203334074,0.0007051745135917417,0.002729340194930474
4000.0,380.0,5.6234132519034905e-08,2.702831599774715,1.063271853565094,0.00936418090269553,0.10040769100705987,0.028978568295819917,3.390031948870654e-05,0.8609755726439106,0.0012533095039915245,0.004843241628577974
4000.0,380.0,1e-07,2.7027927629020625,1.0635355267124837,0.009358348010642075,0.10044302243686512,0.02933260084425973,6.024649688220993e-05,0.8605776432951938,0.0022265627377625616,0.008580294717605165
4000.0,380.0,1.7782794100389227e-07,2.702723807838783,1.0640034079066418,0.009347994817925172,0.10050575791038231,0.029961085776568672,0.00010701638841306439,0.8598713647065703,0.00395260156310453,0.01515694652923086
4000.0,380.0,3.162277660168379e-07,2.7026015260596727,1.0648322725177162,0.009329641076247628,0.10061698390507459,0.031075281351965484,0.00018993120542643694,0.8586193166969042,0.007007274963391345,0.02663904633106381
4000.0,380.0,5.62341325190349e-07,2.702385142409667,1.0662963138675152,0.009297179045976326,0.10081368483122818,0.033045857198946274,0.00033657537338667795,0.8564048026221228,0.012393307454231955,0.046409488366058516
4000.0,380.0,1e-06,2.7020036922711004,1.068868876246515,0.009240006842724647,0.10116011074578843,0.03651642394492841,0.000594844287909276,0.8525045893227112,0.02182822967388382,0.07965207383265699
4000.0,380.0,1.778279410038923e-06,2.701335736046414,1.0733482180404716,0.009140056609601467,0.10176573869615847,0.04258375950155717,0.0010463568221945076,0.8456861079052104,0.038168299745018085,0.13337557710385
4000.0,380.0,3.162277660168379e-06,2.700179655642807,1.081024757293712,0.00896755747914624,0.10281095347008865,0.05305504008329325,0.0018255975733890107,0.8339184185408357,0.06591591730614237,0.21487457478585284
4000.0,380.0,5.623413251903491e-06,2.698218590651717,1.0938277570736559,0.008676361335522412,0.10457526564242635,0.07073118569130783,0.0031410039779179444,0.8140531919485409,0.11149725409234496,0.32736209677661926
4000.0,380.0,1e-05,2.695002821357756,1.1142358969116375,0.008202689871252262,0.10744498015761567,0.09948320955443149,0.005280646968067811,0.7817393434859702,0.18244235937582787,0.4639403104510212
4000.0,380.0,1.778279410038923e-05,2.6900114067615926,1.144506457136732,0.007476799068362553,0.11184224065666837,0.14354308894616216,0.008559463492833541,0.7322183778440635,0.28409616313591024,0.6061516923281417
4000.0,380.0,3.1622776601683795e-05,2.6828876887512436,1.1848580794637624,0.006460133353400521,0.1179998738310012,0.2052482703385999,0.013151409871268635,0.6628589604964866,0.41372851853004083,0.732398250173909
4000.0,380.0,5.623413251903491e-05,2.6738492506599125,1.2314824765733046,0.005202157224366597,0.12561718637764463,0.281592382138089,0.018832774281281793,0.5770341223915276,0.5565317298296824,0.8295576431548674
4000.0,380.0,0.0001,2.6639485771164635,1.2770615244677557,0.0038640313125105196,0.1337174568218224,0.36279163270659665,0.024875479630454656,0.48573775758786986,0.6905705395756756,0.8964312059059306
4000.0,380.0,0.00017782794100389227,2.6547054722908086,1.3147909154422581,0.002651246563354482,0.14105669921420136,0.43637633915846885,0.030351554843661196,0.40298982224607827,0.7987519283245144,0.9389981659936808
4000.0,380.0,0.00031622776601683794,2.6472783995856304,1.341956999794255,0.001701527414594127,0.14680227929065187,0.4939932792716033,0.034639353324167545,0.33818836335023844,0.87591440797525,0.9647598891405393
4000.0,380.0,0.0005623413251903491,2.641997860188626,1.3596589217839983,0.0010394073828125675,0.15080712756576256,0.5341592117358793,0.03762847536874611,0.2930092697110045,0.9262312878733661,0.9798774571543271
4000.0,380.0,0.001,2.6385617530903684,1.3704876357016977,0.0006143100123881354,0.15337788786129647,0.5599450154492404,0.039547443867720355,0.26400254118337424,0.9571507828552657,0.9885886638441939
4000.0,380.0,0.0017782794100389228,2.636453046202842,1.3768712382744117,0.0003556510881722539,0.15494201073348052,0.5756344914684915,0.040715049421028535,0.2463526704842564,0.9754622615810946,0.9935557166641619
4000.0,380.0,0.0031622776601683794,2.6352051783943358,1.3805567027515542,0.00020337372483250518,0.15586274128811953,0.5848708081518746,0.041402414340596105,0.2359617218866638,0.9860706914216568,0.9963708837760196
4000.0,380.0,0.005623413251903491,2.6344825757658086,1.3826598507096068,0.00011546157750416485,0.1563942632483914,0.5902029651133147,0.04179923285266665,0.22996281870059845,0.9921382338597988,0.9979609877314178
4000.0,380.0,0.01,2.6340693869575884,1.3838522927688177,6.528064863115355e-05,0.15669763022434077,0.5932464878138433,0.04202573186782936,0.22653855650264496,0.9955831790955448,0.9988574003915658
4000.0,380.0,0.01778279410038923,2.6338348269301575,1.3845259464510895,3.6822220497924506e-05,0.15686971796022456,0.5949726842613364,0.04215419485311022,0.22459666250403684,0.9975309438938869,0.9993621980539088
4000.0,380.0,0.03162277660168379,2.633702218246348,1.3849057497802282,2.0742309703518208e-05,0.1569669414459718,0.5959479959812787,0.04222677739383128,0.22349941477045188,0.9986296041107033,0.9996462908376875
4000.0,380.0,0.05623413251903491,2.6336274222401213,1.3851196390589693,1.1675561148552234e-05,0.15702173801946984,0.5964978419017252,0.04226769715528971,0.22288069230122343,0.9992484899172474,0.9998061189149711
4000.0,380.0,0.1,2.6335852900518453,1.3852400159690599,6.569231930838052e-06,0.1570526372058545,0.5968076562644473,0.04229075315299913,0.22253228606419054,0.9995968520703191,0.9998960193007731
4000.0,380.0,0.1778279410038923,2.633561574787135,1.3853077399193545,3.6952845380698388e-06,0.15707004679347122,0.5969820979832983,0.04230373463246838,0.22233622255139027,0.9997928572260293,0.9999465811052614
4000.0,380.0,0.31622776601683794,2.633548231560655,1.3853458337121356,2.0783689937221434e-06,0.15707976842969676,0.5970799626175505,0.04231101844180561,0.2222258115069295,0.999903112795258,0.9999750163437571
4000.0,380.0,0.5623413251903491,2.6335407258495187,1.385367258530639,1.1688665427949835e-06,0.15708531676477835,0.597135314807528,0.042315137077253324,0.2221638192342336,0.999965124741184,0.9999910073638826
4000.0,380.0,1.0,2.6335365043619445,1.3853793075732654,6.573378150955769e-07,0.15708840675091904,0.597166330243997,0.042317445279618324,0.222128909921601,1.0,1.0
4000.0,390.0,0.0,2.4789029556382043,0.2413193381399338,0.01875891073807763,0.040395402704334026,0.0041505637340308035,4.506016479500229e-14,0.9381211017837776,0.0,0.0
4000.0,390.0,1e-08,2.478960477710696,0.24154330308907027,0.01875393808422772,0.040427224350952896,0.004303883271259914,9.184396874593326e-06,0.9379357420507244,0.0010520176561994803,0.004321314151697444
4000.0,390.0,1.7782794100389228e-08,2.4790052180706965,0.24171756488427004,0.01875007549286722,0.04045199110594153,0.004423153817340635,1.6329059968281083e-05,0.9377918334034226,0.0018692508768213543,0.0076587462222280035
4000.0,390.0,3.162277660168379e-08,2.4790847187050877,0.2420273526491453,0.018743201441440777,0.04049598821690776,0.004635126574023712,2.9026985472325047e-05,0.937535609130206,0.003319221590491295,0.013538691572299455
4000.0,390.0,5.6234132519034905e-08,2.4792259029056476,0.24257793076186798,0.018730996800954625,0.040574162682661875,0.005011691517194187,5.1584479432817474e-05,0.9370807798133631,0.005887295013954893,0.02382454059847001
4000.0,390.0,1e-07,2.4794763683369325,0.2435560291191936,0.0187093246145731,0.04071290980588908,0.005680116704733612,9.162548206438402e-05,0.936273020218808,0.010421505033251167,0.04159542322512803
4000.0,390.0,1.7782794100389227e-07,2.4799198797857,0.2452922538562588,0.018670918157175653,0.040958869455886365,0.006864953706480265,0.00016260123411798675,0.9348416622548203,0.018383245622868895,0.07164881292374049
4000.0,390.0,3.162277660168379e-07,2.4807026573107547,0.24836993289836734,0.01860299935092957,0.04139374787103351,0.008959947510486867,0.0002880985902191741,0.9323102960369073,0.03222943530937137,0.12068205546003963
4000.0,390.0,5.62341325190349e-07,2.482076267331852,0.25381194835461585,0.018483431028490423,0.04215931200601677,0.01264802056914112,0.0005090269231907654,0.927853895329029,0.05591052260123619,0.19618034381492627
4000.0,390.0,1e-06,2.484462424982091,0.2633919303378846,0.018274537313867065,0.0434966114846502,0.01909063169431997,0.0008949619105134651,0.9200679856153712,0.09527861600345205,0.3026534923613491
4000.0,390.0,1.778279410038923e-06,2.4885357216679505,0.2801225011940084,0.017914446917620612,0.04580136872556343,0.030194658912736694,0.0015601327969528274,0.9066459479765014,0.15773549148517524,0.43559803643712497
4000.0,390.0,3.162277660168379e-06,2.495286284083237,0.3089267254847828,0.017307829702160014,0.04968268180118466,0.048895920002129015,0.0026804071978858693,0.8840328580837507,0.24982854487357992,0.5784956285650885
4000.0,390.0,5.623413251903491e-06,2.5059446976706257,0.35726980147348253,0.01632447710776522,0.055971127990680464,0.07919938052475663,0.004495701226359473,0.8473711102253527,0.3719458310628354,0.7093541878344957
4000.0,390.0,1e-05,2.521554528463109,0.43486563277068163,0.014825827041730754,0.06554757773125719,0.12535607916761152,0.007260676571852464,0.7914870035027731,0.5129402245026193,0.8127380208883592
4000.0,390.0,1.778279410038923e-05,2.542080519720823,0.5504900598254301,0.012744118320480557,0.07883689109024657,0.18942343693820798,0.011098593805862427,0.7138416333616673,0.6519057035772153,0.8852946927527083
4000.0,390.0,3.1622776601683795e-05,2.565572827314752,0.7043574711652407,0.010196714375015998,0.09508169745278312,0.2677598818718811,0.01579131934825238,0.6188004030182418,0.7690734224395078,0.9320879945671932
4000.0,390.0,5.623413251903491e-05,2.588554782939656,0.8805518554042525,0.007521904051620934,0.11212184393836319,0.34995206160683406,0.02071504835709523,0.5189802562928055,0.8555433763098748,0.9606413469658156
4000.0,390.0,0.0001,2.607831887575974,1.0508695307902471,0.005128821234585222,0.12735462362790104,0.423441528956796,0.02511746027671233,0.42965503289560386,0.9132870944322727,0.9774800285235096
4000.0,390.0,0.00017782794100389227,2.6220161721218425,1.1909925480087395,0.00327547435426637,0.1391448038427772,0.4803307715107392,0.028525440885941892,0.3604658028371808,0.9493179352861667,0.9872110134653643
4000.0,390.0,0.00031622776601683794,2.631474181684351,1.2920670941498698,0.001994042509550513,0.1472935480563459,0.5196533619421285,0.030881086695349728,0.3126226212789353,0.9708567718519713,0.992768737783251
4000.0,390.0,0.0005623413251903491,2.6373716943190653,1.3583878032503243,0.0011759320436907686,0.15249471688600497,0.544753648164223,0.03238473793672444,0.28207598405866774,0.9834038457905708,0.9959216522057331
4000.0,390.0,0.001,2.6408960491603923,1.3992794174272558,0.0006798897216091738,0.15564790241898346,0.5599710904377377,0.033296350748003696,0.26355410920719863,0.9906030910959075,0.9977034793763914
4000.0,390.0,0.0017782794100389228,2.6429487978162016,1.4235412298778785,0.0003884791658175564,0.15750014381463884,0.5689103028142987,0.033831861530260646,0.25267279760651584,0.9946980195928767,0.9987082780482417
4000.0,390.0,0.0031622776601683794,2.644126536714441,1.4376110612706448,0.00022045157683685314,0.15856805504451066,0.5740643236795175,0.03414061748342085,0.24639848533126207,0.9970156737454914,0.9992742074317205
4000.0,390.0,0.005623413251903491,2.6447964096251577,1.4456628617728209,0.00012460856316432744,0.15917723860456548,0.5770043483962304,0.03431674206345025,0.24281968397624135,0.998323737084441,0.9995927347495939
4000.0,390.0,0.01,2.6451755380010553,1.4502358227521268,7.027639686442669e-05,0.15952253143956058,0.5786708453847584,0.034416574996391024,0.2407908400455878,0.9990608240265608,0.9997719450436869
4000.0,390.0,0.01778279410038923,2.6453895124260915,1.4528218146589649,3.9584083226559216e-05,0.15971760336185853,0.5796123081805401,0.03447297410930317,0.23964476651840116,0.999475796798525,0.999872750628712
4000.0,390.0,0.03162277660168379,2.6455100852132065,1.4542806166579174,2.228029840089251e-05,0.15982758757001517,0.5801431104421674,0.03450477225138056,0.23899863957045756,0.9997093046063393,0.9999294467053378
4000.0,390.0,0.05623413251903491,2.645577966300453,1.4551024187017547,1.2535633074643434e-05,0.1598895026003832,0.5804419500592958,0.03452267451774473,0.23863473774652816,0.9998406636326179,0.9999613320767623
4000.0,390.0,0.1,2.6456161633498354,1.4555650137693494,7.051362018832609e-06,0.1599243523740881,0.5806101512977043,0.03453275076353539,0.23842994099180612,0.9999145474069399,0.9999792634320832
4000.0,390.0,0.1778279410038923,2.6456376509489985,1.455825296301177,3.9659233315137725e-06,0.1599439641420627,0.5807048004118458,0.034538420795109874,0.23831473077789325,0.9999561001034094,0.9999893472567001
4000.0,390.0,0.31622776601683794,2.64564973678792,1.4559717101903353,2.230408766594944e-06,0.1599550130989219,0.5807581031486315,0.03454161391113065,0.2382499529368947,0.999979468418933,0.9999950178973365
4000.0,390.0,0.5623413251903491,2.645656533937132,1.4560540594065112,1.254315990512462e-06,0.15996119644871026,0.5807879698622866,0.03454340313330842,0.2382134745021231,0.9999926098682469,0.9999982067611584
4000.0,390.0,1.0,2.6456603565025008,1.4561003724030384,7.053744992152754e-07,0.1599647274581575,0.5808049610303953,0.03454442093782523,0.23819303928555433,1.0,1.0
4000.0,400.0,0.0,1.9510254608315643,0.016598639063277437,0.03983132689068531,0.00858677628107245,0.00018627093141041152,4.485970088208225e-19,0.9330997895611485,0.0,0.0
4000.0,400.0,1e-08,1.9521778020938492,0.016792300547230715,0.039815233460067295,0.008668656726924481,0.0004816919748298098,1.4941936188540954e-05,0.93285692018199,0.009845807883651978,0.033678664528007114
4000.0,400.0,1.7782794100389228e-08,1.9530715178042486,0.016943362091501508,0.03980269744586583,0.008732332470272797,0.0007114465912936527,2.6562571485107718e-05,0.9326675711682136,0.017375453127922026,0.0583603685121657
4000.0,400.0,3.162277660168379e-08,1.9546540781185764,0.017212721197188377,0.03978037656685535,0.008845456101783495,0.0011196559522458436,4.720918474588447e-05,0.9323300290434956,0.030486148070142695,0.09927204009271219
4000.0,400.0,5.6234132519034905e-08,1.9574472900908242,0.017694009455202084,0.03974060739637586,0.009046276960769907,0.0018444299796958284,8.386719372606777e-05,0.9317274791628724,0.052956407681080654,0.1638724185360894
4000.0,400.0,1e-07,1.9623491073120447,0.018557044289796612,0.039669667875982535,0.00940230409440799,0.00312967455068931,0.00014887308060569792,0.9306492143566603,0.09044366807488301,0.25844877994125454
4000.0,400.0,1.7782794100389227e-07,1.970865848078332,0.02011399236953359,0.03954288086561197,0.010031970118454197,0.005403727297542829,0.00026389181314870845,0.9287116362519868,0.1502574356387793,0.3826299295532436
4000.0,400.0,3.162277660168379e-07,1.9854121703044867,0.022950556916939868,0.03931577074990609,0.011140774867321996,0.009411052434934257,0.00046657815861542114,0.9252108887792594,0.2392242998620816,0.5242923735680216
4000.0,400.0,5.62341325190349e-07,2.0095560736390436,0.02819635256571069,0.03890835300996928,0.013078056390222704,0.016420444361218034,0.0008211083305553331,0.9188493681568632,0.3586357160253849,0.6621505528251245
4000.0,400.0,1e-06,2.047833821997472,0.03809439347911021,0.038179987971270576,0.01641522840258089,0.02851455043563712,0.0014328258165762992,0.907278121301967,0.4985890698448894,0.7770469026011305
4000.0,400.0,1.778279410038923e-06,2.1044712310572633,0.05716323125383349,0.036898952349867564,0.022020518498497135,0.04887119654869274,0.0024624739588364935,0.8865117920209469,0.6387639402816561,0.8610676968054116
4000.0,400.0,3.162277660168379e-06,2.18065018710161,0.09422886955346932,0.034736406233529,0.03103557079953419,0.08168685599601175,0.004122327541396577,0.8507525615145927,0.7587156531416972,0.9168146440913675
4000.0,400.0,5.623413251903491e-06,2.2716321071809826,0.1645389129953779,0.031353175556429365,0.044554125486728276,0.13099981491298443,0.006616664969640745,0.7938887334802314,0.8482961711474424,0.9514541474757119
4000.0,400.0,1e-05,2.3667566449203115,0.2876534919994136,0.026634004429823808,0.06283564631659123,0.19779386752344416,0.009995259604213304,0.7136671269215645,0.908624153775226,0.9721081730272679
4000.0,400.0,1.778279410038923e-05,2.453621550401626,0.4742817118126765,0.020956467417967847,0.0844039212580584,0.2766780608301382,0.013985425601422661,0.6164848976231837,0.9464754402783989,0.9841215635297522
4000.0,400.0,3.1622776601683795e-05,2.523503969224504,0.7075054948768111,0.015173362347178882,0.10612839010816484,0.3561813244095306,0.0180069201974584,0.517110851027486,0.9691793429670489,0.991008536768694
4000.0,400.0,5.623413251903491e-05,2.573912306392195,0.9442784666706434,0.010171305311299398,0.12480391644083255,0.4245493088976815,0.02146516847318033,0.4309773631864748,0.982431712595205,0.9949238769468018
4000.0,400.0,0.0001,2.607285164475688,1.1436924461593416,0.006410424459970633,0.1387988808946729,0.4757917840047825,0.024057162271422364,0.36614329752802444,0.9900445071561871,0.9971392553584503
4000.0,400.0,0.00017782794100389227,2.6280625500510184,1.2889529548879282,0.0038670601312237297,0.14824617973075713,0.5103864084124549,0.02580706026583826,0.3222712784145569,0.9943775506476796,0.9983893935539396
4000.0,400.0,0.00031622776601683794,2.6404825817564905,1.3846220235997702,0.0022672697055065466,0.15418267936190816,0.532126179377297,0.026906722266974728,0.2946662528614973,0.9968309024129406,0.9990937759019894
4000.0,400.0,0.0005623413251903491,2.647721018773048,1.4436871807396594,0.0013062648752436175,0.15774684588849092,0.5451787283807475,0.027566958968927153,0.2780806979490087,0.9982158488343225,0.9994903159875295
4000.0,400.0,0.001,2.6518760949099773,1.4787475991976278,0.0007448414979832379,0.15982836554451862,0.552801723444163,0.027952552744930335,0.2683902688226979,0.998996353282287,0.999713445170653
4000.0,400.0,0.0017782794100389228,2.654240222876939,1.499082827100427,0.0004221753648267338,0.16102447130257996,0.5571821735338872,0.02817412895875509,0.2628205814043233,0.9994357995933734,0.9998389636999758
4000.0,400.0,0.0031622776601683794,2.6555785320628416,1.5107207523189572,0.00023846960227350906,0.16170542065087384,0.5596759945715675,0.028300273857607482,0.2596494928201307,0.9996830882899401,0.9999095618028055
4000.0,400.0,0.005623413251903491,2.6563339480200217,1.5173305442151679,0.0001344397753087421,0.1620909984634989,0.5610880917333926,0.028371701941665505,0.2578536999182613,0.9998222027070751,0.9999492664132553
4000.0,400.0,0.01,2.656759649200622,1.5210683801372136,7.570848492410814e-05,0.16230865833888536,0.5618852295226093,0.028412023548767425,0.2568398277265096,0.9999004495022715,0.9999715953416934
4000.0,400.0,0.01778279410038923,2.656999323901505,1.5231769620881028,4.260806958086124e-05,0.16243135888378143,0.5623345909792901,0.028434753589837547,0.2562684649491887,0.9999444562890603,0.9999841522589672
4000.0,400.0,0.03162277660168379,2.657134193275745,1.524364812602914,2.3971059973570748e-05,0.1625004279814692,0.5625875434198987,0.028447548678808925,0.2559467358598943,0.9999692048255064,0.9999912136710014
4000.0,400.0,0.05623413251903491,2.657210064508291,1.5250334578577305,1.348332985750287e-05,0.16253930013129803,0.5627299043925401,0.0284547497211828,0.2557656940429358,0.9999831224884402,0.999995184638612
4000.0,400.0,0.1,2.657252739089882,1.5254096761309417,7.583313075066129e-06,0.1625611687874106,0.5628099935707758,0.02845880087052777,0.2556638474126363,0.9999909491356446,0.9999974176916543
4000.0,400.0,0.1778279410038923,2.657276739634051,1.52562130610946,4.264751048824429e-06,0.16257344182548292,0.5628549463657383,0.028461074718530512,0.2556065191074749,0.9999953504366245,0.9999986734340424
4000.0,400.0,0.31622776601683794,2.6572902370375227,1.5257403355537758,2.398353947087354e-06,0.16258037351136892,0.5628803293888269,0.02846235866666093,0.25557432289079085,0.9999978254870695,0.9999993795912665
4000.0,400.0,0.5623413251903491,2.657297827471675,1.5258072774224591,1.3487280327588572e-06,0.16258430558104195,0.5628947214135824,0.028463086655660972,0.2555562695134701,0.9999992173155985,0.9999997766930937
4000.0,400.0,1.0,2.6573020959770868,1.5258449237184204,7.584561468214113e-07,0.16258645864914786,0.5629026135188556,0.028463485863967308,0.25554602549428246,1.0,1.0
4000.0,410.0,0.0,0.6892106063104696,0.0004013462554680611,0.060693825034934326,0.0006829237637932973,3.81479425301414e-07,5.0960408268076436e-26,0.5401474594420533,0.0,0.0
4000.0,410.0,1e-08,0.7327876396035801,0.0004913591271707824,0.06341311452161612,0.0008415281496107865,0.00042234779122015173,1.8324602561752606e-05,0.5645607423364577,0.15211266442467483,0.23414811714933464
4000.0,410.0,1.7782794100389228e-08,0.7645680286949321,0.000565129039196808,0.06531749272095065,0.0009694174856696798,0.0007732879442816254,3.3564871251412025e-05,0.5816858602440639,0.2418653160226466,0.35219867658013554
4000.0,410.0,3.162277660168379e-08,0.8170415274354113,0.0007042746251236249,0.06831783134188518,0.0012048115968915022,0.0014379536380003453,6.242945619150374e-05,0.608722775770175,0.36196774329020026,0.4915652192365536
4000.0,410.0,5.6234132519034905e-08,0.899664783076232,0.000976571578470872,0.07268262677669517,0.0016428811288455158,0.002720098705389904,0.00011810984364519682,0.6482142053594718,0.5022031251442224,0.6322552192917977
4000.0,410.0,1e-07,1.021130803408292,0.0015376245195044664,0.07831337555327825,0.002462028734829,0.005211443932524665,0.00022630357980507577,0.6995819927265728,0.6420927466873799,0.753534037865229
4000.0,410.0,1.7782794100389227e-07,1.1844795868218219,0.002768651222974246,0.0844322244790884,0.003980867938961089,0.009991079266709252,0.000433874085800897,0.7564479218018602,0.7613518343752846,0.8446440869444041
4000.0,410.0,3.162277660168379e-07,1.3830015083889065,0.0056443386637855045,0.08962084851844473,0.006729303968204488,0.01885832554580623,0.0008189634721319669,0.8070971736322652,0.8501466401312461,0.9062635514247628
4000.0,410.0,5.62341325190349e-07,1.6013091915563287,0.012668682434769731,0.09232353312062516,0.011518965511048732,0.034546242380330536,0.001500264718713431,0.8390632278665693,0.9098166402562045,0.9450331418366125
4000.0,410.0,1e-06,1.8211157224461447,0.029970913315219123,0.09132945073432779,0.01946359431214273,0.06077095380661861,0.0026391636801236695,0.8434447841836902,0.9472022902199873,0.9683279515645298
4000.0,410.0,1.778279410038923e-06,2.0265014609703815,0.07081768081405494,0.08589658494714862,0.031800570849461356,0.10163874857032984,0.00441399033334643,0.8157095562007096,0.9696073949777897,0.9819391607550338
4000.0,410.0,3.162277660168379e-06,2.205862332231362,0.15782912691377038,0.07586847710032342,0.04928387009895212,0.1596407533285346,0.006932930502064804,0.7557217233033398,0.9826786033920185,0.9897627373693184
4000.0,410.0,5.623413251903491e-06,2.3520789159832995,0.31507798904408246,0.06210077786759748,0.07119272214162478,0.23236936665500735,0.010091425543440634,0.6698817273870606,0.9901850810937992,0.9942172691501499
4000.0,410.0,1e-05,2.462807602529205,0.5447387827107384,0.04671120369871674,0.09481783618988238,0.31081543214963914,0.013498221139544776,0.5724918201160307,0.9944568785717891,0.9967398947789777
4000.0,410.0,1.778279410038923e-05,2.540611267247099,0.8105971797125348,0.03235709559554958,0.11651547941912338,0.3828695848014264,0.01662742555618485,0.4810928379010062,0.9968753174700056,0.9981641028693312
4000.0,410.0,3.1622776601683795e-05,2.591692288487322,1.058461552141285,0.020907749863057403,0.13369866046647405,0.4399350155832299,0.019105692152414904,0.40798420567113003,0.9982404799398551,0.9989667832626958
4000.0,410.0,5.623413251903491e-05,2.623462353077074,1.2524749922970149,0.012829549762514023,0.14577954816007221,0.48005676390140245,0.020848119883507914,0.35633038744297724,0.9990098109719721,0.9994187309748931
4000.0,410.0,0.0001,2.6424751699134075,1.3864110830542153,0.007603927550134626,0.15358008200616197,0.5059634158756495,0.021973207169485524,0.32289273826284387,0.9994429587453973,0.999673059535261
4000.0,410.0,0.00017782794100389227,2.653570637701007,1.4715437515241816,0.004409702863138515,0.1583435398602386,0.5217836354265913,0.02266025572821054,0.30244573544500625,0.9996867006764184,0.999816135864621
4000.0,410.0,0.00031622776601683794,2.659946116817381,1.5229605267774002,0.002524117558833216,0.16115398035267414,0.5311176029576701,0.023065616028237843,0.2903731880260905,0.9998238190690711,0.9998966115896505
4000.0,410.0,0.0005623413251903491,2.663575941212762,1.5530843355063535,0.0014338346715917197,0.16277849824133972,0.5365129260935799,0.023299926871803735,0.2833917122683191,0.9999009429325307,0.9999418721067276
4000.0,410.0,0.001,2.6656315542471813,1.570424088311172,0.000810936406615087,0.16370649824532227,0.5395949879351905,0.023433776224651138,0.27940287587851564,0.9999443180950685,0.9999673257658728
4000.0,410.0,0.0017782794100389228,2.666792122876083,1.5803046132261,0.0004575009716482755,0.16423304571110964,0.541343750802531,0.023509722389948428,0.2771395842670019,0.9999687113945982,0.9999816399795437
4000.0,410.0,0.0031622776601683794,2.667446227052227,1.5859024300186106,0.0002577413020471461,0.16453056406042446,0.5423318671006007,0.023552634808283762,0.2758602464911459,0.9999824292777955,0.9999896896334517
4000.0,410.0,0.005623413251903491,2.6678145230068044,1.5890635710828016,0.00014508752680343333,0.16469836802363502,0.5428891762101823,0.023576837912407913,0.2751388008282522,0.9999901435757473,0.9999942163434277
4000.0,410.0,0.01,2.6680217787668052,1.5908454226237685,8.163587668553592e-05,0.1647928615371823,0.5432030077992519,0.02359046715065157,0.27473241509303165,0.9999944816965656,0.9999967619175173
4000.0,410.0,0.01778279410038923,2.6681383740167077,1.5918487664904228,4.5922158804325205e-05,0.1648460597046761,0.5433796890894734,0.02359814015579438,0.2745037020405269,0.9999969212177097,0.9999981934047173
4000.0,410.0,0.03162277660168379,2.668203955144454,1.5924134110121912,2.58286538019545e-05,0.1648760028092394,0.5434791355593028,0.023602458967781112,0.2743750424581702,0.9999982930664914,0.9999989983909268
4000.0,410.0,0.05623413251903491,2.668240838804831,1.59273106777009,1.452601296850106e-05,0.16489282986212123,0.543535021645944,0.023604886017243802,0.2743026445401815,0.9999990645154067,0.9999994510685078
4000.0,410.0,0.1,2.668261581492206,1.592909741625602,8.169049154919538e-06,0.16490228163502824,0.5435664132245442,0.023606249306725658,0.274261905209838,0.9999994983335347,0.9999997056279987
4000.0,410.0,0.1778279410038923,2.668273246430876,1.5930102307086527,4.593944905090284e-06,0.16490766101661533,0.5435842778353098,0.023607025140139435,0.2742390997979488,0.9999997422875612,0.999999848777377
4000.0,410.0,0.31622776601683794,2.6682798062560766,1.5930667441078081,2.583411842496269e-06,0.16491062435873582,0.5435941204453476,0.023607452590031584,0.27422617184532877,0.9999998794730439,0.9999999292762061
4000.0,410.0,0.5623413251903491,2.6682834951637213,1.593098525266911,1.4527742229138556e-06,0.16491231253986824,0.5435997271178666,0.02360769607946326,0.2742189378411121,0.9999999566181267,0.9999999745440301
4000.0,410.0,1.0,2.6682855696037167,1.5931163975495939,8.169597093971005e-07,0.16491325972567814,0.543602872900781,0.02360783269612735,0.27421486619860747,1.0,1.0
4000.0,420.0,0.0,0.0,4.455490139542785e-05,2.784790354819027e-15,2.1569825159834704e-18,1.1391556054251422e-26,1.736885918369562e-49,6.57542274961883e-15,0.0,0.0
4000.0,420.0,1e-08,1.6858739404357614e-07,0.00020425378607275097,6.696321656319741e-15,1.7862681159638846e-17,3.973852790394927e-17,1.4975157720305737e-18,1.583365372724771e-14,0.7096353285791988,0.7171104918664511
4000.0,420.0,1.7782794100389228e-08,0.15350582743825805,0.0003774108734818986,0.06119127809271249,0.00025338097338514467,0.0006457508586190767,2.4334623019087297e-05,0.1448476194583457,0.812944864876146,0.8184408782432857
4000.0,420.0,3.162277660168379e-08,0.5323632333401496,0.0007878428859479805,0.18452309352041188,0.0012475016516927647,0.0034627903201075233,0.00013049258227616919,0.4376425245032881,0.8854319021588394,0.8890886887865643
4000.0,420.0,5.6234132519034905e-08,0.900281891848709,0.0018278622509143381,0.26922697559733066,0.0030744524897249725,0.008984502634506342,0.00033857405184129706,0.640751166694696,0.9321726451510742,0.9344480090126376
4000.0,420.0,1e-07,1.2406016382843004,0.004584136484847934,0.3191688817150342,0.006289011617158565,0.018940699320001562,0.0007137656445438861,0.7642750210052858,0.9606909796749844,0.9620486054265464
4000.0,420.0,1.7782794100389227e-07,1.545705438766664,0.011980659103480854,0.3410235712163102,0.011743827454981124,0.0359881784969085,0.0013561867483137438,0.8254692134731698,0.9775079635961462,0.9782978974568206
4000.0,420.0,3.162277660168379e-07,1.8128897868841558,0.03129307171550489,0.3397754170220475,0.020602546977519086,0.06376280618303584,0.0024028521696263755,0.8381483782526139,0.9872260555712837,0.9876789861776959
4000.0,420.0,5.62341325190349e-07,2.0409871282736156,0.07808378428040316,0.31799890435590905,0.03409728430039006,0.10612094078989197,0.003999085800744727,0.8105609949639854,0.9927762999001032,0.993033822044698
4000.0,420.0,1e-06,2.2289255737454696,0.17770293315548147,0.27786341558483624,0.05281415462995397,0.16489475346138083,0.006213931598041946,0.7488601889916665,0.9959249332990995,0.996070652136804
4000.0,420.0,1.778279410038923e-06,2.3762309780681403,0.3541174478264581,0.22428898462292463,0.07567486522606189,0.2366919091378202,0.008919552031358455,0.6627545384619048,0.9977043290683433,0.9977865605503933
4000.0,420.0,3.162277660168379e-06,2.4846603608430717,0.6036274584944497,0.1662287100323176,0.09963528820805416,0.3119474949816934,0.011755500737989824,0.5680027019268848,0.9987077528034709,0.998754086292008
4000.0,420.0,5.623413251903491e-06,2.559251196183866,0.882454690292715,0.11362386144312514,0.1210405810752807,0.37917964204355886,0.014289092342734186,0.4816180993360902,0.9992729065689191,0.9992989907077025
4000.0,420.0,1e-05,2.6074743702417047,1.1343805697608962,0.07266048027163381,0.1376009702487292,0.4311950155613112,0.016249251573421195,0.41416011258353286,0.999590996952745,0.9996056742499636
4000.0,420.0,1.778279410038923e-05,2.6371521251152967,1.326903047818663,0.04426569275062889,0.14904340001486616,0.4671353496932758,0.017603635343802142,0.3673349947354197,0.9997699612962568,0.9997782177854098
4000.0,420.0,3.1622776601683795e-05,2.6547925272977686,1.4576491520021329,0.026114652190380797,0.15634572220525172,0.4900718011652564,0.01846797782625426,0.3373812028687548,0.9998706284957156,0.9998752723147628
4000.0,420.0,5.623413251903491e-05,2.66504431065967,1.539895124173901,0.015101982572120785,0.16077226498022923,0.5039755094668086,0.018991928349434993,0.3192005547036506,0.9999272467279335,0.9999298583654559
4000.0,420.0,0.0001,2.6709204983255015,1.5892577745816308,0.008630087429066735,0.1633723407362259,0.5121423185420853,0.019299688250240067,0.3085139042928528,0.9999590883164852,0.9999605569757635
4000.0,420.0,0.00017782794100389227,2.6742612761439664,1.6180719806245807,0.00489767386110359,0.1648714360949668,0.5168509628163312,0.019477129877858775,0.30235009430293885,0.999976995048438,0.9999778209010053
4000.0,420.0,0.00031622776601683794,2.676151651472125,1.634622826296836,0.002768476471069605,0.16572652438435254,0.519536787535773,0.01957834311078932,0.2988337249926485,0.9999870650255426,0.9999875293814682
4000.0,420.0,0.0005623413251903491,2.677218433521371,1.6440424430548837,0.001561390573070528,0.16621119777560303,0.5210591429184117,0.019635711899165832,0.29684005731260044,0.9999927278789055,0.9999929889440486
4000.0,420.0,0.001,2.677819520979422,1.6493754842368582,0.0008794836522635862,0.16648500153462376,0.5219191584004786,0.019668120919263166,0.2957137983176366,0.9999959123635442,0.999996059107893
4000.0,420.0,0.0017782794100389228,2.6781579154895394,1.6523859411904465,0.0004950294136424042,0.16663935274420846,0.522403974457008,0.019686390838406728,0.2950787908919047,0.9999977031397658,0.9999977855961789
4000.0,420.0,0.0031622776601683794,2.678348328534572,1.6540824867329587,0.00027852099070418734,0.1667262796664028,0.522677011287099,0.01969668002075082,0.29472118646001366,0.9999987101700568,0.9999987564745086
4000.0,420.0,0.005623413251903491,2.678455443593032,1.6550376784979153,0.000156669932057432,0.16677522577973922,0.5228307505302391,0.019702473565546903,0.294519968104578,0.9999992764656961,0.9999993024403432
4000.0,420.0,0.01,2.6785156908202414,1.6555751877306708,8.811656065366051e-05,0.1668027788178922,0.5229172942457327,0.019705734898712662,0.2944067908787981,0.9999995949174181,0.999999609459756
4000.0,420.0,0.01778279410038923,2.6785495741229206,1.6558775670281338,4.9556180036412676e-05,0.1668182220491886,0.5229658015559853,0.01970756285928503,0.29434303316301136,0.9999997739960705,0.9999997821095422
4000.0,420.0,0.03162277660168379,2.6785686293052415,1.6560476439875402,2.7868946428363873e-05,0.16682693586238684,0.5229931715404628,0.019708594276039135,0.29430722409486637,0.9999998746994255,0.999999879197678
4000.0,420.0,0.05623413251903491,2.6785793452015305,1.6561432968619965,1.5672320610924682e-05,0.16683182678401923,0.5230085339257399,0.01970917319567903,0.29428706856652787,0.9999999313290924,0.9999999337943574
4000.0,420.0,0.1,2.6785853713129764,1.6561970900859457,8.813338438401886e-06,0.16683456434433297,0.5230171326812416,0.019709497233147757,0.29427571094716254,0.9999999631742972,0.9999999644963289
4000.0,420.0,0.1778279410038923,2.678588760082452,1.6562273413962045,4.956150601788178e-06,0.16683611605594995,0.5230220065775588,0.019709680902171154,0.2942693454937806,0.9999999810821727,0.9999999817613171
4000.0,420.0,0.31622776601683794,2.678590665739588,1.656244353324129,2.7870638462327413e-06,0.16683704515679743,0.5230249245244236,0.01970979086274809,0.2942658655323907,0.9999999911525115,0.9999999914701337
4000.0,420.0,0.5623413251903491,2.6785917373731363,1.6562539199499533,1.5672854378808298e-06,0.16683749781666507,0.5230263465499959,0.01970984445068495,0.2942637854486666,0.9999999968154792,0.9999999969298026
4000.0,420.0,1.0,2.678592339998164,1.6562592996956056,8.813510556788456e-07,0.1668378163637343,0.5230273468430662,0.019709882145957758,0.29426272860170094,1.0,1.0
4000.0,430.0,0.0,1.6858739404357614e-07,3.918962588250936e-07,2.8180219909533802e-15,3.980894332111656e-21,1.5626974541068144e-32,5.18532702812061e-61,1.0181268183909596e-15,0.0,0.0
4000.0,430.0,1e-08,0.877742183974539,0.001806682292765181,1.7272356162960774,0.003057210644565738,0.009091820074176771,0.00029978936695579037,0.6297623591752499,0.9992018904832587,0.9955587511569108
4000.0,430.0,1.7782794100389228e-08,1.2545248487044518,0.004856389694136808,2.091380219113658,0.006580441747448478,0.019576373563292098,0.0006455020655873248,0.7679291164889617,0.999551033216303,0.997497638291184
4000.0,430.0,3.162277660168379e-08,1.5745787826654964,0.013240136470109371,2.232315155008108,0.012487980613252288,0.03715820748485222,0.0012252371261432398,0.8299229177932689,0.9997474778082347,0.9985912758130158
4000.0,430.0,5.6234132519034905e-08,1.8461770701322446,0.03532664313591616,2.2109825172324733,0.02199247041751789,0.06544621824795512,0.002157992588737134,0.840034944804202,0.999857980643767,0.9992073274787426
4000.0,430.0,1e-07,2.073544951496213,0.08862374446545489,2.0529621687018036,0.036311372064097576,0.10806378979698503,0.0035632441986062,0.8097894392551737,0.9999201316862131,0.9995540928093293
4000.0,430.0,1.7782794100389227e-07,2.258247981414823,0.20038758484517852,1.776695727098834,0.055880410772394105,0.1663076801822873,0.005483750641232129,0.7466660573382882,0.9999550851800795,0.9997491990338967
4000.0,430.0,3.162277660168379e-07,2.40127399209775,0.3936458758829262,1.4186263090770654,0.07934252267649512,0.2361387486793468,0.007786327204316552,0.6612870244518511,0.999974742047636,0.9998589487893621
4000.0,430.0,5.62341325190349e-07,2.505385571726961,0.6593071776748215,1.0399714820116401,0.10343192898763079,0.3078369008027155,0.010150468098175026,0.5696467849788802,0.9999857962560783,0.9999206761979704
4000.0,430.0,1e-06,2.576304153609798,0.947966913075754,0.7041255504407243,0.12453189533947842,0.37063749460921064,0.012221225120211853,0.48786823300351645,0.9999920126016633,0.9999553914189044
4000.0,430.0,1.778279410038923e-06,2.6217937611768334,1.2026930110080776,0.44702203844092864,0.14059112646771965,0.4184351719293157,0.013797283083176863,0.42508792066959566,0.9999955083436286,0.9999749142811579
4000.0,430.0,3.162277660168379e-06,2.649631285798335,1.3939914256873236,0.2709833285512859,0.15155514880871587,0.45106779500441924,0.014873295733446784,0.3820427699581676,0.9999974741545343,0.9999858931282674
4000.0,430.0,5.623413251903491e-06,2.6661162783437975,1.5223983864843529,0.15936467381759195,0.158496508770591,0.47172762074733576,0.015554523037809898,0.3547300608953078,0.9999985796146391,0.9999920670936016
4000.0,430.0,1e-05,2.675674473953349,1.6025848992810876,0.09198471934609458,0.16268333238124608,0.48418901855540525,0.015965419264284523,0.3382360150092981,0.9999992012616131,0.9999955390029391
4000.0,430.0,1.778279410038923e-05,2.6811455674043083,1.6505012732854365,0.052506468439138636,0.16513534162554044,0.49148702433907954,0.016206060248826388,0.3285700623855243,0.9999995508397359,0.9999974914116274
4000.0,430.0,3.1622776601683795e-05,2.6842535482039085,1.6783999064134494,0.029778903753260953,0.1665466268431508,0.4956874847409687,0.01634456423972496,0.32300476582586196,0.9999997474220679,0.9999985893350656
4000.0,430.0,5.623413251903491e-05,2.6860113885983252,1.6944013593846308,0.016826765416420725,0.16735077474621907,0.49808089990176224,0.016423483577114248,0.3198329428669102,0.999999857968471,0.9999992067438459
4000.0,430.0,0.0001,2.687003119344654,1.7035006998525772,0.009488148983751046,0.167806413516831,0.4994370344344521,0.016468200114589153,0.31803582758084287,0.9999999201332926,0.9999995539386525
4000.0,430.0,0.00017782794100389227,2.6875618360105764,1.7086499780625495,0.00534375815057394,0.1680636685846008,0.5002027122158463,0.01649344721093549,0.317020814771356,0.9999999550911443,0.999999749180746
4000.0,430.0,0.00031622776601683794,2.6878763508103405,1.7115559269541212,0.0030076093086629663,0.16820870086432713,0.5006343771574919,0.016507680726176345,0.3164487010384061,0.9999999747493897,0.9999998589734771
4000.0,430.0,0.0005623413251903491,2.68805331854406,1.7131933306792881,0.0016921242218752269,0.16829037327700516,0.5008774617816357,0.016515696083386915,0.31612655279230534,0.9999999858040339,0.9999999207144774
4000.0,430.0,0.001,2.6881528674389816,1.714115146285924,0.0009518111689679414,0.16833631870818283,0.5010142108698267,0.016520205183022198,0.31594522579030154,0.9999999920205175,0.9999999554339969
4000.0,430.0,0.0017782794100389228,2.688208858219329,1.7146338492468651,0.0005353248797329951,0.1683621470142261,0.5010910846148722,0.016522739981464613,0.31584317760785674,0.9999999955163029,0.9999999749582186
4000.0,430.0,0.0031622776601683794,2.6882403474143564,1.7149256411347416,0.00030106141091572883,0.16837674864697325,0.5011345439908717,0.01652417299033554,0.3157859164001524,0.9999999974821278,0.9999999859374955
4000.0,430.0,0.005623413251903491,2.688258056122823,1.7150897606014528,0.00016930746209613262,0.16838489315474134,0.5011587847931328,0.016524972295062765,0.3157535847309898,0.999999998587592,0.9999999921115967
4000.0,430.0,0.01,2.6882680147880507,1.7151820621437626,9.52112062396814e-05,0.16838953319191485,0.5011725951047857,0.016525427669735176,0.31573551385833687,0.9999999992092405,0.9999999955835491
4000.0,430.0,0.01778279410038923,2.688273615060345,1.7152339703994606,5.354199538077904e-05,0.1683920475691107,0.5011800787435996,0.016525674431695295,0.31572517326582633,0.999999999558819,0.9999999975359714
4000.0,430.0,0.03162277660168379,2.688276764357563,1.715263161595346,3.0109142314350885e-05,0.1683935334154701,0.5011845011210031,0.016525820253072247,0.3157194929457663,0.9999999997554014,0.9999999986338991
4000.0,430.0,0.05623413251903491,2.688278535347857,1.7152795773395777,1.693169468638307e-05,0.16839432602396756,0.5011868601927328,0.01652589803998561,0.31571621808673783,0.999999999865948,0.9999999992513091
4000.0,430.0,0.1,2.688279531252154,1.7152888086947975,9.521419235767738e-06,0.16839481428759182,0.5011883134279165,0.016525945958273943,0.3157144562477936,0.9999999999281127,0.9999999995985045
4000.0,430.0,0.1778279410038923,2.6882800912913267,1.715293999900172,5.3542943583511805e-06,0.16839502964241088,0.5011889543993703,0.016525967093362934,0.3157133544657464,0.9999999999630707,0.9999999997937468
4000.0,430.0,0.31622776601683794,2.6882804062248256,1.7152969191398668,3.0109439151960437e-06,0.16839519352191876,0.5011894421587685,0.016525983176510203,0.3157128150854346,0.9999999999827289,0.9999999999035395
4000.0,430.0,0.5623413251903491,2.6882805833250454,1.715298560752276,1.6931789043406382e-06,0.1683952644310883,0.5011896532090921,0.01652599013558357,0.31571247193426705,0.9999999999937834,0.9999999999652806
4000.0,430.0,1.0,2.688280682915864,1.715299483899809,9.521449779903401e-07,0.16839535447584145,0.5011899212096409,0.016525998972506672,0.3157123730253876,1.0,1.0
4000.0,440.0,0.0,,,,,,,,0.0,0.0
4000.0,440.0,1e-08,2.254714024829132,0.19376839955739694,33.09108715172172,0.054453852598052646,0.15360850548174854,0.004454178519647236,0.7608393953437702,0.9999999999999931,0.9999999991812335
4000.0,440.0,1.7782794100389228e-08,2.4005993212415797,0.3855993354212762,26.60156441674963,0.07784393008259252,0.21958941728285386,0.006367423877575295,0.6797022985879247,0.9999999999999961,0.9999999995395737
4000.0,440.0,3.162277660168379e-08,2.5073977551725317,0.6545773854823956,19.636120873335265,0.10218173506693103,0.2882437671953561,0.008358190793128335,0.5910811101987724,0.9999999999999978,0.9999999997410834
4000.0,440.0,5.6234132519034905e-08,2.580552151798425,0.9524241756586793,13.375428792122298,0.12377282106785811,0.3491499160552248,0.01012428349167554,0.5108584886458729,0.9999999999999987,0.9999999998544004
4000.0,440.0,1e-07,2.6276944784671534,1.219405428282436,8.530762172247606,0.14038005573728696,0.3959971523120568,0.011482710570863633,0.4485797039223266,0.9999999999999993,0.9999999999181233
4000.0,440.0,1.7782794100389227e-07,2.65664193202783,1.4222190852445213,5.187653544132344,0.1518058612853163,0.42822813011105715,0.012417310699478205,0.40553534648049816,0.9999999999999997,0.9999999999539574
4000.0,440.0,3.162277660168379e-07,2.673823161550179,1.559399309777795,3.0569554882509724,0.15907674322581453,0.4487385119321244,0.013012049264576843,0.3780789719624467,0.9999999999999998,0.9999999999741084
4000.0,440.0,5.62341325190349e-07,2.6837991388937863,1.6454737318318375,1.7665966028203304,0.16347636297742343,0.46114936961231734,0.01337192631380757,0.3614439854647436,0.9999999999999999,0.9999999999854401
4000.0,440.0,1e-06,2.6895141942876477,1.697055327605814,1.009117980103791,0.16605789193528211,0.46843158723613915,0.01358308843151516,0.35167640684174517,1.0,0.9999999999918122
4000.0,440.0,1.778279410038923e-06,2.692762360202595,1.727137925518388,0.5725518313829315,0.1675453519672318,0.47262755320677824,0.013704758656982017,0.34604618646545426,1.0,0.9999999999953957
4000.0,440.0,3.162277660168379e-06,2.694600006105441,1.7444084695864,0.3235993384244931,0.1683934524543863,0.4750199541502296,0.013774130993229189,0.3428352936026157,1.0,0.9999999999974108
4000.0,440.0,5.623413251903491e-06,2.695636927524056,1.7542348180314957,0.18249272200474345,0.1688741301526188,0.4763758946268185,0.013813449134668043,0.3410153014954681,1.0,0.9999999999985439
4000.0,440.0,1e-05,2.696221156546174,1.7597972151551553,0.10278819074409996,0.16914563616289285,0.4771417840997885,0.013835657595249235,0.33998726034410975,1.0,0.9999999999991813
4000.0,440.0,1.778279410038923e-05,2.696550049706892,1.7629368482403087,0.057854366949299546,0.16929873842074555,0.47757366922623185,0.013848180947697235,0.33940777578545833,1.0,0.9999999999995396
4000.0,440.0,3.1622776601683795e-05,2.696735113042557,1.764706097925032,0.03255045546771993,0.16938488199199725,0.47781667104530434,0.013855227259874765,0.3390812985324953,1.0,0.9999999999997411
4000.0,440.0,5.623413251903491e-05,2.696839217613818,1.7657021941550308,0.01830971034506029,0.16943340939306564,0.47795356166364233,0.013859196670616896,0.3388976544812658,1.0,0.9999999999998544
4000.0,440.0,0.0001,2.696897771247249,1.76626271195468,0.010297963060175361,0.1694606647306237,0.4780304460615121,0.01386142608384121,0.3387942459614645,1.0,0.9999999999999182
4000.0,440.0,0.00017782794100389227,2.6969307019594018,1.7665780319103472,0.005791495613200921,0.16947604002709932,0.47807381813162786,0.013862683741693266,0.3387361696877656,1.0,0.9999999999999539
4000.0,440.0,0.00031622776601683794,2.696949221393412,1.7667553865658836,0.003256962632161017,0.16948464258757798,0.4780980850364546,0.0138633874079771,0.3387034167801028,1.0,0.9999999999999741
4000.0,440.0,0.0005623413251903491,2.696959635995014,1.7668551321885857,0.0018315769719529152,0.16948948130549357,0.4781117345431837,0.013863783202073827,0.33868499852261047,1.0,0.9999999999999855
4000.0,440.0,0.001,2.6969654926692703,1.7669112269969234,0.0010299882092165806,0.16949224383367933,0.4781195273403085,0.013864009169441013,0.3386747234291816,1.0,0.9999999999999919
4000.0,440.0,0.0017782794100389228,2.6969687861550855,1.7669427726030809,0.0005792101833492612,0.16949377979956595,0.47812386013611746,0.013864134807314788,0.33866891009052746,1.0,0.9999999999999954
4000.0,440.0,0.0031622776601683794,2.696970638229611,1.766960512373363,0.00032571548718745506,0.16949464628820926,0.47812630440808657,0.013864205683752696,0.33866564643709396,1.0,0.9999999999999974
4000.0,440.0,0.005623413251903491,2.6969716797312273,1.7669704882970259,0.00018316377366233097,0.16949510431376708,0.47812759644929315,0.013864243149010044,0.33866375271014604,1.0,0.9999999999999984
4000.0,440.0,0.01,2.696972265411772,1.7669760982083929,0.00010300072879429371,0.16949538338043404,0.47812838366657145,0.013864265975911982,0.338662730740881,1.0,0.9999999999999991
4000.0,440.0,0.01778279410038923,2.696972594764501,1.7669792529051587,5.792162402711595e-05,0.16949555223143267,0.47812885997721466,0.013864279787469022,0.33866217986047137,1.0,0.9999999999999996
4000.0,440.0,0.03162277660168379,2.6969727799732635,1.7669810269252415,3.257173976014312e-05,0.16949564042251936,0.47812910875485615,0.013864287001262448,0.3386618565683991,1.0,0.9999999999999998
4000.0,440.0,0.05623413251903491,2.696972884123833,1.7669820245312244,1.8316443170099856e-05,0.1694957132460378,0.478129314182228,0.013864292958030171,0.3386617211825428,1.0,0.9999999999999998
4000.0,440.0,0.1,2.6969729426920273,1.7669825855266672,1.0300095052311101e-05,0.1694957482517445,0.47812941292959,0.013864295821402722,0.3386616331690124,1.0,0.9999999999999999
4000.0,440.0,0.1778279410038923,2.696972975627328,1.7669829009977036,5.792167159817638e-06,0.16949569143821933,0.4781292526647001,0.01386429117420934,0.3386614308268946,1.0,1.0
4000.0,440.0,0.31622776601683794,2.696972994148214,1.7669830784001443,3.2571753020148323e-06,0.1694957094244545,0.4781293034019495,0.013864292645434947,0.33866141681402123,1.0,1.0
4000.0,440.0,0.5623413251903491,2.6969730045632945,1.7669831781608774,1.8316444768402837e-06,0.16949572803632762,0.4781293559040569,0.013864294167836053,0.3386614259123928,1.0,1.0
4000.0,440.0,1.0,2.6969730104201006,1.7669832342604639,1.030009394890918e-06,0.16949573009444271,0.4781293617097799,0.013864294336184328,0.3386614142289322,1.0,1.0
4000.0,450.0,0.0,,,,,,,,,
4000.0,450.0,1e-08,2.704747130372573,1.8094132836799492,111.50122600885496,0.169994164577527,0.45417621324857715,0.011608675428809128,0.3629610804344843,1.0,1.0
4000.0,450.0,1.7782794100389228e-08,2.704747130372578,1.8094132836799495,62.70175642025858,0.16999418959088963,0.4541762800771907,0.0116086771369384,0.3629611338414771,1.0,1.0
4000.0,450.0,3.162277660168379e-08,2.704747130372578,1.8094132836799492,35.25978021424106,0.16999414821113618,0.4541761695222209,0.011608674311170067,0.36296104548997365,1.0,1.0
4000.0,450.0,5.6234132519034905e-08,2.704747130372578,1.8094132836799492,19.8280318452057,0.16999415089983896,0.4541761767056724,0.011608674494778001,0.3629610512307263,1.0,1.0
4000.0,450.0,1e-07,2.704747130372583,1.8094132836799495,11.150125154338111,0.1699942035073271,0.45417631725796614,0.011608678087273405,0.3629611635549981,1.0,1.0
4000.0,450.0,1.7782794100389227e-07,2.704747130372578,1.8094132836799492,6.270175231917711,0.16999417847222148,0.4541762503712616,0.011608676377659336,0.362961110101581,1.0,1.0
4000.0,450.0,3.162277660168379e-07,2.704747130372583,1.8094132836799492,3.5259787062651458,0.16999418122863333,0.4541762577356125,0.011608676565891035,0.36296111598690195,1.0,1.0
4000.0,450.0,5.62341325190349e-07,2.704747130372578,1.8094132836799492,1.982803589974004,0.16999418566108646,0.45417626957787066,0.011608676868577363,0.3629611254508031,1.0,1.0
4000.0,450.0,1e-06,2.704747130372583,1.8094132836799495,1.1150122339617614,0.16999416059425101,0.454176202606393,0.011608675156796509,0.3629610719296385,1.0,1.0
4000.0,450.0,1.778279410038923e-06,2.704747130372578,1.8094132836799495,0.6270174981609381,0.16999417168597433,0.4541762322403332,0.011608675914235544,0.3629610956120036,1.0,1.0
4000.0,450.0,3.162277660168379e-06,2.704747130372583,1.8094132836799492,0.35259786486403255,0.16999417845043047,0.4541762503130421,0.011608676376171256,0.36296111005505416,1.0,1.0
4000.0,450.0,5.623413251903491e-06,2.704747130372578,1.8094132836799492,0.19828035631269034,0.16999418335937033,0.4541762634283378,0.011608676711396232,0.3629611205363205,1.0,1.0
4000.0,450.0,1e-05,2.704747130372583,1.8094132836799492,0.11150122599119586,0.16999416455060404,0.45417621317664664,0.011608675426970595,0.36296108037700003,1.0,1.0
4000.0,450.0,1.778279410038923e-05,2.704747130372578,1.8094132836799495,0.06270175195082885,0.16999417747357223,0.45417624770315385,0.011608676309462905,0.3629611079693265,1.0,1.0
4000.0,450.0,3.1622776601683795e-05,2.704747130372583,1.8094132836799492,0.035259786399969344,0.16999417803371603,0.45417624919969934,0.011608676347714383,0.3629611091653111,1.0,1.0
4000.0,450.0,5.623413251903491e-05,2.704747130372573,1.8094132836799492,0.019828034883506044,0.16999417694848015,0.4541762463002567,0.011608676273605067,0.3629611068481823,1.0,1.0
4000.0,450.0,0.0001,2.704747130372578,1.8094132836799495,0.01115012377755119,0.16999418251690837,0.4541762611775182,0.011608676653865623,0.36296111873754755,1.0,1.0
4000.0,450.0,0.00017782794100389227,2.704747130372578,1.8094132836799492,0.006270174402774873,0.16999415599287276,0.45417619031281486,0.011608674842574508,0.3629610621050588,1.0,1.0
4000.0,450.0,0.00031622776601683794,2.704747130372573,1.8094132836799495,0.003525978077913283,0.16999415093458753,0.4541761767985108,0.011608674497150934,0.36296105130491935,1.0,1.0
4000.0,450.0,0.0005623413251903491,2.704747130372578,1.8094132836799492,0.0019828034239213013,0.16999417142468196,0.45417623154223397,0.011608675896392234,0.36296109505410823,1.0,1.0
4000.0,450.0,0.001,2.704747130372578,1.8094132836799492,0.0011150122629496357,0.16999416501372663,0.4541762144139789,0.01160867545859662,0.3629610813658309,1.0,1.0
4000.0,450.0,0.0017782794100389228,2.704747130372573,1.8094132836799495,0.0006270174471981337,0.16999415786916738,0.4541761953257421,0.011608674970704167,0.3629610661112076,1.0,1.0
4000.0,450.0,0.0031622776601683794,2.704747130372578,1.8094132836799495,0.00035259790150376277,0.1699941961151456,0.45417629750815286,0.01160867758247116,0.36296114777166694,1.0,1.0
4000.0,450.0,0.005623413251903491,2.704747130372578,1.8094132836799492,0.0001982803483511779,0.16999417653362708,0.45417624519188693,0.011608676245275304,0.3629611059624135,1.0,1.0
4000.0,450.0,0.01,2.704747130372573,1.8094132836799495,0.00011150121810652401,0.1699941525296761,0.45417618106013513,0.011608674606077412,0.36296105471065426,1.0,1.0
4000.0,450.0,0.01778279410038923,2.704747130372578,1.8094132836799492,6.270176073815607e-05,0.16999420129737966,0.4541763113536131,0.011608677936359032,0.36296115883645425,1.0,1.0
4000.0,450.0,0.03162277660168379,2.704747130372578,1.8094132836799492,3.525979058838752e-05,0.16999419822688158,0.4541763031501128,0.011608677726678802,0.36296115228051573,1.0,1.0
4000.0,450.0,0.05623413251903491,2.704747130372578,1.8094132836799495,1.9828034871752516e-05,0.16999417684771218,0.45417624603103324,0.011608676266723756,0.36296110663302866,1.0,1.0
4000.0,450.0,0.1,2.704747130372578,1.8094132836799492,1.1150121478797057e-05,0.1699941474702275,0.45417616754272294,0.011608674260574395,0.36296104390803097,1.0,1.0
4000.0,450.0,0.1778279410038923,2.704747130372573,1.8094132836799492,6.270175754951273e-06,0.16999419265247284,0.454176288256873,0.011608677346009844,0.3629611403783812,1.0,1.0
4000.0,450.0,0.31622776601683794,2.704747130372578,1.8094132836799495,3.525978736939854e-06,0.1699941827075197,0.45417626168677766,0.01160867666688222,0.3629611191445292,1.0,1.0
4000.0,450.0,0.5623413251903491,2.704747130372578,1.8094132836799492,1.9828036540486843e-06,0.16999419115448133,0.4541762842546644,0.011608677243713995,0.3629611371799619,1.0,1.0
4000.0,450.0,1.0,2.704747130372578,1.8094132836799492,1.115012286877719e-06,0.16999416866178924,0.45417622416056797,0.011608675707717965,0.3629610891549497,1.0,1.0
4000.0,460.0,0.0,,,,,,,,,
4000.0,460.0,1e-08,2.711434116381773,1.8418054515496567,120.80154742882264,0.1699614438938053,0.4291745841530159,0.009685037503214132,0.38871437714823087,1.0,1.0
4000.0,460.0,1.7782794100389228e-08,2.711434116381773,1.8418054515496576,67.93170359637551,0.16996144722191017,0.4291745925569104,0.009685037692861973,0.3887143847598526,1.0,1.0
4000.0,460.0,3.162277660168379e-08,2.711434116381778,1.8418054515496571,38.20080508345885,0.16996145105101224,0.42917460222588727,0.0096850379110585,0.3887143935172918,1.0,1.0
4000.0,460.0,5.6234132519034905e-08,2.711434116381773,1.8418054515496571,21.481892070067104,0.16996145671665963,0.42917461653237826,0.00968503823390824,0.38871440647504596,1.0,1.0
4000.0,460.0,1e-07,2.711434116381773,1.8418054515496576,12.080156033650773,0.16996146205424148,0.42917463001046136,0.009685038538063576,0.3887144186824899,1.0,1.0
4000.0,460.0,1.7782794100389227e-07,2.711434116381778,1.8418054515496582,6.79317076031113,0.16996145724654635,0.42917461787041067,0.009685038264103163,0.388714407686936,1.0,1.0
4000.0,460.0,3.162277660168379e-07,2.711434116381778,1.8418054515496571,3.8200807144271716,0.16996146021989608,0.42917462537850243,0.009685038433535726,0.38871441448720645,1.0,1.0
4000.0,460.0,5.62341325190349e-07,2.711434116381778,1.8418054515496571,2.1481890260063823,0.16996144239618946,0.42917458037134265,0.009685037417874394,0.3887143737230728,1.0,1.0
4000.0,460.0,1e-06,2.711434116381773,1.8418054515496567,1.2080155439740894,0.16996145369824084,0.42917460891048126,0.009685038061907469,0.38871439957169923,1.0,1.0
4000.0,460.0,1.778279410038923e-06,2.711434116381778,1.8418054515496571,0.6793170723761228,0.1699614563320876,0.4291746155612843,0.00968503821199389,0.3887144055955013,1.0,1.0
4000.0,460.0,3.162277660168379e-06,2.711434116381778,1.8418054515496571,0.3820080449458589,0.16996144843102284,0.42917459561007587,0.009685037761761725,0.38871438752518256,1.0,1.0
4000.0,460.0,5.623413251903491e-06,2.711434116381778,1.8418054515496571,0.2148189535636035,0.16996148271731104,0.42917468218737925,0.009685039715522412,0.38871446594045644,1.0,1.0
4000.0,460.0,1e-05,2.711434116381773,1.8418054515496571,0.12080157325362427,0.16996148022794724,0.42917467590141434,0.009685039573669169,0.38871446024709755,1.0,1.0
4000.0,460.0,1.778279410038923e-05,2.711434116381768,1.8418054515496576,0.06793171945611219,0.16996148690211332,0.4291746927545451,0.009685039953988065,0.38871447551140836,1.0,1.0
4000.0,460.0,3.1622776601683795e-05,2.711434116381773,1.8418054515496571,0.038200808694080664,0.1699614671152423,0.4291746427901418,0.009685038826458296,0.3887144302573727,1.0,1.0
4000.0,460.0,5.623413251903491e-05,2.711434116381768,1.8418054515496576,0.021481893515090594,0.16996146814946528,0.42917464540168826,0.009685038885392181,0.38871443262271704,1.0,1.0
4000.0,460.0,0.0001,2.711434116381773,1.8418054515496571,0.012080155100642611,0.1699614489273058,0.4291745968632544,0.009685037790041783,0.38871438866021835,1.0,1.0
4000.0,460.0,0.00017782794100389227,2.7114341163817834,1.8418054515496576,0.006793170541606923,0.16996145177468538,0.42917460405325547,0.009685037952296098,0.3887143951723858,1.0,1.0
4000.0,460.0,0.00031622776601683794,2.711434116381768,1.8418054515496576,0.003820081178182189,0.1699614808530936,0.42917467747998955,0.009685039609292343,0.38871446167685336,1.0,1.0
4000.0,460.0,0.0005623413251903491,2.711434116381778,1.8418054515496576,0.002148189279806475,0.16996146247646607,0.429174631076633,0.00968503856212351,0.3887144196481488,1.0,1.0
4000.0,460.0,0.001,2.711434116381773,1.8418054515496571,0.0012080156588087359,0.16996146985487356,0.4291746497080643,0.009685038982572712,0.3887144365231117,1.0,1.0
4000.0,460.0,0.0017782794100389228,2.711434116381773,1.8418054515496565,0.0006793170438822977,0.16996144920308667,0.4291745975596368,0.009685037805756804,0.38871438929094965,1.0,1.0
4000.0,460.0,0.0031622776601683794,2.711434116381768,1.8418054515496571,0.00038200810749555546,0.1699614762603766,0.4291746658827864,0.009685039347582185,0.3887144511729704,1.0,1.0
4000.0,460.0,0.005623413251903491,2.711434116381773,1.8418054515496576,0.00021481892016395109,0.16996145629201498,0.4291746154600958,0.009685038209710404,0.38871440550385233,1.0,1.0
4000.0,460.0,0.01,2.7114341163817626,1.8418054515496567,0.0001208015897404911,0.1699615034241045,0.42917473447470544,0.009685040895472796,0.38871451329842266,1.0,1.0
4000.0,460.0,0.01778279410038923,2.711434116381773,1.8418054515496571,6.79317074422511e-05,0.16996145684408284,0.4291746168541383,0.00968503824116929,0.3887144067664723,1.0,1.0
4000.0,460.0,0.03162277660168379,2.711434116381773,1.8418054515496571,3.820080941660672e-05,0.16996147032987552,0.42917465090750556,0.009685039009640095,0.38871443760947627,1.0,1.0
4000.0,460.0,0.05623413251903491,2.711434116381778,1.8418054515496571,2.148189373099207e-05,0.16996146985764488,0.4291746497150622,0.009685038982730631,0.3887144365294499,1.0,1.0
4000.0,460.0,0.1,2.711434116381778,1.8418054515496571,1.2080155701555274e-05,0.1699614573818319,0.4291746182120242,0.00968503827181224,0.38871440799634416,1.0,1.0
4000.0,460.0,0.1778279410038923,2.7114341163817626,1.8418054515496578,6.793171966558582e-06,0.16996148742620504,0.42917469407794434,0.009685039983852766,0.3887144767100448,1.0,1.0
4000.0,460.0,0.31622776601683794,2.711434116381768,1.8418054515496565,3.820080731241902e-06,0.16996146096801015,0.4291746272675871,0.009685038476166061,0.3887144161981987,1.0,1.0
4000.0,460.0,0.5623413251903491,2.711434116381778,1.8418054515496567,2.148189317181123e-06,0.16996146543349128,0.4291746385435033,0.009685038730625845,0.38871442641108384,1.0,1.0
4000.0,460.0,1.0,2.711434116381773,1.8418054515496571,1.208015557378357e-06,0.16996145558415104,0.42917461367264786,0.009685038169373671,0.3887144038849151,1.0,1.0
4000.0,470.0,0.0,,,,,,,,,
4000.0,470.0,1e-08,2.7169235963996905,1.8609436379871407,130.92863903780903,0.16921148796865526,0.40347322741591574,0.008015997005230563,0.41577916277654214,1.0,1.0
4000.0,470.0,1.7782794100389228e-08,2.7169235963996905,1.8609436379871407,73.62659584140468,0.16921151430535794,0.40347329021398315,0.008015998252870025,0.41577922748995094,1.0,1.0
4000.0,470.0,3.162277660168379e-08,2.71692359639968,1.8609436379871405,41.40327135509562,0.16921148929503899,0.4034732305785871,0.008015997068064879,0.415779166035675,1.0,1.0
4000.0,470.0,5.6234132519034905e-08,2.71692359639968,1.8609436379871407,23.282773961819228,0.16921151459219264,0.4034732908979209,0.008015998266458145,0.4157792281947487,1.0,1.0
4000.0,470.0,1e-07,2.716923596399685,1.8609436379871405,13.092866151452194,0.1692115170174414,0.4034732966807608,0.008015998381348612,0.4157792341539653,1.0,1.0
4000.0,470.0,1.7782794100389227e-07,2.716923596399685,1.8609436379871405,7.362660336430919,0.1692115315947905,0.40347333143945335,0.008015999071916304,0.4157792699727981,1.0,1.0
4000.0,470.0,3.162277660168379e-07,2.716923596399685,1.8609436379871405,4.14032743231557,0.16921150142523672,0.40347325950221447,0.008015997642704518,0.4157791958414731,1.0,1.0
4000.0,470.0,5.62341325190349e-07,2.716923596399685,1.8609436379871405,2.3282772264437863,0.16921150225618523,0.40347326148355445,0.008015997682068754,0.41577919788324397,1.0,1.0
4000.0,470.0,1e-06,2.716923596399685,1.8609436379871416,1.3092865967798613,0.16921151464391213,0.40347329102124246,0.008015998268908234,0.4157792283218317,1.0,1.0
4000.0,470.0,1.778279410038923e-06,2.716923596399685,1.8609436379871407,0.7362659860609023,0.16921152065926615,0.4034733053644429,0.00801599855387151,0.4157792431024998,1.0,1.0
4000.0,470.0,3.162277660168379e-06,2.7169235963996905,1.86094363798714,0.4140327824986865,0.16921151747336347,0.40347329776787577,0.00801599840294685,0.4157792352742373,1.0,1.0
4000.0,470.0,5.623413251903491e-06,2.71692359639968,1.8609436379871407,0.2328277509792116,0.16921152284900642,0.40347331058572905,0.008015998657605316,0.4157792484830351,1.0,1.0
4000.0,470.0,1e-05,2.71692359639968,1.8609436379871411,0.1309286809600307,0.16921154214871523,0.40347335660456546,0.008015999571883712,0.4157792959054463,1.0,1.0
4000.0,470.0,1.778279410038923e-05,2.71692359639968,1.86094363798714,0.07362658565180727,0.16921149088722773,0.40347323437505234,0.008015997143491084,0.41577916994793246,1.0,1.0
4000.0,470.0,3.1622776601683795e-05,2.71692359639968,1.8609436379871407,0.0414032696333788,0.16921148225853544,0.4034732138005253,0.008015996734727042,0.4157791487458823,1.0,1.0
4000.0,470.0,5.623413251903491e-05,2.71692359639968,1.8609436379871407,0.02328277144398082,0.16921149629337434,0.4034732472656394,0.008015997399594587,0.41577918323168245,1.0,1.0
4000.0,470.0,0.0001,2.71692359639968,1.8609436379871405,0.013092866455021404,0.169211520940754,0.40347330603563153,0.008015998567206337,0.41577924379415965,1.0,1.0
4000.0,470.0,0.00017782794100389227,2.71692359639968,1.8609436379871405,0.00736265915450964,0.1692115044314147,0.40347326667024036,0.008015997785115143,0.4157792032281238,1.0,1.0
4000.0,470.0,0.00031622776601683794,2.7169235963996905,1.8609436379871394,0.00414032809505827,0.16921152851094168,0.40347332408622666,0.008015998925826206,0.415779262395298,1.0,1.0
4000.0,470.0,0.0005623413251903491,2.716923596399685,1.8609436379871405,0.002328277151595846,0.16921149681648406,0.4034732485129588,0.00801599742437568,0.41577918451704504,1.0,1.0
4000.0,470.0,0.001,2.71692359639968,1.8609436379871407,0.0013092864640038165,0.1692114974840056,0.40347325010461826,0.008015997455997948,0.4157791861572502,1.0,1.0
4000.0,470.0,0.0017782794100389228,2.71692359639968,1.8609436379871405,0.0007362659360355907,0.16921150916225386,0.40347327795060306,0.008015998009227544,0.41577921485253766,1.0,1.0
4000.0,470.0,0.0031622776601683794,2.7169235963996745,1.8609436379871407,0.00041403272202747475,0.1692114927593168,0.4034732388389207,0.008015997232176907,0.4157791745479488,1.0,1.0
4000.0,470.0,0.005623413251903491,2.71692359639968,1.8609436379871405,0.00023282770782396235,0.169211491485196,0.40347323580086675,0.008015997171818424,0.4157791714172342,1.0,1.0
4000.0,470.0,0.01,2.716923596399685,1.8609436379871394,0.00013092865708652057,0.16921151129471562,0.4034732830353124,0.008015998110247913,0.4157792200923306,1.0,1.0
4000.0,470.0,0.01778279410038923,2.7169235963996745,1.86094363798714,7.362659733750794e-05,0.1692115177437608,0.4034732984126198,0.008015998415756289,0.415779235938646,1.0,1.0
4000.0,470.0,0.03162277660168379,2.71692359639968,1.8609436379871405,4.140327243726581e-05,0.16921149371777236,0.40347324112429256,0.00801599727758149,0.4157791769030245,1.0,1.0
4000.0,470.0,0.05623413251903491,2.7169235963996696,1.8609436379871416,2.328277016043712e-05,0.16921148696500246,0.4034732250227742,0.008015996957684868,0.4157791603104098,1.0,1.0
4000.0,470.0,0.1,2.7169235963996745,1.8609436379871405,1.309286543083605e-05,0.1692115077042361,0.4034732744740593,0.008015997940157374,0.41577921126995926,1.0,1.0
4000.0,470.0,0.1778279410038923,2.7169235963996745,1.8609436379871405,7.362659778144939e-06,0.16921151876404436,0.4034733008454162,0.008015998464089829,0.41577923844564274,1.0,1.0
4000.0,470.0,0.31622776601683794,2.7169235963996745,1.8609436379871398,4.140327133291619e-06,0.16921148920439366,0.40347323036244953,0.00801599706377077,0.4157791658129452,1.0,1.0
4000.0,470.0,0.5623413251903491,2.71692359639968,1.86094363798714,2.328277725601932e-06,0.16921153853335136,0.4034733479839775,0.008015999400614336,0.41577928702193034,1.0,1.0
4000.0,470.0,1.0,2.71692359639968,1.8609436379871405,1.3092865968358826e-06,0.1692115146511523,0.4034732910385062,0.008015998269251222,0.4157792283396219,1.0,1.0
4000.0,480.0,0.0,,,,,,,,,
4000.0,480.0,1e-08,2.7211376652555894,1.8661167303495645,141.9517539959858,0.1677665720144461,0.3770293926141706,0.006566641825039382,0.4441855512892722,1.0,1.0
4000.0,480.0,1.7782794100389228e-08,2.7211376652555894,1.866116730349565,79.82532269217305,0.16776654098743124,0.377029322885759,0.006566640610594268,0.44418546914089446,1.0,1.0
4000.0,480.0,3.162277660168379e-08,2.7211376652555943,1.8661167303495645,44.8890808212285,0.16776655247892663,0.3770293487111155,0.006566641060389084,0.4441854995662418,1.0,1.0
4000.0,480.0,5.6234132519034905e-08,2.7211376652555943,1.8661167303495645,25.242985398848976,0.16776655382982375,0.3770293517470476,0.0065666411132652746,0.4441855031429316,1.0,1.0
4000.0,480.0,1e-07,2.7211376652555943,1.8661167303495645,14.195173485010761,0.16776654938676974,0.3770293417619717,0.006566640939357303,0.44418549137932234,1.0,1.0
4000.0,480.0,1.7782794100389227e-07,2.7211376652555943,1.8661167303495645,7.98253364197652,0.16776656983830926,0.37702938772364003,0.006566641739862036,0.44418554552764433,1.0,1.0
4000.0,480.0,3.162277660168379e-07,2.7211376652555943,1.8661167303495652,4.4889076501501535,0.16776653633456176,0.3770293124291554,0.006566640428473795,0.44418545682176935,1.0,1.0
4000.0,480.0,5.62341325190349e-07,2.7211376652555996,1.8661167303495645,2.5242984795575447,0.16776654982042788,0.37702934273655125,0.006566640956331351,0.4441854925274931,1.0,1.0
4000.0,480.0,1e-06,2.7211376652555943,1.8661167303495645,1.4195171047538009,0.1677665205793449,0.37702927702174516,0.0065666398117903615,0.44418541510762105,1.0,1.0
4000.0,480.0,1.778279410038923e-06,2.7211376652555943,1.866116730349565,0.7982532618078083,0.16776654831933596,0.37702933936307953,0.006566640897576303,0.44418548855314155,1.0,1.0
4000.0,480.0,3.162277660168379e-06,2.7211376652555996,1.866116730349565,0.44889080939677,0.16776655292161108,0.37702934970598023,0.006566641077716433,0.444185500738311,1.0,1.0
4000.0,480.0,5.623413251903491e-06,2.7211376652555943,1.8661167303495652,0.252429867094006,0.16776656253983674,0.37702937132145303,0.006566641454188588,0.4441855262039136,1.0,1.0
4000.0,480.0,1e-05,2.7211376652555943,1.8661167303495645,0.14195173470190822,0.16776654921161938,0.37702934136834837,0.006566640932501649,0.4441854909155872,1.0,1.0
4000.0,480.0,1.778279410038923e-05,2.7211376652555943,1.866116730349565,0.07982532294445156,0.1677665415176376,0.3770293240773157,0.006566640631347361,0.44418547054469026,1.0,1.0
4000.0,480.0,3.1622776601683795e-05,2.7211376652555943,1.8661167303495652,0.044889077511198305,0.16776654010815978,0.3770293209097326,0.0065666405761782305,0.4441854668128999,1.0,1.0
4000.0,480.0,5.623413251903491e-05,2.721137665255584,1.8661167303495645,0.025242982157899028,0.16776653229025562,0.37702930334020357,0.006566640270173428,0.44418544611390104,1.0,1.0
4000.0,480.0,0.0001,2.7211376652555943,1.8661167303495645,0.014195174867823767,0.1677665657296321,0.37702937849002427,0.00656664157904209,0.4441855346493448,1.0,1.0
4000.0,480.0,0.00017782794100389227,2.7211376652555894,1.8661167303495652,0.0079825330784041,0.16776655799387288,0.37702936110510327,0.0065666412762525675,0.4441855141678362,1.0,1.0
4000.0,480.0,0.00031622776601683794,2.7211376652555943,1.8661167303495645,0.004488908016555368,0.1677665500284353,0.37702934320401577,0.006566640964473082,0.444185493078222,1.0,1.0
4000.0,480.0,0.0005623413251903491,2.7211376652555943,1.8661167303495645,0.002524298755099682,0.16776656813314095,0.37702938389153823,0.0065666416731191245,0.4441855410129718,1.0,1.0
4000.0,480.0,0.001,2.721137665255584,1.8661167303495645,0.001419517492278405,0.16776656637918366,0.3770293799497908,0.0065666416044665365,0.44418553636912367,1.0,1.0
4000.0,480.0,0.0017782794100389228,2.7211376652555943,1.8661167303495645,0.0007982532774731582,0.1677665516116766,0.3770293467621054,0.006566641026443583,0.44418549727007567,1.0,1.0
4000.0,480.0,0.0031622776601683794,2.7211376652555943,1.8661167303495652,0.0004488908011131939,0.16776654982574238,0.37702934274849476,0.006566640956539368,0.44418549254156403,1.0,1.0
4000.0,480.0,0.005623413251903491,2.7211376652555894,1.8661167303495652,0.0002524298605519497,0.16776655819194275,0.3770293615502346,0.006566641284005326,0.444185514692254,1.0,1.0
4000.0,480.0,0.01,2.7211376652555943,1.866116730349565,0.000141951753455016,0.1677665713750976,0.3770293911773338,0.006566641800014297,0.44418554959650713,1.0,1.0
4000.0,480.0,0.01778279410038923,2.7211376652555894,1.8661167303495645,7.982532702309295e-05,0.16776655008959868,0.37702934334147087,0.006566640966867109,0.44418549324016054,1.0,1.0
4000.0,480.0,0.03162277660168379,2.7211376652555996,1.8661167303495645,4.488907597188791e-05,0.1677665343552062,0.37702930798086015,0.006566640350998773,0.44418545158114764,1.0,1.0
4000.0,480.0,0.05623413251903491,2.7211376652555894,1.8661167303495645,2.5242988802201227e-05,0.1677665764487284,0.3770294025795333,0.006566641998604014,0.44418556302965695,1.0,1.0
4000.0,480.0,0.1,2.721137665255584,1.866116730349565,1.4195173474954954e-05,0.16776654926792456,0.37702934149488554,0.00656664093470552,0.44418549106466304,1.0,1.0
4000.0,480.0,0.1778279410038923,2.7211376652555894,1.866116730349565,7.98253429830005e-06,0.16776658363206856,0.37702941872297807,0.006566642279771003,0.4441855820485585,1.0,1.0
4000.0,480.0,0.31622776601683794,2.721137665255584,1.8661167303495645,4.4889086655618724e-06,0.16776657428412997,0.3770293977149336,0.0065666419138783,0.4441855572985788,1.0,1.0
4000.0,480.0,0.5623413251903491,2.7211376652555894,1.8661167303495645,2.524298907493181e-06,0.1677665782613139,0.3770294066530386,0.0065666420695514,0.44418556782873153,1.0,1.0
4000.0,480.0,1.0,2.7211376652555894,1.8661167303495645,1.4195174174346197e-06,0.16776655753372388,0.37702936007098964,0.0065666412582416275,0.44418551294952713,1.0,1.0
4000.0,490.0,0.0,,,,,,,,,
4000.0,490.0,1e-08,2.72374739205888,1.8548189313295023,153.83173456027393,0.16558110383657515,0.350304140537771,0.005310782553151716,0.4735174540155427,1.0,1.0
4000.0,490.0,1.7782794100389228e-08,2.72374739205888,1.8548189313295027,86.50594756412328,0.1655811155033435,0.3503041652200394,0.005310782927347009,0.4735174873793645,1.0,1.0
4000.0,490.0,3.162277660168379e-08,2.7237473920588853,1.8548189313295027,48.645868272155006,0.16558111237898654,0.35030415861013553,0.005310782827137625,0.4735174784445433,1.0,1.0
4000.0,490.0,5.6234132519034905e-08,2.72374739205888,1.8548189313295027,27.355580301541217,0.16558110192161576,0.350304136486474,0.005310782491732067,0.47351744853927336,1.0,1.0
4000.0,490.0,1e-07,2.7237473920588853,1.8548189313295023,15.383174156731238,0.16558111137879758,0.3503041564941312,0.005310782795057961,0.47351747558427176,1.0,1.0
4000.0,490.0,1.7782794100389227e-07,2.72374739205888,1.8548189313295027,8.650594630807937,0.16558111309914866,0.35030416013371385,0.005310782850235819,0.47351748050401343,1.0,1.0
4000.0,490.0,3.162277660168379e-07,2.7237473920588853,1.8548189313295027,4.864587588101242,0.16558113827806326,0.3503042134023407,0.005310783657814324,0.47351755250894184,1.0,1.0
4000.0,490.0,5.62341325190349e-07,2.7237473920588853,1.8548189313295027,2.735558443146359,0.16558112691969984,0.3503041893725351,0.005310783293510687,0.47351752002707526,1.0,1.0
4000.0,490.0,1e-06,2.7237473920588853,1.8548189313295027,1.5383175797111612,0.16558112903549202,0.3503041938487147,0.0053107833613717645,0.4735175260776723,1.0,1.0
4000.0,490.0,1.778279410038923e-06,2.72374739205888,1.8548189313295023,0.8650594228906507,0.16558110540634965,0.35030414385879305,0.005310782603500039,0.47351745850467586,1.0,1.0
4000.0,490.0,3.162277660168379e-06,2.7237473920588853,1.8548189313295023,0.48645868522318414,0.16558111323049435,0.3503041604115893,0.005310782854448547,0.47351748087962675,1.0,1.0
4000.0,490.0,5.623413251903491e-06,2.7237473920588853,1.8548189313295023,0.2735558382155125,0.1655811232279501,0.35030418156225246,0.005310783175102973,0.4735175094696632,1.0,1.0
4000.0,490.0,1e-05,2.7237473920588906,1.8548189313295023,0.15383175368624946,0.1655811244233556,0.35030418409125774,0.005310783213443934,0.4735175128882016,1.0,1.0
4000.0,490.0,1.778279410038923e-05,2.72374739205888,1.8548189313295023,0.08650595157610844,0.16558112318268808,0.3503041814664959,0.005310783173651257,0.473517509340226,1.0,1.0
4000.0,490.0,3.1622776601683795e-05,2.7237473920588906,1.8548189313295027,0.04864586509556919,0.16558110156650377,0.3503041357351976,0.0053107824803423475,0.47351744752374864,1.0,1.0
4000.0,490.0,5.623413251903491e-05,2.72374739205888,1.8548189313295023,0.027355579207314903,0.16558109529835288,0.3503041224742689,0.0053107822793001655,0.47351742959852183,1.0,1.0
4000.0,490.0,0.0001,2.72374739205888,1.8548189313295027,0.015383173269087103,0.16558110182439092,0.3503041362807848,0.005310782488613716,0.47351744826123654,1.0,1.0
4000.0,490.0,0.00017782794100389227,2.72374739205888,1.8548189313295027,0.008650593869947985,0.1655810985355212,0.3503041293228369,0.005310782383127815,0.47351743885595304,1.0,1.0
4000.0,490.0,0.00031622776601683794,2.7237473920588853,1.8548189313295027,0.0048645875659783806,0.16558113752504394,0.35030421180924953,0.005310783633662281,0.47351755035550896,1.0,1.0
4000.0,490.0,0.0005623413251903491,2.7237473920588906,1.8548189313295027,0.002735558209183302,0.16558111275810639,0.3503041594122033,0.005310782839297365,0.47351747952872414,1.0,1.0
4000.0,490.0,0.001,2.72374739205888,1.8548189313295027,0.0015383174418667751,0.16558111419822477,0.35030416245892426,0.005310782885487149,0.4735174836470757,1.0,1.0
4000.0,490.0,0.0017782794100389228,2.7237473920588853,1.8548189313295023,0.0008650593449584708,0.16558109048934377,0.3503041123003071,0.005310782125057917,0.4735174158460481,1.0,1.0
4000.0,490.0,0.0031622776601683794,2.7237473920588853,1.8548189313295023,0.00048645868890170174,0.16558111448259047,0.35030416306052964,0.005310782894607782,0.4735174844602852,1.0,1.0
4000.0,490.0,0.005623413251903491,2.72374739205888,1.8548189313295023,0.00027355585615812197,0.16558113408846564,0.3503042045388088,0.005310783523438833,0.4735175405278187,1.0,1.0
4000.0,490.0,0.01,2.7237473920588853,1.8548189313295027,0.0001538317421318815,0.16558111198648742,0.3503041577797626,0.0053107828145487635,0.4735174773221013,1.0,1.0
4000.0,490.0,0.01778279410038923,2.72374739205888,1.8548189313295027,8.650594618547501e-05,0.16558111286447158,0.3503041596372299,0.005310782842708878,0.4735174798329,1.0,1.0
4000.0,490.0,0.03162277660168379,2.7237473920588906,1.8548189313295023,4.864586480731305e-05,0.1655811005853357,0.35030413365943386,0.005310782448872752,0.47351744471787166,1.0,1.0
4000.0,490.0,0.05623413251903491,2.723747392058875,1.8548189313295027,2.735558139374979e-05,0.1655811085326654,0.3503041504728409,0.005310782703772248,0.47351746744509854,1.0,1.0
4000.0,490.0,0.1,2.723747392058875,1.8548189313295023,1.5383177655115843e-05,0.1655811490346419,0.3503042361590077,0.005310784002816555,0.47351758326986576,1.0,1.0
4000.0,490.0,0.1778279410038923,2.72374739205888,1.8548189313295027,8.650594761871243e-06,0.16558111560783267,0.35030416544109716,0.0053107829306983535,0.4735174876781754,1.0,1.0
4000.0,490.0,0.31622776601683794,2.72374739205888,1.8548189313295027,4.864586856247536e-06,0.1655811133671808,0.35030416070076387,0.005310782858832575,0.47351748127051324,1.0,1.0
4000.0,490.0,0.5623413251903491,2.7237473920588853,1.8548189313295027,2.735558189905096e-06,0.16558111159121228,0.35030415694351663,0.005310782801870865,0.4735174761917205,1.0,1.0
4000.0,490.0,1.0,2.72374739205888,1.8548189313295027,1.5383176979985761e-06,0.16558114176768984,0.3503042207850106,0.005310783769739221,0.473517562488336,1.0,1.0
4000.0,500.0,0.0,,,,,,,,,
4000.0,500.0,1e-08,2.724837807892859,1.8269961145989029,166.62191289497596,0.16261796121372699,0.3233710228460264,0.004222382300159941,0.5037494149387369,1.0,1.0
4000.0,500.0,1.7782794100389228e-08,2.7248378078928535,1.8269961145989029,93.6984064678762,0.16261799447507777,0.3233710889872875,0.0042223831637923336,0.5037495179740098,1.0,1.0
4000.0,500.0,3.162277660168379e-08,2.7248378078928535,1.8269961145989022,52.690476005983996,0.1626179634412661,0.3233710272755593,0.00422238235799809,0.5037494218390912,1.0,1.0
4000.0,500.0,5.6234132519034905e-08,2.7248378078928535,1.8269961145989027,29.63003218094503,0.1626179638739057,0.323371028135877,0.004222382369231595,0.5037494231792995,1.0,1.0
4000.0,500.0,1e-07,2.724837807892859,1.8269961145989027,16.662191651201777,0.16261796474385065,0.32337102986579036,0.004222382391819754,0.5037494258741695,1.0,1.0
4000.0,500.0,1.7782794100389227e-07,2.7248378078928535,1.8269961145989022,9.369839789839274,0.16261797960233587,0.32337105941236405,0.004222382777620957,0.5037494719020078,1.0,1.0
4000.0,500.0,3.162277660168379e-07,2.7248378078928535,1.8269961145989029,5.269047966228335,0.1626179747256575,0.32337104971493297,0.004222382650997795,0.5037494567952886,1.0,1.0
4000.0,500.0,5.62341325190349e-07,2.7248378078928535,1.8269961145989029,2.9630034411884547,0.16261797611793027,0.3233710524835119,0.004222382687148215,0.5037494611081983,1.0,1.0
4000.0,500.0,1e-06,2.7248378078928535,1.8269961145989022,1.6662190649297868,0.16261795496557072,0.3233710104213676,0.004222382137926297,0.5037493955835253,1.0,1.0
4000.0,500.0,1.778279410038923e-06,2.724837807892859,1.8269961145989022,0.9369839188740127,0.16261796916997728,0.3233710386672849,0.00422238250674432,0.503749439585193,1.0,1.0
4000.0,500.0,3.162277660168379e-06,2.7248378078928535,1.8269961145989027,0.5269047547041189,0.16261796178833654,0.32337102398865597,0.004222382315079704,0.5037494167187324,1.0,1.0
4000.0,500.0,5.623413251903491e-06,2.7248378078928535,1.8269961145989027,0.29630029316508255,0.16261794815306974,0.3233709968744913,0.004222381961039419,0.503749374480116,1.0,1.0
4000.0,500.0,1e-05,2.7248378078928535,1.8269961145989027,0.16662192916266452,0.16261797709050035,0.3233710544174986,0.0042223827124010386,0.5037494641209751,1.0,1.0
4000.0,500.0,1.778279410038923e-05,2.724837807892848,1.8269961145989027,0.09369838759107815,0.16261796171350631,0.3233710238398536,0.004222382313136733,0.5037494164869273,1.0,1.0
4000.0,500.0,3.1622776601683795e-05,2.7248378078928535,1.8269961145989027,0.05269047920252486,0.1626179733067106,0.3233710468933116,0.004222382614154778,0.5037494523997492,1.0,1.0
4000.0,500.0,5.623413251903491e-05,2.7248378078928535,1.8269961145989018,0.02963002870182871,0.1626179447795352,0.3233709901661099,0.004222381873445451,0.5037493640297573,1.0,1.0
4000.0,500.0,0.0001,2.724837807892859,1.8269961145989033,0.016662191532106855,0.16261796358152017,0.32337102755445896,0.004222382361639793,0.5037494222735628,1.0,1.0
4000.0,500.0,0.00017782794100389227,2.724837807892848,1.8269961145989033,0.009369839946508923,0.1626179823214114,0.3233710648193327,0.004222382848221868,0.5037494803250178,1.0,1.0
4000.0,500.0,0.00031622776601683794,2.7248378078928535,1.8269961145989029,0.005269048060812676,0.16261797764480235,0.3233710555197459,0.0042223827267935145,0.5037494658380628,1.0,1.0
4000.0,500.0,0.0005623413251903491,2.724837807892859,1.8269961145989027,0.0029630034923393326,0.16261797892523455,0.32337105806592636,0.004222382760039991,0.5037494698045187,1.0,1.0
4000.0,500.0,0.001,2.7248378078928535,1.8269961145989035,0.001666219160723958,0.16261796431479292,0.3233710290125953,0.0042223823806792505,0.5037494245450567,1.0,1.0
4000.0,500.0,0.0017782794100389228,2.7248378078928535,1.8269961145989029,0.0009369838910842618,0.1626179643469352,0.32337102907651133,0.004222382381513828,0.5037494246446255,1.0,1.0
4000.0,500.0,0.0031622776601683794,2.7248378078928432,1.8269961145989027,0.0005269048281865397,0.16261798446712505,0.32337106908615304,0.0042223829039354155,0.5037494869718974,1.0,1.0
4000.0,500.0,0.005623413251903491,2.7248378078928535,1.8269961145989022,0.00029630032155042284,0.16261796373174414,0.32337102785318417,0.004222382365540365,0.5037494227389189,1.0,1.0
4000.0,500.0,0.01,2.7248378078928535,1.8269961145989033,0.00016662191509191166,0.16261796335786996,0.3233710271097234,0.004222382355832705,0.5037494215807509,1.0,1.0
4000.0,500.0,0.01778279410038923,2.7248378078928432,1.8269961145989035,9.369837952914941e-05,0.16261794772164953,0.3233709960165984,0.004222381949837575,0.5037493731436851,1.0,1.0
4000.0,500.0,0.03162277660168379,2.7248378078928535,1.8269961145989033,5.269047391082579e-05,0.16261795697500528,0.32337101441719257,0.0042223821901013515,0.5037494018082466,1.0,1.0
4000.0,500.0,0.05623413251903491,2.724837807892848,1.8269961145989033,2.963002702416485e-05,0.16261793557204335,0.3233709718567175,0.004222381634372532,0.5037493355072704,1.0,1.0
4000.0,500.0,0.1,2.7248378078928535,1.8269961145989033,1.666219168368331e-05,0.16261796506086065,0.3233710304961749,0.004222382400050932,0.5037494268561864,1.0,1.0
4000.0,500.0,0.1778279410038923,2.7248378078928535,1.8269961145989033,9.369840679360662e-06,0.16261799504039828,0.3233710901114454,0.004222383178470905,0.50374951972523,1.0,1.0
4000.0,500.0,0.31622776601683794,2.724837807892848,1.8269961145989027,5.269047254562161e-06,0.16261795276159255,0.32337100603868646,0.00422238208069991,0.5037493887561569,1.0,1.0
4000.0,500.0,0.5623413251903491,2.724837807892848,1.8269961145989035,2.9630029775772004e-06,0.16261795067363857,0.32337100188672313,0.004222382026486096,0.5037493822882023,1.0,1.0
4000.0,500.0,1.0,2.7248378078928535,1.8269961145989027,1.666219119359718e-06,0.16261796027776784,0.32337102098484166,0.004222382275857722,0.5037494120393716,1.0,1.0
