tag,m_GeV,delta_keV,E_star,halfwidth_v250,v_min_248,exo_lo,exo_mid,exo_gap,exo_hi,exo_roi,exo_lomid,exo_he1700,exo_he1000,exo_all,exo_gap_true,exo_hi_true,exo_lomid_true,exo_roi_true,exo_D248,exo_pct248,exo_p16,exo_p50,exo_p84,exo_p95,exo_mode,exo_fwhm,exo_f_hi_of_roi,endo_lomid,endo_gap,endo_hi,endo_roi,endo_he1700,endo_he1000,endo_all,endo_D248,endo_pct248,endo_p16,endo_p50,endo_p84,endo_mode,R_roi,gap_per_hi,lomid_per_hi,he1700_per_hi,D248_per_hi,endo_D248_per_hi,Z5_exo,mu_hi_exo,mu_gap_exo,mu_lomid_exo,mu_he_exo,kappa_exo,Z4_exo,Z5_endo,mu_hi_endo,kappa_endo,Z4_endo,B_exo,B_endo,B_exo_mu3,B_endo_mu3,B_exo_log,B_endo_log,B_exo_noHE,B_endo_noHE,B_exo_bin,B_endo_bin,kappa_f2_one_event,sigmaN_f2_cm2,endo_events_at_exo_coupling_f2fo,endo_gap_at_exo_coupling_f2fo,date_exo,date_endo,B_exo_date,B_endo_date
iso,300.0,100.0,71.03582356261555,89.11068682730624,303.2042569955581,2033824025.5782962,197114233.75091758,24117638.00342023,2589828.4481934025,2258854424.848578,2230938259.3292136,857929.3915147026,787439.5750111454,2357317953.5320525,24837688.25861032,2402218.0363607756,2231608174.744342,2258854829.7120075,8279.87515727301,0.9999642124449406,17.345218729118628,29.479376873550194,47.81867203491945,63.82867168674203,23.5,33.0,0.0011465229541593905,241311713.29176432,2767968.421444134,268367.2693475774,244388285.5416001,68589.85921659689,64254.24601631463,254754827.71419832,811.7919338437829,0.9999680248297633,19.11655456939583,31.560817319120254,49.85286623537637,25.5,9.242891572493448,9.312446166171382,861.4231807073779,0.33126881130415103,0.0031970747572291278,0.003024928993082185,0.49860156990376964,0.0017352850775713042,0.016159748867843302,1.2945096089674821,0.0005748458249208775,6.70038619269085e-10,1.5155175373188694,0.416160095587714,0.0014306472163633913,5.330930332306957e-09,1.4900171764988683,0.0010107465113956954,0.0009119152812371606,0.003369155037985652,0.003039717604123868,0.2525693596858476,0.23446235132894064,0.001012679342629289,0.0009131838942942481,0.0031038825034962877,0.0028566749044661383,4.4270227819884183e-10,1.3122771055206187e-47,0.10819125077437544,0.00122538592615577,1.0071302923158696,1.1177853964716005,0.001017953429479192,0.0010193255841861907
iso,300.0,110.0,78.1394059188771,92.46913234002498,291.0332263740067,1671609501.4084578,193874560.13505903,25279669.58827608,2758399.605730844,1893908674.9724538,1865484061.5435169,936861.4397549047,858884.4342887022,1974889739.4986477,26032820.002781972,2561011.9131398224,1865307654.2710438,1893908771.4730504,8872.76875415457,0.9999541798776921,19.103979143396614,31.5726357042216,50.08000316221117,66.47659537064561,25.5,33.0,0.0014564586150232213,152844020.45536834,2306527.359924155,225661.0248396056,155381657.7046153,57478.62477068344,53923.607067877434,161927863.12539834,683.5376776684154,0.9999576377489372,21.32112681868715,34.07459575974334,52.54097307131426,28.5,12.188753183292876,9.164614704756737,676.2921723407268,0.33963949161263063,0.0032166364640281004,0.003029046234963514,0.6851729962580333,0.0027930520760733424,0.02559724612753309,1.6358040756859695,0.0009486307871651526,1.012562527296808e-09,1.6434461253601516,0.6336805332460308,0.002620228501658736,1.16113471678201e-08,1.6399796400206326,0.0014796534070425499,0.0014097324214799283,0.004932178023475166,0.00469910807159976,0.3185671647569113,0.30622458113909395,0.0014834377597386368,0.0014123981754918863,0.0048046105601450015,0.004752111940154341,5.280085640953858e-10,1.5651456617758232e-47,0.08204284597137465,0.001217866199360274,1.0116045125037805,1.1326062967148203,0.0014968240635058366,0.0015966718172511977
iso,300.0,120.0,85.24298827513866,95.70980286574547,278.86219575245525,1360481841.824674,188828388.57676795,26376357.74644117,2926058.114970568,1578737133.0283244,1549310230.4014418,1020073.1323200822,934082.6655632821,1645905154.2408366,27160279.083557837,2719291.8647416346,1548849751.1921396,1578737159.2148092,9474.78783868467,0.9999411835252859,20.904533993795955,33.67835669394655,52.3733283139138,69.40335212311211,28.5,34.0,0.001853416920242967,95112111.03834413,1903913.9311592288,188400.9773852422,97205551.27286583,47838.90521262339,44951.36571364348,101306915.85320455,571.0693974418552,0.9999434089608993,23.649479920495015,36.67927215942591,55.38014233181342,31.5,16.241224007841375,9.014297293513078,529.4871699487848,0.3486168395292937,0.00323807233704925,0.0030311381892363163,0.8613192396124438,0.004128078589532443,0.03721172765703159,1.8928721866382119,0.0014391177112113448,1.4107985649403159e-09,1.7654248508035217,0.8405840678303123,0.004221027071684297,2.2404486060882494e-08,1.7848209072735555,0.0021959001797540512,0.002239551191006677,0.007319667265846837,0.007465170636688924,0.39825147648891573,0.39668599130579313,0.0022034032521912874,0.0022453309877888588,0.00747922218379649,0.00805732124232609,6.334176723149634e-10,1.8776038673054708e-47,0.06157171402335151,0.0012059727305629103,1.0160409810957896,1.1483344739442074,0.002231124573025727,0.0025717538387957754
iso,300.0,130.0,92.34657063140021,98.84428305917679,266.69116513090376,1096756310.5083404,182137953.00863594,27398873.602299303,3092147.883797286,1309423987.3796759,1278894263.5169764,1107357.3788731326,1012753.1267502569,1365216636.5409133,28211489.60178442,2876467.7611747393,1278327631.9689171,1309423992.378163,10078.835274337258,0.9999244246137287,22.728607367860135,35.79156945170826,54.726603322415826,72.77385652954062,30.5,34.0,0.0023614565744935435,58105653.33269338,1558668.8035014349,156092.26327377994,59820979.536888115,39497.18469369325,37178.89365464949,62355081.61064136,474.4397208636322,0.9999235549765798,26.09686312362849,39.372508529117276,58.37770015543627,34.5,21.88904289961067,8.860790179495668,413.594146068603,0.3581191522810519,0.00325949328851634,0.003039482616966626,1.0265833383225291,0.005802403349045056,0.051413878612691206,2.0782614904825105,0.002077951768552752,1.876496069107621e-09,1.8814195955873168,1.037984446262595,0.00637957194441517,4.087051984905646e-08,1.9240924128142236,0.003293030902312861,0.0036520736962502146,0.010976769674376205,0.012173578987500712,0.4942606356011791,0.5119283302081278,0.0033080202864772764,0.0036649568828137193,0.011674372342495371,0.013869623447107144,7.636945784085774e-10,2.263776267276546e-47,0.04568495774741191,0.00119034691476863,1.0203939365980121,1.1651535264824129,0.003360188765749924,0.0042552265461595976
iso,300.0,140.0,99.45015298766175,101.88237444408854,254.52013450935232,875617627.9657338,173898059.1596454,28330186.71979098,3254255.0012664213,1081119766.9748173,1049515687.1253792,1198625.4868546005,1094826.0333822619,1127444686.0044196,29168251.55694724,3030454.265053805,1048912084.0492158,1081119768.1576905,10684.277011072518,0.9999027822070584,24.573241439585882,37.918187484754114,57.1550632097438,76.96822567316134,32.5,36.0,0.003010078162174814,34739932.66069924,1262908.35462207,128264.2874068837,36131540.777852826,32332.027548547077,30494.650073742963,37671016.69723189,390.7393090520053,0.9998957228150348,28.709847836373967,42.2085973624314,61.66760180919527,36.5,29.921773157194004,8.705582908765921,322.5056692597695,0.36832561873244263,0.003283171419238701,0.0030463608924321288,1.1814579740505227,0.007888588057839954,0.06867475737062646,2.2032030453797873,0.002905569077329259,2.424084177413891e-09,1.9913196851664545,1.2246847773143392,0.009292984986374632,7.245185058328165e-08,2.058264991089722,0.004974525451395358,0.006097252637445985,0.01658175150465119,0.020324175458153286,0.6099780496716105,0.6596311191005755,0.005004580141719663,0.006126696334945532,0.018211248001059187,0.024222601032782273,9.249669005666171e-10,2.741826610688342e-47,0.03342047928598686,0.0011681484264744622,1.0247151970499506,1.1834695778590896,0.005097471828156589,0.00721591300493842
iso,300.0,150.0,106.55373534392331,104.83245752746745,242.34910388780088,691986622.3276263,164327087.77370217,29172362.63480062,3412132.4764712756,888912881.8311875,856313710.1013285,1293708.5716692384,1180145.7515671635,927316219.8554677,30033309.440822557,3180642.014392366,855689362.4080474,888912882.0381458,11279.574658584403,0.9998748928088697,26.44007697201942,40.06389622885635,59.69721959099657,83.2453634893667,34.5,36.0,0.0038385454257814098,20271495.64735659,1013734.0208721156,104494.59309118039,21390079.406806074,26199.707314102114,24765.410675111674,22308880.695832085,319.02216878551116,0.9998560609421674,31.531875654838036,45.23697345309249,65.42497670693595,39.5,41.557250205828865,8.549598480118156,250.9614488904318,0.3791495730573605,0.0033057258873633766,0.0030530016850454384,1.3258263859625805,0.010470556574671873,0.08951905457680583,2.2755934381472587,0.003969907054959781,3.06862545545131e-09,2.0953536496101997,1.4008134621806556,0.013221033249197467,1.265236110126865e-07,2.187065946481028,0.007543343379523193,0.010382179240473282,0.025144477931743976,0.03460726413491095,0.749027372602721,0.8502222607801503,0.00760356836877935,0.010450764808998553,0.028334511968355396,0.04276710795869278,1.1249696347520239e-09,3.3346833047646953e-47,0.024063189817591417,0.0011404199911962045,1.0289128456546586,1.2037459170196123,0.007761442902375438,0.012497505870485493
iso,300.0,160.0,113.65731770018486,107.70176451725884,230.1780732662494,541768306.9707255,153616117.91047364,29913091.95950658,3564370.080984471,728876235.3383597,695384424.8811991,1392438.7593472926,1268485.5811774407,760713834.1398907,30793530.119158316,3325984.9687776295,694746550.9710039,728876235.3814752,11871.566917899137,0.9998390589813893,28.309896588584,42.222664454804274,62.39550717620811,113.27061546380062,37.5,36.0,0.004890226774000685,11509942.832961857,804034.6902763924,84266.36858046771,12398532.159852682,21001.861901704742,19901.593071580413,12937221.29767405,258.06205243377735,0.9997990385630158,34.56818163499611,48.52170048796289,70.04493841051303,43.5,58.78730045952634,8.392252005225185,195.09321677650698,0.3906549341707818,0.0033306213014278915,0.0030624560756685334,1.4601369937171707,0.013627078104448529,0.11436187354741836,2.302304735304918,0.005323485299833441,3.823137832164936e-09,2.193136886927874,1.5659106128875626,0.01846274166488827,2.1909976632323743e-07,2.3094837535094777,0.01143179973861365,0.017897692131503298,0.03810599912871217,0.05965897377167765,0.9154596471927757,1.0962072426086273,0.011551694821201618,0.0180590350694258,0.043769643597319344,0.07576783113755478,1.3719750370730347e-09,4.0668673263255314e-47,0.017010476619665097,0.0011031155239999593,1.0329987603392414,1.226461992584313,0.011809034958434366,0.021950839154264115
iso,300.0,170.0,120.76090005644643,110.49658822341021,218.00704264469798,419214575.67254686,142045021.74935842,30551110.08669246,3711032.9593268665,595536598.5863378,561259597.4219053,1494530.5235535607,1359619.2841052776,621925864.2791749,31447712.171844963,3466497.3435507733,560611628.6204746,595536598.5930732,12451.48818406842,0.9997929626898289,30.217567169054945,44.43223977531419,65.3672636744216,135.24037655708082,39.5,36.0,0.006231410408925288,6320224.100432143,630064.7452990811,67279.42106587024,7017800.022116786,16624.071279771822,15797.87840445023,7327689.726394061,206.5921604908808,0.9997155805093622,37.92803013662282,52.2027586488146,76.61244362060442,46.5,84.86086760943432,8.23250842057572,151.2408010312338,0.4027262867060737,0.003355262084852773,0.0030706590101097298,1.5850838040447242,0.017467875010389607,0.1438044281125966,2.2878467840942323,0.007034772439580024,4.707011552265505e-09,2.2853136798578833,1.7195357918994651,0.025403890135282263,3.775878230344828e-07,2.425453341164158,0.01728600118782226,0.031044012466994387,0.05762000395940753,0.10348004155664799,1.114353035631983,1.412660962726563,0.017522861819220102,0.031423981365656536,0.06713136155835939,0.13418870618978468,1.6791579264377069e-09,4.977432039389587e-47,0.011783994533292116,0.001057978211237907,1.036849441999029,1.2520692183196103,0.017922980685988063,0.0388692524230539
iso,300.0,180.0,127.86448241270799,113.22244449709025,205.8360120231465,320968025.13600516,129841287.34180206,31079403.647184864,3848941.437557183,485753252.1501133,450809312.4778072,1599972.9064642184,1453413.161182658,507679532.53552026,31988381.14995884,3599222.828408428,450154295.5204313,485753252.15140563,13012.73460235493,0.9997341239755353,32.14932665400126,46.68317677089508,68.75039882508665,147.20001854045972,41.5,36.0,0.00792365551958824,3343103.6673404155,487171.47031569656,53108.635710817005,3883568.0044670445,12958.684701499176,12355.368555344849,4059011.35190657,163.48133001643666,0.9995929904915988,41.64552382884093,56.41327353529553,95.77375403406717,49.5,125.07911580056775,8.074792550470734,117.12553173163462,0.4156916732616428,0.003380860637519534,0.003078243826608773,1.7001811819519819,0.022044149263875344,0.17800193225740554,2.23595372175313,0.009163569293129753,5.727327791681381e-09,2.371103907696358,1.8594304656959817,0.034299305865735645,6.458329310603938e-07,2.532744893316976,0.025903692534016382,0.05330482311272239,0.0863456417800546,0.17768274370907464,1.3485140960141582,1.8094204351509489,0.02636404324994542,0.05417901170738133,0.10157381050800221,0.23393083513339122,2.058658373512995e-09,6.10236356280058e-47,0.007994939791503234,0.0010029196267020463,1.0404642212895148,1.280891619535565,0.026951865280928373,0.0682777012059118
iso,300.0,190.0,134.96806476896953,115.884200246537,193.66498140159507,242774003.8292058,117335679.74758671,31493512.93195122,3979135.819751143,395598692.41549975,360109683.57679254,1707986.9777036717,1549196.9514844152,413882630.4526309,32411684.187626813,3724988.9369496335,359450077.0536233,395598692.4156825,13555.926727310098,0.9996590966015609,34.11271858519443,49.01534422841031,72.86497632927487,156.6192386960451,43.5,37.0,0.010058516107459304,1685945.934583004,370797.6243435485,41347.80569117214,2098235.8579202453,9927.453753749398,9501.376830847235,2196103.567093773,127.63213851071974,0.9994113775754176,45.86880812464776,61.5387087709062,138.8428918892178,53.5,188.53871499823381,7.914661463835341,90.49947020891435,0.42923565695490384,0.003406751450911241,0.0030867935160576007,1.80606534505846,0.02743131494056359,0.2171095712624093,2.1498618603747275,0.011774498489649681,6.8937870389855545e-09,2.450832975095883,1.9844348446728395,0.045249339874568056,1.094358917436552e-06,2.6297924272279336,0.0383782740961496,0.0892557594889507,0.12792758032049867,0.29751919829650236,1.6218599157423377,2.2910446866960728,0.03925568301008002,0.09117909803445556,0.15140969874834123,0.3957015639245049,2.5278142197439164e-09,7.4930554707682685e-47,0.005303950438027371,0.0009373075074628848,1.0436695925558785,1.3124713248745667,0.04005423768892628,0.11714562490914882
iso,300.0,200.0,142.0716471252311,118.4861755466109,181.4939507800436,181327341.69360602,104821668.22982495,31794420.919424783,4100507.328077681,322061064.54958194,286149009.923431,1818559.144508781,1646961.8826254616,337397781.2201749,32718121.893004093,3843020.333384606,285487391.11798495,322061064.5496127,14079.290999759643,0.9995640710257637,36.127571522288974,51.45436009078244,78.53715687993689,164.65381086074427,45.5,37.0,0.012732080277423289,802631.6785580865,277569.89055531484,31716.5895532278,1112029.8772528905,7445.186162048013,7157.240169272071,1166195.954064832,98.2090161407412,0.9991447532013046,50.78311556091289,68.38249002607452,154.73405096764944,57.5,289.6154780887609,7.753777368404318,69.78380649732377,0.4434961332848836,0.0034335485522373204,0.003096455751521571,1.902788927368044,0.03364018637307065,0.2608385157684186,2.032969862035706,0.014919292579439665,8.203908365856081e-09,2.5242335409103003,2.092314256705204,0.05787666923792818,1.8248074604868123e-06,2.7143463542286383,0.05595627076777837,0.14269536800829852,0.1865209025592612,0.4756512266943284,1.9357257301305293,2.842347880289579,0.057586455945090875,0.146603201270369,0.2214255097421106,0.6364691037012287,3.10500122515135e-09,9.203977980319885e-47,0.0034528541312751305,0.0008618548502393787,1.0464340385428943,1.3452928335090202,0.05855454640132602,0.1919670559564963
iso,300.0,210.0,149.17522948149264,121.03222597533721,169.32292015849214,133681446.58140016,92520242.03366794,31978500.201436765,4211723.319970336,262409789.56862795,226201688.61506808,1931430.3469430867,1746377.63387534,275380357.42244387,32904241.744764157,3951665.2789081447,225540773.9545749,262409789.56863242,14577.802334287277,0.9994446663067293,38.19239315688954,54.04124021742448,91.05800114975017,171.7340767811832,47.5,37.0,0.016050176050573163,356795.1013457062,203495.47586526562,23882.757209306317,584258.0528684395,5444.767098714587,5261.664980077357,614330.3291133649,74.13564172273782,0.9987707878171183,56.734673273848244,80.19149841559107,166.6631487623312,61.5,449.13337228355874,7.592735270573756,53.70763258415115,0.45858433714888236,0.0034612440625349417,0.003104149201577514,1.99039161623446,0.04062485126993452,0.3084537410990449,1.8894947312953778,0.018629920491394853,9.645660026456973e-09,2.5911181046825615,2.1804112383814935,0.07114010466739758,2.9787224332572726e-06,2.7841614946493825,0.0799321886513312,0.21269535189217553,0.2664406288377707,0.7089845063072517,2.2888269452009173,3.417816878127627,0.08286737079176865,0.21975986153338467,0.3164581235951086,0.9522805853053088,3.810833435916728e-09,1.1296236132446179e-46,0.0022265101230746526,0.0007754873634851397,1.0485788450407938,1.3762187561975083,0.08381520205759571,0.2927153326300412
iso,300.0,220.0,156.2788118377542,123.52580966513798,157.1518895369407,97140873.16115543,80695211.33446032,32044895.568229444,4312520.952283487,214212103.4362765,177836084.49561575,2045831.6897016622,1846836.8323999825,225295422.23298743,32969094.94279718,4050784.288859369,177178552.71313882,214212103.43627703,15044.256984822547,0.9992962664025535,40.33932735512509,56.83803821514733,130.0451358972805,178.0784721479632,49.5,37.0,0.020132013472181645,145907.82952903686,145514.4081627329,17614.724148659912,309099.8502909403,3853.9419857023495,3745.958899519692,326034.4596195185,54.785608266290964,0.9982824788236228,64.43814362513183,129.5866293485837,176.04752785434474,66.5,693.019110926936,7.430664319731971,41.237152575792415,0.47439344929289934,0.0034885064098892295,0.003110216646251535,2.069003910046531,0.048291141553549924,0.3588352625010893,1.7245430232143348,0.02290900121188021,1.1197891462528358e-08,2.6515296717577073,2.2493851485236527,0.08385703369044728,4.760621454116097e-06,2.839277681519121,0.11147407512952204,0.29301385810554453,0.3715802504317402,0.9767128603518066,2.6769159660272397,3.9677440019170613,0.11656988344954985,0.3041520295939717,0.4408173597090309,1.314783707843722,4.668270298262948e-09,1.3837887303667378e-46,0.0014429616503107206,0.0006793005895953975,1.0499750053042953,1.4003512952054846,0.11704499262541132,0.41032233571125537
iso,300.0,230.0,163.38239419401575,125.97004240020999,144.98085891538923,69601917.56000528,69541675.1327044,31993188.274229478,4402145.693922463,175558238.9871332,139143592.69270968,2161969.6192528037,1948384.7829300286,185153876.50717568,32911855.866146367,4139781.247483571,138492375.7680477,175558238.98713326,15484.853698047304,0.9991138259966607,42.56717196633378,59.92083642004364,143.237362196033,183.78720980776245,51.5,37.0,0.02507513016375779,54533.38773631423,100846.67278821491,12636.6441589693,168062.13932106033,2620.1827573830165,2563.0909267452157,177822.72191485178,39.34827759357547,0.9977314782179869,76.07361401608047,145.35264298434504,183.06326431505227,151.5,1044.6031431966517,7.267635034978238,31.608129845590813,0.4911172345425975,0.0035175695614585094,0.003113823345705802,2.139008386712595,0.05645054731472655,0.41026197540820336,1.5452005346418196,0.027723836685624555,1.2823416406381401e-08,2.705351197561535,2.3002424077261336,0.09482603164202018,7.504051744205686e-06,2.8802701893083,0.15128830567303936,0.37229445850048076,0.5042943522434645,1.2409815283330794,3.0933194204780188,4.440004969389525,0.15977873298545178,0.38755162027064094,0.596421183210275,1.6730610473659506,5.69611546441458e-09,1.6884670087457332e-46,0.0009573013507692893,0.000574434292403708,1.0505568312324536,1.4153333693116565,0.15893696301039506,0.5269207703255441
iso,300.0,240.0,170.48597655027731,128.36774326595256,132.8098282938378,49100427.69111501,59264380.951688446,31825331.73884422,4480276.2493714765,144690402.41506094,108364808.64280346,2279040.7610056847,2050334.087902044,153123821.79039437,32735050.395209923,4218175.944483456,107722419.1922133,144690402.4150609,15890.000598263241,0.9988939131048623,44.904684793053555,63.432393227194,152.70355680083463,188.93203083870804,53.5,37.0,0.03096457107444689,18824.23856712156,67176.52471060546,8773.110794373782,94805.56165369909,1689.2431807999342,1663.216254576288,100534.62814883747,27.374935071060154,0.997202752728055,117.53451137635824,153.8243394768938,187.929877972031,152.5,1526.180530880442,7.103430674237753,24.187081914425615,0.508683088754941,0.0035466564367526215,0.0031203225073386472,2.200607423240943,0.06488176422699653,0.4608831142087089,1.3590142729319652,0.033004256230858425,1.4481643679025056e-08,2.752777450009862,2.3386474194868034,0.10399576381422473,1.1853921174792124e-05,2.9109541490403688,0.19934086305230606,0.44601634234309095,0.6644695435076868,1.4867211411007009,3.5272502180275827,4.83938212969867,0.21286854891835794,0.46465977228819516,0.7825849271006982,2.0038356305340996,6.9113084441591765e-09,2.048679730621983e-46,0.000655230478810464,0.0004642776824816751,1.0501428273829734,1.4277125879517771,0.20933637753871076,0.6367831463954402
iso,300.0,250.0,177.58955890653885,130.72147275821334,120.6387976722863,34042618.627462536,49922785.57627816,31541094.24674053,4546160.828587102,120073290.77549925,83965404.20374069,2396813.6135442527,2152444.7216759794,127605758.99635921,32438087.757162824,4285349.876332661,83334582.13540189,120073290.77549925,16258.572052946662,0.99863262483638,47.397388911393655,67.63377597910461,160.35334991378846,193.56460183856942,55.5,37.0,0.03786154938559191,6375.425206354702,42412.37325031607,5830.418458233339,54639.40203766431,1016.1060210454212,1006.4932939775681,57986.690933106525,18.18048660761854,0.9967786359689883,130.04303831872173,158.70348552795633,191.09900456431566,154.5,2197.558653601841,6.9379626977568165,18.469519088667226,0.5272170747837702,0.003576330153282248,0.003118212995834842,2.2545239606968575,0.07335976017573083,0.5089672796156065,1.1733602791243452,0.038676518166687726,1.613663989061519e-08,2.79420504508759,2.3686748199421133,0.11209276725632594,1.9225509808483094e-05,2.9358178317082384,0.2549773183222809,0.5153185828890362,0.8499243944076031,1.71772860926833,3.968962977371586,5.181070621659741,0.2755840752576567,0.5363108613149756,0.9958564733808813,2.319782606236765,8.328246802777293e-09,2.4686946841283557e-46,0.00045505042532584093,0.00035322071192014204,1.0486831136538128,1.456321310497657,0.2673904080893089,0.7504694339567566
iso,300.0,260.0,184.69314126280042,133.03356482090945,108.46776705073489,23152731.937068693,41555104.26445957,31143067.352094643,4599605.531313689,100471751.2990621,64707836.201528266,2514783.213013951,2254239.0856767176,107312544.76529841,32024040.68011766,4340955.095847159,64090993.41679114,100471751.29906209,16590.74678890367,0.9983280290290965,50.0702602832712,73.07242982602882,166.7987367557416,197.73108771181964,57.5,37.0,0.04578008715726076,2326.2293943341438,24834.306607333183,3648.514370657482,30822.295288053105,555.6609520761833,553.1221300791462,32692.553435441423,11.33562094317618,0.9964489919849052,134.81928475784025,161.818960953835,193.33591036861114,156.5,3259.7102311846816,6.7708126577541305,14.06812731244088,0.5467388879097435,0.003606993398880708,0.0031069141550711336,2.301542998718778,0.08167382360882795,0.5529981586978304,0.9950320503073719,0.044654255491227146,1.7756701754704856e-08,2.8301332605855265,2.396548901045958,0.12059482190772217,3.3053130577635723e-05,2.959969154084089,0.31692093124366255,0.591665384964484,1.0564031041455417,1.9722179475618449,4.409149248145998,5.52430158113645,0.3469687470365672,0.6142693799687757,1.2303315672084723,2.676159698736707,9.953046374432362e-09,2.950324751092902e-46,0.00030677573436844064,0.00024717700533965917,1.0462211043125986,1.5267092732709193,0.3315693666655218,0.903301029898686
iso,300.0,270.0,191.79672361906196,135.30615395406787,96.2967364291834,15462207.540086642,34230024.080860116,30633354.676685918,4640866.686618356,84988267.4171244,49692231.62094676,2632208.026439306,2354990.9984427067,91308489.038133,31494570.367251545,4385278.175671996,49092192.55345429,84988267.4171244,16884.784261796976,0.9979830087258509,52.96666617179467,81.52360901234012,172.28270668909065,201.42908578181738,59.5,36.0,0.05460596889028074,842.968270681467,12964.877669426915,2090.8539492455056,15906.250116301237,266.7339243354138,266.35062958499947,16850.670828091428,6.444101693809869,0.9961046239804433,138.2213281149693,164.72581746021623,195.542800967101,160.5,5343.073747471486,6.600783160829689,10.707532660705628,0.5671802713120613,0.0036382825454743567,0.0030820429595932574,2.3422255331792523,0.08960927375215422,0.5914913852373974,0.8309219991992602,0.050824612198823595,1.9308736881095262e-08,2.8609772481937235,2.429264665722696,0.13199402586310152,6.312924243739367e-05,2.989629037491559,0.3830916185396532,0.6996618234288536,1.276972061798822,2.332206059086242,4.837173042058472,5.962700836833846,0.4250683169916198,0.7240891625990843,1.4773258375053673,3.1940829676430935,1.1766329993432818e-08,3.4878260688433145e-46,0.00018715818782647948,0.00015254902898296529,1.0428450590168865,1.6684056261986069,0.3995052015448592,1.1673197226450758
iso,300.0,280.0,198.9003059753235,137.5411982888208,84.12570580763197,10096267.605782915,27899752.14869201,30019675.735331975,4669079.818490905,72707122.05958243,37996019.75447492,2748813.4509412637,2454507.497782465,78639447.41563231,30858545.866255466,4417362.510668038,37414549.65519266,72707122.05958244,17138.690906748452,0.997600244072363,56.16302626573578,117.26840671424755,176.9956618955208,204.7061137673811,60.5,36.0,0.06421764039380712,229.44841558129818,5619.1310191309385,1041.3304061638503,6893.662556372561,105.8316658647917,105.80764774938278,7292.882514138041,3.1866374041193852,0.9955808719123628,142.5194162353654,168.55943840019086,198.40728904744608,164.5,10546.9511257657,6.429462956800479,8.137796146469741,0.5887270206979903,0.003670678500477607,0.003060159758379299,2.3775252698840585,0.09705882883334092,0.6240361446144037,0.684005738183877,0.057141155131489,2.0787571128889234e-08,2.887418355612772,2.4765990500720694,0.14996746437291952,0.00014401525537450078,3.031126817034967,0.4517840631517852,0.8908720999275233,1.5059468771716746,2.9695733875916184,5.248269830887863,6.671479388838703,0.5082477181613209,0.9189218984144232,1.7295603537475877,4.102851365392121,1.3753810791472596e-08,4.076963662519305e-46,9.481413046060749e-05,7.728446484962151e-05,1.0386800617215688,1.9289239514414422,0.4692590985993174,1.7184245312211335
iso,300.0,290.0,206.00388833158507,139.74049933933802,71.95467518608048,6441942.479812454,22510256.415238682,29303149.66534688,4684547.788233017,62962730.43623776,28952198.895051137,2864748.088340984,2552947.656441804,68612248.43321422,30115443.15066467,4437548.939904433,28392668.43466241,62962730.43623776,17350.189517080864,0.9971867741597485,59.72563417240528,132.54960319407652,181.04289970283236,207.5825611768243,62.5,35.0,0.07440191611412167,30.972257134478305,1811.6898623425886,417.0312745327844,2261.1982106019636,31.899092668395014,31.89878065390168,2389.2781840867306,1.248879829669588,0.9947554534423727,148.9136191347402,173.9564792773575,202.39259944134014,170.5,27844.852406581453,6.25527820186884,6.180361521292482,0.6115314044904961,0.0037037063770941382,0.002994691060205867,2.408232934994858,0.10396931706343047,0.6503570026900668,0.5564638590529831,0.06358050248771735,2.2194098931937053e-08,2.910113023359123,2.5411236889019464,0.18113909971553954,0.00043435375420818593,3.0917260159141446,0.5214351703987464,1.261803912462454,1.7381172346470797,4.206004450001148,5.639003666668503,7.8063913195492765,0.5949373803944609,1.2977914196294675,1.980910462520652,5.9499090161340344,1.5882411596058374e-08,4.707932654595749e-46,3.591328068105107e-05,2.8774004078131326e-05,1.0340389787640287,2.3794990439772286,0.539184291090767,3.002461203391136
iso,300.0,300.0,213.10747068784661,141.905718998532,59.78364456452906,3994987.6906793993,17997943.88219138,28491581.31970361,4687258.724508404,55195052.651308015,21992931.572870776,2978839.2518845643,2649206.375431154,60642298.66099922,29274897.195817452,4446013.388866992,21456692.403424837,55195052.65130801,17520.348401302104,0.9967499944444979,63.813440700403696,140.87856436561134,184.51433431828406,210.10262543225167,64.5,34.0,0.08492171851198198,0.9329635725486027,352.1372711269746,114.34897581337603,467.84531321943393,6.026604900086079,6.026604684232157,493.7769366787251,0.3372241378724441,0.9932195856382978,158.26981968987704,181.52448660073472,207.732561138204,178.5,117977.14135787405,6.078516888928887,4.692066912772642,0.6355184185393954,0.003737866721479008,0.002949078778132765,2.435198263953842,0.11034297924677129,0.670721662926229,0.44835993195514234,0.07012499566783342,2.3541047279898974e-08,2.9296911682642897,2.639783290590961,0.23912353191325442,0.0020911733595543303,3.178973556584769,0.5910893508195699,2.1435379551377105,1.9702978359368732,7.144612204783193,6.009820208654594,10.006885316782872,0.6841745828114922,2.198937142889893,2.2273212075091946,10.290571924680272,1.811756583180471e-08,5.3704866723457805e-46,8.476218261354389e-06,6.379870191475026e-06,1.0292086101767297,3.0717510199011326,0.608354249247275,6.58441489989105
iso,300.0,310.0,220.21105304410818,144.03839423352764,47.612613942977575,2410989.2891114126,14269900.899393003,27592869.379374113,4677149.543829097,48974587.7651368,16680890.188504416,3090818.8700346565,2743013.8072840474,54281937.064561,28345048.285455417,4442425.534165741,16169319.107267492,48974587.76513679,17646.623971046905,0.9962999589994717,68.62182959588718,146.83289899492436,187.48537275099645,212.2884679281633,156.5,75.0,0.09550156024301622,0.0008978206557298066,24.27604641901963,13.965758965849783,38.298984390178354,0.4508552969583523,0.4508552969580614,40.38240751553565,0.03569224505952585,0.9913770407835797,170.7161799542289,191.7266376243758,214.67683272722346,189.5,1278743.772059297,5.8995054831589435,3.5664650086958893,0.6608338777862252,0.0037729441416576846,0.0025556967685611246,2.459052335642849,0.11620275991539682,0.6855388192790859,0.35889904481376367,0.07679072044435341,2.484478181133027e-08,2.9466777826365735,2.7344905912692234,0.35775254701566167,0.02561640565976167,3.302243579845182,0.6600133112919586,4.125645002498221,2.2000443703091332,13.71487808518741,6.361227983141644,12.84415033950908,0.7752496934274353,4.223066601922443,2.4660613950597807,22.89564673388037,2.0418752778392206e-08,6.052614389830287e-46,7.82017493926554e-07,4.956865902667353e-07,1.0245668156737147,4.043013833163712,0.6762277366526662,16.680039815823047
iso,300.0,320.0,227.31463540036972,146.13994985032647,35.44158332142616,1398345.7726980306,11228564.249955665,26610743.46366979,4654228.894148968,43915909.57240055,12626910.022653695,3200611.1718110344,2834358.5524800257,49129584.32715865,27328644.128939617,4426946.893360109,12142213.58342437,43915909.57240054,17729.553181779338,0.9958418937603826,74.76159469518811,151.43648607806838,190.04398977745694,214.1983420470824,157.5,76.0,0.10598047357930555,2.039160466866713e-11,0.13227864753263352,0.22256052360295986,0.35545129494093247,0.0014119881540402273,0.0014119881540402273,0.37191760779960115,0.00047271411843281754,0.9893565128893437,188.88215879096333,205.0355209741634,222.79941898486345,203.5,123549724.52610792,5.717540771817927,2.712997213894557,0.6876780761330111,0.0038093427686953524,0.002123980078677937,2.480554918320792,0.12164106533671139,0.6954877505900158,0.2857902805922728,0.0836498937895196,2.6135600139828022e-08,2.9616600343469988,2.863426504839584,0.6208954405497032,2.789782439842561,3.464202559735911,0.7285088362854877,10.244457995106439,2.428362785139375,32.36992347263321,6.698228495789698,18.303235157624403,0.8687716707515488,10.325899552913029,2.697991109853546,68.54559994740066,2.2770791035339534e-08,6.749815671119893e-46,8.093907160340814e-09,3.0120894414029294e-09,1.0203280355664188,5.4973511897870155,0.7433179898199495,56.31738334812148
iso,300.0,330.0,234.4182177566313,148.2117096289586,23.270552699874667,781395.3429956703,8780455.24939811,25557200.78480983,4618538.49868172,39761916.93637891,9561850.59239378,3307179.942523045,2922262.0606697663,44916351.55040409,26239273.416106857,4399380.650781202,9104881.415299008,39761916.9363789,17768.83541525624,0.9953831986436782,84.18416413904282,155.10417207795788,192.23987314978277,215.8624041986492,158.5,75.0,0.11615482488109456,0.0,0.0,0.0,0.0,0.0,0.0,0.0,0.0,,,,,,inf,5.533612157201825,2.070319559991335,0.716066336454058,0.003847285330701051,,2.500167051211242,0.12670755534889003,0.701150468687941,0.22717356278566783,0.09073101495972948,2.743455649120527e-08,2.9749974581142666,,,,,0.7966062761669125,,2.655354246568444,,7.0235167586294445,,0.9650263151829185,,2.9229948611137297,,2.5149692898359274e-08,7.45497997789109e-46,0.0,0.0,1.0167840411731155,,0.8099765487048601,
iso,300.0,340.0,241.52180011289286,150.25490607637923,11.099522078323249,414730.9571270486,6825460.4757969715,24444895.15880853,4570290.181068658,36279951.6346701,7240191.43292402,3410898.448576963,3007106.210775233,41400285.36399127,25089032.538602944,4360099.491194777,6812199.434225449,36279951.6346701,17765.650777244176,0.9949251893526455,113.42267986820795,158.11137107849993,194.1483734879134,217.32493403395833,159.5,75.0,0.12597288516507185,0.0,0.0,0.0,0.0,0.0,0.0,0.0,0.0,,,,,,inf,5.348652752962099,1.584186374623387,0.7463198863620958,0.003887204110328523,,2.5183598275358396,0.13147686655183538,0.703224104233305,0.18037382325326923,0.09812380010421022,2.8767728381109606e-08,2.9870461915750046,,,,,0.8648589504544063,,2.8828631498554493,,7.341574656849894,,1.065137297512344,,3.1426725827310613,,2.75634325555267e-08,8.170471053219439e-46,0.0,0.0,1.014011555514577,,0.876976969650977,
iso,300.0,350.0,248.6253824691544,152.2706890012137,1.0715085432282376,208952.74693080856,5292941.214893594,23276942.90469616,4509825.660223491,33313431.802989613,5501893.961824403,3510760.796514893,3087991.6763456445,38417233.60015654,23881915.909730896,4309200.465975076,5103495.416118537,33313431.802989606,17719.620488576253,0.994469979976782,123.44961472770552,160.60534250270706,195.81714567124388,218.62194953398435,160.5,76.0,0.13537559525220605,0.0,0.0,0.0,0.0,0.0,0.0,0.0,0.0,,,,,,inf,5.161384199393339,1.2199793021603742,0.7784692937200841,0.0039291142992206336,,2.535508991181509,0.13603024659422538,0.7021043654110145,0.14371623788082133,0.10589536999077552,3.016308319720816e-08,2.9981226645049213,,,,,0.9340143843442277,,3.1133812403507406,,7.656682432490455,,1.170566983437955,,3.3595385044968893,,3.001792207761249e-08,8.898041378513025e-46,0.0,0.0,1.0121626379645727,,0.9453744631547099,
iso,300.0,360.0,255.72896482541597,154.26013307976612,13.242539164779657,98482.71702972759,4092836.249522857,22067431.151202768,4436964.235210071,30720628.0439112,4191318.9665525844,3606865.104733908,3165042.960637614,35819658.37833423,22632300.895999704,4246485.30269396,3822857.8376280637,30720628.043911193,17630.44755188243,0.994013456306635,128.691812132383,162.7265561260493,197.30222134880844,219.79554884989835,161.5,76.0,0.14442947679546134,0.0,0.0,0.0,0.0,0.0,0.0,0.0,0.0,,,,,,inf,4.973542715554021,0.9446366354030671,0.8129128191097845,0.003973538351283939,,2.5518883864953184,0.14041429541100797,0.6983564961010691,0.11486666224388761,0.11414458072587658,3.164647898144709e-08,3.0084170995179953,,,,,1.0046484053409377,,3.348827934553007,,7.972341434484863,,1.2828283531825728,,3.5749457112194287,,3.2551417847663406e-08,9.649031075132085e-46,0.0,0.0,1.0111679202524866,,1.0158682386135731,
iso,300.0,370.0,262.8325471816775,156.2242445546464,25.413569786331145,43304.31088845733,3166520.7381715137,20831501.35755805,4352725.698353853,28419055.806279663,3209825.049059971,3698299.0988659933,3237450.0608601156,33520693.108196598,21355819.522634204,4172701.959263809,2871427.0014936486,28419055.80627966,17497.16392030703,0.9935551825966917,132.29440368416476,164.56139400051003,198.64077794798303,220.8638037847399,162.5,76.0,0.15316222073050176,0.0,0.0,0.0,0.0,0.0,0.0,0.0,0.0,,,,,,inf,4.7858520846917285,0.7374287449985389,0.8496513116516036,0.004019817726378724,,2.567595703997698,0.14466368771885602,0.6923390114484803,0.09238415401607208,0.12291369201868399,3.323519508099627e-08,3.0180701704201693,,,,,1.0769899671153393,,3.5899663982350796,,8.289332970677952,,1.4030271738449969,,3.7899616959072473,,3.5187657423123586e-08,1.0430476531798551e-45,0.0,0.0,1.0110041949878226,,1.0888413747134051,
iso,300.0,380.0,269.93612953793905,158.16396718454163,37.58460040788256,17492.89583223536,2453521.3541571815,19573774.212213475,4256873.347762498,26326703.31444208,2471014.249989417,3785541.787108461,3305659.8724087393,31435417.437214583,20057490.21462835,4087902.5945737483,2162118.170294211,26326703.31444208,17321.514516940053,0.993087747716795,135.027177955545,166.1876904787916,199.87499511886884,221.85813168469898,163.5,76.0,0.16169412846413242,0.0,0.0,0.0,0.0,0.0,0.0,0.0,0.0,,,,,,inf,4.598157523878849,0.5804763374715468,0.8892775231610358,0.004069069737779397,,2.582898240141662,0.14882167295079685,0.6843054951949439,0.07481154005765074,0.13234376871436634,3.496032434909548e-08,3.0272225805297954,,,,,1.1519187201174717,,3.8397287791537162,,8.612321520855195,,1.5336470736070555,,4.006287864573648,,3.798424694714543e-08,1.1259453608863494e-45,0.0,0.0,1.0115889397331232,,1.1652682367423695,
iso,300.0,390.0,277.03971189420065,160.08018754497874,49.755631029434056,6490.018946788687,1906878.5011331069,18307850.243108854,4151264.429402728,24397508.71273794,1913368.5200798956,3867664.416284807,3368830.3845959413,29514859.00021346,18751051.893847156,3993717.894969034,1633500.7025925508,24397508.712737933,17103.327649210703,0.9926073266985675,137.2315517441202,167.66443744992793,201.0337026697275,222.79890770730313,164.5,76.0,0.1701511608533765,0.0,0.0,0.0,0.0,0.0,0.0,0.0,0.0,,,,,,inf,4.410186475580148,0.46091222388239567,0.93168346224605,0.004120028473269644,,2.5978311599589823,0.15293656792232738,0.674478783472693,0.06104462892706215,0.14248847110590215,3.684096027203245e-08,3.0360120655514065,,,,,1.2298716837478763,,4.099571776818206,,8.941749849999466,,1.6766459152577675,,4.2262058715141935,,4.098779149028032e-08,1.2149777181491906e-45,0.0,0.0,1.0128224452914414,,1.2456416461282263,
iso,300.0,400.0,284.1432942504622,161.97373976456296,61.92666165098547,2196.2069833020414,1491267.2318136906,17045248.067553014,4035303.1434736913,22598971.827992868,1493463.4387969926,3944655.1734190173,3427058.8630343014,27725180.3058398,17448083.667701226,3889606.077796465,1242035.8532551804,22598971.827992868,16844.094048374296,0.9921088513474183,139.071976900637,169.02917395723156,202.13150514617604,223.698064148143,165.5,76.0,0.1785613599675029,0.0,0.0,0.0,0.0,0.0,0.0,0.0,0.0,,,,,,inf,4.224031618323483,0.37009944128048367,0.9775362675784893,0.004174183066175909,,2.612453302088334,0.15696714880624954,0.6630341995956852,0.05030893122685731,0.15344108077649848,3.8898477567940096e-08,3.044374794464559,,,,,1.3106920881909647,,4.368972784024519,,9.278596913579143,,1.8336426183362815,,4.447206594059009,,4.424980072594812e-08,1.3116715968294578e-45,0.0,0.0,1.014625014290672,,1.3298609787114284,
iso,300.0,410.0,291.24687660672373,163.84540976848015,74.09769227253696,672.1786577246828,1172203.7771632674,15795104.371918503,3909973.922259881,20902789.872717876,1172875.9558209921,4016260.9883912313,3480080.385678897,26036639.420117505,16159419.79910707,3775898.836921392,948256.0894004493,20902789.87271787,16545.737254473268,0.9915852897450269,140.67521095539024,170.31682308998896,203.1923061199045,224.57256083819365,166.5,76.0,0.18705512259696694,0.0,0.0,0.0,0.0,0.0,0.0,0.0,0.0,,,,,,inf,4.039695580063938,0.29997027579741375,1.027183574173282,0.004231674579791107,,2.626829396640325,0.16092628336602746,0.650093195629858,0.041804505989375774,0.16530083492633849,4.115789173167056e-08,3.0523638671518363,,,,,1.394701913997307,,4.649005010156231,,9.624237102165358,,2.0073482521569614,,4.669677138737908,,4.784050387958932e-08,1.418108761788605e-45,0.0,0.0,1.0168998801868994,,1.4182722092403006,
iso,300.0,420.0,298.3504589629853,165.69593909050388,86.26872289408838,185.58634712988356,925566.2800246613,14561438.146940306,3775898.7721760226,19287752.540446006,925751.8663717912,4082196.0992756,3527651.147367896,24426825.823190145,14888056.41206126,3653522.1349178725,727027.58563034,19287752.540446006,16207.58334439472,0.9910281115530092,142.12366055948934,171.56067462786237,204.23610503292596,225.43884873820159,168.5,76.0,0.1957666536968495,0.0,0.0,0.0,0.0,0.0,0.0,0.0,0.0,,,,,,inf,3.856416452220899,0.24517391016769427,1.0811190515372477,0.00429237760922664,,2.641004541541678,0.1648315395402675,0.6356590609279872,0.034997132396929816,0.17820251769119835,4.365359070398921e-08,3.0600367265451105,,,,,1.4822572370819906,,4.940855292480068,,9.979785495709676,,2.201283632965255,,4.894363651960992,,5.184637234965667e-08,1.536852435355949e-45,0.0,0.0,1.0195759269160352,,1.5112737964258718,
iso,300.0,430.0,305.4540413192468,167.52602830595245,98.43975351563988,46.47646233118723,734941.2314347426,13363248.211947769,3634243.7322984193,17756918.930901412,734987.7078970737,4142290.6128926016,3569716.6599262995,22898728.49071662,13654095.036975171,3523478.5941783353,560306.5337668124,17756918.930901412,15832.276577232582,0.9904368949031317,143.46483085500932,172.77268671238699,205.26050495372994,226.2942828268553,169.5,77.0,0.20466634704143072,0.0,0.0,0.0,0.0,0.0,0.0,0.0,0.0,,,,,,inf,3.6770368737752204,0.20223951997634526,1.1397943886038915,0.004356415734180743,,2.6547975957994097,0.16858997311283852,0.6199115476846802,0.02952675083365325,0.1921579053288943,4.638928633611937e-08,3.067234577455232,,,,,1.571811021797892,,5.239366770460172,,10.34043816918156,,2.4161258648180417,,5.115480503038631,,5.6316076223097113e-08,1.669345317150838e-45,0.0,0.0,1.022570311253285,,1.6072872857912142,
iso,300.0,440.0,312.5576236755084,169.33634013066887,110.61078413719129,10.408996901470118,585718.9735305668,12205408.56171243,3486470.388837805,16301770.880831582,585729.3825274683,4196243.625249044,3606096.9288156815,21443213.845315214,12461815.08519804,3387659.451603661,433405.2020403719,16301770.880831582,15425.63831391372,0.9898032087960688,144.7310145622151,173.95718009910874,206.28133687668895,227.14837383305695,170.5,77.0,0.2138706533372621,0.0,0.0,0.0,0.0,0.0,0.0,0.0,0.0,,,,,,inf,3.5007922627964825,0.16800067610002498,1.2035793100906955,0.004424428316758419,,2.668293090976987,0.17220489806657077,0.6028535747671079,0.025053847036328528,0.2072622524092018,4.939233059827429e-08,3.073992043421112,,,,,1.6635868775502884,,5.545284708877367,,10.707979228804163,,2.6561925594156466,,5.3326360432952,,6.134302876111753e-08,1.8183564031796293e-45,0.0,0.0,1.025824819382104,,1.706548708189463,
iso,300.0,450.0,319.6612060317699,171.12750222489777,122.78181475874277,2.1155887404035782,467175.59226833895,11094165.681567824,3333135.03704668,14918313.697326468,467177.70785707934,4244163.939700394,3636762.9927758886,20056192.388075072,11318582.494692303,3245317.141376959,335709.09005655174,14918313.697326468,14982.329597802242,0.9891238402017255,145.97475357169614,175.15072415308467,207.29958176476504,227.9989405212217,172.5,77.0,0.2234257238902287,0.0,0.0,0.0,0.0,0.0,0.0,0.0,0.0,,,,,,inf,3.3284477101167176,0.14016165041756648,1.27332493059175,0.004494966279877252,,2.681259900278006,0.17561332583899206,0.584519772254774,0.021315943604532924,0.2236128259349209,5.268713205048962e-08,3.0802212862455227,,,,,1.7557530172492541,,5.8525030846590935,,11.075417916213809,,2.9234447695254024,,5.541408319839755,,6.703170480851407e-08,1.9869825816599898e-45,0.0,0.0,1.0292811629594782,,1.8071635074639252,
iso,300.0,460.0,326.7647883880315,172.90010973569449,134.9528453802942,0.3808316298761413,372945.6721145864,10031930.165664524,3174843.697377502,13603179.64223642,372946.05294621625,4285722.799602031,3661510.277376302,18733826.51255135,10226664.574129911,3097975.1734282193,260059.09422183773,13603179.64223642,14510.863363484641,0.9883878259014859,147.18987586861948,176.33769042202516,208.32598071953458,228.85771682174752,173.5,77.0,0.23338982362035057,0.0,0.0,0.0,0.0,0.0,0.0,0.0,0.0,,,,,,inf,3.1598185995585046,0.11746910666949643,1.3499004071104799,0.004570575671322329,,2.693840535334351,0.1787708045166052,0.5648833131696067,0.01818604044666232,0.24132278179643335,5.630853722476928e-08,3.0858706605841704,,,,,1.848155898031962,,6.160510051027681,,11.445823844009682,,3.2236204715334003,,5.7381803433346015,,7.351222481066902e-08,2.1790809387160304e-45,0.0,0.0,1.0329337705340735,,1.9090226402889412,
iso,300.0,470.0,333.86837074429303,174.65472760706476,147.1238760018457,0.06280754691804627,297263.4050795485,9026533.668111552,3013565.7496935604,12360401.489399394,297263.4678870954,4320936.298323577,3680380.962479842,17480347.449897084,9193483.467386847,2947254.6727893464,201442.51148426143,12360401.48939939,14012.32484079084,0.9875910293692498,148.41073484815166,177.54209600755655,209.35770445269762,229.71910736115873,174.5,76.0,0.2438080795577776,0.0,0.0,0.0,0.0,0.0,0.0,0.0,0.0,,,,,,inf,2.995300059084302,0.09864177276282196,1.433828446836761,0.004649749169141475,,2.7058271172799593,0.18162250555603518,0.5440139016230312,0.015514880088168637,0.26041551505201094,6.026830692992305e-08,3.090875349249771,,,,,1.93878272082831,,6.462596320038777,,11.812023867932185,,3.5597840534200964,,5.918634744073315,,8.090352088139097e-08,2.3981769111423657e-45,0.0,0.0,1.036720393757979,,2.0099755857482915,
iso,300.0,480.0,340.97195310055463,176.39189268325458,159.2949066233971,0.009065029814208836,235979.30421792762,8079042.853261923,2848918.962977502,11186512.235039508,235979.31328295745,4349628.950160703,3693305.8105940595,16291930.859538743,8220736.669516107,2792495.0661553596,155355.17472205037,11186512.235039508,13488.032034831698,0.9867255090249162,149.6362196744261,178.75414478215305,210.3972143790228,230.5887937444686,176.5,76.0,0.2546744600210452,0.0,0.0,0.0,0.0,0.0,0.0,0.0,0.0,,,,,,inf,2.8358275395865387,0.08283117784309577,1.5267647155589001,0.004734438645013229,,2.7171694513149864,0.184052729512569,0.5219417990878154,0.01320243358508059,0.28100521322209665,6.460441027083805e-08,3.0950644102894356,,,,,2.0254991789777566,,6.751647759100706,,12.170860495994862,,3.9366362533803736,,6.074265036273,,8.939336756524526e-08,2.6498365926314696e-45,0.0,0.0,1.0406456089640137,,2.1078268265634175,
iso,300.0,490.0,348.07553545681617,178.1121156273868,171.4659372449486,0.0011583958329230764,186299.2339755835,7196661.529924623,2683864.0365519044,10088884.20105206,186299.23513397935,4371711.745440755,3700162.853918455,15176187.082762677,7315489.8555749515,2636796.3786431556,119004.42391586593,10088884.201052058,12943.32972931009,0.9857915034936489,150.87343495523982,179.97836821987605,211.4448544279794,231.46500202728208,177.5,76.0,0.26602188934550697,0.0,0.0,0.0,0.0,0.0,0.0,0.0,0.0,,,,,,inf,2.681455331534058,0.06941455774090828,1.6288871887330454,0.004822647329757821,,2.72766331588358,0.18602104650594223,0.4988071269309038,0.011182284471433648,0.30300729948824334,6.93109054603723e-08,3.098403502357286,,,,,2.1059367683841974,,7.019769636965074,,12.513904258564141,,4.357487714929769,,6.201396709464996,,9.911898878725566e-08,2.938127633701678e-45,0.0,0.0,1.0446565329091346,,2.199980602986103,
iso,300.0,500.0,355.1791178130777,179.81588267488053,183.63696786650007,0.00012949778992311437,146025.18033164734,6377042.229344001,2518630.602634983,9063206.397355098,146025.18046114512,4387177.690756516,3701040.051997537,14128585.748139054,6475528.573288367,2480031.2861900823,90416.67748239756,9063206.397355098,12380.526513265158,0.9847753102776994,152.1425870828706,181.22902780659214,212.49966673613153,232.35234181134936,179.5,76.0,0.27789619834432894,0.0,0.0,0.0,0.0,0.0,0.0,0.0,0.0,,,,,,inf,2.531948203389715,0.05797800610711791,1.741890091451547,0.00491557852918673,,2.7372728273838223,0.187448473728076,0.4746098262839462,0.009411591661463095,0.32651463904465117,7.442475825234872e-08,3.100785754514762,,,,,2.178044529892517,,7.260125855436173,,12.837571950804868,,4.829414753842215,,6.293805885606153,,1.1033622717582913e-07,3.2706338314195116e-45,0.0,0.0,1.0487511208357805,,2.2842266419550175,
iso,500.0,100.0,80.34424286714359,108.80519934022198,253.97505547691958,1137709653.2866247,116565664.20325033,16218698.576465504,1899080.7898210941,1273018531.1523807,1254275317.489875,831035.3192914515,746770.4444678394,1328713715.209491,16695577.089035409,1772067.3426672276,1254545473.4976015,1273018735.7026048,6358.650002716961,0.9999504042335394,17.61424480717036,29.94460768261724,48.57838350768189,65.14593935259035,23.5,33.0,0.001491793515450227,178059179.8204156,2546696.339379004,277277.6928111703,180915350.66528255,102041.86425242313,93071.91664917376,188649774.43230462,891.171533091138,0.999951559626387,19.221117426863675,31.88840561761034,50.58165473191903,26.5,7.036542374492225,8.54028889312993,660.4644332208932,0.4375987181512907,0.0033482777756474423,0.0032140037089028917,0.7347667091288698,0.0030115025914501216,0.02571910213339347,1.7224656450098377,0.0013178296737278632,1.5857685505490394e-09,1.6570198421006466,0.7214887855848648,0.0030443128940937153,1.0979292503587483e-08,1.6696327798693413,0.001583727977751043,0.0016040741103027657,0.005279093259170142,0.005346913701009219,0.3339757373899491,0.3337173782479488,0.001589125155132405,0.0016087743184392462,0.005037395323162889,0.005272562644891608,7.855345193559478e-10,2.3285151581802957e-47,0.14211525302896547,0.0020005178848996378,1.010161098756865,1.1078513385521815,0.0015998203941369814,0.0017770756502358187
iso,500.0,110.0,88.37866715385795,112.78703541075012,241.8040248553681,925620636.9880835,113519916.84603783,16804820.25499558,1995595.6742410413,1058139863.709294,1039140553.8341213,892746.4456643364,801293.0539828473,1103719822.30073,17298257.466326237,1863425.9541237815,1038972255.9759885,1058139912.1028328,6716.631354201983,0.9999368722152409,19.40364240360555,32.069106720018944,50.90566049598988,68.03241050842723,26.5,34.0,0.0018859469741982025,115785824.9292399,2167418.0473283073,238414.8036937878,118196586.93393244,88328.35496082644,80606.36684180901,123224558.65394175,768.0674363985606,0.9999360293404819,21.398689778254894,34.38413603622475,53.31914867954891,28.5,8.952372409033734,8.420954440777056,520.7169805222815,0.4473583788478911,0.0033657275573903173,0.0032215593348181573,0.9025419050436013,0.004335413400056522,0.03650831872381033,1.9550152427441718,0.0019394835102847093,2.1724908787975565e-09,1.7751301916888018,0.9145189372271608,0.004649426680424384,1.950141773241546e-08,1.8062733917718916,0.002330048448854356,0.0025112450110077148,0.007766828162847852,0.00837081670335905,0.41487171591939404,0.4275864798364248,0.002340529132255599,0.0025212236567259245,0.007749889463936543,0.008727034798261615,9.450546513714307e-10,2.8013715843212096e-47,0.11170223425814052,0.0020483285070940003,1.0149478377786536,1.1213743431639485,0.0023648776350842344,0.0028160457247425187
iso,500.0,120.0,96.4130914405723,116.63301123621117,229.63299423381665,745115039.2240368,109475578.61077252,17338263.90141703,2089062.902140547,874081667.9666433,854590617.8348093,956532.3354972722,857487.6792316721,911663798.8775872,17846247.23343901,1952341.1866090167,854276763.4159591,874081680.4751947,7071.254136647579,0.9999194037540061,21.23249157051772,34.21937620835513,53.28509423775759,71.31423239019821,28.5,35.0,0.0023900088272075164,74061745.00091685,1829716.1420348408,203769.3898885327,76096517.20982169,76082.51671051543,69471.9688569493,79348267.11004247,658.6567929290352,0.9999147182301266,23.69156005924491,36.97859190318704,56.21860399639456,31.5,11.48648716151528,8.29954133197783,409.0784518547324,0.45787627290550537,0.003384892876802348,0.0032323637681269893,1.0615430452408978,0.0059979881384041814,0.04978055046339827,2.124858909846639,0.0027463364537439372,2.871138122388931e-09,1.8882597655567808,1.0991730383167155,0.006787438226419581,3.330941035909511e-08,1.938429714103322,0.003470076648606628,0.004028482950334965,0.011566922162022092,0.013428276501116552,0.5126794657200905,0.5465831049633042,0.0034906639771130343,0.004050271171042855,0.011983156484111121,0.014668487330672692,1.1440578571179483e-09,3.3912654332728265e-47,0.08705881841320767,0.0020933011285904995,1.019673365689686,1.1354936748011744,0.003538344735485906,0.004574316909149726
iso,500.0,130.0,104.44751572728666,120.35615174683231,217.4619636122652,593977636.1730051,104516422.32364574,17813974.372857433,2179440.767617147,718509202.8233736,698494058.4966508,1022122.4045053374,915122.7699886638,749558624.2829932,18334641.412937943,2038560.5621841815,698129316.0781223,718509205.0865235,7420.273156309312,0.9998969326306189,23.089979502494444,36.379610021722165,55.737335238464226,75.30356531980702,30.5,35.0,0.0030332816323758414,46641595.102010384,1532661.8224532846,173030.36692269894,48348006.85259642,65207.5791193364,59578.22464072101,50431198.49587279,560.8592851283984,0.9998855593813409,26.063403804330022,39.62470095154996,59.28840411380565,34.5,14.861195933349787,8.173644651207487,320.49233403132905,0.46898379606932694,0.0034046684207078206,0.003241392219777014,1.2112039370864287,0.008069868804536542,0.06596023999014627,2.2397627226345285,0.003784637705732989,3.7027245357806127e-09,1.9960815189265702,1.2728298075762092,0.00960503638507012,5.551069766476977e-08,2.064925736356206,0.005210359740813906,0.006569873800640291,0.01736786580271302,0.02189957933546764,0.6305842131684058,0.6964763733393435,0.005251021921459021,0.0066182698760407594,0.018555189135038303,0.0248631501080085,1.3917706218243437e-09,4.12554624879511e-47,0.06728933556120574,0.0021331136976822395,1.0242591445167943,1.1502131987895006,0.005336758610750798,0.007556755559877803
iso,500.0,140.0,112.48194001400103,123.9675248465778,205.29093299071377,468649035.6316256,98725657.4111338,18226735.76346954,2265434.0642173192,587879694.7290034,567374693.0427594,1089143.5971787823,973832.334618872,613533499.0704175,18758082.68563371,2120894.190954968,566993675.116238,587879695.2579174,7761.196996727165,0.9998680230516386,24.972291950792286,38.55588179819581,58.29386339192137,80.89828258087105,33.5,35.0,0.003853567463767604,28806996.368202332,1271962.2936431468,145901.7075993786,30225437.506492775,55582.644708161555,50815.58888223577,31543332.356415033,475.0144437468902,0.9998447489003739,28.608092259690633,42.4338687335719,62.730012969085394,36.5,19.449832433450137,8.045582103386735,250.44855730055454,0.4807659663911113,0.003425920497672294,0.003255715450919872,1.3517845755139084,0.01063504636675911,0.08556513871708522,2.3066187287824937,0.005112968344129221,4.694485059062354e-09,2.0985208929917083,1.4380629516964107,0.013340231778228783,9.143300649269166e-08,2.186499152474415,0.00786322844747062,0.010907580507918648,0.02621076149156874,0.03635860169306217,0.7726531113180941,0.8886507771490711,0.007943674913315112,0.01101725380639208,0.02869218454644708,0.04251983041622322,1.7010283038623622e-09,5.042261151406443e-47,0.051414324695167234,0.0021636438629326817,1.0287990293672669,1.1658296849635819,0.008089681794450854,0.012716381147261703
iso,500.0,150.0,120.51636430071538,127.4766298968844,193.1199023691623,366123328.9079898,92271471.7330651,18573984.833173573,2346801.520293492,479326238.98182654,458394800.64105487,1157713.5670224915,1033773.6168511149,500523829.66258633,19114282.080197304,2198731.6818637997,458005829.4153387,479326239.0666177,8090.858814757167,0.9998309367413591,26.871972383312887,40.75809774704968,61.00300295125189,95.71492505838381,35.5,37.0,0.004896042255643072,17468935.733645543,1046840.859754487,122207.10584061992,18638469.536163867,47101.92574428441,43094.18059211776,19464634.57802623,399.3258910090905,0.9997880376754206,31.296199627443816,45.39364742909767,66.70943762565494,39.5,25.717038518200166,7.914595534628213,195.32746876000311,0.49331550069803404,0.003447611033482423,0.0032676159725923254,1.4830013510700615,0.013777010253233527,0.10903946383076918,2.3304307155055226,0.006796412711195846,5.87054769399952e-09,2.195321367791027,1.5918925109597875,0.018209762731974576,1.490073969653073e-07,2.3017907539809452,0.011872917384899996,0.018227432048780863,0.039576391282999994,0.06075810682926955,0.9428064469173711,1.1314292077530113,0.012031436473326527,0.018477014473362797,0.04414324547178767,0.07272268389754992,2.086261753840508e-09,6.18418668823411e-47,0.03888472614342011,0.0021839840480633015,1.0331412237184148,1.1825634695657987,0.012266400396143223,0.021555095284881132
iso,500.0,160.0,128.55078858742974,130.89169233816028,180.94887174761087,282795310.9685074,85272494.18196619,18854474.35480041,2422576.778826144,389355483.6227651,368067805.1504736,1227229.8634489467,1094256.915200294,406877495.2268004,19401058.687423162,2271997.893184718,367674682.02229035,389355483.6403066,8405.414241274824,0.9997833707810848,28.804144253559464,42.994904458650964,63.95168880787413,132.0234797736229,37.5,37.0,0.006222017874989803,10347448.552269155,853498.1333258054,101577.0732014391,11302932.310085643,39675.21653363076,36329.45541553705,11815624.377112428,333.6094037033104,0.9997075826612656,34.20183648447378,48.617711082498964,71.79854392939303,42.5,34.44729853644633,7.782818080150309,151.93235911755923,0.5065803792784637,0.0034696172747712274,0.0032842982494851406,1.6053338549793266,0.01759527200064592,0.13694080105178957,2.3150701656672523,0.008913419563594942,7.263039980582858e-09,2.286645977530607,1.7360962540389864,0.02452279577059292,2.4142057846027297e-07,2.410917017996743,0.017888135402486176,0.030598575791492572,0.05962711800828726,0.1019952526383086,1.145951286367156,1.4402604317026086,0.01819831022554472,0.031168372147193646,0.06744655605768111,0.12405432162248775,2.5683470300597335e-09,7.613204567846025e-47,0.029029852629574665,0.0021920793958888586,1.0373409484129452,1.2007045639119036,0.01855609534375419,0.03673984960204942
iso,500.0,170.0,136.5852128741441,134.21989076298627,168.77784112605937,216069398.1075909,77897492.8263256,19065559.203912273,2493096.6232335744,315536502.0076688,293966890.9339165,1297913.1586767135,1155570.7030301664,330057763.6151758,19616664.20095383,2340311.2772451513,293571439.30781746,315536502.01022476,8706.395884474707,0.9997225775002273,30.756211452116425,45.27908657210185,67.26495545283451,145.23116325642275,39.5,37.0,0.007901135391216901,5980017.0455431305,689241.971048873,83714.63925672436,6753314.894223535,33193.74530686387,30420.79880235059,7069612.1579718655,276.65698721631657,0.9995934449031475,37.36161568833127,52.18295005215319,79.70541926154289,45.5,46.72320289367281,7.647340671130519,117.91235373486573,0.5206028304644308,0.0034922015469991746,0.003304762341122961,1.7187418757108777,0.022168543786783693,0.16953040652040868,2.2636765230863696,0.011541006642674262,8.891971366128137e-09,2.372208703632095,1.8686267007607347,0.03247284407946317,3.8789922966615185e-07,2.51216737014709,0.026769760548204374,0.05092001808293428,0.08923253516068123,0.16973339360978093,1.3861268726388516,1.824498251866292,0.02736892783330571,0.05220121592049496,0.1019393918085673,0.20850402965522535,3.169205444179311e-09,9.39429488370474e-47,0.021402642329030455,0.0021843494070049674,1.041221624715007,1.2202613626075154,0.027873253571233055,0.06213573064988071
iso,500.0,180.0,144.61963716085845,137.46753445707947,156.60681050450793,163125722.73259255,70326694.69006908,19207567.147455204,2557351.089084961,255228705.44700497,233452417.42266163,1369125.852132378,1217135.6792233412,267312900.88667578,19761032.9570096,2402950.3135232544,233056300.47740966,255228705.44746566,8990.724806190396,0.9996450921003078,32.747175079270555,47.6302871295719,71.22145501033377,155.23326575354233,41.5,37.0,0.010019841164049484,3354020.534031073,550195.0957222872,68490.77499742317,3972989.4466636833,27562.39690950025,25286.747209058027,4167509.937464747,227.36069035132272,0.9994307659413911,40.838107837710055,56.27376536578586,121.55579040923136,49.5,64.24097241469725,7.510727498244214,91.28680782981293,0.5353687485366982,0.003515639618104741,0.0033195812189287786,1.8233579157242712,0.02756003528051532,0.20699591483394708,2.1787413800809405,0.014754781597756738,1.0776789858124839e-08,2.45185915992742,1.988608995580642,0.04228696309352002,6.174110760917946e-07,2.6056023777651154,0.03963331738942976,0.08330978914140211,0.13211105796476588,0.27769929713800706,1.6668652859530773,2.291143452968276,0.040770109276777475,0.08611424689310428,0.1518936114371729,0.3437353499568155,3.918054586566234e-09,1.1614065671967378e-46,0.015566389523879886,0.002155694418300955,1.0448065852148505,1.2411744779226273,0.04140915100238646,0.10340198404342392
iso,500.0,190.0,152.65406144757281,140.64020400649557,144.4357798829565,121597536.24556746,62756702.63527008,19279163.495131724,2614957.501399681,206260141.72762355,184354238.88083753,1440943.4650652471,1278943.4243421713,216380457.90088877,19832930.230256427,2459417.662239324,183959048.85141492,206260141.7276896,9256.934018319509,0.9995469014661148,34.78123821972673,50.09150066477083,76.456856740314,163.64411282018787,44.5,37.0,0.012677958424235247,1819370.4084491371,434574.13698942313,55504.73357607202,2309682.0577171636,22702.215148134503,20852.9373404896,2429782.136478616,185.57781612950475,0.999199526577078,44.737766946924715,61.18957799937465,143.88310785033386,52.5,89.30239598929313,7.372648880454985,70.4998986722194,0.5510389611662784,0.0035399940585514856,0.003343459272264789,1.9191930024096728,0.033792081811601274,0.24913715413654539,2.063105005593312,0.018620753657110654,1.292261223882749e-08,2.5253855796095466,2.095588607910488,0.05375685500001054,9.685093781476146e-07,2.688786449973313,0.05779808193426674,0.1320103322512411,0.19266027311422249,0.4400344408374703,1.9898807647247827,2.839244630140726,0.05990481846219953,0.13785353154458457,0.22228193120448342,0.5456488928690412,4.848246450448716e-09,1.4371380343310145e-46,0.011197907837992325,0.002106922517115785,1.0478830416083778,1.2629064678280981,0.060565629896409665,0.16671670242022854
iso,500.0,200.0,160.68848573428718,143.74286394902896,132.26474926140503,89520567.20134538,55329663.775936894,19279494.11843358,2665933.9826298184,166807836.76462975,144850230.9772823,1512770.3042074167,1340526.5910615185,175360859.40749526,19831077.89259965,2509871.293364785,144457833.35575598,166807836.76463905,9503.106355283931,0.9994236224229133,36.86995676173355,52.680015719770246,85.79591207109515,170.99364586696095,46.5,37.0,0.015982066756201157,947850.1431716781,338903.59701752313,44538.37603598945,1331482.065131666,18532.120179270627,17045.986039625524,1406436.0775063706,149.93429281373162,0.9988753506461296,49.189319826295076,67.62909037103734,157.6181780800234,55.5,125.27982248723318,7.231797277821286,54.333765172382236,0.567444773225457,0.003564644292470275,0.003366406819426386,2.0060867697514437,0.04082174490370207,0.2952145836705076,1.920787221920338,0.023164085779548677,1.5312361509955075e-08,2.592520777412782,2.1877885551136163,0.06646790696387855,1.4923738330775428e-06,2.761078668874994,0.08261865363967598,0.19976912038740552,0.2753955121322533,0.6658970679580184,2.3535563191775664,3.4468995917625986,0.08640537006125319,0.2111215723288426,0.3181290088950662,0.8253935365622457,5.994922177493533e-09,1.777040577904837e-46,0.007982131361192713,0.0020317006897926804,1.0503733348410493,1.2844507894159665,0.08678043074358406,0.25659360438253626
iso,500.0,210.0,168.72291002100152,146.7799539772016,120.09371863985358,64935187.44072734,48178290.39228967,19209162.295627248,2709620.222874103,135044817.38074034,113113477.833017,1584419.2540242271,1401618.9667726122,142350818.8697184,19756862.401554734,2553512.5460139113,112725087.36446764,135044817.3807417,9727.319498505469,0.9992696275391432,39.02402431617244,55.47264678058037,126.06945558360427,177.56123953268576,48.5,37.0,0.0200645998523194,471220.9003889119,260682.00936039383,35348.68551824376,767404.7736656371,14971.204232362814,13792.968219286526,815110.2040644985,119.78853663904573,0.9984373020774641,54.45495989762773,78.05192286829725,168.33247368841953,59.5,175.9759933935206,7.089245250484596,41.74514084229751,0.5847384960626063,0.0035899198774755484,0.003388769197010787,2.0844474388422456,0.04857409520864295,0.3443536737544586,1.7560162980385245,0.02840314337990373,1.7926532581425837e-08,2.6533629331373887,2.2646537355948895,0.0795906074179752,2.251586056202792e-06,2.821618238719281,0.11545151225863703,0.28523129077998355,0.38483837419545686,0.9507709692666116,2.755262617467309,4.07742750924027,0.12203084448394907,0.30539331224495064,0.44426894414881096,1.1760534136675207,7.4049491079738154e-09,2.1950068162004743e-46,0.005682593294210207,0.00193033701267807,1.052206026098852,1.3036881416788357,0.12147877692076336,0.37185265142561236
iso,500.0,220.0,176.7573343077159,149.75546348240445,107.92268801830213,46425015.01275096,41453803.271784484,19068473.489990674,2746171.771286389,109706378.23890686,87878818.28453544,1655929.5248977977,1462338.9090971767,116032989.14988022,19609661.31786287,2590715.375339766,87496361.09392099,109706378.23890701,9931.292860813352,0.999080048564605,41.27581072971033,58.54289995330933,141.24179618570665,183.46070128119584,50.5,37.0,0.025032015598091012,221671.3908396915,197503.56531497432,27693.43165347152,446990.9679888933,11956.135281289127,11036.602052740356,478175.9318708309,94.67402087967106,0.9978733528206284,60.96024276024649,125.4219283529549,176.95760053981806,63.5,245.43309841918958,6.943656507348931,32.00048125298818,0.602995610912609,0.0036164135705761906,0.0034186453331002467,2.154308732136343,0.05686040507986641,0.3948191217433106,1.5757392430049713,0.03428657469787246,2.070533448577082e-08,2.7077074224473394,2.3274390134888616,0.09212967397742035,3.32676986840204e-06,2.870306518977194,0.15707273693494087,0.38264486193212677,0.5235757897831362,1.2754828731068883,3.1871395466101524,4.695310219356285,0.16805555088258103,0.4151257773528868,0.6030265948861943,1.5689360737651559,9.115240299176649e-09,2.7019786761873783e-46,0.004074430084780339,0.0018002924577901213,1.0531315614452288,1.3181149194176227,0.16541825670876995,0.5043699013512326
iso,500.0,230.0,184.79175859443026,152.67299301484246,95.75165739675067,32679227.202595793,35245525.38020501,18858057.085648626,2775132.1384751694,89571190.77447689,67924752.5828008,1726441.0578415424,1521889.6268070026,95134242.8243359,19390865.181453753,2620784.2949962877,67549632.62377334,89571190.7744769,10110.89474347594,0.9988501973772141,43.63695298278112,62.022507135302895,151.4606006743672,188.77570514303824,52.5,38.0,0.030982418727271595,98183.56590401752,146771.38531862927,21385.923165934248,266437.7625040508,9419.953549457077,8714.87490383353,287434.1846689475,73.74724947723307,0.9972114297503895,69.7713107078418,142.8731209720863,183.75696184004028,67.5,336.18053962270113,6.795372668636391,24.47622282235645,0.6221112983795275,0.0036433921842119904,0.003448401497799518,2.215913236719562,0.06545477382109881,0.4447895810556715,1.387406154568649,0.04072015432698208,2.35861827671614e-08,2.7556764997273637,2.37734831805398,0.10346335915342143,4.837918772579749e-06,2.908715868687711,0.20754835656472478,0.48390790622700425,0.6918278552157493,1.6130263540678336,3.6385752130524196,5.264732257112227,0.22509321513822914,0.5316201242842883,0.7940156847157949,1.9714258482575804,1.1164303961502628e-08,3.309370926971519e-46,0.0029745921674178707,0.0016386003585480014,1.0531200301305086,1.3263892419772927,0.2185733315189805,0.641850240927255
iso,500.0,240.0,192.8261828811446,155.53580536130738,83.58062677519922,22608311.160555035,29606642.20146474,18580794.49838743,2796353.371735706,73605660.01518264,52214953.36201978,1796173.6480804535,1580440.3752856378,78578146.73668572,19103000.676848684,2643698.749425253,51848798.631559655,73605660.01518263,10266.149813316215,0.9985759253202544,46.144539763505364,66.12847810346422,159.57182321911174,193.5582068689168,54.5,37.0,0.03799101008209018,40997.6107465477,106633.57861448012,16242.067341266176,163948.65711025003,7306.491445950042,6777.445922984002,178454.10141270273,56.57018013711636,0.9965122654581737,86.47480290707429,152.3511176856764,188.88167564122912,154.5,448.95555299172275,6.644651811961186,18.67251610250166,0.6423271344156202,0.0036712634093680305,0.003482942100196116,2.2698664251312684,0.07411811065359805,0.49248903825357,1.198519418301024,0.047608073624425484,2.6505273404552834e-08,2.7975983136882214,2.4176664450209566,0.11339021323121568,6.981267276433799e-06,2.9389323107895824,0.2661998182149802,0.584079813441832,0.8873327273832672,1.9469327110485937,4.098872183885709,5.782627859370337,0.29300092025668734,0.6492131028063223,1.013766959842338,2.359774684444256,1.3585911732789706e-08,4.0271943024779606e-46,0.0022273919842092623,0.0014487143868078189,1.0520981758012038,1.3299822507601344,0.2800683431425927,0.7768157849049272
iso,500.0,250.0,200.86060716785897,158.34686830711513,71.40959615364774,15366562.204200372,24583593.68564387,18237997.956623107,2810014.172231375,61012009.33999652,39950155.88984424,1864829.138964509,1637708.7949226398,65533386.960060574,18747826.90130249,2659472.780663483,39594314.61729944,61012009.33999651,10397.835366582203,0.9982557583772963,48.82856003737711,71.31527558261057,166.32705985599083,197.84407896193653,56.5,37.0,0.04605673870814914,16432.676906277342,75509.00206092441,12107.8712994214,104107.27711006369,5556.002865782168,5169.424431900548,114280.52911059604,42.6335176601024,0.9958447976286697,124.8447373124642,158.3181247793102,192.59089390551625,156.5,586.0494197297443,6.490357997782156,14.217065623594573,0.6636369159247643,0.0037002786211307592,0.0035211406370118693,2.3167709231987352,0.08260106698290291,0.5361104957178234,1.01698258803163,0.05481711734462856,2.9395249247910764e-08,2.8338436278789865,2.451481868450661,0.12221681285353826,1.0093996692827305e-05,2.9635666088007593,0.3314515910918502,0.6829716535884137,1.1048386369728336,2.276572175393706,4.556494040707136,6.262248782235774,0.37059071985455927,0.7674151059581064,1.2553752992892733,2.7328259733492737,1.6390215808618655e-08,4.858458160120813e-46,0.001706340739081609,0.0012376088392719818,1.0500257773605883,1.3348226170052773,0.34803271459362384,0.911646009983308
iso,500.0,260.0,208.8950314545733,161.10889067941355,59.23856553209631,10241490.942551333,20168013.814868588,17830527.998121202,2816008.218917284,51070136.63158238,30409504.75741992,1931950.831145563,1693328.1214724865,55249365.61723469,18325808.637222674,2668158.3646365847,30065561.09660674,51070136.63158239,10503.244078427073,0.9978898897353968,51.72952259414537,78.98862954733104,172.07856421059466,201.66413284846365,57.5,36.0,0.055140017330124615,6636.265348326935,51755.09835483553,8810.566220214056,67245.21807110914,4130.998477282877,3858.1472277728963,74385.82725788663,31.375457163701107,0.9952471437727716,132.8268920776422,162.15944839594565,195.25233693265193,158.5,759.4612389772868,6.331845155259096,10.798798296516319,0.6860600825548624,0.003729834312225631,0.00356111700196027,2.3574168454234803,0.09073030324542958,0.5744902310397619,0.8484879594158474,0.062246439334787115,3.2219473876505274e-08,2.865044475048096,2.4816314563155792,0.13054141610827547,1.4816461603656605e-05,2.9851330350377516,0.4014423620825215,0.784940589064938,1.338141206941707,2.6164686143444866,5.002426542485912,6.729159396271006,0.45624068238682164,0.8917033694623739,1.5112726589610386,3.108844700311651,1.9580914913424926e-08,5.8042588916819354e-46,0.0013167228933850922,0.0010134121772219728,1.0470042263112436,1.3497139439283767,0.4203118497207685,1.0594452582163008
iso,500.0,270.0,216.9294557412877,163.8243529187025,47.06753491054482,6676209.958627345,16378123.559230398,17365860.50487147,2814316.366624974,43248832.67623384,23054333.517857745,1997277.3545067871,1747113.1049486496,47172481.22389468,17844989.678808354,2669720.6223616446,22723319.69157953,43248832.67623384,10582.949729785947,0.9974829347704717,54.930214244513124,110.81654538519595,176.9944550911229,205.04194645846357,59.5,36.0,0.06507265497067395,2862.2798658415227,33932.767462285745,6202.244912292522,43029.0441644229,2990.6471859902344,2805.315944808365,47962.99725494148,22.46680151776565,0.9946489219867025,136.83070029457735,164.91662061734615,197.34474603201386,160.5,1005.1079106236032,6.170543124011751,8.191805935984839,0.7096847313232206,0.0037603980331739986,0.0036223660683307804,2.392520655427781,0.09834071545309188,0.6068156255494722,0.697639257013551,0.0697909042244608,3.494302084133685e-08,2.8916908933204253,2.513264797245906,0.1392604606846119,2.2453234700326817e-05,3.0061686789479767,0.47389285465310166,0.9050721657277254,1.5796428488423053,3.016907151750973,5.428846901335986,7.262982143269532,0.5476595634048378,1.0413585922744435,1.7721784466668258,3.5277165865863096,2.312201134967329e-08,6.853925905060666e-46,0.0009949180475353795,0.0007845938343887956,1.0431672566645884,1.3839991691509144,0.4943495091414266,1.2526191253887906
iso,500.0,280.0,224.96388002800205,166.49553316083873,34.896504288993405,4250596.757804158,13155986.275496393,16843387.53950328,2804878.170055932,37069367.191416934,17406583.033300553,2060636.739397074,1798866.0434318942,40803873.48917032,17304370.655150406,2664115.1044989373,17089906.23709945,37069367.191416934,10636.390449240054,0.9970407927398283,58.494310163552456,131.0527086373143,181.2124951209501,208.01112054665623,61.5,35.0,0.07566566096400414,1284.4299524659427,21011.40191242025,4218.267769347623,26536.64682064679,2083.144595380676,1964.4797164341705,29830.33911441483,15.52477829286128,0.9939692432421149,139.81285862621996,167.52979271520277,199.47454788374344,162.5,1396.9122565468663,6.0050335587899735,6.205824987027315,0.7346617622810987,0.003792104257072939,0.0036803681372892714,2.4230298132446744,0.10539151911093306,0.6328796090730079,0.5663997854749963,0.07742711915952018,3.757436605841296e-08,2.914518084648768,2.5490023629948007,0.15046593191245658,3.567007599797936e-05,3.0312359834710243,0.5472946922435581,1.0690178341874164,1.8243156407893724,3.5633924436836186,5.833708997467625,7.928084878532075,0.6433332841144392,1.2491219488474774,2.0320200583033246,4.105495404809154,2.6976451872950793e-08,7.99647571841765e-46,0.0007158645758266708,0.0005668130724736312,1.0388243069488312,1.445335621730738,0.5685430293666881,1.5450895560165165
iso,500.0,290.0,232.9983043147164,169.12452960996612,22.725473667441918,2632534.034254964,10457519.581595706,16271468.79299392,2787901.8078693184,32164108.737273563,13090053.61585067,2121891.99604391,1848437.3110587175,35760448.467840925,16713101.538253624,2651383.844991462,12788497.089327537,32164108.737273555,10663.972614820002,0.996571462754562,62.55681458072679,140.21980555217306,184.8337099047572,210.6064202093335,63.5,35.0,0.08667741520966014,514.8161696271983,11961.755175895392,2716.099747767432,15208.064166898283,1383.9817824184693,1314.4133230132343,17295.45418552355,10.20535093200706,0.9930161075740499,143.19145708634213,170.65594333095783,202.00891649231815,166.5,2114.9377320015283,5.8364569179104455,4.695306548782245,0.7611071487720676,0.00382508902742527,0.003757354986831986,2.449723996839487,0.11187220699263482,0.6529373164240728,0.4548875490992628,0.08514673649100286,4.012774290574253e-08,2.9341364325449706,2.5931294164053384,0.16561472701060623,6.097520061505013e-05,3.062086054095197,0.6204357724373778,1.3159538996539124,2.0681192412716625,4.386510867557244,6.216425469532937,8.850776360734242,0.74200205634218,1.5717776759747548,2.285985454571122,4.956322732201546,3.1090555257361886e-08,9.215995912231212e-46,0.0004728271593384563,0.00037189761027121024,1.034247208761428,1.5438179428304477,0.6416839658590986,2.0315932422234084
iso,500.0,300.0,241.03272860143076,171.71327982737,10.554443045890498,1581021.4330710913,8246091.769179521,15651946.335349264,2763039.3501272593,28256918.676925667,9827113.202250613,2180750.8941112915,1895649.8573158889,31754256.522895932,16072617.064104032,2631216.745983816,9541829.644855605,28256918.676925667,10665.74638754331,0.9960860163332298,67.3372804384844,146.59132842696346,187.9214422801939,212.86318317175056,157.5,76.0,0.09778275479072426,149.32976057700898,6022.417767253482,1628.237961976906,7809.940728635424,862.556079821194,825.8762697883758,9041.443985285148,6.305701823678625,0.9915107839880448,147.93844490229029,174.8695843081108,205.35367903233367,171.5,3618.0708226530674,5.664756940442549,3.5566316497801593,0.7892579937418738,0.003860150014530944,0.0038727151503227643,2.4733120709473306,0.1177931449497522,0.667269535390664,0.36280795257640286,0.09296918125958716,4.26317290574696e-08,2.9510509474981617,2.652242349844164,0.1883374916241508,0.00011566951270162197,3.1030472560102673,0.6925159696020151,1.7442093164960475,2.3083865643923107,5.814011084337319,6.578470369075911,10.291229854265461,0.8428659907610365,2.155207513226144,2.5304872319481606,6.382843880042655,3.538956286895466e-08,1.0490326211163661e-45,0.0002763903884188529,0.00021313073219732666,1.0297899806028767,1.6946972990078615,0.7131460069036415,2.9559068175701997
iso,500.0,310.0,249.06715288814513,174.26357744047672,1.6165875756609904,915445.680905636,6443051.605261352,14993824.019138632,2730860.1748758624,25098104.714179974,7358497.286166988,2237022.275408831,1940285.9078019487,28524988.39521317,15392690.597794192,2604192.472145684,7089860.619175829,25098104.714179974,10642.118562573623,0.9955907931173802,73.33777416096312,151.46467892063842,190.56960890136344,214.82656358762617,157.5,77.0,0.10880742613735993,24.30181645679688,2525.206154217796,874.6125659758379,3430.093829763017,491.23735805066,474.64650642586184,4089.102337053182,3.5385415164005845,0.9889764279974943,154.35806237242647,180.44697621574676,209.68255117301635,177.5,7317.031533191029,5.490513266509594,2.694571239445273,0.8191639747760135,0.0038969840567019826,0.004045838870897655,2.494471818774631,0.12324149440336633,0.6766590600061507,0.2875838661579406,0.10095499241279739,4.512918513265461e-08,2.9658481878611775,2.728767057719547,0.2224185384655945,0.0002543052170962509,3.1553852134981915,0.7636234034920679,2.525519814222757,2.5454113415211013,8.418145154190379,6.923746577458835,12.580311677728282,0.9462848279715382,3.302898855263753,2.765903424379528,8.860708729438567,3.9843646019813526e-08,1.181062466743949e-45,0.00013666744436782415,0.00010061342013570851,1.0257287082160915,1.9241095650712872,0.7832704472274941,4.8593768313230665
iso,500.0,320.0,257.1015771748595,176.7770866815985,13.787618197212412,508882.33969222754,4996564.817603538,14300058.226445867,2691241.2517292136,22511741.828251433,5505447.157295765,2290464.82820005,1982173.3606315085,25889163.608966365,14676098.583265547,2570143.162372482,5254056.349158736,22511741.828251433,10592.565667789266,0.9950927273855468,82.19292653071734,155.3317017406143,192.84780634572405,216.5339682909763,158.5,76.0,0.11954833492057029,1.4455158508153627,803.725292754639,395.31081543067444,1203.7034612992898,246.21797691672873,240.23849520508466,1512.5717173271912,1.7051510389284372,0.9844095040901871,162.65747876997784,187.57168563838258,215.11716747665807,184.5,18702.06620819386,5.313554932043939,2.0456906840879943,0.8510811978407171,0.003935940585402064,0.004313443934162912,2.5137430368354714,0.1282857109704128,0.6816531722376002,0.2272668774000522,0.10918155655854696,4.7667859909617874e-08,2.9789474345487115,2.8222830473623564,0.2715684815680147,0.0006869745804251582,3.2172488857232087,0.8339844702799668,3.9892068400173324,2.7799482243365623,13.293887999496677,7.256249315369066,16.21913032712388,1.0529170438113868,5.788409489773683,2.9927096500572006,13.148640521783012,4.442126280717362e-08,1.3167541494779912e-45,5.347002779628029e-05,3.5702492454226375e-05,1.0223349535468158,2.272256341404345,0.8526114746824357,9.064500539402971
iso,500.0,330.0,265.1360014615738,179.2553550913159,25.9586488187639,269367.219994939,3850070.415544627,13577567.076656105,2644530.999661027,20356571.004913647,4119437.6355395657,2340824.017035157,2021073.4529239922,23699368.067194156,13929740.134812778,2529221.4361351747,3886106.5204999642,20356571.004913643,10516.780722474852,0.994595402873159,111.2251688111169,158.47797646728546,194.8186015514486,218.0394021333958,159.5,76.0,0.1299104352605698,0.01630144889874965,169.88649629172878,135.3955907351162,306.76158017481765,102.70790983142678,101.23589332111834,427.48050522681774,0.645155597180178,0.975668676866359,172.88288578420415,196.11782506799756,221.61578611662225,194.5,66359.5845128742,5.1342060571029275,1.557719548784866,0.8851565806319537,0.0039768037220296835,0.004764967556752573,2.5315484524572676,0.133006342286793,0.6828819682019579,0.1794235778405125,0.11773143914094092,5.0294869791218786e-08,2.990722205676508,2.923697227149593,0.33014792246767943,0.0024383949335068877,3.2767484316666717,0.9040802046126526,6.47874392362249,3.01360065786139,21.564706249377362,7.579781986628418,21.59170884782766,1.1638904275981408,11.556434647254157,3.2126760452459537,19.357419773745544,4.912418696442643e-08,1.4561602470854388e-45,1.506941321801063e-05,8.345536006566222e-06,1.0197629353265516,2.7744872180049747,0.9219474832264279,17.975192204817997
iso,500.0,340.0,273.1704257482882,181.69982466197953,38.129679440315314,134643.0359890359,2954568.505984989,12833567.588479657,2590757.4533883785,18528580.17155836,3089211.541974025,2388213.4943274218,2057146.7746686067,21847344.224940468,13161549.306947937,2481803.266433811,2873689.0893031904,18528580.17155836,10415.200540236581,0.994100535620867,123.06412506210165,161.07119652163877,196.53362681578125,219.36449239818432,160.5,76.0,0.13982493150582734,8.468595032100875e-06,17.149935918323184,28.300381562700185,45.97080918019604,32.23563991092956,32.044530859953525,81.77105822694367,0.16298468917294054,0.9541053151012614,185.2439957445433,206.7572136713454,229.96029237364766,205.5,403050.99044330866,4.953596706513378,1.192397048953283,0.9218205630187206,0.0040201372485158095,0.005759098647198236,2.548218443161363,0.13744991631139486,0.680871452750665,0.1419329613937128,0.12670415924104603,5.3053949968040425e-08,3.001405318893432,3.018435735330577,0.36287814014806263,0.012822376240549877,3.3050384638244474,0.9742864109251623,9.423995701057404,3.2476213176901854,31.32193636072917,7.897767337270724,28.479265352571645,1.2804182101158228,27.488318131416406,3.4265430239835744,23.32271877124928,5.3970676152240444e-08,1.5998219609848407e-45,2.4810756547208024e-06,9.255936374794969e-07,1.0180853238140113,3.4474949554832355,0.9919066961543348,32.489177639891096
iso,500.0,350.0,281.20485003500255,184.11184164923904,50.30071006186681,62741.91913169554,2259838.1380826305,12074388.204742406,2530264.866533171,16942253.15390656,2322580.057214326,2432049.506032997,2089834.047203228,20243433.591860034,12378273.214560604,2427653.477148963,2124775.3338114326,16942253.15390656,10287.345108914136,0.9936056514238443,128.69762349131406,163.27596585143857,198.05981332868376,220.55550409993486,161.5,77.0,0.14934642066481812,1.9659318276459377e-11,0.449152423569405,2.0960475138587817,2.6674128852014087,6.112806886647867,6.104777067795688,9.206956398249952,0.015361106809137074,0.8867367439809553,198.88534067467745,218.0240492665396,240.89892345344268,215.5,6351567.561175405,4.771985875647108,0.9179197355716349,0.9611837630916705,0.004065718670397257,0.007328606201706555,2.5640284211785147,0.14168682816958492,0.676127542790498,0.11262947964385625,0.13618707868056457,5.599683655399934e-08,3.0112518414355085,2.962619779339776,0.24098244280144585,0.11496993327112226,3.1792444249548764,1.0452714402832437,5.2999912387091515,3.4842380317096744,17.665345438480795,8.21364290519122,24.09613115012217,1.4042779535571464,61.12703443731725,3.6366444266548483,10.308331774496201,5.902402655159352e-08,1.7496155437561948e-45,1.5744144896019064e-07,2.6510784574473143e-08,1.0172918390423928,4.244486108983413,1.0633461057842317,22.495739190434783
iso,500.0,360.0,289.2392743217169,186.4926652411693,62.471740683418226,27138.394086705815,1726175.307571206,11308380.343996536,2463741.8107321565,15540400.766663475,1753313.7016579118,2472683.6855310877,2119507.2400036934,18828423.481432855,11587714.98733983,2367863.9496491184,1573280.7829098394,15540400.766663475,10135.189533132176,0.9931076309656672,132.50684436990454,165.17385252702826,199.42945360020394,221.64498638248756,162.5,77.0,0.15853785547263735,1.036434851758434e-21,0.00014760727630787576,0.02110641885900671,0.03321699811861799,0.4312688885090581,0.4312648657145281,0.48874672745956027,0.000246898864061655,0.42060961187002466,224.14961504132015,257.8464781976838,283.19546548058247,274.5,467844827.85496336,4.589921027737884,0.7116466887968569,1.003629387933419,0.004113738496859894,0.011697809358895398,2.5791740276958595,0.1457571201919162,0.6690136709113943,0.08982807731142153,0.14628612932515064,5.9160874551461696e-08,3.0204161906472153,2.5375890142232502,0.04594555036762337,2.1768520123922914,2.6141284726196417,1.1174993696656954,0.3172377848214426,3.7249977100579432,1.057459282738142,8.530027000195341,7.477566428212871,1.5373036550447041,141.7258309082729,3.844185406615508,0.3863882287120704,6.434840484584878e-08,1.9074430517850518e-45,2.1374608427006274e-09,9.498292774052252e-12,1.0173419411930402,4.985760258239298,1.1368789780176973,1.5816715399746186
iso,500.0,370.0,297.27369860843123,188.84347524348092,74.6427713049697,10740.211130432517,1320952.1515762801,10541285.360691568,2391295.6954910704,14279151.84107858,1331692.3627067127,2509584.091582895,2145676.492824701,17556044.432035636,10796675.069498744,2302158.259371996,1168810.9054402267,14279151.84107858,9959.08199413367,0.9926017129387769,135.34870974657827,166.84303658139282,200.68583720277823,222.65208016843874,164.5,77.0,0.16746762847718574,0.0,0.0,0.0,0.0,0.0,0.0,0.0,0.0,,,,,,inf,4.408189828036652,0.5568915484679279,1.0494662355286568,0.004164722084730931,,2.593809434605269,0.14968184217543914,0.6598259741195583,0.07218677478248625,0.15708603943485264,6.259445139205206e-08,3.0289929735511514,,,,,1.191325718258999,,3.971085398382341,,8.84923453722751,,1.6814188917013084,,4.049595681690623,,7.003217075703179e-08,2.075923681899042e-45,0.0,0.0,1.0181590348835097,,1.2129590435344864,
iso,500.0,380.0,305.30812289514563,191.16537891395387,86.81380192652114,3887.573536165767,1013758.3567329731,9776626.912854288,2313704.091407467,13122737.35105213,1017645.9302691389,2542908.387737756,2168547.9744394054,16389219.461939208,10008337.202235317,2231501.0089991987,871448.2234115258,13122737.35105213,9760.31987779254,0.9920799678476607,137.6218980832692,168.3555873961774,201.8659467097432,223.60695395234796,165.5,77.0,0.17631261142492982,0.0,0.0,0.0,0.0,0.0,0.0,0.0,0.0,,,,,,inf,4.2255303732064515,0.4398340885718393,1.0990637900419062,0.004218482352190148,,2.6081115840468856,0.15352386148879293,0.6487197397328348,0.0584766739812309,0.16873251706974143,6.635414704021276e-08,3.0371556601267606,,,,,1.2676525645964236,,4.2255079970014675,,9.174652540708472,,1.839965222350982,,4.255747547167784,,7.620361310666817e-08,2.2588602264413012e-45,0.0,0.0,1.0196614862357527,,1.2925764980469527,
iso,500.0,390.0,313.34254718186,193.4594170584516,98.98483254807262,1267.9570566052628,781109.8348336892,9027049.520375641,2231272.509397078,12055311.139983827,782377.7918902944,2572428.3077539755,2187892.244780251,15311179.351605443,9235782.514717499,2156079.011792016,652079.0416063857,12055311.139983827,9538.56902580693,0.9915400402137489,139.52726144238616,169.75165369748393,202.98073787427975,224.51536203996872,166.5,77.0,0.18508626475816295,0.0,0.0,0.0,0.0,0.0,0.0,0.0,0.0,,,,,,inf,4.04569566575034,0.35064197160825694,1.1528974147801798,0.004274945792427833,,2.6219223643380283,0.15720955159399716,0.6360220014983887,0.0477376153316089,0.18124648561147064,7.045735154800857e-08,3.044778549446192,,,,,1.3452518389508739,,4.484171911429635,,9.502130833863587,,2.0131384357187,,4.4582015799503925,,8.295099051266308e-08,2.4588688852677013e-45,0.0,0.0,1.0217083045754614,,1.374454975601519,
iso,500.0,400.0,321.37697146857437,195.7265694837476,111.15586316962404,373.0384877629075,605389.4893177706,8290958.904257653,2144142.650466418,11055295.505043328,605762.5278055335,2598074.051441863,2203675.2367186416,14299383.97387666,8477520.082488101,2075881.2796421007,490627.1928218383,11055295.505043328,9294.852685030186,0.990971593445598,141.17017269854676,171.0676204177186,204.05787073808924,225.40379222279097,167.5,77.0,0.19394711335289763,0.0,0.0,0.0,0.0,0.0,0.0,0.0,0.0,,,,,,inf,3.866794451597757,0.2825196950742812,1.2117076496177626,0.004334997339383304,,2.6354422648408478,0.16077806147153698,0.6216957160367822,0.03933629106876193,0.19481600697577622,7.498477838522671e-08,3.051974135140638,,,,,1.4249784762311628,,4.749926881743236,,9.835901378882156,,2.205407141971262,,4.658584732971621,,9.045438898886139e-08,2.681287845341151e-45,0.0,0.0,1.0242549912107126,,1.4595413166476043,
iso,500.0,410.0,329.4113957552887,197.9677598882117,123.32689379117554,98.1716576545212,472177.1323582,7579126.952583866,2053642.416862153,10119267.04284533,472275.3040158545,2619820.5684452257,2215920.3016429674,13350241.475642798,7744886.908601139,1992075.4470489493,371163.24904082844,10119267.042845327,9033.508480251563,0.9903708211922455,142.64371866368407,172.32220392409295,205.10738269901603,226.2742658168341,168.5,78.0,0.2029437911033437,0.0,0.0,0.0,0.0,0.0,0.0,0.0,0.0,,,,,,inf,3.69057772197963,0.22996958970951908,1.2756946131099884,0.004398773810902408,,2.6486029473019377,0.16418546266008288,0.6059392107662203,0.032698136577323116,0.20945051026643888,7.994841814328553e-08,3.0586816897875706,,,,,1.5060781282564546,,5.020258374096458,,10.173894831522649,,2.4186050196532554,,4.85390129179368,,9.882138654568212e-08,2.9293059802474085e-45,0.0,0.0,1.0271959732089897,,1.5470373886831625,
iso,500.0,420.0,337.44582004200305,200.18386025960484,135.49792441272695,22.875986277547995,369803.81401874695,6892205.027195763,1959478.7295997252,9235493.42087822,369826.6900050245,2637564.0449260743,2224535.093860787,12451414.221325522,7038049.383192545,1904605.2853806778,281846.2056952312,9235493.420878218,8752.428169366125,0.9897296117896274,144.00554041301936,173.54626702460848,206.1436051177345,227.13823617347296,170.5,78.0,0.21216827735159544,0.0,0.0,0.0,0.0,0.0,0.0,0.0,0.0,,,,,,inf,3.5173665950452424,0.18873728222636602,1.346053930100515,0.004466712517544927,,2.6613669829277082,0.16738811142830975,0.5887653515456475,0.027358998679433536,0.22531342524017925,8.54248167636416e-08,3.064845660066967,,,,,1.5877952059596905,,5.292647725299807,,10.514561672286318,,2.6560527784815258,,5.040980637162047,,1.0827791807412799e-07,3.209620549056553e-45,0.0,0.0,1.0304698980860783,,1.6361751640668458,
iso,500.0,430.0,345.4802443287174,202.3756948393689,147.66895503427844,4.810229302101358,291052.2425666329,6237199.480264319,1863480.9715752196,8405454.49133842,291057.052795935,2651355.699082792,2229595.027185035,11604495.487658184,6364388.874259958,1815071.3773913959,215171.8107612583,8405454.49133842,8454.817370321654,0.9890448750826834,145.30049762528049,174.75493308173796,207.17259983305655,227.99465607270176,171.5,77.0,0.2216990138362516,0.0,0.0,0.0,0.0,0.0,0.0,0.0,0.0,,,,,,inf,3.3470690473388363,0.15618997845194066,1.422797302213166,0.004537109581094735,,2.6735958759531955,0.17037505556311103,0.5702570749139233,0.023045018838692338,0.2424091694196126,9.142838492152202e-08,3.070476794697243,,,,,1.6691392941288963,,5.563793523601844,,10.853362161512736,,2.920466178124115,,5.218515435135595,,1.1897036632944373e-07,3.5265706922657197e-45,0.0,0.0,1.033998525993063,,1.7258875698063805,
iso,500.0,440.0,353.5146686154318,204.54404370452278,159.83998565582985,0.8972954162405031,229549.1908014849,5615998.274055099,1765347.5764168678,7624319.126911952,229550.08809690113,2661043.1372837625,2230966.1820520926,10804297.244710332,5725848.836268946,1723239.127908742,164600.73149720285,7624319.126911952,8142.233496849471,0.988307767468826,146.55047280827176,175.95151875173474,208.197506905793,228.85013039018074,172.5,77.0,0.23154166910270446,0.0,0.0,0.0,0.0,0.0,0.0,0.0,0.0,,,,,,inf,3.1812422375506983,0.13003110048323727,1.507376322279203,0.0046122551760462895,,2.685281727663015,0.17304305782629467,0.5504918844719366,0.01948584802195913,0.26084100810214755,9.802208932561643e-08,3.075409980293258,,,,,1.7486360027292978,,5.828781170690305,,11.188842868653788,,3.215193587114294,,5.379447504880986,,1.311592528269506e-07,3.887878900516759e-45,0.0,0.0,1.0377508401599231,,1.8146484809662184,
iso,500.0,450.0,361.5490929021461,206.68964601130384,172.01101627738134,0.1480405050348177,181102.39262768236,5027724.723743666,1666087.0083991727,6888019.064516674,181102.5406681874,2666662.188680098,2228696.0250879303,10046602.403047835,5121627.252723797,1629962.9588081262,126009.83693601111,6888019.064516672,7816.578395453205,0.9875074724236513,147.79055229812835,177.16326157679723,209.23646545228357,229.71621471681019,174.5,77.0,0.24188188110308034,0.0,0.0,0.0,0.0,0.0,0.0,0.0,0.0,,,,,,inf,3.0176843696623368,0.1086993294799149,1.6005539778155455,0.004691578744716107,,2.6964517032911712,0.17541470428004388,0.5293462113148294,0.01651242099751311,0.2807607027027618,1.0528544031358103e-07,3.0797197532058505,,,,,1.8261415794599265,,6.087131513383496,,11.520657141367522,,3.547721347296666,,5.524312450566284,,1.4517962140253878e-07,4.303476687082503e-45,0.0,0.0,1.0416908651668793,,1.9022750018248222,
iso,500.0,460.0,369.5835171888605,208.81320293879514,184.18204689893278,0.02142198074695333,142594.23739021778,4479749.242100912,1566406.6854677394,6201512.412290807,142594.25881219853,2668221.0016137687,2222855.5185477003,9336572.683203295,4559232.589845929,1535810.3182682022,96281.47399049203,6201512.412290807,7480.799993393242,0.9866444180461436,149.02168138919416,178.37586095064154,210.27342366085625,230.58250706235015,175.5,77.0,0.2525846247381962,0.0,0.0,0.0,0.0,0.0,0.0,0.0,0.0,,,,,,inf,2.8598889954068536,0.09103271847286513,1.7034024601452848,0.004775771236675631,,2.706841733276416,0.17732561640269967,0.5071315789538178,0.01397934690526833,0.3020568912271377,1.1320534957353625e-07,3.0831350121628622,,,,,1.898070240578307,,6.326892128325361,,11.839326556176959,,3.9177837049697493,,5.64202117660208,,1.6125098742334132e-07,4.779871020749529e-45,0.0,0.0,1.0457691780138996,,1.9849433553022207,
iso,500.0,470.0,377.61794147557487,210.91538036577325,196.35307752048425,0.0027792009969918484,111901.13175060201,3972002.4475275697,1466708.386962789,5563007.391280133,111901.134529803,2665686.3179772845,2213387.769945253,8672336.953049086,4038627.0386057477,1441074.9920685268,73369.10226335468,5563007.391280132,7131.650233600469,0.9857194326264697,150.26664301063178,179.5943444996231,211.30793833726898,231.44735952379327,177.5,76.0,0.26365386270415814,0.0,0.0,0.0,0.0,0.0,0.0,0.0,0.0,,,,,,inf,2.708106453084829,0.07629405785394339,1.8174616997297595,0.004862350482885322,,2.716119504221006,0.17869093607542508,0.48391407709362727,0.011806227028515331,0.32476393240594387,1.2183126357206718e-07,3.0855359387750876,,,,,1.9609452883506475,,6.536474250102484,,12.132249012764621,,4.326778001765967,,5.72634769550863,,1.7975888393883378e-07,5.328490037743084e-45,0.0,0.0,1.04996401515649,,2.058921988458847,
iso,500.0,480.0,385.6523657622892,212.9968113097451,208.52410814203566,0.00030967975771704654,87229.6053040743,3499996.368349298,1368244.6548526082,4967482.8074966585,87229.60561375406,2659037.6179355443,2200307.7259642496,8048609.146745803,3554738.3124116864,1347595.8051442066,55477.739813863016,4967482.8074966585,6782.1348941083925,0.984694796829363,151.53908777265252,180.8461476837919,212.37119726988658,232.34118634234238,178.5,77.0,0.2754402396295618,0.0,0.0,0.0,0.0,0.0,0.0,0.0,0.0,,,,,,inf,2.558019398019376,0.06375292993426729,1.943393389848093,0.004956814463009166,,2.7249206568580964,0.17961319483855703,0.4594540365372626,0.00991645119075356,0.34905909557874937,1.3127271807826325e-07,3.0871263530511723,,,,,2.018384546022269,,6.727937340335422,,12.417592845932335,,4.795274548964913,,5.782936573651286,,2.0130920201492267e-07,5.967293821247368e-45,0.0,0.0,1.0542749076091213,,2.127932180777306,
iso,500.0,490.0,393.6867900490036,215.0580981534979,220.69513876358715,3.0198272599994855e-05,67481.75261886565,3068677.6185975866,1271016.9813163541,4418784.397662412,67481.75264906391,2648463.5178971365,2183799.2738970527,7469590.889988201,3113160.6042913278,1254642.8395232938,41592.57276390088,4418784.397662412,6422.024449510755,0.9835998915447925,152.82830403385253,182.10443561481188,213.43318108488637,233.23059422757348,180.5,77.0,0.2876395105379517,0.0,0.0,0.0,0.0,0.0,0.0,0.0,0.0,,,,,,inf,2.4143482453078238,0.05309272310364814,2.0837357461221346,0.005052666127921955,,2.732268537247356,0.17983992713020228,0.43419621250309076,0.00826873379925414,0.37473888474120237,1.4149293815409726e-07,3.0874744735740656,,,,,2.061486547179162,,6.871610249171808,,12.66129994243009,,5.312341612143319,,5.795404417841469,,2.2630658344159347e-07,6.708276936980343e-45,0.0,0.0,1.0586755074868661,,2.1824453165122466,
iso,500.0,500.0,401.72121433571795,217.09981468135777,232.86616938513865,2.4751289593616885e-06,51697.52810271269,2676313.6195913004,1175741.1726431672,3914941.393213265,51697.52810518782,2633833.908933503,2163776.873017468,6933106.127035015,2711802.325052973,1163284.810408966,30763.630479884116,3914941.3932132637,6063.072328732028,0.9823987122680363,154.13708935634088,183.37139860040486,214.50023062371503,234.13054702198644,181.5,76.0,0.30032152580403115,0.0,0.0,0.0,0.0,0.0,0.0,0.0,0.0,,,,,,inf,2.2762778763413696,0.04397016053198795,2.2401477214686785,0.005156808717603824,,2.7386040118962516,0.17934384105706028,0.40823641765626933,0.006829083299154167,0.4017566969034144,1.525368382344559e-07,3.086532308719818,,,,,2.0914170959206535,,6.97137908390143,,12.8752476611184,,5.8926342334170645,,5.7617408668835175,,2.554316653969704e-07,7.571615124485357e-45,0.0,0.0,1.0631628766336472,,2.2235170159397906,
iso,1000.0,100.0,89.10097887220249,128.82102092673037,217.0531543379406,537942795.2837644,57271291.284703344,8665807.375786833,1071570.5176626306,605230537.1208283,595214086.5684677,561641.4479209152,496575.74785707914,631833970.1617122,8918110.087834,1003528.5210629764,595305558.1403278,605230626.3512467,3692.3988939618202,0.9999387659772562,17.799308289385127,30.27042915625344,49.13471519972041,66.14448793447814,24.5,33.0,0.0017705162775828382,103276758.48002733,1699877.2555070142,198769.77630540062,105195097.78737535,91514.37708835606,81919.70485739376,109728995.97157642,663.8376330187493,0.9999370918761302,19.27796660806686,32.085205253450134,51.08687746908912,26.5,5.753410090878428,8.08701549076693,555.4595584309112,0.5241292464316757,0.003445782459577076,0.0033397312476661106,0.8773555771190628,0.004011711084266311,0.032442769682943066,1.9297452695848172,0.0021026551074981026,3.74376769250509e-09,1.7446352308485111,0.8977815278225671,0.004325809852579141,2.1762915534667267e-08,1.7756930977064938,0.002139560714171004,0.0023219922575790806,0.00713186904723668,0.007739974191930268,0.3980859683262236,0.4133560956355357,0.002150137662527171,0.002332749282275456,0.006914924772598309,0.007768090050350285,1.6522629620725167e-09,4.897708830975513e-47,0.17380996386567685,0.0028086442293437197,1.0126465993612888,1.1006908240162443,0.0021666188813322775,0.0025557955713540574
iso,1000.0,110.0,98.01107675942275,133.4102171421081,204.88212371638915,434058873.0863288,55358433.39975713,8906148.31651933,1115530.1306497625,499527615.18769234,489417306.48608595,596442.8237767312,526729.8930242329,521214590.58666295,9164943.513337586,1045406.7530504075,489313678.80676365,499527636.3123538,3863.2433578730893,0.9999222699553899,19.619773736915892,32.427652401555534,51.50499165248761,69.23874500853013,26.5,35.0,0.002233170092569584,68377781.7750712,1467733.3535203966,173647.98673985252,70022505.0650304,80711.77169757127,72261.13669276543,73032161.03635633,581.0009474192411,0.9999171837660797,21.44669263604878,34.59145334467964,53.860497597078755,28.5,7.133815260162108,7.983781048864873,438.73069228620045,0.5346720876372217,0.0034631456844853373,0.003345854785461215,1.0347376768600924,0.005547527663108119,0.04429024622477623,2.107731984729228,0.0029661081968592553,4.972996704156123e-09,1.8571778222686501,1.0762717488248366,0.006254425691946292,3.601784166560043e-08,1.904796407320785,0.0031577686969234088,0.003653006498291817,0.010525895656411363,0.012176688327639393,0.4910254528011501,0.5248078545538359,0.003178208059665729,0.00367583854771468,0.010600910941644061,0.01280105044758953,2.001891326116696e-09,5.934092242966287e-47,0.14017744552264674,0.002938242669464652,1.0176586107142667,1.1133858257559814,0.0032135305050680764,0.0040672056565926006
iso,1000.0,120.0,106.92117464664301,137.8467142996298,192.71109309483768,346454026.6799275,52979688.05957577,9115898.595449587,1157225.1399885332,409735311.34873456,399433714.73950326,631852.3832563407,557307.4391833999,427542450.67504287,9380256.435227565,1085220.2053277688,399266056.07526606,409735316.59055203,4027.924923700385,0.9999010401243155,21.47925011060415,34.61086719063255,53.96052419269929,72.87103996000624,28.5,35.0,0.0028243236741770446,44593280.81137842,1257963.2952899248,150766.3699459629,46003005.14262748,70891.51851823076,63474.04299676641,47995492.838498116,506.1719681948636,0.9998900735353705,23.696118822747504,37.15670269858667,56.79730781219443,31.5,8.906707509181048,7.877376908299724,345.1650858047045,0.546006443709477,0.003480675267511296,0.0033573267591193168,1.183874523365668,0.0074682919816983296,0.05883055080107041,2.232369294558707,0.0040777355455111075,6.453620582225108e-09,1.965176307672022,1.2465965505302563,0.008789676061221772,5.829997806786841e-08,2.029044812607177,0.004710166595804312,0.005858645834421737,0.015700555319347713,0.01952881944807246,0.6033379986815777,0.6654660576899352,0.004750058957955898,0.005908183166431791,0.016323362546466224,0.021313914276684914,2.4405999978578326e-09,7.234531328713825e-47,0.11227493425255049,0.0030701852157898227,1.0225995073848628,1.1264872519406712,0.004816614040570126,0.006599689846111404
iso,1000.0,130.0,115.83127253386324,142.14481083916883,180.54006247328624,273682046.3706082,50160718.77685347,9293700.880574206,1196374.311413152,334343396.2474937,323842765.14746165,667779.3200221969,588251.7944510661,348996525.53867716,9562609.442960607,1122777.757097147,323654053.4741443,334343397.1664211,4186.8162625827445,0.9998737466775449,23.36480850069139,36.81336909735677,56.48797367234955,77.53448301775016,31.5,36.0,0.0035782800702531302,28653939.307183076,1069525.3707875689,130097.08299779156,29854149.879918046,62011.61311366433,55526.978601067916,31163675.639265634,438.4589212629328,0.9998530536669821,26.052602982508485,39.812376867612535,59.970383960333606,34.5,11.19922682750367,7.768221694426495,270.68682606945987,0.5581692231701456,0.0034995872300511836,0.00337024406050961,1.3246273973789957,0.009853215752995814,0.07654196437228697,2.3097395151227307,0.005499761782577515,8.235897126006693e-09,2.068246173985381,1.407295459918132,0.012096138022459473,9.297778046772047e-08,2.147864506708937,0.00707461910700675,0.009521232777429823,0.023582063690022494,0.03173744259143275,0.7388588190470876,0.8425702563055555,0.007152859303072315,0.009630227550977475,0.025153653611741756,0.03568372573865009,2.9909368966861902e-09,8.865863599227448e-47,0.08929187839504649,0.003198882893430518,1.027374480099384,1.1398840398906693,0.0072682831269622284,0.010853101283076165
iso,1000.0,140.0,124.7413704210835,146.31670394661856,168.36903185173477,214081304.57257217,46988896.03438132,9436745.044699615,1233013.2918848332,271746810.10101503,261070200.6069535,703837.080412779,619174.3914340336,283820425.0387074,9709061.504316647,1158095.9985667674,260875526.88118133,271746810.310397,4338.726820716466,0.9998387699764055,25.27026876572057,39.02293481627714,59.15312138176758,85.24116851912633,33.5,36.0,0.004537360683006699,18107545.137358345,902808.6760720821,111550.44835422434,19122386.70494418,54000.466174714784,48355.95850823407,19976239.630248334,377.7190677752489,0.9998020466495867,28.545068605927394,42.593739394984816,63.51333209843235,36.5,14.2109253564438,7.653400905576801,211.7334844037822,0.5708268394551251,0.003518799715519786,0.003386082918966098,1.456617580571011,0.01278664078871666,0.09786128819164934,2.344573766940561,0.007298957748671119,1.0370237590197014e-08,2.1660927951939377,1.5587368020267591,0.0163886631906025,1.4691705351609977e-07,2.26116712682557,0.010653597027360084,0.015625202035032534,0.03551199009120028,0.05208400678344178,0.9015613280197387,1.0663688435578789,0.010806838331162433,0.015867396494051122,0.03865136162620535,0.05988765852562524,3.679896001827124e-09,1.090810576702207e-46,0.07036839438091624,0.0033222420374924943,1.0320726584534188,1.153853109429035,0.010995286206118962,0.018029187953579173
iso,1000.0,150.0,133.65146830830375,150.37289802056006,156.19800123018334,165622074.9089635,43544515.18428126,9545806.876052948,1266435.2048594414,219984829.69530585,209166590.09324476,740122.6259909816,650179.7802575368,229938192.27212745,9820532.110386666,1190421.7472108528,208969585.3143309,219984829.7274637,4481.49877680736,0.9997939342143838,27.2018579875956,41.27302730846939,62.011689281678095,122.71021034866078,35.5,36.0,0.005756920632270604,11251426.982258955,755549.3528973649,95085.49607095191,12102475.93321076,46821.36933165152,41928.339268281066,12656231.87642934,323.5901662593601,0.9997316236201924,31.161550458030213,45.52856000757113,67.71375668576651,39.5,18.17684504471015,7.5375406806638905,165.16169898835025,0.5844141280588658,0.0035386719822785963,0.003403149582538857,1.5800878553655946,0.01636390287798396,0.12334358363723702,2.3405295412194884,0.009563296032076962,1.2921231828674686e-08,2.2586638268704116,1.7001660231091658,0.021893881180538494,2.3025468746780777e-07,2.3683771083698546,0.01603296989614227,0.025715789245153907,0.0534432329871409,0.08571929748384637,1.096214750025605,1.347286653970347,0.016331776598182725,0.026254435116499393,0.0590689923083517,0.10018870854299602,4.54576800311671e-09,1.347476073935832e-46,0.05501504785567952,0.003434552073176377,1.0365257835007113,1.1685748334042902,0.016618586683442182,0.030050824133015564
iso,1000.0,160.0,142.561566195524,154.32251638824803,144.02697060863187,126674566.52773254,39878212.23573074,9619621.175830249,1296765.784490147,177475180.2954833,166552778.76346326,776453.6089803167,681101.5592274622,185696002.30524895,9895722.418863244,1219956.472537236,166355051.25380996,177475180.3018814,4615.600818444911,0.9997364624469295,29.16808085110137,43.56158332806281,65.17073716386194,139.87193963891042,38.5,37.0,0.007306744426635465,6851316.15030035,627125.9817640469,80510.54259117358,7559307.828543894,40404.42604853019,36182.06243505153,7916973.009647869,275.32757813490434,0.9996336214726922,33.97433217666185,48.7106881546869,73.2421371790784,42.5,23.477702498810572,7.418163935912624,128.4370552920991,0.5987616408969313,0.003559317244215878,0.003419770495561021,1.6952488091360751,0.020681767169790043,0.15342073934987818,2.3003603668723414,0.012383448847231767,1.5948729845553067e-08,2.3459109834323275,1.8311346485736943,0.02885253977614238,3.583697096994289e-07,2.469061420184813,0.024033711000732587,0.04215900059580897,0.08011237000244195,0.14053000198602986,1.3277758645769644,1.6962413298586012,0.024611311023092886,0.04334864816303083,0.08954425724093171,0.16618806353703222,5.634590697894053e-09,1.670229573226794e-46,0.042593605573231115,0.003533598223255374,1.0408060269400792,1.1841446359039476,0.02501443125929856,0.049922354410598516
iso,1000.0,170.0,151.47166408274424,158.1735428878686,131.85593998708043,95724874.71764371,36090518.61018006,9658345.773618607,1323631.900527338,142803538.55209744,131815393.32782376,812575.1480925482,711712.9152436901,149618426.86727703,9934702.415991861,1246332.7171400292,131617900.28152609,142803538.55301407,4739.334322008367,0.9996630749186365,31.162317844899192,45.92099071330272,68.82780259252108,151.1881287742772,40.5,38.0,0.009268901274770947,4086885.287382537,515903.3860548132,67715.45959548427,4670807.038493525,34700.37433949551,31076.159283927816,4902081.498496017,232.88128694568138,0.9994974959908509,37.002578101985655,52.21587440735828,82.8030221977015,45.5,30.573632645324576,7.2968517680562845,99.58614118873095,0.6138981296603809,0.003580553113082425,0.0034391155038577263,1.8019430411040505,0.0258131802076529,0.18835494963736754,2.2261699175250866,0.015846663050064477,1.950178157338824e-08,2.4275307256533414,1.95091018987833,0.037399679719918005,5.523063705590219e-07,2.5619590295649,0.035721325181407075,0.06814671252599257,0.11907108393802358,0.2271557084199752,1.6000632401164256,2.12103245963554,0.036821665440605354,0.07071815932130837,0.13412137850069564,0.2705245915017286,7.002627596900766e-09,2.07574894606083e-46,0.0327079222675531,0.003612679288521985,1.0447222880724836,1.2005331384028575,0.037318864576500826,0.08181238666066717
iso,1000.0,180.0,160.38176196996451,161.9330116900187,119.68490936552897,71501668.3069567,32269769.657799248,9661559.782472119,1347182.458345755,114786526.95452653,103771437.96475594,848620.631098977,742130.3841671878,120472760.31372833,9937196.525064042,1269546.031664606,103575034.87139596,114786526.95467526,4853.62999112126,0.99956993855614,33.18994311800717,48.35118234214042,73.37976794421868,160.33584576136812,42.5,38.0,0.011736416233583324,2379918.218735294,420600.76343680685,56558.84378314987,2857334.8799330615,29644.99368213647,26548.92109385009,3007698.7255634293,195.79395786934262,0.9993077599316108,40.34218334312943,56.23725457295827,128.67523116085044,48.5,40.17258451596532,7.171678730389521,77.0284955255281,0.6299225660502018,0.0036028007647020397,0.003461774406492977,1.9000155624192585,0.031790759277000716,0.2279931121297994,2.120655914652897,0.02002571666045255,2.3597961122532373e-08,2.5031475739801814,2.059018899577161,0.04756398466726341,8.409645863629513e-07,2.6463297178029213,0.05238191362660527,0.10761164996091413,0.1746063787553509,0.35870549986971384,1.9152608467196548,2.6249498120933032,0.05443420371252731,0.11298064872188344,0.197599214791108,0.42846528427655023,8.711823822286711e-09,2.582396231577804e-46,0.024892598075251588,0.003664199750580752,1.0482721085133972,1.2174331422296731,0.05491049904532816,0.13100998915243536
iso,1000.0,190.0,169.29185985718476,165.6071583002953,107.51387874397751,52710650.163018905,28520070.673464507,9629102.774565289,1366954.6287420432,92233298.82645887,81230720.83648342,884141.1424811729,771928.0852392903,97018028.68236148,9902836.384629399,1289354.553102016,81036219.5499889,92233298.82648101,4956.383427733822,0.9994523939641194,35.28412969951949,50.91908451664055,80.10166259694633,168.21178056316327,44.5,38.0,0.014820619517404774,1348010.7593712588,339368.558543199,46855.36028621388,1734451.3714037668,25184.53223034962,22554.676468049056,1833309.5624447102,163.5060929901298,0.9990454271438185,44.03434707266483,61.028351939480544,146.9978680063976,51.5,53.17721808009553,7.044200716030048,59.424591810510194,0.6467962607470116,0.0036258580376548376,0.0034895920550255108,1.989460024036148,0.038606606117033544,0.2719526824530977,1.9867614471948862,0.024970608476629998,2.824278531655564e-08,2.572580019655444,2.154774800820352,0.05910735036353942,1.261485345593008e-06,2.721135632703459,0.07546388077714954,0.16416181326878773,0.25154626925716506,0.5472060442292924,2.273590521635931,3.2007014528226296,0.07919002588953662,0.17481953382738485,0.2853034981625492,0.6530306751315951,1.084207127711593e-08,3.213853330791183e-46,0.018805045395451112,0.003679458100937453,1.0512293550996374,1.234489842747583,0.07932984672267883,0.20265609104734386
iso,1000.0,200.0,178.20195774440498,169.20154102607458,95.34284812242606,38330025.91797227,24875610.128851708,9561311.445616608,1383064.5343462713,74156695.09723316,63205636.04682398,919169.3847079085,801167.62200365,78225981.31566979,9832046.620252969,1305776.9451319682,63013853.60457501,74156695.0972359,5047.498916497021,0.999304986656124,37.43310003336033,53.64328096005469,110.94203611411282,175.1874180072222,46.5,38.0,0.01865056867128204,739233.381181045,271034.299555552,38508.09773232218,1048957.2600578186,21259.313895362935,19040.307610031323,1115101.5038759653,135.42679528814716,0.9986891145047868,48.2400637406155,67.26807099497778,159.51529522026087,54.5,70.69563071916356,6.913134715102736,45.69970126281865,0.6645889341254559,0.0036495035417004646,0.003516839399066842,2.0704251600528796,0.046202081959634315,0.3194012167051698,1.828490883276627,0.030705392403930325,3.3405586516230425e-08,2.635783012848149,2.2371995492579706,0.07155714069730452,1.858236186962886e-06,2.7858917224557067,0.10643080186629109,0.2393628066291326,0.3547693395543036,0.7978760220971086,2.6728701537838124,3.824476581308246,0.11298530717840234,0.2591441145600262,0.402488714080745,0.9496873311677232,1.348495909491132e-08,3.997269488002482e-46,0.01414514574418994,0.0036548864428245604,1.053548554427576,1.2506742183150736,0.11213001745279873,0.2993648910745925
iso,1000.0,210.0,187.11205563162525,172.72113967577252,83.1718175008746,27468347.80631477,21443755.072254825,9458752.954903482,1395354.9882535355,59773044.165552095,48912102.878569596,953483.9415786986,829618.7763162616,63280054.633168116,9725493.530003892,1318640.1470901836,48723770.99703806,59773044.16555248,5126.853746047933,0.9991223955921875,39.67161508058012,56.617231648255064,135.58794834565663,181.4282678780627,48.5,38.0,0.023344218246419763,391111.77173143136,214063.5406477359,31380.809497111615,636706.9817151898,17821.78196104533,15961.60736728795,682039.1980156958,111.23480577271899,0.9982202995653979,53.09943963278012,77.0378235763545,169.4457494155047,58.5,93.87841798833868,6.7787430686310985,35.053519205022745,0.6833271458556257,0.0036742289877537498,0.003544676111142301,2.142891542156981,0.05441597719376628,0.36887192822503106,1.6518703204044491,0.03718391438476113,3.899794507623813e-08,2.69251793703543,2.306335023577035,0.08417067443228898,2.682234008018063e-06,2.8402206576162135,0.14631688330758535,0.3310136873330539,0.4877229443586178,1.1033789577768454,3.106305569101923,4.463098907894265,0.15741620214690996,0.364898279124781,0.5525259594371783,1.3078423264806045,1.6729949326829028e-08,4.959163428623e-46,0.010652075540133381,0.0035812721877582277,1.0550887341670487,1.2649099884993387,0.15437729519626803,0.4187025194375769
iso,1000.0,220.0,196.0221535188455,176.17043649885488,71.00078687932314,19383899.904258292,18257051.714928824,9322262.148078037,1403810.2886293174,48373994.7719038,37640951.61918712,987051.439972386,857320.6397200224,51442352.873276964,9583775.368503328,1327927.2911661703,37457040.209136374,48373994.771903835,5193.772368560073,0.998899091095354,42.00892800103522,59.937484733828164,147.5642061863152,187.04758527117576,50.5,37.0,0.029019937163524634,198291.74788021785,167104.04950789848,25334.49292311859,390854.89063181094,14862.46730932899,13312.21082454932,422814.5885425786,90.69302098765395,0.9976284173501309,59.005549129466296,122.58589424983691,177.53195654555324,62.5,123.76458867818688,6.640685157807405,26.813417684764087,0.7031230985891581,0.0036997679890430784,0.0035798238102841,2.207110369382449,0.06304249580587103,0.41864536620918336,1.4638732124938116,0.04432663499381804,4.4908130618864336e-08,2.7428644042035684,2.3636903612713662,0.09618830544123136,3.7967330048061177e-06,2.884492707682815,0.19555601206637713,0.4339278868244606,0.6518533735545905,1.4464262894140478,3.5644905565646967,5.089388456710599,0.21357980309258115,0.48750455292445427,0.7364131569035476,1.7021905094988643,2.067226419309104e-08,6.1277613321164076e-46,0.0080798555603025,0.003454419059162642,1.0556976280338413,1.2753742560912065,0.20644801808623156,0.5534204558559757
iso,1000.0,230.0,204.93225140606575,179.55348312270743,58.8297562577717,13452855.326056357,15351400.413958585,9152218.941386303,1408422.2609149911,39371990.49003561,28804255.74001494,1019702.0668456639,884060.0279323206,42100661.308071405,9407811.084976356,1333595.5648134083,28625229.721360322,39371990.49003561,5247.90496975507,0.9986302854935624,44.485250453910325,63.780853080044686,156.60299305619012,192.1057544541449,52.5,37.0,0.03577218838533041,96198.9419873637,128481.84376575607,20248.971353608213,245031.6793769944,12280.993352432934,11003.839820106836,268187.1478277481,73.18377873584703,0.9969370647209611,66.55698706366253,141.10259254821514,184.0459684456292,65.5,160.68122534253902,6.498206678045902,20.451434587026522,0.7240030885220513,0.0037260877759385403,0.0036141973563909575,2.263517128738772,0.07183904564698801,0.46682496616770186,1.2723371961027201,0.052011690924895944,5.1006752477994266e-08,2.787051977486308,2.4102662527917462,0.10716717839979052,5.292475184458896e-06,2.920171365920846,0.2537367181799385,0.5411521688753385,0.8457890605997949,1.8038405628610004,4.036127226985766,5.673405276636607,0.28173637614090896,0.6195516367053246,0.9518339872808113,2.1066807719691036,2.5398766675336956e-08,7.528811496545834e-46,0.006223502452562256,0.0032632803718235345,1.055286050368891,1.2814086548973778,0.26776481916167166,0.6934370728133461
iso,1000.0,240.0,213.84234929328602,182.8739563382269,46.65872563622024,9169562.604542445,12752223.835184729,8950888.48068431,1409208.5908076311,32289084.76579388,21921786.439727172,1051318.7508078387,909760.4494488242,34756990.588580154,9199486.987399478,1335745.2425144222,21748407.547537085,32289084.76579388,5289.222101193913,0.9983128971953664,47.11810706725247,68.47420605701562,164.00377677373618,196.64384325749856,54.5,37.0,0.04364349751717044,44489.770073674124,97306.00315699074,15991.267448244631,157869.71665033238,10061.909653898401,9019.740966113752,175049.19943694305,58.408666891364454,0.9961895584491145,78.19806171226702,151.03115701537496,189.12568296263981,156.5,204.5299469138301,6.3517129678825395,15.556097644255477,0.746034872101736,0.003753328028012239,0.0036525351777401487,2.3126508109233055,0.08054712381284848,0.5116122108477102,1.0850970673150613,0.060090963211881114,5.715770137810907e-08,2.825404099670467,2.4480350032993274,0.11674866303859177,7.300776090228378e-06,2.9483314812394044,0.31950305911615046,0.6463371548403374,1.0650101970538348,2.154457181931702,4.508988053507849,6.203384169054903,0.36107845806761474,0.7538818056553891,1.1928582924128417,2.4932972966531923,3.09702181790972e-08,9.180325078687169e-46,0.004889259568533048,0.003013588147907924,1.0538568417620313,1.2832747406756793,0.3367104848134539,0.8294281447667903
iso,1000.0,250.0,222.75244718050627,186.1352049239881,34.48769501466876,6135780.470050208,10473432.64135584,8719579.932503805,1406166.897666869,26742254.334241144,16609213.111406049,1081871.8326003035,934401.5133617547,29012329.84900166,8960263.528299334,1334319.9868069692,16442144.73265484,26742254.334241144,5317.431195097893,0.997947333812513,49.966438663166926,74.82742016722534,170.2278042915032,200.68679808678203,56.5,36.0,0.05258221240781462,19774.567474937277,72348.27613946133,12441.177804161562,104630.34795940793,8163.215570221327,7321.420034146298,117586.54950109059,46.05944620901541,0.995444837934614,118.37687381734709,157.46191471212921,192.93261724164898,157.5,255.58793271542964,6.200956619709545,11.811694002301063,0.7693765472614664,0.00378150787358218,0.0037021773126342246,2.355105709751094,0.08892130547623062,0.5513971578260468,0.9095695429939437,0.06841396698528443,6.323666530891179e-08,2.85832541118432,2.479796188438031,0.12495942046834053,1.0044018535491209e-05,2.9705955500649623,0.39066847696406465,0.7477126183337357,1.3022282565468726,2.4923753889423046,4.971045178270101,6.692551379384107,0.4497156493643887,0.8886468456194553,1.4505574146342013,2.8488659985238076,3.739400528846166e-08,1.108449164151908e-45,0.003912547784927683,0.002705391820570101,1.051419958419949,1.2842578403649827,0.41075663380554167,0.96025579243493
iso,1000.0,260.0,231.66254506772648,189.3402892080668,22.316664393117335,4015803.96043229,8501062.417040333,8458313.319369184,1399219.7227600198,22381772.139942385,12516866.377472624,1111050.9485072743,957697.0245630026,24502060.868660055,8690062.647644589,1329279.370142459,12356833.515171371,22381772.139942385,5332.612315025996,0.9975344942700453,53.08146958707645,86.93249432075558,175.54935717439815,204.27896584460225,58.5,36.0,0.06251603823018911,8665.761312866654,52652.28208544753,9558.561149836765,70929.22275358044,6552.041410708041,5880.595851578161,80780.79493438939,35.866060507605354,0.9947428312374,130.22707520920233,161.79040899693993,195.79491574805053,158.5,315.55078811028665,6.045021508619679,8.945604592238436,0.7940503771028038,0.0038111328966312697,0.003752244709782272,2.3919045826478715,0.09683639987688715,0.5853781200730789,0.7501812842142936,0.07689297983952013,6.920742918479828e-08,2.88655777812957,2.5081155861158,0.1326506517866113,1.38776798837424e-05,2.9901033775700383,0.46537600150163644,0.851095938315742,1.5512533383381777,2.8369864377715714,5.416687461432044,7.166485980928073,0.5459657531180329,1.0316716788308637,1.7172170529782416,3.2024766175965964,4.467921457458704e-08,1.3244004665487422e-45,0.003169061963015902,0.0023524626091373955,1.0481014513360742,1.288926612485372,0.48776126259084424,1.0970002046733685
iso,1000.0,270.0,240.57264295494676,192.49201469851602,10.14563377156585,2568836.3027114104,6821104.936540601,8172962.667030247,1388458.903773208,18958797.880963296,9389941.239252012,1138866.2801106584,979690.3747262639,20966970.370055113,8395264.240550725,1320630.889997863,9237247.251205118,18958797.880963292,5334.915498133771,0.9970809632449084,56.53247254550061,125.71081070977715,180.1073063403094,207.43895626304297,60.5,36.0,0.07323559818987112,3908.351311147438,37318.28861361046,7210.0405050552745,48477.90255768574,5187.743314736668,4660.008729787323,55954.99454661079,27.50376210626934,0.9940698002340508,135.51605587738084,164.82237391107128,198.00750338207035,160.5,391.0812324935776,5.886355472833804,6.762851398578934,0.820237658468487,0.0038423287024454706,0.0038146473777762066,2.4237254873868586,0.10416325424234481,0.6131419416776054,0.6100455679425024,0.0854386237581986,7.502076868049595e-08,2.9106105295550684,2.535540799130066,0.14013815895162,1.94365286649032e-05,3.0079554476857346,0.5413309894733851,0.9625882628475966,1.8044366315647593,3.2086274633960077,5.839473445948319,7.662742528375321,0.6474073439931642,1.1928180981264245,1.9837679084023978,3.5657975607490178,5.274596028074698e-08,1.5635184071502538e-45,0.0025570135228016144,0.0019683889689589493,1.0441139279620275,1.3022708242141203,0.5652112257466271,1.253550610437378
iso,1000.0,280.0,249.482740842167,195.59296083446623,2.025396849985571,1600114.9198944613,5417272.810797853,7863512.9906292185,1373911.839507869,16262294.27646926,7017387.730692315,1165251.942271877,1000290.6923928269,18187178.50236661,8075417.273574949,1308429.609689362,6872744.40200651,16262294.27646926,5324.487682702666,0.9965949805082444,60.42746012397926,137.25279262163806,184.00679432497898,210.2070243463302,62.5,36.0,0.08448450238019932,1877.03189457169,25575.055615830715,5319.2585754454585,32803.07764587473,4048.0365414015396,3640.4994452732662,38425.77806889026,20.623498943684698,0.9933847297627839,138.72125282059724,167.27815650189964,199.93257292752173,162.5,495.7551377352053,5.723448015009395,5.107596811456201,0.8481271568991404,0.003875421646129697,0.0038771378851342256,2.4514504408438293,0.11088208704530245,0.6346278609995353,0.49045130101200946,0.09404210923677539,8.070538724305635e-08,2.9311628685492157,2.5628966264898563,0.14814555399037688,2.7850790084588153e-05,3.0259535907130926,0.6171372395646165,1.0900134943335407,2.0571241317513285,3.6333780587182125,6.238730711154733,8.19859035168256,0.752571833248419,1.387412850386256,2.24455824059343,3.97592508091988,6.14919385296668e-08,1.8227704504904003e-45,0.002017124834184016,0.001572659747821472,1.0397870249513852,1.3284678226366402,0.641691294313603,1.4480478534618346
iso,1000.0,290.0,258.3928387293873,198.64550569618322,14.196427471537058,967940.7300825085,4258873.402415041,7532930.414102836,1355612.2854287995,14122869.106634958,5226814.132497549,1190056.3297267735,1019415.9034308874,15986054.403971925,7733972.320617397,1292716.6321249632,5090441.569440694,14122869.106634954,5301.093908901886,0.9960860368693248,64.95301640843732,144.6436000790053,187.33835618156334,212.61267401331094,63.5,35.0,0.09598703175631144,926.9814951348859,16829.1170143652,3826.357283439808,21606.47476234763,3103.645137091057,2795.4011713634723,25768.029124443623,15.161308996889973,0.9925569318803381,141.36786743898386,169.64027761872018,201.89479806031832,165.5,653.6405990321973,5.556847260144195,3.8556851311245186,0.8778736682445614,0.003910479394353581,0.003962334898130658,2.475833558623114,0.1170157995615903,0.6502389251874054,0.39071848396045045,0.10272508920370362,8.631951836035223e-08,2.9488227275704615,2.5941259600992765,0.15746393197324554,4.115243828764706e-05,3.0456072186355754,0.6919147785737765,1.2543761044299857,2.3063825944942846,4.1812528174789,6.615605308731447,8.864620381057414,0.8605706531323813,1.6521926789075454,2.49609047695876,4.480931824081667,7.080714212172352e-08,2.0988957159137907e-45,0.001529892729246981,0.0011916216802192723,1.0354564603660328,1.3707145824428335,0.7164476274969499,1.719391618210016
iso,1000.0,300.0,267.3029366166075,201.65184734733202,26.36745809308848,564811.5206387499,3318949.7766093602,7185164.747973268,1333673.9938572801,12410127.135549616,3883761.29724811,1213234.1297148068,1036988.8296435843,14227734.80768681,7374978.636050286,1273498.6635321262,3755887.32959102,12410127.135549616,5264.507720705991,0.9955641930081734,70.450860099585,150.12123466510036,190.18757661174791,214.7029883633176,158.5,76.0,0.10746658590119389,422.70502004968796,10452.224575023969,2662.283760737098,13554.986595912778,2327.205202920176,2100.041112903914,16564.02188915781,10.82930391280291,0.991443058446318,144.37551337668492,172.45951873725343,204.20574689656524,168.5,915.5396095553226,5.387497080296349,2.912076950691236,0.9096931748709184,0.003947372255104016,0.004067674555399247,2.4974869318990853,0.12260893563588122,0.6605552827565532,0.3092024035885543,0.11153651192614887,9.19332132144746e-08,2.9641039292630813,2.63088966599675,0.16925550144149348,6.357530475813451e-05,3.068751536428593,0.7651671228585641,1.4824753556491364,2.5505570732467087,4.941581160348215,6.972024623727964,9.731721628947243,0.9710194266245835,2.0468766991685063,2.7365161882054836,5.163440981784372,8.057935177274977e-08,2.3885677512049548e-45,0.0010922520331869637,0.0008422334808386363,1.0314245422350792,1.4332945974672142,0.7892121494277271,2.1248239181301942
iso,1000.0,310.0,276.21303450382777,204.61402235401908,38.53848871463997,316752.8130749959,2563601.1866695625,6822885.287210967,1308199.8370187816,11018964.927237209,2880353.9997445582,1234725.3369250044,1052984.501191006,12802669.717700588,7000920.074640127,1251006.3473413824,2761263.924352357,11018964.927237207,5215.0206732106235,0.9950366278908661,77.91618882825074,154.40386751571344,192.6261271468711,216.51768163014543,159.5,77.0,0.11872257019215209,153.00624805807047,6005.604090959178,1773.6754973368827,7945.045900565656,1701.565023223996,1539.3320211643322,10062.486634339464,7.4466552230391345,0.9898400913092102,148.3799051700098,176.0275577679292,207.06149076303626,172.5,1386.8975793396867,5.215476331780809,2.2017691167952695,0.9438354156493276,0.003986409817245492,0.00419843158132367,2.5170309106570907,0.1277415016656987,0.6662327785235903,0.2435688159983082,0.120566953320314,9.764677998799103e-08,2.977497039918238,2.674158411023756,0.18440224300018923,0.00010396616702269571,3.096049488827155,0.8371147540571862,1.8092637870078871,2.790382504662153,6.030864194607463,7.312515506582237,10.882283459333884,1.084590330544658,2.677727280214893,2.9663511580994513,6.111478579087311,9.075262573239995e-08,2.6901283069751633e-45,0.0007210337770407735,0.0005450243403637883,1.0279749273533332,1.5216813594746719,0.8605329784883393,2.753122979062455
iso,1000.0,320.0,285.123132391048,207.53392192408052,50.709519336191384,168979.34179982485,1966071.3575916912,6448552.673590426,1279306.811394427,9870418.887764895,2135050.699391516,1254405.9835420526,1067310.2495744845,11628474.455775892,6614505.760925659,1225210.4440045136,2024927.281391063,9870418.887764893,5152.667086626518,0.9945084262334095,94.5571384664625,157.84727870311724,194.7297366059556,218.11005288110974,160.5,77.0,0.12961018432360769,37.419964149411705,3094.084695641578,1115.2591320569918,4255.622899017926,1200.944935432548,1089.7129138603827,5693.348248986118,4.883709507571184,0.987360362443198,153.70324840706186,180.63152497869362,210.6258284609583,177.5,2319.3828781311195,5.040661564649681,1.668912164287111,0.9805356872717399,0.0040277023781419416,0.004378990825713873,2.5349559850689602,0.13249565499404953,0.6678657556115899,0.19149304654990004,0.1299167181301097,1.035683182595042e-07,2.9894055729062243,2.7260071251698967,0.20392795545309259,0.0001828525313905894,3.1278532114553195,0.9082220056683091,2.2983548242837846,3.027406663477599,7.661105697710037,7.641525223554586,12.47486633717846,1.2024572607101651,3.7857021473239776,3.1870747939417776,7.451428479949984,1.013128228265543e-07,3.003158204468028e-45,0.00043114916878483054,0.00031347045457988837,1.0253000934758216,1.6448041754562428,0.9312001073085155,3.780343611661968
iso,1000.0,330.0,294.03323027826826,210.4133060300362,62.88054995774288,85143.46470443669,1497574.8250143833,6067970.686307876,1247470.6818374174,8905635.604588265,1582718.28971882,1272256.0660062532,1079944.7833468684,10643820.413577123,6221929.465335757,1196506.801750177,1481434.6607523605,8905635.604588265,5078.300504669169,0.9939821383080389,120.31438048240197,160.6833513129779,196.55812756632707,219.50738578234967,161.5,77.0,0.14007654672000155,4.881113874028151,1361.5627567083422,645.0860918533781,2017.40770127917,812.021172838937,739.6707535405607,2953.485862711028,2.9893198757694748,0.9832928179855875,160.49382700539385,186.3925320448258,215.0568235677373,183.5,4414.395562652756,4.864219075169186,1.2687418732660005,1.019868510362367,0.004070877639536399,0.00463398593384791,2.5515856445641387,0.1369397508257,0.6661049481152853,0.15045987572489614,0.1396605396840004,1.0977392320274774e-07,3.000133964787098,2.7844753313460417,0.2270074999967291,0.0003519026419319016,3.1614251385694003,0.9788721660944096,3.0016118687528617,3.2629071722147533,10.004992506425875,7.96198878272246,14.602642177386851,1.3258175367565301,5.90740320713264,3.400234569807141,9.205753817778561,1.1228844794466898e-07,3.328502397858642e-45,0.00022653157964826038,0.00015288776873004467,1.0234749516727701,1.8173351729710718,1.0018511428872958,5.454934824692004
iso,1000.0,340.0,302.9433281654885,213.2538158153073,75.0515805792943,40316.05703358552,1136648.4151806736,5681366.547814837,1212294.567776365,8078052.979184323,1176964.4722142592,1288213.1466892152,1090844.500484041,9800138.220284939,5823184.41473996,1164605.5520888485,1084520.6519566956,8078052.979184323,4991.170641832924,0.9934571673901099,127.26941470725775,163.05077660802021,198.166058376876,220.75908258018478,162.5,78.0,0.15007261909524833,0.2527265454103378,481.8085513914959,328.61610653253774,814.3255941429377,516.8444384603673,473.1043977253296,1390.4600897164487,1.6538779614141472,0.9762866266092941,168.53633168905262,193.27508909689115,220.35191327651725,190.5,9919.930108160632,4.686457152271009,0.9708568391699474,1.0626238712362648,0.004117126954538707,0.005032857271864699,2.56726165889022,0.14111510846061093,0.6613299093387293,0.11864422402586117,0.14995228284233977,1.1640331666209594e-07,3.009877835653935,2.8415143305950665,0.24595863944361368,0.0007484679982332522,3.1862646548932525,1.0495759026816776,3.8138305787189806,3.498586247619881,12.71158065230344,8.278254690192362,17.085330749929092,1.4565131983128723,10.203022373864833,3.606498258382713,10.77999476945918,1.2379220618839943e-07,3.669501740173096e-45,0.00010080716185463341,5.96441435371901e-05,1.0226015471286405,2.062390808581873,1.073297941911223,7.865609131038512
iso,1000.0,350.0,311.8534260527087,216.05698453206352,87.22261120084578,17594.36455086036,860502.4286478277,5294853.306573535,1174280.8664399234,7354594.1018485995,878096.7931986881,1302253.9368790202,1100010.3104538848,9062942.218983836,5424662.50343712,1129995.421990774,794227.9120490361,7354594.101848599,4892.079684894554,0.9929304344577975,131.63842706715843,165.07370760469493,199.5970012871677,221.8875716965604,163.5,78.0,0.1596663051934796,0.0030658320093154804,125.2779226046689,137.54042219564107,264.887704830883,303.01577574819305,279.14050052063504,593.7583419405738,0.7846708273600442,0.9633324259212912,177.91094761623032,201.17846415070412,226.4885126220069,199.5,27764.950836597432,4.509017780921513,0.7477740788375622,1.1089799502797604,0.004166021796579136,0.005705019766799233,2.5821237481240007,0.145057080640788,0.6540649558578789,0.09393495492445704,0.16086539407674827,1.2352843751985733e-07,3.018795044608344,2.878696953696044,0.2416478429600196,0.0017569223585506624,3.180514019090604,1.1204990354183997,4.164662569587876,3.7349966125004737,13.881147779581562,8.591533513894257,18.951143176417762,1.5959607510810876,19.243566007747567,3.806588854605201,10.392000434393777,1.3596943436329776e-07,4.0304643674185393e-45,3.601663139564734e-05,1.7033968274765825e-05,1.0225820137672743,2.405661819364916,1.1458021600624355,10.018769734195738
iso,1000.0,360.0,320.76352393992903,218.82424721768763,99.3936418223972,7037.210677509138,651120.772013649,4909767.999071729,1134065.7350765008,6709274.821877667,658157.9826911581,1314312.4087711025,1107364.5341730663,8405103.717161141,5027664.056143643,1093200.743868745,582747.6227982142,6709274.821877667,4782.424830750749,0.9923959643503661,134.81499198014095,166.85016545042967,200.91178336664873,222.9324805368414,164.5,78.0,0.16902955463659478,4.670675325977375e-06,19.902163641547347,42.3278046814173,63.25484861328935,157.35114161641803,145.96129470293883,230.9089178785972,0.2911995557961127,0.9366957271674613,188.66169852165214,210.30394635658905,233.78997100747802,208.5,106067.36035201103,4.329350448755539,0.5803525865692085,1.1589384707778363,0.004217061394971201,0.00687962813067777,2.596465891195633,0.14887314561293366,0.644524019767003,0.07482146050012096,0.17253481571653945,1.3127382391364738e-07,3.0271817135163874,2.8632294494219224,0.1915825286073131,0.004526162650042217,3.106945010204818,1.1929709089461429,3.1592477878183494,3.976569398872124,10.53078270970129,8.906943778632428,18.10241067605104,1.7478022855787638,39.16230077867832,4.0052952196135125,6.539499127615995,1.4904740475664977e-07,4.4181271823400374e-45,9.427971024085545e-06,2.9663658398147863e-06,1.0233606810767957,2.867834622377913,1.2208395218839287,9.060200186576292
iso,1000.0,370.0,329.67362182714925,221.55694928321927,111.5646724439487,2544.780116209999,493531.56979021477,4531331.234839824,1091283.0008773082,6125878.29943242,496076.34990642476,1324397.3876985258,1112950.684730021,7809734.849732328,4637748.498501129,1053860.8226857367,428664.1698003665,6125878.29943242,4662.486338686752,0.9918490251671305,137.2995963083066,168.42569197561176,202.12076391903898,223.9091234052151,165.5,78.0,0.17814310822636137,3.3013607278585525e-10,1.373724439079491,7.625414772223519,9.415588022670903,68.7422148388001,64.30385742520542,81.88517414862926,0.07132847795043427,0.8692995821005965,200.6453330034234,220.88953151371237,243.9383964493535,219.5,650610.2735891266,4.152297095434438,0.45458084613030464,1.213614971216276,0.004272481414022274,0.009354045659294069,2.6102906125056218,0.15246947002941663,0.6330985375455748,0.06002220080187982,0.18503923148111132,1.397157931598337e-07,3.0348707736768077,2.732543659699925,0.09721647389631889,0.012749007995006575,2.8822854613236233,1.2660301186687923,1.1152141405332032,4.2200999094220375,3.71738046843103,9.223662396907123,12.547126549614953,1.9126031918688717,82.57089711311939,4.196984459690741,1.6980084870720458,1.632418979157083e-07,4.838886444589307e-45,1.5370184588132095e-06,2.2424938464852792e-07,1.0248422629403464,3.438918077631248,1.2974811717671604,3.8351300683096277
iso,1000.0,380.0,338.5837197143695,224.25635415966775,123.73570306550012,829.6961835185642,375714.95032366726,4160820.0545964106,1046613.5230447642,5591056.257122456,376544.6465071858,1332434.708937407,1116693.724845216,7262845.006731308,4256153.942918423,1012599.2264966174,316766.6581246175,5591056.257122456,4532.422233333218,0.9912824217482238,139.33268673914597,169.86745727035122,203.26344184130386,224.83946980510777,166.5,78.0,0.1871942393195349,3.151737967002781e-16,0.022054323690571528,0.5399551091755438,0.6884228084465681,23.043500732765597,21.804440789619264,24.873085142979125,0.006845408030719008,0.6522989136534486,214.13034590497494,235.3952474496523,272.7255026348753,227.5,8121544.185525639,3.975507637711318,0.3597742989329604,1.2730914321278248,0.004330559593905959,0.012677735453177293,2.6236725396869502,0.15592195475542187,0.6198689220170581,0.04857975255769659,0.1985029046797499,1.4897758467884137e-07,3.0420678760194826,2.28069798858957,0.022231814512154738,0.041173449670844756,2.3311129340590018,1.3402963273739779,0.0837636617976882,4.467653661792384,0.279212205992294,9.542732898966651,3.9826211831976748,2.093877086692104,143.7831101087391,4.385107299269164,0.0940976403700441,1.788570806680935e-07,5.301758397899466e-45,1.231292937840833e-07,3.9445719514047975e-09,1.0269427125108967,3.921870025791632,1.3764075460018257,0.328510194454901
iso,1000.0,390.0,347.49381760158974,226.92365012551173,135.9067336870516,241.3314307979613,287709.32419299276,3801424.2099643834,1000320.5306269192,5096649.055593896,287950.65562379075,1338430.0040076638,1118620.5327080113,6755940.453576959,3886174.2115333574,969679.8671357718,235338.26424239387,5096649.055593895,4393.043918775597,0.9906904076171289,141.06614257900966,171.21677177606486,204.35903431775006,225.73719959836637,167.5,78.0,0.1962702394682255,4.518047214810404e-25,6.17778852585241e-06,0.014316349511641277,0.03739684958500576,4.880440085713968,4.67812620193343,5.153997076933443,0.00019176338868187755,0.10803416355540901,255.00624356078745,274.6233050225939,290.83940087713347,276.5,136285519.0250409,3.8002061275119097,0.28785838819415893,1.3380011336654714,0.004391636264850424,0.013394712704236927,2.6366065913832735,0.15920378994765963,0.6050072180822151,0.03968717475532429,0.21301485143380816,1.591527766083974e-07,3.0487479224747593,1.2480399690149124,0.002316914511045734,0.16183696194073394,1.288594935513174,1.4153116176216562,0.0016999853267094162,4.717704240960653,0.005666617755698052,9.863322123906764,0.4583200649658575,2.293948556572063,164.40066484342054,4.567627304301142,0.0017936074513693282,1.962073490036432e-07,5.81606250322315e-45,7.337536718161975e-09,1.2121275093626263e-12,1.0295528584010665,3.9238121350415445,1.4571381214506134,0.006670423054334972
iso,1000.0,400.0,356.40391548880996,229.55995642007116,148.07776430860304,62.962906777335064,221600.43001206903,3454640.803661723,952415.687432586,4635535.244361007,221663.39291884637,1342384.124206835,1118731.5788870142,6281590.956136804,3529348.348298276,925024.2614156263,175796.51958036338,4635535.244361007,4244.873934970145,0.9900641568200326,142.6086501690906,172.50650262758333,205.4232571113125,226.61510151919313,169.5,78.0,0.20545970146406975,4.9920882894552785e-39,3.415815752964789e-13,0.00021212812378908628,0.0010666800691276198,0.4437638692977192,0.43037714563644175,0.4659362499664512,1.497023862376023e-06,0.00749254510126068,267.3834340073357,281.7131220561845,296.5227375071386,281.5,4345759687.956072,3.627240551837561,0.2327380741873135,1.4094519251625113,0.004456955078525632,0.007057168260557835,2.6491270368833217,0.16227243134732644,0.5886011434282991,0.032706198761296844,0.2287151907632907,1.7037983885456782e-07,3.054855563916142,1.6858739404357614e-07,5.934145509240898e-19,2.7974345896450163e-15,1.6858739404357614e-07,1.4905740284987312,6.75757144248313e-05,4.968578425541877,0.00022525238141610433,10.185536617124049,0.010112856356732192,2.516012209536276,86.73839733819196,4.741487619505661,8.784447392492739e-05,2.1572481866392254e-07,6.39460772095013e-45,2.3010936448497614e-10,7.368762338976991e-20,1.032602259422792,5.518599205828237,1.539170109664723,0.00037292328395814974
iso,1000.0,410.0,365.31401337603023,232.16632873197682,160.2487949301545,14.414333122459993,171608.20222719718,3123635.95145041,903652.9695320089,4205575.886050702,171622.61656031964,1344260.4976336404,1117015.5946555217,5837550.891977983,3188948.613823092,879488.33235082,131873.2277309541,4205575.886050702,4089.511314766764,0.9893981979698302,144.00881584343603,173.74718484541708,206.47205372080725,227.4823986639866,170.5,78.0,0.2148702089835776,2.043365833662322e-71,1.0540984023695912e-37,6.324635834665716e-20,3.2806111648892356e-14,0.00017092584173118472,0.00017071819229141615,0.00017897993900072278,1.6622601865546095e-24,1.2732108777392517e-10,317.98616178145346,332.1227416271234,346.46934168924486,332.5,1.2819489036253086e+20,3.456676464050247,0.1899209346362254,1.4875848837522405,0.004525532978533422,2.6282306681495554e-05,2.6611616831256413,0.16512031907498156,0.5707675206829559,0.027157591412447855,0.24563049065628934,1.8272536542484382e-07,3.0604087061378924,,,,,1.5654373818781226,,5.218122273069682,,10.506741939694214,,2.7631004978205533,,4.90559816205965,,2.3777956386825833e-07,7.048363950023364e-45,7.800622920087013e-21,2.5064305838966927e-44,1.0359976327503697,4.7330492487152815,1.6217894218446716,
iso,1000.0,420.0,374.2241112632505,234.74376413907916,172.4198255517059,2.9224835301161147,133580.69171273877,2810428.304394521,853926.8688792072,3804438.6551283873,133583.6141962689,1344077.6257693588,1113485.853097608,5421398.856373158,2867016.3135231966,832803.4830217151,99463.95156561575,3804438.6551283873,3926.596951304379,0.9886900357178521,145.33900912356486,174.9691886674317,207.49983253308287,228.34168204082061,171.5,77.0,0.2244554180754401,0.0,0.0,0.0,0.0,0.0,0.0,0.0,0.0,,,,,,inf,3.291181489678681,0.1564344899600121,1.5739961754962488,0.004598282469385348,,2.6725245202362613,0.16761756498407698,0.5516598272206076,0.022707531736215748,0.26382940623093115,1.9629030434898688e-07,3.065185645842297,,,,,1.63747866537549,,5.458259109141278,,10.82068636377834,,3.0360494123268618,,5.051544814324114,,2.6285086727630603e-07,7.791538292875168e-45,0.0,0.0,1.0396689152049643,,1.7024356677022086,
iso,1000.0,430.0,383.1342091504708,237.2932055653574,184.5908561732574,0.5244296437035366,104333.33414250765,2514603.4503783877,804192.9552761707,3429455.0059318487,104333.85857215135,1341800.0605093671,1108118.294836233,5030300.569827259,2563203.3119228836,785908.3285998881,75308.68923572713,3429455.0059318496,3759.114437447328,0.9879241497273915,146.61366669773645,176.18697383638047,208.53839959827192,229.20742405833775,173.5,77.0,0.23449584668268775,0.0,0.0,0.0,0.0,0.0,0.0,0.0,0.0,,,,,,inf,3.126865802392958,0.12973734461068698,1.6685051164724203,0.004674393642451639,,2.6834031448585995,0.1698663065860827,0.5311491450428197,0.019084911078892586,0.28342280165515177,2.1122580777613044e-07,3.0694159763776137,,,,,1.707988394033342,,5.693290640694326,,11.131386132238678,,3.343749094970356,,5.184601285007487,,2.915915205973903e-07,8.643481081704094e-45,0.0,0.0,1.0435787237980452,,1.7824203485071877,
iso,1000.0,440.0,392.044307037691,239.81554581132204,196.76188679480882,0.08331616997565207,81457.42671139326,2237502.016527762,754196.2816939035,3079294.375283352,81457.51002756323,1337541.602796543,1101041.962899606,4662998.823992535,2278723.8887646333,738690.5049717907,56974.53018859614,3079294.375283352,3586.5310018237883,0.9870958678190584,147.87105314584042,177.40516863467414,209.5802399941436,230.0775464177324,174.5,78.0,0.24492503469224292,0.0,0.0,0.0,0.0,0.0,0.0,0.0,0.0,,,,,,inf,2.96673700313451,0.10800571682031097,1.7734661854768925,0.0047554344788979085,,2.6935758103072205,0.17169659594211492,0.509378644493707,0.016059289255010475,0.3044981070648299,2.276550549367457e-07,3.072803221877737,,,,,1.7737711564630025,,5.912565602975898,,11.431084744233607,,3.687996094529983,,5.293795090354843,,3.247497244910148e-07,9.626370801784642e-45,0.0,0.0,1.0476906476652346,,1.8583634517246352,
iso,1000.0,450.0,400.9544049249112,242.31163120676158,208.93291741636034,0.011500937841633346,63602.27508330039,1980668.4879562357,704183.7944254136,2754396.7221926227,63602.28658423823,1331170.7611740914,1092115.541099771,4319825.162130983,2015370.897382518,691074.2047890844,43183.50547192022,2754396.722192622,3409.745810423879,0.9862027281108997,149.1168308327152,178.61903777176462,210.61774581507115,230.94699880820934,176.5,78.0,0.2556580861252448,0.0,0.0,0.0,0.0,0.0,0.0,0.0,0.0,,,,,,inf,2.812715236612884,0.09032057693990986,1.8903740354608338,0.004842124793863083,,2.7028536944241743,0.17298289638503112,0.4865516283356047,0.01353031039193348,0.3270023759050745,2.4565020915623083e-07,3.075142550106209,,,,,1.8319124959260793,,6.106369289219741,,11.712266940863241,,4.070221152535337,,5.370618248387514,,3.6305590692249855e-07,1.0761859112557554e-44,0.0,0.0,1.0519688886340661,,1.927114952414216,
iso,1000.0,460.0,409.8645028121315,244.78226492820298,221.10394803791175,0.0014024586448031131,49475.718228660604,1744269.7643055178,655297.3069372147,2454780.1023998964,49475.719631119246,1322847.7648019774,1081522.4418572346,4000915.7639395995,1773101.2606674903,644483.054929856,32572.338654231637,2454780.1023998964,3231.3793824416834,0.9852380680301944,150.3764611999914,179.8555539836094,211.66645588092655,231.82211251335576,177.5,77.0,0.26694745745110465,0.0,0.0,0.0,0.0,0.0,0.0,0.0,0.0,,,,,,inf,2.6617990732451458,0.07550117955216869,2.0186986132826,0.004931165363008715,,2.711200988053074,0.17381722257193788,0.4626665219560294,0.011364869016354287,0.350884586170604,2.652494077601812e-07,3.0766305292039022,,,,,1.8824084450554488,,6.274688521664301,,11.971843598362701,,4.498868174660508,,5.420093595885396,,4.073684640927136e-07,1.2075390962859625e-44,0.0,0.0,1.0563540847941018,,1.9884898501852368,
iso,1000.0,470.0,418.7746006993517,247.2282100179514,233.27497865946322,0.00014610316409799856,38300.136879910366,1527413.6420829697,607043.2255422176,2178281.634813486,38300.13702601353,1312493.0400847937,1069178.176975482,3703987.120029042,1550968.6556348572,598390.6672024692,24451.056540357324,2178281.6348134857,3050.899391581965,0.9841892301291383,151.64978284687274,181.1016249124011,212.7184405404563,232.70314585885671,178.5,77.0,0.27867986207127676,0.0,0.0,0.0,0.0,0.0,0.0,0.0,0.0,,,,,,inf,2.516153014834598,0.06309293212489676,2.162108042491473,0.005025835497722371,,2.7184786869441004,0.17401114092595085,0.43783865685563933,0.009507704107559002,0.3762308872791154,2.866536246583136e-07,3.076930920508282,,,,,1.9217567820259216,,6.405849417453177,,12.203123310214572,,4.977720502759087,,5.430143420189565,,4.5907745996565054e-07,1.3608171225694352e-44,0.0,0.0,1.0608700727325915,,2.0387342571221905,
iso,1000.0,480.0,427.68469858657204,249.65019213687702,245.44600928101465,1.3089749545298522e-05,29378.992502619858,1329742.6104691438,560144.1330857835,1924569.7449582368,29378.992515709608,1300232.4198808898,1055212.267499536,3428780.575776772,1348628.1546817017,553464.0693912043,18165.363426403437,1924569.7449582368,2869.5177163499216,0.9830536076685774,152.95170928287726,182.37274028240927,213.78878580665267,233.5924143973601,180.5,76.0,0.2910490173469596,0.0,0.0,0.0,0.0,0.0,0.0,0.0,0.0,,,,,,inf,2.3739293726843336,0.05244898728808135,2.3212461634080266,0.00512282026510214,,2.7245241393569795,0.17360176729357382,0.4121183345281254,0.00788513514324925,0.4029724362910613,3.0992338764170815e-07,3.076118107716892,,,,,1.9487453445290757,,6.495811455349308,,12.398653360920283,,5.515166076085256,,5.403013173453103,,5.195966540675822e-07,1.5402107168098797e-44,0.0,0.0,1.0654837122938525,,2.076356424004202,
iso,1000.0,490.0,436.59479647379226,252.04890207909844,257.61703990256615,9.66501798472177e-07,22272.519582265075,1151145.4662392873,514591.7992458398,1693090.1347032823,22272.519583231577,1286064.7539543775,1039626.2082577499,3174740.13225598,1166013.078396455,509636.8538282036,13290.577967294079,1693090.1347032818,2690.792597179388,0.9818063831488802,154.29340679182377,183.6607063994515,214.86807076962916,234.4974724241731,181.5,76.0,0.3039364465590151,0.0,0.0,0.0,0.0,0.0,0.0,0.0,0.0,,,,,,inf,2.237007017846668,0.04328191707655092,2.4991940327054767,0.005228984607066961,,2.729517837673008,0.17245199607743925,0.3857763254668976,0.0064638698927255486,0.4309909995248844,3.3512387163996067e-07,3.0739236053617396,,,,,1.962138679998576,,6.540456511672326,,12.56211247312561,,6.120305495859338,,5.330466966620741,,5.906360089773083e-07,1.7507886235201668e-44,0.0,0.0,1.0701866049629767,,2.099854532414213,
iso,1000.0,500.0,445.50489436101253,254.42499807325984,269.7880705241176,5.689154144853069e-08,16695.611503137832,991228.3881887372,470856.46889072104,1483630.7357593584,16695.611503194723,1270088.4278249105,1022516.5812781359,2941731.873702432,1002728.8539509507,467328.8078048429,9592.408811576453,1483630.735759358,2513.123778587373,0.9804643702344554,155.6632827957992,184.96905143049867,215.95174577346793,235.40780125143363,183.5,76.0,0.31736769638283696,0.0,0.0,0.0,0.0,0.0,0.0,0.0,0.0,,,,,,inf,2.1051603910719274,0.035457963532979586,2.697400400629687,0.005337345761666987,,2.732914585469637,0.17055404020125717,0.35904360996897583,0.00523713408018547,0.4600525363678828,3.6222087083790347e-07,3.0703059000683646,,,,,1.9584682252453884,,6.5282226083183685,,12.67358211241435,,6.79333348967648,,5.213098181198956,,6.74022164611045e-07,1.997965447187613e-44,0.0,0.0,1.074959331110992,,2.1052736934119145,
iso,2000.0,100.0,94.23640152853824,141.22239780184725,198.59220376845104,261251470.07725063,28322503.452742536,4452835.396511552,564074.8566685308,294722619.7522172,289573973.5299932,320671.62873678113,281234.8940054619,307715954.47319865,4581917.973320689,529057.5996906004,289609816.08870965,294722661.4289984,1968.7386942341104,0.9999326287078635,17.892545523203083,30.428657773040715,49.39829875822881,66.64103614751001,24.5,33.0,0.0019139177615303733,55471353.30076382,972858.5810556776,117473.17701399067,56572558.55474049,59686.611889337255,52947.747454166165,59022760.83649675,398.5319075742876,0.9999293535509356,19.308305667893638,32.17686027592579,51.313780473977864,26.5,5.209639218757252,7.894050486154156,513.3608954673838,0.5684912648485916,0.0034902082072256002,0.0033925353659825146,0.9395414789971528,0.004518186686929809,0.03566679381249349,2.0086526747832916,0.0025685496644747945,8.009906191555078e-09,1.783354135651822,0.972436660890609,0.004981196697459764,4.240284313470572e-08,1.8219035087539266,0.0024579685298541424,0.0027489815065871253,0.008193228432847142,0.00916327168862375,0.43064054316228667,0.45415627317306356,0.0024723345084936613,0.0027645767365726643,0.007987931689439492,0.009253578371624441,3.393020871084589e-09,1.0057738184211543e-46,0.19195187190688948,0.0033009294701356524,1.0139526327100525,1.0972091298202844,0.002492263661964065,0.003016207606734514
iso,2000.0,110.0,103.66004168139207,146.17627178609126,186.42117314689958,209838609.60263783,27271752.231184706,4558262.264003674,584629.7374054637,242295051.3706552,237110361.83382255,338702.62025330495,296710.94369182474,252863559.2006193,4690107.779274875,548717.9266381157,237054279.15194577,242295061.2205645,2050.007582342302,0.9999145527950063,19.726751775477712,32.60594909300874,51.810763680130485,69.86469138202932,26.5,35.0,0.0024128835240267285,37060797.54316294,845588.9106467159,103297.39289212252,38011626.68261519,53072.385125131565,47079.742849126655,39655589.49771448,351.3943585811406,0.9999071882745416,21.462961080539284,34.67748611162516,54.11662747358353,28.5,6.37423526737597,7.796836138087754,405.5735564976525,0.5793455217595292,0.003506505829553007,0.0034017737402928976,1.0925825685875472,0.006163929285568049,0.048059146606334396,2.1649365415532533,0.0035710448280362635,1.0543304404806766e-08,1.8937165185017755,1.1445437463671424,0.007062397003231116,6.836955711560554e-08,1.9470173652028244,0.003633846229979394,0.004322482872850156,0.012112820766597983,0.014408276242833853,0.529831716202318,0.5741745489261247,0.0036615684252156388,0.004355451284153339,0.012235539644297352,0.015166595913268063,4.127199438630845e-09,1.223402182448262e-46,0.15688156430593467,0.0034899140773335937,1.0190967499918522,1.1095203089568304,0.003703240882942145,0.004795882532545313
iso,2000.0,120.0,113.0836818342459,150.96767609544517,174.25014252534814,166777517.6622148,25999299.582318343,4647849.335896139,603860.5288076232,198041997.91390368,192776817.24453312,356899.7602752025,312266.34720766696,206703186.7948655,4781989.7643179055,567156.7977128156,192690812.098396,198042000.30619738,2127.8303533780954,0.9998913368336261,21.597267997107075,34.806886798241024,54.29195979555726,73.69294708718408,29.5,35.0,0.0030491538924493386,24395891.76527162,729788.5392118216,90338.05135359186,25216625.577802807,47012.01248594517,41700.91328328089,26317618.52207557,308.4399055895681,0.9998770440111855,23.70266439484414,37.24001456760237,57.07719119560536,31.5,7.85362804800624,7.696892103667936,319.2406326427532,0.5910301191235883,0.0035237116053597464,0.0034142855747718594,1.2375769553714038,0.008215784875533353,0.06323600973392712,2.271355504904879,0.004855776313680252,1.3605434506136968e-08,1.9994860722474896,1.308754102543269,0.009788139043890965,1.0835012375437724e-07,2.0676964891711167,0.005422976305262335,0.006921348297616628,0.018076587684207786,0.023071160992055428,0.6495921058440144,0.7255572253917528,0.005476922641353173,0.00699251274648612,0.01880310589622384,0.025114334938740816,5.0494340116420034e-09,1.496774915248735e-46,0.1273296868513992,0.0036850190712027064,1.0241371408279676,1.122133188351201,0.005553871448049183,0.007766674632893704
iso,2000.0,130.0,122.50732198709971,155.61161916141504,162.0791119037967,131168711.14259471,24512210.07728628,4720425.266912417,621682.056056404,161028256.18871486,155680921.219881,375147.5740111684,327802.73942388897,168143344.79403698,4856361.134382052,584291.1151465934,155585479.59427708,161028256.60361546,2201.7349999404423,0.9998615112112655,23.501724047208153,37.02158685551039,56.869672242401876,78.81424818411956,31.5,36.0,0.003860701660507534,15817723.732035961,625222.3998614996,78572.17431413056,16521886.396682683,41490.36403688059,36798.30284538597,17254320.925942954,269.2856328658768,0.9998359145784849,26.041684707079234,39.90587413649876,60.302622358092385,34.5,9.746360211086225,7.592989408213097,250.41887521642795,0.6034396044674192,0.0035415772073380918,0.0034272391621654277,1.3744253659563914,0.010758986683608796,0.08169287193174735,2.33322339571161,0.006492398668827122,1.7306252575243468e-08,2.1005044125399195,1.4640478840307216,0.013337424325484785,1.6974742575102899e-07,2.1834734823710895,0.00814340114350261,0.011227860717663548,0.027144670478342032,0.03742620239221182,0.794026532727247,0.9163398699801549,0.008248809824698196,0.011383703393900498,0.02891142419832069,0.04184348762859095,6.210090226823693e-09,1.8408216151572986e-46,0.10260240524073046,0.0038826875149711535,1.0290066493193253,1.1349775821659125,0.008379613924738783,0.0127433702102294
iso,2000.0,140.0,131.93096213995352,160.1209318309611,149.9080812822452,102089048.23282753,22867524.897332933,4775720.1770331245,637949.6855481244,130373774.82587563,124956573.13016047,393365.28296810866,343255.79470587504,136226668.415816,4912867.432109304,600040.3965699676,124858662.30405663,130373774.91870496,2271.342694284508,0.9998232726407158,25.41959540587096,39.260185623084936,59.58586795433392,88.61900518348544,33.5,36.0,0.00489323628467578,10109491.457767066,531607.2146154589,67905.32427720667,10709309.1496296,36473.98549112857,32343.519980405472,11194206.852734245,233.79461511865458,0.9997798484338101,28.49807872748031,42.65797200622002,63.90284085427891,36.5,12.173873496815135,7.486045193250375,195.87214471749158,0.6166086321214038,0.0035603790482833728,0.0034429496892503736,1.5029270237478378,0.013881137386173659,0.10391482180661339,2.3545917787209594,0.008559229135977819,2.1758984604321938e-08,2.1964272001068905,1.6093213088554235,0.017883630623828715,2.6336124323364134e-07,2.293013906492197,0.012253827185539126,0.018294548142879445,0.040846090618463754,0.06098182714293149,0.9674559434762092,1.1548481099005448,0.012459525196045882,0.018636840059118375,0.04431365955523157,0.06954323305407514,7.670254246573579e-09,2.2736497047751452e-46,0.08214312398281572,0.004077562495413375,1.0337900061272758,1.1482507180895687,0.012667884081221072,0.021006728042185507
iso,2000.0,150.0,141.35460229280736,164.5066855869187,137.73705066069377,78568524.49545218,21093828.54409311,4813426.574176976,652707.9078738593,105131641.89623897,99662353.0395453,411550.54212350346,358618.451312336,109951317.51004964,4951314.799173294,614390.6147272777,99563654.27977404,105131641.91029964,2336.220049078109,0.9997742192924376,27.37194171913323,41.53109870240828,62.526420649255144,128.25164705895642,35.5,37.0,0.006208482014559021,6351574.197893961,448469.7239077447,58349.00456253236,6858657.103892761,31928.36209284285,28306.565420180632,7178285.847486418,201.76930637346035,0.9997028610794709,31.106593935999538,45.59644118649877,68.2157569026174,39.5,15.32831286121149,7.374549191316382,152.69058615236787,0.6305278933483348,0.0035792733945696287,0.0034579734116496385,1.6232543532745294,0.01768522448458223,0.13042055792102458,2.3385180755536012,0.011151027337656024,2.709515890835512e-08,2.287309158380165,1.7448567976110958,0.02367595531262069,4.0576451115369546e-07,2.396716312080319,0.01842273842562535,0.029844869782851648,0.061409128085417826,0.09948289927617215,1.174928405307312,1.4523748895956663,0.018822303530622853,0.03059627068408378,0.06756776054194366,0.115147572383917,9.51188416696624e-09,2.8195535549214876e-46,0.06523875191316808,0.0042657920662017975,1.038309795804503,1.1620932611436257,0.019128509772870828,0.03468252205436092
iso,2000.0,160.0,150.7782424456612,168.7785128361171,125.56602003914232,59805759.15331293,19230028.213520434,4833557.437828367,665668.7070727146,84538178.86937484,79035787.36683336,429574.38538331864,373773.57498773205,88519116.39013414,4971640.288111168,627097.7857593874,78937084.30680972,84538178.87208746,2396.143975070565,0.9997115288531597,29.35124416641232,43.85130981874676,65.8066390557389,143.13582478926446,38.5,37.0,0.007874178459667086,3919008.37679419,375383.2212354374,49823.085888908965,4344443.0122155845,27829.38343814897,24665.828162906044,4554962.616681305,173.42941797784385,0.9995960301416543,33.86385758742036,48.75176487301725,74.00058114903679,42.5,19.45892226729013,7.261205741642849,118.7314147819778,0.6453275943710449,0.0035996043521523404,0.0034809047830666523,1.7351716467060492,0.02224647337459486,0.16153622019891298,2.287413653146765,0.014356263146066802,3.34197373832157e-08,2.3726118516682364,1.8709335847909232,0.030902987312170452,6.202543812937471e-07,2.493536331160581,0.027531118786809854,0.048412577868218856,0.09177039595603283,0.1613752595607295,1.4205686998145175,1.8209929190981424,0.028298491552906348,0.050045604313836686,0.10198823578836316,0.1883629446046068,1.1828974948054674e-08,3.5063955553300575e-46,0.05139030755474933,0.004440398719914054,1.0426229901029374,1.17660470098919,0.028704577390382843,0.05696246670675153
iso,2000.0,170.0,160.201882598515,172.9448559152581,113.39498941759086,44957827.80788853,17319172.913281642,4835830.913403876,676887.1323161285,67792955.08680996,62277000.72117017,447386.0567307231,388681.3553544744,71095385.0530313,4973586.796330296,638175.5353212643,62178766.30551533,67792955.0872015,2450.6410638359825,0.9996314445763032,31.374067250264734,46.24189671554884,69.65785129024874,153.82837424565832,40.5,37.0,0.009984623497373196,2371563.277209947,311425.5077518722,42266.52564931311,2725452.1339770383,24161.751763946984,21409.735819735648,2864621.654902475,148.04754707700417,0.9994490098469324,36.86376441363245,52.24976552287208,84.69744007297719,45.5,24.874021540009593,7.144220480092366,92.00500016609087,0.6609463164115509,0.003620457454185217,0.0035027139042693033,1.8389106312602883,0.02765093753015853,0.19754439419671319,2.2031252274394597,0.018275785305884185,4.0850145039017575e-08,2.4524283960086133,1.9854560463126838,0.0396681939950673,9.385250712158301e-07,2.582600937569502,0.04077582812365785,0.07718322845722343,0.13591942707885948,0.2572774281907447,1.708835084583334,2.2638227948492307,0.042227964003002084,0.08064616308641684,0.15208198422417757,0.30185322222308886,1.4750795251799896e-08,4.37249407794213e-46,0.04020258639687639,0.004593773901035688,1.0465396358549113,1.1915837765646249,0.04267352031621533,0.09197028285250852
iso,2000.0,180.0,169.62552275136883,177.01316329563576,101.22395879603941,33398925.37188755,15413783.316131566,4820259.849442914,686264.5626476216,54322550.2204538,48812708.68801911,464918.21032614657,403281.80873358325,57082669.02640479,4957093.26092776,647571.7020780069,48715392.067400925,54322550.22051328,2499.5446509369835,0.9995300280474041,33.42962060270623,48.721429269236445,74.59175359531109,162.64462233376898,42.5,38.0,0.012633143323768806,1404287.0147338966,256242.8781377619,35612.70039250772,1696311.205762308,20879.940591817744,18496.5976239461,1789117.6147898133,125.57849022477208,0.9992471856658159,40.11382795476172,56.217860859980426,131.27679233470167,48.5,32.02392935678433,7.0239090167300215,71.12812076394964,0.6774620687573949,0.0036422464265001434,0.0035262276895798544,1.9340090528902223,0.033905095649788865,0.23814630704764583,2.0884505690139923,0.022969416240323313,4.9405284048155374e-08,2.5261471752257822,2.088072623462363,0.0499187932952311,1.4017132299726736e-06,2.662981317593079,0.05949226209475604,0.11979452539928562,0.19830754031585351,0.3993150846642853,2.040614902228872,2.7806091560206214,0.06217732259744082,0.12685859733806948,0.22277207307378558,0.46937473453569234,1.8408561379054604e-08,5.456744822183665e-46,0.031226648949253574,0.004717062750144599,1.0500449792610165,1.2069489524473904,0.062469551117479066,0.1445858769396001
iso,2000.0,190.0,179.04916290422267,180.99004605863118,89.05292817448796,24462506.375886653,13541035.56768522,4787139.561272635,693788.1881934275,43487863.31149379,38003541.94357187,482119.4402044926,417518.75041847076,45815169.935346626,4922534.872184745,655248.0188729285,37907525.78077785,43487863.31150277,2542.4333521558624,0.9994017610410757,35.54810391992067,51.33787427247412,82.52535302859819,170.3259890968018,44.5,38.0,0.015953604876468144,810230.7890691538,208921.679448628,29811.72916727513,1049107.8022568084,17952.399897801017,15896.134356177985,1111841.237970029,105.90882246539378,0.9989707080925354,43.7369985859622,60.99568246550704,148.37862833591365,51.5,41.45223514489554,6.900001531790254,54.77686502926815,0.6949086888606385,0.0036645670759777108,0.0035525890454436234,2.0208657595815898,0.04102058478277707,0.2830420978360938,1.9458838452347413,0.028505560787696272,5.9125516232254694e-08,2.5939395803749368,2.178986464698699,0.061467338122087045,2.0618508164082224e-06,2.734430791238025,0.08529751054102103,0.1797673948017021,0.2843250351367368,0.599224649339007,2.4170580285648335,3.365306284755558,0.09013483552074757,0.19347904706450308,0.31997395691623487,0.7036119847140391,2.299492142985331e-08,6.816253365221758e-46,0.02412415148434139,0.0048041376039142,1.0530012624074043,1.2221272775184002,0.08981838627990402,0.21969863679557958
iso,2000.0,200.0,188.47280305707648,184.88140405320237,76.88189755293651,17684733.90568113,11758260.045567786,4736405.517262377,699370.0344849225,34882233.98133923,29442993.951248914,498894.9430911812,431328.4698342755,36869186.55294573,4869830.181252931,661118.8052336129,29348672.988965422,34882233.981340304,2579.422291413497,0.9992418350784883,37.72651530674165,54.14364874260375,121.30229838196135,177.12167773064937,46.5,38.0,0.020049462280972628,454510.30235413584,168596.68442013944,24751.460238309894,647980.0420692223,15343.14705272189,13581.241520229616,691231.8979408517,88.64848927035835,0.99860090597528,47.81315621609222,67.12998055318455,160.35195264223282,54.5,53.832265990705984,6.772388412023803,42.09930723287754,0.7133490405527758,0.003688208193411103,0.003581545832724233,2.0990041131660155,0.048853731434802865,0.3308564446531819,1.7811093437606549,0.03484976244643961,6.985390998455208e-08,2.6551585576706622,2.257143752916418,0.07371567200997031,2.9782352758272597e-06,2.7958511488688673,0.11941323901665446,0.2576982547359913,0.3980441300555149,0.8589941824533044,2.8321910985059207,3.9915010182099717,0.12782431520581233,0.2825718423551905,0.44784567692869126,1.0051648021625545,2.8667888660312435e-08,8.497858675045008e-46,0.018576219700145034,0.0048333109774543895,1.0551953133499146,1.2363862698724724,0.12600429016230694,0.31861458392567843
iso,2000.0,210.0,197.8964432099303,188.69252862013772,64.71086693138506,12591071.085597571,10081648.754781118,4668825.632199722,703047.2444717479,28048120.892679993,22672719.840378687,515228.8962720014,444689.1457167118,29768090.544525158,4799783.093314296,665206.506528693,22580466.99860394,28048120.892680135,2610.047380534369,0.9990440117141907,40.00299003643141,57.216511422504595,139.28564374415225,183.2231386576114,49.5,38.0,0.025065752075221173,246720.24260242545,134621.23562138504,20409.268500222217,401853.0844406054,13053.808291852056,11550.229707977112,432421.234907913,73.71227067825455,0.9981180754755491,52.52207414783456,76.64478359304861,169.96554985530503,57.5,69.79695311216543,6.6408419475532705,32.24921229499221,0.7328510286092245,0.0037124779323976917,0.0036117056658572537,2.1688304038115502,0.05727093683571475,0.3803272397142882,1.5994522919014151,0.04197106496946748,8.146100747289991e-08,2.7100411836244604,2.3233821561219035,0.08612420367410978,4.219857447275588e-06,2.8478305949197016,0.1628974102914476,0.352038568385448,0.5429913676381587,1.1734618946181572,3.2799687249785054,4.633903675404719,0.17697405868299407,0.3940351049258853,0.6098875180948935,1.3663272261195458,3.565301232928514e-08,1.0568419031616277e-45,0.014327272974122169,0.004799652573392842,1.0566050644436622,1.248732567630885,0.1721182286987007,0.4396020254050613
iso,2000.0,220.0,207.32008336278415,192.42818699306898,52.539836309833596,8830498.372840544,8539305.3784048,4584129.090403043,704803.1036893029,22662320.89007625,17369803.751245342,530966.465947298,457445.6079819968,24175052.44973769,4712126.916812531,667494.4428453494,17279987.766061068,22662320.89007627,2634.3191833221786,0.9988033235412267,42.391193889934115,60.66806871114623,150.31632958277973,188.70334146335793,51.5,38.0,0.031100217277301626,129099.29587574452,106379.98554621925,16676.534943681716,252241.326254671,11038.60991367537,9762.950953733249,274438.32398899755,60.791375600542644,0.997519075627277,58.144506263154916,121.19783162414429,177.80074234540285,61.5,89.84380643160604,6.504127275273544,24.644902470381915,0.7533543243041151,0.003737666831392758,0.0036453241519201107,2.230466353733679,0.06602265098642873,0.42941972506669684,1.4090874739474557,0.04973844962264743,9.367531249625906e-08,2.758512587242665,2.377842193862198,0.09783403423060107,5.86656847846367e-06,2.8900706611596005,0.21582315367517663,0.4560204655786627,0.7194105122505888,1.5200682185941226,3.748961375644275,5.254292447312454,0.23837779602632633,0.521475240708585,0.8056407896064618,1.7578922614956334,4.412610715603698e-08,1.3080050189081759e-45,0.011130427791494497,0.004694134641470136,1.057070898283844,1.257842494475859,0.22814037492587105,0.5736019199555077
iso,2000.0,230.0,216.74372351563795,196.0926922193113,40.368805688282144,6082350.370551684,7140228.247328735,4483945.791337399,704640.6796150887,18414799.30290052,13222578.617880419,546159.1564211333,469672.50036719895,19767175.07885775,4608416.728232654,668017.9015273073,13135611.015390024,18414799.30290052,2652.070444693909,0.9985141706137854,44.91656827075748,64.72874063273946,158.91534571548826,193.6444585445337,53.5,37.0,0.03826491226022217,64943.945971039015,82997.41410694868,13505.62561271925,161517.93048669194,9275.25009031765,8199.975831605887,178064.78377635696,49.74752901669099,0.9968184900961012,65.26995097120019,140.31619604472093,184.16452797675507,64.5,114.01086707471022,6.363450083220802,18.76499469928883,0.7750888817822351,0.0037637203207493033,0.003683467204202673,2.2845527859146904,0.07488479593128029,0.47652566090087833,1.216914283680955,0.058042372740866904,1.0627373368819161e-07,2.8009844635771257,2.4226471815522386,0.10847439859943406,8.031793691754321e-06,2.9241040563882192,0.2776530017939997,0.5639446687229563,0.9255100059799991,1.8798155623317812,4.228671106517781,5.8369357691713,0.3122417622953504,0.6590047612827076,1.0323233081527792,2.1553019199879184,5.430414872034417e-08,1.6097068980631437e-45,0.008771093718151532,0.004507103919067733,1.056482876893262,1.262999053948133,0.2933356421133748,0.7122615830761871
iso,2000.0,240.0,226.1673636684918,199.68996152585032,28.19777506673069,4116301.3751939093,5901522.179362078,4368671.28334437,702553.0168646494,15092723.649797074,10017823.554555988,560716.175344151,481294.1225324244,16322657.021890521,4489270.250250869,666737.591359622,9933925.659427281,15092723.649797073,2663.2718356347136,0.9981754167667439,47.63333660458483,69.77577840248541,166.0031753420667,198.06176047586675,55.5,37.0,0.04654912083241486,31323.890640906444,63834.24894042587,10817.773493679231,106034.31778157312,7740.093874610593,6840.1816194146195,118641.58393560816,40.32718218591351,0.9960547501305734,75.62343762744734,150.36716375804363,189.18853853475034,156.5,142.3381030364862,6.218279871376623,14.259170929566979,0.7981122589815538,0.003790848194660599,0.003727863428595216,2.331443825646937,0.08355970889277105,0.5195976558660084,1.0318322208886783,0.06669002802425053,1.189372287741087e-07,2.8376297955975236,2.4595274081970384,0.11778134728690219,1.0887762380652656e-05,2.9511372965676963,0.3464644055994504,0.670250013673636,1.1548813519981682,2.234166711174146,4.704761931519544,6.371890711480926,0.3971248374661741,0.8004501463525745,1.2819090420648263,2.5345139548838334,6.625709336521545e-08,1.9640212165897496e-45,0.007025525693170614,0.0042294717919442015,1.0548517473720735,1.264610357592695,0.3654685836488071,0.8476051094683256
iso,2000.0,250.0,235.5910038213456,203.2235653820039,16.026744445179204,2729586.039507848,4816209.828317477,4238689.509077095,698542.2206430791,12486736.968200386,7545795.867825326,574526.6119129987,492192.77820429706,13623306.942072172,4354919.881205705,663662.4394521702,7465333.8858197015,12486736.968200386,2667.941205276845,0.9977857368415796,50.56691903860726,76.97293162370616,172.01689885043456,202.00351731013384,56.5,37.0,0.055942735273597624,14582.286537979502,48325.18131174081,8568.317530274599,71523.44679016752,6410.8292152039285,5663.508619747213,81283.59305531617,32.360852079169675,0.9952854480653581,113.10860015587056,156.97168186014633,193.03789064895378,157.5,174.58242756160016,6.067907398889863,10.80220442635329,0.8224651208399237,0.003819298428118967,0.0037768035515523862,2.372099374102902,0.09187715952380478,0.5575020960634792,0.8594840941441105,0.07556575911017503,1.3152699551821292e-07,2.8691476229339172,2.490485269157555,0.1259009394348353,1.469377611065266e-05,2.972963221784482,0.42041308636785696,0.773201059993737,1.4013769545594768,2.577336860090752,5.169213798413769,6.864097167053122,0.49153237406728734,0.94406329529157,1.546747504158817,2.8889860677258117,8.008497356408413e-08,2.3739131800258832e-45,0.005727953345402745,0.0038701208678303357,1.0522757512545393,1.264991538083297,0.4423904962949762,0.978092798129113
iso,2000.0,260.0,245.01464397419943,206.6967690094638,3.8557138236277826,1771860.0542015503,3884884.299021088,4095794.0614042636,692614.9156493202,10448888.880170772,5656744.353222638,587588.6548773496,502381.37608782237,11515004.341624027,4207291.311401518,658803.830187623,5579947.391245479,10448888.88017077,2666.2797195599474,0.9973493182239471,53.77663193380491,98.24271529329687,177.14685229958587,205.48399825433708,58.5,36.0,0.06628598730375247,6649.499647241848,35969.75239529305,6704.075493237494,49361.84000665823,5262.487855174026,4647.517504321019,56981.509256906225,25.621735973174548,0.9945634760442932,128.5927931187454,161.5034460366655,195.941362696782,159.5,211.67948518048274,5.913522751043405,8.16722860771702,0.8483626927475141,0.003849584609451176,0.003821814954055872,2.4072192339082283,0.09965868277748646,0.5893338879436837,0.7048679221593334,0.08454670847677871,1.4388757811266213e-07,2.8960190185544072,2.51650233553605,0.13309871548286123,1.9853403443490453e-05,2.991115516564729,0.4970286041749657,0.8718217899372999,1.6567620139144925,2.906072607882226,5.61365851051249,7.311792157877299,0.5929902611623473,1.0892984995512027,1.816866085494505,3.2217860393638498,9.570395584335629e-08,2.836897760543787e-45,0.004724123356344037,0.0034424475949355847,1.0488746120868113,1.2674053012774307,0.5213206844000664,1.1049515583357123
iso,2000.0,270.0,254.43828412705327,210.11256771390345,8.315316797923705,1121736.8510837548,3101333.367787778,3940935.4458577875,684782.1034260625,8852541.338561619,4223070.218871533,599902.8335094743,511863.2227039256,9865837.617332432,4047310.978220803,652151.6333738195,4150212.982754103,8852541.338561619,2658.2292191847987,0.9968731670054746,57.36746665677405,129.7916646620158,181.53017937025538,208.54183785580526,60.5,36.0,0.07735429604187846,3076.9514751718552,26191.84619093624,5172.084458310035,34471.70697685656,4280.738229726159,3779.377710643474,40430.7831590028,20.100101228185995,0.9938556653545686,134.6436715615202,164.66992219503743,198.19590650887505,160.5,256.80600454468333,5.755021087935455,6.167027727130879,0.8760492286642347,0.0038818614065485924,0.003886267014818557,2.437634822214125,0.10682463601871295,0.6147780329987224,0.5705125663041458,0.0935836399865311,1.5599799627393014e-07,2.918887225651828,2.5422424026906896,0.1399877544695474,2.706602252881385e-05,3.007515248891501,0.5743308310558224,0.9777882720247246,1.9144361034859994,3.2592941616415545,6.034241684163389,7.787694319316933,0.6994092260755593,1.2535775541137273,2.084409286860475,3.5562712944116264,1.1296191248992036e-07,3.3484655231379817e-45,0.0038939899468978484,0.0029586810373699937,1.0448778493244355,1.2758194811985955,0.6001055635543234,1.2474813259366553
iso,2000.0,280.0,263.86192427990704,213.47371712627222,20.486347419475127,690434.9385467508,2446954.9956794707,3775416.911274987,675105.6580068605,7591675.885861325,3137389.9342262214,611350.3962128734,520538.488817435,8565244.501550317,3876407.8605291294,643749.6002681534,3068639.4697541106,7591675.885861325,2643.5553145313997,0.9963646060971986,61.45658525624656,139.79134316874223,185.29304243740395,211.22200409053417,62.5,35.0,0.08892709174586494,1499.3236770500214,18569.559091520252,3923.085759628057,24016.326270855054,3444.339825407277,3040.51827015853,28653.888463566265,15.500558822448403,0.9931530736834805,138.17923050163415,167.13872555506518,200.10586652379348,162.5,316.1047947235037,5.592334868620847,4.647257650734041,0.9055625426363421,0.003915765307516554,0.003951113937391466,2.4642045338301757,0.1133907378860991,0.634118977259079,0.4563438736256362,0.1026824049115469,1.6795998750901715e-07,2.938478631306424,2.5673110943768305,0.14707427688803357,3.748943711645435e-05,3.0235107519833972,0.6511886235957263,1.0942735366011833,2.170628745047589,3.647578231791417,6.43117839501413,8.28650903019497,0.8096312983997658,1.4462311754833004,2.345118628650293,3.9174590605129715,1.3172322093760507e-07,3.904596285456964e-45,0.003163507851485449,0.002446042134926235,1.0406208960215946,1.2934543716459115,0.6776404889652535,1.4153928896932328
iso,2000.0,290.0,273.2855644327609,216.78275922242,32.65737804102661,411688.32665048493,1913143.4261321789,3601464.249197187,663599.4610501301,6593660.825453616,2324831.752782664,621922.9050825186,528411.933115132,7537552.527623646,3696768.1217700746,633617.7008772101,2260388.5371042592,6593660.825453615,2622.357732476055,0.9958366783285332,66.25919463983797,146.5756383527438,188.4939207858438,213.5391979757093,157.5,77.0,0.10064203765053038,767.1720644939579,12752.673592689333,2915.426165008869,16454.265521126646,2736.909280717743,2415.5923761888203,20027.814114249166,11.766276759652845,0.9923577386341733,140.7847037563642,169.36739830307675,201.93243640581014,165.5,400.7265360454776,5.427165723579638,3.5033659447276735,0.9371962178786895,0.003951717694776661,0.004035868546723101,2.4875202177926536,0.11934063061380996,0.6476813798976483,0.3620693183653706,0.11184558765052044,1.7983834770594345e-07,2.9552359627976372,2.594577070834575,0.1547805412111642,5.309019417773296e-05,3.039974079449689,0.7263394563485229,1.2344216879857524,2.4211315198176337,4.114738331272474,6.803979314780117,8.871776643563829,0.9222331206244261,1.694135216076337,2.5940117357910184,4.329638519542671,1.5166081884886825e-07,4.495595125229703e-45,0.0024954673824907673,0.001934080919579603,1.03643914388071,1.3226824830215134,0.7528066443046434,1.6327479433606027
iso,2000.0,300.0,282.7092045856147,220.04204481976564,44.828408662578035,236744.96476439154,1481894.174559036,3419593.9221456437,650357.68818412,5792350.266513515,1718639.1393234276,631623.9969299383,535467.6739360783,6713870.486354619,3509078.0641196556,621834.8513271865,1658549.0328021029,5792350.266513515,2594.808258322795,0.9952970606755013,72.21494881016537,151.69208965863595,191.23422991192172,215.55382074675228,158.5,77.0,0.112278722497833,385.7074029981905,8406.664096180091,2116.0695192060994,10922.992689990633,2143.4909141294097,1891.8844285232062,13638.236254149027,8.735428192483434,0.9913811219879705,143.41385593712738,171.80379222117205,203.94450132947014,167.5,530.2896770975027,5.258020292946144,2.6426060159634353,0.9711947877382853,0.003989817150571133,0.0041281385669034,2.508357895768153,0.1247749929811328,0.656069445147009,0.28554717338317626,0.1211808228233573,1.9185595134505166e-07,2.9697964414247378,2.6243135187551756,0.16385126841276762,7.743189291542787e-05,3.058262984149633,0.8000066070572588,1.4108429274694783,2.666688685445252,4.70280787520202,7.157944775107081,9.566400640569956,1.0378619070269741,2.033956663291334,2.831727793521397,4.841512117996617,1.7264149334703682e-07,5.1175132891556756e-45,0.0018857617698187497,0.0014513390436314486,1.0326764126342167,1.3658354206610914,0.8261479530595615,1.9269792433270005
iso,2000.0,310.0,292.1328447384685,223.25375311703445,56.999439284129515,130099.11512264231,1137753.5141936422,3232234.6377944425,635480.6884699727,5139313.708813876,1267852.6293162846,640374.0859465869,541662.3658879361,6043657.816832734,3315817.352797917,608457.8452177377,1212154.0405752014,5139313.708813876,2560.8599812942066,0.9947531778815428,80.84061729065179,155.73540007684608,193.58408369135702,217.31085389424217,159.5,77.0,0.12365088501605363,170.45944025778505,5238.593288702466,1487.6744832432641,6907.66864157075,1651.2065041229944,1457.7603194918443,8935.134837288775,6.318853577057331,0.9900305908400678,146.6325606347519,174.76011159689497,206.32974809157344,171.5,744.0011928026178,5.086283023920985,1.9951080376161459,1.007700308703945,0.004029799847198993,0.004247470564448791,2.527205390489427,0.12976397688698477,0.6600163127567458,0.2242014707407044,0.13076319956766613,2.0419814361222133e-07,2.9825891508311813,2.6587493717685753,0.17478057782590334,0.00011748576707779915,3.0788915877023655,0.872263862119261,1.6465524105729419,2.9075461938560667,5.488501903059274,7.496190157080588,10.451482978306755,1.1570545429132342,2.542595253182558,3.0586463363857974,5.496158876381314,1.945785092443392e-07,5.767779735549289e-45,0.0013440838666307063,0.0010193176726531262,1.0295417877314679,1.4261577713000042,0.8980320959798186,2.3482435161913564
iso,2000.0,320.0,301.5564848913224,226.41990873865262,69.17046990568095,67940.94610671648,866749.6730578176,3041133.0149533395,619007.7155915698,4598555.477418679,934690.6191645341,648161.2127681413,546978.0816486855,5489414.108814263,3118668.2700024443,593574.7599779539,883437.6532523202,4598555.477418678,2520.8166371753873,0.9942095886373732,109.61585443800594,159.0092784350415,195.61134582295136,218.84812760485136,160.5,77.0,0.1346091655588853,58.124951035089865,3029.560119303634,1007.2919283396529,4103.006825704913,1244.4465815739952,1099.0966036075963,5583.958262328602,4.427686216557448,0.9880785176538128,150.85129057217705,178.4847955479724,209.27395520845525,175.5,1120.7769503597226,4.912916169464878,1.5099821789317671,1.047097146678875,0.004072350915313402,0.004395633571546359,2.5445111052158653,0.1343658576130003,0.6601281944909245,0.17570278369187692,0.1406941061176326,2.1706653120565757e-07,2.993935448040385,2.698652037402724,0.18836184179111926,0.00018699826385147478,3.102665769249094,0.9434220089437982,1.9724915804177852,3.144739998854057,6.574949702091722,7.822857039720522,11.59893185489315,1.2808792509854834,3.3628211311676033,3.275297002634846,6.367749835758049,2.1745959245474474e-07,6.44603063068114e-45,0.0008922381921568263,0.0006588069088609161,1.027224244226136,1.507821720826212,0.969105960123596,2.974165649100759
iso,2000.0,330.0,310.9801250441762,229.54239666257263,81.34150052723243,33380.998229348435,656787.4307699272,2847613.325650874,600992.0145021292,4142468.3792572776,690168.4289992757,654995.1328616431,551426.8959286484,5022380.210870201,2918991.696540554,577240.1534420867,643377.2961213882,4142468.3792572767,2474.6682367264975,0.9936685819482822,123.03987633215561,161.70497771170918,197.37325411663122,220.20102581773693,161.5,77.0,0.14508065227763642,13.162191634235745,1580.889239841029,646.8511091975142,2246.6162034092627,915.6321477665181,809.2620146161667,3303.2471588500316,2.9711043129338517,0.9851436996792587,156.3064704686635,183.13944967478338,212.8602251473549,180.5,1843.8700713415315,4.738188290255204,1.1483820289542808,1.0898566321288827,0.004117639131655601,0.004593181136567601,2.5606128423547556,0.13864101499780496,0.6569072338116956,0.1378783281861325,0.1510988296804376,2.306869503293771e-07,3.004110310921847,2.7429358991232595,0.20379850986052356,0.00031506247258871785,3.127518117599345,1.0138965770028148,2.4047308931748796,3.3796551926735923,8.015690112442002,8.141474183537298,13.046467941973997,1.410845079985364,4.771783122259654,3.4828769254362357,7.435808021851001,2.414019633818652e-07,7.15574067209707e-45,0.0005423375624685079,0.0003816297663868889,1.025811148662306,1.6179034315751752,1.0400664122800376,3.890622364082474
iso,2000.0,340.0,320.40376519703,232.62297534417328,93.51253114878385,15244.826403722587,495629.26916368975,2653525.428951218,581749.5212481517,3749806.2468955303,510874.0955674123,660835.465399505,554978.9435131866,4620393.193680059,2718919.5211153952,559657.7122655412,468391.18890379247,3749806.2468955303,2423.0169619500452,0.9931278534876574,128.96346606542212,163.97272791790886,198.93544863141852,221.41473518072502,162.5,77.0,0.15514122142438236,1.5847349677868139,713.1476435435272,385.18640724480736,1103.835619532845,652.2165264574676,577.118866993421,1835.228096323079,1.8808201095797226,0.9803733399993142,162.9671067665952,188.82488241311944,217.20394363467105,186.5,3397.0694372795188,4.56128510988379,0.8781684847308939,1.1359450094289263,0.004165051922606535,0.004882882869707178,2.575822583420694,0.1426860131404773,0.6508315871263419,0.1085118437183154,0.16208346454223538,2.4527052954739434e-07,3.013432112860099,2.7891755792184942,0.21832085356221007,0.000566792725433468,3.1490585709545593,1.0845974822226925,2.9245192063662744,3.615324819482471,9.748166522645771,8.456218598929187,14.782934538023577,1.5493953107044973,7.406304642748438,3.6849092208857526,8.513814385255365,2.666804453771182e-07,7.905056291606625e-45,0.00029437137464014625,0.00019018253119983017,1.0253020003989968,1.76819876041407,1.1120399681506419,5.171131235503986
iso,2000.0,350.0,329.82740534988386,235.66328829572478,105.68356177033534,6430.466576016661,373029.59779054526,2460289.59484415,561087.648481996,3404449.3436622433,379460.06436656194,665647.5757037796,557616.1808384891,4266613.232728087,2519779.8740090393,540671.5642210968,341187.23406382574,3404449.3436622433,2365.478239365542,0.9925828949040434,132.91293405100953,165.92438153067295,200.33279085910613,222.516222314107,163.5,77.0,0.16481010343905464,0.07803996200816224,265.0636956418174,205.89761576160615,473.5907686638156,445.45788831031257,394.74012104194117,961.0847932952069,1.097028701310307,0.9723644064374135,170.88979690179414,195.51582897482746,222.3279339267472,193.5,7188.588901906859,4.384857876483971,0.676293740190465,1.1863522169925982,0.004215880078211069,0.005328030134066616,2.5902926724329887,0.14648647983197763,0.6423223948896575,0.08579279216229423,0.17378456010810817,2.6107593034402366e-07,3.0219319963732545,2.8274661413280615,0.22314324266313795,0.0010837582642117588,3.155723522876229,1.15540634705327,3.3258736505147617,3.851354276856309,11.085905659865373,8.768708033514793,16.41796350154303,1.6979991666172372,12.550986072297984,3.8796940203359527,8.879678016527167,2.937332587608066e-07,8.70696740414422e-45,0.00013910935979865785,7.785802310005363e-05,1.025664864855406,1.9738824667714001,1.1850596948034706,6.56488368544808
iso,2000.0,360.0,339.25104550273767,238.6648743379132,117.85459239188675,2460.468546559901,280858.39796442265,2270176.2857020437,539399.2016117519,3096453.736961874,283318.86651098257,669451.4211898553,559351.3733206071,3950704.9220978892,2323916.9786818945,520734.4623936066,249024.55650101654,3096453.736961874,2303.1335920076713,0.9920294590920089,135.84970552162275,167.6359458572817,201.6112563850829,223.54051963139875,165.5,77.0,0.17419901843616448,0.0010080947678995564,74.91011940469585,93.2644265493782,169.72572532802852,287.6851182773318,255.41114142349355,478.68240554902724,0.5618947464656198,0.9581056216544279,179.85930759526028,203.11509207834976,228.1941279639023,201.5,18243.86804638699,4.208712728751994,0.5252489541408507,1.241105695354203,0.00426981275672228,0.006024748848566913,2.6041769940747868,0.15009052312906218,0.6316878951583297,0.06827101499979402,0.1862782030741708,2.782549968197657e-07,3.0297730203511573,2.83772774633754,0.2032385315867466,0.0021791645443629396,3.125992149619942,1.226791196920324,3.117931031613962,4.089303635159863,10.39300650389738,9.08113811606693,16.872604447336972,1.859109761499577,22.81418302998155,4.068872296501731,7.3650922929894564,3.2295008579109696e-07,9.573025138561053e-45,5.481293755564297e-05,2.419222948836784e-05,1.0267842870334727,2.256890762173773,1.2596499244687756,7.0368297423444925
iso,2000.0,370.0,348.6746856555915,241.62917670494585,130.02562301343823,845.4508122096851,211944.8793889209,2084369.4476187378,516826.95569852815,2817486.156349922,212790.3302011306,672214.7614343076,560170.1017792274,3663960.0189784323,2132537.053437472,499822.8173781188,182387.0902394524,2817486.156349922,2235.910686096703,0.9914612434139453,138.18870621659048,169.17507660878178,202.8057965765579,224.50270019461797,166.5,77.0,0.18343549072414325,2.1737927924868203e-06,14.138534241708717,32.60942642255912,47.59557650596668,172.0454340109722,153.09252155327732,230.01446284862755,0.23760118291746368,0.9303230122542292,189.7391666241024,211.42246333156086,235.01742399830863,209.5,59196.38679020341,4.033012258042086,0.4117245198898912,1.300657316772036,0.004326226914915287,0.007286272988631649,2.617518683752821,0.15352010385067283,0.6191484606856575,0.054738120250481664,0.19967704634498046,2.970435310270912e-07,3.03704538859509,2.7930550069560707,0.1479245442599945,0.0045362510319304685,3.023300228875703,1.2987781312708602,2.0029327302633586,4.329259875048183,6.676442025054783,9.393555087961316,14.866020626056693,2.0351391268604777,43.61705259368781,4.252937742841132,3.912697956872136,3.549263224403944e-07,1.0520878477972492e-44,1.6892922933693192e-05,5.018137963107266e-06,1.0285791776749431,2.639617161881434,1.3358961422447806,5.286975608897198
iso,2000.0,380.0,358.09832580844534,244.55755115613985,142.19665363498967,260.050438772366,160779.03714155423,1903462.1965693159,493402.600539365,2561336.5212075044,161039.0875803266,673947.7857434528,560076.6204016967,3399909.2915039286,1946330.898857601,478087.60579444113,134222.51734504756,2561336.521207504,2163.920423600384,0.9908704667743385,140.12092670805404,170.60063741610915,203.9390742405551,225.4265957900488,167.5,78.0,0.19263482031902532,5.417372118615428e-10,1.375663501641711,7.645417930795817,9.42494355135941,92.06762764971727,82.13099106161488,106.33347807043639,0.07291564452366243,0.869094847600668,200.6478809345079,221.00674721051064,244.0224135543378,219.5,271761.4707451557,3.857827653296798,0.32638475639221615,1.3659185926598767,0.004385709400872403,0.009537169214773402,2.6304002922360517,0.15677359653354306,0.6048055160138973,0.04431193149014554,0.21413997034332447,3.177397045783005e-07,3.043780644912681,2.6439394942857537,0.07477697206285171,0.009780625825783746,2.791243048240944,1.3713666132247515,0.6776269496026359,4.571221187765317,2.2587564986754525,9.707045117672804,9.90037876671325,2.2292897348749605,84.21676102928505,4.431182855745253,1.0112502897829896,3.9042116946373167e-07,1.1573031977208855e-44,3.6796974834513974e-06,5.370881530995289e-07,1.030967123216598,3.1128201792675774,1.4138338921116111,2.109330842738619
iso,2000.0,390.0,367.52196596129914,247.45127322336816,154.36768425654114,71.28280552735157,122550.95736246723,1729654.6574775297,469309.86324808624,2324945.9712760155,122622.24016799459,674642.7107344314,559064.5695931265,3155357.186515962,1767504.1743739943,455600.5723196459,99194.74486678166,2324945.9712760155,2088.2723066911717,0.9902499202954729,141.80195372228158,171.9334112631813,205.02699913975115,226.32251909908433,168.5,78.0,0.20185839544069567,5.361018655928368e-15,0.04549703653790644,0.91883121935275,1.1198060590948518,41.95311784426523,37.481713674423766,45.132062706854114,0.012385908082315203,0.7007266645143078,212.81176797960217,233.39909732898775,265.8518477763721,228.5,2076204.1358798218,3.6855280336676004,0.2612820436360062,1.4375208440437193,0.004449666351007992,0.013480068832489363,2.6428332589395382,0.15979279499217128,0.588920825521747,0.03615635563732613,0.22970547352925105,3.4048462967781636e-07,3.0498914251777656,2.2786444697911676,0.020805202955738792,0.022643117166169593,2.3032876219940963,1.4438230005743922,0.0780330473992435,4.812742087310467,0.26011015799747833,10.021082502879477,3.94691788232657,2.4435998936789027,150.3655536431773,4.599680217303005,0.08256876917455089,4.301175220218831e-07,1.274972830790493e-44,4.81648207282968e-07,1.9569072615023395e-08,1.033835117128581,3.5792172971961542,1.4926749209117658,0.2792972330042997
iso,2000.0,400.0,376.94560611415295,250.3115447042825,166.53871487809258,17.210986222174153,94162.77925809231,1563207.632196296,444763.66713568365,2105430.4249032494,94179.99024431448,674294.947764776,557145.9765312404,2927299.8349441104,1596293.5657676128,432670.9883482133,73873.42883939715,2105430.4249032494,2008.7449294011303,0.9895942023976867,143.2927469368479,173.20754484099282,206.0909884578386,227.20206661588043,170.5,78.0,0.21124595801170767,6.247333074671334e-22,0.00015109749922426435,0.045381184031467514,0.08927946052594336,15.226749928147315,13.633859742421487,16.046103376642943,0.0006834140886862988,0.261861117551591,234.82033869351076,268.90319182511695,288.5216398324347,276.5,23582472.525037725,3.5146927406716646,0.21175288631565103,1.5160747102102416,0.004516432158988212,0.015059415113814933,2.654749266617616,0.1625955425795188,0.5714733731698053,0.029816445333873936,0.24650699009772098,3.655773944545608e-07,3.0554491744759043,1.3310815363345512,0.0024307585011244712,0.05356313531702859,1.2984613486944692,1.5157302001647182,0.0019304411539933849,5.052432249143625,0.006434803846644616,10.33311408300941,0.5145342804478314,2.6818613111372085,183.7566088126725,4.758768511161049,0.0018465308050063848,4.749622633794479e-07,1.4079035390442547e-44,4.240437464469813e-08,7.176561022253097e-11,1.0371211434148222,3.567067556252102,1.5719958383032098,0.006886014009663671
iso,2000.0,410.0,386.3692462670068,253.1394994950848,178.70974549964404,3.702526637185515,72690.17361190045,1405758.5540227678,419840.2571356017,1901485.7777156476,72693.87613853763,672916.1840002907,554327.184536408,2714380.263343314,1434477.7516682767,409236.9062563551,55237.93275188713,1901485.7777156476,1926.4700172067564,0.988894699822331,144.6677881396111,174.44318711370826,207.13262979013348,228.06947309696434,171.5,78.0,0.22079589658565701,1.5276898703168614e-31,1.3560510370810808e-09,0.0025278201781814744,0.009186031737471487,3.717027387472078,3.32890246983493,3.9030210817771156,2.4716200935421393e-05,0.016639002413814896,263.6925948544627,278.4026392456479,293.66887987019777,278.5,206997518.84800732,3.3483176759029334,0.17314651204364775,1.6027909962501512,0.004588578594988182,0.009777673724086791,2.666130992775998,0.1650692066785841,0.5527041424691777,0.024751282292992855,0.2645714382225899,3.9317145955650786e-07,3.0602604753955074,1.6858739404357614e-07,8.15099557131959e-18,3.2245155892312935e-15,0.17086462543323208,1.5855814366146386,0.0001234403636925045,5.2852691090183095,0.000411467878975015,10.641551750349198,0.03144547607108437,2.9460711880049963,120.13696250285264,4.901157099806557,0.00014901425705847644,5.259045382928666e-07,1.5589088181315932e-44,4.830975779638561e-09,7.131533945576887e-16,1.0407294306610169,4.000892215384591,1.65016126579463,0.000493871590161584
iso,2000.0,420.0,395.7928864198606,255.9362088431414,190.88077612119548,0.6949074050246934,56355.77982572961,1257553.0277288062,394844.1365759143,1711855.3353648232,56356.47473313464,670503.816937064,550609.8719096818,2515294.14745745,1282233.2163141926,385671.0118395448,41481.132715666805,1711855.335364823,1841.3689406768651,0.9881473868088324,145.982466662301,175.66655114603435,208.16826815090292,228.93102079215703,172.5,78.0,0.23065274758849105,3.3340172494842065e-44,1.9972996537294824e-16,1.0329397893108748e-05,0.00013255342286952948,0.4782244524424359,0.4255722926027232,0.5009132412957951,2.8739663960771218e-08,0.0009197390675897517,275.14092179186656,288.6685038623456,302.6960935482001,288.5,12914455909.975098,3.1849352978476464,0.14273093991431052,1.6981480914258185,0.0046635337088837235,0.00278231744562235,2.6768277323276535,0.16722625200367358,0.5326047927332657,0.020669999869836236,0.2839749406763312,4.235247190292821e-07,3.0643856769785502,1.6858739404357614e-07,1.379640453899914e-21,1.3356446021121332e-16,1.6858739404357614e-07,1.65237025652285,2.176236922987004e-06,5.507897840674023,7.254123076623347e-06,10.941071205406185,2.3294275046728184e-23,3.2402161531696487,34.25755030435343,5.0268046416336265,2.242152121499399e-06,5.841615113971557e-07,1.7315966397365038e-44,7.743260784433065e-11,1.1667455844356302e-22,1.0445932839092835,5.715067334698242,1.7260548724952292,1.2437340551127242e-05
iso,2000.0,430.0,405.21652657271443,258.7026860884481,203.05180674274698,0.11410951338356339,43806.000032211756,1118345.461890485,369778.0039432197,1534934.7089863063,43806.11414172514,667063.2294018298,546007.3601237044,2328373.6388742244,1139363.0079093443,361931.4370033032,31238.063766846433,1534934.7089863063,1754.197361901322,0.9873362131629365,147.25281172818032,176.8863023659088,209.20666008425619,229.79832276718668,174.5,78.0,0.24090796942589604,1.0661002793990562e-68,3.154905274350922e-35,1.3957699350926977e-17,4.215365211737296e-12,0.013232404885663854,0.01126086825144443,0.013855921348536587,3.89763034306839e-22,2.3360199153612865e-10,314.6293632960169,327.60410321713886,340.7449075308442,327.5,3.6412852312592557e+17,3.024369892110212,0.11846598141205736,1.80395594732092,0.00474392025267864,2.792459018548451e-05,2.686941225564287,0.16900743725726156,0.5111410047835675,0.017338733243255362,0.3048819715817042,4.5705108323104326e-07,3.067737714225252,,,,,1.715410005176004,,5.718029648017603,,11.233067509207828,,3.571012951151883,,5.131394781347081,,6.514935092323339e-07,1.9311850393886548e-44,2.7462830744906315e-18,2.0554003084824816e-41,1.0487050064707044,5.760102126956264,1.7989590605780124,
iso,2000.0,440.0,414.6401667255683,261.43989095345825,215.22283736429839,0.01667338948765242,34089.34364695325,989648.4869906616,344940.4458241191,1371581.9797053016,34089.36032034274,662634.271961047,540556.5333930163,2154548.612398592,1007296.188678377,338385.34722825343,23569.9780436088,1371581.979705301,1665.4714197408005,0.98646723756256,148.50660653953318,178.09634652520165,210.2458971597165,230.66493984421388,175.5,77.0,0.25149094325242816,0.0,0.0,0.0,0.0,0.0,0.0,0.0,0.0,,,,,,inf,2.8690415953578006,0.09882679962014222,1.921010655557963,0.004828286853290622,,2.6961419046324666,0.17030292347588688,0.48860617126335587,0.014575206845403718,0.327153730669851,4.937168880529662e-07,3.070135920669848,,,,,1.7714621397236197,,5.904869490804063,,11.506302518953168,,3.9381644367040436,,5.207626792002717,,7.290851110590271e-07,2.1611853978058472e-44,0.0,0.0,1.0529863562884216,,1.865325463810465,
iso,2000.0,450.0,424.0638068784221,264.1487334327654,227.39386798584988,0.0020860567813155177,26423.777635341175,870800.6475925298,320527.5196000741,1220550.2501011826,26423.779721397957,657208.3474476995,534255.5934307072,1992507.0244699381,885483.4690560406,315096.0615499612,17715.190430831728,1220550.2501011824,1575.2805175405492,0.9855275920662194,149.76905202225072,179.3352124456584,211.29178563722,231.53466407164424,176.5,77.0,0.26260903192924884,0.0,0.0,0.0,0.0,0.0,0.0,0.0,0.0,,,,,,inf,2.7167734261290195,0.08243841201019873,2.05039601051325,0.004914649823222808,,2.704344905390918,0.1711322046167288,0.46492742585760266,0.012217412988624913,0.3508887896164779,5.3390799276846e-07,3.0716413049991353,,,,,1.8195645743643944,,6.065210480031781,,11.75614392888934,,4.349313439829405,,5.2560875489537775,,8.19302605457744e-07,2.4286119692220783e-44,0.0,0.0,1.0574093603143337,,1.9240246126292773,
iso,2000.0,460.0,433.4874470312759,266.83007732733614,239.5648986074013,0.00022789382153015712,20436.16573881772,762036.7090257088,296520.1538225863,1081682.4880820904,20436.165966711542,650762.2753323648,527075.995467299,1842054.9408632088,774025.9815924576,292196.84722632787,13282.342206294645,1081682.4880820902,1485.095384630613,0.984504353913005,151.03589033861581,180.5761511837348,212.34152647377772,232.41609301641031,178.5,78.0,0.27412864411657456,0.0,0.0,0.0,0.0,0.0,0.0,0.0,0.0,,,,,,inf,2.5699322599220356,0.06891998976548115,2.194664568134982,0.005008412971211306,,2.7116299584850827,0.17133931440019445,0.4403304314699839,0.01022633748637124,0.3760323224426467,5.77833621733213e-07,3.071971722903136,,,,,1.857713230349053,,6.192372485638477,,11.98282160375294,,4.809454566252333,,5.2667916370792645,,9.244857072365848e-07,2.7404002367539237e-44,0.0,0.0,1.061974254298631,,1.9728436225006365,
iso,2000.0,470.0,442.9110871841297,269.48474346220456,251.73592922895276,2.1101904422431942e-05,15661.686572469658,662853.0253915751,273081.10817355965,954173.0863001137,15661.686593571563,643436.7724285962,519163.0274993798,1702515.03402046,672623.7761826372,269596.3386899866,9857.317623790144,954173.0863001136,1394.7325046530411,0.9833906036929604,152.33975928505188,181.83798328115083,213.40683932126132,233.31180349028386,179.5,77.0,0.28619661578640265,0.0,0.0,0.0,0.0,0.0,0.0,0.0,0.0,,,,,,inf,2.4273119067991025,0.05735177617492898,2.356211225053521,0.005107392869398361,,2.7177576436205353,0.1708909160684688,0.41480555533680036,0.008487577294483286,0.40265509470020533,6.257881301692141e-07,3.071070051401403,,,,,1.883637324640287,,6.278786281075148,,12.176824462041473,,5.326051971586532,,5.237655551394859,,1.0480278833660925e-06,3.106609260932767e-44,0.0,0.0,1.0666599435602728,,2.009200482388832,
iso,2000.0,480.0,452.3347273369836,272.11351262160474,263.9069598505042,1.6431212887715281e-06,11911.7601721628,573470.9865882611,250541.94489280242,838387.9527480963,11911.76017380592,635131.9043079579,510416.18468205794,1574158.2008061702,581193.1351643242,247930.88275836303,7252.197342249127,838387.9527480963,1305.1742533791712,0.9821843607322832,153.66583841747266,183.12076197283625,214.4773209162635,234.21151766636572,181.5,77.0,0.2988377207372405,0.0,0.0,0.0,0.0,0.0,0.0,0.0,0.0,,,,,,inf,2.288922067854259,0.04754397583567302,2.5350322261596046,0.005209404173571043,,2.7225800007202032,0.1697982873572025,0.3886550470157596,0.0069911189911288675,0.4304441303972173,6.777239932014293e-07,3.0689477292906346,,,,,1.89607647813588,,6.3202505751062885,,12.331331134014814,,5.903875172951802,,5.169736499546308,,1.1927652308482801e-06,3.5356459222922253e-44,0.0,0.0,1.0714307098617408,,2.0315145669212753,
iso,2000.0,490.0,461.7583674898374,274.7171282312886,276.07799047205566,1.0035976323341469e-07,8939.452632517448,493264.1682087714,228878.5864332687,733429.4607729173,8939.452632617807,625978.1150699421,500969.84487871715,1456168.439039743,499232.4734556731,227027.81449757007,5242.76971921591,733429.4607729173,1216.875604278848,0.9808723044354462,155.0205874966456,184.4230590372152,215.56093076633042,235.1205270099989,182.5,76.0,0.3120662567768512,0.0,0.0,0.0,0.0,0.0,0.0,0.0,0.0,,,,,,inf,2.155134632276254,0.039057619028174895,2.7349789459332,0.005316686122725759,,2.726022474811741,0.1679686567665785,0.3619950693345764,0.005681354726838411,0.4593907398332723,7.338766783914537e-07,3.065399208403089,,,,,1.8931570039169359,,6.310519705261147,,12.441928353082902,,6.551915874078031,,5.058235106634872,,1.3634576376931464e-06,4.0416196852917467e-44,0.0,0.0,1.0762935278158288,,2.037592630455004,
iso,2000.0,500.0,471.1820076426912,277.29629881414627,288.2490210936072,4.921890466843442e-09,6601.302637690877,421811.4922323245,208168.9719586183,638812.2292373191,6601.3026376958,615949.5369419872,490797.2844148336,1348030.9264932752,426306.8154924489,206961.5443339246,3704.2769751466362,638812.2292373189,1129.7443288350448,0.9794508512651573,156.42697803232343,185.74733390627657,216.65426947891098,236.03485846540997,184.5,76.0,0.3258687959169977,0.0,0.0,0.0,0.0,0.0,0.0,0.0,0.0,,,,,,inf,2.026293775982023,0.031711270779624476,2.9588921497120677,0.0054270543693688686,,2.727788915868846,0.16536181280773074,0.33507161207740915,0.004541159570733084,0.489287769778951,7.94363402249029e-07,3.060295324433409,,,,,1.8726936068811757,,6.242309239198476,,12.497324161517247,,7.274147106073556,,4.902276758719614,,1.5654052227426903e-06,4.640241389823982e-44,0.0,0.0,1.0812373373901123,,2.024826249251688,
iso,4000.0,100.0,97.03268881316515,148.17962128590742,189.3617284837063,128645234.38032013,14076529.340238016,2253748.9249983933,288762.3252328928,145328338.14995027,142721763.72055814,170587.8446537379,149014.02298733764,151746238.56396678,2318924.6274118572,271042.5850929198,142737418.27554834,145328358.30791718,1013.8798185652206,0.999929485552599,17.93985014381296,30.507442475827506,49.5337838555889,66.90303291352302,24.5,33.0,0.001986965026290653,28739939.39164067,518935.57535242796,63611.6429121771,29328196.674736004,33871.17610298042,29913.97142445703,30601761.41411197,217.47258745391883,0.9999254189375557,19.316390013387164,32.225086977907125,51.42195813061283,26.5,4.955242893441842,7.804857933529584,494.25340928893706,0.5907551981241156,0.0035111222274149005,0.003418754452768399,0.9687854409720115,0.00477397868179298,0.037260225389093043,2.0433748372761356,0.0028202527220029163,1.6532553815469753e-08,1.8017310058143947,1.0064926262733205,0.005303621476803525,8.337501177458599e-08,1.8429134559119884,0.0026283255121315676,0.0029745638449767925,0.008761085040438559,0.009915212816589308,0.4470857654150574,0.4743526801345266,0.0026449609189897845,0.002993114967537303,0.008561908507767892,0.010032431542836982,6.880970447540635e-09,2.0396868113734417e-46,0.20180645459851795,0.003570780358177553,1.014643288994361,1.095474980261073,0.002666812842176962,0.003258560269361253
iso,4000.0,110.0,106.73595769448168,153.33452002520488,177.19069786215485,103129203.22449216,13528539.82463306,2302755.7168152207,298615.97239977226,119279486.87820911,116657743.04912522,179700.8630901506,156791.1304982542,124495599.98099537,2369217.690514534,280468.92765090487,116628789.62269968,119279491.65581077,1053.316798064211,0.9999106208411227,19.774016305883624,32.69597603936164,51.96164823030643,70.1798493911324,26.5,35.0,0.0025034981304427936,19280783.136424646,452597.0784838092,56138.309357406935,19790562.24255395,30235.60035152462,26700.645281892354,20649349.326695524,192.5011563889949,0.9999020511243314,21.46810918413011,34.71782399793106,54.23572670578801,28.5,6.027089347756511,7.711428488936973,390.6614308391703,0.6017791400976235,0.0035273290628074065,0.00342905154416796,1.119642770570783,0.00647240011789267,0.04991145066091656,2.1896958008229435,0.003894955377313208,2.1674661492077665e-08,1.9108914136044048,1.1760332758452625,0.0074642847487778165,1.3296240720852725e-07,1.966518744241895,0.00388639563333639,0.004680137153102599,0.012954652111121297,0.015600457177008661,0.549297101313921,0.5989061204500556,0.003918445060419853,0.004719324073804046,0.013099780927729576,0.016420363883384595,8.383671209292296e-09,2.4851238247355872e-46,0.16591756688860673,0.0037944250962945168,1.019844800646162,1.1076142119234422,0.003963520379912065,0.005183786424527358
iso,4000.0,120.0,116.4392265757982,158.32166591558138,165.0196672406034,81779260.21755286,12867773.920543108,2343488.103561368,307797.0737956423,97304846.92379381,94647034.13809596,188846.6598020561,164566.02775272206,101574642.10460958,2410977.6539120288,289288.49392528896,94603525.00688498,97304848.05776913,1090.8938529917089,0.9998863739433187,21.656912362620584,34.90160099238568,54.45297066183662,74.12644270149681,29.5,35.0,0.0031632244798319204,12743678.546664784,392034.7618117921,49278.06477597075,13185326.30844604,26893.99006863451,23745.393952389863,13763528.208256168,169.56332127193556,0.9998703583650093,23.706270185150835,37.28420201628396,57.21495725168682,31.5,7.379782998731239,7.613743934152198,307.4981609504695,0.6135427392901022,0.0035441982587397602,0.003440949275155363,1.262816072275894,0.008591738168026464,0.06541529436063541,2.287923232107257,0.005271398570874281,2.7913644733772982e-08,2.015720870675039,1.3375711682722635,0.010289319158002684,2.0880120201108264e-07,2.0857976687788775,0.005802792022213624,0.00749261531004085,0.019342640074045413,0.02497538436680283,0.67289966428944,0.7558321312899161,0.0058650957515013905,0.007577083861987019,0.020120044644704238,0.027146809768351654,1.0276980352100749e-08,3.0463466519342435e-46,0.13550533940793705,0.004028933544480285,1.0249347543073595,1.1200106263006104,0.005947483215584227,0.008391808766028394
iso,4000.0,130.0,126.14249545711472,163.1564426101831,152.84863661905194,64173771.122311026,12111895.19772066,2375634.470340574,316235.50716163754,78980140.42308298,76285666.32003169,197994.20193570002,172316.06785062738,82485111.01492566,2443874.1110385396,297432.25782708783,76237736.74068686,78980140.62060148,1126.3257635923471,0.9998552512478988,23.56531932959787,37.12930206097814,57.061246083275705,79.49117232656529,31.5,36.0,0.004003987653954761,8310460.7455635695,337181.21706978837,43019.791179373795,8690866.693204157,23834.67999273014,21040.939698016984,9078317.582199065,148.66304298727894,0.9998273298547878,26.03330409828817,39.930029933281425,60.440344198775016,34.5,9.087717394726774,7.512231917481409,241.23055315556255,0.6260973149814553,0.0035616676119062367,0.0034556895538478743,1.3978573458500558,0.01121412027948097,0.08424307228999248,2.3426931874571304,0.007021130596862122,3.546129395820531e-08,2.1157706267644483,1.4898890666221005,0.013938211660964919,3.2399533514350745e-07,2.199558393795164,0.008712202940573396,0.012116390718437352,0.029040676468577983,0.04038796906145784,0.8218268997555512,0.9526564962371153,0.008833727816379028,0.01230027069411682,0.030902500201116727,0.04500103515371954,1.2661410762796479e-08,3.753149754550696e-46,0.11003863308736456,0.004269189890820234,1.0298451634238759,1.1325497549734966,0.008972220061116781,0.013722415339329372
iso,4000.0,140.0,135.84576433843122,167.85201706305165,140.67760599750048,49826291.1967101,11272961.307905994,2399118.9370830385,323859.1987483043,63824022.20739935,61099252.5046161,207102.04047350504,179996.205025409,66705149.66984795,2467871.197031322,304809.27962628956,61050205.49482272,63824022.25105318,1159.4402450523248,0.9998153263805376,25.497122432478953,39.375653368365406,59.81064177917208,91.10707076450048,33.5,36.0,0.005074252413862411,5334554.370227976,287712.9878100023,37318.231074360636,5659756.517153458,21043.931451706118,18572.103301159692,5917932.785056221,129.59373824278202,0.9997683988128865,28.488539967340348,42.70420864742544,64.101013099019,36.5,11.276814119823529,7.407907344782808,188.65992610603905,0.6394817293254031,0.0035800750743949514,0.0034726656251351357,1.5247416580667752,0.0144316355960806,0.10690821932943449,2.3578333502563047,0.009228767287975666,4.456145032118271e-08,2.210820411587259,1.6329920475530053,0.018619928057980475,4.98949910591374e-07,2.3077076147370073,0.01310529143233268,0.01970953443924837,0.043684304774442274,0.06569844813082791,1.0006730734386171,1.1994581551181613,0.0133420465459986,0.020112221258283203,0.04731403672916453,0.07456163045839537,1.566808178824033e-08,4.644400092492256e-46,0.0886775280122866,0.004507910624546108,1.0346655932518098,1.1455116909618952,0.013559594134572353,0.02257750212357511
iso,4000.0,150.0,145.54903321974777,172.41976249566054,128.50657537594904,38245797.634007595,10374692.086914884,2413786.036059665,330677.26995962136,51366567.12337443,48620489.72092248,216119.77107902776,187572.21999673432,53737884.6299642,2482770.1558497786,311470.8727525048,48571152.55100843,51366567.12996262,1190.023435946059,0.9997641137622495,27.454060941789358,41.66244549096972,62.79707326049722,130.54512972890782,36.5,37.0,0.006437597224774365,3369752.9944450976,243642.77306556623,32189.9995212907,3645734.491258561,18505.23286947567,16326.60105065212,3817294.469642629,112.28168945828476,0.9996878203010799,31.06221712149215,45.62570538826977,68.46557798740932,39.5,14.08949753377184,7.299522087969366,147.0330565111399,0.6535670598266942,0.0035987457985587317,0.0034880922997224907,1.64356796583731,0.018346717325448462,0.1339222683588413,2.3360990193154927,0.01199081009986482,5.548224505327735e-08,2.300850769777197,1.7659436765588579,0.024546188011322315,7.625408007566849e-07,2.409733080135296,0.019688649580370893,0.032019938152232495,0.06562883193456964,0.10673312717410832,1.2145078219552339,1.5055103860833459,0.02014756830523478,0.032898420241188706,0.07204395587718729,0.12281929286767726,1.9467915728106903e-08,5.770763187878776e-46,0.07097485184287436,0.004743216973802717,1.0392243777550965,1.1590120047729944,0.020460924608999082,0.03711149271052627
iso,4000.0,160.0,155.25230210106426,176.86958293043207,116.33554475439757,29032128.03755003,9434671.104860375,2419547.3691405836,336602.062555839,41224568.07094593,38466799.142410405,225026.17161101723,195014.39065205384,43182884.93518247,2488508.8473894177,317299.2919592663,38417550.999160625,41224568.072189815,1218.0218644091,0.9996986756164954,29.445505418092655,43.998810210611175,66.13724635454798,144.65923131852526,38.5,37.0,0.00816508403378683,2093814.214065125,204690.5356544712,27600.807484619923,2326234.5788624175,16209.9233864414,14296.359754679894,2440375.696524288,96.87541914580035,0.9995772056249739,33.826020190854535,48.78689529953226,74.35090707445691,42.5,17.721586827716102,7.18815372303075,114.27974876425226,0.6685228542641136,0.003618581107794139,0.0035098762671991576,1.7540739135458912,0.023035664974146334,0.165583900946399,2.279753665077296,0.015399868498388177,6.843589964730219e-08,2.3853587075838956,1.8889943693283175,0.03188186129169384,1.1551061072926746e-06,2.5046323389519496,0.029392399309247023,0.051584677454239836,0.09797466436415676,0.17194892484746607,1.467450452907637,1.8814971987859326,0.03027167088473166,0.0534752920774396,0.10858392047759213,0.19945077075731515,2.425737968385836e-08,7.190476662681784e-46,0.05642835541318602,0.004965256041062856,1.043557728080731,1.1729474842469325,0.030672665445999475,0.060506117645640074
iso,4000.0,170.0,164.95557098238078,181.21016592043065,104.16451413284612,21774022.470126193,8479201.190822652,2416405.69196588,341644.08394594013,33012926.837596707,30253223.660948843,233817.98621356566,202325.42496249414,34638607.038532145,2485055.481134618,322311.804340452,30204317.170331184,33012926.837777007,1243.3947785135624,0.9996152359510869,31.473735035643397,46.40206981839762,70.09125017282146,155.07416898770197,40.5,37.0,0.010348797173501728,1275435.8250970668,170652.92054939645,23519.133975797053,1469719.446792584,14134.932897011897,12460.908298328482,1545967.0771190077,83.03521743573795,0.999425117098199,36.79759403786553,52.26157026131229,85.80904397389232,45.5,22.462060299768012,7.072874390379429,88.55187337514658,0.6843905608228349,0.00363944478169366,0.0035305389016954195,1.8563251799923537,0.028568475801481353,0.2020612408684719,2.1907999167667582,0.01955199517562941,8.362057809261486e-08,2.464218943673903,2.0009311918291446,0.04075081413209238,1.7326664397604101e-06,2.5920293452768726,0.04343746437389443,0.08169838354864464,0.14479154791298143,0.27232794516214875,1.763374985217251,2.331869814243306,0.04509488774814384,0.08566786212292518,0.16148572197362712,0.3174522115303026,3.0291164576815166e-08,8.979037093605744e-46,0.0445195136445399,0.005169275701875931,1.047478455671312,1.1873157167500898,0.04549980810064457,0.09700177482038276
iso,4000.0,180.0,174.6588398636973,185.4491819875057,91.99348351129467,16131474.269813523,7525539.479466183,2404374.1772203674,345726.6718799585,26408805.826348316,23657013.749279708,242413.1322886929,209436.39505190394,27768642.073359843,2472458.3169057793,326434.4521230389,23608639.43824994,26408805.82637476,1265.7577477247191,0.9995094941826586,33.53661003569167,48.90261917591069,75.24417759447421,163.7478821848118,42.5,37.0,0.013091340598787079,760784.4905231672,141011.1493202395,19898.408921931103,921790.0572527334,12277.334319858202,10817.905988448725,973233.4201026245,70.77460699312174,0.9992167362514673,40.02119450345939,56.229666072717905,132.4801324055796,48.5,28.649480018320087,6.954552173097025,68.4269270306509,0.7011698894115477,0.003661151570522188,0.003556797293230679,1.9500881342498912,0.034961259580057816,0.24313990378670028,2.07172448938757,0.024513782513437547,1.0112398731040599e-07,2.5370727573570715,2.101485293629453,0.051049133329039466,2.565488202063004e-06,2.670680237903632,0.0632323959043519,0.12593312680316204,0.2107746530145063,0.4197770893438735,2.1035579972596996,2.856437075163084,0.06628544250051724,0.13395330531043065,0.23593042130820713,0.48970554294136787,3.7866157469425994e-08,1.1224449018725716e-45,0.0349046474616832,0.005339550385104931,1.0509787743128352,1.2019462871057744,0.06645590594441969,0.1513648541846813
iso,4000.0,190.0,184.3621087450138,189.59344389181823,79.82245288974322,11782221.957976505,6597079.460241489,2383574.2384296493,348864.9198105696,21113467.464604598,18379301.418217994,250797.33382954224,216328.44158776422,22261783.903454714,2450821.975504969,329687.73648390925,18331655.258590534,21113467.464608587,1284.8754109937902,0.9993760356092594,35.66916625290828,51.54981248754177,83.99098369038303,171.32294705762098,44.5,38.0,0.016523336131093566,443249.1032426441,115463.98526756372,16732.877569876604,575528.1260769677,10612.567373419277,9346.709483407207,610774.9423194416,59.95179063717633,0.9989345066594241,43.57972326455741,60.948149966176594,148.9814010351501,51.5,36.68537905961699,6.832370075282742,52.683145752223474,0.7188952502467799,0.0036830169444708443,0.0035828739191341875,2.0355010344707893,0.042202744735256745,0.2883447702239645,1.9254413228592038,0.030339352737553373,1.209715919794184e-07,2.603913617424645,2.1899651496911288,0.06255273763953174,3.738313232635039e-06,2.740362614077722,0.09036213776699911,0.18731818022489813,0.30120712588999704,0.6243939340829937,2.4878149774347276,3.4433705638648804,0.09583399571511178,0.20269668525759532,0.3376999207467058,0.7275064760128047,4.7363134533749e-08,1.403958374626101e-45,0.027258816063339877,0.005468736268030433,1.0538926764163261,1.2163773119820904,0.09523199521796348,0.22784958454733836
iso,4000.0,200.0,194.0653776263303,193.64903519946859,67.65142226819177,8490439.298472757,5712422.677729013,2354113.587566038,351047.3564594066,16909782.380887173,14202861.976201769,258945.67321490118,222982.08212942805,17891827.334409073,2420260.6122245006,332042.5194350073,14156150.18859682,16909782.380887643,1301.1917079959471,0.9992095236490313,37.87460708336771,54.39244821973249,124.55593833032485,178.0457275648112,47.5,38.0,0.020760016217369493,251005.99282084685,93709.65675597034,13970.316812709745,358755.86221091705,9129.630402603634,8036.219684973649,383394.8510166916,50.45392488089801,0.9985574473822029,47.62546040919496,67.08310153571378,160.7852470271804,54.5,47.13451168902628,6.705971556969284,40.45853562165798,0.7376374396508079,0.003706598793734003,0.003611508998492908,2.1124198334021074,0.05015922706118534,0.33636634999187287,1.757433445585285,0.03699932382427627,1.4288450301144913e-07,2.664287231281238,2.266367209847377,0.07475160849386693,5.35074540513357e-06,2.800522507825527,0.1261121441691959,0.26675324677586215,0.4203738138973196,0.889177489252874,2.911085885657286,4.071877548759725,0.13558103163559573,0.2944169784476715,0.4710978384942264,1.0324056747405588,5.913736661272958e-08,1.7529752185239028e-45,0.0212158769480329,0.0055417423267308695,1.0560381488542299,1.2297293303558927,0.13317923527647538,0.32803429152794117
iso,4000.0,210.0,203.76864650764685,197.62141508604282,55.48039164664031,6026221.680606443,4882160.207523983,2316187.2066273945,352264.45837950386,13578621.857677003,10908381.888130426,266817.86475722084,229365.52188261016,14430474.529930338,2381001.4855140476,333491.5562521178,10862775.80686049,13578621.857677069,1314.1943227068566,0.9990038127521697,40.16471045602357,57.510922411663124,140.9603077715997,184.0840155342646,49.5,38.0,0.025942578125507088,137957.30587758808,75196.3783285936,11572.945392752406,224785.7188753141,7812.858382702397,6872.891147261539,242443.51366888083,42.124178167563464,0.9980717264032675,52.24094957046365,76.4654017965248,170.2053625289961,57.5,60.40695968416436,6.575137376283657,30.96645610605012,0.7574362340857301,0.0037307037126380776,0.0036398839481212677,2.181042615342676,0.05867501889794493,0.3857963098100276,1.57348510599674,0.04444258534896846,1.6656525375243157e-07,2.7183183089931684,2.330571489813802,0.08697923425383015,7.51573875984079e-06,2.8511057409231,0.17141877336447087,0.3614177746457159,0.5713959112149029,1.2047259154857153,3.365899396738429,4.708414402036788,0.1871787747430153,0.407640635453821,0.63917316358144,1.3923843451109332,7.364517625436529e-08,2.1830219425079776e-45,0.016554383886036715,0.00553785053569921,1.0574048470853497,1.2412952685947232,0.18125904183701652,0.44862617365376106
iso,4000.0,220.0,213.47191538896337,201.51550453385727,43.309361025088855,4208872.681849508,4123803.9444143903,2270048.210011366,352527.21625310555,10957065.633580001,8332676.626263898,274381.7135190319,235449.85072145544,11707980.592941519,2333244.3913989295,334059.7356223756,8288387.106240101,10957065.633580007,1323.977528176644,0.9987537093508434,42.587487901959825,61.04923132862321,151.63062811445562,189.50805665268078,51.5,38.0,0.03217350594056124,73297.41618624612,59757.74197502202,9512.255419493935,142617.10129020206,6650.372809625853,5846.55056053577,155616.18156519133,34.9670534418275,0.9974680304320228,57.75116894723337,120.4620064905892,177.91945013998048,61.5,76.82855376007255,6.439355900344242,23.636973947229222,0.7783277456854077,0.003755674646198272,0.0036760002648969867,2.241552587397704,0.06749794374469618,0.4346432823135131,1.3816572213217473,0.052535522393209855,1.914687451996171e-07,2.7659807996759045,2.384114927771593,0.09854347656663291,1.0359633149114447e-05,2.8924413560271174,0.22626195374507513,0.4660658795805982,0.7542065124835836,1.5535529319335382,3.8406490801583457,5.3294338487427275,0.25137273062223786,0.5376988919189302,0.8411068223170413,1.782145350404328,9.126531075394043e-08,2.7053255365635942e-45,0.01301599406807649,0.005453808891304175,1.0577827017206352,1.2497106978736199,0.23933598072905496,0.5824475156257518
iso,4000.0,230.0,223.17518427027986,205.3357578076942,31.1383304035374,2888364.9368650597,3440178.887683716,2216073.369495374,351822.7146244855,8898274.92068162,6328543.824548775,281633.67841155647,241230.81123032107,9571383.940214554,2277460.28666165,333733.30926753767,6285688.380923478,8898274.920681622,1330.4901777029593,0.9984545065394438,45.14437704448466,65.22359425640185,160.01969706376062,194.38769171303517,53.5,38.0,0.03953830576832025,37443.44163928785,46912.766381101064,7737.968956581049,92135.6562628332,5628.544002416609,4944.921645575078,101945.76319060006,28.773777880016087,0.9967622984124748,64.68386713447777,139.92907559258984,184.20869838295204,64.5,96.57797297604004,6.298835400268792,17.987877307192868,0.8004988498600932,0.00378170630376451,0.0037185181333073635,2.2944899059447454,0.07637523233253993,0.4810750171199561,1.1897353151662633,0.06113828563999562,2.1708442678028413e-07,2.807583317292423,2.428022215485977,0.10891699107311621,1.4075656245749557e-05,2.925406496539525,0.2898024857681999,0.5734820592969576,0.9660082858939997,1.9116068642365374,4.323513707889023,5.909533525052711,0.32805630786114653,0.6770676472559447,1.0729349150860172,2.171610921624379,1.1238133333864207e-07,3.3312557465977557e-45,0.010354327898848003,0.0052721192365123605,1.0571183352101543,1.2546010889710228,0.3063555212950439,0.7194912160993078
iso,4000.0,240.0,232.8784531515964,209.08622217014937,18.967299781985947,1948009.8050534837,2833553.6396804973,2154916.878630269,350163.361629359,7288496.252592023,4781563.444733981,288533.79257661523,246676.88438121584,7902151.81145055,2214226.6721675606,332513.867558299,4740346.9784330055,7288496.252592023,1333.7216363008765,0.9981044018092465,47.88099048393918,70.46867136331133,166.97359411342677,198.75088060964345,55.5,37.0,0.04804329308735388,18407.240101074356,36354.78535577996,6245.003770039701,61041.4152136693,4733.619943734306,4155.801724318832,68605.30516839164,23.48189677373852,0.9959958274598486,74.53440562601439,150.0595244149181,189.2106818767837,156.5,119.40247825315615,6.154032987926377,13.655236294524643,0.8239976656439075,0.0038088554727567256,0.003760109303118842,2.3403842084172948,0.0850392984307609,0.5233346478130184,1.0056266646640253,0.07007218339494259,2.4285607162057496e-07,2.8434639028807385,2.4641155310562017,0.11814458158534182,1.8918256247039982e-05,2.9521118810896856,0.36015876454166135,0.6797671112782833,1.2005292151388707,2.265890369777623,4.801500900434858,6.44063396621679,0.41584583228416283,0.8213115996552645,1.3268477938696894,2.5489430965506763,1.3720251274662698e-07,4.067015806420362e-45,0.008375035548925611,0.004987967901177288,1.0554182317404326,1.2561021707529023,0.38011812641837905,0.8538569440830813
iso,4000.0,250.0,242.5817220329129,212.7705881185416,6.796269160434459,1286946.8533251234,2305944.881830333,2086695.0648414767,347538.61929149233,6028991.566694899,3592891.7351554562,295033.45977319125,251742.96763946724,6597378.256363341,2143733.7302801097,330382.5006623424,3553453.6769388574,6028991.566694899,1333.77318168774,0.9977031634116735,50.8553604469548,78.19670771907829,172.87328668866883,202.63413270075336,57.5,37.0,0.05764456882165012,8735.363591592697,27754.75241153016,4987.180979795879,41505.56352850637,3953.2421226560987,3468.2323857440047,47426.58391514725,18.99172090804643,0.9952151540946322,109.33272359474077,156.73988282080077,193.07962303399069,157.5,145.25743187546743,6.004210608580727,10.338107869796126,0.8489228056860546,0.003837769697096769,0.003808107422807774,2.380131572358436,0.09330324515812563,0.5602123343934262,0.8353254252984731,0.0792072526592498,2.684687110409133e-07,2.8742369458310812,2.494651746895654,0.1262128150179801,2.530744633677719e-05,2.973735885166296,0.43527052971254915,0.783037426900522,1.4509017657083998,2.610124749397815,5.266147263554269,6.932321679222219,0.5129721404863091,0.9686308931942952,1.5942681516348505,2.9021621226084786,1.658652179120896e-07,4.9166480225443993e-45,0.0068843293392197875,0.004603548056834545,1.0527724705871786,1.2561410158251025,0.4582408309392703,0.9836054288558962
iso,4000.0,260.0,252.28499091422944,216.3922319198059,5.374761461116962,830584.3184306104,1855521.7145914268,2012064.4864385445,343966.1988434948,5044012.540279112,2686106.0330220372,301156.43910394324,256458.0739411975,5578185.0584737295,2066629.9727692734,327369.0485802643,2648581.766277415,5044012.540279111,1330.6323528228072,0.9972546927897038,54.140045172107094,110.15797862322411,177.91393102343463,206.07048735168513,58.5,36.0,0.06819297059568004,4072.198498438586,20867.591241479062,3934.7347364423476,28897.538005377697,3277.0586759031153,2872.937721796018,33575.033585449775,15.172624079050912,0.9944858842952963,127.69467053016379,161.32292559468667,195.98673222104068,159.5,174.5481756729741,5.849599446700393,7.8092150974527,0.8755407947539924,0.003868497420085882,0.0038560729236780723,2.41450304153439,0.10102258035605627,0.5909416301550326,0.683193513700324,0.08844939029304057,2.9369915036919575e-07,2.900490315850699,2.520171120515206,0.13317926795971824,3.384707658339743e-05,2.9912694821414645,0.5128306474537138,0.8802975172759744,1.709435491508792,2.9343250319385406,5.710299637769441,7.376331426646876,0.6171495596451958,1.1160173715289297,1.866023089923664,3.2246669758871063,1.9825485999776375e-07,5.876755703443803e-45,0.005729077351536212,0.004137101380069993,1.049322297807763,1.2579047410897755,0.5381246333723737,1.1073304205510066
iso,4000.0,270.0,261.98825979554596,219.95425183924064,17.54579208266845,522871.77860807045,1476404.5036499193,1932028.0399032815,339443.32516664825,4272629.166884842,1999276.2822579897,306854.76628441876,260779.8982659945,4781052.402670941,1984025.0984088161,323446.7581878502,1963718.414995389,4272629.166884842,1324.1587736224633,0.9967667408738129,57.809607175733206,131.5705627132226,182.22389838028244,209.0808089803446,60.5,36.0,0.07944600664094963,1908.953774481104,15361.693914121022,3065.2402445882335,20354.46980649179,2693.498611518675,2359.6134108137476,24056.323071289822,12.011110691176496,0.9937646180557236,134.17248310911,164.59480595200935,198.2757600380968,160.5,209.9111009770514,5.691754400988031,5.8898677158446215,0.9039941089834944,0.0039009716068871677,0.003918489166512297,2.4442285930953904,0.10810891346534982,0.6153293840024391,0.5514230745198468,0.09772982090128261,3.184888476221302e-07,2.9228037339532666,2.5451427878094197,0.13989524359620292,4.563924274555375e-05,3.0072604262480285,0.5907021833543955,0.9842607147393366,1.9690072777967635,3.2808689714501953,6.129259160100195,7.842502583372074,0.7260475873197689,1.2824763346831745,2.1338656540975913,3.550770302650185,2.3404792715233375e-07,6.937749171885075e-45,0.004763921466494167,0.003595372618148646,1.0453231190978804,1.264639543346127,0.6174746487619448,1.2447350208214873
iso,4000.0,280.0,271.69152867686245,223.45949916950295,29.71682270421987,320043.0723701444,1162567.8059024224,1847023.946790159,334005.0600397006,3665523.045541206,1482610.878272567,312102.47650660854,264681.81291840656,4154578.1466215067,1896230.8969821315,318690.97686504055,1449158.1786070662,3665523.0455412054,1314.4896653416145,0.9962490329627346,61.986990246465325,140.9467038451464,185.90344847459605,211.70342305659238,62.5,35.0,0.09112070934760295,936.7444237828954,11045.51874362464,2350.7030433476643,14347.814682580081,2194.592778369686,1921.2663055287348,17269.708747385142,9.369638517161954,0.9930530035550559,137.88062126223363,167.0769825800059,200.1764026415283,162.5,255.4760516938916,5.529928039325565,4.438887477023074,0.9344243960540938,0.003935538177731113,0.003985887772459145,2.4701660465618054,0.11456478656697637,0.6335350255560714,0.4403958100823764,0.10705213149691305,3.4300314657915345e-07,2.9418428450318777,2.569244422987108,0.14653718923578474,6.233760136163323e-05,3.0222822846412085,0.6676707048265529,1.0956244812405964,2.2255690157115775,3.652081395454852,6.523506000821908,8.325297561202197,0.8383580049462902,1.4741374031264627,2.392916988411361,3.8883976936510463,2.7281236199467196e-07,8.086821197423599e-45,0.003914261213016507,0.0030133540579046596,1.0411181100786733,1.27918688586503,0.6951240623639164,1.4015084682356473
iso,4000.0,290.0,281.394797558179,226.91060494390763,41.88785332577135,189652.03015492787,905428.8453751664,1757906.1288616273,327714.85205091897,3182582.7206988405,1095080.8755300944,316906.24994145037,268181.070193083,3656987.266890264,1804274.951662762,313097.7220784894,1063765.7971677312,3182582.7206988405,1301.644867429063,0.9957104146757128,66.9334868550899,147.48177470285228,189.0547363594379,213.99014902219199,158.5,77.0,0.102971354026254,484.6862668938961,7723.765180738233,1770.4887945823393,9990.64442021438,1768.4339440374617,1547.0474951989554,12278.657399923448,7.1917375133706996,0.992285500481346,140.53548404269955,169.25959333957996,201.947153656822,164.5,318.5562999579309,5.364133233084265,3.341566208174005,0.9670182720074304,0.003971882443786279,0.004062006794607949,2.4930686462341622,0.12045145419470234,0.6461176484191298,0.3485619768480699,0.1164787570961432,3.675495737861374e-07,2.958253847796789,2.5940040689913544,0.15355005671564265,8.672749422956123e-05,3.0373635690006706,0.743252727396814,1.2228109416600084,2.4775090895662775,4.0760359316654835,6.8956118355914295,8.857866435101325,0.9537365051965538,1.7106658245329585,2.6414502435880163,4.261358097069678,3.142102147090201e-07,9.313954126483275e-45,0.003139162528357034,0.0024268859158018134,1.037041103129996,1.3037057442117344,0.7707836283239702,1.5941856487271129
iso,4000.0,300.0,291.09806643949554,230.31000304575375,54.05888394732278,108096.79438844326,698851.7790862372,1665141.5973142085,320529.4638559875,2794494.2792120622,806948.5734746804,321232.721167097,271243.31804834737,3257707.6691990388,1708540.8582915606,306668.0973342012,777842.6281411859,2794494.279212062,1285.5889776734755,0.9951610042953349,73.18277426896456,152.444115633609,191.74384924972884,215.97299050816537,159.5,77.0,0.11470034712197164,251.1829623341791,5207.827886978557,1305.994010181875,6774.102603771637,1407.7940408187415,1230.7308256659041,8545.43908458088,5.428501440778105,0.9913393901423305,143.02815613037882,171.5604468956394,203.8520811212008,167.5,412.52612230233467,5.194972023109706,2.5175488199026814,1.0021940488797794,0.004010829339080931,0.004156605159331568,2.5135647617389814,0.12581361627152804,0.6535982166568481,0.27429850373501624,0.12608965749536957,3.9251810038922213e-07,2.972488504430843,2.6217948340309447,0.16163160092285841,0.00012376136464848665,3.053841722017906,0.8172015708118053,1.3826747356060523,2.7240052301189213,4.6089143160339106,7.24904902735139,9.503719040752639,1.0722325725222073,2.033833047882985,2.877940586248296,4.7122023786324165,3.578465010427435e-07,1.0607439666215863e-44,0.0024240889144642188,0.001863602987388101,1.0334075924397303,1.340100341349866,0.8445023078305935,1.8529228851615063
iso,4000.0,310.0,300.801335320812,233.65995029071655,66.22991456887426,58944.484445206166,535007.6506160526,1570430.904880776,312565.6909123483,2478813.1701289783,593952.1350612587,325083.89576519275,273870.7354130019,2933362.7940112017,1610821.9355852369,299475.86259393796,567077.159109046,2478813.170128978,1266.331701276688,0.9946101353406188,82.57772168185761,156.37130819892587,194.04702591020586,217.69219507181276,160.5,77.0,0.12609489681551303,118.78054609661005,3348.935463063657,938.5790749277463,4413.257611300966,1105.1715755193213,965.6534035769517,5765.276808384316,4.00362896466175,0.9900901503193732,145.97264527089226,174.28003826649288,206.07373193116382,170.5,561.6742525479402,5.024322728117868,1.9002473794470893,1.0400498366161208,0.0040514097935073785,0.004265627768198387,2.5320212891472056,0.13070673718060305,0.6567128303346328,0.21509286673984865,0.13594152064931245,4.1817365430954063e-07,2.984932726954785,2.6526997558591363,0.1712015795846064,0.00018240506757279438,3.0722447940011905,0.8892677403793329,1.587411703955588,2.9642257854275442,5.291368069096118,7.584995131634952,10.287757860234755,1.1939269958163565,2.498712468659808,3.1021240704182564,5.275617770199007,4.034188667587109e-07,1.1958315302473954e-44,0.0017803913842652911,0.0013510237493571991,1.0304474125963454,1.390638149536639,0.9163436421792822,2.207515274541602
iso,4000.0,320.0,310.5046042021285,236.9625439532272,78.40094519042567,30417.4041993797,406468.2978234002,1473935.4976725162,303842.76248404465,2216514.310336922,436885.70202277985,328445.02758042235,276056.9430250662,2664118.2411468127,1511303.3878044554,291569.1182839853,412210.96985400096,2216514.310336922,1244.13237416263,0.9940588564720584,113.19661326920759,159.5592184744876,196.03790990398372,219.20366269891971,160.5,78.0,0.13708134482464,45.61609100530436,2020.4827933027977,652.652937641391,2723.9653102238594,852.6792404253306,744.4980976847876,3737.9667022339427,2.873759807501604,0.9883356780048619,149.7681342196781,177.67854054921656,208.76860602730412,174.5,813.7087142841644,4.850981098323563,1.4378677262247492,1.0809703838105067,0.004094658579297118,0.00440319753694364,2.5490534731363605,0.13523744330978416,0.6560342812813672,0.1683967787272412,0.146187671000129,4.450902243126022e-07,2.9960225002946523,2.6881132285713742,0.18267176822791925,0.00027989113002091585,3.0928861272318633,0.9604706339690054,1.85989727054628,3.2015687437791676,6.19964414609418,7.91080643257263,11.2804288633176,1.3210153379708798,3.221426696151738,3.316793607123839,5.992821316880701,4.511588286781666e-07,1.3373443756301094e-44,0.0012289409987205552,0.0009115586503908805,1.0283189853558767,1.4585839307241732,0.9876701877871233,2.7128162716165543
iso,4000.0,330.0,320.20787308344507,240.21973712355557,90.57197581197717,14709.227625095184,307032.1732814808,1376997.5749855859,294391.3733328394,1994962.588198337,321741.40090657596,331311.0622436049,277798.87716102344,2436804.5317077516,1411344.5988434162,282935.8268550829,299261.67456694535,1994962.5881983365,1218.9717774180858,0.9935107891577243,124.22128736718237,162.19044229977186,197.76905706134878,220.53263966130805,162.5,78.0,0.14756736546057542,12.49688124773464,1119.8467333858005,434.438306660324,1570.595000292453,645.2002022548439,563.1340792319774,2316.784771937812,1.992459409095006,0.9857469043099287,154.69579413022035,181.88054288709193,212.02888906386698,178.5,1270.1954277371726,4.677438606289424,1.0929036311903562,1.1254102268446027,0.004140650466818925,0.004586288498387087,2.5648666028236455,0.13942652939932906,0.6521590313533691,0.13196087238931306,0.15691204207945458,4.736094261895819e-07,3.0059275774816334,2.727405005817357,0.1954677141570231,0.00044993204135162563,3.114304526777791,1.030688365741573,2.2113413488519775,3.435627812938917,7.371096141107294,8.22768001419709,12.513833605865795,1.454235352288954,4.411619319006321,3.521343046111145,6.846329634386248,5.012625328994796e-07,1.4858639274582885e-44,0.000787280428005854,0.0005613372100361746,1.0270880224076806,1.5487345253780938,1.0586076752881166,3.424780694363221
iso,4000.0,340.0,329.91114196476155,243.43335221500595,102.74300643352859,6615.847149678668,231026.03909595043,1279907.1234308819,284314.0946207989,1803673.3580772744,237641.8862456291,333661.4960248493,279082.00437129155,2240480.8662589677,1311277.2894449541,273718.37689610705,217270.45776089834,1803673.358077274,1191.0904112804294,0.9929620280681863,129.73991680286454,164.41459076149263,199.30385293822263,221.73392267951374,163.5,78.0,0.15763058945655176,2.05493828313708,552.5033463146848,272.82630044656145,830.0852572038365,476.1542907548112,415.4704698420007,1366.5468679703388,1.3201448611090665,0.9817682961650069,160.74806654694393,186.99530014356364,215.9408225309911,184.5,2172.8772345060006,4.501736451504261,0.835842790567881,1.173566496834661,0.004189347041936259,0.004838774190568345,2.579843846147755,0.14337834294427787,0.6454515127885344,0.10378295920088898,0.1682640196510748,5.042955859627969e-07,3.0149824035946247,2.7685715163769666,0.2078631042097067,0.0007618880726289102,3.1336183684095738,1.1010818257988233,2.6306697338447376,3.6702726175604172,8.76878712614386,8.54131305463556,13.975021365011116,1.596615082196201,6.51970297842215,3.7196709698511876,7.725718026505811,5.544241120609585e-07,1.6434477635089275e-44,0.00046021928166012935,0.0003063211771912273,1.0267727379556582,1.6688605029900683,1.1305608009886727,4.390220815224878
iso,4000.0,350.0,339.6144108460781,246.60509288650175,114.91403705508009,2728.4157905784,173370.2110651365,1183907.1268087088,273674.282398953,1635464.5894471228,176098.62685571492,335501.84243801876,279912.09743012267,2067668.8562975165,1212346.4165907702,263913.4419376905,157813.53026838024,1635464.5894471223,1160.552633613674,0.9924088833013562,133.5139711155471,166.3289878275226,200.68710346984787,222.82842629806777,164.5,78.0,0.167337332868497,0.16006304885888492,232.75240696908608,157.41287649277257,392.1643616483604,340.70836909326385,297.2082532751236,767.233412960576,0.8216451707354726,0.9752885703446649,167.89432949874114,193.0382271632417,220.56266957745785,190.5,4170.354956714768,4.3259714300916645,0.6434606325157158,1.2259165877666784,0.004240634609290252,0.005219682080920473,2.5940739552295686,0.1471044831081871,0.6363697911644194,0.08197204728463485,0.1803378259771697,5.375166486916854e-07,3.0232752824029885,2.805306447085981,0.21380472594079866,0.001358241655349048,3.1423235616899174,1.1715729749601995,2.995204846363369,3.9052430160120113,9.983834824996118,8.852126768743407,15.442373342338103,1.7496422619142802,10.474054333294253,3.9114509851074244,8.160143793085172,6.114470508579187e-07,1.8124776076226824e-44,0.00023978774238146824,0.00014231577282132978,1.0272940618042448,1.8313777200372632,1.2035499601469462,5.485351422577508
iso,4000.0,360.0,349.3176797273946,249.73655460201488,127.0850676766315,1016.312269853573,130231.16152798597,1089301.5378486288,262529.9946430818,1484834.1854609626,131247.47379783954,336825.03519998305,280283.19369128183,1912629.8040086175,1114895.966567599,253614.3991174786,114951.59173443307,1484834.1854609624,1127.7186564510762,0.9918437525053606,136.34662322888104,168.02313026016924,201.96070063003543,223.84784794324884,165.5,78.0,0.17680761745230164,0.004358668500513413,78.81020549974141,80.29493523801496,160.29753706885546,233.82854433675516,203.91943079625293,412.9073487603096,0.46423001139936065,0.9642479913831223,176.1155341651962,200.03112592528527,225.94153988725617,198.5,9262.988144497536,4.149246029313985,0.49993325134628835,1.2829963892617597,0.004295580236400214,0.005781560319131746,2.6078304951158837,0.1506543216113383,0.6251018457448375,0.06522461278496729,0.19328895065402693,5.738556533936544e-07,3.030964694283101,2.8228506950363856,0.20293829921156847,0.0025274109582379867,3.1256124331336275,1.2430392403541857,2.9858102139430214,4.143463750255566,9.95260937486213,9.16505727986883,16.19344657563367,1.916904193978091,18.136610598152448,4.0984632120067,7.3476050496103635,6.73475873462297e-07,1.996346107503238e-44,0.00010795652379130236,5.307677198668147e-05,1.0285941984838642,2.0523588322714987,1.278582951116105,6.127953964072413
iso,4000.0,370.0,359.0209486087111,252.82923401262397,139.256098298183,342.88470281243093,98094.48976350387,997417.989604044,250902.86674782916,1348480.6008797784,98437.3744663163,337631.6293666305,280198.98786229215,1771924.9715467915,1020301.5794776953,242827.78757278432,84000.51309577702,1348480.6008797784,1092.329769737656,0.9912643918935305,138.60696189084948,169.53728145511937,203.14109706980014,224.8033660858908,166.5,78.0,0.1860633861429928,2.9985891277419535e-05,19.642471466824468,33.85547453491256,54.2103111725638,152.47119214350516,132.98700601938268,216.6630173321143,0.22839286872827863,0.9440560977684073,185.29112973239012,207.7469712193362,232.07086430410206,206.5,24874.983590986165,3.9753152386517074,0.39233260162487954,1.3456666866463842,0.004353596209944887,0.006746113349932654,2.6209219897981275,0.15395486986517037,0.6120191402396523,0.0523077116670011,0.20717193962453906,6.136034707802014e-07,3.0379363952880847,2.8004636843824575,0.16316450741087588,0.004819442339897401,3.055394012856915,1.3139817982691275,2.2551911140712475,4.379938729790831,7.51730110149643,9.47475988624277,15.189265161645277,2.0984220228711634,33.247757198938295,4.276091147122473,4.7572673456647845,7.415753696030763e-07,2.198209558594166e-44,4.020103154409177e-05,1.4566373037928234e-05,1.0305605120239234,2.3525027203803264,1.3541377548143476,5.3053432308301485
iso,4000.0,380.0,368.7242174900276,255.88453731778162,151.42712891973443,102.19428311753796,74236.15828297636,908461.8540577482,238976.67705010762,1223463.0695284188,74338.3525660939,337922.0011696778,279660.88932546123,1642489.2038879248,928757.3525337762,231714.53902792284,61664.648179131276,1223463.0695284188,1054.859378221807,0.9906605149528375,140.50681031367344,170.95473658041726,204.26723603963157,225.71914054556547,167.5,78.0,0.19532806751757587,3.0530189404119155e-08,3.043532196243079,10.709089857933364,14.136641654319071,91.9245030398886,80.1160956818652,111.21412998530626,0.08938308134350816,0.9045265664766361,195.3254081678976,216.31478279989034,239.35222188383582,214.5,86545.52470420883,3.8014665919355206,0.31106948796725864,1.4140375761389625,0.004414068315129465,0.008346468516863978,2.6335365043619445,0.15708840675091904,0.597166330243997,0.042317445279618324,0.222128909921601,6.573378150955769e-07,3.044404649914462,2.702881564886354,0.1003622299979116,0.009371686233780417,2.893511151567371,1.3853793075732654,1.062932465726607,4.617930130479486,3.5431082190575913,9.784693107764888,11.607893799788675,2.2989845179173467,62.23908821548341,4.44809893194194,1.8120899862451458,8.173520107848027e-07,2.422829932721463e-44,1.1554612481901893e-05,2.4876371604875672e-06,1.033077592795848,2.7460331716687434,1.4312043201769677,2.918847810128913
iso,4000.0,390.0,378.4274863713442,258.9037877383415,163.5981595412859,27.015292199136464,56523.982245002,823399.430623785,226779.8561418328,1108376.9874452767,56550.99753720114,337683.0882751539,278662.1311435053,1522845.5070922945,841224.9964405518,220344.75526538136,45507.40876778883,1108376.9874452767,1015.7490518056028,0.9900279269910851,142.1432755403227,172.2660413744474,205.3491850839248,226.6076985270712,169.5,78.0,0.20460534521250107,2.773749690719115e-12,0.22125824851897258,2.1533980980216367,2.5538234772549226,50.00935901248998,43.54302751126469,55.10994158304356,0.024609543967604983,0.8114568930538817,206.34401760698677,226.37933259879222,250.85575156772978,224.5,434006.89096830576,3.630831435525799,0.24936517069590597,1.489034758289819,0.004479009154897481,0.01142823706875853,2.6456603565025008,0.1599647274581575,0.5808049610303953,0.03454442093782523,0.23819303928555433,7.053744992152754e-07,3.050214244697178,2.4789029556382043,0.040395402704334026,0.01875891073807763,2.5660030194327734,1.4561003724030384,0.2413193381399338,4.853666627570674,0.804397793799779,10.093593001875016,6.456902916079765,2.520107544335192,115.49958946725985,4.608776204519836,0.3006299709580809,9.022201032023615e-07,2.6743995770474126e-44,2.3041108812095497e-06,1.9962363981316116e-07,1.0360684993233735,3.2056226959924317,1.5086197276998212,0.7735787473232438
iso,4000.0,400.0,388.1307552526606,261.8882322140214,175.7691901628373,6.34221466649354,43328.74937146114,742168.9650455145,214365.00888090374,1001473.2939794855,43335.09158612764,336929.20357392024,277216.54395305977,1411185.6925688335,757721.0084038094,208681.95397985203,33799.59915020181,1001473.2939794854,974.9537210178579,0.9893551120343872,143.6266523590456,173.5422412496073,206.4078569652096,227.48222605505111,170.5,78.0,0.21404965081904107,1.3005100337657731e-17,0.004676493251696608,0.21557846427356897,0.28734661368489456,23.42627932335734,20.34137370124592,24.85337776836721,0.003312573776672676,0.5651194344779257,219.2675273755489,242.2376895651724,277.61367098336035,231.5,3485244.809871694,3.4621740223370434,0.20215562144381322,1.5717546689772972,0.004548101045537332,0.015365977245616804,2.6573020959770868,0.16258645864914786,0.5629026135188556,0.028463485863967308,0.25554602549428246,7.584561468214113e-07,3.0554060741429376,1.9510254608315643,0.00858677628107245,0.03983132689068531,1.9155938480946832,1.5258449237184204,0.016598639063277437,5.086147986142471,0.05532879687759145,10.400795279747271,1.8617840591338513,2.7663418249208687,180.83135054697317,4.75752248584351,0.015495820829387812,9.985288734224442e-07,2.959882169851904e-44,2.8692389044453206e-07,4.669613538184277e-09,1.0394604858800178,3.5287151606154756,1.586055505785908,0.05857186930817135
iso,4000.0,410.0,397.83402413397715,264.8390474214673,187.9402207843888,1.3032878819759188,33367.266143142166,665397.4077888723,201862.16998067228,902186.9624312011,33368.569431024145,335652.8639594386,275316.90658374573,1306913.5627968227,678820.4160892506,196920.45575830014,25206.95758668715,902186.9624312011,932.5954940521532,0.9886386024115719,144.9965238571973,174.78382300895493,207.4533641439588,228.35164474093216,171.5,78.0,0.22374760264402055,9.695506420338603e-25,6.285308679784821e-06,0.01125194800954163,0.02950873998828725,8.899545532534054,7.688192518618879,9.354634192929485,0.00015802321111962948,0.11665455435240621,253.99298051632832,274.88480142288523,291.45857350552797,277.5,30573550.845929086,3.296295724219066,0.16530372894643455,1.6627824024262514,0.004619961700309903,0.014044075833413565,2.6682855696037167,0.16491325972567814,0.543602872900781,0.02360783269612735,0.27421486619860747,8.169597093971005e-07,3.0599322630706087,0.6892106063104696,0.0006829237637932973,0.060693825034934326,0.7025643063594552,1.5931163975495939,0.0004013462554680611,5.3103856729863566,0.0013378208515602036,10.70050097793048,0.14076935340396543,3.0400348849328163,172.32214061947727,4.8913117551591965,0.00040607870968109827,1.1084177023631706e-06,3.2856193559312054e-44,3.2708009777449565e-08,6.966747405490385e-12,1.0431709748127989,3.3774082871350837,1.6618927854220642,0.001355510169228464
iso,4000.0,420.0,407.5372930152937,267.7573451953003,200.1112514059402,0.23508094579968594,25823.389915844964,593438.1577840323,189297.80056283055,810070.4563533297,25823.624996790764,333876.86632433895,272988.31160683226,1209586.5091207568,604948.786221631,185028.07028068192,18888.02969901673,810070.4563533296,889.1313343526258,0.9878715031078924,146.30265165134733,176.00454267333896,208.48729634181709,229.21681603233134,173.5,78.0,0.23368066206856486,7.202129002638788e-35,4.090633262406468e-12,0.0007745583118136175,0.003195608457024142,2.3611912969463518,2.017741394439035,2.4762979343796085,6.893870619019945e-06,0.012360858051566084,265.16920530020934,279.9038932009166,295.1082508837683,279.5,253494903.1608505,3.1349448119290853,0.13641798753081416,1.7637651643687249,0.004696997702609391,0.00890038943985772,2.678592339998164,0.1668378163637343,0.5230273468430662,0.019709882145957758,0.29426272860170094,8.813510556788456e-07,3.063612928827226,0.0,2.1569825159834704e-18,2.784790354819027e-15,0.0,1.6562592996956056,4.455490139542785e-05,5.520861425712901,0.00014851633798475947,10.990663301789143,0.0031308705179797745,3.344201959826118,109.36697777880102,5.003021542885203,5.1668209363709685e-05,1.234460523966854e-06,3.6592409008184035e-44,3.944852490250933e-09,5.04972528046653e-18,1.047146106730031,4.157694526443336,1.734345477411661,0.00018524566965799294
iso,4000.0,430.0,417.2405618966102,270.6441774229777,212.2822820274917,0.03723630526521772,20042.22537310783,526379.8400402062,176858.94309001951,724741.66062609,20042.262609413097,331580.1483212682,270210.6225587549,1118781.0122555962,536106.4192912787,173257.62727060958,14207.490784886768,724741.66062609,845.1534323923551,0.9870419762286466,147.57445347837046,177.22367725305975,209.5262940780758,230.08528108681747,174.5,78.0,0.24403032514680412,2.1247795692597127e-46,5.545369976258169e-18,1.4126555239424723e-06,3.233117171880953e-05,0.36129129639847546,0.3019203935223383,0.3783525919440261,2.6217113561409393e-09,0.0003205301565490815,278.94971946397965,292.4001458807876,306.2447383132014,292.5,22416189148.024353,2.9762692846823353,0.11332343312269924,1.8748282813863537,0.004778686435789566,0.0018558744943170614,2.688280682915864,0.16839535447584145,0.5011899212096409,0.016525998972506672,0.3157123730253876,9.521449779903401e-07,3.066546652195117,1.6858739404357614e-07,3.980894332111656e-21,2.8180219909533802e-15,1.6858739404357614e-07,1.715299483899809,3.918962588250936e-07,5.71766145718037,1.3063208627503123e-06,11.27155785160565,5.679022017819614e-115,3.6859343415813064,22.883934435674504,5.093980665288338,3.942249770341936e-07,1.3798020099136011e-06,4.090068375360101e-44,4.461061572047516e-11,7.65151263895556e-24,1.0513319649575363,5.719800062947185,1.8033491768990342,2.2415682458965367e-06
iso,4000.0,440.0,426.94383077792673,273.5005404745761,224.45331264904314,0.005139853290365627,15543.13246143493,464199.02971896256,164557.4602864598,645707.7703518544,15543.137601288221,328794.4905248148,267016.97314119077,1034019.0189949946,472349.6669295104,161544.3063092204,10681.14206224525,645707.7703518544,800.141215125352,0.9861482485542982,148.82998502776715,178.45546707870395,210.57377660675095,230.95674039226842,175.5,78.0,0.25484819579728824,5.694636301983506e-69,1.9119167795685768e-35,1.1297784025638272e-17,5.286838654046818e-12,0.019704330881150763,0.015171056160165078,0.020632807208332188,2.838293523222884e-22,1.3468523124651871e-10,315.9115688511981,328.86094876896533,341.9095224905197,329.5,1.2213494918321301e+17,2.820893254616898,0.09445416557979748,1.9980527771421182,0.004862381892212453,2.5122568432728856e-05,2.6969730104201006,0.16949573009444271,0.4781293617097799,0.013864294336184328,0.3386614142289322,1.030009394890918e-06,3.0685859068219123,,,,,1.7669832342604639,,5.889940134220793,,11.53042698119509,,4.067673381397183,,5.158231206970273,,1.5486881928880726e-06,4.590688051992126e-44,8.187664601226577e-18,2.960962942302443e-41,1.0557032939036401,5.926194552716381,1.8654100206812791,
iso,4000.0,450.0,436.6470996592432,276.32737922039183,236.6243432705946,0.0006101702917668859,12022.232206985891,407328.44786164805,152459.45776777985,573163.9935775223,12022.232817156182,325522.0533679687,263407.6056619929,955502.1893941954,414068.31882775505,149991.76233069962,8010.3597842538,573163.9935775221,755.1379597428622,0.9851816842216196,150.096873804903,179.68494960936604,211.6167512930921,231.83054609691777,177.5,78.0,0.2659962235523073,0.0,0.0,0.0,0.0,0.0,0.0,0.0,0.0,,,,,,inf,2.6717164931943707,0.0788552772860308,2.135138469820553,0.004953041095640378,,2.704747130372578,0.16999416866178924,0.45417622416056797,0.011608675707717965,0.3629610891549497,1.115012286877719e-06,3.0694720684156573,,,,,1.8094132836799492,,6.031373352346602,,11.767357594489601,,4.492521284692784,,5.186419521587975,,1.744701361574184e-06,5.171718704677861e-44,0.0,0.0,1.0602109412909417,,1.9183597606746527,
iso,4000.0,460.0,446.3503685405597,279.1255906822863,248.79537389214605,6.271507750633003e-05,9257.866509071991,355272.4226532689,140694.75723723497,506523.2816018911,9257.866571787068,321779.3028497957,259403.08037821847,882638.0080083439,360775.4355656436,138720.11105848194,5974.581002599167,506523.2816018911,709.9857372514086,0.9841304278553001,151.37883655487934,180.9421730550883,212.67705339817067,232.71430897408612,178.5,77.0,0.2777656276573994,0.0,0.0,0.0,0.0,0.0,0.0,0.0,0.0,,,,,,inf,2.5251290782230074,0.065801077123128,2.2870738694777506,0.005046284248205877,,2.711434116381773,0.16996145558415104,0.42917461367264786,0.009685038169373671,0.3887144038849151,1.208015557378357e-06,3.0693525939411392,,,,,1.8418054515496571,,6.139347193533545,,11.975255589016447,,4.970757247966361,,5.1826159592632575,,1.9742429150294492e-06,5.852135635420844e-44,0.0,0.0,1.06485019927843,,1.9612469021147512,
iso,4000.0,470.0,456.05363742187626,281.89602735877685,260.9664045136975,5.398663569286276e-06,7069.765363830172,308162.698689171,129239.47671967404,445713.08124785,7069.765369228835,317561.6624690303,254996.9223644489,815342.727956134,312552.52707460226,127728.85430331848,4420.35676329977,445713.0812478501,665.0905371811889,0.9829905590071157,152.68114278862515,182.20533922954993,213.74363275043092,233.60542197322744,180.5,77.0,0.28996114800545236,0.0,0.0,0.0,0.0,0.0,0.0,0.0,0.0,,,,,,inf,2.3844316497627815,0.054702831895268804,2.457156826453539,0.005146187171771043,,2.71692359639968,0.1692115146511523,0.4034732910385062,0.008015998269251222,0.4157792283396219,1.3092865968358826e-06,3.067870200982047,,,,,1.8609436379871405,,6.2031414118698,,12.148400812711078,,5.504288498527635,,5.135604984826438,,2.2435958065227276e-06,6.650563044131056e-44,0.0,0.0,1.0696071559200278,,1.990478631954895,
iso,4000.0,480.0,465.7569063031928,284.6395002588103,273.13743513524895,3.949357968516736e-07,5341.763709590899,265603.8985082442,118185.62806852696,390314.70825917076,5341.763709985836,312913.04178026086,250234.04591151534,753227.7460384931,269091.8000126577,117027.71494460432,3226.323602141259,390314.70825917064,620.6460881030517,0.9817419531279014,154.0311144338121,183.50176790893502,214.8247219874365,234.50996678872346,181.5,76.0,0.3027957326938629,0.0,0.0,0.0,0.0,0.0,0.0,0.0,0.0,,,,,,inf,2.2473451539661022,0.0451980820111947,2.6476403848260306,0.005251451451805847,,2.7211376652555894,0.16776655753372388,0.37702936007098964,0.0065666412582416275,0.44418551294952713,1.4195174174346197e-06,3.065047855541873,,,,,1.8661167303495645,,6.220385575197686,,12.282402642091858,,6.105861018413132,,5.047331870274922,,2.562035144563385e-06,7.594494605784783e-44,0.0,0.0,1.0744728201365374,,2.005091705962671,
iso,4000.0,490.0,475.46017518450924,287.3567816748202,285.30846575680044,2.228366179937726e-08,3986.5268251782045,227719.0343976234,107637.80588568845,340468.2182337515,3986.526825200488,307815.1951995382,245097.11072708006,696420.2027452932,230389.4581576165,106836.9122037545,2316.554238851809,340468.21823375154,576.8746961802731,0.9803960937776843,155.39239276411612,184.8069122543812,215.90785115323007,235.41928639655723,183.5,77.0,0.31614641285486667,0.0,0.0,0.0,0.0,0.0,0.0,0.0,0.0,,,,,,inf,2.1156045733546582,0.0370364928232947,2.8597312316681607,0.00535940593951641,,2.72374739205888,0.16558114176768984,0.3503042207850106,0.005310783769739221,0.473517562488336,1.5383176979985761e-06,3.060759862087188,,,,,1.8548189313295027,,6.182726948358156,,12.364871136272425,,6.7741791225759,,4.916259121054843,,2.9371317099367e-06,8.706371953923776e-44,0.0,0.0,1.0794260641530806,,2.0021398987616283,
iso,4000.0,500.0,485.1634440658258,290.04860772193905,297.47949637835194,1.0131792688299926e-09,2926.22384057274,194074.72716379838,97596.9837270007,295663.7556538697,2926.223840573753,302330.831633326,239648.26036173297,644452.9737803473,196068.31305800338,97090.69795971265,1623.6047128055409,295663.7556538697,534.2065691815709,0.9789324553234032,156.80274250997508,186.13507849859653,217.0021252039335,236.33994894222954,184.5,76.0,0.3300945139899272,0.0,0.0,0.0,0.0,0.0,0.0,0.0,0.0,,,,,,inf,1.988532019664319,0.02998272824454306,3.0977476976031246,0.005473597121360421,,2.7248378078928535,0.16261796027776784,0.32337102098484166,0.004222382275857722,0.5037494120393716,1.666219119359718e-06,3.054865848002773,,,,,1.8269961145989027,,6.089984992878063,,12.397255977198189,,7.524032844529233,,4.741910478940797,,3.382220447644888e-06,1.002572310521192e-43,0.0,0.0,1.0844626233009653,,1.981308999198597,
iso,10000.0,100.0,98.79156063132233,152.62933010928845,183.82344331285947,50985080.051202506,5608860.95953363,907753.1209265625,117071.70457620997,57643925.47616968,56593941.01073614,70720.32145967669,61631.374574441936,60192131.674750194,933966.045278196,109935.82553734869,56599633.37839749,57643933.3730337,412.43699008835546,0.9999275859653095,17.967512536229954,30.558379806289306,49.61629035527127,67.05650322272962,24.5,33.0,0.002030946081640607,11740649.622478731,215614.25296842938,26665.18042625095,11985280.603078498,14586.914779405452,12848.098034656394,12506585.890386371,91.59185598185267,0.9999230188019987,19.321871765206318,32.251016640883776,51.48717901465671,26.5,4.809559941497195,7.7538216788809455,483.41263344205663,0.6040769775726637,0.003522943409608186,0.003434886039311538,0.9856303592127372,0.004927144614323717,0.03820420072552474,2.062676863609825,0.0029763746266840987,4.208655398125089e-08,1.8123988900108705,1.0263114533241084,0.005498107294875953,2.0619051538324698e-07,1.8550876196418524,0.002733374289027336,0.0031157621504026584,0.009111247630091121,0.010385873834675529,0.4569216345762586,0.4865949047653088,0.002751495022297434,0.003136289813623639,0.008916299364306313,0.010517182591916448,1.734788170200875e-08,5.142333597072892e-46,0.20791923006758586,0.0037404505537633015,1.015058525183596,1.0944485697266175,0.002774534874594848,0.0034100414291165196
iso,10000.0,110.0,108.67071669445455,157.91152499265786,171.652412691308,40821240.914080344,5384950.6522627445,926415.7490499612,120922.38818321071,47261502.45212009,46206191.56634309,74381.16402320017,64744.94651689633,49331392.98295939,953111.7054742135,113625.70010138076,46194352.01934611,47261504.313286796,427.9788324862356,0.9999082315745826,19.807421962996937,32.750434301404326,52.05179024639568,70.36727835164571,26.5,35.0,0.0025585811264827087,7892225.972180707,188493.38516131038,23583.273554723208,8104739.910994046,13053.704888359618,11496.382462323836,8457181.010896426,81.24540506247207,0.9998989057896496,21.46890992564965,34.74434499667724,54.31115159356848,28.5,5.831341038841981,7.661242578556582,382.1144476268169,0.6151149108178754,0.0035392853128057692,0.0034450435760730266,1.135403030142779,0.006658996360467283,0.05101618644726526,2.203535888081062,0.004096047952405389,5.506834971186784e-08,1.9209647020029068,1.1944675666131872,0.007709737397740857,3.2691548863439137e-07,1.9780037000936737,0.0040436830588126355,0.0049065045443521076,0.013478943529375453,0.016355015147840355,0.5610605378360618,0.6140291025648531,0.004078577892718421,0.004949893772063602,0.013638215655752647,0.01721250353031602,2.1158870287991476e-08,6.272003200566387e-46,0.1714871404946306,0.003988307086772583,1.020287236387677,1.1065087921184724,0.004125718212903612,0.005429090416894846
iso,10000.0,120.0,118.54987275758678,163.02265806139795,159.48138206975656,32331611.489644185,5115826.27155327,941706.9746476964,124472.5226938652,38516193.225570135,37447437.761197455,78047.43338154239,67849.03958198855,40209846.85655094,968789.4785749045,117034.60065402946,37429938.205134615,38516193.66843346,442.58589529833347,0.9998833890153722,21.689246519878054,34.95816526716341,54.55210666140496,74.37928193334497,29.5,36.0,0.003231693276770415,5232558.2749545295,163598.9026296268,20741.395356329533,5417040.541142457,11638.853715495248,10248.506920969745,5655230.841403594,71.70865198601355,0.9998663248647048,23.70544116881949,37.30890565101606,57.295936431859076,31.5,7.110191059682755,7.565581176206929,300.84903037835755,0.6270254004050089,0.0035556915351258236,0.003457272317222893,1.2773134180404695,0.008816172748853195,0.06669947059491223,2.296923862039745,0.005527964247889402,7.082826440768933e-08,2.0251242657035537,1.3540460152427898,0.010584541931955039,5.103100225474954e-07,2.0960653788140986,0.0060360584294340625,0.007842454411019491,0.02012019476478021,0.026141514703398306,0.6867876836591925,0.7738436955549407,0.00610380819266418,0.00793569726584343,0.02092937466317665,0.02838008880655879,2.5963105807043254e-08,7.696095325601471e-46,0.14064319673072445,0.0042475356188891675,1.025419268254662,1.118751002148833,0.00618949061785266,0.008773753731634592
iso,10000.0,130.0,128.42902882071903,167.9783449058245,147.31035144820507,25332414.47727125,4808528.044381249,953597.886728231,127731.898335309,31223312.088320997,30140942.5216525,81697.7850781834,70932.5595156304,32612672.264633894,980952.6485581676,120183.126192537,30121729.09394784,31223312.165046327,456.3983463962468,0.9998514434199653,23.600770347319454,37.19183141618907,57.17351040808098,79.94009084967088,31.5,36.0,0.004090914441555571,3421078.6028998536,140948.72874632574,18137.933131920956,3580252.5960883577,10340.21647483204,9102.707051272078,3740431.012041373,62.952342915128156,0.9998221110278326,26.029436044172886,39.94859125504544,60.52951111010489,34.5,8.720980224254108,7.465620562726949,235.97036382039445,0.6396036240197304,0.003573096089108106,0.003470756147200604,1.4114661987956423,0.011488608429087579,0.08576959132531438,2.347700981954399,0.007348155586188037,8.994314324624561e-08,2.1247056136736404,1.5044348097960996,0.014293628509502046,7.880516708018227e-07,2.2087874405176824,0.009065037300167245,0.01265728117570484,0.03021679100055748,0.04219093725234946,0.8385657274190448,0.973986115241762,0.00919712085594843,0.012859689919267081,0.03213767088844886,0.04693045610761276,3.202735178034004e-08,9.49368516077928e-46,0.1146660093573975,0.004514214518550301,1.0303640907929323,1.1311439596004769,0.009340288915790841,0.014317207146863353
iso,10000.0,140.0,138.30818488385125,172.79196067293412,135.13932082665363,19635169.58745298,4469661.410917255,961956.696253478,130653.59339777572,25198163.23284098,24104830.998370238,85330.01165034783,73984.6965907127,26339555.559638932,989487.4394119693,123016.68139899062,24085196.65964876,25198163.24954576,469.1941272493772,0.9998104772675895,25.542317473208193,39.448240597886645,59.94719983002368,93.19609857843115,33.5,36.0,0.005185044330036476,2202878.9696355215,120613.17725710188,15778.575307925395,2339343.6844002656,9152.649790054458,8054.8042292353375,2446548.931084706,55.02477317259829,0.9997616163511963,28.478312927519713,42.72276471481578,64.21035553057439,36.5,10.771466972071272,7.362650128762969,184.4942061791054,0.6531011465605853,0.003591130676528066,0.0034873093481995157,1.537482918635038,0.01476618821282418,0.10871827754648818,2.3592231654856812,0.009643814452124871,1.1301784994055558e-07,2.2193161430835135,1.6461437380063284,0.01905477468663267,1.207635943979155e-06,2.3161472234482456,0.01363674412910935,0.020563440580181575,0.04545581376369784,0.06854480193393858,1.0207836540695863,1.225324203339159,0.01389392883121041,0.021005544831553077,0.0491892465725339,0.07762277468296518,3.968543225788344e-08,1.1763726264656506e-45,0.0928378653151742,0.004786586075444805,1.0352037881042857,1.1439064121635405,0.014116809179862877,0.02352265153581366
iso,10000.0,150.0,148.18734094698348,177.47506582360657,122.96829020510218,15058872.88912706,4108093.107356873,966801.3728139391,133242.0349411145,20267663.4751723,19166965.996483933,88917.92398948455,76988.2179353401,21207314.421624012,994399.957539025,125548.61646349536,19147237.96668785,20267663.477696676,481.0290433456163,0.9997580624058741,27.501192251342466,41.73910394242882,62.94902196172572,131.78699724782618,36.5,37.0,0.00657411916792159,1397132.721570397,102359.55473472935,13643.93968662483,1513199.7828652267,8068.177702063091,7097.597288646438,1584828.6435510674,47.819575253840625,0.999679252685158,31.049045643521296,45.63881071286538,68.60867838209005,39.5,13.39391117066889,7.2559787400515985,143.85074503668946,0.6673413838867087,0.003610189859065152,0.0035048216535813487,1.6552451381863384,0.018738393452641104,0.1359653845150859,2.334330589853338,0.012504905418499154,1.4063424850065085e-07,2.3086362655580595,1.777680482648354,0.025047657727568617,1.8358083004517285e-06,2.417026242898617,0.02046086063213479,0.03331141866862948,0.06820286877378265,0.11103806222876493,1.23803541540276,1.5361978877480358,0.020958114383145977,0.03427108806516156,0.07476327963495291,0.12735831265372438,4.9339678509315624e-08,1.4625479400049756e-45,0.0746607908069365,0.005050387522968242,1.0397707715486955,1.157144870049324,0.02127460484602512,0.038546137226469886
iso,10000.0,160.0,158.0664970101157,182.03773319010034,110.79725958355073,11413853.359062761,3730643.1720839464,968087.067510064,135482.78804119892,16248722.668803375,15144496.531146707,92450.88089164943,79929.5055311739,17024727.48747761,995643.0911772372,127759.77978661329,15124829.136884945,16248722.66927414,491.7704311736116,0.9996909737140829,29.49687468163288,44.08148193829745,66.32364477624166,145.51644877876095,38.5,37.0,0.008338057753999222,870560.8556657203,86229.87190047669,11724.338681372288,968570.4595126521,7088.570486833013,6233.3881370700055,1016464.280184365,41.3297449160525,0.9995659606554179,33.794470507532914,48.793168691652895,74.59624984918467,42.5,16.775984141596798,7.145461659791638,111.78170120429927,0.6823810037296847,0.003629763147655843,0.003525123765122675,1.7649250832826138,0.023501487683288642,0.1679289791890044,2.2750134133445252,0.016036968754463324,1.7346474798069613e-07,2.3926706401163456,1.8991616813045318,0.032460632248395176,2.768653578727545e-06,2.5110331511799004,0.030524017656233617,0.05349680748190554,0.10174672552077872,0.17832269160635175,1.495255963088085,1.916791779641431,0.03147530034110145,0.05555425460517677,0.11257548915929554,0.20617764599935412,6.154329914928902e-08,1.8242929040347964e-45,0.05960902153695148,0.005306870801975908,1.0441164903344402,1.170832931398433,0.03187063018613313,0.06263582392449708
iso,10000.0,170.0,167.94565307324794,186.4888029370311,98.62622896199929,8542887.901824012,3347247.5102177365,965808.9658885024,137344.61619740672,12993958.397376893,11890135.41204175,95923.09827905035,82805.99539486016,13638114.236894995,993215.5192196262,129619.13036694225,11870620.138849655,12993958.397445563,501.35726969310195,0.9996053588584373,31.52999264540846,46.49730745318038,70.35169224633253,155.80496478897325,40.5,37.0,0.010569882709885592,532378.1159414536,72034.76316625382,10013.910048944776,614474.8247758836,6202.511426884868,5451.835062103113,646671.9731894217,35.542738561286484,0.9994103241575626,36.74247290729521,52.27829060881416,86.5587997127308,45.5,21.146445506723826,7.032011830011131,86.57154347391342,0.6984117829648245,0.0036503598289757233,0.0035493367113909545,1.8664471229678672,0.029119378690371834,0.20476781543326877,2.183107677424472,0.020337317189970512,2.1201689222763763e-07,2.47110953643734,2.010122243812772,0.0413853417952849,4.13278545473313e-06,2.597416727274716,0.04507800901752711,0.08447039897115546,0.15026003005842367,0.2815679965705183,1.796115252553864,2.3734319374156545,0.04686887152640739,0.08877338379948302,0.16727321480632124,0.32676218533060114,7.6958842672751e-08,2.281247065583286e-45,0.04728927136629346,0.0055437120054806065,1.0480591894631093,1.184897163056851,0.04724442159352019,0.10008873610320246
iso,10000.0,180.0,177.8248091363802,190.8360839484595,86.45519834044782,6318646.884047869,2966758.5114529775,959981.7521034895,138833.8318521482,10384904.86597693,9285405.395500846,99311.55734216457,85597.19686491422,10924035.931226283,987129.3662108028,131132.89808979785,9266127.008897616,10384904.865986776,509.74942790342857,0.9994970587782747,33.610565033342276,49.01336502348425,75.64516441268209,164.3938397038404,42.5,37.0,0.013368811139233081,319124.214996209,59680.6064165628,8501.198310441527,387347.46057853935,5398.356782371505,4742.418781781508,409225.6679006212,30.361065563286104,0.9991989184719179,39.95177121545464,56.23223304708816,133.1544505393211,48.5,26.81030837394961,6.914609640147561,66.88143136025653,0.7153267760262276,0.003671651362661292,0.003571386580406597,1.95936338488849,0.035592496473320606,0.2461082192313407,2.0614931771046088,0.025460265752985305,2.563676014591675e-07,2.543439362927769,2.108980015915523,0.051732593404175985,6.085329563555276e-06,2.6752672665772184,0.06551983140312807,0.12961538240634446,0.21839943801042686,0.4320512746878149,2.1410188288264407,2.900076096410348,0.06881042952349616,0.1382435276095273,0.243985311915529,0.5022536203723422,9.62936120172082e-08,2.854376602085397e-45,0.03729908608480072,0.005746861159228204,1.0515250692588134,1.1990965691004674,0.06889574525400002,0.15542136034609272
iso,10000.0,190.0,187.70396519951242,195.08651478941374,74.28416771889637,4609093.45317524,2597080.334710909,950658.6926052294,139943.80026233473,8297473.810924949,7206173.787886149,102607.73163340874,88295.11221622533,8753222.705021625,977434.3893184762,132296.58732610362,7187216.143391146,8297473.810926437,516.9720173439358,0.9993604567473019,35.74529497068876,51.67478938145229,84.97169611052308,171.90346422060816,45.5,37.0,0.016865832113633957,186878.50777980752,49002.741954469384,7164.0010156980825,243080.81323982097,4682.518089366784,4110.876757220827,258186.46506025016,25.78570567529925,0.9989129377136997,43.49606014090861,60.944518081268384,149.35041976206585,51.5,34.13463078527201,6.7931461831331665,51.49334071518465,0.7332066975533261,0.0036941401932406763,0.0035993442238208017,2.044003738848947,0.04290364992606447,0.29145076573772644,1.9132124602497536,0.03145724347527373,3.0657771080704176e-07,2.609685299869685,2.1961685521189214,0.06319091351304337,8.820617609430344e-06,2.7438013279062936,0.09345031847387442,0.19179180815290706,0.3115010615795813,0.639306027176357,2.5301072937775446,3.4885540181156656,0.09932934347561953,0.2082277147492812,0.34843958482963766,0.7417763705387632,1.2051860877021876e-07,3.572464359610071e-45,0.029295761430396593,0.005905742286278681,1.0544300074780972,1.2130443101194317,0.09853682000723797,0.23265196160740154
iso,10000.0,200.0,197.58312126264465,199.24629373862092,62.11313709734492,3313734.856967128,2244805.07631227,937871.8390539868,140668.85811449782,6637790.464673712,5558539.933279398,105800.54350282326,90890.27601800517,7027876.200401172,964183.6407826444,133098.40767160204,5539971.639326777,6637790.464673888,522.9280774151766,0.9991897944880862,37.95859677047927,54.54093481738526,126.25609240865468,178.588460374422,47.5,38.0,0.021192120911790874,106470.05671078386,39875.176051151764,5999.1758309831175,152374.74498637352,4040.65655225366,3544.948654302619,163018.29774399885,21.76257379631921,0.9985325836504492,47.50682800247146,67.03547923711731,161.0258395959718,54.5,43.56227447840725,6.667231479839009,39.515071123666964,0.7521248478231521,0.0037174402666263046,0.003627593924472932,2.120255425042394,0.05093999963024459,0.3396287691177542,1.74316941549924,0.03831323947000914,3.6212705721106964e-07,2.6696253515588158,2.271493519878834,0.07534961622559827,1.2559994630670846e-05,2.8031929143593493,0.13021734024863701,0.2719907640399791,0.43405780082879014,0.906635880133264,2.958437159447147,4.117443179732828,0.1403667355155059,0.3013837163394669,0.48529483011510643,1.0483149544651347,1.5065254098061623e-07,4.4657073196396e-45,0.022955642513470584,0.006007296594155428,1.0565689824535158,1.2259373715218929,0.13758360268430567,0.3334436423454034
iso,10000.0,210.0,207.46227732577685,203.3209848600815,49.94210647579346,2345609.40529387,1916561.2633478597,921793.474966297,141006.82626192068,5325691.615910259,4262170.668641729,108874.58331498898,93369.5340730501,5664476.998089229,947540.4075802412,133537.23730197886,4244068.165548653,5325691.61591028,527.5484680231316,0.9989792599045141,40.27505963074294,57.70785971000384,141.93060344292508,184.5903386995363,49.5,38.0,0.026476716346224265,58939.345531843224,32127.33835973644,4986.314213729608,96078.7410616196,3469.923820094853,3042.117778821381,103769.6343018056,18.236873496965718,0.9980430717034596,52.10299753954871,76.38475128148873,170.3473411904654,57.5,55.43048917028018,6.537225887589742,30.226697399207698,0.7721227844157988,0.003741297368421075,0.0036573855387514987,2.1881546385802175,0.059512648205549135,0.3890476244883371,1.5578221203641935,0.04595107164042649,4.220550861488378e-07,2.7231549574752654,2.3347933281485638,0.08746686183668974,1.7541385898997978e-05,2.852953622842101,0.1766143744416132,0.36697844914450073,0.5887145814720439,1.2232614971483302,3.4172398508773885,4.752841170010775,0.1934521357431936,0.41579504665701095,0.6569850900352127,1.4073453876540438,1.8776903961403735e-07,5.5659305123435874e-45,0.018040612936466086,0.006032519469162933,1.057859600592471,1.236928866272692,0.18683321160569405,0.45392623704681806
iso,10000.0,220.0,217.3414333889091,207.31560529870913,37.771075854242014,1635271.232663913,1615287.1598093621,902343.4904936941,140962.94468220475,4294594.812311091,3250558.392473275,111819.09146064286,95725.28604379804,4593657.416267873,927424.863261418,133624.82736236788,3232991.3433194286,4294594.812311094,530.8991275762954,0.9987235525492432,42.69955635021597,61.2832018424739,152.39409546920132,189.98467552645735,51.5,38.0,0.03282333976609705,31581.43009178648,25609.022819852646,4108.336775302952,61320.486586244115,2965.0756746188667,2597.53582139242,67026.17432772758,15.18306603863791,0.9974386903975255,57.51844238044949,120.06140463786733,177.9851304947267,60.5,70.03523702100708,6.40128150364616,23.05966578522836,0.7932516713008122,0.003766231819101013,0.0036956722072810835,2.2479993603743775,0.06837290562661925,0.4376742161382223,1.3653844012778165,0.05423692166000843,4.850416950409429e-07,2.7703279548813966,2.3875779308542597,0.09886865934515221,2.4065373593395722e-05,2.893510256803773,0.23258565150263216,0.471390942858432,0.7752855050087738,1.5713031428594508,3.8952290596123573,5.371386358084555,0.259321955519547,0.5467225173342057,0.8625125048138651,1.7932070204693715,2.3285083778645473e-07,6.90226453479451e-45,0.014278526675080002,0.005963082418495126,1.058223958043904,1.245073406034578,0.24612770871733547,0.5869163267985992
iso,10000.0,230.0,227.22058945204134,211.23469770912834,25.600045232690555,1120733.2726970282,1344871.714802067,879899.3799957164,140535.0795960525,3486777.220932077,2465604.9874990955,114630.73779493291,97954.17601565314,3755284.076068212,904202.7386597572,133355.4773923638,2448658.3968118443,3486777.220932078,532.9372997006387,0.9984184287691559,45.272991714978275,65.5096749563343,160.66123922360572,194.82432364085824,53.5,38.0,0.040305150197833685,16268.323839030885,20176.781882957115,3357.452983440584,39820.7429357611,2519.663766530014,2205.6205286680456,44156.9141084774,12.538767886531542,0.9967297732839913,64.37250706144279,139.7513249224312,184.26002137038873,64.5,87.56183244890616,6.261065795990996,17.54440951388163,0.8156734825526991,0.0037922012157568697,0.003734607140702924,2.30023815221495,0.07725235331651835,0.48368206700986455,1.1737304348815962,0.06301269606507608,5.497015658906582e-07,2.811402843017084,2.431040417608359,0.10927698316521452,3.254758404784326e-05,2.9264816792674893,0.2970931126167134,0.579507820052467,0.9903103753890444,1.931692733413577,4.379555185698712,5.95095885240545,0.33765657914911146,0.6883483414143602,1.097211069755102,2.1852541314929725,2.867977896599549e-07,8.5013832505202e-45,0.011420501056593549,0.005786656446483123,1.05752131888932,1.2496688490292638,0.31418230028736005,0.7241928704884242
iso,10000.0,240.0,237.09974551517357,215.082390799813,13.429014611139099,753515.2765908077,1105906.3726611538,854534.0135398041,139719.44738922798,2854419.1307353536,1859421.6492519616,117285.17340146833,100033.42170330246,3099521.707868225,878004.41878041,132722.49612529,1843125.8640401927,2854419.1307353536,533.6741044309506,0.9980611613540659,48.036167429126834,70.90649220542127,167.5418028126709,199.1578530526934,55.5,37.0,0.04894846936975004,8096.0855055610955,15699.219283586803,2717.7803202805585,26528.211775054864,2127.8139304550486,1860.9826712862935,29893.81058245639,10.263015292711012,0.9959640676306496,73.92144191604838,149.86313334440527,189.2119909739413,156.5,107.59937966943684,6.116070665232868,13.3082522440274,0.8394334188478241,0.0038196121900214122,0.0037762490279757244,2.345617233623387,0.08591565388596696,0.5254662104162627,0.9901733096792512,0.0721204710740436,6.149155002497587e-07,2.8468686594524963,2.4664062734950365,0.11832885806249308,4.353878684730409e-05,2.9526064656251827,0.3684299617213941,0.6845847176056477,1.228099872404646,2.2819490574949417,4.859223823882787,6.475283588792738,0.4272873377585428,0.8328082219169263,1.3538323442796785,2.556276824464042,3.5033397486457453e-07,1.0384750138880576e-44,0.009293733877204181,0.005499969893889543,1.0557749260565348,1.2511513140475388,0.3889791155934168,0.8565190690091693
iso,10000.0,250.0,246.9789015783058,218.86245029255284,1.2579839895876135,496209.3324377395,898970.6867133654,826497.6056128334,138522.8509662622,2360949.152630702,1395180.0191511048,119794.57309423726,101975.94591978675,2588286.332778198,849045.8124063197,131732.85779104996,1379599.549110711,2360949.1526307017,533.1438656511556,0.9976530017292096,51.04927143898863,78.98466267423228,173.3745217752598,203.00868616651903,57.5,37.0,0.05867252617952922,3884.142080238866,12045.145574215203,2179.588735998391,18121.36302917929,1785.7485750574242,1560.4391890723123,20772.90613503897,8.339946271423184,0.9951776438080315,105.91962787611243,156.6063473670386,193.08630160105582,158.5,130.28540672294167,5.966507329640005,10.071840201230819,0.8648000835863082,0.003848779186482416,0.0038263852871321413,2.384826150637148,0.09414465482958514,0.561714773087148,0.8211497900649704,0.08141630536582938,6.796326683495307e-07,2.8772011968342426,2.496776911832997,0.12629966375100446,5.7946557378014325e-05,2.973938446943639,0.4441972807741278,0.7876532955288534,1.480657602580278,2.6255109780534434,5.323796997818122,6.967338205861172,0.526036680556689,0.9818702466425442,1.6226423956725717,2.9055726892287135,4.2355846541029647e-07,1.2555301934943443e-44,0.007675456715782062,0.0051018233750582155,1.0530719242228455,1.2511192086059562,0.4677716851993663,0.9854481677579324
iso,10000.0,260.0,256.85805764143805,222.5783220890049,10.913046631963807,319409.1867997669,721908.8734863312,795979.577197941,136947.7571372305,1974997.1276303118,1041318.0602860982,122134.25531740733,103762.42262102656,2188874.42095596,817531.7315378495,130387.52748036884,1026503.5293867378,1974997.1276303118,531.319309740729,0.9971973633071327,54.36513884558878,113.964487873002,178.36354865064158,206.409470334782,59.5,36.0,0.06934073737187985,1832.2128390375408,9099.171252455904,1728.4334798984387,12670.033204932799,1488.1161988779836,1299.1835985073978,14777.943314226739,6.7007365760784525,0.9944346290054006,127.13169662138324,161.22308176257317,196.02100722452786,159.5,155.87939634297013,5.812286333395866,7.603761332451981,0.891831000890514,0.0038797226099023486,0.0038767685618263897,2.4187363239225506,0.10182058694701024,0.5918104059704531,0.670474036663959,0.09080675596821175,7.434994853181818e-07,2.9030765900005018,2.522510807053139,0.13327649513553588,7.710825824975752e-05,2.9914824215743456,0.5222400152001447,0.8860579681798043,1.7408000506622283,2.9535265344919117,5.767369395346195,7.417907804356582,0.6317720974764506,1.1331346993728102,1.8950882286796804,3.2287286486190196,5.063298503121592e-07,1.5008846873561596e-44,0.00641521601610371,0.0046071820182207,1.0496039897532643,1.25256616667954,0.5481452035628773,1.1098462326588394
iso,10000.0,270.0,266.73721370457025,226.2331690531994,23.084077253515293,200596.03949006545,573435.9123227769,763282.16382233,135002.12864688327,1673069.435158934,774031.9518128423,124296.85904269072,105383.61963113955,1876805.7266068456,783770.8410580864,128690.22440685713,760031.8274435047,1673069.4351589337,528.206376498643,0.9967028365987451,58.06693839530725,132.54074530426382,182.62381502600545,209.3904503748893,60.5,36.0,0.08069128860396561,866.270150335317,6741.068848879601,1353.113791904436,8968.748437005264,1230.02483485232,1072.782605034119,10648.020325911868,5.326929172293629,0.9937110909764352,133.87591099412137,164.5298656182641,198.31571909935545,160.5,186.5443597744152,5.653852805675383,5.733479609328456,0.9207029569719329,0.003912578133343658,0.003936793198150954,2.4481012486284217,0.10886220940402633,0.6154909080709753,0.5405219172932759,0.1002297581007848,8.06374021618359e-07,2.9250783511796667,2.5466766364785896,0.13980565524225078,0.00010332143244618156,3.007029439994718,0.6004958199778391,0.987416025883786,2.0016527331941174,3.2913866761382384,6.18586366637765,7.8716278071677825,0.7422383514177542,1.298987852437033,2.163128985725202,3.5458030911449425,5.977038244709817e-07,1.7717393457439761e-44,0.005360655241516186,0.004029162631997536,1.045628000761558,1.2584595277728419,0.6278952437091002,1.2426231056490455
iso,10000.0,280.0,276.6163697677025,229.82990252739123,35.25510787506671,122267.93936512698,450552.2002598696,728741.1039763605,132685.18432830094,1434999.4932291936,572820.1396249966,126278.3857086266,106839.76451731879,1631070.3934658123,748112.4353676826,126649.5630257756,559659.9009970695,1434999.4932291936,523.7753744367017,0.9961781029071781,62.3154046326608,141.6215769080034,186.26740166904236,211.99443530411313,62.5,35.0,0.09246357573947162,426.8179769016723,4886.908492169504,1044.1449527203863,6364.53686056099,1008.5162081677842,878.760821856724,7699.785881855865,4.178263287239005,0.9930006310444814,137.6940387765568,167.03394896543824,200.20915936834908,162.5,225.4680151389222,5.492256785604996,4.317137158340726,0.9517142878301914,0.003947504592078134,0.004001612301388877,2.4737344649310544,0.11527226574001183,0.6331048837026423,0.43096159339751927,0.10970626229532794,8.687651626182725e-07,2.94385288329595,2.5698274197705406,0.14618621085981331,0.00014000566729642643,3.021485063956336,0.6777376611101988,1.094613593992239,2.2591255365767746,3.6487117807819534,6.5795141195074835,8.336826319596655,0.8561363427853197,1.4880279172711004,2.4219463446832448,3.869659865064667,6.968643575961759e-07,2.0656752566248426e-44,0.004435218890732016,0.003405512347026998,1.0414560492197884,1.2714574341179128,0.7058339869472875,1.391754591567959
iso,10000.0,290.0,286.49552583083477,233.37120947461972,47.4261384966182,72159.8091200995,350473.2126551466,692615.8220156091,130027.83198628249,1246028.0461585417,422633.02177524613,128075.50098297109,108126.98787819654,1436288.15196073,710830.7043805635,124275.40671815137,410344.41135563597,1246028.046158542,518.0667543262659,0.995634430469722,67.3455751260775,147.9984356815946,189.3769454308852,214.25034476570227,158.5,77.0,0.10435385655014225,221.55014075207484,3449.4066994141667,792.1642023026678,4468.411673920694,818.7407616437341,712.691525632841,5522.9140666547655,3.2351981815869797,0.9922271998791232,140.38716714786605,169.20348706826184,201.9623903505565,164.5,278.8525626299884,5.326673616219932,3.250327374679542,0.9849852837389663,0.003984275877036236,0.004083999469027867,2.4963399559441917,0.12109852875407864,0.6450523380774016,0.3408661413950643,0.11928026870520753,9.313277542522907e-07,2.959997664569651,2.5944009258600182,0.15288460011768537,0.0001929960981236964,3.035934138897483,0.7533366731922657,1.218748043487278,2.5111222419278545,4.0624929799656515,6.950295892923731,8.865894131768124,0.9728999695618926,1.7240164555010655,2.6692624235884166,4.224451171444853,8.025501537328658e-07,2.3789536323611534e-44,0.0035861244758467847,0.0027683218769020165,1.0374473968470737,1.2935842250497722,0.7815471705527507,1.5765532433654166
iso,10000.0,300.0,296.37468189396697,236.85957596758354,59.597169118169624,40856.63370832617,269871.29368059157,655345.8449617698,127028.29706882613,1093850.1628157194,310727.9273889177,129684.33492831024,109242.8844510263,1279638.4937570472,672373.5953233849,121577.30996382244,299322.95831196324,1093850.1628157194,511.0352820172141,0.995080100232106,73.77726125686641,152.88728347786315,192.0406804784797,216.21295986474027,159.5,77.0,0.11612952247667814,116.8196060824298,2352.853391090052,589.4129787630642,3063.22962307417,657.3968184553445,571.6894568441921,3887.7041008622123,2.4598536941429257,0.9913063383609932,142.8128218892536,171.4428402551214,203.81760787578173,167.5,357.09048860593174,5.159054006735933,2.4461315672094694,1.0209090251603155,0.004023003486698136,0.004173395874833208,2.5165019876047223,0.12639595561331043,0.6520835612420663,0.26775086463621994,0.12903877182939127,9.95022042567625e-07,2.9739870706792075,2.6206686952617098,0.16049519575837534,0.00027229667744200147,3.0515504521281502,0.8270267649998371,1.3689548970907208,2.7567558766404114,4.56318169913104,7.301040727861249,9.475683938490862,1.0925597194480932,2.037400728392684,2.9040125486675508,4.646623435892012,9.142019940152166e-07,2.709916812374346e-44,0.0028004106295408866,0.0021509832617599895,1.0338640225178468,1.3266131159472005,0.8550332179926535,1.8160735216207005
iso,10000.0,310.0,306.2538379570992,240.29730760755552,71.76819973972111,22162.978610453512,206190.2728947961,617094.1172970241,123724.59275820157,969915.1803084932,228353.25150524962,131093.13099875295,110178.25575444405,1152201.650061739,632917.0241672127,118587.76951121348,217836.4767662217,969915.1803084932,502.81033554622525,0.9945241130808115,83.75695967875856,156.74385732747095,194.31824462640023,217.9189360930119,160.5,77.0,0.1275622809809508,57.30980251972694,1539.8779484485524,428.6300053020965,2029.0120104417476,520.9897654718756,452.5230166281224,2665.4684099869046,1.8341786342999387,0.9901182858296292,145.59810074013984,174.0199647275764,205.9384542907875,170.5,478.02338050099934,4.987643147898885,1.8456577339601898,1.0595559708565938,0.004063948196046049,0.004279165274505731,2.5348092007845295,0.1312575608773124,0.654665874119648,0.20979415703585116,0.1390747323476292,1.0608849700061873e-06,2.9862938424186667,2.64975874566907,0.16930469687787256,0.00039499030581992826,3.068656855996275,0.8992845257630429,1.5577657702943788,2.9976150682934315,5.192549052201888,7.636975093621747,10.209044842543848,1.2162638839314508,2.4783520236880587,3.12766841398823,5.160456721847228,1.031017990338019e-06,3.056187805504725e-44,0.002091947885377354,0.001587641867775258,1.031022298228265,1.3721705931244566,0.9271823985133278,2.1375203809738137
iso,10000.0,320.0,316.1329940202314,243.6865473499447,83.93923036127254,11356.210078101934,156478.28949013396,578396.4108100352,120120.98211700963,867088.6710315836,167834.4995682359,132304.4473394855,110938.120586203,1046547.6030149239,593005.6504276724,115310.3911752042,158202.30522018674,867088.6710315834,493.42152588514654,0.9939695588272324,114.80084168177206,159.87732265336473,196.2829692016365,219.407216909029,161.5,77.0,0.13853367726982357,23.431876790947715,949.2550364732416,302.1020703759863,1277.2095635600285,407.1190258541513,353.30556236785566,1761.3860639942543,1.333531082931114,0.9884467497530882,149.19773411391458,177.26933306377353,208.49895141534245,173.5,678.893030376867,4.81511556612666,1.397212182337542,1.101426620127098,0.004107704725594947,0.004414173928935492,2.551634968510992,0.1357259810746735,0.6535362842004729,0.16422650299213723,0.14949220859851212,1.1299106840673605e-06,2.997185381486692,2.6830007883062277,0.17968221220601158,0.0005947731903405528,3.0876087199994435,0.970238488143481,1.804764440835027,3.234128254466851,6.015871285552312,7.961299417564497,11.129272601656492,1.34493537017689,3.155215740942128,3.3401539943054366,5.800207100163524,1.1532845871579553e-06,3.418615702712556e-44,0.0014729861042245198,0.0010947612028466523,1.0290090965837164,1.4333876177471332,0.9983842301552742,2.586927002443256
iso,10000.0,330.0,326.0121500833636,247.02929112806342,96.11026098282402,5448.099635912145,117930.186304544,539475.8787594268,116243.91269553875,779826.8909002994,123378.28594045615,133317.01620650175,111517.6919118863,956901.4461958484,552867.2287671902,111774.90423327859,114619.16593540327,779826.8909002993,482.9240776249267,0.9934150011645162,124.86933038313744,162.4779038952263,198.00432755864983,220.7351357476425,162.5,78.0,0.14906373972476988,7.0598485573721455,542.1504243643656,204.86249593357095,755.8659012266921,312.27619828104497,270.7079413746654,1117.6415578651645,0.9383661995858892,0.9860497784497958,153.80721961827916,181.221066033749,211.5821298235903,178.5,1031.7000537194774,4.640895735954791,1.0613741664357381,1.1468730973954755,0.00415440315476804,0.004580468451825195,2.5673848970616135,0.13989229805356096,0.6492255695296878,0.12858200969156944,0.16043871317045852,1.2034376236109765e-06,3.007000016957438,2.7191816801236492,0.19130273299712763,0.0009338104181800058,3.1074678379354763,1.0407581693272823,2.1167294962507377,3.469193819129192,7.055735416841194,8.279220787278346,12.242020802779871,1.4809162171987316,4.239136897471438,3.5442477872737976,6.560807308872784,1.2823358769348333e-06,3.8011550781617137e-44,0.0009692739632946683,0.0006952189398578707,1.0278931324048088,1.5141256225430426,1.0697881747457145,3.2049943662658693
iso,10000.0,340.0,335.8913061464959,250.32740159864673,108.28129160437543,2422.5380662154394,88525.29831754757,500677.4296214559,112120.19602761653,704464.6605152657,90947.836383763,134120.57359881376,111913.09353799415,879433.7698619666,512887.0848547076,107986.77778323738,83031.12361741965,704464.6605152655,471.2832104994933,0.9928611947434509,130.18973895731432,164.67582980868997,199.5260061732703,221.92600861942773,163.5,78.0,0.15915659409459745,1.354769928525389,279.59394512434693,131.85777590802124,414.0978841810732,234.5856130147966,203.15429436438566,679.220245953596,0.6341147548005039,0.9824454289559977,159.440648204691,185.9740707003648,215.24874753746064,183.5,1701.203235820503,4.46554186810495,0.8111637296938142,1.1962213619906468,0.0042033748351939255,0.0048090812273584626,2.5822132870191505,0.1438009120456999,0.6421489934117502,0.10101550887248155,0.17201772286280434,1.2825602981489617e-06,3.0159256246780015,2.7567272994311165,0.20230425534961768,0.0015342610927302242,3.1250665950111944,1.1110209068018206,2.478564141172213,3.7034028784616946,8.261806462557606,8.591942019375553,13.533702592349155,1.625797115281576,6.088685256095297,3.740985371877612,7.3225431165154005,1.4195176224575571e-06,4.207795099706778e-44,0.0005878192440174219,0.00039688853223644163,1.027688397500806,1.6205268622686424,1.1417832953010554,4.016579770625379
iso,10000.0,350.0,345.7704622096281,253.58262027794183,120.45232222592692,986.6581637707687,66366.60921848041,462348.30214852036,107774.25272077278,638184.0354404004,67353.26738225119,134719.4236798974,112126.69963409551,811211.946581671,473410.89508943853,103971.85613888167,60248.59809842158,638184.0354404004,458.6541615437798,0.9923019545349155,133.85057930871412,166.5735118917504,200.90172033723437,223.0138238755024,164.5,78.0,0.16887644744419145,0.133025434549545,125.22295995205573,79.0245071919773,205.28012842166567,171.4890422479234,148.33492988524566,394.83342517897944,0.4052616743077062,0.9767509683406079,166.31128287017623,191.74537080056794,219.58637849925367,189.5,3108.844681398032,4.289969918384837,0.6249476631190715,1.2500149180243965,0.00425569326592396,0.005128303721315063,2.5963565048060624,0.14747805841671682,0.6326764342295169,0.07981581486103717,0.18434977310216946,1.3683978751289583e-06,3.0240844571542604,2.790599370371702,0.20871287538929673,0.0026411158108491893,3.134762399419646,1.181443127826463,2.806858536964125,3.9381435123101665,9.35606986570424,8.902934164640435,14.83224522439262,1.7819346980572963,9.46504848439837,3.930709299810764,7.78139650251632,1.5669461228529736e-06,4.644808992107046e-44,0.0003216629013290895,0.0001962176315890469,1.0283297209804703,1.7620553774539751,1.2149130819920808,4.945840178810233
iso,10000.0,360.0,355.6496182727604,256.7965782928649,132.62335284747834,362.2168608692709,49738.889663032896,424766.43008107494,103233.76011933226,578797.0627216337,50101.10652390217,135112.40984134623,112158.13977371597,749957.0300708093,434702.1256877074,99767.91695347163,43782.46586863642,578797.0627216336,445.0025696566679,0.9917314276578393,136.63895539018262,168.25220800732848,202.16437992671996,224.0230903431031,165.5,78.0,0.17835916380415606,0.005231513379263528,46.37564844355688,42.67801759947983,89.65696028502886,121.37161495218784,104.8750897955545,221.34390772929416,0.24189165440823343,0.9670306751081686,174.10969105520118,198.37616289807733,224.70880772857382,196.5,6455.684654951242,4.114607756126189,0.4853170752086157,1.308800625736814,0.004310630254504637,0.005667827795524918,2.60987298442816,0.15095095850344292,0.6211039846529487,0.06344236127159708,0.19756470894487796,1.46222474439517e-06,3.0315884783049265,2.8132013748877034,0.20138000127592712,0.004718588458485044,3.1232136861766837,1.252062753076298,2.883953384431592,4.173542109362423,9.613098206859654,9.21235090570188,15.768566822700839,1.9516349457494375,16.03643053584381,4.114044611676206,7.2381377899808665,1.7277212764311132e-06,5.121385607062686e-44,0.00015490223786458366,8.012419452422265e-05,1.0297185426852815,1.9529949374220053,1.2892722334482472,5.632346359555957
iso,10000.0,370.0,365.5287743358926,259.9708059356284,144.79438346902984,119.98617890270316,37420.27569070154,388352.6184451276,98534.43028606189,525109.2384465673,37540.26186960425,135293.97137290865,112004.95685307797,694418.4367909828,397211.7350723782,95405.84533806938,31956.289262757342,525109.2384465671,430.5598123338804,0.9911452587777416,138.8585152716326,169.7575608299714,203.33937496947902,224.97816362595935,166.5,78.0,0.1876455850930307,5.911287428555731e-05,13.129438849895912,19.611255117117093,33.1136786705048,82.02075527724922,70.77623942936083,120.85334990348906,0.12686433114392345,0.9502260229599319,182.9028675988508,205.78642059403197,230.48276851479503,204.5,15857.774174582892,3.9412885152699944,0.380986237608708,1.3730629078600005,0.004369638217665576,0.006468955219148301,2.6228615650477183,0.15419095468223895,0.6077110388476245,0.05087285105019176,0.2117138806017046,1.5648434180275552e-06,3.0384181366625063,2.799372322146359,0.16962835140538704,0.008649540806663213,3.0680474666098903,1.3226281994983355,2.337430828572102,4.4087600471075055,7.791430955862563,9.521397624717908,15.151700306813149,2.1368599930722207,28.567927937527998,4.28866555537175,5.141211569019971,1.904365657245536e-06,5.645002466918817e-44,6.306055244517334e-05,2.50032524446471e-05,1.0317667725499222,2.2115680699913915,1.3646438286799123,5.169387386283582
iso,10000.0,380.0,375.40793039902485,263.106741180679,156.96541409058125,35.1866370076189,28287.57930586735,353159.8035041587,93718.92324659343,475868.27415650693,28322.765942874972,135267.38006142023,111670.12372032108,643293.1596482522,361003.9166911671,90912.71153479535,23426.506910003423,475868.27415650693,415.3077596508814,0.9905336659727334,140.7286915104203,171.1579677747207,204.46141189591694,225.89465035142177,168.5,78.0,0.1969429952284873,1.2412652086676036e-07,2.51682236948194,7.0954240288303385,9.826291110715598,52.3895362724574,45.136279727357355,65.32860911944883,0.05569253426019543,0.918224014219778,192.45228904029113,213.879475055905,237.21932689222092,212.5,48428.065970645956,3.7682870360655323,0.3022096814786492,1.443330496931814,0.0044314183866381255,0.007849077663844172,2.6353701204998288,0.15724899107051413,0.592559334485403,0.041154197058688315,0.22696226442383152,1.6778787636810577e-06,3.0447202243441223,2.7248348440464487,0.11340159568090034,0.015982356406061653,2.935010034259446,1.3934349002266226,1.274045596715973,4.644782085289466,4.246818654824147,9.830405831260153,12.326718921366625,2.341622689376368,52.60485113185206,4.4566807546142995,2.3094405612653572,2.1014218730436166e-06,6.229124964649003e-44,2.0649183070951812e-05,5.288905577794811e-06,1.0343697787563002,2.5573073820655616,1.4413269494587189,3.2581262095698813
iso,10000.0,390.0,385.28708646215705,266.205737298454,169.13644471213274,9.113443006542907,21517.91796760064,319506.77280378697,88789.47965736814,430473.5853289188,21527.031410607182,135032.09940663073,111154.10511447754,595956.8138476658,326387.19820120867,86300.36358731314,17272.124173598542,430473.5853289189,399.2778933377851,0.9898924844871556,142.35803466283045,172.47989825345888,205.54083604139726,226.78151586193073,169.5,78.0,0.20625999523182204,2.8787988538330455e-11,0.2589817019462386,1.7798935374220133,2.1474471997750695,30.7457574490317,26.41668491722576,34.53167093238673,0.018391704590053702,0.8494878268291655,202.88332314792166,223.10158715914017,246.39823996574611,221.5,200458.28617998524,3.598475563059265,0.24245024853933553,1.5208119242021618,0.004496905431573292,0.010333036332438249,2.647287925170263,0.16003160686238774,0.5758698266114096,0.03360054267497183,0.24337797596555175,1.8023712660546898e-06,3.0503346408304877,2.5483599694256487,0.053502439171271635,0.03005934795895952,2.6709425066656647,1.4629279644442164,0.3795182407908821,4.876425253328994,1.2650608026362735,10.135585518594931,7.716719951387025,2.5670707590167545,96.79821416341659,4.612175926278222,0.5226175510485438,2.3230229079814827e-06,6.886004269385767e-44,4.988569038758175e-06,6.016204263691449e-07,1.0374397890754954,2.9840994774964256,1.5176996788656516,1.1325201840444339
iso,10000.0,400.0,395.1662425252893,269.26906968032955,181.30747533368415,2.098080559005557,16477.8132492079,287485.0112378821,83807.05773039265,388404.72254010604,16479.911329766903,134590.03355332738,110457.97869842772,551868.0321460483,293471.20914734347,81621.52578119599,12810.237367870312,388404.7225401061,382.6752014667955,0.9892102934897362,143.8196820683615,173.74505748036736,206.60192815208734,227.65625722705033,170.5,78.0,0.2157724993205737,8.2860869924418e-16,0.010228162866392203,0.25328873083934905,0.3096202119786769,16.023795123367584,13.706105129529616,17.136208846209943,0.003650897827586534,0.6784757143596108,214.4851447753483,235.1733665531169,267.69599167361025,229.5,1254455.3214337793,3.43031982058983,0.1966410917655979,1.6059510642445363,0.004566145284539899,0.014413976553509414,2.6587151625787078,0.16256690546165659,0.5576564779770737,0.027683711049093614,0.2610744948370883,1.9397758358804863e-06,3.0553531235627402,2.1686528664180447,0.014986364695558411,0.059167119855259825,2.1646780311121656,1.5313404041515397,0.04437231878889638,5.1044662525074695,0.1479077292963213,10.438469750775456,3.0440928914150733,2.8184068002579235,163.60666683642154,4.755985860166111,0.04399131392591534,2.574633988639882e-06,7.631840640471745e-44,7.971587213301867e-07,2.633377575715769e-08,1.0409046880125588,3.3868578258235083,1.5939794056243841,0.1502827351401092
iso,10000.0,410.0,405.0453985884215,272.29794197240426,193.47850595523565,0.42130579679439617,12682.853737411364,257318.56420398402,78799.7259557599,349415.67209773086,12683.275043208158,133944.44326138287,109586.73266965075,510772.8248933251,262477.71523299365,76901.48649187312,9547.717672496443,349415.67209773074,365.5891185407318,0.9884827795604864,145.18475781870453,174.98363451735415,207.64783846069417,228.5210671744436,171.5,78.0,0.22551857929749577,6.808338867647619e-22,6.761759432548084e-05,0.01716105001567092,0.03244980887287547,7.117648765916068,6.042848251884502,7.496138791261195,0.00027675786925735303,0.28091318469006443,233.82954668327355,267.53291511079334,288.19684508639887,276.5,10767880.743661469,3.2654753691459404,0.1609558268048909,1.6998084909150897,0.004639471953823577,0.0161270941466068,2.669530524021243,0.1647780616595489,0.5380787017248679,0.02296804260712151,0.2800911483254314,2.091099425295709e-06,3.059653456166517,1.2417177006198625,0.001900316034404091,0.11073425184757246,1.16339959045842,1.5970526806255703,0.0013865253459669296,5.3235066434159855,0.004621751153223099,10.734693077704001,0.41387712829002193,3.0979997145240286,196.5387559731238,4.882962678665994,0.0012556804547732884,2.861920857746478e-06,8.483428715823716e-44,9.286878484316904e-08,1.935162035507335e-10,1.0446753202454038,3.364262307148185,1.668401520581298,0.004664634959342138
iso,10000.0,420.0,414.9245546515537,275.2934916017876,205.64953657678709,0.07407968199759857,9803.718591141975,229070.7763187398,73797.41708190586,313266.45036120695,9803.792670823972,133088.23994537597,108534.53071830462,472414.5826805556,233482.36649089123,72164.46645826667,7144.700389753676,313266.4503612069,348.1466704114204,0.9877004487903654,146.4900052344124,176.21191607984787,208.68855563429045,229.39042994847793,173.5,78.0,0.23557395628167305,3.8752398192730566e-30,6.576554922455716e-09,0.001252247184079219,0.004542077647602669,2.474417980553701,2.0729251947966536,2.5974081638293343,1.2655023451954481e-05,0.021189356327879036,263.5580986674718,278.4408614562779,293.70678607675427,278.5,68969857.99583381,3.1040486967789134,0.13284736862731922,1.8034268028332854,0.0047175996691729925,0.010105850995592181,2.6797182026134347,0.16662151631848862,0.517201300583731,0.019169109179658052,0.300489708457486,2.257823144861014e-06,3.0631805805829413,0.0,3.4555021940763472e-18,2.7594409777948016e-15,1.6858739404357614e-07,1.659057841562331,8.234989381808347e-05,5.530189956262223,0.0002744996460602782,11.022475967874334,0.014780844625313963,3.410376149942112,124.16470787884582,4.989766636740964,9.548565716966047e-05,3.1921707506404396e-06,9.462369631394808e-44,1.4499087413814973e-08,2.099348626344354e-14,1.048704386708759,3.550055834994201,1.739861236249982,0.0002923467210600401
iso,10000.0,430.0,424.80371071468596,278.25679476735183,217.82056719833855,0.011424636922273898,7590.711416969617,202765.00054647974,68832.74525088553,279762.323523497,7590.722841606539,132040.33839999663,107318.87717862954,436610.1892287428,206488.0416671357,67451.30534745488,5362.723258817951,279762.323523497,330.29519148495524,0.9868587025868518,147.76067762774238,177.43904257964553,209.73135020278508,230.26019097295614,174.5,78.0,0.24604008282446344,3.746139502375971e-40,3.756629843976485e-14,4.639683672824929e-05,0.0002830511007134413,0.5826696014012491,0.47601971834198836,0.6105266154640232,2.7376545897871214e-07,0.004918738512032031,269.26907073907245,283.525317244977,298.2917710283232,283.5,988380977.2099284,2.9457636740686466,0.11027778732258081,1.9182779637617016,0.004798518354615618,0.005900519912212607,2.689042524445504,0.16805027243557513,0.49503638795805677,0.016048895767929734,0.32236713441731424,2.44142917477802e-06,3.065873020053641,0.0,1.2937337814125167e-19,2.7884094534074365e-15,1.6858739404357614e-07,1.7152591331319917,8.423019858340833e-06,5.717527070095457,2.807673286113611e-05,11.293522569939135,4.813191530016041e-08,3.7593926765632815,72.53863053932761,5.072947441289758,9.075961781725412e-06,3.574462734672029e-06,1.0595575948538222e-43,1.0117556115080953e-09,1.3427933385250747e-19,1.0529497073037686,4.797801646685986,1.8060816021814465,4.041197854641641e-05
iso,10000.0,440.0,434.6828667778182,281.18887095704343,229.99159781989,0.0015141512749715829,5878.66504008436,178627.17952338143,63915.8090723052,248974.19612010362,5878.666554235635,130790.02112030047,105929.81303470062,403420.6172521382,181733.53583146422,62770.78326600308,4024.9486617011826,248974.1961201036,312.2691361443961,0.9859541882942436,149.02112063294035,178.65312414900797,210.76129752078566,231.12638667576033,176.5,78.0,0.2567165998257611,3.121751772110146e-54,1.0878976945066388e-23,7.516898217665465e-10,1.9742924028302932e-07,0.07615665658829406,0.0592501997969231,0.07974571670689,3.072701749569761e-13,4.9974502734139775e-06,290.9329502599304,303.96011767763133,317.29536035977407,304.5,1261080657369.6016,2.7947260954063524,0.09197515668753176,2.046285934866965,0.004885632219583413,0.0004087725629101381,2.697378368624968,0.1688773379660755,0.4719659033365492,0.013451161991269042,0.34557132139775515,2.6421841547062614e-06,3.067394922410519,,,,,1.76244359518846,,5.874808242419654,,11.541984014748374,,4.1443534071432655,,5.120611592003349,,4.016480485060412e-06,1.190582394732505e-43,7.929706907770903e-13,4.369519859728129e-29,1.0573603110910654,6.093235469086071,1.8635379080889258,
iso,10000.0,450.0,444.5620228409505,284.09068704551635,242.16262844144146,0.00017658385927373944,4538.261458269904,156366.23690270798,59140.698436539686,220575.74440779508,4538.261634853764,129351.29808029458,104381.81504980905,372520.7056915059,158924.6654199515,58210.48445246568,3011.452679520524,220575.74440779505,294.18387999951517,0.98497130961182,150.28911263762538,179.89899139011717,211.82107226822018,232.0071290089346,177.5,77.0,0.26811968195016855,6.832281657453346e-83,2.221458146431989e-47,4.80687031458563e-27,5.828328180313043e-18,0.0027359718315414622,0.0017209762762520036,0.0028648919704734204,1.8051498648962818e-32,6.8908349790263254e-15,336.0384997759501,349.26446968218295,362.52827420234377,349.5,3.784545715062116e+22,2.6439700753702655,0.07673669325571963,2.18717907464508,0.004974305136338323,3.755353788969221e-06,2.7048246422581963,0.1693036886813469,0.44763388652328473,0.011250903325198453,0.37029748514406696,2.862727244640448e-06,3.0681495016771803,,,,,1.8024381153750237,,6.008123077219909,,11.769035467450177,,4.581386408493603,,5.14442071997206,,4.533590049462665e-06,1.3438662326137333e-43,2.6423250643270055e-23,1.0071180547961841e-52,1.0619247523117639,5.719633469393479,1.9140536492269045,
iso,10000.0,460.0,454.4411789040827,286.96316101877983,254.33365906299287,1.7370944107497866e-05,3484.5487399308286,136125.63362044818,54466.789324483194,194584.93513090047,3484.5487573017726,127719.72211526304,102670.79651405275,343924.27888589114,138205.19131882503,53724.88408209804,2242.2371843422616,194584.9351309004,276.1553322077717,0.9839004211764851,151.58099084120056,181.16016061112433,212.87594371817917,232.8922865947167,179.5,77.0,0.2799126730332052,0.0,0.0,0.0,0.0,0.0,0.0,0.0,0.0,,,,,,inf,2.499241011058803,0.06397565930576055,2.34491005802415,0.005070159920067805,,2.7111893627992556,0.16904677841667556,0.42248864140632564,0.009365685302956934,0.3963994909858423,3.1036670329434654e-06,3.0676018460841665,,,,,1.8306895847376055,,6.102294687071178,,11.966623865817583,,5.0690488966187655,,5.12713906820547,,5.139143990398248e-06,1.5233671324240178e-43,0.0,0.0,1.0666172534013039,,1.9526450967031983,
iso,10000.0,470.0,464.32033496721493,289.80716536653614,266.50468968454436,1.4608760178383771e-06,2655.5591372759786,117809.37539813775,49936.27002256807,170886.17739849028,2655.5591387368545,125906.96825989806,100808.00207995829,317522.54159832833,119475.10019220003,49362.26432121862,1653.1216806191596,170886.17739849028,258.2925560103264,0.9827345677366555,152.8789958812195,182.42041376398055,213.95137690981687,233.7917291113563,180.5,77.0,0.29221948072559106,0.0,0.0,0.0,0.0,0.0,0.0,0.0,0.0,,,,,,inf,2.359194536253815,0.05317896465908863,2.5213530806965756,0.0051724439148858005,,2.7163841187680013,0.16810135483723085,0.39658379786885883,0.0077415689029574596,0.4238428688881202,3.3663178038980397e-06,3.065735568402156,,,,,1.8460525593478578,,6.153504921313033,,12.130016122859534,,5.616348061134299,,5.068691503968838,,5.851848377812883e-06,1.7346300277525673e-43,0.0,0.0,1.0714434217994793,,1.9779408710093551,
iso,10000.0,480.0,474.19949103034713,292.6235301777413,278.6757203060958,9.974830501568727e-08,2001.6395505995913,101383.4506342675,45602.99579833727,149449.74387583774,2001.6395506993397,123931.04646050198,98812.48917556189,293304.7226275906,102690.99444911905,45177.59467080326,1202.7061026828194,149449.7438758377,240.6241057516733,0.9814741444216204,154.2349832599993,183.72184372270218,215.02827340797927,234.6928223986889,181.5,77.0,0.3051393372492098,0.0,0.0,0.0,0.0,0.0,0.0,0.0,0.0,,,,,,inf,2.2231752291581692,0.043892720547370735,2.717607567023494,0.005276497772553063,,2.7200769648760224,0.166480132018679,0.370114505650909,0.006328092279259638,0.45242766653303235,3.65064025080451e-06,3.0625527158303374,,,,,1.846520781203529,,6.155066193694737,,12.246756890984189,,6.227871323869069,,4.970620139836854,,6.69121253784681e-06,1.9834379568394677e-43,0.0,0.0,1.0763403799636253,,1.9874848792513364,
iso,10000.0,490.0,484.07864709347933,295.41304597051936,290.84675092764724,5.453692230936843e-09,1485.7099998610797,86764.07067855426,41458.878809690774,130146.80138373298,1485.7099998665335,121775.65184030097,96667.3166196302,271118.4139475563,87760.64690939648,41167.35326192395,857.8411324802768,130146.80138373298,223.30876692616496,0.9801081196788736,155.62218475130047,185.02920542251664,216.11286070705486,235.60091375432603,183.5,77.0,0.31855472719187944,0.0,0.0,0.0,0.0,0.0,0.0,0.0,0.0,,,,,,inf,2.092774169721967,0.03583574960351454,2.9372635087236514,0.005386271248463377,,2.722273553250942,0.16408315626018755,0.34338899110777377,0.005092117153040577,0.48195546727924965,3.9577326008592894e-06,3.0578116624128597,,,,,1.830745255617872,,6.102481788416276,,12.31526368956829,,6.909634421995854,,4.828220957321306,,7.683631017957463e-06,2.2776149047972173e-43,0.0,0.0,1.0813323652355329,,1.9796440974010039,
iso,10000.0,500.0,493.9578031566116,298.17646628377105,303.0177815491988,2.3638794151572743e-10,1086.350493580011,73730.69336254084,37519.75768026866,112751.37740027427,1086.3504935802475,119471.54513431744,94403.79202405036,250759.6170129306,74464.83010508792,37344.89060323008,598.4351290941347,112751.37740027427,206.4163500543641,0.9786053078140197,157.03766237842763,186.37533021012464,217.2174558054462,236.527417178531,185.5,76.0,0.3327654042493089,0.0,0.0,0.0,0.0,0.0,0.0,0.0,0.0,,,,,,inf,1.965116459195983,0.028954091410658297,3.18423019019514,0.005501537398332314,,2.7229592691603055,0.1609511512953713,0.316287756537077,0.004035728304724454,0.5125055151013869,4.289770543481261e-06,3.051518646913048,,,,,1.7991248722911504,,5.997081206267915,,12.334079924298797,,7.682919248747657,,4.645806207341748,,8.869071252672497e-06,2.6290081902143778e-43,0.0,0.0,1.0864436717670714,,1.9546478322194607,
p,300.0,100.0,71.03582356261555,89.11068682730624,303.2042569955581,386493225.41593486,46949714.723427415,4747933.4754589405,985603.3417273918,439392237.9302426,433442940.1393623,139830.13606558013,110704.53793981553,458446851.29984945,4879653.319777993,956013.5048202521,433554439.54587257,439392307.9123677,5668.787125328744,0.9998420019405165,17.90509711458003,30.69159507492043,50.174557781885106,67.28544565100654,24.5,34.0,0.0022431059464547596,47341171.00574792,540523.7691552779,101539.13056986989,47990800.34738593,10577.75230713625,8787.762028690113,50021146.49523004,556.5842245651933,0.9998602493083992,19.727564203153484,32.827667885476124,52.21551013071205,26.5,9.15575974456897,4.81728630012313,439.7742192916066,0.141872627806345,0.005751590812784272,0.005481475185393706,1.3746374484171373,0.006581667135695868,0.031705774924758345,2.506591557722,0.0009337584118878327,6.677805215392921e-09,1.8699287335045442,1.309578012476246,0.006066551787328529,5.974594969723604e-08,1.8403586481655052,0.004929964566040586,0.004250384817071553,0.01643321522013529,0.014167949390238509,0.7155158814139221,0.6514608458137864,0.004938948442315117,0.004255702921259345,0.01106590255179311,0.009874297991252539,2.2758708818127983e-09,6.746234208405232e-47,0.10922086510550714,0.0012301623071481996,,,,
p,300.0,110.0,78.1394059188771,92.46913234002498,291.0332263740067,319881628.61216396,46231430.21729539,4984630.866252569,1050872.507133889,372222370.60859776,366113058.82945937,153159.9011005746,120937.04548075891,388083708.2705636,5121970.278188985,1020061.6604026597,366077979.4285136,372222387.36535585,6077.887831956903,0.9997996780313748,19.71882089421998,32.850572028157664,52.506519443007384,70.05418328904283,26.5,35.0,0.0028232384459205727,30367294.34576773,451018.82826266915,85433.6303341893,30905180.723560903,8825.41402676463,7359.018217455794,32204385.985416226,469.0019883311102,0.9998171456567285,21.981813573227157,35.410153900583495,54.9933956287694,29.5,12.044012100690612,4.743325981424205,348.3896061073885,0.14574546394623766,0.0057836586176695315,0.005489664743222581,1.5070760713642366,0.008545505462569694,0.04053411808500929,2.5782251342927043,0.0012454686582973283,8.131819421060306e-09,1.9775513805460603,1.46349399919602,0.00824965168801908,9.656211091286949e-08,1.9662457405254872,0.007484693190837726,0.006851828296174103,0.024948977302792424,0.02283942765391368,0.8917876529895818,0.8375683385002719,0.00750248730956418,0.006863057325884615,0.0170286188765894,0.016277353240289796,2.686566093179628e-09,7.963634591833058e-47,0.08302881063550736,0.0012116918913960926,,,,
p,300.0,120.0,85.24298827513866,95.70980286574547,278.86219575245525,262159677.34758553,45086937.70887552,5209634.165634194,1116004.3765008752,313600978.9885059,307246615.05646104,167289.51479640935,131747.14190482767,326901310.9096883,5352113.5316076055,1084086.1691068728,307162227.7069067,313600983.54155433,6493.942508856787,0.9997454856394431,21.57202398153836,35.02120746743334,54.889641079022226,73.09869151226329,28.5,36.0,0.003558676315681333,19154544.042039126,372809.6891399241,71364.02180242189,19599316.922876474,7309.382407716579,6120.069045366712,20423951.342616573,392.0888041476778,0.9997589455154511,24.36444052872827,38.090179743470884,57.905709569458935,32.5,16.000607583546365,4.668112666339628,275.30950731555674,0.14990041107269633,0.00581892208094911,0.005494208345393049,1.6333120283621414,0.010996220128236298,0.05133159446247862,2.6216971770958315,0.0016483379174684783,9.853205202217837e-09,2.080812796590269,1.611322619559929,0.011140751433387145,1.5611159730082728e-07,2.0886646024295774,0.011436122686953919,0.011244585936052367,0.03812040895651306,0.03748195312017456,1.10873298072048,1.0771761950207135,0.011471566059031381,0.011268794866437051,0.026273598443427065,0.02721977694623947,3.1887655555968527e-09,9.452275806005627e-47,0.062497626716895,0.0011888026955221601,,,,
p,300.0,130.0,92.34657063140021,98.84428305917679,266.69116513090376,212798991.11557737,43552708.53978334,5420999.9770363765,1180693.4613108665,262967672.7408401,256351699.6553607,182200.3531477925,143090.4119599564,274131449.5803527,5568169.21195898,1147784.4341779184,256248979.49280086,262967673.61335203,6912.146123924511,0.9996763628885694,23.44501419991093,37.199841151128716,57.31918533231054,76.58896644631986,31.5,36.0,0.004489880634394416,11871184.340761466,305686.1166083338,59180.07020767259,12236483.68979858,6002.489748488622,5049.810264730277,12752792.007320117,326.1103754116848,0.9996787783700144,26.862899741207748,40.8525961356095,60.9738720971914,35.5,21.490460773471494,4.591369525344626,217.11960644784622,0.1543163904249155,0.005854310496689201,0.0055104763185868134,1.7530233596513332,0.014037135416328237,0.06444967577366521,2.639340516737037,0.0021661600693535167,1.1888890619198896e-08,2.1795853435781503,1.7544500364542108,0.014977997051454178,2.5309191082224007e-07,2.2074276438734617,0.017525690591008485,0.018783106622977535,0.05841896863669496,0.06261035540992511,1.3746572505896626,1.3900958688491936,0.017596376589494533,0.018836316112511336,0.04054151737439775,0.04607112099251874,3.8027487925693435e-09,1.1272271285429271e-46,0.04653227357667602,0.0011624475108375529,,,,
p,300.0,140.0,99.45015298766175,101.88237444408854,254.52013450935232,171046633.55709398,41649694.36610061,5615280.828053737,1244148.2977396718,219567194.99523002,212696327.9231946,197874.33794924265,154955.69535778323,228930423.73478127,5766491.624504912,1210443.0688307772,212587332.75014615,219567195.20251626,7331.469315030427,0.999588119501057,25.336005464154155,39.39242211992368,59.82936447170086,80.92622571182483,33.5,37.0,0.005666366953254107,7208209.497684912,248158.60524542,48671.295942257326,7505390.885852885,4882.340402842934,4129.782449106565,7823362.766701399,268.82467693349923,0.9995683074700803,29.525216299649514,43.75150566448102,64.31090785709571,38.5,29.254598239393257,4.513353302219194,170.95737566784794,0.15904401292734502,0.005892761601129064,0.005523269346524645,1.8664569560133455,0.01778480659303961,0.08026911556602502,2.6330243844108483,0.0028285670096937225,1.4294764237792608e-08,2.2737348037891736,1.8915511275235397,0.020077559834315247,4.1251336019765884e-07,2.3226041418130117,0.026867093994667756,0.031802236363385514,0.08955697998222584,0.10600745454461839,1.6999764066737948,1.7979518928061629,0.02700779938723073,0.031920976764546125,0.06239665942684227,0.07882769046877865,4.55441442434843e-09,1.350039083250633e-46,0.03418266051090162,0.0011302171312559289,,,,
p,300.0,150.0,106.55373534392331,104.83245752746745,242.34910388780088,136079605.18188012,39427714.763962075,5792919.152140099,1306118.8829048586,182617412.87651116,175507319.9458422,214288.13258701505,167320.92529208987,190456290.00803515,5947666.552496057,1271702.124159864,175394928.80897835,182617412.9128969,7745.567020416867,0.999475780316412,27.253045102226825,41.60576554591837,62.4489705396844,87.28245718116956,35.5,37.0,0.007152214360785393,4277154.677411278,199571.03957547262,39688.93317905305,4516701.747554931,3927.3039164523184,3342.420853386147,4709120.234904084,219.72538436341432,0.9994134304728308,32.38455894695445,46.83524606580826,68.08316196165207,41.5,40.43158549828294,4.435215835220469,134.37315870934137,0.16406479945411248,0.005930215941132731,0.0055361877169170315,1.9734729734384764,0.022373515965134424,0.09923137229812218,2.6035424101053457,0.0036707064099031628,1.7129769929805213e-08,2.3633163289836157,2.0229036655237493,0.026851703345101015,6.765539205592142e-07,2.434000887930961,0.04108365951351478,0.05445004776905782,0.13694553171171597,0.18150015923019272,2.0954586830674944,2.3319164756101673,0.041362255288703374,0.054718027775465417,0.09561242198828221,0.1360140825975391,5.47592907077386e-09,1.6231984123207366e-46,0.02473313840345114,0.001092836857295891,,,,
p,300.0,160.0,113.65731770018486,107.70176451725884,230.1780732662494,107231674.0856421,36929691.77901754,5951350.713857441,1366209.9976811947,151490414.50659418,144161365.86465964,231452.33600372725,180175.89055279674,158050374.96599084,6108973.24306019,1331257.2882670846,144046872.8706868,151490414.51421598,8158.028997089898,0.9993330884701127,29.176057665218874,43.83416016363845,65.23116646526479,117.09340700215154,38.5,39.0,0.009018458376597321,2473124.75811598,158651.64404498693,32039.324373041734,2664048.1252870606,3121.0047518343818,2675.2236423984396,2778407.4295178666,177.9405961294095,0.9991947070001094,35.459924901016706,50.162900989201454,72.5916353477404,44.5,56.864743946872416,4.356102446884735,105.51918527117945,0.16941197648718764,0.005971284803167994,0.005553818615449045,2.0742047001770714,0.027923985505583684,0.12163974158764698,2.551683029263577,0.004730657575900512,2.04390141727683e-08,2.4479926736098596,2.147956925200111,0.03575962676464355,1.1161167554061198e-06,2.540685296984558,0.06245539127277009,0.09369940216770682,0.20818463757590025,0.3123313405590227,2.5730692378088063,3.0281902844732906,0.06300156374310224,0.09430621827849549,0.1453252689985466,0.23514508005600768,6.6010777200459196e-09,1.9567198070500388e-46,0.017585588724962516,0.0010472718327540192,,,,
p,300.0,170.0,120.76090005644643,110.49658822341021,218.00704264469798,83506557.59358594,34219901.86772723,6090346.242137917,1424338.5662473284,125253208.6635398,117726459.46131316,249313.893405752,193488.88376774843,130738990.96914902,6250201.855914465,1389013.7898641431,117610493.4447174,125253208.6647355,8562.423011689216,0.9991517169263125,31.137172118363317,46.11134115484667,68.26796120453204,143.0911747152005,40.5,39.0,0.011371673280430235,1385559.013228451,124626.62354386882,25610.34514767267,1535982.2472051745,2444.9757719090144,2113.159149748344,1602613.2174105777,142.63912881266893,0.9988803112648414,38.84715743739907,53.85200802215752,78.66059870474312,47.5,81.54600021676464,4.275911911999975,82.65342401805795,0.17503836469345452,0.006011508228867545,0.005569590256991566,2.168936122893807,0.03460649280894277,0.14797431483429985,2.4770588773107534,0.006057463909053135,2.4296535689628685e-08,2.5281982850135662,2.266309968627898,0.047413285698951244,1.8513333352424542e-06,2.642634548783574,0.09429885558065308,0.16142033854801985,0.31432951860217695,0.5380677951600662,3.1466261090327055,3.9306161562093807,0.09535822801066099,0.16278987624444055,0.21912285532186654,0.40636438516451223,7.983827405861036e-09,2.3666004073359924e-46,0.012263017160152693,0.000994997452549466,,,,
p,300.0,180.0,127.86448241270799,113.22244449709025,205.8360120231465,64334478.62855227,31351933.41706057,6208326.12017379,1479322.5350370596,103386735.39033188,95686412.04561284,267893.7375853993,207241.37195007943,107981265.18778338,6369689.198386347,1443830.6526353294,95569524.86444148,103386735.39056242,8955.434315551684,0.9989228882130988,33.11928123696831,48.42355413435509,71.68928055227985,156.09580644845786,42.5,39.0,0.014308629917096667,749197.5415179125,96643.2409595047,20239.864919568576,866228.1688633582,1882.8530067753654,1643.2406811058886,904349.2511557199,113.03662115799345,0.9984265216967503,42.575708029966925,58.025573461145655,90.01968539018202,51.5,119.35277459978383,4.1967359876784815,64.68258934703225,0.18109217647974793,0.006053740211107738,0.005584850571245951,2.257216256134414,0.04249037464161369,0.17832088438840132,2.3801035352896136,0.007694674423289713,2.872286038727128e-08,2.6032304813098515,2.3760751285671295,0.0622168588181229,3.0739759907176835e-06,2.737925561932419,0.14064368796875368,0.274695257397797,0.4688122932291789,0.9156508579926567,3.8243283923672444,5.069885468920438,0.14266212874114717,0.27771245576803427,0.32591086681098624,0.6927122689368594,9.672420704885842e-09,2.8671404849387785e-46,0.008378523275669297,0.0009347740848439849,,,,
p,300.0,190.0,134.96806476896953,115.884200246537,193.66498140159507,48957843.73962953,28400422.1450039,6304261.059738084,1531543.5056553674,85207352.814685,77358265.88463342,287097.2594307407,221365.67732296677,89064929.11899692,6466516.422346303,1496028.4668809609,77240927.59290807,85207352.81471783,9337.129359186945,0.9986344108521548,35.13211167504148,50.81623279362605,75.77531973923108,166.2756901070081,44.5,39.0,0.017974311547810633,387086.60923335084,73787.40341497368,15778.189349343347,476767.55387923983,1421.5632134709394,1254.7155430062166,498165.73463849083,88.40849556934822,0.9977637759625003,46.77977990740722,62.99213129277544,141.11200448099103,54.5,178.71885811312387,4.116279450410002,50.51000222911122,0.1874561567272541,0.006096548563399423,0.00560320919035159,2.339331636623821,0.051688378530310906,0.21276381036933234,2.2609355794039385,0.009689304786755597,3.3749206822690146e-08,2.6733229555786786,2.4763307762043856,0.08040440814089457,5.095921107338011e-06,2.8253267302989595,0.20691791332991577,0.45672056505668823,0.6897263777663859,1.522401883522294,4.616731925290498,6.468107762190241,0.21068696108860271,0.46310074358655673,0.47771395122675725,1.1517339016788966,1.1736076370954406e-08,3.478858160139747e-46,0.005595380423519878,0.000865974601692553,,,,
p,300.0,200.0,142.0716471252311,118.4861755466109,181.4939507800436,36785337.12543605,25435262.742463265,6378331.880383059,1580573.3474276084,70193383.28852189,62220599.86789931,306884.5853077212,235829.00642250082,73446524.36848572,6540754.558629212,1545270.8677517718,62103291.203647345,70193383.28852741,9705.219112753923,0.9982733373832402,37.195359109584956,53.309048446392225,81.17938838949976,174.94775005077366,46.5,39.0,0.022517412231446977,189156.1660414326,55419.665846320975,12120.198595322337,256784.8697460053,1047.8566382911308,937.0509130013694,268615.61647500464,68.14431469431415,0.9967997382562459,51.61623900955274,69.33381275166636,160.21260511911532,58.5,273.3548256092836,4.035454533485478,39.36584149616572,0.1941602936726584,0.006140315556091856,0.005622376082237937,2.415110856516308,0.06220592899602105,0.25102919817666886,2.120651049687904,0.012077921442047985,3.9356559502449874e-08,2.7381961167909363,2.5649646329582896,0.10154646492546011,8.378283913982309e-06,2.902929240177732,0.29915851534251636,0.7289697148224512,0.9971950511417211,2.42989904940811,5.526646935472833,8.094537239005032,0.30601943621194844,0.7415353372368072,0.6875541650874109,1.8363333688659456,1.424635703752324e-08,4.22296633608406e-46,0.0036582489362354913,0.0007895283465469212,,,,
p,300.0,210.0,149.17522948149264,121.03222597533721,169.32292015849214,27278079.182880227,22507774.759612273,6429707.003613758,1625871.5206556902,57855890.09044064,49785853.9424925,327233.51864262373,250584.93706035847,60616716.2277739,6591660.5522313425,1590909.0973960187,49669072.32036344,57855890.09044146,10057.252084059,0.9978244308156884,39.304493723866784,55.934956291837615,90.70768756056647,182.59169913790717,49.5,39.0,0.028102091560844006,86352.92219744575,40786.08275562401,9140.931684004943,136346.91304064743,750.0439862386575,681.0701025642493,142839.18177870405,51.53567325641344,0.9954460527340244,57.36432840143967,78.79381280626251,173.92663355107808,63.5,424.328566010092,3.954621827080624,30.621025899029583,0.20126652966444436,0.00618576065592382,0.005637901587930254,2.4844946834579456,0.07396604781700089,0.29250774716000083,1.9614174862289098,0.014886889757122119,4.5493168972645184e-08,2.7976598549617595,2.6393911344304373,0.1241625310527521,1.3583137402723965e-05,2.9684945415342128,0.4236299533107277,1.0929073448274345,1.4120998443690924,3.643024482279639,6.5508777263692854,9.83382384416039,0.4357482977514862,1.115143267998166,0.9684727230161616,2.7500123959044225,1.728432487058439e-08,5.123493808148164e-46,0.002356664340095869,0.0007049599045467451,,,,
p,300.0,220.0,156.2788118377542,123.52580966513798,157.1518895369407,19936073.89230114,19681416.844360378,6458103.389350407,1667318.8321327774,47757927.80211326,39617490.736661516,348028.1481757363,265590.8065466192,50120230.422467455,6618920.386778618,1632854.0408220447,39501727.569880284,47757927.80211336,10388.15433951418,0.9972717716378419,41.491074244318064,58.75229868265933,133.52267934904359,189.44865028933947,51.5,39.0,0.03491187555375884,36099.76846563322,29297.614619781223,6753.272511785809,72200.13933800273,517.6710975373868,477.9508434927219,75769.58951565088,38.17734489347797,0.9936337224053021,64.55062512391156,124.50151989642963,184.7947665019268,68.5,661.4658675177341,3.873346395955608,23.761196702843073,0.20873521096774908,0.006230454631299286,0.005653162200525876,2.5474116898017685,0.08681874237418348,0.336279062876442,1.7864863082302092,0.018122128505429845,5.20708701305364e-08,2.8517013138817187,2.6995152631131423,0.14639626928677313,2.167782642138051e-05,3.0215388695042207,0.5859011130879042,1.5243500735545998,1.9530037102930136,5.081166808113103,7.677187932686026,11.550792685537193,0.6065801149260346,1.5589495515229201,1.331990315233122,3.829499511860594,2.0938931943268917e-08,6.206808131866994e-46,0.0015117938038929721,0.0006134607586237195,,,,
p,300.0,230.0,163.38239419401575,125.97004240020999,144.98085891538923,14365168.307382701,17003126.71633136,6463432.370441431,1704659.4118146577,39551940.73866484,31368295.023714058,369323.85212898016,280819.6187815835,41595095.66369538,6622381.643370584,1670895.6713950585,31254064.215196926,39551940.73866484,10701.963451580461,0.9965983507583256,43.74349489363295,61.8249438038049,149.5660375747256,195.63184611366822,53.5,39.0,0.04309926087010521,13538.436964946322,20411.71887670229,4854.597521455918,38840.27864828184,341.4793545729976,321.04387771182337,40829.879838915316,27.500369082283658,0.9914845292497657,74.43963001730327,149.68179015266642,193.16465031625498,73.5,1018.3227853957346,3.791626835040864,18.40150284937073,0.21665550875985518,0.006278065505289365,0.005664809278367563,2.6040299334955668,0.10047114842609105,0.38094910251974046,1.6010782274206008,0.021767627777941678,5.893913337159632e-08,2.9001859696605257,2.7450150044015857,0.16604260967701287,3.4203166986171877e-05,3.0618168044720577,0.7894397406762529,1.964666313823684,2.6314658022541693,6.548885360143206,8.887636483018824,13.070391921881349,0.8233980437509475,2.0114020357578886,1.78337014495932,4.929072129305034,2.5283209403234888e-08,7.494557513672078e-46,0.0009820068983445026,0.0005160737626396264,,,,
p,300.0,240.0,170.48597655027731,128.36774326595256,132.8098282938378,10190782.133280033,14522935.787104206,6445898.356299868,1737696.3097416982,32913374.384777427,24713717.92038424,391001.1864486456,296207.46680968074,34703099.06901801,6602350.800888999,1704780.2391399033,24601478.999568764,32913374.384777423,10991.701418459861,0.9957923913983016,46.104484004620936,65.27069337794306,160.37007449436317,201.21522523777193,55.5,39.0,0.052796054559066725,4445.372114895002,13685.939831289514,3377.852239402676,21533.782027845795,212.39951281575534,203.36290395499665,22662.9343816098,19.19236406496384,0.9892990458459661,96.27665151965464,161.03041101181267,199.18257649041442,162.5,1528.453029858686,3.709450448944111,14.222115672247607,0.22501123139679477,0.006325444415597415,0.005681824634329692,2.6543344240931774,0.11457454554433073,0.42500859940698515,1.4111404528898992,0.025780559579658004,6.593473491427383e-08,2.9432070153476477,2.779249977271841,0.18238083047403353,5.399313455649704e-05,3.091733202355833,1.0340685115781716,2.375128774858047,3.44689503858933,7.917080713072582,10.151426856767046,14.355750051960726,1.087551868980443,2.430722591712108,2.3208006607514506,5.943906145887537,3.0382785681874786e-08,9.006195815047478e-46,0.0006542562842722458,0.0004158169767491029,,,,
p,300.0,250.0,177.58955890653885,130.72147275821334,120.6387976722863,7105056.419288672,12257645.161820479,6405390.115019375,1766152.4673666533,27550788.59899161,19362701.58110915,413003.23448226415,311694.20300526737,29140606.39675943,6558666.301520543,1734270.9449343453,19252927.641990557,27550788.598991603,11257.359589661493,0.994839835001075,48.60432705896086,69.2879168606898,168.97579782536533,206.25622130944268,57.5,39.0,0.06410533263034425,1268.2251419860593,8713.200844018273,2251.1415324861023,12248.816524965836,122.4427106316188,119.21668124876194,12893.685063193172,12.804012476965276,0.9874914797175235,134.84314303214504,167.5371255043828,203.14542404199344,163.5,2249.2612688611116,3.6267481054848343,10.963210673413199,0.2338434773403539,0.00637394551017801,0.005687786526165175,2.6987928056909993,0.12877623862468798,0.4670389794635501,1.2226196952467119,0.030113483438808236,7.291343244940474e-08,2.9810542378974874,2.805044069617146,0.19605102617683778,8.708960469505625e-05,3.1147108625581112,1.3168796974737416,2.744023508201269,4.389598991010428,9.146692970482468,11.441990244885206,15.414810285420925,1.3976509883421129,2.803705581653513,2.9353260368789464,6.862161943354157,3.629660168916548e-08,1.0759194553658721e-45,0.00044459041457035306,0.0003162595804730317,,,,
p,300.0,260.0,184.69314126280042,133.03356482090945,108.46776705073489,4859336.489786522,10218262.419312483,6342324.577656899,1789941.607062372,23226861.944776356,15077598.909099005,435241.28997394233,327202.53606013313,24660311.870317675,6491835.479350834,1759230.5296740574,14970721.201798527,23226861.944776356,11498.487411683936,0.9937333358477431,51.26843727989899,74.25509355516438,176.20064287683755,210.79776574864152,59.5,39.0,0.0770634281685617,342.38710134011,5161.373534324849,1413.1141667799254,6926.871870769444,63.774538869109385,62.9548276145008,7286.157360041871,8.029192716790009,0.9862136356298254,141.94082616037,171.37351818854506,205.6643076582084,166.5,3353.1531083736204,3.5433136771795795,8.423514403826927,0.2431594909334805,0.006423945544544942,0.005681913680821837,2.737889836728412,0.14273778261671102,0.5057647373960777,1.0412383629513295,0.034708046558053256,7.974437939959972e-08,3.0141014078785098,2.8266871288858657,0.2087761677297953,0.00014774189703690765,3.1346278920120714,1.6317798226581353,3.104829043720619,5.439266055356796,10.349292590953736,12.732172236577782,16.370504891918056,1.7488427866873966,3.164381993099878,3.6111573979287264,7.774459763905677,4.305359899144261e-08,1.276213271289272e-45,0.0002982267637892115,0.00022221570639186687,,,,
p,300.0,270.0,191.79672361906196,135.30615395406787,96.2967364291834,3263608.494062522,8422977.508818742,6256980.576794771,1809130.7874297423,19770110.58325607,11686586.002881264,457655.13496422244,342675.42097549466,21083523.854275614,6402098.082658382,1779731.6645315923,11583063.869945623,19770110.583256073,11713.494288891347,0.9924825692625779,54.12869872183171,81.08946379677397,182.3573484731508,214.84490668394847,61.5,39.0,0.0915083797741603,98.77368101637101,2740.6334203519714,813.5031984369476,3658.509663303888,29.021593670055264,28.90238581099514,3843.5243791353523,4.603065803021897,0.9851538282249567,145.7618122135461,174.2489103716528,207.69211660702425,168.5,5403.869991531548,3.458556241632564,6.45977951626403,0.25296962394544154,0.006474653115341027,0.005658325390565343,2.7719369798380034,0.15609647841464075,0.5398684497178186,0.8732300900914511,0.0394876674437594,8.628258360270859e-08,3.0426344302494757,2.8498177312420188,0.22406958072668415,0.00027543786079416523,3.156899961590326,1.9683272376847907,3.556910193260587,6.5610905086509845,11.855987257048461,13.98951747653809,17.46675277143012,2.131213390691171,3.6146536756099445,4.323940145300776,8.945829430718721,5.058140650194094e-08,1.4993557744402524e-45,0.00018505256447085304,0.00013862509310762786,,,,
p,300.0,280.0,198.9003059753235,137.5411982888208,84.12570580763197,2143436.6222937135,6863472.38226079,6150659.353154889,1823374.0562672077,16998736.201203614,9006909.004554503,480124.8405668483,358039.38394771307,18220747.34180488,6290914.347644444,1795403.3693293596,8907071.578889778,16998736.201203614,11901.70367672697,0.9910953685447941,57.253974503231,95.77528817644189,187.6648423130203,218.43398695139575,62.5,38.0,0.10726527164637696,26.63118226062207,1219.281107748563,408.71815174313195,1657.323762623051,10.9222801731305,10.91521573517701,1738.8786405113378,2.309698190268945,0.9837702960521106,149.6001655835733,177.58772670328824,210.10970743225562,172.5,10256.738354067686,3.373229608052258,4.93969351686036,0.2633167006608369,0.006527296818674723,0.005651078085028449,2.8016308337501434,0.16865788568629414,0.5689217736285005,0.7214804170500397,0.04441043799934755,9.249768861555965e-08,3.0671965033745896,2.882885422281744,0.24695072382592329,0.0006042078698308583,3.1872940137328873,2.3178065842430366,4.3073980713752436,7.726019889307413,14.356602378793786,15.199100933825584,19.18000134599807,2.536306090624289,4.364988699723094,5.052577254653007,10.850981494169275,5.882790274309886e-08,1.7438019575966164e-45,9.74968811214155e-05,7.17277504231303e-05,,,,
p,300.0,290.0,206.00388833158507,139.74049933933802,71.95467518608048,1375821.0687572653,5528518.915858977,6023547.326748901,1832751.291468875,14778777.58937226,6904339.984616242,502693.33476797654,373336.02521711454,15932482.365900524,6158296.294564631,1806331.7789591597,6808680.537745573,14778777.589372257,12061.125456225276,0.9895952007242359,60.69375909573619,134.95685925572283,192.24536423841647,221.59814339629756,64.5,37.0,0.12401237385065232,4.044523319615696,409.60896062342994,165.8061337969315,580.47912988249,3.1099664753797227,3.1098875393401593,608.3302817640075,0.9279307389086875,0.9817298507151039,155.16788980881637,182.28693844977855,213.34768580760746,178.5,25459.619181078946,3.2866146949602064,3.767199628642846,0.27428344320799164,0.006580884985522928,0.005596480164269172,2.8275189828003633,0.18030699834676264,0.5925996303706358,0.588232627947004,0.04945522434104772,9.838050541066813e-08,3.088315597395848,2.927955269232784,0.28465567179125334,0.0017167981984302278,3.231250535879564,2.6715807766102855,5.655675882443493,8.9052599759699,18.84466809056361,16.347791431468107,21.83027728566585,2.955375768546453,5.7167148438950015,5.778179463165115,14.392388770652355,6.766459498782373e-08,2.005742984158842e-45,3.9277885222383016e-05,2.7716024423967826e-05,,,,
p,300.0,300.0,213.10747068784661,141.905718998532,59.78364456452906,858593.4610547108,4405765.140055998,5876837.651293797,1837263.6976437112,12996906.101016382,5264358.601110709,525162.4698043261,388386.35144612356,14100472.484990435,6005633.793685184,1812575.800204049,5173116.053487276,12996906.10101638,12192.304545189516,0.9880102994967069,64.57165595304129,146.13843092202367,196.19454001553956,224.36882943819316,66.5,37.0,0.14136161970886546,0.14312101052696743,85.12771146374284,46.767760811807506,132.29684447850167,0.5607345525343314,0.5607345105386693,138.5028254257783,0.26373230466419834,0.977951455271261,163.62246642349854,189.02327666921164,217.93513119102298,185.5,98240.48451229982,3.1986903452296125,2.865325542469621,0.28583946358807744,0.006636121184360271,0.005639190332961452,2.850226536112857,0.19101728938066562,0.6110051593138661,0.47398493806142417,0.054600279532618014,1.0396835774072338e-07,3.106512594906488,3.0010406083419454,0.35154342503504554,0.007516789748597308,3.2955017718114985,3.0237105270093467,8.66576122735118,10.079005347052744,28.819063966842062,17.433545076772216,27.044764388671013,3.382240600785901,8.739429931373577,6.487039211185655,21.89876865781678,7.694138837563797e-08,2.2807296778122637e-45,1.0179102891891772e-05,6.549844309261086e-06,,,,
p,300.0,310.0,220.21105304410818,144.03839423352764,47.612613942977575,521601.79172074556,3473677.7704153038,5711974.51876445,1836866.2014877773,11562833.17670826,3995279.5621360494,547512.6278172312,403178.74098196893,12630650.4757777,5834467.351304317,1814012.2860407464,3908674.4694874077,11562833.17670826,12293.603085556717,0.9863769502840299,69.00687920922655,153.5638616944607,199.58607784364182,226.77907906779933,68.5,36.0,0.15885952633026756,0.0001702209620835038,6.609892873318272,6.196582551476045,12.830399181611961,0.03509239417983134,0.0350923941797957,13.412379829728998,0.03330165843320982,0.9737781424429763,175.54866154786603,198.5605740477657,223.74063395263536,196.5,901206.0352167119,3.109630148422358,2.1750520309536188,0.298068867168317,0.006692704713930422,0.005374197496211402,2.870243083299139,0.20080621417783137,0.6244330575979415,0.37823759280286917,0.05985408078034462,1.0932000056138414e-07,3.1222391372222877,3.0876109591125966,0.48102419846274824,0.07762733643371972,3.3889121380350256,3.3695443503228324,15.418403962897973,11.231740025263584,50.556602680063286,18.455787521433162,35.11969578617767,3.8120808692921164,15.502886067655364,7.169436954111458,40.905237170239566,8.648399442572281e-08,2.5635957045577668e-45,1.1096241713023273e-06,5.716499384106824e-07,,,,
p,300.0,320.0,227.31463540036972,146.13994985032647,35.44158332142616,304720.29797070776,2710737.5460883887,5529541.382092563,1831557.2592807773,10395493.731349347,3015457.8440590966,569702.3494424259,417691.7205261492,11438528.265181314,5645249.47665266,1810678.6292537074,2933798.8166683335,10395493.731349347,12365.12580388085,0.9847200762772108,74.35820241504278,159.16716595078591,202.5100701375999,228.87682880912146,167.5,82.0,0.17618761615500864,5.523098853941453e-12,0.04578983420616194,0.12560420343370782,0.1716833809862658,0.0002405056708899544,0.0002405056708899544,0.17924010609203106,0.0007058835875430133,0.9640170695747654,192.99232918044973,211.27422596606002,231.23797588790978,209.5,60550378.677485146,3.0190382277559396,1.6463901572169346,0.3110480693713822,0.006751154374904137,0.005619904177136628,2.8881573579284594,0.2098015230829551,0.6333988184288616,0.2991295307881303,0.06525835870612866,1.145481649671934e-07,3.136003252357557,3.2331646878489444,0.7303629258976221,5.814796845418455,3.5095359630442355,3.709217369291603,37.04060483818397,12.363901253737772,112.20519409751027,19.426010373020777,55.42474010804666,4.245692687612649,37.14451654043286,7.825299781301437,94.04381234829086,9.61955272008229e-08,2.8514691298341744e-45,1.651517334559357e-08,4.404777241900022e-09,,,,
p,300.0,330.0,234.4182177566313,148.2117096289586,23.270552699874667,171610.11050986976,2095123.619790107,5331728.705104631,1821348.576085857,9438931.380198158,2266733.7302999767,591544.9800471682,431772.37306588003,10465623.284488058,5440423.489533857,1802522.223035977,2190142.6704226234,9438931.380198156,12406.755820928514,0.9830708761297471,81.33332075134619,163.59003894683948,205.02718300493683,230.6951736739061,168.5,82.0,0.19296131126737995,0.0,0.0,0.0,0.0,0.0,0.0,0.0,0.0,,,,,,inf,2.9273521692166726,1.2445359224818284,0.32478405716187475,0.006811851385192325,,2.904350968457978,0.21807739195251968,0.638389326389323,0.2350368583118082,0.07082806013361971,1.197340228091735e-07,3.148133169941058,,,,,4.0420765839352395,,13.473298919213148,,20.35092985255301,,4.682890558830374,,8.452920949425884,,1.059441964053145e-07,3.140443369099377e-45,0.0,0.0,,,,
p,300.0,340.0,241.52180011289286,150.25490607637923,11.099522078323249,91886.36661410623,1603027.304224799,5120842.905728779,1806307.8959322977,8641325.826577302,1694913.670838905,613106.9329521038,445492.10467983276,9658029.921501732,5222217.176328753,1789661.2488051709,1623540.7933793443,8641325.826577302,12418.98184532775,0.9814409895055368,93.74756206243623,167.1880883853167,207.20537756035708,232.28614623818103,169.5,83.0,0.20903133757285355,0.0,0.0,0.0,0.0,0.0,0.0,0.0,0.0,,,,,,inf,2.8349778668745373,0.9383304333971821,0.3394254846213016,0.006875340507171888,,2.919218667131263,0.22575776641078246,0.6400182710496001,0.18344944150394207,0.07662793927100245,1.2498299261115786e-07,3.1589652007363465,,,,,4.370246395703214,,14.566999890845077,,21.242617977139098,,5.127364638658987,,9.056117231463796,,1.157229828002082e-07,3.430310355056737e-45,0.0,0.0,,,,
p,300.0,350.0,248.6253824691544,152.2706890012137,1.0715085432282376,46753.382381744195,1217644.876425254,4897460.829937008,1786516.4730944817,7967734.025669346,1264398.2588069981,634200.2206197391,458699.8869498751,8979152.79772137,4991364.981731427,1772104.6590339746,1198307.2265889035,7967734.025669347,12401.726002087107,0.9798459118096489,124.96474319517739,170.15342246881266,209.09868393418628,233.68034747875845,170.5,83.0,0.22421888925244363,0.0,0.0,0.0,0.0,0.0,0.0,0.0,0.0,,,,,,inf,2.741346583529656,0.7077450881921586,0.3549926519967772,0.006941848109917333,,2.9330740207959503,0.23296260887898845,0.6386312519405706,0.14278447111621934,0.08270001434204007,1.304004818245345e-07,3.1687783549085444,,,,,4.696462906601127,,15.654108289757067,,22.11231670986816,,5.583683808263006,,9.640134777083562,,1.2550619746823098e-07,3.720308605787975e-45,0.0,0.0,,,,
p,300.0,360.0,255.72896482541597,154.26013307976612,13.242539164779657,22283.72898586468,916980.7601414422,4663977.255632552,1761955.7274190667,7384610.275615437,939264.4891273068,654789.847603027,471392.21463424456,8394012.423239013,4750333.805583337,1749830.4218136964,878450.9450605845,7384610.275615438,12355.046410597413,0.978275965011689,133.36261742834736,172.65563541976888,210.77003185568464,234.92517492870175,171.5,83.0,0.23859833649409812,0.0,0.0,0.0,0.0,0.0,0.0,0.0,0.0,,,,,,inf,2.647045656739855,0.5330806413071186,0.37162673125854917,0.007012120803225419,,2.9461918274206584,0.239798477934395,0.6347575195090682,0.1107024482639053,0.08911552451553455,1.3609790200895377e-07,3.177794592354543,,,,,5.02411893165335,,16.74591386107331,,22.972046210552392,,6.058023257542347,,10.210581770135446,,1.35416760353905e-07,4.014081767078348e-45,0.0,0.0,,,,
p,300.0,370.0,262.8325471816775,156.2242445546464,25.413569786331145,9924.617669018411,686694.7079537209,4423522.290755584,1732904.3290343771,6872470.39493013,696619.3256227394,674783.0576712184,483498.43080640776,7882218.888048635,4502351.785685649,1723049.902950886,641048.5419318641,6872470.39493013,12278.093224068423,0.976734724194317,138.32539909972368,174.79435783857605,212.2569165032659,236.0400407479116,172.5,83.0,0.25215158879589394,0.0,0.0,0.0,0.0,0.0,0.0,0.0,0.0,,,,,,inf,2.552663881462224,0.40199525960611754,0.38939429394075464,0.0070852689432140325,,2.9586548347329886,0.24631186083317363,0.6287513907245922,0.08574802958077807,0.09591243313836706,1.4213817618565562e-07,3.1861326352082604,,,,,5.353551344478795,,17.843519540158237,,23.8232986524409,,6.552990296099551,,10.76897596749679,,1.455080840708615e-07,4.313213118559924e-45,0.0,0.0,,,,
p,300.0,380.0,269.93612953793905,158.16396718454163,37.58460040788256,4068.907337329434,511704.1304945679,4176755.9962184317,1699312.4804982245,6411235.412876135,515773.0378318973,694199.048368562,495033.17917343567,7422879.356782021,4248096.787417823,1691796.5211884174,465310.00122723554,6411235.412876135,12171.9494961586,0.9752013407702633,141.87413505374312,176.6644423509851,213.60594504883804,237.06121452127115,173.5,83.0,0.2650522670069759,0.0,0.0,0.0,0.0,0.0,0.0,0.0,0.0,,,,,,inf,2.4579093275380646,0.30351865460358235,0.4085175954013052,0.007162867121760846,,2.9707144644465915,0.2525995002486031,0.6208666677924952,0.06639505996614817,0.10319134044113074,1.486480580514203e-07,3.193959310808236,,,,,5.689431426097744,,18.96246742228729,,24.680483202099314,,7.077935131319016,,11.321838936035373,,1.55976178630351e-07,4.6235128731654997e-45,0.0,0.0,,,,
p,300.0,390.0,277.03971189420065,160.08018754497874,49.755631029434056,1535.315661300847,379971.60128266516,3926532.486095854,1661775.2886175204,5989134.623988948,381506.916943966,712888.0194650483,505889.28481461236,7003570.773829766,3990472.7690884587,1656607.6125092185,336022.3255487191,5989134.623988947,12036.154395455918,0.9736669150482781,144.63307141670543,178.33579442786768,214.85376775166802,238.0084514930664,174.5,83.0,0.2774650083772415,0.0,0.0,0.0,0.0,0.0,0.0,0.0,0.0,,,,,,inf,2.362854059144454,0.2295779216101792,0.4289918284066679,0.007242949439613552,,2.982400467806312,0.2587314135248909,0.6113445706754707,0.05143955146921895,0.11099366215428462,1.5569578829165112e-07,3.201391855994589,,,,,6.033081968159736,,20.107132378954564,,25.54404056080166,,7.6380853150997705,,11.874146567590559,,1.669690302159161e-07,4.9493677009024325e-45,0.0,0.0,,,,
p,300.0,400.0,284.1432942504622,161.97373976456296,61.92666165098547,529.7473611854143,282326.7432445845,3675049.646951006,1620123.0822833308,5597232.536791371,282856.4906057699,730809.3098161021,516061.13930133596,6614950.754653392,3731688.3739893795,1617334.36881285,242190.68515804823,5597232.53679137,11871.944097376687,0.9721161237049991,146.87002055899873,179.852456756254,216.01797529218993,238.89931082703296,176.5,84.0,0.2894507368836369,0.0,0.0,0.0,0.0,0.0,0.0,0.0,0.0,,,,,,inf,2.2683768209582884,0.17458950724109448,0.45108258613668495,0.007327803811451711,,2.993804726125007,0.26467916745945747,0.6003920884555707,0.040018037896950014,0.1193921633541168,1.6336978983499834e-07,3.2084205637570102,,,,,6.384905170014647,,21.278826926473858,,26.41936131071641,,8.238761730728054,,12.422270931122906,,1.7865972039340226e-07,5.2959081598778704e-45,0.0,0.0,,,,
p,300.0,410.0,291.24687660672373,163.84540976848015,74.09769227253696,165.81771989466105,209966.84981199278,3423987.3764400054,1574705.6740445548,5227869.03051386,210132.66753188745,747924.4793689013,525515.847884351,6249000.969416457,3473747.0033545895,1574141.541525948,173986.5573352324,5227869.030513859,11680.185832822935,0.9705288863712568,148.76328390847326,181.26160343978677,217.12751976426898,239.75093906518157,177.5,84.0,0.3012136809191972,0.0,0.0,0.0,0.0,0.0,0.0,0.0,0.0,,,,,,inf,2.17436657076726,0.13344250357095108,0.47496144307900645,0.0074173771170983,,3.0049966681741496,0.2704858086976077,0.5881353002990264,0.03125766682495715,0.12847033003140784,1.7176912051309123e-07,3.2151185271240155,,,,,6.746876831747473,,22.484096103739514,,27.31103687721808,,8.888514573597133,,12.969192214615498,,1.91282527194777e-07,5.670078820129453e-45,0.0,0.0,,,,
p,300.0,420.0,298.3504589629853,165.69593909050388,86.26872289408838,46.981073194507886,156344.01063200657,3174293.113148627,1525721.2662514874,4875246.973287246,156390.99170520107,764159.2500990346,534206.168222722,5899605.819537092,3217413.9886677223,1527317.6835730833,124560.29915209998,4875246.973287246,11460.838329537995,0.9688795968827599,150.43450941355846,182.60342722787897,218.204884468668,240.57814540174692,178.5,83.0,0.31295261032134647,0.0,0.0,0.0,0.0,0.0,0.0,0.0,0.0,,,,,,inf,2.080519675096016,0.10250299000513692,0.5008511495526843,0.0075117510537792325,,3.016039202163141,0.27618986510880666,0.574618448420987,0.024516708527077196,0.13833001143454665,1.8102249160318238e-07,3.2215474075427233,,,,,7.121130986020333,,23.730003915248712,,28.223847463028015,,9.597921922247602,,13.517831595913961,,2.0511781361626635e-07,6.080190321997216e-45,0.0,0.0,,,,
p,300.0,430.0,305.4540413192468,167.52602830595245,98.43975351563988,12.124531903254752,117133.761962846,2929954.20029189,1473540.5039803856,4539238.961785372,117145.88649474925,779464.3392938052,542113.9124057109,5566574.109514858,2966825.1167258006,1477208.695070386,89301.68668670318,4539238.961785372,11214.917435214371,0.9671705702755632,151.93540124170673,183.88752586537086,219.24815285061024,241.38534555336835,180.5,84.0,0.3246228093267892,0.0,0.0,0.0,0.0,0.0,0.0,0.0,0.0,,,,,,inf,1.9883771042447647,0.0794996039663044,0.5289738131990844,0.007610864719985772,,3.02679210614102,0.28166596909857045,0.5600581640005109,0.01939176037290938,0.1489939217224863,1.9114911896736008e-07,3.2275843570645892,,,,,7.501236058035792,,24.995110588589387,,29.145509694869574,,10.365704309826722,,14.055138843155575,,2.2030124618217506e-07,6.530264150858536e-45,0.0,0.0,,,,
p,300.0,440.0,312.5576236755084,169.33634013066887,110.61078413719129,2.812654824395371,88210.18777177222,2691772.0181165235,1418794.2397874228,4217093.081150894,88213.00042659661,793753.7328516437,549205.6084395155,5246963.124106211,2722640.034099195,1424568.074141338,64045.71410660069,4217093.081150893,10947.156901794748,0.965375815147364,153.32561292802043,185.13755396801272,220.2803929331557,242.18441878625376,181.5,84.0,0.33643891953179683,0.0,0.0,0.0,0.0,0.0,0.0,0.0,0.0,,,,,,inf,1.897225082137231,0.06217462543392727,0.5594565516213058,0.0077158171317603845,,3.037379579926439,0.2869677023522465,0.5444423226659734,0.01545126674506398,0.16054596118467712,2.0226167706688935e-07,3.2333078739428096,,,,,7.890821770616503,,26.29146888279647,,30.085872933769036,,11.206831459112143,,14.585203651820356,,2.37130170180424e-07,7.029114343437155e-45,0.0,0.0,,,,
p,300.0,450.0,319.6612060317699,171.12750222489777,122.78181475874277,0.5952097932924557,66730.97414239461,2461649.1901973365,1361493.7298987128,3907864.379768267,66731.5693521879,807073.4558371983,555482.9789806352,4939830.701496012,2487089.8664242756,1369046.174720452,45964.98627663586,3907864.379768267,10652.791977537992,0.963492881162608,154.65899526846684,186.37404066412745,221.29706392464533,242.97014315631773,182.5,84.0,0.3483984083345923,0.0,0.0,0.0,0.0,0.0,0.0,0.0,0.0,,,,,,inf,1.8080503318810501,0.0490134973718552,0.5927852902394489,0.007824341562212334,,3.047574150329952,0.2919681672815387,0.527893141752088,0.012392789945756722,0.17307443478266687,2.144469422589698e-07,3.2386009590689757,,,,,8.28031805933497,,27.587217859098516,,31.02336866404396,,12.119775220804247,,15.094037009340258,,2.558942437145936e-07,7.58532706963723e-45,0.0,0.0,,,,
p,300.0,460.0,326.7647883880315,172.90010973569449,134.9528453802942,0.11253907072301862,50835.26263802039,2239690.1599650625,1302093.3686857135,3610248.094549754,50835.37517709111,819323.5239873289,560907.0900045551,4643716.614627606,2260120.179830488,1311363.1207628748,33090.15716204983,3610248.094549754,10338.125224210566,0.9614896405161558,155.9416348038353,187.60332683528682,222.31896463561424,243.75442623476647,184.5,84.0,0.36066589735243715,0.0,0.0,0.0,0.0,0.0,0.0,0.0,0.0,,,,,,inf,1.7200687860239436,0.03904126723907866,0.6292356168085893,0.007939618980354304,,3.057553120340055,0.296692150153604,0.5103309065375432,0.010031083693951288,0.1866892681041696,2.278578151834645e-07,3.2435104409740396,,,,,8.673628094557778,,28.895355254362354,,31.972587092076342,,13.12493897111097,,15.582612428731844,,2.7698927436861186e-07,8.210635027846788e-45,0.0,0.0,,,,
p,300.0,470.0,333.86837074429303,174.65472760706476,147.1238760018457,0.01966679255262868,38921.888882615065,2028071.4027926459,1241112.902932471,3325338.6866567475,38921.90854940762,830502.5651656677,565473.6621792924,4359761.449374129,2043881.7566432809,1251961.4241399423,23921.186794576373,3325338.6866567475,10004.342646569661,0.9593609589923997,157.214132430107,188.8378529103294,223.33735868464822,244.5354136461532,185.5,83.0,0.3732290211257458,0.0,0.0,0.0,0.0,0.0,0.0,0.0,0.0,,,,,,inf,1.6340748678067636,0.031360489813170016,0.66915956090971,0.0080607836909371,,3.0671617993100786,0.3010197131883551,0.49188874803549115,0.008175148812039863,0.2014302191022865,2.4254015285564523e-07,3.2479324479455727,,,,,9.062032977680662,,30.186913229431,,32.91713361383455,,14.224674397958333,,16.036848860978267,,3.007212480378614e-07,8.914108383386791e-45,0.0,0.0,,,,
p,300.0,480.0,340.97195310055463,176.39189268325458,159.2949066233971,0.003050944551273338,29919.595668397087,1826937.6732536764,1178545.6131513747,3052204.4205439435,29919.598719341637,840555.4182599665,569173.0809742686,4086934.4516929626,1838640.8700831237,1190747.1580407445,17351.84454027999,3052204.4205439435,9651.78452393248,0.9570875178839896,158.47830180580766,190.07705709648303,224.36230030041546,245.3254085841633,187.5,84.0,0.3861293186061706,0.0,0.0,0.0,0.0,0.0,0.0,0.0,0.0,,,,,,inf,1.5501628896386388,0.02538688226019361,0.7132141589432092,0.008189572313730029,,3.0763801345483555,0.3048528681977646,0.47257160308007384,0.006702202512822029,0.21742538199309366,2.5866870556040895e-07,3.25178979849409,,,,,9.44013569450572,,31.444029626187803,,33.852415280117555,,15.431451229629022,,16.44439965635815,,3.276320528432321e-07,9.711810016658274e-45,0.0,0.0,,,,
p,300.0,490.0,348.07553545681617,178.1121156273868,171.4659372449486,0.0004266351995465328,23059.666292156406,1638108.4059946586,1115409.9067921105,2792914.999091647,23059.666718791606,849462.7888571179,571972.2449762316,3827376.4904593728,1646158.8999320164,1128800.1307809965,12613.990674364997,2792914.9990916466,9283.192844275967,0.9546802893488521,159.74105374191114,191.32470515849073,225.387523793009,246.1108954388923,188.5,84.0,0.39937123297876254,0.0,0.0,0.0,0.0,0.0,0.0,0.0,0.0,,,,,,inf,1.4686156147795164,0.020673715177150075,0.7615700592978867,0.00832267383295365,,3.0850135977069053,0.3081158870291442,0.4525038028526427,0.005516333477936082,0.23465183435540632,2.762355660936143e-07,3.2550298454134463,,,,,9.797515627160985,,32.6321384416921,,34.755065196971884,,16.74638200977369,,16.795102814884153,,3.58048848720865e-07,1.061343774299185e-44,0.0,0.0,,,,
p,300.0,500.0,355.1791178130777,179.81588267488053,183.63696786650007,5.364627115763345e-05,17779.620605094886,1461366.323212701,1051798.6373865067,2546789.3462016582,17779.620658741158,857199.7041391558,573896.7266524656,3580346.5572805833,1466274.821329077,1066118.9342910745,9186.002759226534,2546789.3462016582,8901.11248778714,0.952107305878071,161.02825796834924,192.58878438780627,226.4163390781752,246.89705692217427,190.5,83.0,0.412990041345659,0.0,0.0,0.0,0.0,0.0,0.0,0.0,0.0,,,,,,inf,1.389397429572529,0.016904015680149282,0.8149846117590651,0.00846275339346749,,3.0930772111065004,0.31070698689685716,0.4316954889447188,0.004548401544125932,0.25322141308696405,2.954053902074804e-07,3.2575728354740465,,,,,10.128306972258066,,33.731900105712214,,35.62210662777053,,18.185528159805973,,17.07583543419232,,3.926512420398741e-07,1.1639136746247487e-44,0.0,0.0,,,,
p,500.0,100.0,80.34424286714359,108.80519934022198,253.97505547691958,216480571.80256283,27784583.855433244,3216119.8515344383,728947.3933278925,248323593.8476802,244265155.6579961,142590.26195981668,107743.09379918454,259131310.41972637,3302050.761481184,710383.3205452567,244309390.2580874,248323629.2118149,4380.098682427535,0.9997807834507902,18.19613128195326,31.20196196138123,51.03849850348832,68.82052634241488,24.5,34.0,0.0029354737583856946,34995412.99649176,502196.5995143079,106044.94665740588,35609910.985444166,16931.69591262549,13196.269559450117,37127188.72969416,615.5889104236919,0.9997877417324958,19.85544791903434,33.20846569370041,53.07275620653904,26.5,6.97344045451797,4.412005421751711,335.0929818719053,0.1956111830084798,0.00600879943123316,0.005804981093653094,1.55096691594204,0.008988748520436856,0.03965840720693008,2.608449627978541,0.0017582997318483758,1.2331134733056888e-08,1.9963042244444933,1.5379809335711998,0.009065829540861372,8.549044369035231e-08,2.0017001921672346,0.00833074590763037,0.00826490698612051,0.027769153025434562,0.027549689953735038,0.954471280740054,0.9395168035046575,0.008358534308172374,0.008287651764273204,0.018384213774523393,0.018813721156012465,4.0270035742692754e-09,1.1937016940287107e-46,0.14340123881779437,0.0020223475012299936,,,,
p,500.0,110.0,88.37866715385795,112.78703541075012,241.8040248553681,177363053.92759332,27090712.457869995,3337090.0190796545,766693.573557847,208597313.39185846,204453766.38546333,153593.41477568552,115774.06422391458,217548937.27930278,3425745.819743331,747563.6257892849,204422092.49292505,208597321.79757315,4628.834809734976,0.999723785322613,20.036965689036546,33.3943031529308,53.44069677906331,71.85515036559657,27.5,35.0,0.0036754719468394216,23042534.222557705,427964.661471182,91253.33828316822,23563182.610495783,14642.267076862994,11424.197774112836,24562399.165518858,531.053591744832,0.9997230717343192,22.085458209467976,35.78409703012674,55.89928291586688,29.5,8.852679913406208,4.352573354167904,266.66946670322824,0.20033220581585703,0.0060373987331794575,0.0058195524869119825,1.6709520319007458,0.011452232537475134,0.04984668218834895,2.644730003723652,0.0022942510057485234,1.4937170379987624e-08,2.095866538553697,1.6762080279683076,0.012019326038851296,1.3171382291302184e-07,2.117030350029937,0.012577986863740972,0.013318635057255604,0.04192662287913657,0.04439545019085201,1.1785564531938102,1.1967314521174393,0.012632036880656245,0.013366754462007677,0.028012989909474716,0.030741930975532728,4.793925596354445e-09,1.4210360134717e-46,0.11296014424802968,0.0020516307449618644,,,,
p,500.0,120.0,96.4130914405723,116.63301123621117,229.63299423381665,143779151.22733858,26160309.153431192,3448157.2296396117,803400.2745502621,174207572.50395647,169939460.3807698,165036.8832138119,124083.8450351704,181669719.32093203,3539123.682344498,783853.6834577296,169882561.70492944,174207574.67915118,4875.705093832272,0.9996510433903616,21.921742882240462,35.615415342920954,55.91608409882162,75.31588590294481,29.5,37.0,0.004611741401379185,14936823.442145206,361800.39163532935,78067.14569741642,15377404.421818204,12597.994105877877,9840.700096858796,16031763.233137874,455.76586145394174,0.9996357291008369,24.440645580784736,38.45151315182691,58.8907466263273,32.5,11.328802164868756,4.291954258504412,211.52527048350925,0.20542298582882412,0.006068836728443561,0.005838126363943969,1.7858682913590376,0.014509932911598425,0.06227596835054819,2.65794234099109,0.002980673742876472,1.8060652169581327e-08,2.1917883718536446,1.8099727813869317,0.015894081415629455,2.0359501136667612e-07,2.229371985425494,0.019091319478313568,0.02179773112719064,0.06363773159437856,0.07265910375730213,1.4537868456600782,1.5288933536683647,0.019197032022163087,0.021901543136358996,0.04278993443361578,0.050831929155437196,5.740278597690056e-09,1.701558034376153e-46,0.08827058549058747,0.0020768350447401616,,,,
p,500.0,130.0,104.44751572728666,120.35615174683231,217.4619636122652,115411336.38564916,25012526.9094766,3548410.3460107227,839032.2157754881,144820842.5534745,140423863.29512575,176861.85915847647,132624.17452209373,151050386.66925907,3641322.3004159844,819153.294481906,140358217.54833943,144820842.94896352,5118.962045479704,0.9995585830963891,23.833930237709463,37.84944025460125,58.4546348524497,79.52629700113106,31.5,37.0,0.005793587449028126,9538515.407384269,303610.1783514617,66351.53039734207,9909019.891151903,10786.031539357951,8435.643151268163,10333430.48371654,388.5468266198132,0.999517648401925,26.862780762921762,41.17677347588071,62.05221735143828,35.5,14.615052158971835,4.229170560192437,167.36409002524044,0.2107926916668024,0.006101031580472064,0.0058558834181069285,1.8952297958901985,0.018276984472370243,0.07729648465964253,2.64901681742412,0.0038526547524832754,2.1783412041547733e-08,2.2837235464845302,1.9376584000881645,0.020929386893654225,3.154318637161777e-07,2.3376298343050648,0.029021098319441368,0.03596328021315366,0.09673699439813789,0.11987760071051218,1.789875434640425,1.9542040622354753,0.02922787176691639,0.0361895768100985,0.06531506499538184,0.08451139363655746,6.905083428379822e-09,2.0468344847104446e-46,0.06842260904187904,0.0020964536112221205,,,,
p,500.0,140.0,112.48194001400103,123.9675248465778,205.29093299071377,91682431.33849683,23665693.45216388,3636590.088658769,873097.4621122528,119866080.71040255,115348124.79066071,189027.823298464,141359.57122617445,125064777.41856639,3731057.378334051,852991.6051349347,115279768.28670338,119866080.80310746,5356.732466181776,0.9994410434364276,25.770680290843472,40.098393550575324,61.11188778553079,85.45521594894694,34.5,38.0,0.007283941019325255,5980103.336615891,252472.48164490657,56015.594633789566,6289046.028365312,9184.227019338694,7191.948339424406,6560901.217357851,329.42914889301187,0.9993551416886169,29.46060870546021,44.058500400734836,65.56310124294421,38.5,19.05950126136362,4.165159385369074,132.1136869549514,0.21650254582249717,0.006135320166001203,0.005881025650922834,1.9991026869362847,0.02288656582568928,0.0953261944477368,2.6184623615111557,0.00495499976639589,2.621307107034837e-08,2.3715366253361796,2.0607314661808536,0.02750345604891892,4.909964132082669e-07,2.442379181116533,0.04407181196274919,0.05992389930208837,0.14690603987583062,0.19974633100696124,2.198874119957175,2.5056698455054316,0.044475111893050916,0.0604238008378616,0.09939029699391813,0.1414191136191741,8.342643674285208e-09,2.472962266610159e-46,0.05246727006583038,0.0021062879519259683,,,,
p,500.0,150.0,120.51636430071538,127.4766298968844,193.1199023691623,72105259.27221167,22158477.783512153,3712243.459843243,905470.0151726383,98889619.18155295,94263737.05572382,201545.15509528003,150312.51342653972,103226736.08053605,3807973.516017279,885126.8584353128,94194141.96313657,98889619.1964854,5587.049571231978,0.9992921365607763,27.72527559998068,42.370044642316756,63.914383405783006,101.74101319051698,36.5,38.0,0.00915637073604533,3684332.561751557,208245.7016616789,46972.812164839794,3939934.1620205217,7772.748792065962,6095.832824664758,4112398.395325886,277.2975863850749,0.999132686840362,32.19354987340282,47.08273830353882,69.58500908266802,41.5,25.099307530265747,4.09979722976852,104.10475827601132,0.2225862278353338,0.006170330853161098,0.005903363533185232,2.097145247597247,0.028466826482336546,0.11670821635258453,2.566418789791744,0.006336323525146276,3.143872906372169e-08,2.454923440265648,2.1770010404112434,0.03595086192029166,7.653546863264383e-07,2.5423247581823,0.06660828302903767,0.09982079566660411,0.2220276100967922,0.33273598555534706,2.6920079682258615,3.207527889104416,0.06738882276234276,0.10092403938753539,0.1502802654649108,0.23623927014913076,1.0112284871520082e-08,2.9975269102721842e-46,0.03984173662138527,0.00210583985847248,,,,
p,500.0,160.0,128.55078858742974,130.89169233816028,180.94887174761087,56060294.39415814,20518372.06480246,3774976.173933613,935831.453837207,81297913.22214112,76578666.4589606,214336.16138673646,159375.94076808862,84915710.25300664,3871419.092598908,915496.6937549887,76508510.32207492,81297913.22524215,5808.108748317479,0.9991033382475877,29.710786053221877,44.67992519994023,66.95898455082946,140.96827633170054,38.5,38.0,0.011511137454169458,2220011.261337296,170185.1806510888,39098.65182313086,2429616.1745936954,6537.48743818031,5135.904841735763,2537828.654919845,231.94342811672288,0.9988225902353118,35.14277415720527,50.35907957085133,74.60378312916441,44.5,33.46121666140807,4.033820575761808,81.8295496961164,0.2290328675189212,0.006206361973090756,0.005932261530805638,2.189614730237491,0.03517208812939247,0.14187789278885102,2.4924485716112654,0.008055564200902967,3.7583784970226966e-08,2.533984570633308,2.28748032050283,0.04675211476662274,1.1957474896606044e-06,2.637593991473668,0.10002855876115853,0.16616012335804312,0.33342852920386173,0.5538670778601437,3.283403814393989,4.103571114748645,0.10152468433858561,0.1685931567241758,0.22547596395390618,0.39333781225403774,1.230043872427041e-08,3.646148872644662e-46,0.02988534487908603,0.002093352386377608,,,,
p,500.0,170.0,136.5852128741441,134.21989076298627,168.77784112605937,43107747.70903574,18783911.035070192,3824335.894452,964225.9612134069,66688983.16954261,61891658.744105935,227433.27620861813,168607.66365756057,69712176.22140424,3921164.8905582107,943937.4638710502,61821285.022752024,66688983.169997364,6019.88999885281,0.9988650718015557,31.717183928712597,47.03661912153544,70.35772397650396,154.95060051399219,41.5,39.0,0.014458549454293923,1306794.5142415264,137796.88152175082,32276.475864893986,1477135.062374961,5460.652831359793,4297.609754813117,1544509.146374826,192.61363740316645,0.9983902232217384,38.33645022830008,53.95494863656698,81.90589816632006,47.5,45.147518915649464,3.9662237362281316,64.18791987950613,0.23587134692205364,0.0062432357569767415,0.00596761673143708,2.2762423299224483,0.043112922412757944,0.17099549621164237,2.3965067491148737,0.010169103079243211,4.471246797638961e-08,2.608394537932064,2.3905500606161776,0.06019527369935548,1.8649890388072946e-06,2.7266707610708236,0.14869456611251414,0.2733494918335297,0.4956485537083805,0.9111649727784324,3.9836034222888705,5.221004195010289,0.15152011102865426,0.2786273924692102,0.3344981326896711,0.6457601617657773,1.4994980467129207e-08,4.444876508158437e-46,0.022149611407624226,0.0020662615468499713,,,,
p,500.0,180.0,144.61963716085845,137.46753445707947,156.60681050450793,32748811.712428626,16996887.411496487,3860276.7981023914,990326.5045772485,54605394.77636566,49745699.12392511,240725.37270171515,177915.2408831967,57139444.58135039,3957078.0019996255,970199.5770104949,49675415.74120915,54605394.77644786,6220.670003842418,0.9985650399645561,33.76081101504639,49.455958078920894,74.3691537652092,165.5975972007458,43.5,39.0,0.01813605612839342,747671.8179822487,110323.54050854016,26447.182055764442,884663.2442122595,4525.2678297075945,3569.514442232075,926351.2024083238,158.58257110292635,0.9977836897048119,41.83599669052337,58.037160269272064,116.39562746318161,50.5,61.7244981450411,3.8979839277857864,50.23161441605625,0.24307677476982828,0.006281433421291601,0.005996199170427747,2.357001388607009,0.05237866620225674,0.20417119901525335,2.2785022590830017,0.01273203724718998,5.289030027992253e-08,2.6780037872565834,2.485404401098342,0.07663211488383302,2.8975531201113444e-06,2.8095002486384253,0.21816855936695428,0.44164725801396926,0.7272285312231809,1.4721575267132307,4.802081299423134,6.581299185557715,0.2234047454203148,0.45280123792282945,0.48931262186584473,1.0414048020598916,1.831320887057886e-08,5.428480022116275e-46,0.016201022771383022,0.0020203780406746635,,,,
p,500.0,190.0,152.65406144757281,140.64020400649557,144.4357798829565,24561583.085241396,15203086.982293481,3882487.366978185,1013951.4612295226,44670519.29577498,39764670.06753488,254231.01369725773,187294.81675666728,46805198.28081214,3978884.3820908302,994059.7777833133,39694772.60765676,44670519.29578686,6409.211375512687,0.9981893592456589,35.846790790125375,51.983043445895646,79.54949304763194,174.5737031919396,45.5,39.0,0.02269844804166904,414307.2019760445,87416.58382562488,21473.738201247586,523378.2895170655,3718.7409264225416,2940.98389965562,549151.1404521917,129.67517306257324,0.9969344501465636,45.73317268372588,62.84900640466599,149.25611601941353,53.5,85.35034828631048,3.829066296990451,39.2175282427386,0.2507329230424659,0.006321023856251309,0.006038779640847039,2.431727516846893,0.06298802068947866,0.24118530713621997,2.1392230599777595,0.015793170544132304,6.212133726115358e-08,2.742572171281908,2.5714218324961347,0.09578180631654583,4.460416040230065e-06,2.8841456251130793,0.3148425045527624,0.6924472155352858,1.0494750151758745,2.3081573851176183,5.742578951927672,8.186557091370538,0.3243194633721338,0.7149875602329521,0.7034315090474882,1.6248152227779928,2.2386128833173914e-08,6.6357924491670215e-46,0.011716413817615224,0.0019569189076763856,,,,
p,500.0,200.0,160.68848573428718,143.74286394902896,132.26474926140503,18191156.197739415,13436496.92216213,3890758.875088005,1035108.4958649644,36563232.332846195,31627653.119901545,267856.8394224849,196695.23210385026,38374832.25822711,3986300.6648714,1015567.0613441846,31558464.536597036,36563232.33284787,6584.457283898272,0.9977230740548997,37.98383684170047,54.62760274700944,87.94411928778872,182.4333918651517,47.5,40.0,0.02831009267567095,220767.59006438026,68417.89368180613,17264.89429104796,306597.18316611863,3027.000289259343,2401.208533409897,322599.003797629,104.94158981615098,0.9957580720308001,50.14456939297542,68.93249412883152,164.97066556957796,57.5,119.25495190552917,3.7587932961914126,30.554915978612108,0.25877175242258693,0.006361127659759109,0.006078322174875079,2.5001729601948366,0.07486201250048534,0.281390830726222,1.9808905666818917,0.0193721741646322,7.232286547694561e-08,2.801841865245939,2.6468278489704335,0.11704831327068922,6.7795557445943976e-06,2.949874107017552,0.4451601853149886,1.0403949410350959,1.4838672843832954,3.4679831367649316,6.799959375095812,9.977732705744224,0.46181239566552523,1.0831466438483175,0.990225300167363,2.4292150285266656,2.734987954283409e-08,8.107168752063086e-46,0.008385396027765583,0.001871221150771827,,,,
p,500.0,210.0,168.72291002100152,146.7799539772016,120.09371863985358,13272797.283610784,11728722.285406668,3885180.4440073995,1053517.5546652675,29950214.805068243,25001519.56901745,281579.54991229874,206065.50037219038,31501114.859160382,3979535.709217515,1034397.3220669436,24933287.041044354,29950214.805068493,6744.923251479596,0.9971469205196287,40.18531778435966,57.465063512411724,129.82164275940085,189.47119062744758,49.5,40.0,0.035175626002087595,112282.16450666843,52835.58651600325,13730.539019950382,178966.17636559816,2437.068741327807,1940.3473920547513,189020.55107351992,84.01326929932456,0.9941732130717558,55.28488740614927,77.77149244503852,177.02584942007692,61.5,167.351258284051,3.687817470912321,23.7314693602435,0.2672756126989878,0.006402288430421693,0.006118716037094672,2.562514555747226,0.08787679058184689,0.32407356359543826,1.805995684504903,0.023487323044783768,8.341274446989908e-08,2.855860928980325,2.7110732964787334,0.13920554039811994,1.0138388609205743e-05,3.0058120941911657,0.6155054441869983,1.4828070542459306,2.051684813956661,4.942690168163627,7.966527136704948,11.863460553838465,0.6438389124304974,1.5575958551980316,1.3624077975647764,3.4432288164672,3.3388742167911853e-08,9.897234346149389e-46,0.005975455519447998,0.0017641137754732326,,,,
p,500.0,220.0,176.7573343077159,149.75546348240445,107.92268801830213,9544564.78415381,10115721.486591991,3865751.0626245807,1069265.4298060099,24605565.738256015,19660286.2707458,295396.6161638328,215442.84022317646,25948733.888698813,3958450.0610179743,1050700.7379277267,19593333.229618408,24605565.73825605,6891.6168721809245,0.9964447700326552,42.47972649362335,60.55471577120637,148.1324991503852,195.80567588846463,51.5,40.0,0.043456242428254646,53924.36513216772,40205.319592774475,10784.417550406288,105007.8575983349,1938.1690196642724,1550.1583247935116,111448.60529627574,66.55721112395955,0.9921199500503198,61.49649565817705,116.57238380083645,186.79382802877535,65.5,234.32118606185318,3.615333438139789,18.386722064242402,0.27626126117013317,0.006445188145128032,0.006171609251299074,2.6186323924329105,0.10173210463211096,0.3677954796088065,1.6198702618749907,0.02810463952715892,9.514204966915239e-08,2.904414221723773,2.764702602401873,0.16073199668744426,1.4904096205120405e-05,3.0517097168509935,0.8293774144679013,1.9958973320257383,2.7645913815596614,6.652990317707741,9.21993247241492,13.74611026225366,0.8758073846852581,2.115523633327647,1.8257632074896892,4.598686987864296,4.0641211449376645e-08,1.2047042437329597e-45,0.004267646544499961,0.001633992894959713,,,,
p,500.0,230.0,184.79175859443026,152.67299301484246,95.75165739675067,6757091.201453811,8620001.0059905,3832580.8763151146,1082137.2015247422,20302319.156599678,15377092.20744431,309136.20934891485,224662.91253550944,21481085.016544465,3923289.0209359755,1064188.8818280785,15311677.33368621,20302319.15659968,7022.00248142955,0.9956007019722319,44.86701963379447,64.01149951429005,159.6413484292321,201.5157121466363,54.5,40.0,0.05330116195976417,24182.20054667807,30029.251227825047,8350.536070247997,62635.504409193316,1518.8259140704474,1221.2302441039833,66863.719879831,51.981754437849254,0.9896623982154611,69.50747672550523,147.2631140229273,194.64270537113035,69.5,324.13436034562864,3.541677405522118,14.20992845064178,0.2856719174919214,0.006489013104378519,0.0062249601702882625,2.668600802646289,0.1160725058275498,0.41109137129176754,1.428364814508095,0.033158655307848374,1.0726228214315382e-07,2.947550528080218,2.8080164458038963,0.18043888608483735,2.1608060197203437e-05,3.0884008883116625,1.086958598113993,2.5376765267113464,3.623195327040054,8.45891089684704,10.530877515599487,15.50732311826147,1.1599787876652996,2.71259962782883,2.378854438495869,5.800196718753086,4.92554565952102e-08,1.4600513978567548e-45,0.0030851403687461184,0.0014791044804387992,,,,
p,500.0,240.0,192.8261828811446,155.53580536130738,83.58062677519922,4701536.669690398,7254660.987832014,3786093.8564588153,1092067.5310946277,16845091.12911379,11956197.657522412,322862.5791596916,233790.0112013256,17894707.953976877,3874423.886604504,1074831.43866753,11892594.745623833,16845091.129113793,7135.688212154886,0.9946008679720713,47.39918267737294,68.00940134743166,168.66090226079197,206.6706327201263,56.5,40.0,0.06483001621802925,9996.046573464184,21944.334333752682,6362.119409377517,38359.30492775449,1170.1557784006488,947.1105300618484,41204.464582990724,39.993418311477235,0.9869881866899287,81.63398019693848,159.49290061662364,200.71753760542137,165.5,439.13963406896073,3.466904517034625,10.948221897539785,0.29564341944684697,0.006534108934639298,0.006286178510344916,2.7127594834497293,0.13052561399581916,0.45251984075082324,1.2375342517034464,0.0385890388471232,1.195215591337905e-07,2.9855063777625652,2.8431950765690326,0.19778730116916116,3.108827238885683e-05,3.1174163374282204,1.384945772249457,3.07743552853399,4.616485906697957,10.25805810828982,11.86927235038595,17.1177826178973,1.495095379916917,3.314580336792639,3.012305104225562,6.968316315362114,5.936447552199199e-08,1.7597072783474342e-45,0.0022771800184243083,0.0013027138984024694,,,,
p,500.0,250.0,200.86060716785897,158.34686830711513,71.40959615364774,3213867.9527310845,6032623.402063013,3726515.034076953,1099138.451731445,14083078.876911564,9246491.354794098,336527.85297892074,242778.51381935575,15032473.056049531,3812164.454362441,1082665.4782594326,9184937.91900643,14083078.876911564,7233.505732013938,0.9934398076373389,50.08477098236256,72.88728124194733,176.15379368119838,211.29428895127143,58.5,39.0,0.078046743992425,3767.2402487677,15648.461111950981,4759.049336803286,24217.8437595162,882.270860399202,719.6995080939538,26167.09185822516,30.24790514987206,0.9843851403635943,125.76538905291655,167.12360848133528,205.1944334576066,166.5,581.5166295049589,3.39039638564793,8.412490110075154,0.3061742153127269,0.006581068764011648,0.006355871311514909,2.7514731406740407,0.14469336556984294,0.49056786365523014,1.0541224849319204,0.044301377664304205,1.3164252905710937e-07,3.0185400907453137,2.872340712549097,0.21289980914386372,4.47357852538825e-05,3.1406149942409542,1.7157226430239831,3.6017387299418067,5.719075449195931,12.005597008358707,13.202567195612547,18.589487482854462,1.8750298312695677,3.9046538042744507,3.7072761709827384,8.06868742176992,7.100720011157824e-08,2.1048259207668342e-45,0.0017196412781029032,0.0011111534096145536,,,,
p,500.0,260.0,208.8950314545733,161.10889067941355,59.23856553209631,2154215.547516645,4953410.274571847,3653956.3890600293,1103259.5542443127,11875954.147935642,7107625.822088492,350048.86159046396,251570.67724801306,12748112.916656017,3736555.779757423,1087643.8551823613,7048380.226050685,11875954.14793564,7313.150599467644,0.9921179453735228,52.97109148991671,79.49353905450558,182.5400511153592,215.42493887475098,59.5,39.0,0.09289860338809819,1302.918793512945,10815.114347889788,3476.687133159547,15626.683028773865,648.766204088415,534.5268005123336,16969.224050916466,22.342498928796118,0.9820957932879266,138.95422839358866,172.01017158451694,208.37868256566944,168.5,759.9792051882093,3.31196441943604,6.442387736181376,0.3172860459207471,0.0066286764264433225,0.0064263760508388576,2.7852365102282755,0.15828547885070274,0.5242358740669233,0.8830917464430733,0.05022177371121152,1.434707528629759e-07,3.0471292379417445,2.897373138422006,0.2265448809769012,6.516113538551901e-05,3.160118615764527,2.069907321976378,4.119059242986126,6.8996906918056675,13.729702452392344,14.503265675967667,19.964790850015273,2.291299464735789,4.4918252099846985,4.442504618488485,9.128726166010791,8.420376060258086e-08,2.4960040342931082e-45,0.0013158254767672878,0.0009106732994392492,,,,
p,500.0,270.0,216.9294557412877,163.8243529187025,47.06753491054482,1412625.6030203437,4022144.757496729,3569672.397176143,1104443.8082298527,10120153.110091915,5434770.3605170725,363330.2416726002,260116.52340001822,10933653.298745615,3648937.7963331263,1089775.6573741636,5378008.587457894,10120153.110091915,7375.437990066608,0.9906510840403595,56.1253108172846,92.00906450726143,188.01955577786083,219.08425825676667,61.5,38.0,0.10913311253448237,436.73547712760984,7164.661297784815,2460.5475598116113,10085.111821256416,463.49382467419423,386.60506693023746,10999.416092653208,16.082426518676133,0.9799632266481878,144.51945329303015,175.3151169598854,210.75529093647847,170.5,1003.4745563020573,3.232099605771194,4.920821068504744,0.328971233271639,0.006677965809675362,0.006536116912085806,2.8145524248310174,0.1710235771046273,0.5527652361374452,0.728805180956211,0.05626183707863648,1.5485041052358772e-07,3.0716540205727196,2.9228463560066045,0.2400787128347225,9.757125477107374e-05,3.1782484863929277,2.4361088299220244,4.699485278682802,8.120360052335988,15.66384725260054,15.74823685786885,21.48076383538614,2.7324019025827475,5.156531538377532,5.191773322169933,10.242848406735236,9.881273426612392e-08,2.929049505660899e-45,0.0009965374744379553,0.0007079597729247935,,,,
p,500.0,280.0,224.96388002800205,166.49553316083873,34.896504288993405,904835.2396769882,3226836.9689051593,3473556.947107783,1102664.4872210692,8719289.001907257,4131672.2085821475,376385.2050760719,268408.84711775905,9488704.16928317,3549158.5640331693,1089037.3052966888,4077612.3107312783,8719289.001907256,7419.730927216415,0.9890594159694043,59.59981752408803,133.55567189205655,192.73989913284422,222.30351861593257,63.5,38.0,0.1264626607719818,157.2908827187932,4498.581184738328,1684.0704344739638,6356.125594069418,317.14002996181324,268.42913007825825,6959.163664989523,11.182435008924005,0.977839312191968,147.97060625425783,178.05296873694726,212.90051772251488,172.5,1371.7930636932015,3.150148560476295,3.746989457323299,0.3413415498894287,0.006728910754998188,0.006640123108875164,2.840088463834858,0.18281643413918577,0.5758989268349655,0.5932197436647425,0.06240284497432834,1.6579515914212406e-07,3.0927073914994545,2.950263653546756,0.2563393004239394,0.00015221412072590035,3.1986275851475474,2.8060407445921394,5.436398042728053,9.353457128445216,18.11874181039735,16.928452769816342,23.259316888724303,3.1898845682873382,6.003397755554557,5.936652168730464,11.666330503954581,1.1468825035863131e-07,3.399638371642843e-45,0.0007289729234435376,0.0005159344051738976,,,,
p,500.0,290.0,232.9983043147164,169.12452960996612,22.725473667441918,563946.1938949228,2557497.3311974937,3367146.4334115004,1097987.4204158757,7598076.642640185,3121443.5250924164,389191.5536085514,276428.7034489876,8334821.743897416,3438892.750485939,1085448.1684012203,3070212.2735937787,7598076.642640185,7446.273121092289,0.987371070728638,63.49940694202193,145.7611462950742,196.81123373820333,225.1260781732206,65.5,37.0,0.14450860027575957,59.086119151578856,2610.37932123269,1093.4097994800265,3773.6962037002418,205.72127772971442,177.6193457622098,4150.435273988572,7.4194493231123735,0.9751282921776275,151.18282347678186,180.98613719219355,215.23080972905427,176.5,2013.4309262070442,3.066653015146707,2.842877310843992,0.354459027828516,0.006781747206422388,0.00678560712245373,2.8624267775985026,0.19362634977998303,0.5937848293646358,0.47669485839053477,0.06863260770499698,1.763466012266741e-07,3.1107978211550575,2.983927509303896,0.27744579087145366,0.0002537436476272607,3.2230752256126154,3.1728691648966874,6.499168447824985,10.576192670247954,21.657101190978306,18.03999513576086,25.67317934312562,3.656486860858584,7.236588721477881,6.662070434764409,13.65187199915231,1.3161225492094e-07,3.901306983135033e-45,0.0004966646667555797,0.0003435579086664272,,,,
p,500.0,300.0,241.03272860143076,171.71327982737,10.554443045890498,340968.92053311795,2006748.3503737825,3250623.701027455,1090294.6643643347,6700213.004356689,2347717.2709069005,401652.9844251172,284129.8989416642,7413256.416785505,3318284.1700223796,1078899.057018717,2299471.9645214817,6700213.004356688,7454.98412110825,0.9856284173281572,67.97604526608713,153.59582524883243,200.2960708375177,227.57073424555435,67.5,37.0,0.16272537360459896,18.140839606441922,1351.1379054373308,663.1598338683631,2039.2362328907736,124.42854673981597,109.85671430873428,2257.062073368141,4.632807462111216,0.9711679457328298,155.4182551520231,184.83233777191253,218.24111321395276,180.5,3285.648271783904,2.9814175995464844,2.153286948602716,0.36838938825706313,0.006837586539465152,0.006985959078804561,2.88209493243541,0.20344857309317135,0.6065651564226004,0.37938001409481975,0.07494829538356579,1.8659962278343009e-07,3.1263482549238377,3.02828490732093,0.30826268680834834,0.00046483920024254416,3.2553610051864066,3.531495408289053,8.24664520157841,11.771558237143848,27.466532355205004,19.084182812270207,29.29415599768351,4.126615666529947,9.29253581949412,7.356029632924414,16.83137583569356,1.4924898646502261e-07,4.424102553911778e-45,0.0003043539409216988,0.0002016559629609952,,,,
p,500.0,310.0,249.06715288814513,174.26357744047672,1.6165875756609904,198860.89380098862,1556231.134762914,3125732.61421399,1079775.38200308,5972229.950276741,1755092.0285639025,413766.33659879735,291488.73874521436,6668303.202117476,3189167.3098310763,1069586.906042209,1709890.3961776176,5972229.950276739,7446.1765945377,0.9838572471834729,73.33808562326824,159.45400072638472,203.2956202037258,229.70051675918887,168.5,83.0,0.1807993648926806,3.2925118663977995,589.2808072967747,362.7424828100808,959.231871546284,68.22006131007183,61.758751779846385,1072.1122630753473,2.6458580112204313,0.9648106221375181,161.29287284001117,189.99268152861185,222.17572765118052,186.5,6226.054541588044,2.894798924212808,1.6254232665575774,0.38319667543375896,0.006896042194187068,0.00729403953659795,2.899633544389074,0.21240944585018923,0.6148826353397664,0.2989910511084185,0.08139459348051956,1.967163258122728e-07,3.139869436184957,3.0873675967985985,0.35414743813162863,0.0009763053816805013,3.2974486899244777,3.881415544626241,11.343084977628866,12.937859680675624,37.71851565430568,20.070609798245744,35.0348127480942,4.6003243137651,13.022771706985711,8.017777182438659,22.181897730397914,1.6744164379565828e-07,4.963377115603823e-45,0.00016061536135289552,9.86701470310045e-05,,,,
p,500.0,320.0,257.1015771748595,176.7770866815985,13.787618197212412,111415.45199889602,1194026.7991746026,2993018.190882464,1066382.7765580104,5376499.330779658,1305442.2511734986,425456.12408632383,298470.1946865398,6060698.233483674,3052083.969858194,1057450.1377776316,1263360.4462534052,5376499.330779658,7419.629448221669,0.9820884907129267,80.29627338952747,164.0578429483375,205.87444181382588,231.54519035925898,169.5,83.0,0.19834146922573354,0.22247136147636148,198.09513997638547,168.87908678659164,369.173162332706,32.58602783448539,30.306764615165747,419.42216663233694,1.312659886730481,0.9541843225256198,169.15645438820476,196.71165509897367,227.15375758622517,193.5,14563.624551706314,2.8067015490845617,1.224177921728168,0.39897130133663533,0.006957754393005284,0.00777277939919972,2.915477344202123,0.22060801574283823,0.6191808595258955,0.23387495829000457,0.0880162671262131,2.0687507393442727e-07,3.151729825160487,3.163037383721623,0.42155708111429596,0.0024962065412338906,3.349598426729008,4.222841859645177,17.09302177218558,14.075790673632858,56.53560728579134,21.009343655822285,44.29571057413486,5.078724766940123,20.25882075981064,8.647009131453093,31.380118393713417,1.8599462930742854e-07,5.5133326799891605e-45,6.866422547832279e-05,3.684463212751098e-05,,,,
p,500.0,330.0,265.1360014615738,179.2553550913159,25.9586488187639,59495.02112213015,906560.8903380219,2853771.800907341,1050209.3870299368,4881693.921861833,966055.911460152,436686.99333125475,305039.4735179567,5557771.86256503,2908366.125678412,1042529.1932290841,927182.2463423184,4881693.921861832,7375.121778913135,0.9803404802974209,92.12422732596205,167.78240463398126,208.1003454110348,233.15799901388158,170.5,83.0,0.2151321659735268,0.002900566218791804,45.04432098855216,60.87178115273579,106.72376826709356,12.794448522329507,12.241160278711348,124.87087064189113,0.5217865163080169,0.936155652739983,179.0112376507896,204.9030735201721,233.09850842711555,202.5,45741.39389123331,2.717336024750265,0.919869812049789,0.4158094554517696,0.0070225250983239436,0.008571894996776613,2.92998001166727,0.22816819064225644,0.6200096441342897,0.18176043653582724,0.0948744911023722,2.1725971359628723e-07,3.162264350370848,3.2536229315567082,0.5118218392286762,0.00840819554703753,3.406775991951655,4.557441655927343,27.734957544303292,15.190894969582907,90.40088238727013,21.910650378638792,59.11699572936173,5.56517623291207,34.833312630586704,9.247345435928418,46.1882279116431,2.0484692731792763e-07,6.072160594005858e-45,2.1862036001304665e-05,9.227190747627346e-06,,,,
p,500.0,340.0,273.1704257482882,181.69982466197953,38.129679440315314,30032.941574101515,682317.3796450223,2709056.649557578,1031293.6121458105,4464332.961081886,712350.3212191239,447464.78218487825,311221.6096339068,5135060.287694689,2759124.0700781355,1024964.8456852955,676623.6737360525,4464332.961081886,7312.809881782794,0.9786260249675579,124.66029139563832,170.8400858257216,210.0332244128819,234.56515369262175,171.5,83.0,0.23100732430492527,1.8056703643038915e-06,5.081799650393281,14.219124057618039,19.533115544229364,3.683544862765343,3.6117560718952717,24.291473120953867,0.1455060685808603,0.9005533611112314,191.33562561681669,215.2900436964492,240.41356029033273,214.5,228552.01726387045,2.626852932717046,0.6907347362861466,0.433886894008622,0.007090909703752596,0.01023312462787776,2.9434394774731687,0.23519033132428738,0.617810411585898,0.14068527786543245,0.10204600235915377,2.2805370706692088e-07,3.1717242138606414,3.3637180295154145,0.6178448255686055,0.043451679798629295,3.4613767977086916,4.887315313076898,48.16607222649738,16.290159902691858,152.47276932763768,22.785098935400832,84.92275526345196,6.064248783587572,68.28999837137223,9.822254485418235,67.21661446637056,2.2399762936984436e-07,6.639833928772148e-45,4.375371576114635e-06,1.1383110746205987e-06,,,,
p,500.0,350.0,281.20485003500255,184.11184164923904,50.30071006186681,14154.419678496572,508980.5791939981,2560478.2972003073,1009722.4008774499,4104917.827674831,523134.9988724947,457681.69456008874,316922.43919868243,4772150.843642895,2606107.733998377,1004678.261400245,490514.745056089,4104917.827674831,7232.44355218613,0.9769441385073449,133.55985344408052,173.41509151055234,211.730100695936,235.81888487568585,172.5,84.0,0.24597871218518205,5.419588787520502e-12,0.1619292059447143,1.393736293714035,1.587400881445398,0.6138975649394522,0.6111362864257647,2.3083397024995227,0.01878036183223522,0.8351266544193381,204.91589715049992,226.11025331268075,247.92949548266714,225.5,2585936.467376233,2.5358239997203675,0.5180978439399678,0.4532747754851857,0.0071628039012516,0.01347483158538494,2.9560762711478916,0.24177078923273093,0.6130881697676938,0.10847596072883722,0.10958860020834227,2.3944283005173685e-07,3.1803202620380633,3.455384433930147,0.6417997970253633,0.46048868779551705,3.4722395702382776,5.21469837158704,68.36688266638507,17.381021930609542,214.6387225588544,23.641172423111698,115.8982806878649,6.581032755306427,132.91312124097246,10.376193611380518,72.47716943241396,2.4361023581474103e-07,7.22119923192661e-45,3.8670710306144115e-07,3.9447612045485615e-08,,,,
p,500.0,360.0,289.2392743217169,186.4926652411693,62.471740683418226,6201.852346477294,376781.1134150338,2409428.1427868484,985755.4465418658,3789672.235930076,382982.96576151106,467393.06925673195,322203.8809520128,4454751.6052928185,2450574.2267970727,982052.264963218,353439.399605475,3789672.235930075,7135.20598139081,0.9752893233429846,138.72409559575482,175.6120867873435,213.24297027564043,236.94304494959346,173.5,84.0,0.2601162805574234,5.116549519863702e-22,9.195612766561899e-05,0.02504748121167023,0.026118808472676117,0.03485481647048693,0.03485384194896949,0.0640857494791046,0.0005601894725122488,0.677782212141944,223.58735518596828,239.70350927219536,256.49322079448075,239.5,145093610.98514876,2.444245325997819,0.3885172200722357,0.4741470827236067,0.007238312510898992,0.022365102014778353,2.9680838535640572,0.2480002594096183,0.6061734749082062,0.08344115360037378,0.11758859951376821,2.5158396058538595e-07,3.188229965790703,3.4772151250806314,0.4171339205186613,16.653727254791132,3.3459718938950003,5.5423129901021655,47.924430580106595,18.47253676209868,158.59798540890924,24.487677412432564,124.8157948481855,7.122321172594032,272.66769473247393,10.91418762159751,30.626826276211442,2.638750629985752e-07,7.821897942330196e-45,6.89210223117513e-09,2.426492898087023e-11,,,,
p,500.0,370.0,297.27369860843123,188.84347524348092,74.6427713049697,2491.732820584132,277557.5689649428,2257010.5979194185,959412.1243756869,3507875.6924693985,280049.301785527,476490.0230786123,326984.10879761993,4171570.285051675,2293837.8529683813,956997.1586015321,253453.25357780705,3507875.692469398,7021.034011502896,0.9736500677622466,142.37771287446958,177.52320701230252,214.60725386594476,237.96677950111368,174.5,84.0,0.27350231549975496,0.0,0.0,0.0,0.0,0.0,0.0,0.0,0.0,,,,,,inf,2.352493303530129,0.29189677164832784,0.4966479065382628,0.007318058458007976,,2.9796020151245606,0.25392771309667556,0.597363244640649,0.06418850860717744,0.1261126671215125,2.6467011062833145e-07,3.1955597756188427,,,,,5.871935811043897,,19.570608030446646,,25.33136889413421,,7.694257856795774,,11.438425028490958,,2.850728154782593e-07,8.450250825011503e-45,0.0,0.0,,,,
p,500.0,380.0,305.30812289514563,191.16537891395387,86.81380192652114,917.64079652434,203672.56415053803,2104021.549080954,930980.4457528138,3250868.3696992067,204590.20494706236,484982.621727521,331287.5904092957,3913612.7678721384,2136611.9371002587,929858.2861199551,180837.32530159244,3250868.3696992067,6891.163203613488,0.972003978221718,145.19773786312365,179.22889224662435,215.8724482567668,238.918953396566,176.5,84.0,0.2863790039702391,0.0,0.0,0.0,0.0,0.0,0.0,0.0,0.0,,,,,,inf,2.2600061673471457,0.21975778962964754,0.5209374954544315,0.007402049350285894,,2.9908003627605773,0.2596582524895177,0.5868292520288922,0.049415625860283426,0.13526571972596374,2.7890838489045986e-07,3.2024720747605464,,,,,6.207864554902069,,20.68953138265588,,26.18273821693476,,8.307983539332628,,11.956722617459674,,3.076101171369566e-07,9.118311199745705e-45,0.0,0.0,,,,
p,500.0,390.0,313.34254718186,193.4594170584516,98.98483254807262,305.3334933347435,149086.5300210624,1952990.0151660026,900562.0402931185,3014067.9392214655,149391.86351439715,492844.511251905,335082.736438479,3676063.425378195,1981503.380854886,900710.4678314476,128327.41480674739,3014067.9392214646,6745.095044409472,0.970344691094714,147.49610045741392,180.77439197536413,217.048783852012,239.81088512493318,177.5,85.0,0.29878624452165925,0.0,0.0,0.0,0.0,0.0,0.0,0.0,0.0,,,,,,inf,2.1686346168114476,0.1658873645904201,0.5472632525033945,0.007489872704621274,,3.001575848430015,0.2651067581232327,0.5749196928167019,0.03808482800718983,0.145083186711151,2.9437922792853305e-07,3.2088920654395032,,,,,6.545333145335557,,21.813414479385372,,27.032127151980774,,8.96242134068464,,12.460001695712283,,3.317775246493947e-07,9.834691872268806e-45,0.0,0.0,,,,
p,500.0,400.0,321.37697146857437,195.7265694837476,111.15586316962404,91.9294428682734,109186.0730921464,1803548.9861745236,868194.9261652394,2791969.488006835,109278.00253501468,500047.56350044545,338359.0134456883,3453167.3377376674,1828185.240281759,869547.0137152578,90752.07463799286,2791969.488006835,6583.604821125992,0.968640930975155,149.43425922749014,182.21256167034053,218.17047809079273,240.6649968446386,178.5,85.0,0.3109614664109517,0.0,0.0,0.0,0.0,0.0,0.0,0.0,0.0,,,,,,inf,2.0773549024764315,0.12586805018279537,0.5759623195554978,0.0075830952505163175,,3.012120335094852,0.27035296908282747,0.5616190657232707,0.02946894173492065,0.15571312317166108,3.113966241163824e-07,3.214939144903091,,,,,6.8890745283787265,,22.958003613932252,,27.893109764397174,,9.672657461773957,,12.954260557679552,,3.581701033251234e-07,1.0617032024045804e-44,0.0,0.0,,,,
p,500.0,410.0,329.4113957552887,197.9677598882117,123.32689379117554,24.851177935146662,80262.40065407682,1657937.2558891268,834382.1374066313,2583354.6682929806,80287.25183201197,506566.53433617554,341112.0820491978,3243628.4428132856,1678983.3380244458,836835.3525106447,64099.5084696273,2583354.6682929806,6409.444696880568,0.9668851287231286,151.11812624644955,183.5660044850915,219.24902268195333,241.48839468331673,179.5,85.0,0.32298396640906113,0.0,0.0,0.0,0.0,0.0,0.0,0.0,0.0,,,,,,inf,1.9870239085441264,0.09622359855587902,0.6071157466417613,0.0076816657614482975,,3.022393558192525,0.2753535020244213,0.5471339918238787,0.022945107191226388,0.16717144697198025,3.3000886485927896e-07,3.2205844760889515,,,,,7.236558812492548,,24.11486063959298,,28.76140074452148,,10.442661137138101,,13.43417407853573,,3.8709357730612195e-07,1.147439406139086e-44,0.0,0.0,,,,
p,500.0,420.0,337.44582004200305,200.18386025960484,135.49792441272695,5.975855099609107,59164.461199528276,1516358.6927235718,799021.7674621717,2385076.096935784,59170.43705462789,512388.9425027426,343336.2396306134,3044151.369055063,1533999.3252265998,802546.1206608844,45150.65791227051,2385076.0969357835,6221.22381164277,0.9650524132898454,152.64532702890406,184.86776956990445,220.3046828768423,242.30053289315353,181.5,85.0,0.33500892004607796,0.0,0.0,0.0,0.0,0.0,0.0,0.0,0.0,,,,,,inf,1.897768940062526,0.07405359836761795,0.6412703174910698,0.0077860504744475595,,3.032388749467547,0.28007256340542036,0.5315130117944992,0.01796117005356951,0.17960222165553166,3.5051931600684445e-07,3.2258098052462527,,,,,7.585870428463293,,25.277604237818405,,29.635144136685327,,11.281705929631837,,13.894955937078914,,4.1927383419117974e-07,1.242829505625012e-44,0.0,0.0,,,,
p,500.0,430.0,345.4802443287174,202.3756948393689,147.66895503427844,1.3032857915433862,43898.80202793081,1380404.0383430352,762724.4583258012,2197311.716036997,43900.10531372236,517505.7997418183,345036.9602676693,2854915.052714586,1394902.485571611,767228.4787845863,31862.734823203835,2197311.7160369963,6021.18963870526,0.9631366985883183,154.060172929146,186.13809680113212,221.33886627483207,243.09601683126547,182.5,84.0,0.34711709438359856,0.0,0.0,0.0,0.0,0.0,0.0,0.0,0.0,,,,,,inf,1.8098331884794356,0.05755696547359208,0.6784964007549412,0.007894318286215599,,3.042008026654871,0.28448228565155587,0.5148654821066729,0.014179829522620408,0.19302020689311972,3.729817269476338e-07,3.230605773502232,,,,,7.932910489700136,,26.432588435037584,,30.504001669589876,,12.194294544853339,,14.332431720445005,,4.551015646535435e-07,1.349031602934767e-44,0.0,0.0,,,,
p,500.0,440.0,353.5146686154318,204.54404370452278,159.83998565582985,0.2539027166853114,32781.15685943799,1250426.3289535155,725413.459766871,2018639.0530171888,32781.41076215468,521896.99075403885,346189.5753629561,2674418.9577090847,1262035.965167954,730830.0783374973,22525.2418428227,2018639.0530171888,5810.010360491061,0.9611184928226197,155.4031019530267,187.38425729580817,222.3625298576431,243.8818998934872,183.5,84.0,0.3593576863989731,0.0,0.0,0.0,0.0,0.0,0.0,0.0,0.0,,,,,,inf,1.723742938758498,0.045189967625758935,0.7194476249748151,0.00800923980974691,,3.0512646958662795,0.2884791533194029,0.4972639035133508,0.011289490876916003,0.20754564171038994,3.9767549035016887e-07,3.2348815554809582,,,,,8.273633983879188,,27.566391232568588,,31.366854690701256,,13.189620702601042,,14.734611663636574,,4.953832625527259e-07,1.4684363418027525e-44,0.0,0.0,,,,
p,500.0,450.0,361.5490929021461,206.68964601130384,172.01101627738134,0.04415005453268428,24622.51418538922,1126465.7726530856,687504.9331287866,1848328.1789611347,24622.55833544375,525558.7630423182,346801.6374282441,2501892.614233682,1135459.2436785342,693734.5283633403,15963.087896528847,1848328.1789611347,5589.378297488514,0.9589695024969302,156.71554218382178,188.63608142311838,223.39179756848802,244.6664693099728,185.5,85.0,0.37196042399526874,0.0,0.0,0.0,0.0,0.0,0.0,0.0,0.0,,,,,,inf,1.6384839124377175,0.035814373321494904,0.7644436246450439,0.008129946460240869,,3.0601864294897445,0.29210597194355226,0.47861093575649366,0.009059738956588815,0.2232985479729926,4.248783650383402e-07,3.238704597295576,,,,,8.608381306446606,,28.680167156885762,,32.224182200543254,,14.28689292843595,,15.104209458573058,,5.410294618578269e-07,1.603742766124361e-44,0.0,0.0,,,,
p,500.0,460.0,369.5835171888605,208.81320293879514,184.18204689893278,0.006806304007614446,18599.77090680313,1010056.8001528713,649223.1621389564,1687314.8003676685,18599.777713107138,528473.0846968681,346885.51646575716,2338292.722853483,1016741.073472318,656130.0539956196,11352.758435934778,1687314.8003676685,5361.018818789526,0.9566939324755064,157.99657539249404,189.88199220556731,224.4153222317586,245.44728572546174,186.5,85.0,0.3847670642120188,0.0,0.0,0.0,0.0,0.0,0.0,0.0,0.0,,,,,,inf,1.5557929215357909,0.028649282400565582,0.8140083649445589,0.008257590196145963,,3.0685955440399497,0.2951494695288473,0.4591914554880242,0.007322740555519257,0.24025413710543086,4.546194386479314e-07,3.241870269816197,,,,,8.924351643378813,,29.73141601073745,,33.05598036722792,,15.481396325665326,,15.41759635610623,,5.926576355414523e-07,1.7567812158032517e-44,0.0,0.0,,,,
p,500.0,470.0,377.61794147557487,210.91538036577325,196.35307752048425,0.0009559764411285805,14119.545341273868,901385.8241306872,610682.055170225,1535305.1880577188,14119.546297250308,530637.1210078452,346419.55552040937,2183315.98531244,906087.0276970335,618101.2399480061,8114.483315183955,1535305.1880577183,5123.074346805266,0.9542964784012851,159.274665347783,191.12172897856627,225.42952959883854,246.22568848444692,188.5,84.0,0.3977593900680982,0.0,0.0,0.0,0.0,0.0,0.0,0.0,0.0,,,,,,inf,1.4760312940248912,0.023120945142746246,0.8689253540615867,0.008389102485379616,,3.0762482948489795,0.2974806179974337,0.4390907015300764,0.0059563766210825615,0.2584884513198797,4.871284745947092e-07,3.244267517453996,,,,,9.208124885631078,,30.675582072861115,,33.833514893237734,,16.770976776559497,,15.659437429195663,,6.513362996350441e-07,1.9307190319487768e-44,0.0,0.0,,,,
p,500.0,480.0,385.6523657622892,212.9968113097451,208.52410814203566,0.00011785257593748261,10742.238874784467,799580.4968417386,572443.2579690325,1391553.6889874511,10742.238992637043,532051.1494190391,345421.55631486815,2036179.0176910087,802439.9799689908,580387.9830533928,5815.450605711411,1391553.688987451,4883.3236262482405,0.9516999360695488,160.57418674599361,192.39559042481406,226.46615310320252,247.01558559504258,189.5,84.0,0.41136986844220474,0.0,0.0,0.0,0.0,0.0,0.0,0.0,0.0,,,,,,inf,1.3967855952720358,0.018765596140915972,0.9294391051205665,0.008530668425677247,,3.0835823814623478,0.2992709434111964,0.4180173428402317,0.004863453974222862,0.27815411783269006,5.227958216731868e-07,3.246090459029079,,,,,9.474482975987943,,31.56190679623606,,34.597554153553936,,18.211692777134342,,15.84599691746971,,7.186212130468635e-07,2.1301678619310998e-44,0.0,0.0,,,,
p,500.0,490.0,393.6867900490036,215.0580981534979,220.69513876358715,1.3134178402772029e-05,8180.040808683125,705793.1797423295,534423.2642194788,1256840.925634477,8180.040821817303,532719.4229763269,343896.62260778266,1897700.2519028157,707153.659371907,542695.4517662927,4179.476338416733,1256840.925634477,4635.371108747673,0.9489697338852336,161.87832123689864,193.67055276450992,227.49340603919933,247.79299510348793,191.5,83.0,0.4252115389620145,0.0,0.0,0.0,0.0,0.0,0.0,0.0,0.0,,,,,,inf,1.3206632775860445,0.015306296281401956,0.9968118131128884,0.008673595292520804,,3.089880340750218,0.300154342466531,0.39640281770353286,0.0039786216222858686,0.2991973943277696,5.616416098668611e-07,3.246977673923401,,,,,9.68839250795864,,32.273972839990094,,35.26856664629473,,19.761299027202682,,15.937635561288833,,7.956456378878505e-07,2.358486969969034e-44,0.0,0.0,,,,
p,500.0,500.0,401.72121433571795,217.09981468135777,232.86616938513865,1.289445053902235e-06,6221.358295533671,619765.4539430698,496998.60900806944,1131077.0883224667,6221.358296823116,532630.2062300714,341845.54985767126,1767778.6421118896,619851.6893726056,505513.23794151825,3000.91765215864,1131077.0883224667,4388.189006219808,0.9460256731190518,163.19737025325082,194.95679013980785,228.5299582810486,248.5775152330116,192.5,84.0,0.4394029497540106,0.0,0.0,0.0,0.0,0.0,0.0,0.0,0.0,,,,,,inf,1.2470164759213784,0.012517858569544012,1.0716935552256714,0.008829378848721406,,3.095564960291583,0.30012105266877026,0.37425589744882426,0.003253451923649591,0.3216377979326654,6.038669872090072e-07,3.2469267003378492,,,,,9.858597785107689,,32.84099025520431,,35.88611448671082,,21.464956908395774,,15.932357840820544,,8.841130373201433e-07,2.6207258347254547e-44,0.0,0.0,,,,
p,1000.0,100.0,89.10097887220249,128.82102092673037,217.0531543379406,102449827.22929227,13658001.337855056,1726250.7808596669,413554.96523593727,118298952.3417381,116107828.56714733,99671.76150940824,72879.80199814838,123472671.47833604,1771242.065032786,404163.57102941076,116122469.94335064,118298967.77172318,2553.049221183191,0.999729255662493,18.40302374846129,31.5619761621334,51.66133724942869,69.99974896656535,24.5,35.0,0.003495846387897615,20319768.28023166,337248.1181417396,76549.39014807732,20737495.28790136,15847.25738927529,11867.764953423326,21627954.27243956,460.6502793164153,0.9997239960593035,19.92748829283403,33.44420936061118,53.66110254207935,26.5,5.704592126453956,4.174174960938562,280.755494014941,0.2410121262902611,0.006173421759612174,0.0060176871223315085,1.6581033151615823,0.010901407715313177,0.045504383124242716,2.650505674022521,0.0026273714530246858,2.6360238980793795e-08,2.07470433078642,1.6710757719191163,0.011493807232082737,1.5014890660590618e-07,2.097464570403657,0.011740581977289551,0.012627873424021913,0.03913527325763184,0.042092911413406375,1.1475089409809687,1.1794741486539764,0.01179842381160639,0.012684168757587183,0.02556274247786986,0.02821267898766993,8.453160236882175e-09,2.5057220607243643e-46,0.17529737058021924,0.002850812382239095,,,,
p,1000.0,110.0,98.01107675942275,133.4102171421081,204.88212371638915,83250783.75622323,13217730.2371647,1776511.633669403,430895.14902245236,98694380.65374885,96468513.99338794,106108.17467402093,77410.74618525065,102963039.99785662,1822526.2091382402,421324.4260675053,96449383.66829021,98694384.32385485,2672.0676396399135,0.9996599020675736,20.2730765759649,33.79459057568851,54.1334205810469,73.28220957119345,27.5,36.0,0.004365954233343528,13621983.9702844,291612.78735194105,66924.62298140312,13981548.950427525,13976.605336165741,10469.303249035394,14580289.418821506,403.55882730500605,0.999641049447676,22.152114650416998,36.03470168362795,56.53515622101897,29.5,7.058901771447219,4.122839715647009,223.87932241112634,0.24625056679041896,0.006201201488812031,0.00603005006718,1.7712536076340397,0.013760431255627963,0.056732052485133404,2.6678654381651596,0.003388513995978982,3.193452348406679e-08,2.169692062791782,1.7999354845839983,0.01505100371102956,2.2489485992639662e-07,2.2066770210507323,0.017666532010190392,0.020275917839968245,0.05888844003396796,0.06758639279989415,1.410468778751122,1.4939514255106126,0.01777783487598794,0.020394273655965744,0.038730076048249684,0.04578565910014777,1.0132289127061009e-08,3.0034566576107676e-46,0.14166509640988809,0.0029547050745980267,,,,
p,1000.0,120.0,106.92117464664301,137.8467142996298,192.71109309483768,66918523.898875564,12666836.372315923,1820912.1686868905,447405.22373827954,81861815.86182304,79585360.2711915,112695.9726127374,82016.79490406826,85405636.00792481,1867772.4083415223,437693.0825377797,79555145.21810977,81861816.77345452,2787.270416068477,0.9995716638596918,22.184546077644562,36.050691652557504,56.67599175488906,77.16086111565852,29.5,37.0,0.00546537135816127,9000672.72182632,250330.13275909497,58160.56514284402,9309724.72332914,12278.126144530395,9197.28355030724,9710938.73095369,351.855830692725,0.9995297856482193,24.46652732703765,38.6785248343115,59.58249514587393,32.5,8.793151064572982,4.069939446554332,177.88205422864456,0.2518879231474097,0.006229856667250175,0.006049731976100249,1.8796793426245448,0.017293957071774894,0.07038535807343388,2.664062471973625,0.004356138929809837,3.865390065693871e-08,2.2613326574765567,1.924396528585364,0.01965716664758602,3.379810116925008e-07,2.31252904406842,0.02669217833970456,0.032918606974007135,0.08897392779901521,0.1097286899133571,1.732350081087358,1.896926329558292,0.026907324408092403,0.03317120828052374,0.058795876035713776,0.074865217853906,1.2215707524591555e-08,3.621032486545578e-46,0.11372487435464781,0.0030579596863772795,,,,
p,1000.0,130.0,115.83127253386324,142.14481083916883,180.54006247328624,53232097.89169735,12011086.529578306,1859171.7409924718,462981.35411644477,67570494.1219205,65243184.42127565,119410.16112973764,86689.82056186513,70517267.88716352,1906675.9786579052,453188.00830495433,65209368.874915935,67570494.28263336,2898.379420348091,0.9994596157180022,24.12773211920931,38.32472200707514,59.31303781372233,82.20321962627051,32.5,38.0,0.0068518272676986285,5863850.351443701,213211.51992202655,50244.488652361615,6127745.631292413,10742.020970054678,8046.611564245214,6394602.431892547,305.1436518652465,0.9993798404454464,26.8766902271501,41.41551730560836,62.86475727914826,35.5,11.026974386283246,4.015651439225931,140.91968033094113,0.2579157023669353,0.006260250860165564,0.0060731765821424874,1.9831120838358465,0.02162800604503364,0.08685053360232647,2.6394049305215215,0.005578202369901174,4.671463732337257e-08,2.349253620906375,2.0435136780377654,0.02557858492658698,5.090824011278841e-07,2.414409909052426,0.040360610541218464,0.053754746608181594,0.1345353684707282,0.17918248869393863,2.1245225207893514,2.410529345049734,0.04077648286817302,0.05429818581829078,0.08915181110026199,0.12279164624470647,1.4799358995298374e-08,4.386889551353903e-46,0.09068670742936769,0.003155393825259282,,,,
p,1000.0,140.0,124.7413704210835,146.31670394661856,168.36903185173477,41924707.81952844,11270422.378013238,1890737.9466786878,477639.13385046565,55568148.17056134,53195130.19754168,126206.090762115,91381.39954347497,58020498.33653878,1938670.9682142036,467819.39119579754,53160342.80441329,55568148.207263485,3004.953116396059,0.9993177335836425,26.08953853586608,40.60946299093495,62.0815829352693,90.7853726356784,34.5,38.0,0.008595556079795858,3759974.1845917334,180331.9727680665,43135.74412132143,3983816.736229666,9356.92660088233,7008.8886200501265,4159845.7458049073,263.15566152103014,0.999176540758641,29.42286620612326,44.27645086314195,66.50735101098259,38.5,13.948469984879809,3.9585071923160733,111.3709627783461,0.2642289582612515,0.006291262384997162,0.006100640359440461,2.0812116321041447,0.026895208930065705,0.10646487798850857,2.5939690407689198,0.007106493037809969,5.630863768060885e-08,2.433145940958151,2.15719633937612,0.03315197669098079,7.685500126702163e-07,2.51213916150541,0.06086117606050856,0.08802745740792635,0.2028705868683619,0.29342485802642115,2.598669529215084,3.0639153167227438,0.06166096020606937,0.08920185937181338,0.1346024300844157,0.2014867102593329,1.7995920917331843e-08,5.33442816437622e-46,0.07169245093433212,0.0032452399208005643,,,,
p,1000.0,150.0,133.65146830830375,150.37289802056006,156.19800123018334,32653160.181753345,10463350.618546348,1915729.8544550205,491101.750944201,45527961.50890662,43116510.80029969,133095.19386331082,96110.98291039972,47569071.15233224,1963906.9831001824,481290.9762120214,43081396.10412193,45527961.5145776,3105.4368284092025,0.9991380847783924,28.078709043049525,42.93895757314556,65.05084985696766,132.62169783242985,36.5,39.0,0.010786816160177235,2372473.2926324406,151258.51058242386,36816.291270481386,2560870.0208372925,8116.585324478867,6079.319948008413,2676274.3436690457,225.72668289898314,0.9989000668600553,32.091414806432475,47.28642584418708,70.78701403753767,40.5,17.778317969461398,3.900881743491657,87.79547358037945,0.27101347858650393,0.006323408178526413,0.006131163001743377,2.173973154480452,0.03323954714738511,0.1296635426291648,2.5272320244261555,0.009008365299052945,6.768362581375075e-08,2.5128781979865695,2.2648152266479964,0.04272265254925648,1.160427926739886e-06,2.605129638925228,0.09129343878127494,0.143765690606952,0.3043114626042498,0.47921896868984004,3.1681010382155352,3.8870910768568065,0.0928198180358351,0.14629601956786337,0.20188280440444548,0.3290961893380055,2.1964523928978685e-08,6.510818512822806e-46,0.05624829085168486,0.0033223211751493248,,,,
p,1000.0,160.0,142.561566195524,154.32251638824803,144.02697060863187,25139159.494610988,9601505.8874989,1933845.7584157386,503409.5991030809,37182663.99750114,34740665.38210989,140038.4094678271,100841.79716073233,38883590.44029543,1982065.1289358004,493664.79789098765,34705516.323868856,37182663.99863251,3200.106527820208,0.9989107375786577,30.101421457982926,45.304616743116036,68.32141092661399,150.03243040246397,39.5,39.0,0.013538825489666704,1468513.9751486802,125851.24037605304,31218.27163215826,1625858.6465051293,7007.58293009238,5247.892152206819,1701110.9086686505,192.27928199236973,0.9985219390369736,34.95235357539422,50.530303308243084,76.28971426297534,43.5,22.86955515931676,3.841495596947792,69.01073289823422,0.2781798553649591,0.0063568643377516065,0.006159190497730851,2.261415771460161,0.040805608847086575,0.15675456671685695,2.4386776265280354,0.011351298367161637,8.105846396212836e-08,2.5883675478004915,2.3656775806956443,0.054655476062847264,1.7507527869206603e-06,2.6929870833783456,0.13590385171934574,0.23287445438413848,0.4530128390644858,0.7762481812804616,3.8464649664729,4.908870049357777,0.1387848622745619,0.23827246495631904,0.3001450810747644,0.5327232183602202,2.6894253732524516e-08,7.972110192620801e-46,0.04372625497232783,0.0033846751912265044,,,,
p,1000.0,170.0,151.47166408274424,158.1735428878686,131.85593998708043,19119431.111140005,8708057.486219898,1945126.0985090584,514421.75848277303,30291921.53754759,27827488.597359903,146991.92158902212,105542.72435411562,31713328.873796485,1993175.8030116742,504800.31708403386,27792479.82067386,30291921.537710935,3287.8154155301736,0.9986240045432349,32.153102248974406,47.73931942699087,72.0913287208929,161.8913968060232,41.5,39.0,0.016982143501366675,891337.4720992626,103812.20244132694,26299.456290384773,1021683.0051925255,6020.772254996387,4508.610422775155,1070700.0292468502,162.9348242793113,0.998004312544725,38.020859707178154,54.085490842130405,85.08987592428804,46.5,29.64904122276106,3.7811893965099395,54.09469591533965,0.2857420378612243,0.006391283730352312,0.006195368546036489,2.3432668439459556,0.04969388135275006,0.18790197724244154,2.3279598969455644,0.014199630926968698,9.660143750395856e-08,2.6593063573601996,2.459380272556274,0.06913524305032197,2.6287708113417615e-06,2.774586615659954,0.20004787445749947,0.37130181837763837,0.666826248191665,1.2376727279254611,4.6436527510394745,6.154697833810923,0.20539897971418938,0.3825697736776362,0.440826121660598,0.8469510845364161,3.301210188203067e-08,9.785589015072818e-46,0.03372790345855491,0.0034270590035910776,,,,
p,1000.0,180.0,160.38176196996451,161.9330116900187,119.68490936552897,14370825.011904106,7803913.199407532,1949477.912934904,524193.12032121496,24653433.81596553,22174738.21131164,153985.1146103327,110238.68961596907,25847559.773327276,1997190.1804492434,514706.20243084186,22140026.221160013,24653433.815992095,3369.2275072240745,0.9982646174025052,34.23682893044213,50.246275638140695,76.72285581675962,171.5596107991763,43.5,40.0,0.021262479062115404,528789.7692716904,84887.42177160646,22005.324985354422,635880.2260802834,5147.20167975382,3853.9066015051094,667883.0810634549,137.1956372228673,0.9972958436308287,41.39075148293034,58.1182779642455,132.13470132032847,50.5,38.77056213547502,3.719007055530037,42.30261205588392,0.29375645852805876,0.00642745464717179,0.00623465626225368,2.4192686890795247,0.059937731005252196,0.22290884450099438,2.1957625562069443,0.01760709559231031,1.1434284175367194e-07,2.725333831224518,2.5449437696449,0.08618730229715602,3.916656643540494e-06,2.8492426688828356,0.2900225535043798,0.5778609519350819,0.9667418450145991,1.9262031731169402,5.56483917685739,7.628810099864732,0.2997490738696229,0.6006071853785363,0.6371000999327869,1.3127574507959003,4.0562300873170914e-08,1.2023651425437919e-45,0.0257927650495684,0.0034432291422476606,,,,
p,1000.0,190.0,169.29185985718476,165.6071583002953,107.51387874397751,10659726.7973277,6913086.061445173,1946815.1505148748,532545.1701566714,20057328.59305089,17572812.858772874,160941.63135748732,114860.99115688865,21067580.05327681,1993963.9930653246,523265.54816588893,17538544.49887753,20057328.593054876,3442.6995149525633,0.9978166972711356,36.386014776947285,52.881771510803716,83.31529147778137,179.91608588290686,46.5,40.0,0.026551151499865158,305423.75804677984,68713.03165839454,18266.884750948942,392569.45573338936,4375.440931947194,3275.484623295272,413605.18780411227,114.7445213723558,0.9963317154502634,45.09403574380943,62.84074021139694,153.97114262559026,53.5,51.09243294433145,3.6556807940669787,32.99778843849633,0.3022121697397787,0.0064646150371427515,0.006281559386659784,2.489230866106942,0.07150511711749141,0.2613998833239233,2.0433362895065574,0.02160971659157407,1.3427052037004683e-07,2.786242068514372,2.6218391324706936,0.1054676919932307,5.773709826890531e-06,2.9161133067663054,0.41268390531002475,0.870404136595595,1.375613017700082,2.9013471219852267,6.6088911057261805,9.314852245650162,0.4298986086407738,0.914239107172057,0.903136037254159,1.9658803719031088,4.9857088164096906e-08,1.477885219200992e-45,0.01957236996503113,0.0034258316774149586,,,,
p,1000.0,200.0,178.20195774440498,169.20154102607458,95.34284812242606,7798215.788101827,6044052.58960708,1937224.4202076213,539506.1343538688,16324275.494729294,13842268.377708908,167862.99230809606,119423.9864489306,17186589.505625937,1983610.0063887462,530479.3890210065,13808591.094327226,16324275.494729796,3508.363809680244,0.9972613200058041,38.584449989646075,55.6681360215251,103.53132169600221,187.33815065574535,48.5,40.0,0.033049315697230304,170985.29112406017,55069.72765183724,15044.539891903783,241237.77493283802,3695.9703312014144,2766.4785410283394,255238.51368769698,95.2158934416491,0.9950369630708706,49.27856300270232,68.807320421697,167.9577391312484,56.5,67.66881969158464,3.5907365956602297,25.657295619607527,0.3111419530180775,0.006502917365123163,0.006328933561663093,2.553193918787301,0.08429616439385615,0.3026853223628101,1.8729948537856065,0.026228073221437328,1.5624690624660301e-07,2.8419828277314134,2.689122006772161,0.1262531041345278,8.391955157264125e-06,2.974625314625821,0.5749252788304888,1.2572832462595427,1.9164175961016292,4.190944153914173,7.769625631836823,11.150389351725025,0.604485366863093,1.336752697219881,1.252745821615206,2.8219041395799076,6.125846138304119e-08,1.8158496206400183e-45,0.014777854919854038,0.0033734867847346668,,,,
p,1000.0,210.0,187.11205563162525,172.72113967577252,83.1718175008746,5621720.887420312,5222452.806605798,1920772.4995092077,545024.9105303125,13315357.897549842,10844173.694026109,174710.67075324408,123882.91133853816,14059841.198490491,1966214.336202693,536290.5588866853,10811221.012972105,13315357.897549912,3565.9721288941614,0.9965811530471101,40.86869347840009,58.688318200752306,142.34778444028214,193.99381222042408,50.5,40.0,0.04093205114904215,92349.98633092441,43666.08708871488,12287.366867971617,148417.71085170907,3099.9628607389163,2319.5993837519504,157911.50580543245,78.37989778388622,0.9933456712995865,54.05788905452086,77.35569840613144,178.98894643839145,60.5,89.71542426532791,3.524192128466724,19.896656986695643,0.3205553863276627,0.00654276907348042,0.006378901079953273,2.6109670745697455,0.09804274470825095,0.34552146915409054,1.6893259980540103,0.031428129906577784,1.7988672226532688e-07,2.8922929761364538,2.7465905580278327,0.14742347444838638,1.1997971252299953e-05,3.0243652372209735,0.7812605263895896,1.7300599244637287,2.6042017546319647,5.766866356319453,9.026670877056814,13.04822375129157,0.8302218929399992,1.8640131722259947,1.6940641968174517,3.8560756617910896,7.510124832498945e-08,2.226183456156431e-45,0.011146355358500682,0.0032793776498301914,,,,
p,1000.0,220.0,196.0221535188455,176.17043649885488,71.00078687932314,3990438.7956092474,4456223.668092893,1897589.9694686348,549083.1705403641,10898820.80302276,8446662.46370214,181465.5767338198,128251.805447528,11550072.564135153,1941885.1770427153,540679.6981444153,8414589.914039692,10898820.803022768,3615.126328968142,0.9957577412715238,43.25065583748328,62.02594134275091,155.80342769144474,199.99259694537872,52.5,40.0,0.05038005307767582,47733.01388505,34226.75827358917,9945.901598732653,91999.49825148171,2587.869536509927,1936.7944938315086,98593.41292524443,64.0390482426512,0.9912104395069832,59.76233321492357,107.96772507775017,188.03269119389753,63.5,118.46608960008354,3.4559244778913496,15.383211354647067,0.33048832393685595,0.006583932130737901,0.006438737364022515,2.6626495848019163,0.11242373648757041,0.3885279428234015,1.4976933943120054,0.03715473224249591,2.0474810105167107e-07,2.937213798202407,2.795014824460538,0.16782929678792177,1.687421649227932e-05,3.0655744300490473,1.033492830123648,2.2656895587453425,3.444976100410816,7.552296588466972,10.354140800902513,14.929259537047745,1.1114692276075209,2.475646497161791,2.2291466572814813,5.00630383551753,9.175304540493522e-08,2.7197831765530156e-45,0.00844123414029946,0.0031404093059403696,,,,
p,1000.0,230.0,204.93225140606575,179.55348312270743,58.8297562577717,2785543.5154042244,3754502.5563970963,1867729.8729160419,551673.2392257168,8965021.78308804,6540046.071801321,188115.16979249803,132499.00603701585,9543059.022642303,1910744.733968139,543628.9567721385,6508950.961262172,8965021.783088041,3655.6202277465,0.9947748392272825,45.75409997907611,65.83450847151502,165.7885198249258,205.40095558573947,54.5,39.0,0.06153618502817409,23480.376038758568,26444.01644592845,7970.474085308576,57971.10991540589,2139.4525067687564,1601.3428107505617,62666.81673860323,51.80004285660803,0.9886946116030753,66.8124756330595,145.67756691082965,195.41310799333473,67.5,154.64637120403958,3.3855727269595928,11.854927168445567,0.3409902029261398,0.0066264229761755855,0.0064989914404323165,2.70846042280753,0.12705838821973628,0.4301654138881832,1.3044280347280583,0.043325665582516125,2.303145760669214e-07,2.9768902746872263,2.834838489482638,0.1865902600753952,2.3410183394150182e-05,3.099074683662355,1.3294028770870407,2.827934694557702,4.431342923363068,9.42642939307009,11.720603437781463,16.699853884369617,1.4485739581299395,3.1333522691276237,2.851182018381528,6.193695144509634,1.1154462579069672e-07,3.306453702125515e-45,0.006466365762185298,0.002949687918864119,,,,
p,1000.0,240.0,213.84234929328602,182.8739563382269,46.65872563622024,1909644.4743142116,3123881.1747868857,1831579.9547599915,552796.2917955393,7423549.202559922,5033525.649101097,194628.55925039088,136609.6110233705,7944588.54816022,1873126.9586895774,545164.3422842174,5003534.104352581,7423549.202559922,3687.323860464388,0.9936226700231704,48.4141281063283,70.37439634510616,173.93480007871332,210.26485908672507,56.5,39.0,0.07446522905848245,10868.325904939786,20134.350409499093,6314.936031784197,37379.072072396666,1753.3359395521454,1313.4831428174316,40803.58531743861,41.45782214611313,0.9859246253492606,76.62594066060323,158.19717234080812,201.28979850462412,166.5,198.60175202267774,3.3133000020872627,9.105570576010354,0.3520800738699192,0.006670312220235016,0.00656504229614497,2.748697771793748,0.14153922435563854,0.4689619123529667,1.1160968134937304,0.04983314056662428,2.5604228258461094e-07,3.0115459511739497,2.8674198635469588,0.2031034819863512,3.216239736461228e-05,3.125785976936719,1.6622753488459434,3.3838388206529593,5.54091781684408,11.279369890658026,13.091495138838074,18.317893041454173,1.836884851396373,3.800798617579578,3.543764916327757,7.339291624315914,1.3470645545868573e-07,3.993026604323644e-45,0.005035202307207305,0.0027122269766267602,,,,
p,1000.0,250.0,222.75244718050627,186.1352049239881,34.48769501466876,1285320.254228146,2568426.5098648206,1789337.487683902,552451.0138237454,6201244.823773274,3853746.764092967,200995.32288832535,140585.57148982806,6678444.6650133915,1829260.6067057042,545267.1584461782,3824969.2532458645,6201244.823773272,3710.0373380395627,0.9923031923851475,51.26324812944296,76.21327867394402,180.79269763421152,214.59949509335968,58.5,39.0,0.0890871154942719,4695.843946379758,15060.427633571504,4930.846634643793,24736.04888154261,1422.9183973839658,1066.7247535481265,27280.52731984487,32.79624748287482,0.9831236110774153,102.00492477122954,166.19740009909194,205.77389747073605,167.5,250.6966594976484,3.238907057657739,6.975725752441954,0.363824697319591,0.006715595130074676,0.006651240631264136,2.7837163295633442,0.15547087718097402,0.5035557213616962,0.9391962266774484,0.056564144832379176,2.814202043089663e-07,3.0414683897954924,2.894782746195247,0.21719593367207546,4.404840583482593e-05,3.1468539163803393,2.021315292231885,3.9178214397805116,6.737717419200117,13.059130900151109,14.432160578990738,19.807348438930987,2.2666767979082576,4.46060163584408,4.282163995851077,8.389727512861743,1.6125794552835113e-07,4.780077275886488e-45,0.003988884423126429,0.0024286136189681476,,,,
p,1000.0,260.0,231.66254506772648,189.3402892080668,22.316664393117335,846207.4011471982,2085396.8296655589,1741012.3381315605,550615.1820199965,5228991.031131015,2931604.2308127573,207157.2736335541,144368.57849135148,5672570.619753778,1779145.574894502,543926.4240980356,2904151.406476329,5228991.031131015,3723.8067701050654,0.9908192089813969,54.3592394836565,85.30690718532276,186.6730972524302,218.45669848889403,60.5,38.0,0.10530046403634775,1890.6460824983274,11038.034449694764,3803.1521523889824,16770.302452681964,1142.0413850211385,857.1330557264839,18682.930996374944,25.62071543719187,0.9804990300130266,135.13415547200003,171.60988263580896,209.17009357423382,169.5,311.800639605923,3.1619403078288766,5.324234286562573,0.3762287717414063,0.006762993269535073,0.00673670534614241,2.8142344837334248,0.1686452142414207,0.5332461006323845,0.7775871432503952,0.06344918181411602,3.0628507848753084e-07,3.0672526341213158,2.9185741145258066,0.2299997279539823,6.0476078457577886e-05,3.1647950682484898,2.3972197559906965,4.445964610294489,7.990730642327506,14.81924804492718,15.725375825199226,21.21018511573404,2.729219695375063,5.132085306462388,5.044835709875125,9.402104903733868,1.9124148311719383e-07,5.668862173954765e-45,0.003207177513374812,0.002110930078858305,,,,
p,1000.0,270.0,240.57264295494676,192.49201469851602,10.14563377156585,544595.6583312559,1672128.8585070919,1687627.7331165683,547314.6354062048,4457462.753737239,2216724.5168383475,213114.88665154384,147975.70515610193,4875583.006244672,1723883.096820801,541143.9906245186,2190651.865208619,4457462.753737239,3728.66315159107,0.9891934792172258,57.7530705541273,125.76517515211937,191.72821284681066,221.8602755815244,62.5,38.0,0.12278613768501458,721.3916701572982,7889.0023778069235,2882.1535782101005,11522.345821046832,904.1503728339683,679.4926572034567,12962.575953728488,19.717043215650587,0.978096636936944,142.71597625641817,175.34619721414086,211.74007258317678,170.5,386.85375556036456,3.0834690394567073,4.050183155056951,0.38938276608184375,0.006812650183972768,0.006841080005145122,2.840721075737054,0.1808429807728113,0.5576237322160282,0.6342992703818605,0.07041714007980295,3.304186825528494e-07,3.0893015943132363,2.9409031361437954,0.24197446567922948,8.395613179971572e-05,3.180634890568591,2.778355933160054,4.992644768118854,9.26117707695889,16.640874295193843,16.951234503960666,22.62685767630194,3.212238278346871,5.849054320374756,5.806071113304178,10.39929921707745,2.2434287289592652e-07,6.650067785642055e-45,0.0025849561639940196,0.0017698414577200007,,,,
p,1000.0,280.0,249.482740842167,195.59296083446623,2.025396849985571,341374.5491064228,1325113.7693428395,1629257.9405408853,542557.2668508493,3844123.180967202,1666488.3184492623,218855.88454168141,151391.86465025102,4243163.70781983,1663492.801080735,536935.8546420276,1641898.2898209277,3844123.180967202,3724.7784148005503,0.9874554284974997,61.537918002259694,142.3835459458634,196.07309760430496,224.8363228148888,64.5,37.0,0.14113940717017787,275.9681426146061,5462.491532774998,2137.4815360239036,7898.625326634788,705.0669001416701,530.9690749543806,8975.789506768046,14.853267792234615,0.9758280146485546,146.8959835172657,178.15755176571952,213.82152835825937,173.5,486.6825582933419,3.0029234517446315,3.0715436328445405,0.40337840429634425,0.006865226294765496,0.006948957238650275,2.8638133540028865,0.19200293825240075,0.5765701260820106,0.51071951854474,0.07744983885246294,3.5388511035312147e-07,3.1081555200863593,2.9625793020405466,0.25411625291833867,0.0001188858236366524,3.1958564143290196,3.1568823159615365,5.588096120425984,10.522909091665172,18.62456662606565,18.105006390213475,24.10396779466795,3.7072503948500106,6.660430180222316,6.548208870640444,11.461088425822476,2.601373454813159e-07,7.711102914467257e-45,0.0020547274254222652,0.0014209980470502523,,,,
p,1000.0,290.0,258.3928387293873,198.64550569618322,14.196427471537058,207866.27307946642,1037773.6583198211,1566315.0847438734,536351.835984656,3354137.3202577657,1245639.9313992877,224348.8551592823,154600.9363077333,3738990.8337499695,1598452.2506393082,531313.3571830232,1222566.976803922,3354137.3202577657,3712.032571884325,0.985639968531124,65.85398518672908,151.49731314128712,199.8021573059003,227.42456380966408,66.5,38.0,0.1599075365058212,113.05680126615354,3640.194688281123,1547.753073582646,5317.917773989498,540.0421319287249,407.8224789188598,6111.985972588135,10.98030641513142,0.9733475333919035,149.83838433505676,180.61618334418895,215.79111124453544,175.5,630.7238025873978,2.920312712024878,2.322430628232105,0.4182867291717456,0.006920890957834848,0.007094352841254493,2.884091265322898,0.2021471993379519,0.5903330359268479,0.406563485635191,0.08455549082230075,3.768929008452857e-07,3.1243314474665542,2.9869011241903554,0.2677580527715253,0.000172997913776863,3.2120402924517806,3.527723498299681,6.327905750792204,11.75899522474942,21.088347459084073,19.18833390866079,25.89100630570354,4.208717351624611,7.703063851297211,7.260088185624734,12.715076640766345,2.981392544545999e-07,8.837571820717617e-45,0.0015854800403880946,0.001085284930433729,,,,
p,1000.0,300.0,267.3029366166075,201.65184734733202,26.36745809308848,122164.1365312637,803724.9928149998,1499646.7111315725,528733.8331612903,2960098.289369945,925889.1293462635,229584.05384265396,157592.82469201816,3334506.123308032,1529642.9382419423,524284.4452343271,904361.5819912293,2960098.289369944,3690.232310706323,0.9837855336385685,70.92482072900306,158.0478298596517,202.99787385285956,229.67068855579936,169.5,83.0,0.17862036374266171,48.63702722836895,2298.8538928620706,1085.787937477741,3445.5789245187193,404.1986609324032,306.3658669380536,4017.304588768434,7.895716548614931,0.9702593249152882,152.7305903616536,183.29700842404645,217.97241074663452,178.5,859.1004165674171,2.836297995468176,1.751144094204051,0.434214796639691,0.006979376161049671,0.007271877201874694,2.9020155653393296,0.21132749768460102,0.5993877580701394,0.32047620297852586,0.0917615264314938,3.996859751173433e-07,3.13826052957631,3.01517805537067,0.2845554268456339,0.000262072746457885,3.2307802302479147,3.8873545419331372,7.3179370441349985,12.957671014955991,24.383438022107285,20.20431943426808,28.15804057651405,4.7128985121256495,9.159451204969645,7.9345707075849745,14.34864094932529,3.3782662001161094e-07,1.0014001754866291e-44,0.0011640082820534006,0.0007766140405261273,,,,
p,1000.0,310.0,276.21303450382777,204.61402235401908,38.53848871463997,69040.16118332853,615153.0845159682,1429622.6923304186,519739.6475749417,2639369.6065573185,684193.2456992967,234548.04036632273,160362.29506878046,3006115.679365164,1457398.2008375593,515921.09037817863,664240.1651828091,2639369.6065573185,3659.5650701638315,0.9819215127634714,77.29063379009676,163.11461473210835,205.7413505047282,231.6173752788442,169.5,84.0,0.19691809979310476,18.39232898616401,1350.92852272429,731.0987079732475,2109.0944643132493,294.72958034547133,224.56028535712682,2508.954947522972,5.478380132286041,0.9660475970464037,156.32813365767834,186.59259370037788,220.57465196919995,182.5,1251.4231350072478,2.750651598354886,1.3164153415881983,0.45127986956681626,0.007041150482244393,0.007493352228009281,2.9180975916773897,0.21967466467003827,0.6042484674927144,0.25043256350007725,0.09913475401942896,4.226628961154309e-07,3.1503902957805336,3.048714265177261,0.3059338512965961,0.0004184576555260318,3.2529648747501416,4.236454872346893,8.706503480545761,14.121187009447475,28.999672545815134,21.165478377551654,31.139678988046672,5.221604671847741,11.334899639855111,8.572572588288825,16.570693819506026,3.788783494041812e-07,1.123087474777421e-44,0.0007990902293764997,0.0005118375688528079,,,,
p,1000.0,320.0,285.123132391048,207.53392192408052,50.709519336191384,37147.85398387543,465862.19927042746,1356797.5325594011,509403.3280783875,2374997.293977958,503010.0532543029,239208.86635568007,162892.91681610132,2736125.302255074,1382324.9919163298,506216.2962550708,484648.6677099765,2374997.293977958,3620.0111781673872,0.9800746070392249,86.6679763185868,167.16511504910463,208.1018881257418,233.30955893135575,170.5,84.0,0.21448585620288085,4.9110756653519605,717.9293075925683,466.3018535790562,1194.9944097298946,207.11924009180424,158.83892542027013,1463.8843456041325,3.6327887722355174,0.9599435186776106,161.1724409211878,190.82219167753044,223.80851741654112,187.5,1987.454731704377,2.66350347116424,0.9874494835983859,0.4695863830690764,0.007106375201400994,0.00779063764030185,2.932714685808571,0.2273026472883347,0.6054213900573003,0.19437359753956693,0.10673822800215511,4.4621351051196344e-07,3.1610614491293454,3.0895293483479356,0.33380816197842,0.0007158628245122912,3.279485924216238,4.576115966924828,10.763029078041978,15.253168727586313,35.82119263373973,22.082227671169672,35.25399544933088,5.737549195206965,14.84574721077876,9.176133269002925,19.708275200515505,4.210531113174737e-07,1.248103715296378e-44,0.00050315611422376,0.00030228636866785045,,,,
p,1000.0,330.0,294.03323027826826,210.4133060300362,62.88054995774288,18898.301428148854,348781.1456293826,1282246.0264040297,497895.7881850371,2153567.046867582,367679.44705753145,243564.931008151,165179.96155287293,2510560.970503967,1305568.1294872097,495321.3323202505,350877.07298445975,2153567.046867582,3572.0109589298845,0.9782590027648553,119.2284522563421,170.48733166305442,210.1497777572526,234.7894331180098,171.5,84.0,0.23119586126154706,0.7117280000384697,329.33280178260316,275.37530228491033,609.1470887459622,139.20956769394633,107.72823919663423,781.6895465710573,2.2600987114593667,0.9505651135482791,167.50659183902522,196.22542097696325,227.81003855227434,192.5,3535.3810051051605,2.575330132994614,0.7384666747188625,0.4891885747738701,0.007174214049793064,0.008207339920124757,2.9461458751948153,0.23433386555483693,0.6034870651444801,0.1498593519072776,0.11463344971202237,4.7064841903773953e-07,3.170569361393446,3.138245927391088,0.3690900906249736,0.001340316606327693,3.309798860001305,4.908052958038413,13.843956573404586,16.359320842014537,45.996259818938825,22.96292381033799,40.97593479765971,6.264697799837277,20.9389153038147,9.749856789989158,24.069408746744195,4.643458867252475e-07,1.376434019430368e-44,0.00028285494506984684,0.00015292433187145304,,,,
p,1000.0,340.0,302.9433281654885,213.2538158153073,75.0515805792943,9046.378027308136,258868.73785146725,1205999.7183259223,485071.3804070386,1964679.0597960881,267915.11587877537,247597.49484024823,167215.13047501058,2318568.600256279,1227112.5859524517,483120.75449370756,252655.63841403378,1964679.059796088,3515.2878409556038,0.9764798173802867,131.6652186725727,173.2443439570925,211.93403196252524,236.09326331702545,172.5,84.0,0.2468959894433769,0.041256857137696806,122.77634245478049,144.8596028169229,269.86826355561124,87.88043402238111,68.81900492975488,373.9436332219054,1.281960280918038,0.9356495683798314,175.24999170311418,202.8142552859956,232.61409508801628,200.5,7280.141184112338,2.4862314435329704,0.5523210123301016,0.5104351747828977,0.007246949589163177,0.008849674139575067,2.9587011754860604,0.2408411409904318,0.5987868176267689,0.11519672534702735,0.12293378989636357,4.965065982419627e-07,3.1791029186561923,3.1923089719586413,0.4065307967029519,0.002806377960436185,3.3386938659309546,5.234795278163097,18.08657150480146,17.448063877769105,59.915998362375234,23.821087194347918,48.55811874498605,6.809438932935896,31.896016460088685,10.29570385707218,29.17147664152794,5.089889847473556e-07,1.508767007849307e-44,0.00013735997348270234,6.249180589705237e-05,,,,
p,1000.0,350.0,311.8534260527087,216.05698453206352,87.22261120084578,3998.162851697941,190448.16380669727,1129219.9702567959,471104.04786389513,1800397.0575777523,194446.3266583952,251296.4200140099,168996.95202535126,2151869.228201768,1148160.7333310116,469788.6994380662,180672.12165091865,1800397.057577752,3450.2982647731883,0.9747319918874887,137.68596987335093,175.58113479308534,213.50858946113803,237.25557027520716,174.5,85.0,0.2616667506098443,0.0005694132423643997,34.08933765460731,63.991596993334255,99.21969155073702,50.904219582514955,40.48457671514671,157.07353130236092,0.6330733526992214,0.9114282423296467,184.39840690251265,210.46592145619982,238.11963882743214,208.5,18145.561928673207,2.3969651192278323,0.41274603251673175,0.533420209725328,0.0073238561214188525,0.00989307006613956,2.970526221790619,0.24690250015217868,0.5918166807149169,0.08825235169053286,0.131702783412883,5.240933532023277e-07,3.186832726868687,3.243229614438774,0.42869313205671616,0.006699209774392275,3.3544315306403276,5.557676088367976,22.460546847407894,18.523830525195322,74.22929156533837,24.661755757191276,57.13054133499053,7.376754258556962,51.79063126423904,10.817071950743964,32.41423024651884,5.554330339471874e-07,1.6464384530936833e-44,5.510989430532998e-05,1.8934344238748636e-05,,,,
p,1000.0,360.0,320.76352393992903,218.82424721768763,99.3936418223972,1622.6475831910216,139111.4448178188,1052270.6311605878,456229.29222878866,1654782.2789411007,140734.0924010098,254652.76829301947,170511.9220897251,2004269.5671788214,1069087.0015647172,455530.83658444695,128407.20643242904,1654782.2789411007,3377.6818640938773,0.9730040408511862,141.7817177526454,177.60954302897537,214.93532045035258,238.311348640067,175.5,85.0,0.27570351582489205,1.0090798978049683e-06,5.925830146248253,21.61889104461273,28.033151861175735,26.128763298988307,21.159768946798533,56.73806343626965,0.25122072831808856,0.8708886354919704,195.02748900717174,219.19662055060078,244.21175310713622,218.5,59029.47649753493,2.306451271508665,0.30847228531401455,0.5581683873233568,0.007403474352979612,0.011620426218887436,2.9818163482305704,0.25267417865285313,0.5827806806312806,0.06749862183081631,0.1410347388169168,5.538315556602682e-07,3.194005963725852,3.2728479105137045,0.4020845438089117,0.01859875897330581,3.3352474414692375,5.881423733313803,23.19652322933501,19.602360237158294,76.8773857227187,25.495170337307034,62.852305401092366,7.977535421547603,87.99959574988296,11.325176712077687,28.5076919280042,6.043091062347504e-07,1.7913190056214283e-44,1.694068894617014e-05,3.581033119378222e-06,,,,
p,1000.0,370.0,329.67362182714925,221.55694928321927,111.5646724439487,596.7725764813051,101014.93935566863,976054.1739588365,440324.2948317657,1523447.8637323715,101611.71193214993,257661.092841511,171768.11812768888,1871195.0909359336,990838.3436890827,440226.1141991233,90648.25941259437,1523447.863732371,3297.87807951209,0.9712779209388478,144.8667367197139,179.39165227373013,216.2350771185183,239.28630942953924,176.5,85.0,0.28903141703385443,8.640377246534397e-11,0.47165451563565597,4.717997971286267,5.344353977948313,11.282848481278146,9.34519061004617,17.436750501441228,0.07035748180939085,0.7979801936245602,206.92107019217667,228.89939191460047,250.96416970586046,229.5,285057.44006073865,2.2166711794355036,0.23076562689090918,0.58516210862259,0.007489657323523581,0.014912571441867174,2.9926750167641263,0.2580760961080902,0.5720698443440306,0.05157470976201373,0.15101635258369622,5.86104603214531e-07,3.200560314924301,3.2448165925414347,0.28587060591095825,0.060591506747303965,3.231580564848206,6.204570607895511,15.054794384383527,20.678759572242623,50.1621966488157,26.326252336693692,57.31267133630696,8.615441223209626,151.44781513344816,11.81102948241943,14.423162993495414,6.564057909734106e-07,1.9457462358905316e-44,3.5080649001370564e-06,3.0959675540200364e-07,,,,
p,1000.0,380.0,338.5837197143695,224.25635415966775,123.73570306550012,198.4607161268782,73171.43981246886,900932.996616335,423613.73307771893,1403272.380461666,73369.90052859574,260305.75305018827,172750.27481801558,1749372.225292718,913780.5054538354,424086.77462265117,63695.41321795682,1403272.380461666,3210.8440921094702,0.9695376926231707,147.32663244614733,180.99829437113758,217.44295085672852,240.19914936755998,177.5,85.0,0.3018756294044305,1.1100308655973068e-16,0.00974717764007142,0.4936599438289199,0.5307865696548738,3.749930850049786,3.201087159195265,4.489027254473637,0.009859740789448235,0.6781718285880869,218.9171923213969,238.40202101652034,257.7225780759548,239.5,2643760.148969287,2.126779483919715,0.1732000046257585,0.6144884660819787,0.007579650614207986,0.019972738142321655,3.0031381040250835,0.263208258946803,0.5597859251262883,0.03947892366372948,0.16173843930032922,6.213402408710699e-07,3.206650577475389,3.051190803885291,0.11565641483230547,0.23428357167335156,2.93978666711379,6.528874094125959,3.316310419463661,21.758868061765423,11.054368061574046,27.155648932420828,31.1019059217342,9.299732510624997,235.91256371383193,12.281881355089423,2.3753318257853646,7.126200258220771e-07,2.1123788850298044e-44,3.782491389734679e-07,6.946033981560068e-09,,,,
p,1000.0,390.0,347.49381760158974,226.92365012551173,135.9067336870516,59.05712961171096,52993.07971053002,827569.0466303683,406201.84083332337,1292065.584333411,53052.136840141735,262582.3782507235,173463.90885453374,1636518.0350280856,838583.5107298293,407222.11017309525,44579.59701405307,1292065.5843334107,3117.142694974719,0.9677666892793372,149.37665290552508,182.47827660466834,218.58612028948548,241.06535543997907,178.5,85.0,0.31438175101837945,3.1472595892501035e-25,5.542055706036605e-06,0.015110071347817684,0.01662783096118056,0.8086945507578438,0.7153443041324181,0.8646293740464785,0.0004195498448457006,0.48370790198415264,232.73624769048305,248.14512632564083,264.00063818045237,248.5,77704998.76681904,2.037334554990223,0.1306053579946985,0.6464332552310338,0.007673876338373796,0.027766238503320852,3.013229920136725,0.2680563356614248,0.5461204353270788,0.030318308128445253,0.17328052964691748,6.599092094499302e-07,3.21228595548585,2.5107151751225953,0.01804842601346556,1.19446332171504,2.237128658591616,6.8533256942406835,0.11656911004489631,22.839320387624557,0.38856370014965447,27.983239304447366,6.688408138327022,10.037011276978085,340.7270237679114,12.73498313268591,0.060865387328646624,7.739545206723462e-07,2.2941892287627294e-44,1.2869184941381297e-08,4.289299067505002e-12,,,,
p,1000.0,400.0,356.40391548880996,229.55995642007116,148.07776430860304,15.820789818608525,38443.1708165067,756298.1208204061,388097.33971041633,1187973.1862752063,38458.99160632531,264492.84526457335,173907.5623263782,1530697.2906949846,765607.0153935476,389612.5950916883,31105.9688303997,1187973.186275206,3017.429698800257,0.9659372192967646,151.15105608812118,183.8703765914437,219.68501746821724,241.90149255770896,180.5,86.0,0.3266886359003305,4.368211667463999e-39,1.29025911135605e-13,6.54804967060135e-06,1.4915547986377543e-05,0.0780753157273429,0.0721326746990584,0.08177091212305748,1.1541909722272302e-07,0.05118496715821371,255.9481558767045,272.9239831418509,300.6670006342511,264.5,79646633657.72342,1.9487330714112274,0.09909625156158496,0.6815116162917478,0.007774930127198887,0.017626484683052706,3.023034410426864,0.2725819661823349,0.5311894921698128,0.023392263045633983,0.18576777634490557,7.023546370756504e-07,3.217446091902096,0.0,3.0321014647541553e-18,4.630541332585368e-13,0.0,7.177556001260396,9.910200636362069e-06,23.91889277133897,3.30340021212069e-05,28.81417322700108,1.7904041560628502e-07,10.837515417792261,216.49418769784455,13.165176730233279,9.621618930509517e-06,8.417698408963413e-07,2.495210313396784e-44,1.2555458455374768e-11,1.086101206881237e-19,,,,
p,1000.0,410.0,365.31401337603023,232.16632873197682,160.2487949301545,3.736694787370369,27979.84221768916,687725.1600552066,369574.92428144236,1090268.6495062555,27983.578912476532,266021.373713567,174078.63654269048,1431144.901964183,695444.3598233275,371568.83798382425,21643.164476770922,1090268.6495062555,2912.2057287038006,0.9640393540256748,152.72877370841164,185.20041708322492,220.75349731782805,242.7130214568903,181.5,86.0,0.33897601701086233,2.1881912753369605e-72,1.1307616214240614e-38,6.833759884091576e-21,4.009763167693731e-15,3.3091112958504426e-05,3.3036983464257365e-05,3.465038006306385e-05,1.78936144525356e-25,1.1211361167947757e-10,318.7071383278311,332.92764335421214,347.24097850975846,333.5,2.7190350250369974e+20,1.8608544976159782,0.07571828355748021,0.7198036344884258,0.007879879118871357,2.618414277942432e-05,3.032465417313171,0.2768025011914649,0.5150891792934896,0.01815050289783399,0.19924344639310326,7.489753308605741e-07,3.2221740895021584,,,,,7.499034010698044,,24.98915402703497,,29.639432049757847,,11.708127702886442,,13.572676392177357,,9.172051314626582e-07,2.718818841370093e-44,3.677775353358654e-21,1.0371403616311849e-44,,,,
p,1000.0,420.0,374.2241112632505,234.74376413907916,172.4198255517059,0.7858557058540357,20483.121779343863,622434.8425451092,350571.9706380304,998331.9868498509,20483.907635049716,267173.9686886293,173978.83361684004,1337220.132939021,628707.2455229025,352984.5005956401,15067.070423380395,998331.9868498506,2801.589964684131,0.9620648168368972,154.1895094694019,186.47989426277985,221.7903989100043,243.50330724000943,182.5,85.0,0.35115770630993154,0.0,0.0,0.0,0.0,0.0,0.0,0.0,0.0,,,,,,inf,1.7754837656082334,0.05842996403212049,0.7621087567336907,0.007991483060055605,,3.041420189718391,0.2805177629521528,0.49805473408628603,0.014194296664510055,0.21378504356518135,8.001716807011666e-07,3.2262695028273347,,,,,7.808433316739337,,26.01909958864219,,30.447295168987687,,12.647422349272961,,13.936313202655592,,1.0016708000666315e-06,2.969195603745145e-44,0.0,0.0,,,,
p,1000.0,430.0,383.1342091504708,237.2932055653574,184.5908561732574,0.14731832836637868,15088.657229580422,560295.656868084,331474.6443579543,911548.9056750507,15088.804547908789,267945.9264343302,173607.54347530103,1248267.3686577086,565271.6672877434,334244.7664005774,10501.365264794887,911548.9056750507,2687.495393303186,0.9599741895253672,155.5696867047028,187.75363018681296,222.8255150518407,244.29672140874104,184.5,85.0,0.363638903293378,0.0,0.0,0.0,0.0,0.0,0.0,0.0,0.0,,,,,,inf,1.6903122649195135,0.045520237534713584,0.8083451660482952,0.00810769523113509,,3.0500446191864907,0.2839098077174184,0.47989623011569305,0.011191873873043691,0.22949712066207612,8.565053543305973e-07,3.2299560488680825,,,,,8.112441272329843,,27.030994477728637,,31.248534546940874,,13.682523879733026,,14.272362711088007,,1.097033844014597e-06,3.251874834118257e-44,0.0,0.0,,,,
p,1000.0,440.0,392.044307037691,239.81554581132204,196.76188679480882,0.024661417866574414,11181.626379765223,501658.1792844579,312190.70284789026,829560.9094865292,11181.65104118309,268337.3424207482,172971.45052646863,1163921.8871945373,505446.19142887264,315297.0235207072,7330.886577992195,829560.9094865292,2569.512824958864,0.9577594705591774,156.89885395142286,189.01370675661832,223.8570245757719,245.08476068444287,185.5,85.0,0.3763324661008027,0.0,0.0,0.0,0.0,0.0,0.0,0.0,0.0,,,,,,inf,1.606896601046068,0.03581673297500843,0.8595302165404045,0.008230587270918239,,3.0581868361812266,0.2867624836129255,0.4607976602251388,0.008894595332237257,0.24648101963548208,9.185490823301223e-07,3.2330167736156965,,,,,8.399548639936565,,27.98659896609863,,32.02637853099021,,14.814242988470989,,14.55780497306689,,1.205456993650975e-06,3.573267390657911e-44,0.0,0.0,,,,
p,1000.0,450.0,400.9544049249112,242.31163120676158,208.93291741636034,0.003630233807446041,8346.783218150636,446887.05636193993,292812.3901422204,752409.6878413877,8346.786848384443,268343.21000782587,172064.44773174135,1084225.580787612,449676.6346847443,296144.7558536795,5148.297118246324,752409.6878413877,2448.4498745135907,0.9554142578244982,158.19860759401587,190.2601207300016,224.88245354805588,245.86683926178446,187.5,84.0,0.38916616156588746,0.0,0.0,0.0,0.0,0.0,0.0,0.0,0.0,,,,,,inf,1.526189025487906,0.028505579440577522,0.916433931902575,0.00836183835432772,,3.0657425019827307,0.28891334184084283,0.4409363716345302,0.007132066160170434,0.2647699898423163,9.866841416803305e-07,3.2352982189644526,,,,,8.659935365816455,,28.853319639500807,,32.76720578546819,,16.044870246446443,,14.774455294335763,,1.3290631635391778e-06,3.9396661078845825e-44,0.0,0.0,,,,
p,1000.0,460.0,409.8645028121315,244.78226492820298,221.10394803791175,0.0004793780344301781,6263.058961651659,396111.39361748274,273742.3557946692,680307.8650679527,6263.0594410296935,267969.3069692681,170899.40973943574,1009385.4982719654,398010.8597231631,277279.2497458547,3627.3712952041064,680307.8650679527,2325.720697413468,0.9529324280025967,159.4964614451634,191.52149226243355,225.90654300299803,246.64222123226975,188.5,85.0,0.4023801132555279,0.0,0.0,0.0,0.0,0.0,0.0,0.0,0.0,,,,,,inf,1.4470226665054386,0.02287939483405169,0.9789106482676309,0.008496020612747129,,3.0726177291334644,0.29045534451487814,0.42029546712067484,0.005754953212635008,0.28432982959185743,1.0610537184561426e-06,3.2369180028188764,,,,,8.891193875179914,,29.62316545313155,,33.45767751073073,,17.38869275222656,,14.930319991489856,,1.4699227384356564e-06,4.3572081092089825e-44,0.0,0.0,,,,
p,1000.0,470.0,418.7746006993517,247.2282100179514,233.27497865946322,5.535700698450664e-05,4721.404132133995,349163.59297426895,254821.55566809778,612719.1589117831,4721.404187491002,267211.3624672545,169468.86342372582,938862.1816147061,350278.31994485814,258530.8995202028,2571.379299924262,612719.1589117831,2201.291135619725,0.9502837207193695,160.7954018112869,192.788105212971,226.93244697883884,247.4210276561219,190.5,85.0,0.41588638442557,0.0,0.0,0.0,0.0,0.0,0.0,0.0,0.0,,,,,,inf,1.3702278524233273,0.01852827628774301,1.0486215020808298,0.008638559363034743,,3.0787803288266726,0.29116505178247903,0.39896246360463317,0.004671885130442829,0.3053219339535858,1.1426233193620334e-06,3.237651231348427,,,,,9.08290823263292,,30.26159050300542,,34.089914144204876,,18.856718395309308,,15.001441797608738,,1.6320690898192986e-06,4.837849287587747e-44,0.0,0.0,,,,
p,1000.0,480.0,427.68469858657204,249.65019213687702,245.44600928101465,5.681231945355229e-06,3560.3815429039623,306044.8173939667,236322.91689886976,549759.6458405284,3560.381548585194,266081.9549620637,167788.1824045835,872768.5320923574,306483.7075435854,240162.8468009387,1826.830374717515,549759.6458405284,2075.7894671850677,0.9474653641068856,162.1153342380893,194.07639402921342,227.9621753139748,248.20370410533522,191.5,84.0,0.42986588536805986,0.0,0.0,0.0,0.0,0.0,0.0,0.0,0.0,,,,,,inf,1.2950280971901393,0.015065748152172634,1.1259253163159322,0.008783699416139846,,3.0840517040436564,0.29107354754453435,0.37694842241898185,0.0037976184990826376,0.32772707609028034,1.2316771956106743e-06,3.237538288706513,,,,,9.22827095550647,,30.745945738470514,,34.640797818962795,,20.460983271682434,,14.990466869719182,,1.8189767247668722e-06,5.391888926115517e-44,0.0,0.0,,,,
p,1000.0,490.0,436.59479647379226,252.04890207909844,257.61703990256615,5.059310796275044e-07,2677.1882293873973,266784.5756779916,218267.314258237,491375.54551370145,2677.1882298933283,264580.04897640715,165856.2843190039,811062.98926956,266674.40429524094,222174.89413713632,1294.9190901429633,491375.54551370145,1951.434806762602,0.9444425983126915,163.46260374585452,195.37640223331164,229.00124141800129,248.98913351141744,193.5,84.0,0.4441965340990923,0.0,0.0,0.0,0.0,0.0,0.0,0.0,0.0,,,,,,inf,1.2222836780882032,0.012265639676703431,1.2121835551766424,0.00894057277148614,,3.0885617967184684,0.29000036204013785,0.3544627091613302,0.0030803965940135593,0.3515336698603277,1.328647686098487e-06,3.2363856255710286,,,,,9.322707150542913,,31.061086291270666,,35.11926502463666,,22.221262165170074,,14.878913353482389,,2.0351033117746316e-06,6.032540637189848e-44,0.0,0.0,,,,
p,1000.0,500.0,445.50489436101253,254.42499807325984,269.7880705241176,3.879666701029806e-08,2005.6860646507248,231352.1309776066,200817.76239395383,437634.9407924326,2005.6860646895216,262722.90519290714,163687.9192515158,753822.6560045556,230819.45127336023,204722.9596582836,916.9599551709549,437634.9407924326,1827.6236029652464,0.9412462513677059,164.8311476147131,196.6897012762201,230.03594664693597,249.7659338739299,195.5,84.0,0.45887049610419567,0.0,0.0,0.0,0.0,0.0,0.0,0.0,0.0,,,,,,inf,1.1520501384919928,0.009987592933910253,1.3082652752474706,0.009100906120943174,,3.0919310425932296,0.28789176416358214,0.3316657467753589,0.002490049419059336,0.37663879808494866,1.4335971117874079e-06,3.2341244179762167,,,,,9.351483904314707,,31.1579169020995,,35.48049577546806,,24.128279320070583,,14.662591739281401,,2.2850095063005803e-06,6.773323311583239e-44,0.0,0.0,,,,
p,2000.0,100.0,94.23640152853824,141.22239780184725,198.59220376845104,49776244.71845605,6755921.4561906615,888835.7270179654,218225.90915584817,57663648.535576336,56532166.17464671,57782.95082007931,41598.49381315352,60193517.53869147,911745.8721602401,213522.02832648176,56537793.79224135,57663655.74305131,1363.4872437829508,0.9997020810703158,18.506876600118527,31.74034358863326,51.96935198948163,70.58940557631536,25.5,35.0,0.003784462390048227,10919305.271813026,193537.0450985727,45371.28457186022,11160411.888169233,10528.811547419806,7743.53905412025,11641944.857023716,277.0554193757883,0.999689954862917,19.965117858780705,33.554140882192236,53.93913260963903,27.5,5.166802902382445,4.073007327389319,259.05341117985085,0.2647850158745956,0.006248053904585651,0.006106404568223779,1.7050055398430262,0.011875403472239454,0.04836860535813585,2.6641310322855047,0.0031444288969141513,5.441793560708008e-08,2.109376231710482,1.7276759773017791,0.012747843661918444,2.8096721929325316e-07,2.1391608739331063,0.013724520929040867,0.015270856958953919,0.045748403096802885,0.050902856529846385,1.2468333020324005,1.3041708532740868,0.013805127664435765,0.015355113990626343,0.029683558061397268,0.03383758993689691,1.7341948097214783e-08,5.1405747324571486e-46,0.19354328370816967,0.0033563093909877643,,,,
p,2000.0,110.0,103.66004168139207,146.17627178609126,186.42117314689958,40265003.20581052,6513220.443767765,911056.8055913494,226361.92881115517,47924543.91230686,46778223.64957828,61164.1893305315,43939.98072684876,50007310.90069922,934386.9255715748,221597.8245464654,46767939.96466607,47924545.62362289,1420.249947458649,0.9996261987327413,20.392979424617696,33.991103802829414,54.468596507544184,74.03042051227486,27.5,36.0,0.004723298550850187,7386253.7579262275,168468.43450640774,39932.661420446144,7595266.144488293,9364.536590962189,6886.241031197808,7922506.012302174,244.5480928727462,0.999597553104012,22.17679173883385,36.141075015079885,56.84790187751162,29.5,6.309791256898165,4.024779300901823,206.65234606921692,0.2702052843062597,0.006274243884197981,0.006124011878345123,1.815339203723255,0.014939360227752958,0.06012762781337605,2.6735618252999673,0.004036694077693617,6.599767154403546e-08,2.202554967798051,1.852455769649065,0.016588554025988134,4.1541318399315443e-07,2.2451579024633253,0.020627658317387658,0.024424930182028348,0.06875886105795886,0.0814164339400945,1.5299496931348342,1.6472244287589386,0.02078212699073679,0.024600968352754764,0.04488892561864492,0.05458295299010126,2.086613493557324e-08,6.185229330208662e-46,0.15848384824248382,0.0035152850867954865,,,,
p,2000.0,120.0,113.0836818342459,150.96767609544517,174.25014252534814,32229009.086537328,6217673.634949642,930237.3471368838,234010.942855054,39614973.66891432,38446682.72148697,64608.211836455266,46304.57443966588,41340860.65603784,953898.4031337615,229204.27302356344,38431222.755945176,39614974.08501035,1474.7086605055822,0.9995298234893017,22.315608274312428,36.26535518388392,57.05778386597837,78.15392089998453,29.5,37.0,0.005907133621009605,4925824.852333248,145624.85079983668,34957.9101518241,5106753.12166812,8299.134938120818,6101.494589998143,5328559.072803743,214.83255045876845,0.9994737974668422,24.482992181284306,38.7859240463658,59.92506535437776,32.5,7.757370040236857,3.975187381357082,164.29437979445595,0.2760905581944238,0.006301879059643012,0.006145463202054672,1.92100710977761,0.01871292956393679,0.0743874014707854,2.662455649827193,0.005166463168760243,7.996604490212899e-08,2.2923327776450235,1.9729154150955088,0.02154497019152494,6.163117331085858e-07,2.3480571963297323,0.031097264916573976,0.03946584469180796,0.10365754972191325,0.13155281563935986,1.8756656797977362,2.08541868266328,0.03139427853048288,0.039838895215919344,0.06795176341989477,0.08870231536811216,2.5242980302286438e-08,7.482632630799301e-46,0.1289096684589081,0.0036760052402636787,,,,
p,2000.0,130.0,122.50732198709971,155.61161916141504,162.0791119037967,25525261.087925076,5871131.888469876,946131.0805474819,241139.7094340926,32586336.47297257,31396392.97639495,68085.19213796778,48675.38227250011,34019097.600448556,970031.45305758,236307.32800784137,31379322.890474778,32586336.545562148,1526.5644769092794,0.9994074859745784,24.273287893805268,38.553978799753004,59.74041499763104,83.75657621880269,32.5,38.0,0.007400025149623562,3237942.353306543,124987.4000184899,30438.534293268673,3393642.026404796,7328.6404653003765,5385.879278651743,3542946.431248209,187.7713060302493,0.9993073195547525,26.879466090434168,41.534133847224815,63.26669579162423,35.5,9.602172597884268,3.9235805781132655,130.20001164501733,0.28234749182434665,0.0063306225278774095,0.006168868192571742,2.02185620165066,0.02333305612730574,0.09154912584912353,2.6308769794375175,0.006588029874141478,9.676156690270477e-08,2.3785228587004585,2.0884032548161855,0.02790468081913188,9.167550759926985e-07,2.44735408097619,0.046900817823007805,0.06414128733483045,0.156336059410026,0.21380429111610147,2.296194111612906,2.643019553646553,0.04747173561560928,0.06493870344421068,0.10273109289081991,0.14467649712380906,3.06877086606348e-08,9.096582393946942e-46,0.10414309780479669,0.0038355769180176387,,,,
p,2000.0,140.0,131.93096213995352,160.1209318309611,149.9080812822452,20003028.001572113,5486338.840140621,958674.0014723336,247687.70489241387,26698166.314844593,25489366.841712736,71577.89954880867,51042.93030827965,27888634.639245853,982700.9788016821,242863.9654930422,25471901.202667587,26698166.33111675,1575.5342971005975,0.9992525645224131,26.249758439227353,40.87369403743525,62.571458230119916,95.44797308407554,34.5,39.0,0.009277330209554341,2099255.982360143,106489.05130296697,26339.2578950908,2232319.9394858056,6447.226592602466,4735.834553018546,2332279.328982105,163.212471525379,0.9990836040893621,29.38735990968836,44.36917906862031,66.98179802974673,38.5,11.959829701200569,3.8704949116822136,102.90929399496979,0.2889844676783589,0.0063609709564911585,0.006196547836520447,2.117596104363789,0.02893398732157701,0.1119888507028415,2.5785809958880286,0.008361472923938316,1.1681640529611607e-07,2.460756664168238,2.1978502096659356,0.03593218260466949,1.3642063397453066e-06,2.5418689733853044,0.07051996979960105,0.10406194315006952,0.23506656599867026,0.346873143833565,2.803927482880117,3.3439858320226397,0.07161186475408,0.10576391798328888,0.15459675949962337,0.23502624011422743,3.745575588252983e-08,1.1102796017809542e-45,0.08361323070508409,0.003988627909766125,,,,
p,2000.0,150.0,141.35460229280736,164.5066855869187,137.73705066069377,15498348.471799545,5070103.950518253,967796.4698481462,253671.4683229253,21792351.15682366,20568452.4223178,75090.44245591872,53406.68015305135,22782093.17239612,991860.5635700047,248874.01821752248,20550891.714403246,21792351.159304652,1621.3366098862257,0.9990562933992122,28.26068896208176,43.224804037491126,65.63530939489792,138.61427625124102,37.5,39.0,0.011640390084458382,1339147.397056777,90037.38720448376,22662.340585986087,1452051.0720038875,5648.527680804152,4146.88600514332,1518635.9419221075,141.04822391815145,0.9987814333248777,32.052387343061355,47.38370737552597,71.3907398054894,41.5,15.007978422376949,3.8151569675787718,81.08303451822984,0.29601453782862225,0.006391481945546412,0.006223903633562576,2.208209026143553,0.0356736046842933,0.1361004014699323,2.5049258879254035,0.010559905603302054,1.4062915675987883e-07,2.5390235115576365,2.301257106298317,0.046006594099750046,2.0300901367707602e-06,2.631783777552303,0.10548451910051966,0.16814718168858228,0.35161506366839884,0.5604906056286075,3.412885457046334,4.219720610335249,0.10755705965755599,0.1717635919737824,0.23118798693064732,0.3797969586289992,4.588765997774766e-08,1.3602217241734216e-45,0.06663122586243837,0.004131605009324159,,,,
p,2000.0,160.0,150.7782424456612,168.7785128361171,125.56602003914232,11875058.758844247,4631316.11295609,973487.8188001283,258983.67356014796,17741334.413724445,16506374.871800337,78595.24989506924,55746.77804747804,18566127.405891012,997485.4247899116,254240.43434438904,16488860.509238228,17741334.414204165,1663.7886048448365,0.998808666814001,30.297954526763895,45.6212908701284,69.03889863133031,153.77073524400782,39.5,39.0,0.014597756150732487,839614.9892897715,75544.23598555762,19382.229009096856,934717.3718368725,4928.655771468958,3615.9972511155393,978968.9418595191,121.38882225937546,0.9983686142555561,34.8596279759946,50.61065897541551,77.18440284299174,43.5,18.980426542046416,3.758877173290383,63.73519475144365,0.3034756933309767,0.006424299192197643,0.006262892787119728,2.293367188167542,0.043655914879151575,0.16409722191835086,2.4095741931338988,0.013248509035948626,1.6856628172359543e-07,2.612816326613618,2.3986316078494085,0.05840890466919966,3.013528766056062e-06,2.716284866005473,0.15631216522533858,0.26923632260324315,0.5210405507511287,0.8974544086774773,4.134117605575455,5.3040414496164985,0.16019344049057255,0.2768294323493491,0.34207258385488937,0.6064581578959117,5.63655459437377e-08,1.6708117198555466e-45,0.052685854966680996,0.004258092104228511,,,,
p,2000.0,170.0,160.201882598515,172.9448559152581,113.39498941759086,8984672.413238738,4180110.3573140013,975684.9689198337,263639.18461304915,14406659.543102136,13164782.77055274,82086.95217845116,58059.57537805835,15096360.012222623,999522.157735154,258966.12683943982,13147401.038751196,14406659.543171939,1702.575002717338,0.9984963077688482,32.37927608625657,48.09195340492219,73.01772237423576,164.94612311317627,41.5,40.0,0.018299813626072588,516793.58426344534,62842.61000470864,16471.077251543957,596258.2915589279,4283.1324957575935,3140.233016459335,625710.1983300732,103.76532186809065,0.9978103886738307,37.90230201626494,54.16147126437605,87.00514292176025,46.5,24.161776443285458,3.7008344201635834,49.9348486071032,0.31136096972433197,0.0064579740117777125,0.006299850354861517,2.373090205398465,0.0530022909180519,0.19615270257705014,2.2920087488643386,0.016502844697855793,2.0104102125731003e-07,2.682158015041897,2.4881663833322727,0.07326617108381868,4.448171176961173e-06,2.794468477569467,0.2289855828003308,0.4228157170140191,0.7632852760011027,1.4093857233800637,4.979056958131596,6.603003374983948,0.23613770441820256,0.4383580451833088,0.49993969634715424,0.9493148475262748,6.94123434379899e-08,2.0575504943142798e-45,0.04138768531143741,0.004362052828186496,,,,
p,2000.0,180.0,169.62552275136883,177.01316329563576,101.22395879603941,6716761.857759716,3728576.0990977464,974391.9361880854,267599.9839573014,11689944.472134532,10445337.956857461,85552.14120214462,60334.63772391578,12270282.028737849,997958.4728245902,263026.1334879763,10428169.127571011,11689944.472145163,1737.5410148519243,0.9981057800573025,34.49355819619239,50.64707395339227,78.04509234664981,174.23945949139693,44.5,40.0,0.022891467499711642,311545.88629297004,51857.525007525095,13902.920504241596,377435.14705209114,3705.841869565844,2715.1919362438443,397146.1222114849,88.16904935512028,0.9970558225990395,41.18590776384667,58.155291106976655,136.29554128908157,49.5,30.97206119630709,3.6412256898474276,39.03340277675103,0.31970159316525004,0.0064930535090359665,0.006341764619039653,2.4468835492863605,0.0637012570347791,0.2319506535906118,2.153288928911878,0.02036539336064797,2.3804656522305077e-07,2.74649308425625,2.569542860031143,0.09047297327570192,6.5074797232782725e-06,2.865517644021066,0.32995226953022233,0.6465384745055579,1.0998408984340742,2.1551282483518603,5.948817073874188,8.118019506478678,0.34282637499851776,0.6772078252090312,0.7181266059473151,1.4449056150871398,8.554360565045562e-08,2.535720296617864e-45,0.03228716337804581,0.004436079669252367,,,,
p,2000.0,190.0,179.04916290422267,180.99004605863118,89.05292817448796,4949966.799307256,3283198.335083742,969644.5096128563,270856.891754883,9476338.278045261,8233165.134390999,88985.46971568617,62567.29625414773,9968249.821114836,992846.3131904124,266403.00644462387,8216279.098114637,9476338.278046878,1768.4150638618737,0.99761783014825,36.66327737470996,53.337984452990604,85.78795926761553,182.37113688840307,46.5,40.0,0.02858244226912024,183212.63838298243,42417.474935270075,11661.226958866804,237400.5451836882,3191.218995835817,2336.0547244983477,250721.27950791037,74.4746870096274,0.9960393518785523,44.82723557432642,62.88665224818078,155.98909102942804,52.5,39.917087261585536,3.5799144829969998,30.396734899556314,0.328533156897537,0.006528964621886874,0.006386522385022218,2.514926499577312,0.07575752656712707,0.27120546655368816,1.9942087371783106,0.024888859361847284,2.796957687740331e-07,2.805937791722641,2.6424966089865833,0.109741272414837,9.410782656227562e-06,2.9292023860982654,0.4669050200395831,0.9570398608328317,1.5563500667986103,3.1901328694422233,7.045539237947594,9.829106749979989,0.4894960221190721,1.0148256778090323,1.0124416601681188,2.1270123350235224,1.0552599228298926e-07,3.12804678290166e-45,0.025051928099031326,0.004476146132683201,,,,
p,2000.0,200.0,188.47280305707648,184.88140405320237,76.88189755293651,3600212.9850539886,2857552.3396360925,961429.7992951543,273382.6858391702,7695301.278083356,6457765.324690081,92362.56298328615,64744.32754263954,8116759.260353093,984171.3560591551,269069.9461763852,6441232.481622831,7695301.278083551,1795.3547244112358,0.9970166928342262,38.895626968009,56.20599056967461,125.51362505811282,189.5836303776342,48.5,40.0,0.03552592367212174,104809.6911614213,34346.460648785294,9702.780568322669,148950.99306537662,2731.180347494657,1996.8553073907874,158090.14631695903,62.4520968001056,0.9946949307324754,48.89015484501061,68.78208433639598,169.26555515627328,56.5,51.663309654510215,3.5167911103951885,23.621705613387512,0.3378508141427165,0.0065671851854855025,0.006436515425691191,2.5767245733638404,0.08892423229829446,0.31272794964535866,1.8190694042557265,0.03004312427899483,3.25273826414187e-07,2.859894518387987,2.706244887843881,0.1301796098734203,1.3416732343553825e-05,2.984582047642725,0.6453137915621068,1.3582922108679947,2.1510459718736894,4.527640702088745,8.251487614097957,11.670270906920004,0.6836319769412874,1.4606815092167589,1.39314550844925,2.998662535296986,1.2994942808127023e-07,3.852016755828731e-45,0.01935609636098294,0.004463302917925503,,,,
p,2000.0,210.0,197.8964432099303,188.69252862013772,64.71086693138506,2578592.0187533754,2455630.6620047237,949877.7260676277,275178.27876547637,6262048.072109625,5034222.680758099,95682.65399444112,66862.29739406014,6627489.75704448,972070.8822482885,271024.07281065185,5018109.780806794,6262048.072109651,1817.8916485941718,0.9962813596757178,41.22254145292741,59.32520498254868,146.863166824519,196.07533240392112,50.5,40.0,0.04394381448316979,58027.040754244124,27535.812211770233,8018.552546272415,93658.47290797542,2327.287336649827,1700.1698668677982,100058.25612201705,52.039785799026646,0.9929549148058433,53.53644115865999,77.22820605415198,179.88741083401368,59.5,66.8604545609283,3.45186302614085,18.294404279810795,0.34771150696813424,0.006606232355074397,0.006489922651092233,2.632449641050524,0.1029871713209452,0.3554976088496041,1.6316210287770534,0.03580982453839127,3.742561796046305e-07,2.9085335600313114,2.7610938782181704,0.15093233305750817,1.8822890064824988e-05,3.0319399724652834,0.8698313205300631,1.8435562061507131,2.899437735100196,6.145187246217152,9.54890252495756,13.571188611697627,0.9325238387477054,2.0134602096639167,1.8688438062204593,4.039775964371371,1.5969216276921834e-07,4.7336636708924343e-45,0.014956524100336835,0.004397253405704642,,,,
p,2000.0,220.0,207.32008336278415,192.42818699306898,52.539836309833596,1819095.4159089576,2084399.7751627003,934926.364551756,276238.7536042687,5117469.672483778,3903495.191071658,98922.47297113686,68900.62802472943,5438846.386938904,956485.85403994,272259.7281534597,3887866.459880213,5117469.67248378,1836.1001846406673,0.9953957065679161,43.65098333439135,62.796700264645835,159.084740937282,201.91430690351058,52.5,40.0,0.05397955850907769,30928.26480275504,21846.772655835626,6568.570671670542,59407.6524188376,1971.231627858974,1438.5754767978901,63996.58500967589,43.005956402654746,0.9908009128970804,58.993941984943625,103.84460090005868,188.59876680831064,63.5,86.14159058843869,3.384486616570473,14.130874615310809,0.3581049786839474,0.00664678710240276,0.006547232046712123,2.682084443093179,0.11754984303871993,0.3978458705445074,1.4384970925636487,0.042095184035682166,4.2553711781916843e-07,2.951744987754155,2.8068803209462705,0.1707121030516683,2.598923138452771e-05,3.0710220658406637,1.1403557550985883,2.381988767271131,3.8011858503188596,7.939959805766563,10.905863431113529,15.424193985722193,1.2388393318882005,2.644019392304697,2.4372644139898507,5.177044637712188,1.9540907206092877e-07,5.792399635255739e-45,0.011608794232483245,0.0042690575722029115,,,,
p,2000.0,230.0,216.74372351563795,196.0926922193113,40.368805688282144,1260296.969705679,1746209.669397715,916856.9399107693,276563.9393087889,4202770.606473876,3006506.639103394,102085.26564110836,70868.38060471234,4489587.271686695,937685.8764894739,272786.42456967745,2991428.245499816,4202770.606473876,1849.8546648993745,0.994341066881079,46.210633954916425,66.81387270946121,168.52561886970972,207.185955177655,54.5,40.0,0.06580514741460658,15781.500843113983,17124.562323549635,5335.333764260227,38294.17155580878,1659.216285003814,1209.5750998084984,41667.29838909718,35.27501107141031,0.988270335743253,65.71257391173707,145.01848554604896,195.75983458234293,66.5,109.74961556091856,3.3151716821876804,10.870927882418437,0.36911994346134985,0.006688705221377312,0.00661158469741984,2.7260240748235427,0.13226697560576497,0.4384877320168408,1.2451908761290633,0.04882237855740371,4.782509821646935e-07,2.9898471867357084,2.8449797219148643,0.1888355426981971,3.539338887534062e-05,3.1028730437496477,1.4540984780712598,2.944655312790686,4.846994925751493,9.815493559501862,12.293437515426536,17.177792735380244,1.602622759778534,3.3226081102605285,3.0904875771022304,6.340479511818777,2.3793827777790608e-07,7.053068615895105e-45,0.009111649228920821,0.004074588866965818,,,,
p,2000.0,240.0,226.1673636684918,199.68996152585032,28.19777506673069,857945.3554611007,1445350.1080475363,895727.1713738667,276151.89857242606,3478045.225430444,2303295.463508637,105148.50767847044,72752.21684637498,3738119.4018112044,915761.9513397361,272592.67629120307,2288809.8451425275,3478045.225430444,1859.1104901875497,0.9931143451050277,48.943804910538084,71.66961696243393,176.29942545426218,211.90319134356238,56.5,39.0,0.07939859336885115,7640.318439552917,13238.331557659649,4287.357918197589,25209.15759648612,1387.3068632328295,1010.3621295823875,27744.390652961345,28.66914102970199,0.9854798812970234,74.74325135887565,157.59034598463444,201.5067709914427,70.5,137.96753073237343,3.2436031618987595,8.340683063978842,0.3807632981052754,0.0067322024574093696,0.0066869017181925726,2.764423224471941,0.14666677826785907,0.475728825735132,1.0593787643317645,0.05584532621574515,5.311090708630161e-07,3.0229292500458693,2.8765910884268804,0.20477911076003966,4.776347453774726e-05,3.128371189562326,1.8015319549227726,3.501747979551562,6.005106477952274,11.672387102875776,13.67102391577693,18.796637180463545,2.0161027638260913,4.016764133043933,3.8062464876751156,7.4576257835435955,2.87517825440651e-07,8.522726860361278e-45,0.007248082173332357,0.0038062563019206483,,,,
p,2000.0,250.0,235.5910038213456,203.2235653820039,16.026744445179204,572280.7374549232,1180576.6783471887,871625.1139053479,275001.867493797,2902375.9599898327,1752857.4158021118,108101.67519765112,74536.60101131813,3141810.323692385,890783.5507452311,271679.69362989796,1739023.3713713423,2902375.9599898322,1863.8625260496046,0.9917112818644898,51.879522808533466,78.17466565474486,182.9074783729738,216.1187056521436,58.5,39.0,0.09475060132966383,3490.9650794658337,10079.8674498291,3407.6530991927166,17013.43812988899,1151.1083939977389,837.5192172657985,18953.135340538003,23.07211434629018,0.9826359578508014,91.71394144136598,165.7122681533847,205.9925940838712,168.5,170.59314747740353,3.1695243448665256,6.37398368155318,0.3930943312597304,0.006777635886751374,0.0067706757920153425,2.797935242906532,0.16047535624675746,0.5086305483752261,0.8858030835391577,0.06308195284748612,5.835427872153529e-07,3.0515395836740304,2.9030876679931774,0.21861508685986603,6.415414964382866e-05,3.1488855172217507,2.17353310106408,4.038567929917747,7.245109818117878,13.461589074060248,15.015229815512669,20.280531748129576,2.471423508208105,4.709790333633951,4.563397383922424,8.496730137805633,3.4454530143072954e-07,1.02131597949258e-44,0.00586190016883567,0.0034729709688831665,,,,
p,2000.0,260.0,245.01464397419943,206.6967690094638,3.8557138236277826,373705.7076041904,952363.7435146519,844839.8683601295,273118.3710584571,2446933.818704616,1326069.4511188422,110933.25291721868,76219.33302022814,2670616.977720401,863060.2247062471,270053.295075966,1312924.0000787664,2446933.818704616,1864.2363960069874,0.9901468386686276,55.0698275196097,89.77135752366553,188.56255395318186,219.84985437050423,60.5,39.0,0.11161657457619491,1496.1332896569297,7552.6732986186935,2676.1473666496277,11752.985242620443,946.9401721571844,688.304197274213,13254.09161112101,18.331841546050864,0.9799530700932919,132.70488987882155,171.30026488507946,209.39824103135788,169.5,208.1967915548108,3.0933102928447958,4.8552920331932405,0.40617279785062493,0.006825745147725614,0.006850086723363521,2.827029780854848,0.17340010117730845,0.5363803177520972,0.7290924404077419,0.07043040424276882,6.348899215578384e-07,3.076049118824377,2.925147477962566,0.23062161052662386,8.617672307610921e-05,3.1656195335634587,2.55780425950471,4.54376029070548,8.526010590486402,15.145201284598386,16.301163841304405,21.613530708431334,2.956094417318335,5.389476133425591,5.334184369214335,9.450751277070706,4.0867472277177925e-07,1.2114111643615994e-44,0.0048031479857687225,0.003086586666498814,,,,
p,2000.0,270.0,254.43828412705327,210.11256771390345,8.315316797923705,238054.570411383,759465.771752912,815559.3652310551,270502.78613220406,2086496.6320578086,997520.342164295,113648.3023556808,77805.9889980162,2298272.3028181177,832782.4400546722,267708.791235138,985104.2391336418,2086496.632057808,1860.2356319029182,0.9884457559912926,58.60071850480806,132.63421505857647,193.4167226430621,223.1264351269979,62.5,38.0,0.12964448730761693,607.3748610788555,5540.91305085346,2073.835179739138,8244.353493742768,771.8526426545544,560.4908512975202,9411.307965290227,14.430588653672963,0.977418901994625,141.5171491360168,175.19792196562568,212.0245987288094,171.5,253.0818982521068,3.01497584144092,3.687652746307657,0.4201372709711646,0.006876955533440446,0.0069584067213519585,2.852296052214495,0.1852912038759663,0.5586485033175425,0.591728808183318,0.07784774073141015,6.849881530810114e-07,3.0969621473393265,2.9463577788769593,0.24178154033015095,0.0001165866712515524,3.1803619488845203,2.9440103593514673,5.0689198081706515,9.813352293290171,16.89511854402113,17.515833627048675,22.98589949246708,3.4590849519751123,6.1240665147069215,6.095590873521135,10.380981427607649,4.792722809304271e-07,1.420679478168746e-44,0.0039512901037428326,0.0026556060363197094,,,,
p,2000.0,280.0,263.86192427990704,213.47371712627222,20.486347419475127,147464.36407010045,597693.8418795028,784002.8726326793,267172.0084065452,1799248.869494321,745158.2059496032,116222.52124226058,79276.57354716104,2002026.170258067,800190.1242645301,264658.8776490585,733495.7471151792,1799248.869494321,1851.7292065221782,0.9866331108281194,62.56805408972409,145.7377278552193,197.599480108412,225.99624237368656,64.5,38.0,0.1484908580110065,241.93315866495507,3964.4134129158465,1580.9903558668889,5804.719628298145,622.3907820492973,451.6666253764796,6709.738762184972,11.175090817579889,0.9750587981191234,146.22859299017924,178.09677465399125,214.14434899938158,173.5,309.9630963609234,2.9344498973099484,2.7890579196295335,0.4350100968115242,0.00693085034456332,0.007068411756030201,2.874387344948817,0.19615921914626464,0.5756194004801559,0.4737881008966912,0.08533124091128956,7.34205728796921e-07,3.114887992645434,2.966450435962335,0.25273136499289006,0.00015985636095440465,3.194133968715785,3.3260338805006335,5.621461235201205,11.086731624728396,18.735907635295906,18.65851258749242,24.376048644295683,3.973821425558154,6.936073844356581,6.8346023634302115,11.335406690080498,5.557874827405339e-07,1.647489125429232e-44,0.003226190510226393,0.002203371351307307,,,,
p,2000.0,290.0,273.2855644327609,216.78275922242,32.65737804102661,88528.71194671128,465276.0151008324,750601.0310421917,263133.50753901206,1570450.3430162393,553804.7270475436,118651.13715142179,80632.83924991122,1766518.148998093,765708.8573830852,260913.40739684785,542922.9339912717,1570450.3430162389,1838.7190249864245,0.9847581780889749,67.12716722973157,153.93790734761728,201.17449718291,228.47717326838284,66.5,37.0,0.16755289889244918,100.69433591688718,2752.4358578757547,1181.963709225021,4048.467507592233,495.6683578457674,359.4246237922016,4744.583737350871,8.520922249261522,0.97262053028327,149.31826863801965,180.512774514648,216.0370824361806,175.5,387.9123001657093,2.8525482674642184,2.1046530038195033,0.4509161081806756,0.006987779861953981,0.007209123412806339,2.8937198459817934,0.20595603555651834,0.5874995324005453,0.37538154637768584,0.0928688940094661,7.827054694886525e-07,3.130185379637478,2.987781150593576,0.26419465906436645,0.00022352180274434242,3.20787217750716,3.6965625386770684,6.2600486507808695,12.3217598908926,20.862789286023425,19.724647210335128,25.95526717786222,4.491732591533372,7.921883780208928,7.535562739637894,12.378963379466649,6.367600252035855e-07,1.8875114132800578e-44,0.002577902272170327,0.001752641126232218,,,,
p,2000.0,300.0,282.7092045856147,220.04204481976564,44.828408662578035,51284.83907832156,357934.13151370146,715429.9957018901,258415.73313062056,1385964.7056120343,409218.970592023,120937.68448050253,81874.64787832742,1577027.537883627,729442.1995971688,256496.311667552,399121.8231564061,1385964.7056120343,1821.3392620348336,0.9828510892932121,72.55751418777447,160.00106572444392,204.23806902455263,230.6323754826407,169.5,84.0,0.1864518858844285,45.017317067404285,1839.70819791244,863.9427338254351,2758.7732922191212,389.0488423877107,281.96189936437,3287.1306026374673,6.3605687519380805,0.9698571098231171,151.99536275663394,182.91066658541965,217.97295761801985,178.5,502.3844146675722,2.7685233675004763,1.5835683285784168,0.46799659995690956,0.00704809742026894,0.007362257361404318,2.910913937904018,0.21483144294677506,0.5947658698719922,0.29461343298285,0.10054038486292753,8.313404154776633e-07,3.143406523388957,3.0106795053541084,0.27724852719864795,0.00032091076913283895,3.222751398084878,4.055921596317463,7.03441093059117,13.519506204846587,23.440754418846566,20.728152448268332,27.779592806845354,5.014129943298499,9.190542295349314,8.19872135938621,13.623380535737791,7.215190949313573e-07,2.1387578878668057e-44,0.001990507608922741,0.001327384593895582,,,,
p,2000.0,310.0,292.1328447384685,223.25375311703445,56.999439284129515,28409.135366519546,272078.9883561421,678953.497188717,253053.80427716597,1235377.869081707,300488.12372266164,123060.48915669299,82990.33481437841,1422680.9949796696,691868.7796730554,251431.69084842343,291175.6979319249,1235377.8690817072,1799.5229420088053,0.9809430307449065,79.61944840328131,164.7555560382997,206.87117235338067,232.4983013492615,170.5,84.0,0.2048391918055553,19.845818221674758,1167.0866848675646,612.7719215050495,1807.168385068491,300.45816043977743,217.76640316880503,2201.280016270935,4.633843752727397,0.9662629141624202,154.96124095917878,185.67865368031772,220.1856356926822,181.5,683.5986504018476,2.6830400717669893,1.1874475650780638,0.4863016760732303,0.0071112265913134244,0.007562101966660057,2.9263571248862172,0.22289359003409534,0.5980324338014811,0.22920807435599042,0.10839352641956003,8.808150135137403e-07,3.1549331099459748,3.0373695670066283,0.2927922505111556,0.00047781603600899146,3.2395040421300014,4.403798024655856,8.05076213907799,14.678913674398544,26.822053631753207,21.676652095325128,30.089226002886022,5.541615656633782,10.983828225383787,8.824164914215721,15.18271873261862,8.094689285176605e-07,2.3994625617149377e-44,0.0014628466563123823,0.000944720408286976,,,,
p,2000.0,320.0,301.5564848913224,226.41990873865262,69.17046990568095,14969.238538189351,204434.75709695305,641510.5441260834,247063.74737588095,1110836.6819975895,219403.9956351424,125016.41912124219,83977.7121260678,1295298.14938279,653313.0998182009,245749.21447663676,210877.347932609,1110836.6819975895,1773.4587500318062,0.9790578640152295,91.5499142851201,168.58588444584,209.1379389608725,234.12661367375293,171.5,85.0,0.22241230540892154,7.216701461917471,691.1841501983301,419.5774126224838,1123.3488041423802,227.03526866709777,164.5732116060448,1410.715714513988,3.2746141657002723,0.9613339427239554,158.7700003753069,189.13034916571883,222.85033006998333,185.5,988.8617657323781,2.5965385490170436,0.8880460932268739,0.5060087546192811,0.0071781423574608025,0.007804553026896654,2.940413684517107,0.2302366869430428,0.5978184330455797,0.17706304444939408,0.11650177922771839,9.318918270626019e-07,3.165058095594563,3.0684844927986172,0.31217526317386385,0.0007440230426673244,3.259091915802884,4.741191271693493,9.435954225470836,15.803302816236469,31.42489212475029,22.581053980513047,33.056957641562896,6.077099863069261,13.672416143447602,9.412856884078163,17.245870239967758,9.002223424974815e-07,2.668477728969312e-44,0.001011263691906798,0.0006222194147886719,,,,
p,2000.0,330.0,310.9801250441762,229.54239666257263,81.34150052723243,7429.333711880801,152097.16850934603,603341.2169040242,240460.3562928614,1006156.0790147687,159526.50222122684,126808.8335206484,84839.39042434568,1188437.3143133405,614021.3411677892,239466.4122933582,151777.8587080585,1006156.0790147688,1743.1641441880881,0.9772105751811935,125.05600247419324,171.72498836158135,211.09855633959228,235.54208783943128,172.5,85.0,0.23898912038410677,1.7873335092246363,372.32151683109396,273.4601978010993,651.2830703972751,167.4295690106804,121.44513461967844,855.5648503362557,2.22194780978455,0.9543634486830699,163.76635823668184,193.42788548758793,226.07720353242323,190.5,1544.8829007654463,2.5091088868270788,0.6634212170381065,0.527358586153825,0.007249278721291813,0.008125306087142814,2.9533783618079408,0.2369622833294148,0.5945641709446708,0.13614022834112613,0.12496409470838228,9.854526000985118e-07,3.174037217161787,3.1042568983777548,0.33508862144642404,0.0012253652419653043,3.2806085531642037,5.069970223596674,11.306929678591228,16.898893779551074,37.62966915282464,23.451804141261686,36.87849028432143,6.6255732217821235,17.914011515877483,9.967969560420212,19.85408099787997,9.938815864226585e-07,2.9461064821427407e-44,0.0006472982512166637,0.0003700434998073782,,,,
p,2000.0,340.0,320.40376519703,232.62297534417328,93.51253114878385,3432.4500683306683,112055.0635516646,564798.3149541453,233360.34609978905,916437.6656996843,115487.51361999527,128426.7406532169,85568.5074213786,1096984.5924399297,574400.0680360368,232667.97666427388,108487.69789593916,916437.6656996841,1709.00126767787,0.9753985613995991,134.13983553588756,174.3529787128574,212.82313664009035,236.80290732308026,173.5,85.0,0.2546385366228073,0.23816693943525938,174.98325543457688,166.4385982671194,344.116461067942,119.54966697691484,86.86440988965862,484.7639698100679,1.4295777811364743,0.9436881304743028,170.04997251591558,198.78850297743142,230.0074473665765,196.5,2663.1613694258695,2.420284013088614,0.49488919411617066,0.5503366051672692,0.007323443319487838,0.008589220265134215,2.965514518107557,0.24323328140316403,0.588693622431162,0.10424347058532055,0.13386017835111236,1.0423076819536132e-06,3.1821690335810278,3.1448089287850145,0.36006672453188365,0.002163360712483339,3.302307235525952,5.394304939813266,13.786093991623307,17.979572760581576,45.82822474752616,24.30043582657914,41.8142360184094,7.195628872970014,25.111530105631584,10.499343891480073,22.905281995870617,1.091181689085768e-06,3.234527625149044e-44,0.0003754935812303339,0.000190938524226828,,,,
p,2000.0,350.0,329.82740534988386,235.66328829572478,105.68356177033534,1467.1747692296628,81803.86377041253,526182.0316575309,225685.12796869618,837886.8600832504,83271.03853964219,129860.25528380492,86161.87397764393,1016976.8645081299,534733.4013288652,225285.92272456916,76995.86997091911,837886.8600832504,1670.7912387430401,0.9736128279777377,139.39923835879588,176.59563961524503,214.35037949653605,237.93243429554062,174.5,85.0,0.2693503606755125,0.013064481845579803,68.4385034153951,91.93714994193836,161.90910387474585,81.89322427887139,59.63366643566062,255.05904888677455,0.8526594380980285,0.9273932472909522,177.68799999171983,205.16248911230497,234.59508282628053,202.5,5175.044762964325,2.331487397479356,0.36896998614455606,0.5754045756254584,0.007403196009330258,0.009274373184686645,2.9769911740488433,0.2490428357654773,0.5806402330197314,0.07957616121910939,0.14330038722619523,1.1034968852711508e-06,3.189504045214097,3.184721859165873,0.3786008979765488,0.004118040402771339,3.3173543810756985,5.714331901823302,16.44228822982307,19.045789360204818,54.5952637787752,25.134165491603238,47.392804128438804,7.792037063577569,37.49173592880749,11.00350736041385,25.306252430876896,1.193478556162872e-06,3.537760391824516e-44,0.00019323504352205612,8.167988624215353e-05,,,,
p,2000.0,360.0,339.25104550273767,238.6648743379132,117.85459239188675,570.14265147537,59304.64939423978,487914.60027851304,217591.49704104732,768080.6029923144,59874.79204571515,131114.24521670392,86621.40446592125,945893.7913143595,495442.88666744874,217497.38594843875,54280.959582177304,768080.6029923144,1629.1035892879693,0.9718444614434719,143.11590085793858,178.5422773974593,215.7355319793458,238.96087724552316,176.5,85.0,0.28329252970762053,0.00019063760974374279,20.5816540415522,43.87270997349336,65.31098285912803,53.06881786950034,38.775885765504015,123.94677289768482,0.453001507160335,0.9016646414375314,186.48535037796424,212.4573311420789,239.75399172068427,211.5,11760.358968246112,2.2423422188527473,0.2751706425109991,0.6025706289063768,0.007486981851044707,0.010325359601310828,2.987928129690492,0.25449730839090456,0.5706700591893129,0.060646142693034255,0.15335260317208751,1.1696105401714995e-06,3.196224762161585,3.2130938760983767,0.3725223637376497,0.00849098138598498,3.3124183177016957,6.032544011942535,17.711766142870506,20.10584015519458,58.834846687475476,25.958249227283588,51.8463837445074,8.423028267888807,58.8284645757055,11.487326445509195,24.490901071101568,1.3019466916677316e-06,3.8592862974075065e-44,8.503141806300966e-05,2.679621638844868e-05,,,,
p,2000.0,370.0,348.6746856555915,241.62917670494585,130.02562301343823,199.51602015021797,42773.58531828658,450278.8640060523,209115.86773948753,705013.201833433,42973.1013384368,132178.34999047453,86945.24594899532,881638.3061747419,456838.7967303813,209292.4877399133,38036.552726345806,705013.201833433,1583.9692965467445,0.9700754235208013,145.98103508805588,180.27243034672318,217.00694969960645,239.91202381975017,177.5,85.0,0.296612697741926,4.7316441859094246e-07,4.21621437812957,16.770299820957952,21.403077917932876,31.905484110377145,23.427362302445047,55.862877733892105,0.20323513217536687,0.8600486512739033,196.20551259282274,220.4524863757097,245.43252102773508,219.5,32939.80447750123,2.1532505824330888,0.2054989982490083,0.6320818760398409,0.007574601170486128,0.012118753650509136,2.9983867845638286,0.2596237009018748,0.559034885180396,0.04620318745579269,0.1641034359304636,1.24153037121654e-06,3.202400290140047,3.2121160836387936,0.316394937301919,0.018866385257258082,3.2628298485784866,6.349098021809781,14.99607951705091,21.160240333829105,49.937073992305585,26.774429074131266,51.64318832065082,9.095132216789365,95.12635782468655,11.951310703108593,17.671865810148496,1.4184131551004073e-06,4.2045211901337813e-44,3.0358407278435027e-05,5.9803339386624655e-06,,,,
p,2000.0,380.0,358.09832580844534,244.55755115613985,142.19665363498967,62.67262801427027,30798.725418838196,413401.27007276146,200276.82630017283,647125.2232612796,30861.398046852468,133055.81507790668,87132.79418457964,822586.5906518204,419041.99374184356,200724.0893889585,26529.329635257895,647125.2232612796,1535.4710431107178,0.9682842932058007,148.3022959569769,181.84702276945066,218.19525770705368,240.80685868058282,178.5,85.0,0.3094869726926255,1.393644616634526e-10,0.4643159548246896,4.61386604093365,5.23989952972705,17.231941082774696,12.725492562461042,23.561054647715363,0.06917405165900523,0.7928166108559306,206.9392891866683,229.10895143694614,251.39534532747297,229.5,123499.5479569794,2.0641492963003114,0.1540937042840779,0.6643595144576737,0.007666743434456913,0.014992644139492039,3.008455673084996,0.26444566001100767,0.5458553230213928,0.03528899021432952,0.17568699028535212,1.320400691863667e-06,3.2080889734421616,3.144781613497984,0.20626280757686422,0.04470498400840554,3.129426786227012,6.664863053496352,7.896634435530215,22.211881013961094,26.321830481920383,27.587209410917044,41.66494999235202,9.818357028743113,152.0766371951931,12.395948916651019,7.525269364554028,1.5452959706320173e-06,4.580632681096882e-44,8.097195629803813e-06,7.175055740907506e-07,,,,
p,2000.0,390.0,367.52196596129914,247.45127322336816,154.36768425654114,17.604068802151204,22154.744446066466,377714.77849863586,191144.84917145866,593552.6523782777,22172.348514868616,133745.5661552767,87183.30011571337,767835.131532071,382501.6127244591,191832.57085710682,18406.151877104876,593552.6523782776,1484.3248902233488,0.9664520281416512,150.26026646262258,183.30043386975046,219.3229930137294,241.66061593111928,179.5,85.0,0.3220352034576368,1.7558962881585824e-15,0.01881524678632072,0.7574220449272377,0.8197704589402321,8.004783271974885,5.942671371083576,9.251048073586134,0.014954458515240745,0.6792358726294431,218.16385196208938,238.17467786543037,257.82639386565353,239.5,724047.3792451607,1.9760656912068935,0.1159976248953474,0.6997079269204147,0.007765445402569525,0.019743891289403064,3.0181790551249943,0.2689106300989819,0.5313850701394259,0.027013133150913728,0.18815889951342113,1.4068421475368486e-06,3.213255595343733,2.948834468807735,0.08584430114741676,0.11333747376690555,2.837624034898449,6.978164251359486,1.8129628903179877,23.25519137534744,6.043209634392884,28.39815995923254,22.870850327909668,10.598946054911313,230.90179308721153,12.81472012135967,1.3141562680816365,1.684770501813357e-06,4.994069076358181e-44,1.3811250874805009e-06,3.169937276993171e-08,,,,
p,2000.0,400.0,376.94560611415295,250.3115447042825,166.53871487809258,4.375427447685952,16004.226365042696,343288.81894832157,181797.00331432855,543545.3505979428,16008.60179249038,134240.74198425852,87098.64654384408,716599.7191780732,347269.01564526,182723.43287293662,12759.651227347147,543545.3505979427,1430.4105316732996,0.9645593937625035,151.96315842663108,184.67479829446654,220.411820561058,242.48468679704985,181.5,85.0,0.334465198008478,3.184798950979293e-22,9.650623887344732e-05,0.054521132276016314,0.05999342171550949,3.0036620663374944,2.249592709972588,3.2094607363549197,0.001372479077492474,0.5295558690095412,229.1308660334918,246.20845806747434,263.48560082198867,246.5,9060082.506636316,1.8883084577294835,0.08805756696006355,0.7384100922288315,0.007868174423096005,0.025173341421895295,3.02752252199976,0.27306231822937194,0.5156258849997427,0.02082314611993818,0.20163197158796906,1.5020177079445302e-06,3.217975800599187,2.4607010698361313,0.017503913858216,0.3210482454693246,2.2247822378816258,7.2881352258683405,0.1000516771581033,24.287284844574312,0.33350559052701095,29.202470440748296,5.912653322507909,11.447441058473927,308.05544921240886,13.21021603338373,0.057549882541599616,1.8397728890513386e-06,5.453533809408603e-44,1.1037427079361821e-07,1.7754956190368078e-10,,,,
p,2000.0,410.0,386.3692462670068,253.1394994950848,178.70974549964404,0.9730104935445413,11595.977504217994,310490.57186418027,172255.59973325592,496719.8423352168,11596.950514711538,134546.6299643003,86879.41157671588,668480.9553998278,313750.8482155024,173379.53533957314,8816.742607126222,496719.84233521676,1374.3083448844907,0.9625892329474658,153.4998750886106,185.9896601509038,221.46928175063547,243.29493849326497,182.5,86.0,0.34678622646406654,3.523185118777703e-31,5.4872072878714085e-09,0.0009296533276936926,0.0011455370592200053,0.7898967378747064,0.5959782362214908,0.8283728421831031,2.629272946389264e-05,0.2540045870184797,242.98613344322044,256.6499710807269,271.23391600370013,256.5,433613071.12441456,1.802499148619762,0.06732408428329667,0.7810871180539306,0.007978308670444719,0.028282294787370155,3.0364621437099966,0.27674832906228264,0.49883862751670616,0.016135162901689853,0.2161645547734992,1.606614411902066e-06,3.22209946146561,1.141706656072881,0.0008876330166607703,0.9548000208452248,0.6461160809605434,7.588720825526444,0.0005976324195139759,25.288036024052687,0.001992108065046587,29.995681272031433,0.21928545252731607,12.366754219028026,347.30775749526765,13.566166881613663,0.00036005760990825584,2.013207274544791e-06,5.967635463276463e-44,2.3062035408823612e-09,1.1046885628877912e-14,,,,
p,2000.0,420.0,395.7928864198606,255.9362088431414,190.88077612119548,0.19010699464126488,8454.735321090906,279418.67661971325,162642.95947583098,452815.1186399354,8454.925428085548,134659.35290494005,86524.67697993807,623206.8271712607,282019.65646298556,163947.38302937755,6096.891006110741,452815.1186399353,1316.2632152651825,0.9605296866224157,154.932894247678,187.27064194629742,222.50748989968676,244.0888168934309,183.5,86.0,0.3591818222950273,-1.6420197461340806e-46,-1.2911748766974602e-18,6.129512545336653e-09,1.8274742821376697e-06,0.11622516015383375,0.08771112754130443,0.12170373612453463,-9.979224331279997e-11,-0.00026196292967203133,285.3759977653456,297.65462985295613,310.89796972105046,297.5,247781937653.45877,1.717988147290417,0.05198457686292879,0.8279445562164076,0.008092961536775169,-0.016280616537561726,3.0449293385253053,0.2799959226084672,0.4810296763309915,0.012605036639086888,0.23182109988647095,1.7215373079218656e-06,3.2256814657477366,,,,,7.877287645594461,,26.248696456311688,,30.76904385434603,,13.36695539181665,,13.883500154109944,,2.2084068283841228e-06,6.54625436389152e-44,4.035806683369203e-12,-2.851439414336699e-24,,,,
p,2000.0,430.0,405.21652657271443,258.7026860884481,203.05180674274698,0.032749839187053924,6205.735281274065,250008.230046768,152953.3385809842,411384.0771601998,6205.768031113252,134578.7886208856,86036.380026885,580310.3806957038,252026.78994414338,154406.41334231352,4222.921602940861,411384.07716019975,1256.550002034354,0.9583397974286139,156.29590306580505,188.54108240581232,223.54368794457753,244.87974797779623,185.5,85.0,0.3718017956281317,1.0647218172841533e-69,3.2621997461210966e-36,1.491374336418712e-18,4.716495949693371e-13,0.0038951346209040306,0.002905823719759375,0.004078674995965144,4.1288798637340747e-23,2.210202627889692e-10,314.8311629266484,327.85747334419534,341.0646079530319,328.5,8.722239593716703e+17,1.6345392154640428,0.04057294916663414,0.8798682648540568,0.008215250570480675,2.768506714182098e-05,3.052998541168348,0.28274784497682376,0.46216244070256635,0.009934677473096537,0.24878085575098174,1.8485889069176304e-06,3.2286788042616528,,,,,8.152141469854412,,27.16367691781384,,31.52658040622311,,14.466681476241964,,14.155002350867017,,2.430818438338787e-06,7.205536409904382e-44,1.1464945318864854e-18,7.929815292415272e-42,,,,
p,2000.0,440.0,414.6401667255683,261.43989095345825,215.22283736429839,0.00506579583471536,4589.219054384035,222610.9706555691,143312.43947367027,372643.8592135971,4589.22412017987,134307.8120978534,85417.63683685359,540019.2871159579,224096.83969131098,144906.4577116721,2937.021999644694,372643.8592135971,1195.5759944680658,0.9560419306578011,157.61302363912972,189.79322634860407,224.5718311423284,245.6576084853345,186.5,85.0,0.38458285553425553,0.0,0.0,0.0,0.0,0.0,0.0,0.0,0.0,,,,,,inf,1.5533262253655782,0.03202251065597843,0.9371678591970991,0.008342443955730167,,3.0604226130891625,0.2848727307139687,0.44250028350951376,0.007899946487531048,0.26697356718684173,1.9877739277915665e-06,3.2309678155428037,,,,,8.401270803990904,,27.99304799194613,,32.241692248216715,,15.660067384088943,,14.36608237834667,,2.68352738217754e-06,7.954627114178871e-44,0.0,0.0,,,,
p,2000.0,450.0,424.0638068784221,264.1487334327654,227.39386798584988,0.0006812861496556948,3410.5265341943687,197146.24796625588,133768.2939186493,336368.1972385125,3410.5272154805184,133846.08598307206,84669.78185625355,502096.744453499,198183.94510215177,135457.02208371888,2048.9175220274883,336368.1972385125,1133.4429114758018,0.9536074822613511,158.92083610738916,191.058467482673,225.59435349697782,246.43264582814535,188.5,85.0,0.39768413011946147,0.0,0.0,0.0,0.0,0.0,0.0,0.0,0.0,,,,,,inf,1.4737890586101792,0.02549578166523241,1.0005815433698368,0.008473180589154415,,3.067133149721905,0.2863435659107259,0.4220100144426505,0.006322278930651624,0.28651008711297676,2.1405936901973554e-06,3.23253646128483,,,,,8.619464315635458,,28.719513089470993,,32.903361863796064,,16.96129914275172,,14.512635181840361,,2.9729326619154734e-06,8.812494673302433e-44,0.0,0.0,,,,
p,2000.0,460.0,433.4874470312759,266.83007732733614,239.5648986074013,8.147758781757618e-05,2553.1207266933316,173652.02233254927,124344.12942086486,302502.110220078,2553.120808170919,133193.89434385774,83790.9488368438,466482.2550059994,174282.7190075973,126127.66741130684,1439.5320292989081,302502.110220078,1071.1197573415318,0.9510053676063289,160.22393859277227,192.3220256340272,226.62042403582947,247.21606739547383,189.5,85.0,0.4110521058196961,0.0,0.0,0.0,0.0,0.0,0.0,0.0,0.0,,,,,,inf,1.396543794558994,0.020532700820393594,1.0711715540107187,0.008614156231824472,,3.0732250822423963,0.28701069561311526,0.4008230059305564,0.005103428709410009,0.30743769283759803,2.3081965907829586e-06,3.2332355418075855,,,,,8.8021089439132,,29.327812244520487,,33.51669372293155,,18.386580618746944,,14.578452702803578,,3.3057620631885e-06,9.79908187839143e-44,0.0,0.0,,,,
p,2000.0,470.0,442.9110871841297,269.48474346220456,251.73592922895276,8.501242342276286e-06,1912.303296323131,152069.13649921954,115099.98203453138,270942.122598718,1912.3033048243733,132359.52247825402,82790.65217684656,433083.6350599152,152400.18113308615,116903.95262523933,1013.0199577582947,270942.122598718,1008.4835877137309,0.9482257778406673,161.54585930684192,193.6004492772686,227.6555459332308,247.99970820055842,191.5,85.0,0.42481390833791305,0.0,0.0,0.0,0.0,0.0,0.0,0.0,0.0,,,,,,inf,1.3211916614686958,0.016614279785470854,1.149952590249272,0.008761804909849366,,3.078502204484094,0.2868221379157274,0.3789470169388833,0.004126787252766964,0.3298318604370246,2.4919390328807986e-06,3.2330162928599906,,,,,8.939799680075902,,29.78666783840291,,34.05774911492201,,19.947264789668907,,14.557781912355043,,3.6908251489601775e-06,1.094050241432175e-43,0.0,0.0,,,,
p,2000.0,480.0,452.3347273369836,272.11351262160474,263.9069598505042,7.779399816115976e-07,1435.366129103581,132470.17758597608,106152.13366053053,241825.9646543099,1435.366129881521,131341.91615734057,81668.05995594924,402041.1380624048,132515.93986740586,107996.1002792772,716.5782285686442,241825.9646543099,946.2270690661529,0.9452689788345164,162.8803817182335,194.89663180333707,228.6890842357991,248.78002357301105,192.5,84.0,0.4389608610153792,0.0,0.0,0.0,0.0,0.0,0.0,0.0,0.0,,,,,,inf,1.2479276018097705,0.013521783127522934,1.237298880655247,0.008913877059618434,,3.0828317583346267,0.2857390266608411,0.3565816182843215,0.0033459651955340167,0.3535445778469784,2.6917878784671527e-06,3.231834851170815,,,,,9.025237858845674,,30.07178601624293,,34.508228784594124,,21.64769739844417,,14.446907523873188,,4.135205255686665e-06,1.2257753011220765e-43,0.0,0.0,,,,
p,2000.0,490.0,461.7583674898374,274.7171282312886,276.07799047205566,5.997156525736915e-08,1072.4952506141992,114743.01231465112,97503.46657274244,214993.11884095543,1072.4952506741708,130145.19669485703,80428.4763911486,373184.47275978094,114557.81683504053,99361.20170829815,504.7569813005598,214993.1188409554,884.5947299160863,0.942125922218337,164.24347941319857,196.20934858082902,229.72538314089212,249.55566547833124,194.5,84.0,0.45351901074039574,0.0,0.0,0.0,0.0,0.0,0.0,0.0,0.0,,,,,,inf,1.1768095673710957,0.010999560204088087,1.3347750728202288,0.009072443893634638,,3.0861543912649516,0.28365550954031304,0.33380851746456347,0.002701994349919022,0.37861630340253044,2.9091838424913016e-06,3.229563984633751,,,,,9.051428022863076,,30.159870886060947,,34.85746332756338,,23.504688613177553,,14.23626810336371,,4.651311657745502e-06,1.3787617773132449e-43,0.0,0.0,,,,
p,2000.0,500.0,471.1820076426912,277.29629881414627,288.2490210936072,4.001901360593262e-09,794.6662843644075,98829.7182440673,89182.01678051335,190386.40276392383,794.6662843684094,128774.07371591713,79076.10797669755,346467.2789105903,98466.23706204475,91027.56574256594,351.9299046728357,190386.40276392383,823.6021441209808,0.938786719348627,165.63918794868087,197.53524338986708,230.76024443472923,250.3349960089658,196.5,83.0,0.4684263975043305,0.0,0.0,0.0,0.0,0.0,0.0,0.0,0.0,,,,,,inf,1.1081798978296038,0.008910611276308872,1.443946642660528,0.009235069735504585,,3.08823399423623,0.28046661672693723,0.310807466669072,0.0021642457119521227,0.4049788296012181,3.1448786072779235e-06,3.226062144605102,,,,,9.00713194734007,,30.013438142433426,,35.07651077684399,,25.517054676965657,,13.917728122632457,,5.252475940941982e-06,1.5569614759244904e-43,0.0,0.0,,,,
p,4000.0,100.0,97.03268881316515,148.17962128590742,189.3617284837063,24515982.543753576,3358138.756712318,450307.84247580636,111840.2290410678,28448193.973697416,27874121.300465893,30956.123988185594,22120.60412865954,29698563.880785644,461847.89834901405,109493.64326503864,27876547.751004566,28448197.460095584,702.6588946009298,0.9996882757097851,18.557728705106953,31.82905175570043,52.12527951053841,70.9017185558996,25.5,35.0,0.00393136482212097,5658603.102238935,103372.81587427352,24603.58422498617,5787741.432465481,6026.604563570426,4394.291340065981,6038119.196011866,151.32998123431744,0.9996726035259794,19.977100710871042,33.61259296864042,54.07121537960162,27.5,4.915249636779119,4.026349430225622,249.23161852816395,0.27678881073123063,0.0062827025715667395,0.006150729090952296,1.7270506620324122,0.012368132595904297,0.04979842363047421,2.669470724571715,0.0034233607121865184,1.105875113270978e-07,2.125817349739386,1.7536250800086395,0.013366699185770265,5.432825991343047e-07,2.1581739072961645,0.01479074842521741,0.016683088708891368,0.04930249475072471,0.05561029569630455,1.2971554558282739,1.3666181024904709,0.014885172461137856,0.016784789702494307,0.0318890560697136,0.03680257541764407,3.515161633545449e-08,1.0419793077808062e-45,0.20344846628284033,0.003633721563128042,,,,
p,4000.0,110.0,106.73595769448168,153.33452002520488,177.19069786215485,19793464.81482733,3231336.370989394,460683.8719506844,115751.0911661856,23605621.9530392,23024801.185816724,32683.383181075744,23304.509380902608,24634238.73211013,472417.3183931906,113376.64250661789,23019506.84876837,23605622.783103883,730.2650258317772,0.9996090417320606,20.44686920720639,34.09028770665211,54.64109726426304,74.40238546711136,27.5,36.0,0.004903539139805751,3843436.9343218748,90287.25020169617,21733.653070449538,3955789.996124165,5382.234361893953,3923.3298719506256,4126792.494120537,134.09041481645477,0.999575251917088,22.18620624606975,36.19110166529919,56.99544041550416,29.5,5.967359737541098,3.9799527357307896,198.91649360574638,0.28235917995927756,0.006308925630630338,0.006169713594939668,1.835975756656596,0.015530071181319358,0.06180894928418588,2.675236205987715,0.004385058163466543,1.3416781669057962e-07,2.218005511200908,1.8767501539094567,0.017355381194015685,7.985487362735706e-07,2.262956263566118,0.022205331773662657,0.026658421020326055,0.07401777257887553,0.08886140340108684,1.5901156806008012,1.724583760276542,0.022385811691463434,0.026870526178158466,0.048149077441476604,0.05926304835366295,4.2362789762091017e-08,1.2557360074349112e-45,0.16757829994879087,0.0038248197984917646,,,,
p,4000.0,120.0,116.4392265757982,158.32166591558138,165.0196672406034,15807213.763643293,3077755.393352778,469464.4046707736,119411.6513355633,19475856.10620051,18884969.15699607,34427.966208098136,24491.5561221782,20327271.13571026,481341.604713295,117021.71499230877,18877157.643974822,19475856.30342584,756.5937778587554,0.999508411436026,22.38243522836658,36.3689294327825,57.24479440268089,78.67024031091795,30.5,37.0,0.006131265844459918,2573529.200553011,78331.77218171894,19097.026115488,2671148.9596182886,4790.354827162697,3490.314440777255,2787667.4206372267,118.21308819707335,0.9994450954364075,24.49193928646785,38.84165373259006,60.091512481255535,32.5,7.291190570286893,3.931479042623014,158.1501381630398,0.28831329123278576,0.006336013022151598,0.006190130729370507,1.9404593714984189,0.019427264839992044,0.07637788457391567,2.660719719685696,0.005601138665669086,1.6269153489384998e-07,2.3069997151361186,1.9954642637916222,0.022495040622680387,1.1779342231949164e-06,2.3646968930303864,0.03345211925427402,0.043003625008807535,0.1115070641809134,0.1433454166960251,1.9481268397155742,2.1808261506916042,0.03379842688989589,0.04345206079242092,0.07281649416199774,0.09611946782620105,5.134562478522477e-08,1.5220090609978426e-45,0.13715181222600414,0.004021993783204249,,,,
p,4000.0,130.0,126.14249545711472,163.1564426101831,152.84863661905194,12491214.764834888,2901344.640954504,476588.298677108,122795.59872769682,15993302.459539074,15392559.405789392,36182.640972605666,25678.974061514804,16699606.456369013,488557.40953692,120402.62073837592,15383994.480554257,15993302.494104689,781.491744679213,0.9993808543620671,24.345261773805763,38.673818620301844,59.958316048931856,84.60790118657454,32.5,37.0,0.0076779388771239295,1701259.0095664333,67494.65507946139,16690.12971456622,1785595.9101556253,4248.203358066858,3094.005522766453,1864588.7568484885,103.73679424509223,0.999270979408203,26.874490671475343,41.57063306715792,63.43853213527139,35.5,8.956843129275068,3.8811513084761113,125.35106767077936,0.2946574742702451,0.0063641673869125875,0.006215457639886196,2.0401025175392937,0.024189497939645015,0.09388310157983346,2.625867354471901,0.007127616366761098,1.9698994255719216e-07,2.3923621572163087,2.1088443038807463,0.029034004081696464,1.7395912780927757e-06,2.4622836954607137,0.05038685122710081,0.06957420828702282,0.16795617075700264,0.2319140276234094,2.382877885205598,2.757834424345977,0.05105065859901307,0.07052627440486722,0.10992129774090578,0.15595494512778638,6.252617322343942e-08,1.8534276794501156e-45,0.11164647918545562,0.004220182495154699,,,,
p,4000.0,140.0,135.84576433843122,167.85201706305165,140.67760599750048,9765307.797957202,2704958.1578205135,482027.84910052805,125875.60932381534,13079416.13738332,12470265.955777716,37944.124594517045,26859.507292625836,13665874.763996692,494045.80591268046,123485.57275435771,12461524.412033748,13079416.145035706,804.8347519015794,0.9992192082705085,26.332058788363224,41.001837044826914,62.825975441357535,99.6907245275996,34.5,39.0,0.009623947124370502,1107829.3196721838,57707.40823294657,14496.933909294541,1180165.1835317428,3754.009158598954,2732.2570402901774,1233394.1921371084,90.51952703411077,0.9990362594779416,29.38529587088331,44.42914019267704,67.21849791809557,38.5,11.082699540620302,3.829398337691539,99.06816755657503,0.30144143729152234,0.006393889620276949,0.006244046334244182,2.1347566461563328,0.02995918630764237,0.1147256582450768,2.5702894626602846,0.009030940180660212,2.380062862740333e-07,2.4738494926544035,2.2167128315692213,0.037300602273751954,2.57299940160706e-06,2.555586557237801,0.07566416830784388,0.11254261132022855,0.2522138943594796,0.3751420377340952,2.9075507403817693,3.4843534467911184,0.07693060040514631,0.11456677535781432,0.16518359118870501,0.25249399164613756,7.645601221768765e-08,2.266341949286555e-45,0.09023072369099251,0.004412078308909251,,,,
p,4000.0,150.0,145.54903321974777,172.41976249566054,128.50657537594904,7546282.223011887,2494033.4716993202,485748.3862469221,128651.42242074174,10655959.291829145,10040315.694711206,39699.01452947053,28029.218523961743,11143296.093807077,497759.2550932614,126283.1793724768,10031544.780514544,10655959.292991936,826.4552893414221,0.9990144561926227,28.348786963292042,43.36760425503826,65.93870106178332,141.11562767958486,37.5,39.0,0.012073190118076936,710399.5077539926,48977.41483916064,12521.908263019253,772013.2995201765,3304.6768947251467,2403.528989717209,807749.1757777606,78.55593812715732,0.9987196111842638,32.014807607986164,47.43260250663877,71.69904820908434,40.5,13.802818291410343,3.775693864140344,78.04278806864139,0.30857812360316417,0.00642398874253082,0.006273479766590791,2.224331848742864,0.03689103604378904,0.13928925843231454,2.493282680379901,0.011383766680169117,2.86751870672215e-07,2.5513739273661957,2.3184179757876033,0.04761496985292275,3.8025330367211893e-06,2.644076332131441,0.11300122072207157,0.1810280769164785,0.37667073574023857,0.6034269230549284,3.536039539905011,4.387972382363639,0.1153979841419416,0.18530326180540171,0.2466037795022455,0.4059603197682512,9.384420234851943e-08,2.781770148752049e-45,0.07244897229591958,0.00459624642867357,,,,
p,4000.0,160.0,155.25230210106426,176.86958293043207,116.33554475439757,5766256.457758952,2272572.74496878,487727.3306736465,131093.3664204329,8658920.895518508,8038829.202727731,41447.81456206462,29185.07215043019,9064976.632610163,499684.33324540226,128755.7088741796,8030097.728826102,8658920.895738501,846.3372992262343,0.9987561514509161,30.3995703874093,45.7837392311191,69.40458383039625,155.50805941014184,39.5,40.0,0.015139688651998344,448490.7399377336,41248.54013527967,10753.962618959651,500592.3079630128,2897.8200454433627,2105.8118961539526,524578.3267686361,67.8673181877141,0.9982922586410002,34.8306792670837,50.66398905259948,77.60673482170037,43.5,17.29735107347732,3.7204577469575666,61.321403380138975,0.31617018994795104,0.006455988753175537,0.006310912599608762,2.308497569203464,0.04509073315813676,0.16775816749418634,2.3945134137790065,0.014256345667500475,3.439589232419672e-07,2.6244661882542997,2.413535896703525,0.060202407214849915,5.5981603570678915e-06,2.726844537461395,0.16715659140015948,0.2876788101322962,0.5571886380005315,0.9589293671076539,4.27933220080293,5.495140512101719,0.17163150799655114,0.2965633740501578,0.36423827742402193,0.6434108476912381,1.1548783180564195e-07,3.42333990828684e-45,0.05781232026523054,0.00476370446537145,,,,
p,4000.0,170.0,164.95557098238078,181.21016592043065,104.16451413284612,4352638.083111823,2046774.069947138,487963.4053214371,133201.86248511198,7021878.779973669,6399412.153058961,43186.23742761235,30325.04692546552,7361653.285643545,499814.7438833487,130905.54450310576,6390764.834656291,7021878.78000582,864.400801750293,0.9984310696644993,32.48710711980871,48.26870806290744,73.48716268166707,166.3828508717658,41.5,40.0,0.018969547418705435,277817.7884745627,34482.90168378946,9178.595999138923,321564.64208270155,2530.51249464737,1837.0624851542602,337693.4738735429,58.25763210221016,0.997714346010086,37.845585039591526,54.19625065926773,88.10215205774935,46.5,21.83660098478037,3.6633377057770264,48.04296301618324,0.32421646831281575,0.006489404769748677,0.006347118024115618,2.3871307480310566,0.0546512491745074,0.20020598176878857,2.273776478533278,0.017718834996242477,4.102889265577333e-07,2.6929658391187115,2.5011421379552226,0.07523128995972134,8.196383190498748e-06,2.8034963019504464,0.24419258360064347,0.4486157069295088,0.8139752786688113,1.495385689765029,5.146940493720403,6.817735798681644,0.25240201799708645,0.46662662665699467,0.5308235365514273,1.0001252737264372,1.424120283665378e-07,4.22143850572688e-45,0.04579467292995727,0.004910779972752358,,,,
p,4000.0,180.0,174.6588398636973,185.4491819875057,91.99348351129467,3244989.6699643433,1820659.4183188018,486456.3337808793,134948.7466548346,5688384.503271707,5065649.088283145,44899.59212872142,31438.325938237922,5974503.912069954,498154.3791508916,132705.06882546068,5057121.72474839,5688384.503276437,880.4563799126959,0.9980241732314585,34.60629520672397,50.846280011906416,78.74870901141747,175.51581129419887,44.5,40.0,0.02372356274039106,168681.1846295842,28575.14151765556,7780.267471766479,205109.72349642307,2201.3371624392157,1596.181879516872,216029.9876667295,49.730894839982206,0.9969360603253573,41.10567093492559,58.19483171281978,138.1027715776788,49.5,27.733373173656037,3.6047488090060877,37.53757788680927,0.3327158883777071,0.006524376118621425,0.006391926115708591,2.4599553913580614,0.06557929981626869,0.23639690290814766,2.1318218726171114,0.021819274997557838,4.859570869820989e-07,2.7565397865866195,2.5808197806980577,0.09251916825882374,1.1891515117515315e-05,2.8729892669001376,0.3509295467943922,0.6809567967889056,1.1697651559813074,2.2698559892963526,6.141493089930133,8.354600824092108,0.36564469048756065,0.7161548590714165,0.7604191312280949,1.5103109447980345,1.757968364172366e-07,5.211045323549827e-45,0.03605764050908532,0.005023419478978681,,,,
p,4000.0,190.0,184.3621087450138,189.59344389181823,79.82245288974322,2384801.8957620314,1599710.5609064107,483227.0788425411,136334.44835691116,4605430.75748631,3984512.456668442,46588.315601413735,32525.009714058033,4848312.694890645,494721.68130215857,134156.1466758239,3976140.610773642,4605430.757487029,894.3137617420533,0.9975169583629474,36.79424976401807,53.56835584155428,87.23666450272079,183.5256762768055,46.5,40.0,0.029602974300567676,100112.64013335184,23473.299734882938,6555.419442713658,130203.68071260798,1905.4822470371475,1380.4620023978111,137682.7714950802,42.19813382153379,0.9958966930046522,44.681837376388145,62.877878074802105,156.8970861584351,52.5,35.370972097568,3.5444239124179138,29.226013708856264,0.3417207915012776,0.006559704994007248,0.006437137118424507,2.5269117741095495,0.07783633517174823,0.2758849676377199,1.9700164617405747,0.026598294062448537,5.709219944762588e-07,2.8151251098260714,2.6518981852942356,0.1117171302149485,1.7041949976080017e-05,2.935066066158104,0.49478524721280437,0.9991924726834813,1.6492841573760144,3.330641575610404,7.260756008156525,10.07393266630515,0.5204627694730471,1.0647080829170439,1.0682067760329463,2.203683429127437,2.1713495493867983e-07,6.436407586009711e-45,0.02827177034438239,0.005096873880195932,,,,
p,4000.0,200.0,194.0653776263303,193.64903519946859,67.65142226819177,1729005.7824943014,1388375.64812318,478285.6665338372,137359.5656292847,3734407.0506030074,3117381.4306174815,48246.32736081583,33580.79004334363,3942852.3483702727,489531.5676691324,135254.15127145,3109200.9228608324,3734407.050603093,906.2496693787036,0.9968917787154044,39.054062569420836,56.472996200445714,130.0188330814266,190.65421463654926,48.5,40.0,0.036782162139262456,57800.98427879014,19116.291557600143,5484.748435641041,82454.78136975916,1642.096605331377,1188.0675730104072,87659.44022716368,35.57547172780414,0.9945277978460785,48.72059303304934,68.78951855507438,169.92320917496107,56.5,45.29036386448568,3.481997517556709,22.695044326442336,0.35124111771746774,0.006597645131060996,0.00648625404524067,2.5877659738015106,0.09119750327983653,0.3175494800277606,1.792387374557594,0.03203231298505221,6.639326708848695e-07,2.868318934324957,2.714116244778912,0.13204546749212728,2.4075027148750935e-05,2.989195999649113,0.6815354060153952,1.4078273498859561,2.2717846867179845,4.69275783166092,8.489606961050564,11.918789059612122,0.7248666979118856,1.5228792837643579,1.464921178783313,3.084644760021218,2.6778012853165714e-07,7.937653571948155e-45,0.022079751953243798,0.0051189630103427985,,,,
p,4000.0,210.0,203.76864650764685,197.62141508604282,55.48039164664031,1234508.3179122815,1189267.6749997546,471664.28576161864,138013.68054414506,3034854.8573762705,2423775.9929120364,49862.751914938926,34598.17285077823,3215968.905363762,482620.20001070213,135989.10216475412,2415817.866233176,3034854.857376282,915.9105857962472,0.9961278966298072,41.39520795700546,59.64449801427368,148.88047838484104,197.07155106309645,50.5,40.0,0.04547620463914453,32388.621355604788,15399.348162041832,4553.670393198531,52385.98113262327,1407.888060648541,1017.1807014130627,56084.503783655055,29.76296701314984,0.9927796296867231,53.283551567323336,77.17654992592108,180.299712883386,59.5,57.93257645958874,3.4175183496447086,17.561853168148556,0.3612884731306751,0.006636375337467245,0.006536038940720107,2.6425575156519914,0.1054134225823656,0.36025230597408636,1.6031868727314706,0.03808465449226149,7.637896632185536e-07,2.9161919451831833,2.767199467345406,0.15247230303557463,3.348338589971528e-05,3.0352029421564053,0.9152259318216043,1.8941838034036345,3.0507531060719644,6.313945871830447,9.806723087453744,13.798693160254377,0.9857164423642792,2.0830522733883874,1.9578423332857748,4.121854329262181,3.2950504949832497e-07,9.767330187893786e-45,0.01726144530612335,0.0050741629783755335,,,,
p,4000.0,220.0,213.47191538896337,201.51550453385727,43.309361025088855,867342.5962004424,1006616.2195867985,463404.8634112717,138301.9963424202,2477084.080917249,1873958.8157872409,51435.2263324063,35575.908766156375,2636731.8969888682,474021.56521538214,136370.55953562312,1866257.8877938804,2477084.0809172504,923.3784899475986,0.9952087393411204,43.853943516059864,63.19635198759131,160.6403910262426,202.84583401284505,52.5,40.0,0.0558325804956963,17523.423084679842,12287.66525415783,3752.8514201362646,33601.04013865405,1200.8803561004036,866.3895873553503,36293.135065518356,24.75765974330032,0.9906122153780192,58.644655276555945,102.12729116726548,188.8573343042119,62.5,73.72045837556246,3.3506737116356105,13.549759695062749,0.3719051618391571,0.006676537681071626,0.006597026359866221,2.6912970154251523,0.12008009062337341,0.40234920294255905,1.4090308182455862,0.04465840553694634,8.682455336802847e-07,2.958663366832953,2.8121029879371555,0.1719655631996598,4.58226409596082e-05,3.073358756571211,1.1952040499799947,2.4347314814607772,3.984013499909152,8.115768411407482,11.179251278793974,15.647957236408008,1.3052890779198476,2.7241341883215813,2.543527952813647,5.252166307959411,4.0370046689319735e-07,1.1966662614597616e-44,0.013564755592071702,0.004960536200130834,,,,
p,4000.0,230.0,223.17518427027986,205.3357578076942,31.1383304035374,598706.1236967919,841284.8971277992,453569.6035687166,138220.34960871382,2033213.783108785,1439991.0208245912,52960.76593159154,36512.88847014066,2176094.915894056,463809.89476435736,136393.83679796144,1432570.5351594118,2033213.7831087848,928.6076018727886,0.9941187646317254,46.451640438307386,67.32169611475759,169.827361858386,208.0443295299671,55.5,40.0,0.06798121808783669,9079.433068443686,9690.143452719822,3061.2570449885225,21861.611702588656,1018.594964034513,733.7764858384938,23867.617415881585,20.419487878309447,0.9880689921275658,65.20709745105978,144.69586806491074,195.8961829225013,66.5,93.00383753810932,3.281496573064103,10.418082611576681,0.3831618577258521,0.006718313218723377,0.006670295103685423,2.7343036364892073,0.13480768270273405,0.4423709488117347,1.2162429400126118,0.05165316214009679,9.753099531607275e-07,2.9959675324648867,2.849426134088801,0.1895856918890168,6.193066740324238e-05,3.104126275273768,1.5171940804213062,2.9936122401043628,5.0573135991411435,9.978681541862949,12.574562180207717,17.39202112978789,1.6820787470542684,3.409205495346297,3.2108067723119342,6.389605590181983,4.918321960571206e-07,1.4579101179908411e-44,0.010752244493032227,0.00476592453445972,,,,
p,4000.0,240.0,232.8784531515964,209.08622217014937,18.967299781985947,406159.04003693163,693891.7296803456,442267.81751558464,137771.9803247348,1681534.5468595077,1100050.7697172773,54432.27117129151,37402.63893691834,1811437.6305473668,452089.9444179339,136059.0617804993,1092941.5148188833,1681534.5468595077,931.5783604724502,0.9928523591765256,49.20495241006827,72.3622238388741,177.44301083206273,212.69708838817576,57.5,40.0,0.08193229248964437,4484.4502614895655,7547.59602482605,2478.5479943359965,14535.934834260812,858.6428153125621,617.5809199330816,16063.991490065924,16.705003701203186,0.9852813582750299,73.91193055235365,157.31011061851652,201.59563485429805,70.5,115.6812111523901,3.210143430276166,7.984575434891825,0.3950895606130665,0.0067617403645986495,0.006739834669079491,2.771889404516922,0.14917812583566714,0.4788831805922781,1.0315133831085996,0.058938720189494476,1.0827900236611795e-06,3.0283485399910264,2.8802379838019223,0.20533579898827437,8.284519785677335e-05,3.1292236450358315,1.8720060158287464,3.5478721489703275,6.240019988690815,11.826129473030297,13.956380453519182,18.99081567365332,2.108737432794063,4.11242997190315,3.9382978589329,7.496920543775036,5.946948885871152e-07,1.7628201287739563e-44,0.008644446146770299,0.004488516777084481,,,,
p,4000.0,250.0,242.5817220329129,212.7705881185416,6.796269160434459,269916.7669494249,565151.7640250934,429531.06344961823,136954.40644173726,1403005.906554372,835068.5309745183,55840.35337927911,38239.11305820338,1522915.7670411577,438902.3304388283,135361.26432555218,828294.6713610371,1403005.9065543718,932.3460404252104,0.9914097617596234,52.18203683148035,79.26439229232886,183.91847769921105,216.84655730129504,59.5,39.0,0.09761498921845753,2096.6368688274706,5794.36595947894,1986.212565132841,9897.905888649788,718.8452615066723,516.2078911229147,11081.847423083456,13.548548411910295,0.9824156705995579,89.22775504378284,165.48485468645913,206.08113881855655,168.5,141.74775173031693,3.1363069988722714,6.097419956544229,0.40772951254426815,0.006807711154747301,0.006821298309027738,2.8046377206169146,0.16288400282359716,0.5108542380599785,0.8600870987163411,0.06641261507252447,1.189330135886433e-06,3.056267143166183,2.9063080706046556,0.21905119341406198,0.0001102858763756796,3.149505194569608,2.2492701289710704,4.08426335547165,7.497566333229973,13.613896993899756,15.29925118697418,20.46732506710379,2.5758553750021447,4.819483600183141,4.70197590256073,8.529489292791096,7.127553742492003e-07,2.112780090650215e-44,0.007054785615947943,0.004129965477985238,,,,
p,4000.0,260.0,252.28499091422944,216.3922319198059,5.374761461116962,175260.66848456181,454697.336680685,415463.22863013594,135772.66414196487,1182650.483030744,629958.0051652468,57187.41101311784,39026.20700471866,1294930.5795206884,424351.15185721143,134309.23601979192,623539.8609787186,1182650.483030744,930.9236458089338,0.9898045060943311,55.4441777425839,93.02430887057803,189.4690140680705,220.51413462662626,61.5,39.0,0.11480371089353823,926.6723350785538,4384.367798024482,1572.7485422863783,6900.486391755927,597.4217326182567,428.27610967288535,7828.557795399328,10.854117761326686,0.979741613301533,131.34425666446208,171.10974266337055,209.47561488831366,170.5,171.3865394247668,3.0599917240758026,4.639799985853988,0.4211997413067057,0.006856488024979413,0.006901368826289005,2.833095102877323,0.1756878862365692,0.5376034779042728,0.7059256606970804,0.07399969223356488,1.2939857028427216e-06,3.080190504822749,2.9277668795635314,0.23068567270663337,0.00014667676777577857,3.165697191112463,2.6375581233951957,4.579699151866537,8.791855549574255,15.264991209155133,16.58230338462018,21.7764825497156,3.07190637355489,5.5042176756919385,5.476267979208166,9.4550846405014,8.455583575608317e-07,2.5064403971969425e-44,0.005834763939784011,0.003707238834240181,,,,
p,4000.0,270.0,261.98825979554596,219.95425183924064,17.54579208266845,111019.18897153517,361375.611428145,400254.7679598126,134223.32430516876,1008330.9508466701,472394.8003996802,58464.68369121053,39757.7872785743,1114829.4816331856,408644.0619031763,132892.7964117595,466342.2036097372,1008330.9508466701,927.2428934523696,0.9880639382883089,59.049281392011366,135.26127029569483,194.23484190741095,223.73577283637027,63.5,38.0,0.13311435515538309,387.18290634281936,3251.396082027682,1230.5281110841079,4882.46715758379,492.4277188631676,352.40573986202185,5613.305914137802,8.624099455082941,0.9771667810517447,140.8690655956539,175.1161557816636,212.1372530475674,171.5,206.5207851486435,2.9820060710893848,3.5194687871509447,0.4355776761890193,0.006908209867788699,0.007008453831652022,2.857778468060541,0.1874272009066529,0.5589090509909288,0.5712518628711936,0.08163910462553234,1.396383243202354e-06,3.1005712000152297,2.9484657416175546,0.24156482894662615,0.0001963098825379983,3.1800722166066717,3.02584779135604,5.0957319904604805,10.08613963636032,16.98449953047974,17.790574692121154,23.126240538500355,3.5848032324102483,6.2480950449974415,6.237104213787822,10.361700860210716,9.917378804650649e-07,2.939752016878718e-44,0.004842127630302438,0.0032245326589425494,,,,
p,4000.0,280.0,271.69152867686245,223.45949916950295,29.71682270421987,68400.02811654749,283763.84115807764,383979.60401043866,132321.6732651618,869921.5105162645,352163.86927462515,59667.61744868321,40428.68671456084,972059.9898510731,391835.01194755686,131139.037042004,346494.91051373695,869921.5105162642,921.3519868852587,0.9862222433892114,63.095176976366055,147.23173113922547,198.3213117856593,226.54090247168432,64.5,38.0,0.15210760012892893,157.68339655682914,2358.001972229913,948.3494254692238,3474.595836807753,402.3847387093076,287.5014445406641,4049.8173062244714,6.753970444613528,0.9747646447664495,145.8503805417107,178.06350794445848,214.26178000295673,173.5,250.36624441347843,2.9018647855289355,2.6614224305410463,0.4509285287612271,0.006962971100274289,0.007121816350836932,2.87931530647494,0.19809501742123042,0.5748449552434096,0.4565677766956822,0.08932669476068508,1.497071587239259e-06,3.117971698107844,2.967890653661059,0.2519199263192196,0.00026564040590268173,3.193123547442775,3.407471642114767,5.627279700678133,11.358181231895335,18.755378102679945,18.922868874029064,24.477913002825215,4.107098819494088,7.059057404832835,6.970045182590328,11.262349740801817,1.1495289953303246e-06,3.4074832161278217e-44,0.003994148661464545,0.0027105916381243763,,,,
p,4000.0,290.0,281.394797558179,226.91060494390763,41.88785332577135,40810.96861145002,219964.63458006733,366796.05411617254,130084.76634077268,759107.9159184876,260775.60319151735,60796.58015454244,41043.012092638106,857961.7998817912,374114.89371162676,129045.83280428397,255494.86830425286,759107.9159184874,913.2560539228876,0.9843134085676641,67.7818844934563,155.0754069389554,201.83386172108595,228.98628423360668,66.5,37.0,0.17136531395984161,66.24648043341334,1665.8693641105988,718.4174798621297,2458.778785962306,325.3112154630636,232.0339628394334,2908.770453104622,5.2084892101785645,0.9723590414666428,149.07138968741626,180.45331994183184,216.12274530187307,175.5,308.73371783277014,2.8196695465117427,2.0046590429227074,0.4673612588523893,0.007020468880502915,0.007249947775739139,2.898276082724305,0.20776452730875433,0.5858273104979019,0.3606864353133366,0.09710109102789104,1.5971472536952573e-06,3.1329247565867284,2.9874345984989232,0.262432729230435,0.0003652927950483583,3.2057915323847985,3.7789904350941215,6.2118852125807775,12.596500854053943,20.702538654926794,19.984225171395494,25.927480324022078,4.635243761534178,8.005489022010721,7.66811490256286,12.214674652719115,1.3173357556020785e-06,3.9049032216270964e-44,0.0032390372098640157,0.0021945092775049898,,,,
p,4000.0,300.0,291.09806643949554,230.31000304575375,54.05888394732278,23434.277421595605,168570.20798228827,348781.13376640884,127501.42320989471,669730.3856641988,192004.48540388388,61842.67420576291,41592.874127331736,766108.4835307362,355544.61049579503,126615.29711957833,187119.33646473696,669730.3856641988,902.9522074561842,0.9823777966539381,73.44087510825699,160.9306359903886,204.8400429926599,231.10011963063434,169.5,84.0,0.19037724125872887,29.872428859455482,1137.5891050218506,533.5309259079054,1707.3157209668327,259.85963303806017,185.0341950907668,2055.67462261718,3.9515587566008605,0.9696525517524033,151.68794833811833,182.77054040627033,217.9899476919204,178.5,392.2709651410803,2.735507769134782,1.5059007230672499,0.4850351678346099,0.007081899046489317,0.007406428689914318,2.9151585502229747,0.21650420786976748,0.5922489426781208,0.28234530819230824,0.10501215480101195,1.6980532641847855e-06,3.14583175072141,3.0089539856058294,0.274155984591691,0.0005138520960620266,3.219282621545082,4.1386052210584,6.920055791523131,13.795087219961381,23.060423170877936,20.983341123684973,27.63565664872629,5.167822507210027,9.223729723106143,8.326313338161011,13.322014564954163,1.4931381663507166e-06,4.4260242776546173e-44,0.0025492582649861684,0.0016985777103328788,,,,
p,4000.0,310.0,300.801335320812,233.65995029071655,66.22991456887426,12883.060466604249,127707.67959948746,330281.2000489057,124608.4810358819,596912.3630414825,140590.7400660917,62807.38357117314,42079.914411695994,691422.4958936196,336490.19464877207,123872.05755447513,136101.13474594697,596912.3630414824,890.44449679691,0.9804520282619851,80.91624283229625,165.53665378342365,207.41242646527758,232.92687497871603,170.5,84.0,0.2087550681660487,13.72857192716012,743.4219159138771,386.52745741693315,1148.4402778740248,204.6509728369853,145.4790972795216,1414.281615699212,2.933054393700003,0.96629216259881,154.44930210840224,185.35022485483367,220.05507926291287,180.5,519.7591677526999,2.6505515299058886,1.1282598013983303,0.504037791401111,0.007145938136750902,0.007588217440750202,2.9302578066620284,0.22439146481133163,0.5947611403534985,0.21924683900736264,0.11310177833276372,1.8007720096252238e-06,3.1570226952798452,3.0328931194335618,0.2878179810008379,0.0007446249302035459,3.2342362951703842,4.484419937510358,7.807581641911393,14.947608368209508,26.013805915309888,21.92281860637041,29.685628584707,5.703372364974627,10.875737991082342,8.94243537627812,14.67319078678968,1.6752878008836028e-06,4.965960047014026e-44,0.0019239679875657288,0.001245445666640034,,,,
p,4000.0,320.0,310.5046042021285,236.9625439532272,78.40094519042567,6709.2203081448315,95654.47697977201,311311.06178829446,121414.166796316,536506.326902554,102363.69728791685,63687.020728385985,42501.86433699485,629579.3661873875,316964.3258557476,120833.25500196606,98262.90214919577,536506.3269025539,875.8472175303135,0.9785497806713299,95.11603268160069,169.25753357739308,209.63326993377842,234.5130363664369,171.5,84.0,0.2263051910259551,5.539223339843658,458.1479376957978,271.49404755535244,738.6777775887837,158.59462900313537,112.52772454180398,938.105247713781,2.1210453148731254,0.9618448974258401,157.8920149793568,188.49751569765786,222.4988954844178,184.5,726.3063045619642,2.5640423189704777,0.8430951674662631,0.5245435718817485,0.007213715175426207,0.007812492885099755,2.9440533003663654,0.2315961445251599,0.5938223154729129,0.16909307315908118,0.12148226888326903,1.90748864515691e-06,3.166891134041768,3.060368175155253,0.3041458570456125,0.0011202671284481953,3.2511275243635005,4.820519894586193,8.96817445398308,16.067670341587373,29.872389324297107,22.82121244797404,32.2505424906957,6.249280977024843,13.273626456826014,9.523519662892518,16.373671045794012,1.8639109174599363e-06,5.525084789859581e-44,0.0013768295741327767,0.0008539469428829522,,,,
p,4000.0,330.0,320.20787308344507,240.21973712355557,90.57197581197717,3278.5060668611363,70880.94902473266,292120.56843908806,117930.26765846334,485609.9642953179,74159.4550915938,64478.50037464359,42858.91671733663,577552.4673483506,297228.6657783817,117498.14589164054,70441.37320279855,485609.9642953178,859.2332059397706,0.9766858725541782,127.13289476762112,172.31562924269943,211.5570111908791,235.91054414024757,172.5,85.0,0.24284976901080527,1.6455899606920206,261.1633074244701,183.1693083562708,448.47744281851715,120.49753732372353,85.3727812558915,595.0784794955738,1.4853461717003615,0.95558040101716,162.3622662958922,192.3651605203014,225.44590208753547,188.5,1082.7968542708334,2.4770618623973237,0.628841573618456,0.546751072942352,0.007285942981391234,0.008109143311341825,2.956780765217555,0.23817749453709716,0.5899803881991902,0.12970593846287135,0.13022380068887907,2.019646857979502e-06,3.1756262287605104,3.0918849951147647,0.3230551400405986,0.0017636968929982794,3.269496741849775,5.147381219646099,10.49219444503893,17.156852779101076,34.93227779660044,23.685796140976187,35.50120477963157,6.8086014322561965,16.93679837117207,10.069593938633004,18.45920018676088,2.0592658172719496e-06,6.104164173678415e-44,0.0009235342678137077,0.0005378046717048968,,,,
p,4000.0,340.0,329.91114196476155,243.43335221500595,102.74300643352859,1492.0895477814026,52032.25393716346,272786.1613944235,114191.01172207735,441880.36048972345,53524.34348494487,65177.84217251174,43147.389899391055,532896.4589000341,277356.5035430389,113914.155229748,50172.92846383326,441880.3604897234,840.6823553434106,0.9748587175014202,135.23390861023566,174.8840565574143,213.24923796046068,237.14519502672638,174.5,85.0,0.2584206539424443,0.2976810369754097,133.60644005275458,117.11424142401137,252.73518276868035,89.36716062022599,63.23806588343973,357.96093287071346,0.9960619632728618,0.9465661669571925,167.9973918669095,197.1405310631007,228.96205276165574,193.5,1748.3927470998806,2.3888584336072034,0.46872641443281504,0.5707790936395605,0.007362071170623279,0.008505045596176692,2.9687113742024924,0.24428571036944172,0.5835639794257675,0.09915974099274359,0.13943317635376612,2.1392726685353663e-06,3.18350682709894,3.1265910537463517,0.3433333342063781,0.002931610451741236,3.287935827757742,5.469146318643899,12.417440242115607,18.228951856346338,41.31198134852762,24.529009656623384,39.50810107419165,7.390548086527458,22.82711222142811,10.5895107329198,20.83386194337051,2.2630559975368185e-06,6.708247778080807e-44,0.000571953871153226,0.00030235885547092963,,,,
p,4000.0,350.0,339.6144108460781,246.60509288650175,114.91403705508009,623.8685444544748,37822.1646792191,253535.21452423892,110223.29738982646,403559.59660877765,38446.03322367358,65785.74756601796,43368.79899380491,493780.88492917776,257588.35763172913,110089.23521830719,35451.208620302656,403559.5966087776,820.2870414195964,0.9730563728444653,140.18846683556717,177.0819164702582,214.75900544812058,238.25604585280323,175.5,85.0,0.2731276825432059,0.02571675011537075,58.86281625396393,69.41786056443216,129.42816910459354,64.31427584052467,45.45079465047929,202.8434891638573,0.6313129574108091,0.9329371938762757,174.8374635548443,202.8837903180094,233.13305314689384,200.5,3118.0198205743986,2.3001962427921345,0.34880133451008627,0.5968406781857892,0.007442047741671974,0.009094387990030865,2.979982261525483,0.24998025310110303,0.575003638955384,0.07550952413453413,0.1491983837939176,2.267943883197383e-06,3.1906655819951792,3.162365585517894,0.3595272633352643,0.005179175221073817,3.3018109625018615,5.787009989547012,14.547016205627425,19.287941279910324,48.35925257768627,25.35611914248859,44.16760747701809,8.001251378891933,32.76177108501181,11.085620158022532,22.830274862422524,2.4779487550371127e-06,7.345242118740535e-44,0.00032071637049946045,0.00014585904225448824,,,,
p,4000.0,360.0,349.3176797273946,249.73655460201488,127.0850676766315,236.17778401965617,27335.57712541401,234449.83050899347,106046.26102744983,369396.24869251566,27571.754909433665,66299.47803750573,43521.84779137351,458899.71311487805,238003.9464473514,106052.58277291287,24915.817535708004,369396.2486925156,798.2327122076118,0.9712644645353131,143.74739790378615,178.99998606647466,216.12934219721188,239.27309472521574,176.5,85.0,0.2870799619725495,0.0007820026429317251,21.047216022639347,36.881588997589255,58.613434935182234,44.45959442292693,31.372774839471646,107.99152689389956,0.3666203666352276,0.9119995936404447,182.84655134260325,209.59735370268515,237.8651309339234,207.5,6302.245365776858,2.210825994594064,0.2599974260506627,0.6251939238135351,0.007527212222984374,0.009940471020898572,2.9907897754216908,0.25533108833883567,0.5644926073274911,0.0574897787071309,0.15963144499013704,2.4077330578656027e-06,3.1972335132599623,3.1901222133692837,0.35939268779299727,0.009744501187746786,3.301634077026374,6.1041232823011615,15.878456726283432,20.344313122843726,52.7859919379847,26.178295436855127,48.19504181883988,8.651174746985706,49.55531031940523,11.561841460135636,22.803602320365975,2.7071200737406432e-06,8.024561583732163e-44,0.00015867360630392294,5.697734099124268e-05,,,,
p,4000.0,370.0,359.0209486087111,252.82923401262397,139.256098298183,81.1710481646839,19655.501115228155,215771.71086962835,101665.89775546925,338473.55737356364,19736.67216339284,66720.66718658252,43607.7511694491,427299.0879760472,218854.21213646402,101807.50292470539,17395.52004437274,338473.55737356364,774.4157631672366,0.9694691168644497,146.50573178151964,180.7006970908061,217.3848102277459,240.21613816036452,177.5,85.0,0.30036584997764976,6.08118250478933e-06,5.616232372231905,16.630220934385573,22.62242140054574,29.23952876738738,20.621050339945704,54.375569481089826,0.1885174444325305,0.8789094948625151,191.87346496480674,217.02431352626297,243.1324486982135,216.5,14961.86245409602,2.122360748622029,0.19413266984435867,0.6562738210118564,0.007617261837690071,0.0113358352349211,3.0010738785710336,0.26027675807909917,0.5524011751256716,0.043757440203789584,0.17081282254514896,2.5601186221276172e-06,3.203172156751704,3.1970983702096443,0.3222864920125395,0.019379567672860074,3.26850144507456,6.4163946801949,14.55911543622631,21.38443628403432,48.47398742337999,26.98817165142069,49.24285212935402,9.341310587495837,77.88143421295703,12.01067727771463,18.339368911170183,2.954440541115383e-06,8.757679534656182e-44,6.683659892396857e-05,1.659282460884656e-05,,,,
p,4000.0,380.0,368.7242174900276,255.88453731778162,151.42712891973443,24.72999590692561,14101.473300313046,197592.4264452965,97144.99389289535,310130.9103068003,14126.203296219972,67045.91017771869,43624.98781349722,398286.8020049473,200231.83759540724,97410.39406410191,12080.974238225926,310130.9103068003,749.1077371317687,0.967651362311627,148.76582091656255,182.25805300841583,218.56101410559327,241.10475877695438,178.5,86.0,0.31323867007256273,7.185038718414064e-09,0.9562112121253591,5.877797125164681,7.009168174011929,17.862524962146836,12.569577778813876,26.088754206973523,0.07922498917260917,0.8275958050614715,201.74799017655795,225.0145185626146,248.64355767635985,225.5,44246.46443163977,2.033994944331839,0.14541360012636828,0.6901633063216658,0.007711233560400216,0.013478687250606577,3.0109406729266928,0.2649098119212089,0.5388252181516372,0.03335960987258697,0.18283103167259218,2.7269527878428633e-06,3.208624793494143,3.155560613377485,0.2373967343669201,0.04038872545473724,3.173889827201485,6.7264981479281385,9.401658772704128,22.4172140703982,31.336967385151073,27.79143271973363,43.13221244708624,10.083671305371714,122.54058193375506,12.438728620975803,9.96315129846716,3.2244447965884455e-06,9.55803774444903e-44,2.26006758471061e-05,3.0832502673771443e-06,,,,
p,4000.0,390.0,378.4274863713442,258.9037877383415,163.5981595412859,6.704542024248909,10117.272862032205,180064.25065317538,92504.58455555176,283925.68861239386,10123.977404056453,67274.19472453595,43573.79234604146,371401.3516492448,182281.77149264194,92895.24945584232,8350.336718399198,283925.68861239386,722.5798556380199,0.9657914853714746,150.67101292079894,183.69325311093016,219.68365081306604,241.95400978466256,180.5,86.0,0.32580561839135314,7.826198418741736e-13,0.08047055161056675,1.4510886923305957,1.5961293841099544,9.905880741357414,6.956926209635215,12.063836043196579,0.024873284840211975,0.7423087193816114,212.41373110928913,233.60765982983182,254.6341240565238,234.5,177883.88049175515,1.946544071499953,0.10944298007172502,0.7272525469711806,0.007811286966043171,0.017141119610175556,3.0204405459666064,0.269178574916004,0.5239679591775535,0.025512104885291712,0.19576080419773662,2.9098944253336356e-06,3.2135564328192014,3.0302675203294167,0.12639675720352414,0.08710477717286744,2.9697773770431346,7.032799291733174,3.4016626766866764,23.437213672942068,11.338875562448115,28.58995851923851,29.236892568040737,10.885409817964534,189.03569912918437,12.839571596314997,2.837120068293708,3.522048339082018e-06,1.0440206946118995e-43,5.621644846264469e-06,2.8342117264501045e-07,,,,
p,4000.0,400.0,388.1307552526606,261.8882322140214,175.7691901628373,1.6214482873466116,7288.2323272137255,163229.2470219847,87759.85429187263,259475.22335704154,7289.853775501072,67406.42143832632,43455.55509625538,346243.58170809434,165068.8335748973,88252.50396937857,5765.584100720742,259475.2233570415,694.7980182062004,0.9638650766896666,152.35558039120173,185.0573884826711,220.76646696549253,242.77583672560488,181.5,86.0,0.33822055592226563,4.8420189317887884e-18,0.002187253005329942,0.2091783882528522,0.22722298471330407,4.788981925488397,3.349526817045719,5.257914124435976,0.004610553668280525,0.6120946555697763,223.03512502674363,242.06412073332228,260.7599512369498,243.5,1141940.9162520743,1.859953487150459,0.08306592842846344,0.7680780919957472,0.007917037053131765,0.022041252477322592,3.029551152409061,0.27306224777223764,0.5078830799531161,0.019642758466548862,0.20973313026497026,3.111471070406343e-06,3.217968369810188,2.7343320843462586,0.04146333138375431,0.198219958237913,2.5727124194498763,7.3328833042360895,0.47795471716414994,24.436406355038216,1.5931823905471665,29.37973910633538,12.349497247560073,11.75577761212054,265.132499504177,13.209599140979313,0.31125153818755946,3.853932514489008e-06,1.142399227210181e-43,8.757020488258413e-07,8.429525474654861e-09,,,,
p,4000.0,410.0,397.83402413397715,264.8390474214673,187.9402207843888,0.3450877441267405,5264.479418179582,147197.69404713847,82955.30219899784,236575.33506032004,5264.824505923709,67441.39200615279,43269.256606487696,322600.441049853,148686.54967616076,83545.201958762,3966.110497138956,236575.33506032004,665.9093835327824,0.9618570350765899,153.8781551032363,186.3739126621922,221.8230292240706,243.57740579944752,182.5,86.0,0.35065068037564684,6.269791119039357e-25,5.234123477268832e-06,0.012701401735081325,0.014373531228797596,1.9179970870674965,1.3345940293141354,2.0240274070180377,0.00034502861854485655,0.4465170903494659,233.6340766180161,249.70972957116808,266.1631087041539,249.5,16459096.327445105,1.7744217686535861,0.06346579864532531,0.8129847064431227,0.008027327559308524,0.027164609524308332,3.0382097178028964,0.27653318238851315,0.49068649858523017,0.01519864576974286,0.22481724810590784,3.333520282105052e-06,3.2218523795595084,2.065994826831382,0.006278878071947267,0.49434528589116106,1.7507659964368554,7.623031121292341,0.01509821139013566,25.402427704466675,0.05032737130045221,30.152814433584805,2.203139209043044,12.70238537382722,333.31631580838086,13.544571786627902,0.008252015065745603,4.226983340190676e-06,1.2529805550848887e-43,6.075667704383786e-08,2.2124552738916245e-11,,,,
p,4000.0,420.0,407.5372930152937,267.7573451953003,200.1112514059402,0.06487498977614828,3831.7155363388133,132065.61135470576,78106.92723978272,215121.11452443662,3831.7804113285893,67381.38969663763,43017.30175650318,300364.94680217816,133248.23720296082,78773.29182183744,2733.588718105135,215121.11452443662,636.1749439698748,0.9597541507685226,155.29653149192683,187.65117018665285,222.8617847542702,244.3696340173248,184.5,85.0,0.36308350025264574,6.7652142365264544e-34,1.2276222662102916e-10,0.00014252757217071355,0.00019484305702441665,0.5585733676293485,0.38279496225659626,0.5851145070071345,3.6377939967567807e-06,0.16902482751039272,247.0166232659654,260.3564001712516,276.15166984380033,259.5,1104073800.7794592,1.690830967518076,0.04905813794934341,0.8626813533424706,0.008144923458797233,0.025523440421756315,3.046393037386154,0.2794616949005331,0.4725224879729097,0.011872747749069325,0.2410863931641725,3.577937383743257e-06,3.2250854804175093,1.6858739404357614e-07,7.257201832363626e-18,5.091788011144436e-14,0.0,7.8972600749480435,4.591538587576088e-05,26.315410786766417,0.0001530512862525362,30.904132064802212,0.0021388385225959475,13.731082615497428,313.4418193483709,13.83017854307748,3.693297614151392e-05,4.648544157139932e-06,1.377941422898314e-43,9.057365542901346e-10,5.706656312766733e-16,,,,
p,4000.0,430.0,417.2405618966102,270.6441774229777,212.2822820274917,0.01080180857575925,2809.3917700718785,117862.4426744237,73283.94425190976,195030.23269353597,2809.402571880454,67223.59721782798,42698.041212792836,279447.0668005509,118759.73940035593,74026.92758785437,1889.647835376525,195030.23269353597,605.946792377673,0.9575319943896486,156.65385752560672,188.91870648120175,223.89388398140184,245.1580191509382,185.5,85.0,0.37575684159217365,-1.6035180312533825e-48,-2.548140466500165e-20,1.1022873752210712e-08,7.394430568063293e-07,0.09978778589899039,0.06609803014512208,0.10449063455036883,6.575538361151872e-12,2.6259691591585975e-05,284.5289686778537,297.7183865307146,311.3917974970639,297.5,263752875760.1374,1.6082982961353398,0.038335853788427084,0.9173032088277119,0.008268479522537191,0.0005965357590921426,3.0541219938020605,0.28189979411160854,0.4533789585506031,0.00935874880518358,0.25858758570644985,3.846678791504352e-06,3.227746467379719,,,,,8.155525276901876,,27.17523549629037,,31.632743647031905,,14.859331868444903,,14.069969660447509,,5.127410177330644e-06,1.5198889451619772e-43,3.791427855025254e-12,-1.3065361361201e-25,,,,
p,4000.0,440.0,426.94383077792673,273.5005404745761,224.45331264904314,0.001584399000929776,2072.809417788205,104597.7213234705,68485.7819794228,176187.1032470355,2072.8110021872058,66971.82701214518,42315.261512395606,259731.8326527055,105252.55659852091,69283.33444056482,1309.8096867691852,176187.1032470355,574.9413504836007,0.9551825989372209,157.9770511926399,190.1869628330608,224.9219054007739,245.93886326872607,187.5,86.0,0.3887105282808214,5.734591850302993e-70,2.0092674988148808e-36,1.2368313778043373e-18,6.064619887004244e-13,0.00685582758720614,0.004091012765208667,0.007178877055030425,3.073388977956193e-23,1.2703101059832833e-10,316.08602795179996,329.0617212374676,342.14523587233214,329.5,2.9051631681745363e+17,1.5272910420282253,0.030266296773978598,0.9778938792327362,0.008395046882232391,2.4848892364068025e-05,3.0611447209848595,0.28371845580037,0.43332065600198605,0.0074364346477187315,0.27744654135254543,4.142735142976332e-06,3.2297110582788746,,,,,8.385680228622787,,27.941516525629904,,32.31115872315229,,16.08896049240234,,14.249795608547535,,5.675784331375718e-06,1.6824403669753903e-43,3.4421474530408266e-18,1.140416898731598e-41,,,,
p,4000.0,450.0,436.6470996592432,276.32737922039183,236.6243432705946,0.00020314227711430106,1539.5297608067806,92374.42337011777,63746.201000387824,158645.94244644887,1539.5299639490577,66625.81147554687,41868.1559189374,241273.33234282932,92817.28910003454,64587.59764717541,912.7488380816189,158645.94244644884,543.8572615577289,0.9526911025016427,159.2828046733236,191.44320914788818,225.94548781444757,246.71499164804698,188.5,85.0,0.4018142539126422,0.0,0.0,0.0,0.0,0.0,0.0,0.0,0.0,,,,,,inf,1.4490969174705137,0.024150928836366128,1.0451730523539988,0.008531602715500177,,3.067544071435955,0.28474378803527006,0.41262134551078716,0.005955332148604553,0.29760653407966325,4.46683541241207e-06,3.2308050142122067,,,,,8.582084887748183,,28.595575869249387,,32.94305892410415,,17.42745537955464,,14.350971816427528,,6.3033443186708114e-06,1.86846439355568e-43,0.0,0.0,,,,
p,4000.0,460.0,446.3503685405597,279.1255906822863,248.79537389214605,2.3039888624448586e-05,1149.4562216957784,81103.52906855226,59110.66175004158,142303.758367031,1149.456244735667,66186.1080597942,41358.364763879006,223966.22196556334,81366.58568778525,59983.33903515895,638.9855977284141,142303.75836703097,512.592367088026,0.9500323469531093,160.59948749522573,192.72235535514673,226.97452961926257,247.4910199735799,190.5,85.0,0.415383700531527,0.0,0.0,0.0,0.0,0.0,0.0,0.0,0.0,,,,,,inf,1.3720626138734644,0.019445836177512568,1.119698309920336,0.008671741305411209,,3.0731727856472575,0.2850586856851357,0.3911183653884816,0.0048004150994336294,0.3191797285897587,4.822458034568276e-06,3.2311284875032102,,,,,8.74084408903129,,29.124448441956826,,33.509853674439796,,18.89622633471162,,14.38103497959608,,7.027221286881208e-06,2.0830391132659576e-43,0.0,0.0,,,,
p,4000.0,470.0,456.05363742187626,281.89602735877685,260.9664045136975,2.2594492495529115e-06,859.5418203525925,70822.92128696817,54576.82868971859,127152.86450526539,859.5418226120418,65655.8111284218,40788.71968662337,207803.90899492026,70927.11679110599,55475.31634131478,449.3733306832289,127152.86450526537,481.37592714393986,0.9472070932254308,161.91516463173534,194.00253860413545,228.00605777253105,248.27321245500795,191.5,84.0,0.42922217208451935,0.0,0.0,0.0,0.0,0.0,0.0,0.0,0.0,,,,,,inf,1.297673811162833,0.015749207919330165,1.2029979151351884,0.00882015204438992,,3.077931343026513,0.2844212492443037,0.3690860064825496,0.0038791685326269275,0.34215816986104314,5.21139201512242e-06,3.2304221908937873,,,,,8.849454847093458,,29.486588332921368,,33.99683944244718,,20.49556827286562,,14.315490137743367,,7.864549523841754e-06,2.3312435452918835e-43,0.0,0.0,,,,
p,4000.0,480.0,465.7569063031928,284.6395002588103,273.13743513524895,1.97995261285473e-07,642.2750405331265,61469.29038226101,50176.60082489361,113134.70969490641,642.2750407311217,65035.48934661632,40159.60632469699,192726.7458845812,61459.777088723116,51071.5247014324,316.28571297470717,113134.70969490641,450.41280615194876,0.9441766411013003,163.27273562363266,195.3065372846249,229.04536887722423,249.05835164937398,193.5,84.0,0.44351199521531703,0.0,0.0,0.0,0.0,0.0,0.0,0.0,0.0,,,,,,inf,1.22505887947206,0.012800289979238216,1.296131827932651,0.008976550797528118,,3.0817969544861787,0.2828346278823696,0.3464890723094728,0.0031352363091536545,0.3665909632398269,5.636783345874831e-06,3.2286815945402725,,,,,8.905143559835121,,29.67274376012737,,34.39742726815548,,22.252395862044494,,14.155288606129716,,8.839020338645217e-06,2.6201003692204556e-43,0.0,0.0,,,,
p,4000.0,490.0,475.46017518450924,287.3567816748202,285.30846575680044,1.433857463341022e-08,478.14803407767835,53071.875440480406,45950.227613719,100299.80942854588,478.1480340920169,64326.75402821474,39472.9268923807,178789.80572760856,52957.005777864215,46848.11594638902,221.93742776232875,100299.80942854588,419.81992592591206,0.9409627796891725,164.63564682682033,196.62072652442708,230.0792064805249,249.83764303615305,194.5,84.0,0.4581287629111019,0.0,0.0,0.0,0.0,0.0,0.0,0.0,0.0,,,,,,inf,1.154986127307782,0.010405781623359358,1.3999224240841237,0.009136405796618289,,3.084478765481993,0.28020808673510306,0.32363645293849974,0.0025250690822697353,0.39226958403017986,6.098078318363837e-06,3.2257881972336033,,,,,8.895460074122964,,29.641412461062632,,34.677200460941926,,24.154100084925133,,13.893125152817902,,9.970108674158601e-06,2.9553824312542448e-43,0.0,0.0,,,,
p,4000.0,500.0,485.1634440658258,290.04860772193905,297.47949637835194,8.789395405072787e-10,352.8790545326496,45558.43792297618,41903.595559544425,88567.52134838892,352.8790545335285,63535.54895192473,38734.53793382882,165914.44946744083,45364.80997312535,42790.095733259244,154.00447394710838,88567.5213483889,389.85185762533155,0.9375477565719416,166.0396268929454,197.9505966495542,231.11622467091775,250.61154985944512,196.5,84.0,0.4731259825451429,0.0,0.0,0.0,0.0,0.0,0.0,0.0,0.0,,,,,,inf,1.087220256749526,0.008421211827326185,1.5162314379834445,0.00930354191375672,,3.086000546952737,0.2764774329306621,0.3005918656163243,0.0020162861744077542,0.41920377570242917,6.59794056425997e-06,3.221634364189341,,,,,8.818202546923349,,29.385183461420237,,34.83521293081587,,26.226746375631535,,13.525613938326213,,1.129082066174578e-05,3.3468735506016896e-43,0.0,0.0,,,,
p,10000.0,100.0,98.79156063132233,152.62933010928845,183.82344331285947,9717550.309936255,1338158.287412869,181474.55921810938,45372.4821735956,11287250.989538532,11055708.597349124,12886.221992024253,9168.621648674458,11783898.647399152,186109.35195155183,44435.49241570407,11056581.412567342,11287252.355270896,285.9636427330317,0.9996798830408045,18.58739015553887,31.884618009846186,52.21594681618392,71.08495674657567,25.5,35.0,0.004019799171263987,2311917.5275492487,42984.097627212635,10322.736982074215,2365704.67322664,2608.628843114201,1892.2325469894947,2468213.893520227,63.76882523545349,0.9996620303622383,19.98523598863463,33.64438345501139,54.15167735447136,27.5,4.771200360416748,3.9996612599633803,243.66550093181735,0.2840096325945191,0.006302578766551315,0.006177511385419413,1.7397883112466128,0.012663777010335482,0.0506508183130537,2.6722383426779888,0.0035966346559642977,2.7910699180802444e-07,2.135359727447688,1.768731538091723,0.013740754261120322,1.331115409118881e-06,2.1692217392147866,0.015450706461918243,0.017571719059507752,0.05150235487306081,0.05857239686502585,1.3273683353630537,1.4046378189170279,0.01555424813397766,0.017685217595828032,0.03325139464275474,0.038655567940096495,8.859553144754549e-08,2.6261867917884615e-45,0.20959086277245614,0.003808198973076083,,,,
p,10000.0,110.0,108.67071669445455,157.91152499265786,171.652412691308,7835871.129777009,1286297.597081106,185439.50094284106,46902.510962573215,9356240.657230353,9122168.726858115,13583.299553391967,9643.495744085183,9764591.186011149,190145.6678296417,45956.4381461406,9120007.482560633,9356240.980607409,296.8376977877793,0.9995986432996784,20.48380472452045,34.14955932463449,54.74529215526314,74.6343878834872,27.5,36.0,0.005012965429264339,1573436.046642316,37629.590406589035,9137.702965527642,1620343.1603278406,2335.442092986593,1693.562848883871,1690536.7924886206,56.61414931824229,0.9995616364136023,22.18993915857395,36.22350787643321,57.08883607886476,29.5,5.774234055048762,3.9537222450801446,194.49211864450774,0.28960708658500245,0.006328823163106274,0.0061956653145567855,1.847995588650775,0.01588742311634725,0.06281445819210263,2.67592145175229,0.004601110322068547,3.3873289063404155e-07,2.2270552825624095,1.890908591567847,0.01782361584238881,1.9505575864776005e-06,2.273422149807211,0.02318889544264706,0.028071002927181836,0.07729631814215687,0.0935700097572728,1.6265046586766303,1.7717574670549232,0.02338656975598841,0.028307633238493696,0.05017833176838947,0.062218801620333296,1.0688053424825237e-07,3.168198697563443e-45,0.17318314264134124,0.004021870726199148,,,,
p,10000.0,120.0,118.54987275758678,163.02265806139795,159.48138206975656,6250267.987245032,1223698.1374356863,188752.3810206325,48320.27848565812,7711843.041868809,7473966.124680718,14287.239410373306,10118.879594241334,8049707.345466693,193512.1437803479,47367.92069638454,7470826.320585189,7711843.118904563,307.0878514689558,0.9994955544846797,22.4185394127499,36.43106138255295,57.355187210468344,78.99120288260383,30.5,37.0,0.006265723799527522,1056798.480505113,32712.934797804148,8045.012271251099,1097637.4518720428,2083.633785484011,1510.294217487065,1145646.4954269447,50.01940225123457,0.9994277714522668,24.49500523415953,38.87380127152013,60.18914641477454,32.5,7.0258563323582885,3.906276762801685,154.67555980454577,0.2956779194601265,0.006355258311685893,0.006217442629637646,1.9516493001242372,0.019853958276694568,0.07755505586588618,2.6594185479387944,0.005870377076301209,4.108825300455873e-07,2.3154890256691414,2.0083721117315956,0.02305496164880237,2.865745989125388e-06,2.37414633685416,0.034900447840741936,0.04517743779850859,0.11633482613580647,0.15059145932836196,1.9913739623094193,2.237798980009487,0.035279089854631566,0.04567599700461524,0.0758047467224294,0.10063004012410615,1.2967068890936224e-07,3.843754249586503e-45,0.14233140455696472,0.004241908791478312,,,,
p,10000.0,130.0,128.42902882071903,167.9783449058245,147.31035144820507,4931554.326012355,1151957.5636997134,191408.4699105601,49629.792471599496,6325099.186860465,6083511.889712069,14989.883557991721,10592.198747938455,6605200.636163307,196200.2137989848,48677.11172132067,6080080.203516008,6325099.200287706,316.8008019763962,0.9993646699345218,24.385302089774484,38.74404824004825,60.087244826024566,85.16353712605333,32.5,37.0,0.007846484459041946,700372.3797032796,28235.246950036588,7043.146014401127,735715.5315692473,1852.5902404762235,1342.0371402274227,768376.7765902602,43.96650898859023,0.9992486734322015,26.873931950604977,41.596190173860336,63.55042686575345,35.5,8.597207637263441,3.8567251720847517,122.57782244794477,0.3020339761962462,0.006383278796857443,0.0062424531450422675,2.050712296072298,0.02470620083141123,0.09528502665308491,2.6226223708266083,0.007462112073814138,4.978098759036577e-07,2.4004583581005137,2.1205636381918263,0.02970526365919188,4.2176129244592544e-06,2.470861037696373,0.0525512711599012,0.07291958668018149,0.17517090386633738,0.24306528893393833,2.4351301946641417,2.8264040571056035,0.05327626578984761,0.07397510379826158,0.11437988966094725,0.16286326673635848,1.5810028751444154e-07,4.686476620936705e-45,0.11631683706993819,0.0044640006608420435,,,,
p,10000.0,140.0,138.30818488385125,172.79196067293412,135.13932082665363,3848844.7641896047,1072593.3899988316,193376.17616108467,50812.29925968958,5166131.624018295,4921438.154188436,15696.744486114174,11063.238215869913,5398577.736627727,198181.89643135018,49862.63760661652,4917940.567448565,5166131.626946755,325.82391344410837,0.9991988808440132,26.383180664683408,41.08246707742754,62.98068692826707,104.79037526537354,34.5,39.0,0.009835657114010387,457472.8567982648,24210.167671107632,6134.8607649729665,487874.0211276378,1641.4610993054005,1188.2858493243143,509978.5288810647,38.47094498772908,0.9990073975358673,29.377891260013097,44.456091260762356,67.35276348342543,38.5,10.589068899544312,3.8056962384792907,96.85525406036315,0.3089162410441583,0.006412304071872438,0.00627087499807318,2.1447707738149564,0.030581336238839626,0.11638327629182238,2.5650600367351633,0.009447071437009836,6.018490933178538e-07,2.4815603560415744,2.227495985104592,0.038113927408815994,6.2126801029336716e-06,2.56348091052248,0.07887014583180237,0.11774629798629169,0.26290048610600786,0.3924876599543057,2.970195498926645,3.5678324737259484,0.08025185003386562,0.11998414633139791,0.1717843585508823,0.2631812117182307,1.9356843239355658e-07,5.737838603746415e-45,0.09443700947521776,0.004686324204081467,,,,
p,10000.0,150.0,148.18734094698348,177.47506582360657,122.96829020510218,2971732.540494317,987632.381846565,194657.9487368655,51870.26850275362,4206397.183089885,3959364.922340882,16397.987062221546,11528.449977940509,4399599.925293773,199456.70764397844,50929.729184020005,3955859.6675791396,4206397.183535517,334.19761965000066,0.9989894078113183,28.399923487044433,43.450302920585344,66.10949948979753,142.48481903321317,37.5,39.0,0.012331281675272372,294523.1434449521,20592.581521218868,5312.256410093615,320476.92215066217,1448.803269621337,1047.9320403938466,335397.56116367574,33.47335315682511,0.9986838220618235,32.0061015992197,47.45240943948337,71.87817594319286,40.5,13.125429297253358,3.752784675223568,76.3320691530774,0.316134609200086,0.006442951411216605,0.006301155398527766,2.2336038123763644,0.037612093439253855,0.14115008786190877,2.486293722465918,0.011890484460615637,7.251185414098475e-07,2.5584791399236577,2.327988471211807,0.04854230650601663,9.137794330443698e-06,2.650959165644568,0.11758832169195133,0.18868887985111096,0.3919610723065044,0.6289629328370365,3.6092798471920577,4.4853088215534695,0.12019564976701635,0.19338929148027026,0.25597240162558293,0.4214499925953489,2.3773313752208059e-07,7.046987760331505e-45,0.07618798420629648,0.0048955390147185805,,,,
p,10000.0,160.0,158.0664970101157,182.03773319010034,110.79725958355073,2267317.084521097,898673.881583014,195244.032766376,52796.85436440086,3414546.4563389155,3165990.966104111,17094.7369239568,11986.190841515378,3575526.767945216,200015.49340646664,51869.86557671791,3162505.6837478545,3414546.4564221827,341.8314204217202,0.9987247083353843,30.454868323680486,45.87465605941605,69.61840999198414,156.48820115635712,39.5,40.0,0.015462333003666251,186444.68083979367,17389.616771290366,4571.856389619001,208448.62089385782,1274.2326666633803,920.8294707852567,218512.03428573412,28.97224071725017,0.9982462372371059,34.803868280771,50.68191158699679,77.90384921275412,43.5,16.380758201694242,3.698023965950943,59.965522647478636,0.3237832467436394,0.006474465657791265,0.006337084599384058,2.3171858508191043,0.04593814315170268,0.16988035432628168,2.385574325231306,0.014874001139032377,8.700924269965071e-07,2.6311561728372928,2.4219904928797966,0.06126242123814984,1.3399900613075729e-05,2.732920112117887,0.17375153534778728,0.2988347499907387,0.5791717844926242,0.9961158333024623,4.365466967888172,5.607315456347036,0.17861028068019352,0.30856470419005555,0.3776615612816528,0.665795484694631,2.9286466381019815e-07,8.681220139587737e-45,0.06104723527977912,0.005092804269512137,,,,
p,10000.0,170.0,167.94565307324794,186.4888029370311,98.62622896199929,1707989.8916041472,808055.1859423385,195133.28325981103,53580.55279755027,2765285.1820600224,2516045.0775464857,17785.139312252344,12435.875230652251,2899981.7924971944,199857.7234879838,52671.43325840962,2512596.582571884,2765285.182072268,348.6880099499275,0.9983912613517177,32.5476902637327,48.373225769860966,73.78879405361654,167.2246873329619,42.5,40.0,0.019376139989161982,115935.56971014105,14565.538342539365,3911.864608917465,134449.66352795745,1116.5466505735503,806.2417329926576,141258.7683789647,24.9505776734753,0.9976550745118601,37.79787961790019,54.2285413935809,88.83220145262423,46.5,20.567438471015652,3.6418676753318717,46.95817691641137,0.33193273274824237,0.006507734462304198,0.0063781802715252725,2.3953167259898707,0.055641184790263594,0.20263783230482837,2.262692246924464,0.018469130520782133,1.0384585803080318e-06,2.6992818168180612,2.5088469878435298,0.07639409526902283,1.9528818838687634e-05,2.8087127586944822,0.25357388237721845,0.4645402315288729,0.8452462745907282,1.5484674384295765,5.247939586844197,6.949036026870398,0.2624733392143038,0.4841867641521723,0.5498198985187032,1.0308159340669647,3.616263546659016e-07,1.0719483710625809e-44,0.04862054170767228,0.005267282534558929,,,,
p,10000.0,180.0,177.8248091363802,190.8360839484595,86.45519834044782,1271291.0123338108,717799.2794962866,194324.71169804537,54222.94895498474,2238175.322743125,1989090.2918300973,18464.478966067756,12874.1620625276,2351668.2285617436,198982.45931023703,53335.98170660166,1985693.700507175,2238175.322744886,354.72460480462524,0.9979747397587264,34.68470766989962,50.96628338941034,79.18949633125271,176.26295022564585,44.5,40.0,0.024226408183487914,70726.75000401518,12103.272288980083,3326.6982477576785,86188.24085169013,973.2565767411132,701.7346618236198,90831.1381462749,21.348143746435692,0.9968647336830865,41.04404654544606,58.2164951814523,139.1138395700909,49.5,25.968453476089653,3.583809354584744,36.68355060292676,0.34052885949446887,0.006541964456767437,0.006417216758636031,2.4675023069637434,0.06669924429452447,0.23903737564644986,2.1188985794189703,0.022713017588757375,1.2300925268726604e-06,2.7623806632153927,2.5872118142028584,0.09375296112761829,2.8181985303539736e-05,2.8774126815389045,0.36373949433583935,0.7017270080966327,1.2124649811194643,2.3390900269887758,6.256126548697267,8.492410899414963,0.3796464342013937,0.7398204356137177,0.7862336652627453,1.5504828276453841,4.467925232838294e-07,1.324401585662974e-44,0.03850826160752106,0.0054076515659846605,,,,
p,10000.0,190.0,187.70396519951242,195.08651478941374,74.28416771889637,933082.69073527,629786.4082008847,192829.099847435,54721.69300937761,1810967.2701949407,1562869.0989361547,19131.909488665813,13300.8051165262,1907408.098763622,197399.69409068505,53861.690150893795,1559539.2961638456,1810967.2701952085,359.96605005329735,0.9974559660031767,36.87560047208163,53.70264874297361,88.20314825220323,184.1988632368337,46.5,40.0,0.030216831584972334,42184.78573464815,9968.638087295487,2809.2311815217577,54989.58491956161,845.6874332969127,608.9505530555258,58194.266180893836,18.163324297616768,0.9958114308832154,44.60882137283433,62.895291612145925,157.42854256314163,52.5,32.93291398442108,3.5238145832657266,28.56032065141565,0.34962203171212547,0.006578123414266629,0.006465585465905911,2.5338747291971546,0.07906879472456979,0.2786237719316832,1.9556272933201488,0.027644192656633076,1.4449259585411554e-06,2.8204443331988807,2.657278484917733,0.11288089307078286,4.01821301903802e-05,2.938465728388911,0.5117750279457953,1.024367052744058,1.7059167598193181,3.414556842478314,7.389313056501961,10.217319932623166,0.5394397945639051,1.0948402562879544,1.1019908507844929,2.249520306028148,5.521910950341778e-07,1.6368285585380287e-44,0.030364759112207634,0.005504593181423106,,,,
p,10000.0,200.0,197.58312126264465,199.24629373862092,62.11313709734492,674924.9035358673,545622.2503374735,190649.5338427273,55073.44056103529,1466826.3704195844,1220547.1538733407,19784.862547569483,13713.516893829266,1549662.4965931743,195116.3945059799,54243.43899549908,1217296.887504281,1466826.3704196163,364.3432526169683,0.9968156059307302,39.14379009759497,56.63636507441971,132.24807063572956,191.2844022100831,48.5,40.0,0.03754598476797331,24497.68586196642,8140.942787908449,2357.186372899396,35018.66509609276,731.1587060935825,525.7023051456189,37267.126499890335,15.351723801456101,0.9944322996071426,48.613299296151276,68.77994495152944,170.2900362538253,55.5,41.88698702233647,3.4617327681106,22.1621736619245,0.35924507977021797,0.00661558909168175,0.006512732288780845,2.594216952267146,0.09255610346242828,0.32040449624452294,1.776377683659065,0.033250324771580596,1.6805941760593788e-06,2.873243710893145,2.7184554332720814,0.1331111344937982,5.647034787922531e-05,2.9918013040623435,0.70371225271684,1.436222148037237,2.3457075090561332,4.787407158443302,8.632442654513687,12.058432133841112,0.7502747660755127,1.5591670313679424,1.508704664462583,3.134315629789252,6.817439474543608e-07,2.0208546875147972e-44,0.02387376297719252,0.005550038472228815,,,,
p,10000.0,210.0,207.46227732577685,203.3209848600815,49.94210647579346,480617.84889331396,466876.44245222444,187813.336114734,55276.437748836135,1191147.952748388,947494.2913455383,20420.717380699116,14110.791835597332,1263215.4316839653,192159.20887046342,54479.725920259574,944336.643805324,1191147.952748392,367.80805149399384,0.9960344527620876,41.51297391083739,59.85132990900633,150.0361249199284,197.6558595245246,50.5,40.0,0.046406021704771754,13822.624190986346,6583.496580541161,1963.7346926635855,22389.16192879844,629.207206704531,451.7284073545848,24000.974624159797,12.892652516505699,0.99266767340435,53.15867227756032,77.1564376397878,180.5447588431606,59.5,53.20198927215108,3.397710557400897,17.14101577331633,0.36942896851433016,0.00665397530074626,0.006565373909557133,2.648434607010252,0.1068549377346456,0.36306215005142084,1.586167481962011,0.0394753094279731,1.9331010116854984e-06,2.920650292676789,2.7708340446471973,0.1533591141536808,7.80956382380078e-05,3.0370629168828254,0.9428031749957709,1.9245631995946995,3.1426772499858022,6.415210503437045,9.960356745641075,13.936195117274389,1.0182884373603767,2.125240226949005,2.011734122797488,4.169505492759308,8.395262718562006e-07,2.488559829694712e-44,0.018796289644068934,0.005527018340039766,,,,
p,10000.0,220.0,217.3414333889091,207.31560529870913,37.771075854242014,337051.5075056159,394303.947400993,184306.01082194605,55333.28522276581,971565.0394831597,731355.4549066089,21036.504569096058,14490.74013720656,1035181.8113242305,188512.52774127835,54575.052634918095,728302.7055802426,971565.0394831601,370.3987426047195,0.9950952701976945,43.97408351442449,63.44165213929779,161.54122028016812,203.39019543005583,53.5,40.0,0.05695273396436874,7540.044533201987,5269.437380324181,1622.366259265588,14448.028457769487,538.8246753856828,386.21102461797096,15631.087278753212,10.7549196058349,0.9905014578186979,58.43500986352182,101.46110941336137,188.9977188504691,62.5,67.24550981630276,3.3308344169327744,13.217278749350434,0.3801781239701451,0.006693958999787095,0.006629156359984602,2.69664759791707,0.1215772805533774,0.40495379038428114,1.3915934185692667,0.046221022438175025,2.1971816794162943e-06,2.9626825249648854,2.815017724300708,0.17256281462839837,0.00010636489365016382,3.074461490819747,1.2283471631448533,2.463211430988685,4.094490543775761,8.210701337149745,11.341647872992658,15.774385902565914,1.3458187126008403,2.7692602541820857,2.6075021212494383,5.288099708336975,1.0292671713794547e-06,3.05099795275632e-44,0.014870881382738265,0.005423658907207434,,,,
p,10000.0,230.0,227.22058945204134,211.23469770912834,25.600045232690555,232357.80496750466,328872.7021841396,180193.81080338339,55243.11138395749,797242.8625414281,561230.5071516442,21631.706423039246,14853.17298424263,854274.2134685294,184242.48259419375,54527.54888609119,558296.0689670185,797242.8625414281,372.09504806134044,0.9939843279140628,46.58454731204465,67.6220454531377,170.58430296932607,208.5432836087205,55.5,40.0,0.06929270110723233,3940.2288281273136,4170.5840755161125,1329.6736007700006,9453.961190137925,458.92520710729514,328.38516591993573,10342.45263712117,8.904228210771189,0.9879509219653547,64.93776006036524,144.57422670421727,196.0161176181313,66.5,84.3289756015803,3.2618331279528796,10.159284897096232,0.39157291979251296,0.006735591800308993,0.0066965518497282646,2.739096532173376,0.13630282384320574,0.44459706624529416,1.1991841642618006,0.05337249470824863,2.467327064470664e-06,2.999510866870964,2.851935692017442,0.19021429409768087,0.00014305337338992795,3.105176771838697,1.5550424839237376,3.024904972265792,5.183474943094381,10.082989105275066,12.740656926203613,17.514554572702973,1.7302638464078695,3.463733146992305,3.282711877725491,6.431313068124021,1.2543229259051985e-06,3.718117885663353e-44,0.011858320261407995,0.005231259220334997,,,,
p,10000.0,240.0,237.09974551517357,215.082390799813,13.429014611139099,157143.34996476237,270794.39210295107,175486.68252576733,55004.47593247902,659008.1948003854,427937.7420677134,22202.562525717567,15194.767116429823,710933.8279393457,179366.71218665477,54334.813534631896,425128.2935974979,659008.1948003854,372.89157484696,0.9926930884900091,49.368779069215535,72.79258254716918,178.11431188495357,213.16544111504575,57.5,40.0,0.08346554165254343,1971.1813118923085,3261.1481878615905,1079.601750211505,6323.064649952114,388.52616457680017,277.4895279160349,7004.933533835212,7.306240197284923,0.9851712793881784,73.4296702424927,157.13102820488868,201.64342378648237,69.5,104.22290950407665,3.1904073177824066,7.780053074099464,0.4036501057290759,0.006779295112359668,0.0067675327460830405,2.7762498031201703,0.15066228044613086,0.48067404204912106,1.0150910260255648,0.060814845431464405,2.73909128106369e-06,3.0315053483864713,2.8821459753216008,0.2056331914250408,0.0001904713394404512,3.1296787979539777,1.914447543197959,3.5723420903670116,6.38149172490003,11.907693309400491,14.12613933180827,19.09329021812603,2.165159899416878,4.16645785591998,4.017410088700415,7.517943354425772,1.517431813276467e-06,4.4980365491974e-44,0.009594819457241166,0.004948570008070078,,,,
p,10000.0,250.0,246.9789015783058,218.86245029255284,1.2579839895876135,104101.36381887023,220285.02279315772,170229.9544374057,54619.58341323671,549817.7552956523,324386.38661202794,22750.18261969709,15517.250762606094,597824.8624554789,173927.21995446493,53999.17146487973,321711.74886891106,549817.7552956523,372.8115472360101,0.9912271260456101,52.38332379700435,79.95089656237847,184.50886998156474,217.27273654567847,59.5,39.0,0.09934125060014884,933.4888650866642,2516.1035296104897,868.8097536481214,4327.529236503547,326.9823415062763,233.0911283426824,4859.689961063216,5.9527973965641525,0.9822994439701449,87.9625402129658,165.34981401585082,206.11740998593515,168.5,127.05119370606053,3.116646883764982,5.939012462944105,0.4165206176615351,0.006825602173041502,0.006851669622225614,2.8085468922989087,0.1643011183515662,0.5120685685095102,0.8450310133638148,0.06843480329827532,3.008099075170699e-06,3.0590138356712737,2.9079903930260844,0.2191591084426204,0.00025225212714564266,3.149655549132823,2.29462988711232,4.106089950220648,7.648765338762477,13.686649273990676,15.467676255164452,20.56555140124836,2.63924864837673,4.87916248339494,4.784476006365372,8.537275634927251,1.818784479708685e-06,5.391319065057799e-44,0.007870843010838225,0.0045762500489958,,,,
p,10000.0,260.0,256.85805764143805,222.5783220890049,10.913046631963807,67417.2594839543,176872.79757877774,164461.3465830123,54089.03422338665,463423.5369367708,244290.05706273206,23270.06531176873,15817.632567507357,508434.1032588117,167963.90323652522,53520.91853874791,241758.22903431,463423.53693677066,371.8496299619005,0.9895976760410441,55.67297642814846,95.74289168647468,190.00087530830194,220.90813144328536,61.5,39.0,0.11671620000338162,419.343839581103,1912.6010244084443,691.4839748468398,3030.829504533521,273.2544779395913,194.40538906677162,3450.8823303966583,4.795173693478888,0.9795919607515982,130.490270982123,171.01297592211327,209.53783868375632,170.5,152.9032023225262,3.040567259969741,4.516443315549302,0.43021780007503585,0.006874769263325518,0.006934612901970713,2.8366141727639054,0.1770216268552127,0.53824616292254,0.6923740521132912,0.0761578548713535,3.2727821710425973e-06,3.0825781089562896,2.92957361086665,0.23080904747387035,0.00033378799201383284,3.1658587868180423,2.684888125605854,4.606264356670726,8.949621325156988,15.35353448118258,16.74790134764246,21.889778259413184,3.1417215406404244,5.579947941146701,5.55996062634693,9.464582178804951,2.1578532817085625e-06,6.396401369741333e-44,0.006540085392656794,0.00412711239711892,,,,
p,10000.0,270.0,266.73721370457025,226.2331690531994,23.084077253515293,42606.14980532744,140306.38490147385,158229.708547742,53415.51766612367,395140.83989790035,182912.5347068013,23760.836716413654,16094.224794553458,437880.26478024985,161527.94356034417,52901.53480877174,180530.42774665818,395140.83989790035,370.0031320875028,0.9878350635887844,59.309801794729715,136.6519484598918,194.70918495541449,224.0931462423093,63.5,38.0,0.13518095897130147,178.11842046403726,1427.1678496200175,543.6608200993147,2154.902436837172,226.57824256680422,160.8451319041324,2488.0408161262826,3.8258830472557936,0.9770042251013596,140.4739550879982,175.0557853969949,212.20359145220286,171.5,183.3683201351161,2.9622423494379406,3.4243332780205393,0.4448302245226179,0.006926884700439031,0.0070372609277911365,2.8609800040674953,0.18867782569924915,0.558909445686186,0.5595189258793871,0.08392959956823637,3.532266164274382e-06,3.1026645325389457,2.94963616416878,0.24141525247911513,0.00044405490253098234,3.179873403736552,3.0745676433999103,5.110067130764554,10.248536336090972,17.032289144194653,17.953198214522654,23.204553888962238,3.66085190149868,6.32089741730786,6.320685142059173,10.348500897579912,2.5307432161615794e-06,7.501737727739452e-44,0.005453504723515729,0.003611795353749768,,,,
p,10000.0,280.0,276.6163697677025,229.82990252739123,35.25510787506671,26139.92753147467,109923.21455488562,151597.5526274492,52598.463005803365,340840.95671710465,136063.14208636028,24220.494229741555,16347.064445517459,381860.7666491019,154682.25692106716,52143.208042582926,133834.47069262533,340840.95671710465,367.25013360664366,0.9859706703141712,63.42271263281096,148.09612953704243,198.75365541336856,226.87203102552328,64.5,38.0,0.15431966719146278,73.61809339459265,1043.2075658021947,421.5183847802069,1543.0880400122453,186.37380280500665,132.02340100381758,1807.3332518998639,3.0131295260241027,0.9745884960350055,145.60432570390208,178.02877228458166,214.3204583279258,173.5,220.88237863239473,2.882166967706317,2.5868273388777157,0.4604791251613042,0.006982145724792828,0.007148275460381745,2.8822506033692847,0.19925955346115357,0.5742993029856478,0.4463797523288101,0.09175486485782411,3.7883151345918336e-06,3.119811901456145,2.9684255649925166,0.2513897100764939,0.0005963908554251472,3.1924631007543054,3.4569894856945202,5.624304280220812,11.523234179369831,18.74551085228763,19.08230954389527,24.515675714391435,4.189207274527248,7.1233405739817215,7.052152276324871,11.214863250745667,2.93391970739594e-06,8.696850798048405e-44,0.004527296410838901,0.003060687236211606,,,,
p,10000.0,290.0,286.49552583083477,233.37120947461972,47.4261384966182,15534.745172950888,85095.40732979593,144617.1405154696,51647.70381519858,297474.21732242324,100630.15250274682,24648.988510551124,16575.624535559575,337198.1277083667,147484.87534126395,51249.96186231983,98558.637009182,297474.21732242324,363.6163743116826,0.9840473106779599,68.18116429162095,155.72171778452577,202.2167878289437,229.27961084713655,66.5,37.0,0.1736207738609468,31.082480235825514,743.649096498232,321.6668309533082,1100.118591519933,151.83600679144263,107.31732670582296,1308.65124046106,2.3427564626798025,0.9721751728228305,148.90215576908912,180.4296656288567,216.19049726943868,175.5,270.40195449422447,2.8000691189084868,1.948395476840811,0.47725235953853895,0.007040320235973002,0.007283176993215901,2.900948602620646,0.20881606747357498,0.5846994220646682,0.3523375396553344,0.09965796091132241,4.043085210927147e-06,3.13450604052185,2.9877877035891816,0.261513397917847,0.0008129946042083748,3.2046977509918793,3.8279002958585906,6.196626068569347,12.759521702566653,20.65181567502209,20.138218817566564,25.953661476732258,4.722064593804934,8.070251059069081,7.74568879670152,12.129224515094272,3.361635872180917e-06,9.964705422587534e-44,0.0036981981209065523,0.002499877479103385,,,,
p,10000.0,300.0,296.37468189396697,236.85957596758354,59.597169118169624,8862.215011626573,65038.81076006255,137369.30960789733,50562.3701094198,262408.0463272449,73901.02577168912,25045.115188992793,16779.3766462213,301149.194524389,140016.03173909316,50224.22013733168,71987.72478576866,262408.0463272449,359.07144355178593,0.982096922247899,73.97904537845017,161.4770560461363,205.18804340209266,231.3666920658377,170.5,84.0,0.1926860506646365,14.084103952806645,513.4442879411422,240.86579352252883,771.2731403134383,122.37522113760693,86.30157736641613,934.3589294695954,1.79000375843049,0.9695099576143729,151.51805214705436,182.71311602740295,218.01830971777727,178.5,340.2271291602411,2.7168289245662827,1.4615815202444657,0.49533111550731823,0.007101554827725347,0.007431539913794634,2.917546153640565,0.21743486184235256,0.5907333218623769,0.27521373995164844,0.10770225266655213,4.300329699177696e-06,3.1471720663685807,3.008158373723193,0.2725711316274277,0.001131630721163125,3.217487944595436,4.18558167541416,6.863666875446834,13.951656538797012,22.872862317156805,21.12842884304396,27.56943361003097,5.258179980917425,9.254413206100269,8.397733394305934,13.168842047949516,3.810858752223306e-06,1.1296311176129382e-43,0.00293921299711822,0.001956663658479565,,,,
p,10000.0,310.0,306.2538379570992,240.29730760755552,71.76819973972111,4846.991111785138,49168.925741752224,129876.97656090652,49357.34714476501,233820.41125571507,54015.91685353736,25406.321770215327,16956.372328038586,271813.22740895406,132301.8906717472,49079.404288858066,52260.095028299016,233820.41125571504,353.70132175399,0.9801578669802635,81.74020974412109,165.98956741713482,207.73236453676154,233.17458023797616,171.5,84.0,0.21109084052882748,6.608474821128226,341.1689053892873,176.54385621726362,526.5087447714203,97.43842465991156,68.53841322229422,652.5568649656045,1.3428136258801222,0.9662997503989272,154.1556964788341,185.18217736402536,220.000855358006,180.5,444.0959691129658,2.6313605587427054,1.0943845238502947,0.5147424495019685,0.0071661331537245035,0.007606119264935446,2.93250983204884,0.22525964804553383,0.5927393533432811,0.213486902531351,0.11595070300890939,4.563852416639162e-06,3.1582271720383726,3.0306356311237446,0.28516738942929126,0.0016152779005707803,3.2313880403903226,4.53163994808069,7.68311192993829,15.104980431589956,25.60001417324784,22.066364998344017,29.48424432097232,5.800776839042717,10.830219773586398,9.011345418201032,14.405179489954339,4.276786592879444e-06,1.2677434491340974e-43,0.0022517655406721956,0.0014591066004762594,,,,
p,10000.0,320.0,316.1329940202314,243.6865473499447,83.93923036127254,2506.656808116714,36775.257258864316,122253.70341011835,48032.59784691624,210131.95951304855,39281.91406698103,25732.702095876466,17107.827499415627,247544.88037391435,124457.12699012218,47815.74728317654,37681.504866021205,210131.95951304852,347.49592071228886,0.978249272870056,98.09258019656521,169.64247714539047,209.92169661833395,234.74229254845415,172.5,84.0,0.22858301972829392,2.8095887554350125,214.58468106173893,125.6260639675959,344.6463829608921,76.44234684881067,53.64913797644042,440.5464494443001,0.9833187971178641,0.962040541378819,157.45287855512174,188.17216976855423,222.33583285237307,184.5,609.7030750991307,2.545223637491996,0.8178178118155437,0.5357341315972262,0.007234585183582749,0.007827347017506672,2.9461222699492704,0.2323554304759323,0.591396533946971,0.16456113881343734,0.12448073476792325,4.83745291513209e-06,3.1679096647124236,3.056500127245159,0.2999739950475051,0.0023878324734020215,3.246897136640439,4.865871779419479,8.741495022352622,16.218806935116493,29.11971685675336,22.958993923868874,31.873630823613205,6.351505882700921,13.093094444307308,9.585593817023897,15.92928742532202,4.758914361800843e-06,1.4106578329645582e-43,0.0016401426216153027,0.0010211901205271626,,,,
p,10000.0,330.0,326.0121500833636,247.02929112806342,96.11026098282402,1215.2928729976215,27175.72467856699,114534.9960953373,46599.62343283562,190081.73605796765,28391.01755156461,26023.905894116204,17232.60297987964,227030.4403838404,116517.78082210991,46445.69500814992,26942.51023060634,190081.7360579676,340.5409387403902,0.9763695951995872,128.21242848724916,172.66443629499753,211.8310969635915,236.12536804929832,173.5,84.0,0.2451557124805748,0.914359276072064,125.78770132207279,86.25022496581641,214.1317739388054,58.93933265014056,41.25721403216403,285.8112238522047,0.6985862853467537,0.9561943830942031,161.6152235777397,191.83425001106193,225.1140698911936,188.5,887.6858046872073,2.4578523957477345,0.6092542269678379,0.5584574289881258,0.007307804519734249,0.008099530008456497,2.958783720975742,0.23889058838892827,0.5871578049933133,0.1260420572571108,0.1334102238011415,5.1264489021728476e-06,3.176554725170778,3.0854405365316966,0.3170246432302596,0.003675638450287012,3.263757576349907,5.193414352749704,10.094043794153661,17.310248614512425,33.61242846529235,23.82476083247902,34.80649604414803,6.920264044743206,16.46669718175529,10.129462430159993,17.779284982104308,5.260894711604687e-06,1.5594570040799465e-43,0.0011265247171011916,0.0006617558526702027,,,,
p,10000.0,340.0,335.8913061464959,250.32740159864673,108.28129160437543,546.9602142375002,19885.3156313862,106792.2884261487,45065.12090045461,172836.84304460228,20432.2758456237,26277.097074189965,17329.74019523371,209399.39375564957,108563.8241072189,44969.78127849478,19129.671900194287,172836.84304460228,332.776222062455,0.9745302800556571,135.86402386614603,175.20266919025738,213.50451378825164,237.34731212356132,174.5,85.0,0.26073793125708217,0.19236739773340167,67.05971571201654,56.449347397811465,124.52744722104276,44.5295313864677,31.088217619670814,177.03828865592604,0.4779180045533052,0.9479021023409633,166.80112883190117,196.29002680541225,228.41063803037773,193.5,1387.9417502055414,2.3697326511570815,0.4533944531238921,0.5830916804202979,0.00738434104720438,0.008466315849239278,2.9705961905823077,0.24492932287208677,0.580417013635779,0.09616895048031726,0.14281625045769078,5.435008671409466e-06,3.1843222112601257,3.1171919200760114,0.33487473322916816,0.005932304777046036,3.2803782397202537,5.514253676571366,11.762266502816008,18.37925120611441,39.14540036107994,24.664922402757163,38.373572937010046,7.510616688913368,21.75178111960114,10.644853296786994,19.82407825991314,5.785803433946893e-06,1.7150527018523366e-43,0.0007204913317521497,0.0003879943334460877,,,,
p,10000.0,350.0,345.7704622096281,253.58262027794183,120.45232222592692,225.91075054884934,14440.119561909483,99095.62226670896,43439.46322291209,157738.21867844436,14666.030312458333,26493.73320309043,17400.05569178267,193966.47270696278,100664.70898479111,43399.42460218572,13503.080475170804,157738.21867844433,324.30898678236423,0.972717510449488,140.6352864682561,177.37129252256878,215.00160401846156,238.4469753280634,175.5,85.0,0.27538958907267214,0.020837519397074584,31.339356788683475,34.616055925129096,66.53034660264453,32.7820341484902,22.817940791841,104.06889557452216,0.31025629149176265,0.9357658642413103,173.32808891364036,201.67738060932362,232.28337000867808,199.5,2370.9213424145064,2.2812349627386994,0.33761997097429036,0.6099001055131902,0.007465768743921952,0.008962785713161964,2.9817717173308886,0.25053094579850727,0.5715199528035488,0.07324996106173397,0.15279885027682893,5.767358231681948e-06,3.191345663505697,3.1489961489206544,0.3496602643341448,0.010101100630598221,3.2934181936159623,5.830678059288542,13.564761766879041,19.43343529385834,45.11637057235473,25.489944912090092,42.35600681306334,8.130495819601377,30.372449662394228,11.133986236650719,21.599944420856936,6.339617680345052e-06,1.879216699204307e-43,0.0004217769616016096,0.0001986795403881795,,,,
p,10000.0,360.0,355.6496182727604,256.7965782928649,132.62335284747834,84.31301509055247,10400.462453652739,91500.16828886654,41732.08808040854,144242.9613039775,10484.775468743292,26672.922927196483,17443.23612302931,180165.29070534458,92872.3234689304,41747.14974924042,9455.417690173888,144242.9613039775,315.1405494576934,0.970912322098247,144.11691237527737,179.27145222283764,216.35558491832154,239.45588171611382,176.5,86.0,0.28931802081116714,0.0009122535772310777,12.20888418973422,19.3829953764492,31.943386295432337,23.38277432691608,16.228661824189782,58.02033161956453,0.18930877309584923,0.9168998210462621,180.9138583117279,208.03578775841387,236.85671220131937,206.5,4515.581409244741,2.1925614676305165,0.25124013561318664,0.6391466172457902,0.007551516445821906,0.00976674499576386,2.992415085835307,0.25576067538173236,0.5607710017771432,0.055646862300591474,0.1634685704947329,6.128633556244247e-06,3.1977512638877967,3.177886693921058,0.3517453883642236,0.01814711201920848,3.2951511948996717,6.144093157540432,14.948153232461356,20.47747856038039,49.71274526581262,26.304171017127956,46.36635752244936,8.788123619330166,45.219147311051216,11.60028843179058,21.84818884187084,6.932747296366169e-06,2.055034727265402e-43,0.00022145542497643868,8.464110885802759e-05,,,,
p,10000.0,370.0,365.5287743358926,259.9708059356284,144.79438346902984,28.46525523296129,7463.726352939118,84085.13994804173,39958.63802791788,132049.7354692416,7492.19160817208,26813.463819700835,17458.972846418357,167680.12999717757,85270.4460545599,40027.49155353028,6586.929309437532,132049.7354692416,305.38699331469377,0.9691040814283545,146.8163943942551,180.95617365501244,217.60740423751753,240.39375695727875,177.5,86.0,0.302602938854243,1.1581442316163906e-05,3.67924667031646,9.425221532643294,13.307580562005597,15.964452281054895,11.041108197874955,30.720526298975646,0.10305595133084296,0.8882243814347291,189.54592338060846,215.13359264335304,241.82637255729816,214.5,9922.895815205966,2.1043044532522357,0.18749867307633247,0.6710304740859058,0.0076425776349366365,0.010934061440775602,3.002602427521898,0.26061762201283045,0.5484188225976071,0.04231748689448109,0.17488236645441102,6.522184810972409e-06,3.2035737594025933,3.1870090653949172,0.3234922759840844,0.03432198117186974,3.2696641208409685,6.454239815948965,14.151478555265054,21.510517849354084,47.11505479584718,27.110590068315673,47.697645772126236,9.489592419022845,69.54529997933203,12.0416907017578,18.479435894782778,7.572904227687229e-06,2.2447927940932495e-43,0.00010077703309830059,2.7862582664343682e-05,,,,
p,10000.0,380.0,375.40793039902485,263.106741180679,156.96541409058125,8.53477979285219,5344.493367944887,76876.88821780073,38130.11515268975,120860.52788485069,5353.028147737739,26915.214772417836,17447.36224923646,156200.87639328142,77888.99337070444,38247.05581524727,4563.214536654957,120860.52788485069,295.0494479926378,0.9672697553185956,149.03630831974957,182.4989766324765,218.78250376289944,241.27980877483404,179.5,86.0,0.3154885703380184,2.7841079959819437e-08,0.7652275894226382,3.7421082986298715,4.610911834847735,10.334017275952615,7.119775935560632,15.691954211741756,0.04794054147442301,0.8432829513695586,198.94541631726236,222.81699928396247,247.18424638400876,222.5,26211.849676115493,2.0161724639422633,0.1403884600479663,0.7058781402740977,0.00773796372791244,0.012811104769997136,3.0123792346504277,0.26515025603461395,0.5345886450242296,0.032236015285136296,0.18716376962291414,6.953827833271305e-06,3.208901344813485,3.1577457524519765,0.251505019171028,0.06720944427586813,3.19197950853226,6.76172680963992,10.029156381519496,22.534579081142667,33.42670312594911,27.910411223461246,43.444221364087724,10.245145566181929,108.53675326860181,12.460870532400497,11.180649740999367,8.273999936130887e-06,2.452614594946087e-43,3.815068422703531e-05,6.331493026008503e-06,,,,
p,10000.0,390.0,385.28708646215705,266.205737298454,169.13644471213274,2.269044687431857,3829.544909220888,69937.01000465963,36249.966174935464,110505.03555759492,3831.8139539083195,26978.27737825261,17408.560125065604,145550.20456108966,70786.28786122367,36412.665238913345,3148.730807479972,110505.0355575949,284.1619062168453,0.9653928394427781,150.92335912592966,183.93244151079267,219.89754317139523,242.12610384032683,180.5,86.0,0.32803904357862573,7.64758195879078e-12,0.0889893391808617,1.1055138449042679,1.2380104447750335,6.186288904347647,4.238806543607929,7.794634703441899,0.017545383581111986,0.7712522800067032,209.14203242369624,231.03263601069924,252.8982297580628,231.5,89260.1803352923,1.9292986279533857,0.10570531115578734,0.7442290359130421,0.007838956451587673,0.015870794980981293,3.0217122456979966,0.26926896618034946,0.5195002470021749,0.02464909643416242,0.20039778310170303,7.4281163430859075e-06,3.213656037610534,3.0593952063019985,0.14926949080553073,0.13502272404237212,3.024932725501347,7.062143436759925,4.388387005474285,23.534987064073537,14.627955698115839,28.69840452893771,31.971377232353166,11.058349269155034,167.02702370558507,12.847816265712598,3.9515971872674065,9.049361370313326e-06,2.6824505611672133e-43,1.1203203894991608e-05,8.05296688353e-07,,,,
p,10000.0,400.0,395.1662425252893,269.26906968032955,181.30747533368415,0.5383964152292193,2753.471646008605,63284.27920217705,34342.08012138598,100851.56846263792,2754.0100424238344,27003.192829372056,17342.85846455208,135590.86867346568,63984.70262334587,34545.983031445685,2167.707356448043,100851.56846263791,272.85412560582995,0.9634435965803184,152.58524646669036,185.29205716300237,220.98023623633796,242.9481426999374,181.5,86.0,0.34052103150094837,2.7332675303002183e-16,0.004278954321837136,0.21110997194268782,0.22881004807944075,3.319426526844768,2.2547674336412036,3.7224690507549583,0.004319147035733317,0.657648075502561,219.63597252188737,239.45695260713714,258.8617181138612,240.5,440765.4703504244,1.8427619695281003,0.08019345458077884,0.7863004434771046,0.007945183420497421,0.02045922793692512,3.030688620813265,0.27304143438489736,0.503150371389891,0.018962053660835834,0.21469260094446957,7.950637626486265e-06,3.2179406974610516,2.8346693519948847,0.059325047714907674,0.28101490028625103,2.7060602619901326,7.3575494418724405,0.9023116322998405,24.5186103234023,3.007705440999468,29.47964854114729,16.4060088589317,11.945223192715845,241.40877597662794,13.207252844783875,0.6318441114090398,9.915562199416521e-06,2.9392135309535465e-43,2.2687802635831795e-06,4.242823772663826e-08,,,,
p,10000.0,410.0,405.0453985884215,272.29794197240426,193.47850595523565,0.11203313463115505,1988.818809138586,56975.4055558654,32415.071755621957,91834.73896880804,1988.9308422732172,26989.649339453823,17250.544818432954,126254.77233930904,57540.53717906489,32655.17618078784,1490.2827062414628,91834.73896880803,261.17911487173507,0.9614137992207397,154.09610386287446,186.6037410753926,222.03518687656387,243.74969964751676,183.5,85.0,0.35297178518285804,3.3047547069094686e-22,4.103197845562978e-05,0.02063785058456495,0.022943317892931844,1.5455748868180437,1.0377751272429359,1.643900678300686,0.0005197455158015556,0.5086013298856787,229.67771555003566,247.12030832422911,264.4451184836121,247.5,4002679.098000015,1.7576825368582991,0.061358211922769045,0.8326265492462726,0.008057335699910554,0.025184091418428686,3.0392161555830484,0.2763533168853645,0.48574139909227293,0.014684368301688691,0.2300991086110227,8.525457508433087e-06,3.2216473848908174,2.337541467766202,0.012853235719202966,0.6227991459932315,2.089888842601503,7.641324625001867,0.05502473316002637,25.463436345074044,0.18341577720008795,30.243684853961753,4.325550778318956,12.908712489114588,308.05311980818556,13.526679487008497,0.03178317701265407,1.0889125522964171e-05,3.2278013524267197e-43,2.498326684494047e-07,4.468023638589142e-10,,,,
p,10000.0,420.0,414.9245546515537,275.2934916017876,205.64953657678709,0.020569144741712037,1445.5056421892787,51026.88879294869,30480.840937533,83392.02046896887,1445.5262113340204,26936.450995688236,17131.147534088712,117475.20913739248,51472.54966195197,30750.706949101637,1024.7427219663643,83392.02046896887,249.21234221785093,0.959280352329662,155.51336260180412,187.8880133704678,223.07660130128744,244.53874990076216,184.5,85.0,0.3655126805432814,5.4149277983139504e-30,1.3492177796259888e-08,0.000680057836796629,0.0008200039494249108,0.5791990174922859,0.3812784825899703,0.6075117062444099,1.9553267412129696e-05,0.3009125282601177,240.77946885808078,255.07202414761014,270.1916066537786,254.5,101697096.12673667,1.674064337579218,0.04742409221243145,0.8837174489670876,0.008176032371566885,0.028752359511411807,3.0472851382904738,0.2791614537155583,0.46733423409198754,0.0114649554010592,0.24669984772745684,9.158587661267868e-06,3.224749923100886,1.1510209369148865,0.0008895515204182217,1.3080527453494248,0.6442219058055598,7.910174798417863,0.000603019558501173,26.358535799763445,0.0020100651950039103,30.98681313023324,0.22146834944709023,13.95993000179646,353.0686918394846,13.800251141556004,0.00035862961214738835,1.1991554999822934e-05,3.554588232498531e-43,9.83312245960084e-09,1.617921921112402e-13,,,,
p,10000.0,430.0,424.80371071468596,278.25679476735183,217.82056719833855,0.0033371701422252333,1057.4507773559967,45446.56987653351,28550.982329364237,75476.5237795345,1057.454114526139,26846.184148116692,16986.447266342308,109206.50762612076,45784.15768681609,28846.959767676348,706.3441376313709,75476.5237795345,236.95003387068653,0.9570297185083256,156.86851533325665,189.162000130804,224.10840492472272,245.32634779271018,186.5,86.0,0.3782763288457894,1.8028916367593164e-40,9.4295869709895e-15,6.498445495964049e-07,2.923831430195858e-06,0.15479540255012533,0.09811001232645873,0.16209826667807517,1.1294192168835072e-08,0.025097422930995338,263.7062553113463,291.1791902154034,307.4463002988489,297.5,25814252832.79022,1.591769045010841,0.03703739865505657,0.94028933360047,0.008299190239314013,0.017379836725336065,3.0547654990404927,0.2814130992573299,0.447944660258381,0.009026152718659601,0.2646097355671176,9.856511976048575e-06,3.2272100108440687,,,,,8.15740798577625,,27.181668803653977,,31.69373303349055,,15.10798629313344,,14.021285331514193,,1.3249152848122432e-05,3.927370787625608e-43,3.8738289520809336e-11,1.249340390733037e-19,,,,
p,10000.0,440.0,434.6828667778182,281.18887095704343,229.99159781989,0.00047159400130643883,779.762579541711,40288.52629339343,26630.683072460004,68102.83237000578,779.7630511357123,26717.477111851975,16815.59373935039,101461.48755830257,40530.96837839881,26948.84987932206,489.01565898502474,68102.83237000578,224.51823090504502,0.9546563314148139,158.18506139940314,190.4056088366569,225.12762965877712,246.1064990777054,187.5,86.0,0.3910363511428466,1.0398470971955861e-55,3.9286388068252965e-25,3.2437247855390445e-11,1.0647935428802566e-08,0.024531143871494722,0.014353314718703346,0.0256870804376175,1.2425447777946836e-14,3.7234741885532044e-06,292.09429320051606,305.2919385289308,318.8254551195152,305.5,6395872028467.439,1.5128611678405508,0.0292806252477279,1.0032591743574812,0.008430810065748163,0.000383061097949528,3.0615390441407144,0.2828585775756796,0.4279257580048597,0.0071724510230135995,0.2837804629985079,1.0621529188945082e-05,3.2287716401851814,,,,,8.370328074229397,,27.89066393399096,,32.3489829250097,,16.34578761152897,,14.163515613146057,,1.4683677098287992e-05,4.352598626629605e-43,1.5635084559995758e-13,5.7686863675226065e-30,,,,
p,10000.0,450.0,444.5620228409505,284.09068704551635,242.16262844144146,5.949565843586455e-05,578.5401246683232,35496.72951687434,24755.071093776107,61215.956161223694,578.5401841639816,26551.158353100967,16619.310394868666,94184.218952891,35656.940570730214,25090.228494334046,340.1560001362426,61215.95616122368,211.9982678785884,0.9521373445022215,159.4997067236583,191.68232857329917,226.15595467711174,246.88282709260454,189.5,85.0,0.4043891927225475,1.0187224246362056e-83,3.367798660876436e-48,7.487022733459944e-28,9.395055734839813e-19,0.0012076266752598479,0.0005350579504704216,0.0012645305500511889,2.7880205809180725e-33,6.599060037454763e-15,336.127148953626,349.3609721462963,362.6393011818638,349.5,6.51576295968269e+22,1.433917494415877,0.023370572517137207,1.07255431634678,0.008563831914499683,3.7238040809709914e-06,3.0676561755891147,0.28377051226652233,0.4069035019383216,0.005743207504239843,0.30435928778339544,1.146312653240037e-05,3.2297467086382885,,,,,8.555679818022616,,28.507951172184324,,32.953476331037486,,17.71400310674327,,14.253088583140729,,1.633561023479422e-05,4.842271741416313e-43,1.5347396861851137e-23,5.501504627333937e-53,,,,
p,10000.0,460.0,454.4411789040827,286.96316101877983,254.33365906299287,6.484948392865446e-06,430.99856011536565,31108.57278308049,22910.573076427412,54817.34896991004,430.99856660031406,26348.22943235536,16398.71457604869,87376.71691520931,31200.28384023793,23256.021415712607,237.85768808622376,54817.34896991004,199.51403579482354,0.9494351562571364,160.81712252983473,192.95836288961888,227.18443858479102,247.66271759711353,190.5,85.0,0.41794383542705293,0.0,0.0,0.0,0.0,0.0,0.0,0.0,0.0,,,,,,inf,1.3578260429935716,0.01881221238606932,1.1500467205451503,0.008708382593890795,,3.073063602625237,0.28376337024501896,0.38530129416631387,0.00462289573878568,0.32634113336112336,1.2385694993242305e-05,3.2297218591221433,,,,,8.698217894872887,,28.982902894810277,,33.49774007986033,,19.20754278314121,,14.250802710301722,,1.8242399875063514e-05,5.4074905155662405e-43,0.0,0.0,,,,
p,10000.0,470.0,464.32033496721493,289.80716536653614,266.50468968454436,6.262571332672517e-07,322.12462492878126,27103.038784840086,21115.52658846257,48889.210880048166,322.1246255550384,26109.248988310876,16154.38787239979,81021.193088502,27138.110915426947,21466.454430945865,166.99658333292427,48889.21088004817,187.0768496440269,0.9465538602985307,162.13390045338875,194.24440612285736,228.22400444996387,248.44374812742458,192.5,85.0,0.43190565379078105,0.0,0.0,0.0,0.0,0.0,0.0,0.0,0.0,,,,,,inf,1.2835596910781788,0.015255344175553067,1.2364952812768994,0.008859681943534616,,3.077604401147043,0.28286559436322334,0.36307487491750434,0.0037369735897772854,0.3497619726657112,1.3396094725754073e-05,3.2287283777134173,,,,,8.792229730255146,,29.296489560384476,,33.961853100528536,,20.844010282437544,,14.159568411090737,,2.0454410738057198e-05,6.063184275372401e-43,0.0,0.0,,,,
p,10000.0,480.0,474.19949103034713,292.6235301777413,278.6757203060958,5.1661998341807436e-08,240.42916704618676,23487.921907726613,19385.046387635455,43443.08111903472,240.42916709784876,25834.79492613308,15886.944255222992,75130.68316652744,23476.159310989515,19737.516667759097,117.38033215786211,43443.08111903473,174.74521575801458,0.9435051836679788,163.49808685601272,195.54916049417682,229.2555628053595,249.224939402487,193.5,85.0,0.44621711647293444,0.0,0.0,0.0,0.0,0.0,0.0,0.0,0.0,,,,,,inf,1.2116515709092206,0.012402816185738092,1.3327177252777445,0.009014433716778411,,3.081047635398968,0.28099229781804486,0.34046475906462564,0.0030180929796397036,0.3744834159686313,1.4495312118379701e-05,3.2266632499513332,,,,,8.826798269875786,,29.412345283656265,,34.31762665509058,,22.619198087846666,,13.971870132562401,,2.3018625158284337e-05,6.823279726202341e-43,0.0,0.0,,,,
p,10000.0,490.0,484.07864709347933,295.41304597051936,290.84675092764724,3.6820843693897396e-09,178.23340228823588,20243.743461741586,17721.287354267417,38454.09104975037,178.23340229191797,25526.149748057705,15597.535707220059,69680.1994211878,20193.10843658947,18072.723720408674,81.9737295480141,38454.09104975037,162.60878963605282,0.940267234302471,164.87055251952464,196.86172736324957,230.2882982010158,250.00130448220992,195.5,84.0,0.4608427054312718,0.0,0.0,0.0,0.0,0.0,0.0,0.0,0.0,,,,,,inf,1.1423404551287717,0.010057587732134938,1.440422991725306,0.009175901636564537,,3.083359708064253,0.2780346063707654,0.31761017878312897,0.002421645548360337,0.40048743951174565,1.5689300715718746e-05,3.223381735330736,,,,,8.796151252573168,,29.311211255037858,,34.55746229272121,,24.546878035023934,,13.678956014388003,,2.6005035425391796e-05,7.708524283145099e-43,0.0,0.0,,,,
p,10000.0,500.0,493.9578031566116,298.17646628377105,303.0177815491988,2.1215678396746213e-10,131.19282596532318,17328.475091284618,16131.170588222802,33882.86293884557,131.19282596553535,25184.32958188666,15287.408914031465,64629.59321758677,17247.015996214148,16478.617892048056,56.74209310699432,33882.86293884557,150.74644218175186,0.9367761030797318,166.28829511165662,198.21123811610107,231.33376640392135,250.783786015626,196.5,84.0,0.47608641032894994,0.0,0.0,0.0,0.0,0.0,0.0,0.0,0.0,,,,,,inf,1.0742230389613483,0.008132876981743522,1.561221452848157,0.009345040482791141,,3.0845905335835417,0.27404723839236933,0.2943878572448161,0.0019301342851094352,0.4278484276719601,1.6988676481572166e-05,3.218902757033526,,,,,8.702871329231371,,29.00157388830701,,34.68385800457242,,26.67587673586268,,13.289496343105927,,2.951344465209088e-05,8.748502013489328e-43,0.0,0.0,,,,
