m_chi_GeV,kind,ff,T_GeV,E_R_max_keV,N_lo
0.001,const,helm,0.12451970847350319,256.92229769754175,354.42617251883627
0.001,const,helm,0.12742749857031335,268.95191508634343,350.03101283731263
0.001,const,helm,0.13040319151841315,281.54675468784507,349.93474144588436
0.001,const,helm,0.13344837298838383,294.733405542585,349.9347414458844
0.001,const,helm,0.13656466567946096,308.5397071675441,349.93474144588436
0.001,const,helm,0.1397537301842291,322.9948082827032,349.93474144588447
0.001,const,helm,0.1430172658735088,338.1292282882545,349.9347414458844
0.001,const,helm,0.14635701180190797,353.9749216207504,349.9347414458844
0.001,const,helm,0.14977474763452,370.56534512241035,349.93474144588436
0.001,const,helm,0.15327229459526134,387.9355285640138,349.9347414458844
0.001,const,helm,0.1568515164373548,406.1221484683216,349.93474144588436
0.001,const,helm,0.16051432043647615,425.16360538775484,349.9347414458844
0.001,const,helm,0.16426265840709303,445.1001047971696,349.93474144588436
0.001,const,helm,0.16809852774253636,465.97374176999057,349.93474144588447
0.001,const,helm,0.1720239724793599,487.8285896137501,349.9347414458844
0.001,const,helm,0.17604108438655525,510.7107926491987,349.93474144588436
0.001,const,helm,0.18015200408020238,534.6686633256496,349.93474144588447
0.001,const,helm,0.1843589221641488,559.7527838740943,349.9347414458844
0.001,const,helm,0.18866408039732582,586.0161127089265,349.93474144588436
0.001,const,helm,0.19306977288832497,613.5140957988195,349.9347414458844
0.001,const,helm,0.19757834731786994,642.3047832374423,349.9347414458844
0.001,const,helm,0.20219220618983536,672.4489512553127,349.9347414458844
0.001,const,helm,0.20691380811147903,704.0102299251841,349.9347414458844
0.001,const,helm,0.21174566910357118,737.0552368249539,349.9347414458844
0.001,const,helm,0.2166903639411181,771.6537169342043,349.9347414458844
0.001,const,helm,0.22175052752539318,807.8786890531242,349.9347414458844
0.001,const,helm,0.2269288562880081,845.8065990458398,349.93474144588436
0.001,const,helm,0.23222810962777246,885.5174802239935,349.9347414458844
0.001,const,helm,0.23765111138110728,927.0951212008687,349.9347414458844
0.001,const,helm,0.24320075132679475,970.6272415614596,349.9347414458844
0.001,const,helm,0.24887998672586673,1016.2056757096841,349.9347414458844
0.001,const,helm,0.25469184389745403,1063.9265652704387,349.9347414458844
0.001,const,helm,0.26063941983143474,1113.8905604414072,349.93474144588436
0.001,const,helm,0.2667258838387405,1166.203030707546,349.9347414458844
0.001,const,helm,0.2729544792402007,1220.974285349991,349.93474144588436
0.001,const,helm,0.2793285250948253,1278.3198042007728,349.93474144588436
0.001,const,helm,0.28585141796844715,1338.3604791152668,349.9347414458844
0.001,const,helm,0.2925266337436645,1401.2228666556982,349.9347414458844
0.001,const,helm,0.29935772947204903,1467.0394525014701,349.9347414458844
0.001,const,helm,0.3063483452696084,1535.948928125452,349.9347414458844
0.001,const,helm,0.3135022062565112,1608.0964802997742,349.9347414458843
0.001,const,helm,0.32082312454210776,1683.6340940201696,349.9347414458844
0.001,const,helm,0.3283150012563047,1762.7208694645617,349.93474144588436
0.001,const,helm,0.3359818286283781,1845.5233536294004,349.93474144588436
0.001,const,helm,0.34382769211433073,1932.2158873162462,349.93474144588436
0.001,const,helm,0.3518567725739263,2022.9809681714157,349.93474144588436
0.001,const,helm,0.360073348498562,2118.00963051314,349.9347414458844
0.001,const,helm,0.3684817982911677,2217.5018427137256,349.93474144588447
0.001,const,helm,0.3770866025993452,2321.6669229386284,349.9347414458844
0.001,const,helm,0.3858923467029903,2430.7239740803134,349.9347414458844
0.001,const,helm,0.3949037229576702,2544.9023387623242,349.9347414458844
0.001,const,helm,0.40412553329506,2664.442075328153,349.93474144588436
0.001,const,helm,0.4135626917817706,2789.5944557703315,349.93474144588436
0.001,const,helm,0.4232202272379275,2920.622486597752,349.9347414458844
0.001,const,helm,0.4331032859169001,3057.8014536837536,349.9347414458844
0.001,const,helm,0.44321713424760856,3201.419492183861,349.9347414458844
0.001,const,helm,0.45356716164087024,3351.778182660421,349.9347414458844
0.001,const,helm,0.46415888336127775,3509.193174601776,349.93474144588436
0.001,const,helm,0.47499794346614127,3673.994838576257,349.9347414458844
0.001,const,helm,0.48609011781306305,3846.5289483161655,349.9347414458844
0.001,const,helm,0.49744131713774514,4027.1573940839567,349.93474144588447
0.001,const,helm,0.5090575902036681,4216.258928732468,349.9347414458844
0.001,const,helm,0.5209451270253211,4414.229947933177,349.93474144588436
0.001,const,helm,0.5331102621667033,4621.485306111227,349.9347414458844
0.001,const,helm,0.5455594781168515,4838.459169693312,349.93474144588436
0.001,const,helm,0.5582994087441919,5065.605909344807,349.9347414458844
0.001,const,helm,0.571336842831558,5303.401032945778,349.9347414458844
0.001,const,helm,0.584678727693759,5552.342161131791,349.9347414458843
0.001,const,helm,0.5983321728796283,5812.950047304771,349.93474144588436
0.001,const,helm,0.6123044539605184,6085.769644101867,349.93474144588436
0.001,const,helm,0.6266030164072656,6371.37121839645,349.93474144588447
0.001,const,helm,0.6412354795576917,6670.351516995051,349.9347414458844
0.001,const,helm,0.6562096406767555,6983.334985287275,349.9347414458844
0.001,const,helm,0.6715334791115142,7310.975041202789,349.93474144588447
0.001,const,helm,0.6872151605431122,7653.955406930708,349.9347414458844
0.001,const,helm,0.7032630413380644,8012.99150096177,349.9347414458844
0.001,const,helm,0.7196856730011514,8388.831893123055,349.9347414458844
0.001,const,helm,0.7364918067322965,8782.259825388677,349.9347414458844
0.001,const,helm,0.7536903980898542,9194.094801368272,349.9347414458844
0.001,const,helm,0.7712906117627992,9625.194247498228,349.9347414458844
0.001,const,helm,0.7893018264543568,10076.455249088203,349.9347414458844
0.001,const,helm,0.8077336398796711,10548.816364508382,349.93474144588447
0.001,const,helm,0.8265958738801813,11043.259520941187,349.9347414458844
0.001,const,helm,0.84589857965743,11560.811995264561,349.9347414458844
0.001,const,helm,0.8656520431290936,12102.548483782863,349.93474144588436
0.001,const,helm,0.8858667904100823,12669.593264676038,349.93474144588447
0.001,const,helm,0.9065535934216359,13263.122457198699,349.93474144588436
0.001,const,helm,0.927723475631406,13884.36638182739,349.93474144588436
0.001,const,helm,0.949387717927582,14534.612025727334,349.93474144588436
0.001,const,helm,0.9715578646301858,15215.205618089432,349.9347414458844
0.001,const,helm,0.9942457296427418,15927.555320074754,349.93474144588436
0.001,const,helm,1.0174634027476064,16673.134034297087,349.93474144588447
0.001,const,helm,1.0412232560483043,17453.482338973972,349.9347414458844
0.001,const,helm,1.0655379505623053,18270.211552084435,349.9347414458844
0.001,const,helm,1.0904204429677526,19125.00693108676,349.93474144588436
0.001,const,helm,1.115883992507748,20019.631013972765,349.9347414458844
0.001,const,helm,1.1419421680558648,20955.927107665393,349.9347414458844
0.001,const,helm,1.168608855346651,21935.82293000537,349.9347414458844
0.001,const,helm,1.1958982643749794,22961.33441182039,349.93474144588436
0.001,const,helm,1.2238249369681924,24034.5696658261,349.9347414458844
0.001,const,helm,1.252403754535072,25157.7331293726,349.93474144588436
0.001,const,helm,1.2816499459957584,26333.129888323834,349.9347414458844
0.001,const,helm,1.3115790958968503,27563.170189640412,349.93474144588447
0.001,const,helm,1.342207152716012,28850.37415052895,349.9347414458844
0.001,const,helm,1.3735504373605123,30197.376672322345,349.9347414458844
0.001,const,helm,1.405625651864215,31606.9325675674,349.9347414458844
0.001,const,helm,1.438449888287663,33081.921909118166,349.9347414458844
0.001,const,helm,1.4720406378260014,34625.35561036545,349.9347414458844
0.001,const,helm,1.506415800129591,36240.38124607518,349.9347414458844
0.001,const,helm,1.5415936928422718,37930.28912366053,349.93474144588436
0.001,const,helm,1.5775930613623614,39698.51861507757,349.9347414458844
0.001,const,helm,1.6144330888316019,41548.66475990805,349.93474144588436
0.001,const,helm,1.6521334063573685,43484.485150578745,349.93474144588447
0.001,const,helm,1.69071410347358,45509.9071110624,349.93474144588436
0.001,const,helm,1.7301957388458944,47629.03518081459,349.9347414458844
0.001,const,helm,1.770599351226898,49846.158916119806,349.93474144588447
0.001,const,helm,1.8119464706671222,52165.76102144993,349.9347414458844
0.001,const,helm,1.8542591299878524,54592.525823880766,349.93474144588436
0.001,const,helm,1.8975598765218504,57131.34810406615,349.93474144588436
0.001,const,helm,1.941871784128255,59787.342297734765,349.9347414458844
0.001,const,helm,1.9872184654880534,62565.85208215059,349.93474144588447
0.001,const,helm,2.0336240846866724,65472.46036246596,349.93474144588436
0.001,const,helm,2.081113370090395,68512.99967339663,349.93474144588436
0.001,const,helm,2.129711627523478,71693.56301215918,349.9347414458844
0.001,const,helm,2.1794447537529833,75020.51511913212,349.93474144588447
0.001,const,helm,2.2303392502884964,78500.50422323516,349.93474144588447
0.001,const,helm,2.2824222375040977,82140.474269565,349.9347414458844
0.001,const,helm,2.3357214690901213,85947.67764738204,349.93474144588436
0.001,const,helm,2.3902653468423893,89929.68843710332,349.93474144588447
0.001,const,helm,2.446082935796798,94094.41619553356,349.9347414458844
0.001,const,helm,2.5032039797173256,98450.12029914856,349.9347414458844
0.001,const,helm,2.561658916945727,103005.4248658404,349.9347414458844
0.001,const,helm,2.6214788966213534,107769.3342761314,349.93474144588436
0.001,const,helm,2.6826957952797246,112751.24931547366,349.9347414458844
0.001,const,helm,2.745342233838714,117960.98395986826,349.93474144588436
0.001,const,helm,2.809451594981406,123408.7828276605,349.9347414458844
0.001,const,helm,2.8750580409448774,129105.33932099423,349.9347414458844
0.001,const,helm,2.942196531724374,135061.81448104157,349.93474144588436
0.001,const,helm,3.0109028437025924,141289.85658176182,349.93474144588436
0.001,const,helm,3.081213588714002,147801.62148758332,349.9347414458843
0.001,const,helm,3.1531662335543613,154609.7938010429,349.9347414458844
0.001,const,helm,3.2267991199458086,161727.60882705628,349.9347414458844
0.001,const,helm,3.3021514849681757,169168.87538113797,349.9347414458844
0.001,const,helm,3.379263481967431,176947.99946952745,349.9347414458844
0.001,const,helm,3.4581762019523774,185080.00886981073,349.93474144588436
0.001,const,helm,3.538931695490988,193580.57864125542,349.93474144588447
0.001,const,helm,3.6215729951180746,202466.05759470377,349.93474144588436
0.001,const,helm,3.706144138266228,211753.49575248055,349.9347414458844
0.001,const,helm,3.792690190732246,221460.6728293735,349.9347414458844
0.001,const,helm,3.881257270691536,231606.1277663337,349.93474144588447
0.001,const,helm,3.971892573273302,242209.18934912086,349.9347414458844
0.001,const,helm,4.064644395709628,253290.0079446776,349.9347414458844
0.001,const,helm,4.1595621630718425,264869.588388549,349.9347414458844
0.001,const,helm,4.256696454607871,276969.8240571836,349.93474144588436
0.001,const,helm,4.356099030694608,289613.5321594412,349.9347414458844
0.001,const,helm,4.457822860419706,302824.4902821009,349.9347414458844
0.001,const,helm,4.561922149807459,316627.474224592,349.93474144588436
0.001,const,helm,4.66845237070379,331048.2971585641,349.9347414458844
0.001,const,helm,4.777470290335773,346113.8501482904,349.9347414458844
0.001,const,helm,4.889034001561443,361852.1440682097,349.9347414458844
0.001,const,helm,5.003202953825999,378292.35295420163,349.93474144588447
0.001,const,helm,5.120037984840887,395464.8588254129,349.93474144588436
0.001,const,helm,5.239601353002644,413401.2980136483,349.9347414458844
0.001,const,helm,5.361956770568817,432134.60903746856,349.93474144588447
0.001,const,helm,5.487169437608599,451699.0820582105,349.93474144588447
0.001,const,helm,5.615306076746273,472130.4099551522,349.93474144588436
0.001,const,helm,5.746434968715974,493465.7410570047,349.9347414458844
0.001,const,helm,5.880625988746757,515743.7335667946,349.93474144588447
0.001,const,helm,6.017950643797328,539004.611717002,349.93474144588436
0.001,const,helm,6.158482110660261,563290.2236915523,349.9347414458844
0.001,const,helm,6.302295274956023,588644.1013509221,349.93474144588436
0.001,const,helm,6.449466771037621,615111.5217961912,349.9347414458844
0.001,const,helm,6.600075022827088,642739.5708073472,349.9347414458844
0.001,const,helm,6.754200285605586,671577.2081905452,349.93474144588447
0.001,const,helm,6.911924688779366,701675.3350683308,349.93474144588447
0.001,const,helm,7.073332279644439,733086.8631460344,349.9347414458843
0.001,const,helm,7.238509068173248,765866.7859866485,349.9347414458844
0.001,const,helm,7.4075430728471625,800072.252325482,349.93474144588436
0.001,const,helm,7.580524367559261,835762.6414547984,349.9347414458844
0.001,const,helm,7.757545129612414,872999.640707423,349.9347414458844
0.001,const,helm,7.9386996888382235,911847.3250669667,349.93474144588436
0.001,const,helm,8.124084577862966,952372.2389308746,349.9347414458844
0.001,const,helm,8.313798583547333,994643.4800509523,349.9347414458844
0.001,const,helm,8.507942799627445,1038732.7856743695,349.9347414458844
0.001,const,helm,8.706620680585118,1084714.620906322,349.9347414458844
0.001,const,helm,8.909938096776107,1132666.2693136414,349.93474144588436
0.001,const,helm,9.118003390845681,1182667.9257866226,349.93474144588447
0.001,const,helm,9.330927435461664,1234802.7916742181,349.93474144588436
0.001,const,helm,9.548823692395656,1289157.1722054644,349.93474144588436
0.001,const,helm,9.771808272983899,1345820.5762076674,349.9347414458844
0.001,const,helm,10.0,1404885.8181293926,349.93474144588436
0.001,const,shell,0.12451970847350319,256.92229769754175,1190.7384731963164
0.001,const,shell,0.12742749857031335,268.95191508634343,1184.7294119249748
0.001,const,shell,0.13040319151841315,281.54675468784507,1184.4834036485381
0.001,const,shell,0.13344837298838383,294.733405542585,1184.4834036485383
0.001,const,shell,0.13656466567946096,308.5397071675441,1184.4834036485383
0.001,const,shell,0.1397537301842291,322.9948082827032,1184.4834036485383
0.001,const,shell,0.1430172658735088,338.1292282882545,1184.4834036485386
0.001,const,shell,0.14635701180190797,353.9749216207504,1184.4834036485381
0.001,const,shell,0.14977474763452,370.56534512241035,1184.4834036485383
0.001,const,shell,0.15327229459526134,387.9355285640138,1184.4834036485381
0.001,const,shell,0.1568515164373548,406.1221484683216,1184.4834036485383
0.001,const,shell,0.16051432043647615,425.16360538775484,1184.4834036485381
0.001,const,shell,0.16426265840709303,445.1001047971696,1184.4834036485386
0.001,const,shell,0.16809852774253636,465.97374176999057,1184.4834036485381
0.001,const,shell,0.1720239724793599,487.8285896137501,1184.4834036485386
0.001,const,shell,0.17604108438655525,510.7107926491987,1184.4834036485381
0.001,const,shell,0.18015200408020238,534.6686633256496,1184.4834036485383
0.001,const,shell,0.1843589221641488,559.7527838740943,1184.4834036485383
0.001,const,shell,0.18866408039732582,586.0161127089265,1184.4834036485383
0.001,const,shell,0.19306977288832497,613.5140957988195,1184.4834036485381
0.001,const,shell,0.19757834731786994,642.3047832374423,1184.4834036485386
0.001,const,shell,0.20219220618983536,672.4489512553127,1184.4834036485383
0.001,const,shell,0.20691380811147903,704.0102299251841,1184.4834036485381
0.001,const,shell,0.21174566910357118,737.0552368249539,1184.4834036485381
0.001,const,shell,0.2166903639411181,771.6537169342043,1184.4834036485381
0.001,const,shell,0.22175052752539318,807.8786890531242,1184.4834036485383
0.001,const,shell,0.2269288562880081,845.8065990458398,1184.4834036485381
0.001,const,shell,0.23222810962777246,885.5174802239935,1184.4834036485381
0.001,const,shell,0.23765111138110728,927.0951212008687,1184.4834036485381
0.001,const,shell,0.24320075132679475,970.6272415614596,1184.4834036485381
0.001,const,shell,0.24887998672586673,1016.2056757096841,1184.4834036485381
0.001,const,shell,0.25469184389745403,1063.9265652704387,1184.4834036485383
0.001,const,shell,0.26063941983143474,1113.8905604414072,1184.4834036485383
0.001,const,shell,0.2667258838387405,1166.203030707546,1184.4834036485383
0.001,const,shell,0.2729544792402007,1220.974285349991,1184.4834036485383
0.001,const,shell,0.2793285250948253,1278.3198042007728,1184.4834036485381
0.001,const,shell,0.28585141796844715,1338.3604791152668,1184.4834036485383
0.001,const,shell,0.2925266337436645,1401.2228666556982,1184.4834036485383
0.001,const,shell,0.29935772947204903,1467.0394525014701,1184.4834036485381
0.001,const,shell,0.3063483452696084,1535.948928125452,1184.4834036485383
0.001,const,shell,0.3135022062565112,1608.0964802997742,1184.4834036485381
0.001,const,shell,0.32082312454210776,1683.6340940201696,1184.4834036485383
0.001,const,shell,0.3283150012563047,1762.7208694645617,1184.4834036485383
0.001,const,shell,0.3359818286283781,1845.5233536294004,1184.4834036485383
0.001,const,shell,0.34382769211433073,1932.2158873162462,1184.4834036485386
0.001,const,shell,0.3518567725739263,2022.9809681714157,1184.4834036485383
0.001,const,shell,0.360073348498562,2118.00963051314,1184.4834036485381
0.001,const,shell,0.3684817982911677,2217.5018427137256,1184.4834036485386
0.001,const,shell,0.3770866025993452,2321.6669229386284,1184.4834036485381
0.001,const,shell,0.3858923467029903,2430.7239740803134,1184.4834036485383
0.001,const,shell,0.3949037229576702,2544.9023387623242,1184.4834036485383
0.001,const,shell,0.40412553329506,2664.442075328153,1184.4834036485383
0.001,const,shell,0.4135626917817706,2789.5944557703315,1184.4834036485383
0.001,const,shell,0.4232202272379275,2920.622486597752,1184.4834036485383
0.001,const,shell,0.4331032859169001,3057.8014536837536,1184.4834036485383
0.001,const,shell,0.44321713424760856,3201.419492183861,1184.4834036485383
0.001,const,shell,0.45356716164087024,3351.778182660421,1184.4834036485383
0.001,const,shell,0.46415888336127775,3509.193174601776,1184.4834036485383
0.001,const,shell,0.47499794346614127,3673.994838576257,1184.4834036485383
0.001,const,shell,0.48609011781306305,3846.5289483161655,1184.4834036485381
0.001,const,shell,0.49744131713774514,4027.1573940839567,1184.4834036485381
0.001,const,shell,0.5090575902036681,4216.258928732468,1184.4834036485383
0.001,const,shell,0.5209451270253211,4414.229947933177,1184.4834036485381
0.001,const,shell,0.5331102621667033,4621.485306111227,1184.4834036485383
0.001,const,shell,0.5455594781168515,4838.459169693312,1184.4834036485383
0.001,const,shell,0.5582994087441919,5065.605909344807,1184.4834036485383
0.001,const,shell,0.571336842831558,5303.401032945778,1184.4834036485381
0.001,const,shell,0.584678727693759,5552.342161131791,1184.4834036485386
0.001,const,shell,0.5983321728796283,5812.950047304771,1184.4834036485383
0.001,const,shell,0.6123044539605184,6085.769644101867,1184.4834036485381
0.001,const,shell,0.6266030164072656,6371.37121839645,1184.483403648538
0.001,const,shell,0.6412354795576917,6670.351516995051,1184.4834036485386
0.001,const,shell,0.6562096406767555,6983.334985287275,1184.4834036485386
0.001,const,shell,0.6715334791115142,7310.975041202789,1184.4834036485381
0.001,const,shell,0.6872151605431122,7653.955406930708,1184.4834036485386
0.001,const,shell,0.7032630413380644,8012.99150096177,1184.4834036485383
0.001,const,shell,0.7196856730011514,8388.831893123055,1184.4834036485383
0.001,const,shell,0.7364918067322965,8782.259825388677,1184.4834036485386
0.001,const,shell,0.7536903980898542,9194.094801368272,1184.4834036485383
0.001,const,shell,0.7712906117627992,9625.194247498228,1184.4834036485386
0.001,const,shell,0.7893018264543568,10076.455249088203,1184.4834036485383
0.001,const,shell,0.8077336398796711,10548.816364508382,1184.4834036485383
0.001,const,shell,0.8265958738801813,11043.259520941187,1184.4834036485383
0.001,const,shell,0.84589857965743,11560.811995264561,1184.4834036485383
0.001,const,shell,0.8656520431290936,12102.548483782863,1184.4834036485383
0.001,const,shell,0.8858667904100823,12669.593264676038,1184.4834036485386
0.001,const,shell,0.9065535934216359,13263.122457198699,1184.4834036485386
0.001,const,shell,0.927723475631406,13884.36638182739,1184.4834036485381
0.001,const,shell,0.949387717927582,14534.612025727334,1184.4834036485383
0.001,const,shell,0.9715578646301858,15215.205618089432,1184.4834036485383
0.001,const,shell,0.9942457296427418,15927.555320074754,1184.4834036485381
0.001,const,shell,1.0174634027476064,16673.134034297087,1184.4834036485383
0.001,const,shell,1.0412232560483043,17453.482338973972,1184.4834036485381
0.001,const,shell,1.0655379505623053,18270.211552084435,1184.4834036485383
0.001,const,shell,1.0904204429677526,19125.00693108676,1184.4834036485383
0.001,const,shell,1.115883992507748,20019.631013972765,1184.4834036485381
0.001,const,shell,1.1419421680558648,20955.927107665393,1184.4834036485383
0.001,const,shell,1.168608855346651,21935.82293000537,1184.483403648538
0.001,const,shell,1.1958982643749794,22961.33441182039,1184.4834036485383
0.001,const,shell,1.2238249369681924,24034.5696658261,1184.4834036485383
0.001,const,shell,1.252403754535072,25157.7331293726,1184.4834036485383
0.001,const,shell,1.2816499459957584,26333.129888323834,1184.4834036485383
0.001,const,shell,1.3115790958968503,27563.170189640412,1184.4834036485386
0.001,const,shell,1.342207152716012,28850.37415052895,1184.4834036485383
0.001,const,shell,1.3735504373605123,30197.376672322345,1184.4834036485386
0.001,const,shell,1.405625651864215,31606.9325675674,1184.4834036485381
0.001,const,shell,1.438449888287663,33081.921909118166,1184.4834036485383
0.001,const,shell,1.4720406378260014,34625.35561036545,1184.4834036485383
0.001,const,shell,1.506415800129591,36240.38124607518,1184.4834036485383
0.001,const,shell,1.5415936928422718,37930.28912366053,1184.4834036485381
0.001,const,shell,1.5775930613623614,39698.51861507757,1184.4834036485381
0.001,const,shell,1.6144330888316019,41548.66475990805,1184.4834036485383
0.001,const,shell,1.6521334063573685,43484.485150578745,1184.4834036485383
0.001,const,shell,1.69071410347358,45509.9071110624,1184.4834036485383
0.001,const,shell,1.7301957388458944,47629.03518081459,1184.4834036485383
0.001,const,shell,1.770599351226898,49846.158916119806,1184.4834036485386
0.001,const,shell,1.8119464706671222,52165.76102144993,1184.4834036485383
0.001,const,shell,1.8542591299878524,54592.525823880766,1184.4834036485383
0.001,const,shell,1.8975598765218504,57131.34810406615,1184.4834036485383
0.001,const,shell,1.941871784128255,59787.342297734765,1184.4834036485383
0.001,const,shell,1.9872184654880534,62565.85208215059,1184.4834036485383
0.001,const,shell,2.0336240846866724,65472.46036246596,1184.4834036485381
0.001,const,shell,2.081113370090395,68512.99967339663,1184.4834036485386
0.001,const,shell,2.129711627523478,71693.56301215918,1184.4834036485381
0.001,const,shell,2.1794447537529833,75020.51511913212,1184.4834036485386
0.001,const,shell,2.2303392502884964,78500.50422323516,1184.4834036485383
0.001,const,shell,2.2824222375040977,82140.474269565,1184.4834036485386
0.001,const,shell,2.3357214690901213,85947.67764738204,1184.4834036485383
0.001,const,shell,2.3902653468423893,89929.68843710332,1184.4834036485383
0.001,const,shell,2.446082935796798,94094.41619553356,1184.4834036485381
0.001,const,shell,2.5032039797173256,98450.12029914856,1184.4834036485383
0.001,const,shell,2.561658916945727,103005.4248658404,1184.4834036485386
0.001,const,shell,2.6214788966213534,107769.3342761314,1184.4834036485383
0.001,const,shell,2.6826957952797246,112751.24931547366,1184.4834036485383
0.001,const,shell,2.745342233838714,117960.98395986826,1184.4834036485386
0.001,const,shell,2.809451594981406,123408.7828276605,1184.4834036485383
0.001,const,shell,2.8750580409448774,129105.33932099423,1184.4834036485383
0.001,const,shell,2.942196531724374,135061.81448104157,1184.483403648538
0.001,const,shell,3.0109028437025924,141289.85658176182,1184.4834036485388
0.001,const,shell,3.081213588714002,147801.62148758332,1184.4834036485386
0.001,const,shell,3.1531662335543613,154609.7938010429,1184.4834036485383
0.001,const,shell,3.2267991199458086,161727.60882705628,1184.4834036485383
0.001,const,shell,3.3021514849681757,169168.87538113797,1184.4834036485383
0.001,const,shell,3.379263481967431,176947.99946952745,1184.4834036485383
0.001,const,shell,3.4581762019523774,185080.00886981073,1184.4834036485383
0.001,const,shell,3.538931695490988,193580.57864125542,1184.4834036485383
0.001,const,shell,3.6215729951180746,202466.05759470377,1184.4834036485386
0.001,const,shell,3.706144138266228,211753.49575248055,1184.4834036485383
0.001,const,shell,3.792690190732246,221460.6728293735,1184.4834036485383
0.001,const,shell,3.881257270691536,231606.1277663337,1184.4834036485381
0.001,const,shell,3.971892573273302,242209.18934912086,1184.4834036485383
0.001,const,shell,4.064644395709628,253290.0079446776,1184.4834036485386
0.001,const,shell,4.1595621630718425,264869.588388549,1184.4834036485386
0.001,const,shell,4.256696454607871,276969.8240571836,1184.4834036485383
0.001,const,shell,4.356099030694608,289613.5321594412,1184.4834036485383
0.001,const,shell,4.457822860419706,302824.4902821009,1184.4834036485381
0.001,const,shell,4.561922149807459,316627.474224592,1184.4834036485381
0.001,const,shell,4.66845237070379,331048.2971585641,1184.4834036485383
0.001,const,shell,4.777470290335773,346113.8501482904,1184.4834036485381
0.001,const,shell,4.889034001561443,361852.1440682097,1184.4834036485383
0.001,const,shell,5.003202953825999,378292.35295420163,1184.4834036485383
0.001,const,shell,5.120037984840887,395464.8588254129,1184.4834036485381
0.001,const,shell,5.239601353002644,413401.2980136483,1184.4834036485383
0.001,const,shell,5.361956770568817,432134.60903746856,1184.4834036485383
0.001,const,shell,5.487169437608599,451699.0820582105,1184.4834036485383
0.001,const,shell,5.615306076746273,472130.4099551522,1184.4834036485383
0.001,const,shell,5.746434968715974,493465.7410570047,1184.483403648538
0.001,const,shell,5.880625988746757,515743.7335667946,1184.4834036485383
0.001,const,shell,6.017950643797328,539004.611717002,1184.4834036485381
0.001,const,shell,6.158482110660261,563290.2236915523,1184.4834036485386
0.001,const,shell,6.302295274956023,588644.1013509221,1184.4834036485383
0.001,const,shell,6.449466771037621,615111.5217961912,1184.4834036485383
0.001,const,shell,6.600075022827088,642739.5708073472,1184.4834036485383
0.001,const,shell,6.754200285605586,671577.2081905452,1184.4834036485383
0.001,const,shell,6.911924688779366,701675.3350683308,1184.4834036485381
0.001,const,shell,7.073332279644439,733086.8631460344,1184.4834036485386
0.001,const,shell,7.238509068173248,765866.7859866485,1184.4834036485383
0.001,const,shell,7.4075430728471625,800072.252325482,1184.4834036485383
0.001,const,shell,7.580524367559261,835762.6414547984,1184.4834036485383
0.001,const,shell,7.757545129612414,872999.640707423,1184.4834036485386
0.001,const,shell,7.9386996888382235,911847.3250669667,1184.4834036485383
0.001,const,shell,8.124084577862966,952372.2389308746,1184.4834036485386
0.001,const,shell,8.313798583547333,994643.4800509523,1184.4834036485383
0.001,const,shell,8.507942799627445,1038732.7856743695,1184.4834036485386
0.001,const,shell,8.706620680585118,1084714.620906322,1184.4834036485381
0.001,const,shell,8.909938096776107,1132666.2693136414,1184.4834036485383
0.001,const,shell,9.118003390845681,1182667.9257866226,1184.4834036485383
0.001,const,shell,9.330927435461664,1234802.7916742181,1184.4834036485386
0.001,const,shell,9.548823692395656,1289157.1722054644,1184.4834036485383
0.001,const,shell,9.771808272983899,1345820.5762076674,1184.4834036485383
0.001,const,shell,10.0,1404885.8181293926,1184.4834036485383
0.001,vecD,helm,0.12451970847350319,256.92229769754175,2118.184172797777
0.001,vecD,helm,0.12742749857031335,268.95191508634343,1703.4679142155596
0.001,vecD,helm,0.13040319151841315,281.54675468784507,1435.4252820616132
0.001,vecD,helm,0.13344837298838383,294.733405542585,1249.0110078597197
0.001,vecD,helm,0.13656466567946096,308.5397071675441,1111.9912627620308
0.001,vecD,helm,0.1397537301842291,322.9948082827032,1007.1279723948161
0.001,vecD,helm,0.1430172658735088,338.1292282882545,924.3679691516659
0.001,vecD,helm,0.14635701180190797,353.9749216207504,857.4528269295782
0.001,vecD,helm,0.14977474763452,370.56534512241035,802.2827306066181
0.001,vecD,helm,0.15327229459526134,387.9355285640138,756.0596602727169
0.001,vecD,helm,0.1568515164373548,406.1221484683216,716.8086746044037
0.001,vecD,helm,0.16051432043647615,425.16360538775484,683.0959718317561
0.001,vecD,helm,0.16426265840709303,445.1001047971696,653.855411904635
0.001,vecD,helm,0.16809852774253636,465.97374176999057,628.2777540767046
0.001,vecD,helm,0.1720239724793599,487.8285896137501,605.737661576725
0.001,vecD,helm,0.17604108438655525,510.7107926491987,585.7442574124733
0.001,vecD,helm,0.18015200408020238,534.6686633256496,567.9068187637575
0.001,vecD,helm,0.1843589221641488,559.7527838740943,551.9104649534835
0.001,vecD,helm,0.18866408039732582,586.0161127089265,537.4985998375411
0.001,vecD,helm,0.19306977288832497,613.5140957988195,524.4600162273327
0.001,vecD,helm,0.19757834731786994,642.3047832374423,512.6192793417099
0.001,vecD,helm,0.20219220618983536,672.4489512553127,501.8294561027721
0.001,vecD,helm,0.20691380811147903,704.0102299251841,491.9665487481587
0.001,vecD,helm,0.21174566910357118,737.0552368249539,482.9251841970354
0.001,vecD,helm,0.2166903639411181,771.6537169342043,474.615240640782
0.001,vecD,helm,0.22175052752539318,807.8786890531242,466.959181938724
0.001,vecD,helm,0.2269288562880081,845.8065990458398,459.8899324115086
0.001,vecD,helm,0.23222810962777246,885.5174802239935,453.3491683961221
0.001,vecD,helm,0.23765111138110728,927.0951212008687,447.2859342301044
0.001,vecD,helm,0.24320075132679475,970.6272415614596,441.6555129931189
0.001,vecD,helm,0.24887998672586673,1016.2056757096841,436.41849892423625
0.001,vecD,helm,0.25469184389745403,1063.9265652704387,431.540030707718
0.001,vecD,helm,0.26063941983143474,1113.8905604414072,426.98915399115066
0.001,vecD,helm,0.2667258838387405,1166.203030707546,422.7382884154499
0.001,vecD,helm,0.2729544792402007,1220.974285349991,418.762779696459
0.001,vecD,helm,0.2793285250948253,1278.3198042007728,415.04052133146774
0.001,vecD,helm,0.28585141796844715,1338.3604791152668,411.55163362081083
0.001,vecD,helm,0.2925266337436645,1401.2228666556982,408.2781901205331
0.001,vecD,helm,0.29935772947204903,1467.0394525014701,405.2039835430979
0.001,vecD,helm,0.3063483452696084,1535.948928125452,402.31432462244624
0.001,vecD,helm,0.3135022062565112,1608.0964802997742,399.59586864953746
0.001,vecD,helm,0.32082312454210776,1683.6340940201696,397.036465334203
0.001,vecD,helm,0.3283150012563047,1762.7208694645617,394.625028411398
0.001,vecD,helm,0.3359818286283781,1845.5233536294004,392.3514220249559
0.001,vecD,helm,0.34382769211433073,1932.2158873162462,390.20636142068787
0.001,vecD,helm,0.3518567725739263,2022.9809681714157,388.1813258870321
0.001,vecD,helm,0.360073348498562,2118.00963051314,386.2684822140857
0.001,vecD,helm,0.3684817982911677,2217.5018427137256,384.4606172153097
0.001,vecD,helm,0.3770866025993452,2321.6669229386284,382.75107808196185
0.001,vecD,helm,0.3858923467029903,2430.7239740803134,381.1337195274331
0.001,vecD,helm,0.3949037229576702,2544.9023387623242,379.6028568343745
0.001,vecD,helm,0.40412553329506,2664.442075328153,378.1532240475348
0.001,vecD,helm,0.4135626917817706,2789.5944557703315,376.77993666421264
0.001,vecD,helm,0.4232202272379275,2920.622486597752,375.4784582658854
0.001,vecD,helm,0.4331032859169001,3057.8014536837536,374.2445706119
0.001,vecD,helm,0.44321713424760856,3201.419492183861,373.0743467815676
0.001,vecD,helm,0.45356716164087024,3351.778182660421,371.9641270065672
0.001,vecD,helm,0.46415888336127775,3509.193174601776,370.9104968828748
0.001,vecD,helm,0.47499794346614127,3673.994838576257,369.9102676918314
0.001,vecD,helm,0.48609011781306305,3846.5289483161655,368.96045859455285
0.001,vecD,helm,0.49744131713774514,4027.1573940839567,368.0582804935702
0.001,vecD,helm,0.5090575902036681,4216.258928732468,367.2011213811471
0.001,vecD,helm,0.5209451270253211,4414.229947933177,366.38653301576267
0.001,vecD,helm,0.5331102621667033,4621.485306111227,365.6122187873136
0.001,vecD,helm,0.5455594781168515,4838.459169693312,364.8760226481124
0.001,vecD,helm,0.5582994087441919,5065.605909344807,364.1759190011152
0.001,vecD,helm,0.571336842831558,5303.401032945778,363.51000344930816
0.001,vecD,helm,0.584678727693759,5552.342161131791,362.8764843210835
0.001,vecD,helm,0.5983321728796283,5812.950047304771,362.2736748959683
0.001,vecD,helm,0.6123044539605184,6085.769644101867,361.69998626341334
0.001,vecD,helm,0.6266030164072656,6371.37121839645,361.15392075467884
0.001,vecD,helm,0.6412354795576917,6670.351516995051,360.6340658942912
0.001,vecD,helm,0.6562096406767555,6983.334985287275,360.13908882321607
0.001,vecD,helm,0.6715334791115142,7310.975041202789,359.6677311509024
0.001,vecD,helm,0.6872151605431122,7653.955406930708,359.21880419776915
0.001,vecD,helm,0.7032630413380644,8012.99150096177,358.79118459362746
0.001,vecD,helm,0.7196856730011514,8388.831893123055,358.38381020099763
0.001,vecD,helm,0.7364918067322965,8782.259825388677,357.9956763353681
0.001,vecD,helm,0.7536903980898542,9194.094801368272,357.6258322571831
0.001,vecD,helm,0.7712906117627992,9625.194247498228,357.2733779127868
0.001,vecD,helm,0.7893018264543568,10076.455249088203,356.93746090373645
0.001,vecD,helm,0.8077336398796711,10548.816364508382,356.6172736658358
0.001,vecD,helm,0.8265958738801813,11043.259520941187,356.31205084098775
0.001,vecD,helm,0.84589857965743,11560.811995264561,356.0210668265196
0.001,vecD,helm,0.8656520431290936,12102.548483782863,355.74363348803683
0.001,vecD,helm,0.8858667904100823,12669.593264676038,355.47909802311557
0.001,vecD,helm,0.9065535934216359,13263.122457198699,355.2268409642723
0.001,vecD,helm,0.927723475631406,13884.36638182739,354.98627431067075
0.001,vecD,helm,0.949387717927582,14534.612025727334,354.7568397789362
0.001,vecD,helm,0.9715578646301858,15215.205618089432,354.53800716428003
0.001,vecD,helm,0.9942457296427418,15927.555320074754,354.329272803883
0.001,vecD,helm,1.0174634027476064,16673.134034297087,354.13015813515926
0.001,vecD,helm,1.0412232560483043,17453.482338973972,353.9402083421396
0.001,vecD,helm,1.0655379505623053,18270.211552084435,353.7589910837656
0.001,vecD,helm,1.0904204429677526,19125.00693108676,353.58609529838725
0.001,vecD,helm,1.115883992507748,20019.631013972765,353.4211300792195
0.001,vecD,helm,1.1419421680558648,20955.927107665393,353.2637236159247
0.001,vecD,helm,1.168608855346651,21935.82293000537,353.11352219786903
0.001,vecD,helm,1.1958982643749794,22961.33441182039,352.9701892749463
0.001,vecD,helm,1.2238249369681924,24034.5696658261,352.83340457217577
0.001,vecD,helm,1.252403754535072,25157.7331293726,352.70286325456925
0.001,vecD,helm,1.2816499459957584,26333.129888323834,352.5782751390277
0.001,vecD,helm,1.3115790958968503,27563.170189640412,352.459363950262
0.001,vecD,helm,1.342207152716012,28850.37415052895,352.34586661796055
0.001,vecD,helm,1.3735504373605123,30197.376672322345,352.2375326126208
0.001,vecD,helm,1.405625651864215,31606.9325675674,352.13412331765346
0.001,vecD,helm,1.438449888287663,33081.921909118166,352.0354114355318
0.001,vecD,helm,1.4720406378260014,34625.35561036545,351.94118042592066
0.001,vecD,helm,1.506415800129591,36240.38124607518,351.8512239738597
0.001,vecD,helm,1.5415936928422718,37930.28912366053,351.7653454862082
0.001,vecD,helm,1.5775930613623614,39698.51861507757,351.68335761468245
0.001,vecD,helm,1.6144330888316019,41548.66475990805,351.60508180392793
0.001,vecD,helm,1.6521334063573685,43484.485150578745,351.5303478631722
0.001,vecD,helm,1.69071410347358,45509.9071110624,351.45899356010057
0.001,vecD,helm,1.7301957388458944,47629.03518081459,351.39086423568665
0.001,vecD,helm,1.770599351226898,49846.158916119806,351.32581243878894
0.001,vecD,helm,1.8119464706671222,52165.76102144993,351.26369757940336
0.001,vecD,helm,1.8542591299878524,54592.525823880766,351.2043855995322
0.001,vecD,helm,1.8975598765218504,57131.34810406615,351.1477486606923
0.001,vecD,helm,1.941871784128255,59787.342297734765,351.09366484714883
0.001,vecD,helm,1.9872184654880534,62565.85208215059,351.04201788401843
0.001,vecD,helm,2.0336240846866724,65472.46036246596,350.9926968694316
0.001,vecD,helm,2.081113370090395,68512.99967339663,350.94559602000214
0.001,vecD,helm,2.129711627523478,71693.56301215918,350.90061442888907
0.001,vecD,helm,2.1794447537529833,75020.51511913212,350.85765583578234
0.001,vecD,helm,2.2303392502884964,78500.50422323516,350.81662840818376
0.001,vecD,helm,2.2824222375040977,82140.474269565,350.77744453338903
0.001,vecD,helm,2.3357214690901213,85947.67764738204,350.74002062061163
0.001,vecD,helm,2.3902653468423893,89929.68843710332,350.70427691272425
0.001,vecD,helm,2.446082935796798,94094.41619553356,350.6701373071198
0.001,vecD,helm,2.5032039797173256,98450.12029914856,350.6375291852229
0.001,vecD,helm,2.561658916945727,103005.4248658404,350.6063832502121
0.001,vecD,helm,2.6214788966213534,107769.3342761314,350.57663337253365
0.001,vecD,helm,2.6826957952797246,112751.24931547366,350.54821644281276
0.001,vecD,helm,2.745342233838714,117960.98395986826,350.5210722317908
0.001,vecD,helm,2.809451594981406,123408.7828276605,350.4951432569343
0.001,vecD,helm,2.8750580409448774,129105.33932099423,350.47037465538455
0.001,vecD,helm,2.942196531724374,135061.81448104157,350.44671406293116
0.001,vecD,helm,3.0109028437025924,141289.85658176182,350.4241114987122
0.001,vecD,helm,3.081213588714002,147801.62148758332,350.402519255357
0.001,vecD,helm,3.1531662335543613,154609.7938010429,350.38189179430606
0.001,vecD,helm,3.2267991199458086,161727.60882705628,350.36218564605224
0.001,vecD,helm,3.3021514849681757,169168.87538113797,350.3433593150653
0.001,vecD,helm,3.379263481967431,176947.99946952745,350.3253731891702
0.001,vecD,helm,3.4581762019523774,185080.00886981073,350.30818945316383
0.001,vecD,helm,3.538931695490988,193580.57864125542,350.2917720064656
0.001,vecD,helm,3.6215729951180746,202466.05759470377,350.27608638460686
0.001,vecD,helm,3.706144138266228,211753.49575248055,350.2610996843744
0.001,vecD,helm,3.792690190732246,221460.6728293735,350.2467804924349
0.001,vecD,helm,3.881257270691536,231606.1277663337,350.2330988172698
0.001,vecD,helm,3.971892573273302,242209.18934912086,350.2200260242685
0.001,vecD,helm,4.064644395709628,253290.0079446776,350.2075347738229
0.001,vecD,helm,4.1595621630718425,264869.588388549,350.1955989622874
0.001,vecD,helm,4.256696454607871,276969.8240571836,350.18419366566366
0.001,vecD,helm,4.356099030694608,289613.5321594412,350.17329508588404
0.001,vecD,helm,4.457822860419706,302824.4902821009,350.16288049956984
0.001,vecD,helm,4.561922149807459,316627.474224592,350.15292820915005
0.001,vecD,helm,4.66845237070379,331048.2971585641,350.1434174962254
0.001,vecD,helm,4.777470290335773,346113.8501482904,350.1343285770778
0.001,vecD,helm,4.889034001561443,361852.1440682097,350.1256425602202
0.001,vecD,helm,5.003202953825999,378292.35295420163,350.1173414058944
0.001,vecD,helm,5.120037984840887,395464.8588254129,350.109407887425
0.001,vecD,helm,5.239601353002644,413401.2980136483,350.10182555434164
0.001,vecD,helm,5.361956770568817,432134.60903746856,350.09457869719006
0.001,vecD,helm,5.487169437608599,451699.0820582105,350.08765231395137
0.001,vecD,helm,5.615306076746273,472130.4099551522,350.0810320779956
0.001,vecD,helm,5.746434968715974,493465.7410570047,350.0747043074983
0.001,vecD,helm,5.880625988746757,515743.7335667946,350.06865593625304
0.001,vecD,helm,6.017950643797328,539004.611717002,350.0628744858143
0.001,vecD,helm,6.158482110660261,563290.2236915523,350.05734803891096
0.001,vecD,helm,6.302295274956023,588644.1013509221,350.05206521406933
0.001,vecD,helm,6.449466771037621,615111.5217961912,350.04701514139197
0.001,vecD,helm,6.600075022827088,642739.5708073472,350.0421874394397
0.001,vecD,helm,6.754200285605586,671577.2081905452,350.03757219316276
0.001,vecD,helm,6.911924688779366,701675.3350683308,350.03315993283724
0.001,vecD,helm,7.073332279644439,733086.8631460344,350.028941613957
0.001,vecD,helm,7.238509068173248,765866.7859866485,350.0249085980393
0.001,vecD,helm,7.4075430728471625,800072.252325482,350.02105263430195
0.001,vecD,helm,7.580524367559261,835762.6414547984,350.017365842172
0.001,vecD,helm,7.757545129612414,872999.640707423,350.0138406945868
0.001,vecD,helm,7.9386996888382235,911847.3250669667,350.01047000205295
0.001,vecD,helm,8.124084577862966,952372.2389308746,350.0072468974285
0.001,vecD,helm,8.313798583547333,994643.4800509523,350.0041648213928
0.001,vecD,helm,8.507942799627445,1038732.7856743695,350.0012175085762
0.001,vecD,helm,8.706620680585118,1084714.620906322,349.99839897431684
0.001,vecD,helm,8.909938096776107,1132666.2693136414,349.9957035020168
0.001,vecD,helm,9.118003390845681,1182667.9257866226,349.9931256310715
0.001,vecD,helm,9.330927435461664,1234802.7916742181,349.9906601453435
0.001,vecD,helm,9.548823692395656,1289157.1722054644,349.98830206215894
0.001,vecD,helm,9.771808272983899,1345820.5762076674,349.98604662180077
0.001,vecD,helm,10.0,1404885.8181293926,349.9838892774771
0.001,vecD,shell,0.12451970847350319,256.92229769754175,6782.9546221813935
0.001,vecD,shell,0.12742749857031335,268.95191508634343,5521.700572675697
0.001,vecD,shell,0.13040319151841315,281.54675468784507,4692.266269380926
0.001,vecD,shell,0.13344837298838383,294.733405542585,4107.0889348152305
0.001,vecD,shell,0.13656466567946096,308.5397071675441,3672.523636668244
0.001,vecD,shell,0.1397537301842291,322.9948082827032,3337.3661026934255
0.001,vecD,shell,0.1430172658735088,338.1292282882545,3071.2589892016504
0.001,vecD,shell,0.14635701180190797,353.9749216207504,2855.0625057330412
0.001,vecD,shell,0.14977474763452,370.56534512241035,2676.111126358038
0.001,vecD,shell,0.15327229459526134,387.9355285640138,2525.6894446005367
0.001,vecD,shell,0.1568515164373548,406.1221484683216,2397.603526377066
0.001,vecD,shell,0.16051432043647615,425.16360538775484,2287.3304814842204
0.001,vecD,shell,0.16426265840709303,445.1001047971696,2191.4904798638468
0.001,vecD,shell,0.16809852774253636,465.97374176999057,2107.507057473295
0.001,vecD,shell,0.1720239724793599,487.8285896137501,2033.3817676700319
0.001,vecD,shell,0.17604108438655525,510.7107926491987,1967.5406583899085
0.001,vecD,shell,0.18015200408020238,534.6686633256496,1908.7272137231369
0.001,vecD,shell,0.1843589221641488,559.7527838740943,1855.9261413293323
0.001,vecD,shell,0.18866408039732582,586.0161127089265,1808.3081122405827
0.001,vecD,shell,0.19306977288832497,613.5140957988195,1765.1890272389007
0.001,vecD,shell,0.19757834731786994,642.3047832374423,1725.9995416969305
0.001,vecD,shell,0.20219220618983536,672.4489512553127,1690.2619562136736
0.001,vecD,shell,0.20691380811147903,704.0102299251841,1657.572476472164
0.001,vecD,shell,0.21174566910357118,737.0552368249539,1627.5874411902796
0.001,vecD,shell,0.2166903639411181,771.6537169342043,1600.0125198812295
0.001,vecD,shell,0.22175052752539318,807.8786890531242,1574.594159204099
0.001,vecD,shell,0.2269288562880081,845.8065990458398,1551.1127501408328
0.001,vecD,shell,0.23222810962777246,885.5174802239935,1529.377125207966
0.001,vecD,shell,0.23765111138110728,927.0951212008687,1509.22009314772
0.001,vecD,shell,0.24320075132679475,970.6272415614596,1490.494789844576
0.001,vecD,shell,0.24887998672586673,1016.2056757096841,1473.0716765431828
0.001,vecD,shell,0.25469184389745403,1063.9265652704387,1456.8360552492397
0.001,vecD,shell,0.26063941983143474,1113.8905604414072,1441.68600025189
0.001,vecD,shell,0.2667258838387405,1166.203030707546,1427.5306266614798
0.001,vecD,shell,0.2729544792402007,1220.974285349991,1414.2886335878684
0.001,vecD,shell,0.2793285250948253,1278.3198042007728,1401.8870724372625
0.001,vecD,shell,0.28585141796844715,1338.3604791152668,1390.2603007537614
0.001,vecD,shell,0.2925266337436645,1401.2228666556982,1379.3490897868937
0.001,vecD,shell,0.29935772947204903,1467.0394525014701,1369.0998600527255
0.001,vecD,shell,0.3063483452696084,1535.948928125452,1359.4640239633638
0.001,vecD,shell,0.3135022062565112,1608.0964802997742,1350.397418419684
0.001,vecD,shell,0.32082312454210776,1683.6340940201696,1341.8598133151288
0.001,vecD,shell,0.3283150012563047,1762.7208694645617,1333.8144843518328
0.001,vecD,shell,0.3359818286283781,1845.5233536294004,1326.2278405521704
0.001,vecD,shell,0.34382769211433073,1932.2158873162462,1319.0690984577313
0.001,vecD,shell,0.3518567725739263,2022.9809681714157,1312.3099963200336
0.001,vecD,shell,0.360073348498562,2118.00963051314,1305.9245426625632
0.001,vecD,shell,0.3684817982911677,2217.5018427137256,1299.8887944785818
0.001,vecD,shell,0.3770866025993452,2321.6669229386284,1294.18066106035
0.001,vecD,shell,0.3858923467029903,2430.7239740803134,1288.7797300620114
0.001,vecD,shell,0.3949037229576702,2544.9023387623242,1283.6671129035713
0.001,vecD,shell,0.40412553329506,2664.442075328153,1278.8253070456444
0.001,vecD,shell,0.4135626917817706,2789.5944557703315,1274.2380730188138
0.001,vecD,shell,0.4232202272379275,2920.622486597752,1269.890324389509
0.001,vecD,shell,0.4331032859169001,3057.8014536837536,1265.768029095994
0.001,vecD,shell,0.44321713424760856,3201.419492183861,1261.8581208011956
0.001,vecD,shell,0.45356716164087024,3351.778182660421,1258.1484190902227
0.001,vecD,shell,0.46415888336127775,3509.193174601776,1254.6275574946803
0.001,vecD,shell,0.47499794346614127,3673.994838576257,1251.2849184577399
0.001,vecD,shell,0.48609011781306305,3846.5289483161655,1248.1105744668268
0.001,vecD,shell,0.49744131713774514,4027.1573940839567,1245.0952346778176
0.001,vecD,shell,0.5090575902036681,4216.258928732468,1242.2301964381472
0.001,vecD,shell,0.5209451270253211,4414.229947933177,1239.5073011883428
0.001,vecD,shell,0.5331102621667033,4621.485306111227,1236.9188942838816
0.001,vecD,shell,0.5455594781168515,4838.459169693312,1234.457788333374
0.001,vecD,shell,0.5582994087441919,5065.605909344807,1232.117229696103
0.001,vecD,shell,0.571336842831558,5303.401032945778,1229.8908678228859
0.001,vecD,shell,0.584678727693759,5552.342161131791,1227.7727271600056
0.001,vecD,shell,0.5983321728796283,5812.950047304771,1225.7571813671923
0.001,vecD,shell,0.6123044539605184,6085.769644101867,1223.83892962804
0.001,vecD,shell,0.6266030164072656,6371.37121839645,1222.0129748553027
0.001,vecD,shell,0.6412354795576917,6670.351516995051,1220.2746036146505
0.001,vecD,shell,0.6562096406767555,6983.334985287275,1218.6193676091223
0.001,vecD,shell,0.6715334791115142,7310.975041202789,1217.043066582946
0.001,vecD,shell,0.6872151605431122,7653.955406930708,1215.5417325179596
0.001,vecD,shell,0.7032630413380644,8012.99150096177,1214.111615008725
0.001,vecD,shell,0.7196856730011514,8388.831893123055,1212.749167713876
0.001,vecD,shell,0.7364918067322965,8782.259825388677,1211.4510357913707
0.001,vecD,shell,0.7536903980898542,9194.094801368272,1210.2140442343632
0.001,vecD,shell,0.7712906117627992,9625.194247498228,1209.0351870324457
0.001,vecD,shell,0.7893018264543568,10076.455249088203,1207.9116170902003
0.001,vecD,shell,0.8077336398796711,10548.816364508382,1206.8406368414057
0.001,vecD,shell,0.8265958738801813,11043.259520941187,1205.819689503004
0.001,vecD,shell,0.84589857965743,11560.811995264561,1204.846350918043
0.001,vecD,shell,0.8656520431290936,12102.548483782863,1203.9183219414685
0.001,vecD,shell,0.8858667904100823,12669.593264676038,1203.033421326739
0.001,vecD,shell,0.9065535934216359,13263.122457198699,1202.1895790750125
0.001,vecD,shell,0.927723475631406,13884.36638182739,1201.3848302119652
0.001,vecD,shell,0.949387717927582,14534.612025727334,1200.6173089603697
0.001,vecD,shell,0.9715578646301858,15215.205618089432,1199.8852432792696
0.001,vecD,shell,0.9942457296427418,15927.555320074754,1199.186949743066
0.001,vecD,shell,1.0174634027476064,16673.134034297087,1198.5208287360604
0.001,vecD,shell,1.0412232560483043,17453.482338973972,1197.8853599400347
0.001,vecD,shell,1.0655379505623053,18270.211552084435,1197.2790980942716
0.001,vecD,shell,1.0904204429677526,19125.00693108676,1196.700669009085
0.001,vecD,shell,1.115883992507748,20019.631013972765,1196.1487658154635
0.001,vecD,shell,1.1419421680558648,20955.927107665393,1195.6221454347738
0.001,vecD,shell,1.168608855346651,21935.82293000537,1195.1196252537575
0.001,vecD,shell,1.1958982643749794,22961.33441182039,1194.6400799911798
0.001,vecD,shell,1.2238249369681924,24034.5696658261,1194.1824387435363
0.001,vecD,shell,1.252403754535072,25157.7331293726,1193.7456821981687
0.001,vecD,shell,1.2816499459957584,26333.129888323834,1193.3288400030344
0.001,vecD,shell,1.3115790958968503,27563.170189640412,1192.9309882831371
0.001,vecD,shell,1.342207152716012,28850.37415052895,1192.5512472943924
0.001,vecD,shell,1.3735504373605123,30197.376672322345,1192.1887792063335
0.001,vecD,shell,1.405625651864215,31606.9325675674,1191.8427860057168
0.001,vecD,shell,1.438449888287663,33081.921909118166,1191.5125075136102
0.001,vecD,shell,1.4720406378260014,34625.35561036545,1191.1972195091012
0.001,vecD,shell,1.506415800129591,36240.38124607518,1190.8962319532116
0.001,vecD,shell,1.5415936928422718,37930.28912366053,1190.6088873070614
0.001,vecD,shell,1.5775930613623614,39698.51861507757,1190.3345589387236
0.001,vecD,shell,1.6144330888316019,41548.66475990805,1190.0726496135842
0.001,vecD,shell,1.6521334063573685,43484.485150578745,1189.8225900633674
0.001,vecD,shell,1.69071410347358,45509.9071110624,1189.5838376293063
0.001,vecD,shell,1.7301957388458944,47629.03518081459,1189.355874975236
0.001,vecD,shell,1.770599351226898,49846.158916119806,1189.1382088666412
0.001,vecD,shell,1.8119464706671222,52165.76102144993,1188.930369011982
0.001,vecD,shell,1.8542591299878524,54592.525823880766,1188.7319069628059
0.001,vecD,shell,1.8975598765218504,57131.34810406615,1188.5423950694121
0.001,vecD,shell,1.941871784128255,59787.342297734765,1188.3614254890156
0.001,vecD,shell,1.9872184654880534,62565.85208215059,1188.1886092435498
0.001,vecD,shell,2.0336240846866724,65472.46036246596,1188.0235753244258
0.001,vecD,shell,2.081113370090395,68512.99967339663,1187.8659698417164
0.001,vecD,shell,2.129711627523478,71693.56301215918,1187.7154552154027
0.001,vecD,shell,2.1794447537529833,75020.51511913212,1187.5717094064444
0.001,vecD,shell,2.2303392502884964,78500.50422323516,1187.4344251855746
0.001,vecD,shell,2.2824222375040977,82140.474269565,1187.3033094378416
0.001,vecD,shell,2.3357214690901213,85947.67764738204,1187.1780825010362
0.001,vecD,shell,2.3902653468423893,89929.68843710332,1187.0584775362431
0.001,vecD,shell,2.446082935796798,94094.41619553356,1186.9442399288653
0.001,vecD,shell,2.5032039797173256,98450.12029914856,1186.8351267185546
0.001,vecD,shell,2.561658916945727,103005.4248658404,1186.7309060565747
0.001,vecD,shell,2.6214788966213534,107769.3342761314,1186.6313566892036
0.001,vecD,shell,2.6826957952797246,112751.24931547366,1186.5362674658575
0.001,vecD,shell,2.745342233838714,117960.98395986826,1186.4454368706959
0.001,vecD,shell,2.809451594981406,123408.7828276605,1186.3586725765279
0.001,vecD,shell,2.8750580409448774,129105.33932099423,1186.2757910199066
0.001,vecD,shell,2.942196531724374,135061.81448104157,1186.196616996367
0.001,vecD,shell,3.0109028437025924,141289.85658176182,1186.1209832747963
0.001,vecD,shell,3.081213588714002,147801.62148758332,1186.0487302300119
0.001,vecD,shell,3.1531662335543613,154609.7938010429,1185.979705492631
0.001,vecD,shell,3.2267991199458086,161727.60882705628,1185.913763615409
0.001,vecD,shell,3.3021514849681757,169168.87538113797,1185.8507657552243
0.001,vecD,shell,3.379263481967431,176947.99946952745,1185.7905793699588
0.001,vecD,shell,3.4581762019523774,185080.00886981073,1185.73307792955
0.001,vecD,shell,3.538931695490988,193580.57864125542,1185.6781406405316
0.001,vecD,shell,3.6215729951180746,202466.05759470377,1185.6256521834061
0.001,vecD,shell,3.706144138266228,211753.49575248055,1185.575502462245
0.001,vecD,shell,3.792690190732246,221460.6728293735,1185.5275863659178
0.001,vecD,shell,3.881257270691536,231606.1277663337,1185.4818035404046
0.001,vecD,shell,3.971892573273302,242209.18934912086,1185.438058171659
0.001,vecD,shell,4.064644395709628,253290.0079446776,1185.3962587785156
0.001,vecD,shell,4.1595621630718425,264869.588388549,1185.35631801518
0.001,vecD,shell,4.256696454607871,276969.8240571836,1185.3181524828283
0.001,vecD,shell,4.356099030694608,289613.5321594412,1185.2816825499015
0.001,vecD,shell,4.457822860419706,302824.4902821009,1185.2468321806773
0.001,vecD,shell,4.561922149807459,316627.474224592,1185.2135287717324
0.001,vecD,shell,4.66845237070379,331048.2971585641,1185.181702995922
0.001,vecD,shell,4.777470290335773,346113.8501482904,1185.1512886535309
0.001,vecD,shell,4.889034001561443,361852.1440682097,1185.1222225302486
0.001,vecD,shell,5.003202953825999,378292.35295420163,1185.0944442616649
0.001,vecD,shell,5.120037984840887,395464.8588254129,1185.067896203969
0.001,vecD,shell,5.239601353002644,413401.2980136483,1185.0425233105693
0.001,vecD,shell,5.361956770568817,432134.60903746856,1185.0182730143567
0.001,vecD,shell,5.487169437608599,451699.0820582105,1184.9950951153537
0.001,vecD,shell,5.615306076746273,472130.4099551522,1184.9729416734892
0.001,vecD,shell,5.746434968715974,493465.7410570047,1184.9517669062761
0.001,vecD,shell,5.880625988746757,515743.7335667946,1184.9315270911497
0.001,vecD,shell,6.017950643797328,539004.611717002,1184.9121804722654
0.001,vecD,shell,6.158482110660261,563290.2236915523,1184.8936871715384
0.001,vecD,shell,6.302295274956023,588644.1013509221,1184.8760091037368
0.001,vecD,shell,6.449466771037621,615111.5217961912,1184.8591098954416
0.001,vecD,shell,6.600075022827088,642739.5708073472,1184.8429548076886
0.001,vecD,shell,6.754200285605586,671577.2081905452,1184.8275106621327
0.001,vecD,shell,6.911924688779366,701675.3350683308,1184.8127457705648
0.001,vecD,shell,7.073332279644439,733086.8631460344,1184.7986298676342
0.001,vecD,shell,7.238509068173248,765866.7859866485,1184.7851340466198
0.001,vecD,shell,7.4075430728471625,800072.252325482,1184.772230698124
0.001,vecD,shell,7.580524367559261,835762.6414547984,1184.7598934515445
0.001,vecD,shell,7.757545129612414,872999.640707423,1184.748097119198
0.001,vecD,shell,7.9386996888382235,911847.3250669667,1184.7368176429839
0.001,vecD,shell,8.124084577862966,952372.2389308746,1184.7260320434573
0.001,vecD,shell,8.313798583547333,994643.4800509523,1184.7157183712172
0.001,vecD,shell,8.507942799627445,1038732.7856743695,1184.7058556604907
0.001,vecD,shell,8.706620680585118,1084714.620906322,1184.696423884819
0.001,vecD,shell,8.909938096776107,1132666.2693136414,1184.6874039147528
0.001,vecD,shell,9.118003390845681,1182667.9257866226,1184.678777477458
0.001,vecD,shell,9.330927435461664,1234802.7916742181,1184.6705271181515
0.001,vecD,shell,9.548823692395656,1289157.1722054644,1184.6626361632786
0.001,vecD,shell,9.771808272983899,1345820.5762076674,1184.6550886853574
0.001,vecD,shell,10.0,1404885.8181293926,1184.6478694694094
0.001,scaD,helm,0.12451970847350319,256.92229769754175,33.73800372991547
0.001,scaD,helm,0.12742749857031335,268.95191508634343,33.23660533812541
0.001,scaD,helm,0.13040319151841315,281.54675468784507,33.22530474958981
0.001,scaD,helm,0.13344837298838383,294.733405542585,33.22530474958981
0.001,scaD,helm,0.13656466567946096,308.5397071675441,33.22530474958981
0.001,scaD,helm,0.1397537301842291,322.9948082827032,33.22530474958982
0.001,scaD,helm,0.1430172658735088,338.1292282882545,33.22530474958981
0.001,scaD,helm,0.14635701180190797,353.9749216207504,33.22530474958982
0.001,scaD,helm,0.14977474763452,370.56534512241035,33.2253047495898
0.001,scaD,helm,0.15327229459526134,387.9355285640138,33.22530474958981
0.001,scaD,helm,0.1568515164373548,406.1221484683216,33.22530474958982
0.001,scaD,helm,0.16051432043647615,425.16360538775484,33.22530474958981
0.001,scaD,helm,0.16426265840709303,445.1001047971696,33.22530474958982
0.001,scaD,helm,0.16809852774253636,465.97374176999057,33.22530474958981
0.001,scaD,helm,0.1720239724793599,487.8285896137501,33.22530474958982
0.001,scaD,helm,0.17604108438655525,510.7107926491987,33.22530474958981
0.001,scaD,helm,0.18015200408020238,534.6686633256496,33.22530474958981
0.001,scaD,helm,0.1843589221641488,559.7527838740943,33.22530474958982
0.001,scaD,helm,0.18866408039732582,586.0161127089265,33.22530474958982
0.001,scaD,helm,0.19306977288832497,613.5140957988195,33.22530474958982
0.001,scaD,helm,0.19757834731786994,642.3047832374423,33.22530474958981
0.001,scaD,helm,0.20219220618983536,672.4489512553127,33.22530474958982
0.001,scaD,helm,0.20691380811147903,704.0102299251841,33.22530474958981
0.001,scaD,helm,0.21174566910357118,737.0552368249539,33.22530474958981
0.001,scaD,helm,0.2166903639411181,771.6537169342043,33.22530474958982
0.001,scaD,helm,0.22175052752539318,807.8786890531242,33.22530474958981
0.001,scaD,helm,0.2269288562880081,845.8065990458398,33.22530474958982
0.001,scaD,helm,0.23222810962777246,885.5174802239935,33.22530474958981
0.001,scaD,helm,0.23765111138110728,927.0951212008687,33.22530474958981
0.001,scaD,helm,0.24320075132679475,970.6272415614596,33.22530474958981
0.001,scaD,helm,0.24887998672586673,1016.2056757096841,33.22530474958981
0.001,scaD,helm,0.25469184389745403,1063.9265652704387,33.22530474958981
0.001,scaD,helm,0.26063941983143474,1113.8905604414072,33.22530474958981
0.001,scaD,helm,0.2667258838387405,1166.203030707546,33.22530474958981
0.001,scaD,helm,0.2729544792402007,1220.974285349991,33.22530474958982
0.001,scaD,helm,0.2793285250948253,1278.3198042007728,33.22530474958982
0.001,scaD,helm,0.28585141796844715,1338.3604791152668,33.22530474958982
0.001,scaD,helm,0.2925266337436645,1401.2228666556982,33.22530474958982
0.001,scaD,helm,0.29935772947204903,1467.0394525014701,33.2253047495898
0.001,scaD,helm,0.3063483452696084,1535.948928125452,33.22530474958982
0.001,scaD,helm,0.3135022062565112,1608.0964802997742,33.22530474958981
0.001,scaD,helm,0.32082312454210776,1683.6340940201696,33.22530474958982
0.001,scaD,helm,0.3283150012563047,1762.7208694645617,33.22530474958982
0.001,scaD,helm,0.3359818286283781,1845.5233536294004,33.22530474958981
0.001,scaD,helm,0.34382769211433073,1932.2158873162462,33.22530474958982
0.001,scaD,helm,0.3518567725739263,2022.9809681714157,33.22530474958981
0.001,scaD,helm,0.360073348498562,2118.00963051314,33.22530474958982
0.001,scaD,helm,0.3684817982911677,2217.5018427137256,33.22530474958981
0.001,scaD,helm,0.3770866025993452,2321.6669229386284,33.22530474958981
0.001,scaD,helm,0.3858923467029903,2430.7239740803134,33.22530474958982
0.001,scaD,helm,0.3949037229576702,2544.9023387623242,33.225304749589824
0.001,scaD,helm,0.40412553329506,2664.442075328153,33.22530474958981
0.001,scaD,helm,0.4135626917817706,2789.5944557703315,33.22530474958981
0.001,scaD,helm,0.4232202272379275,2920.622486597752,33.22530474958981
0.001,scaD,helm,0.4331032859169001,3057.8014536837536,33.225304749589824
0.001,scaD,helm,0.44321713424760856,3201.419492183861,33.22530474958982
0.001,scaD,helm,0.45356716164087024,3351.778182660421,33.22530474958981
0.001,scaD,helm,0.46415888336127775,3509.193174601776,33.22530474958981
0.001,scaD,helm,0.47499794346614127,3673.994838576257,33.22530474958982
0.001,scaD,helm,0.48609011781306305,3846.5289483161655,33.22530474958981
0.001,scaD,helm,0.49744131713774514,4027.1573940839567,33.22530474958981
0.001,scaD,helm,0.5090575902036681,4216.258928732468,33.22530474958982
0.001,scaD,helm,0.5209451270253211,4414.229947933177,33.22530474958982
0.001,scaD,helm,0.5331102621667033,4621.485306111227,33.22530474958982
0.001,scaD,helm,0.5455594781168515,4838.459169693312,33.22530474958982
0.001,scaD,helm,0.5582994087441919,5065.605909344807,33.22530474958982
0.001,scaD,helm,0.571336842831558,5303.401032945778,33.22530474958982
0.001,scaD,helm,0.584678727693759,5552.342161131791,33.22530474958982
0.001,scaD,helm,0.5983321728796283,5812.950047304771,33.22530474958982
0.001,scaD,helm,0.6123044539605184,6085.769644101867,33.22530474958982
0.001,scaD,helm,0.6266030164072656,6371.37121839645,33.22530474958981
0.001,scaD,helm,0.6412354795576917,6670.351516995051,33.22530474958981
0.001,scaD,helm,0.6562096406767555,6983.334985287275,33.22530474958981
0.001,scaD,helm,0.6715334791115142,7310.975041202789,33.22530474958982
0.001,scaD,helm,0.6872151605431122,7653.955406930708,33.22530474958981
0.001,scaD,helm,0.7032630413380644,8012.99150096177,33.22530474958982
0.001,scaD,helm,0.7196856730011514,8388.831893123055,33.22530474958982
0.001,scaD,helm,0.7364918067322965,8782.259825388677,33.22530474958982
0.001,scaD,helm,0.7536903980898542,9194.094801368272,33.22530474958981
0.001,scaD,helm,0.7712906117627992,9625.194247498228,33.22530474958982
0.001,scaD,helm,0.7893018264543568,10076.455249088203,33.22530474958982
0.001,scaD,helm,0.8077336398796711,10548.816364508382,33.22530474958981
0.001,scaD,helm,0.8265958738801813,11043.259520941187,33.22530474958982
0.001,scaD,helm,0.84589857965743,11560.811995264561,33.22530474958982
0.001,scaD,helm,0.8656520431290936,12102.548483782863,33.22530474958981
0.001,scaD,helm,0.8858667904100823,12669.593264676038,33.22530474958982
0.001,scaD,helm,0.9065535934216359,13263.122457198699,33.225304749589824
0.001,scaD,helm,0.927723475631406,13884.36638182739,33.22530474958982
0.001,scaD,helm,0.949387717927582,14534.612025727334,33.22530474958982
0.001,scaD,helm,0.9715578646301858,15215.205618089432,33.22530474958982
0.001,scaD,helm,0.9942457296427418,15927.555320074754,33.22530474958982
0.001,scaD,helm,1.0174634027476064,16673.134034297087,33.22530474958982
0.001,scaD,helm,1.0412232560483043,17453.482338973972,33.22530474958982
0.001,scaD,helm,1.0655379505623053,18270.211552084435,33.22530474958982
0.001,scaD,helm,1.0904204429677526,19125.00693108676,33.22530474958981
0.001,scaD,helm,1.115883992507748,20019.631013972765,33.22530474958981
0.001,scaD,helm,1.1419421680558648,20955.927107665393,33.22530474958982
0.001,scaD,helm,1.168608855346651,21935.82293000537,33.22530474958982
0.001,scaD,helm,1.1958982643749794,22961.33441182039,33.22530474958981
0.001,scaD,helm,1.2238249369681924,24034.5696658261,33.225304749589824
0.001,scaD,helm,1.252403754535072,25157.7331293726,33.22530474958981
0.001,scaD,helm,1.2816499459957584,26333.129888323834,33.22530474958981
0.001,scaD,helm,1.3115790958968503,27563.170189640412,33.22530474958982
0.001,scaD,helm,1.342207152716012,28850.37415052895,33.22530474958982
0.001,scaD,helm,1.3735504373605123,30197.376672322345,33.22530474958982
0.001,scaD,helm,1.405625651864215,31606.9325675674,33.22530474958981
0.001,scaD,helm,1.438449888287663,33081.921909118166,33.22530474958982
0.001,scaD,helm,1.4720406378260014,34625.35561036545,33.22530474958982
0.001,scaD,helm,1.506415800129591,36240.38124607518,33.22530474958982
0.001,scaD,helm,1.5415936928422718,37930.28912366053,33.22530474958981
0.001,scaD,helm,1.5775930613623614,39698.51861507757,33.22530474958982
0.001,scaD,helm,1.6144330888316019,41548.66475990805,33.22530474958981
0.001,scaD,helm,1.6521334063573685,43484.485150578745,33.22530474958982
0.001,scaD,helm,1.69071410347358,45509.9071110624,33.22530474958981
0.001,scaD,helm,1.7301957388458944,47629.03518081459,33.22530474958981
0.001,scaD,helm,1.770599351226898,49846.158916119806,33.22530474958982
0.001,scaD,helm,1.8119464706671222,52165.76102144993,33.22530474958981
0.001,scaD,helm,1.8542591299878524,54592.525823880766,33.22530474958981
0.001,scaD,helm,1.8975598765218504,57131.34810406615,33.22530474958982
0.001,scaD,helm,1.941871784128255,59787.342297734765,33.22530474958981
0.001,scaD,helm,1.9872184654880534,62565.85208215059,33.22530474958981
0.001,scaD,helm,2.0336240846866724,65472.46036246596,33.22530474958981
0.001,scaD,helm,2.081113370090395,68512.99967339663,33.22530474958982
0.001,scaD,helm,2.129711627523478,71693.56301215918,33.22530474958982
0.001,scaD,helm,2.1794447537529833,75020.51511913212,33.22530474958981
0.001,scaD,helm,2.2303392502884964,78500.50422323516,33.22530474958981
0.001,scaD,helm,2.2824222375040977,82140.474269565,33.22530474958981
0.001,scaD,helm,2.3357214690901213,85947.67764738204,33.22530474958981
0.001,scaD,helm,2.3902653468423893,89929.68843710332,33.22530474958981
0.001,scaD,helm,2.446082935796798,94094.41619553356,33.225304749589824
0.001,scaD,helm,2.5032039797173256,98450.12029914856,33.22530474958981
0.001,scaD,helm,2.561658916945727,103005.4248658404,33.22530474958982
0.001,scaD,helm,2.6214788966213534,107769.3342761314,33.22530474958981
0.001,scaD,helm,2.6826957952797246,112751.24931547366,33.22530474958981
0.001,scaD,helm,2.745342233838714,117960.98395986826,33.22530474958981
0.001,scaD,helm,2.809451594981406,123408.7828276605,33.22530474958981
0.001,scaD,helm,2.8750580409448774,129105.33932099423,33.22530474958981
0.001,scaD,helm,2.942196531724374,135061.81448104157,33.22530474958982
0.001,scaD,helm,3.0109028437025924,141289.85658176182,33.22530474958981
0.001,scaD,helm,3.081213588714002,147801.62148758332,33.22530474958982
0.001,scaD,helm,3.1531662335543613,154609.7938010429,33.22530474958981
0.001,scaD,helm,3.2267991199458086,161727.60882705628,33.22530474958981
0.001,scaD,helm,3.3021514849681757,169168.87538113797,33.22530474958982
0.001,scaD,helm,3.379263481967431,176947.99946952745,33.22530474958982
0.001,scaD,helm,3.4581762019523774,185080.00886981073,33.22530474958982
0.001,scaD,helm,3.538931695490988,193580.57864125542,33.22530474958982
0.001,scaD,helm,3.6215729951180746,202466.05759470377,33.22530474958981
0.001,scaD,helm,3.706144138266228,211753.49575248055,33.22530474958981
0.001,scaD,helm,3.792690190732246,221460.6728293735,33.22530474958982
0.001,scaD,helm,3.881257270691536,231606.1277663337,33.22530474958982
0.001,scaD,helm,3.971892573273302,242209.18934912086,33.22530474958982
0.001,scaD,helm,4.064644395709628,253290.0079446776,33.22530474958981
0.001,scaD,helm,4.1595621630718425,264869.588388549,33.22530474958982
0.001,scaD,helm,4.256696454607871,276969.8240571836,33.22530474958981
0.001,scaD,helm,4.356099030694608,289613.5321594412,33.22530474958982
0.001,scaD,helm,4.457822860419706,302824.4902821009,33.22530474958982
0.001,scaD,helm,4.561922149807459,316627.474224592,33.22530474958981
0.001,scaD,helm,4.66845237070379,331048.2971585641,33.225304749589824
0.001,scaD,helm,4.777470290335773,346113.8501482904,33.22530474958982
0.001,scaD,helm,4.889034001561443,361852.1440682097,33.22530474958982
0.001,scaD,helm,5.003202953825999,378292.35295420163,33.22530474958982
0.001,scaD,helm,5.120037984840887,395464.8588254129,33.22530474958982
0.001,scaD,helm,5.239601353002644,413401.2980136483,33.22530474958981
0.001,scaD,helm,5.361956770568817,432134.60903746856,33.22530474958981
0.001,scaD,helm,5.487169437608599,451699.0820582105,33.22530474958982
0.001,scaD,helm,5.615306076746273,472130.4099551522,33.22530474958981
0.001,scaD,helm,5.746434968715974,493465.7410570047,33.22530474958981
0.001,scaD,helm,5.880625988746757,515743.7335667946,33.22530474958981
0.001,scaD,helm,6.017950643797328,539004.611717002,33.22530474958982
0.001,scaD,helm,6.158482110660261,563290.2236915523,33.22530474958982
0.001,scaD,helm,6.302295274956023,588644.1013509221,33.22530474958982
0.001,scaD,helm,6.449466771037621,615111.5217961912,33.22530474958981
0.001,scaD,helm,6.600075022827088,642739.5708073472,33.22530474958982
0.001,scaD,helm,6.754200285605586,671577.2081905452,33.22530474958982
0.001,scaD,helm,6.911924688779366,701675.3350683308,33.22530474958982
0.001,scaD,helm,7.073332279644439,733086.8631460344,33.22530474958981
0.001,scaD,helm,7.238509068173248,765866.7859866485,33.22530474958981
0.001,scaD,helm,7.4075430728471625,800072.252325482,33.22530474958982
0.001,scaD,helm,7.580524367559261,835762.6414547984,33.22530474958981
0.001,scaD,helm,7.757545129612414,872999.640707423,33.22530474958981
0.001,scaD,helm,7.9386996888382235,911847.3250669667,33.22530474958982
0.001,scaD,helm,8.124084577862966,952372.2389308746,33.22530474958982
0.001,scaD,helm,8.313798583547333,994643.4800509523,33.22530474958981
0.001,scaD,helm,8.507942799627445,1038732.7856743695,33.22530474958981
0.001,scaD,helm,8.706620680585118,1084714.620906322,33.22530474958981
0.001,scaD,helm,8.909938096776107,1132666.2693136414,33.22530474958982
0.001,scaD,helm,9.118003390845681,1182667.9257866226,33.22530474958982
0.001,scaD,helm,9.330927435461664,1234802.7916742181,33.22530474958982
0.001,scaD,helm,9.548823692395656,1289157.1722054644,33.22530474958982
0.001,scaD,helm,9.771808272983899,1345820.5762076674,33.22530474958982
0.001,scaD,helm,10.0,1404885.8181293926,33.22530474958982
0.001,scaD,shell,0.12451970847350319,256.92229769754175,114.28579709773818
0.001,scaD,shell,0.12742749857031335,268.95191508634343,113.58702693080461
0.001,scaD,shell,0.13040319151841315,281.54675468784507,113.55756163053712
0.001,scaD,shell,0.13344837298838383,294.733405542585,113.55756163053712
0.001,scaD,shell,0.13656466567946096,308.5397071675441,113.55756163053711
0.001,scaD,shell,0.1397537301842291,322.9948082827032,113.55756163053711
0.001,scaD,shell,0.1430172658735088,338.1292282882545,113.5575616305371
0.001,scaD,shell,0.14635701180190797,353.9749216207504,113.55756163053712
0.001,scaD,shell,0.14977474763452,370.56534512241035,113.5575616305371
0.001,scaD,shell,0.15327229459526134,387.9355285640138,113.55756163053712
0.001,scaD,shell,0.1568515164373548,406.1221484683216,113.55756163053714
0.001,scaD,shell,0.16051432043647615,425.16360538775484,113.5575616305371
0.001,scaD,shell,0.16426265840709303,445.1001047971696,113.55756163053711
0.001,scaD,shell,0.16809852774253636,465.97374176999057,113.55756163053711
0.001,scaD,shell,0.1720239724793599,487.8285896137501,113.55756163053711
0.001,scaD,shell,0.17604108438655525,510.7107926491987,113.55756163053711
0.001,scaD,shell,0.18015200408020238,534.6686633256496,113.55756163053712
0.001,scaD,shell,0.1843589221641488,559.7527838740943,113.55756163053712
0.001,scaD,shell,0.18866408039732582,586.0161127089265,113.55756163053711
0.001,scaD,shell,0.19306977288832497,613.5140957988195,113.55756163053711
0.001,scaD,shell,0.19757834731786994,642.3047832374423,113.55756163053712
0.001,scaD,shell,0.20219220618983536,672.4489512553127,113.5575616305371
0.001,scaD,shell,0.20691380811147903,704.0102299251841,113.55756163053711
0.001,scaD,shell,0.21174566910357118,737.0552368249539,113.55756163053711
0.001,scaD,shell,0.2166903639411181,771.6537169342043,113.55756163053712
0.001,scaD,shell,0.22175052752539318,807.8786890531242,113.55756163053714
0.001,scaD,shell,0.2269288562880081,845.8065990458398,113.55756163053712
0.001,scaD,shell,0.23222810962777246,885.5174802239935,113.5575616305371
0.001,scaD,shell,0.23765111138110728,927.0951212008687,113.55756163053711
0.001,scaD,shell,0.24320075132679475,970.6272415614596,113.55756163053711
0.001,scaD,shell,0.24887998672586673,1016.2056757096841,113.55756163053711
0.001,scaD,shell,0.25469184389745403,1063.9265652704387,113.55756163053711
0.001,scaD,shell,0.26063941983143474,1113.8905604414072,113.55756163053711
0.001,scaD,shell,0.2667258838387405,1166.203030707546,113.55756163053714
0.001,scaD,shell,0.2729544792402007,1220.974285349991,113.55756163053711
0.001,scaD,shell,0.2793285250948253,1278.3198042007728,113.55756163053711
0.001,scaD,shell,0.28585141796844715,1338.3604791152668,113.55756163053708
0.001,scaD,shell,0.2925266337436645,1401.2228666556982,113.55756163053712
0.001,scaD,shell,0.29935772947204903,1467.0394525014701,113.55756163053714
0.001,scaD,shell,0.3063483452696084,1535.948928125452,113.55756163053711
0.001,scaD,shell,0.3135022062565112,1608.0964802997742,113.55756163053714
0.001,scaD,shell,0.32082312454210776,1683.6340940201696,113.55756163053711
0.001,scaD,shell,0.3283150012563047,1762.7208694645617,113.55756163053712
0.001,scaD,shell,0.3359818286283781,1845.5233536294004,113.55756163053712
0.001,scaD,shell,0.34382769211433073,1932.2158873162462,113.55756163053712
0.001,scaD,shell,0.3518567725739263,2022.9809681714157,113.55756163053711
0.001,scaD,shell,0.360073348498562,2118.00963051314,113.55756163053711
0.001,scaD,shell,0.3684817982911677,2217.5018427137256,113.5575616305371
0.001,scaD,shell,0.3770866025993452,2321.6669229386284,113.5575616305371
0.001,scaD,shell,0.3858923467029903,2430.7239740803134,113.55756163053715
0.001,scaD,shell,0.3949037229576702,2544.9023387623242,113.5575616305371
0.001,scaD,shell,0.40412553329506,2664.442075328153,113.55756163053711
0.001,scaD,shell,0.4135626917817706,2789.5944557703315,113.55756163053711
0.001,scaD,shell,0.4232202272379275,2920.622486597752,113.55756163053714
0.001,scaD,shell,0.4331032859169001,3057.8014536837536,113.55756163053711
0.001,scaD,shell,0.44321713424760856,3201.419492183861,113.5575616305371
0.001,scaD,shell,0.45356716164087024,3351.778182660421,113.55756163053712
0.001,scaD,shell,0.46415888336127775,3509.193174601776,113.55756163053711
0.001,scaD,shell,0.47499794346614127,3673.994838576257,113.55756163053714
0.001,scaD,shell,0.48609011781306305,3846.5289483161655,113.55756163053711
0.001,scaD,shell,0.49744131713774514,4027.1573940839567,113.55756163053708
0.001,scaD,shell,0.5090575902036681,4216.258928732468,113.55756163053712
0.001,scaD,shell,0.5209451270253211,4414.229947933177,113.55756163053711
0.001,scaD,shell,0.5331102621667033,4621.485306111227,113.5575616305371
0.001,scaD,shell,0.5455594781168515,4838.459169693312,113.55756163053711
0.001,scaD,shell,0.5582994087441919,5065.605909344807,113.55756163053712
0.001,scaD,shell,0.571336842831558,5303.401032945778,113.55756163053712
0.001,scaD,shell,0.584678727693759,5552.342161131791,113.55756163053711
0.001,scaD,shell,0.5983321728796283,5812.950047304771,113.5575616305371
0.001,scaD,shell,0.6123044539605184,6085.769644101867,113.55756163053711
0.001,scaD,shell,0.6266030164072656,6371.37121839645,113.55756163053712
0.001,scaD,shell,0.6412354795576917,6670.351516995051,113.55756163053712
0.001,scaD,shell,0.6562096406767555,6983.334985287275,113.55756163053712
0.001,scaD,shell,0.6715334791115142,7310.975041202789,113.55756163053712
0.001,scaD,shell,0.6872151605431122,7653.955406930708,113.55756163053712
0.001,scaD,shell,0.7032630413380644,8012.99150096177,113.55756163053711
0.001,scaD,shell,0.7196856730011514,8388.831893123055,113.55756163053712
0.001,scaD,shell,0.7364918067322965,8782.259825388677,113.55756163053712
0.001,scaD,shell,0.7536903980898542,9194.094801368272,113.55756163053711
0.001,scaD,shell,0.7712906117627992,9625.194247498228,113.55756163053711
0.001,scaD,shell,0.7893018264543568,10076.455249088203,113.55756163053711
0.001,scaD,shell,0.8077336398796711,10548.816364508382,113.5575616305371
0.001,scaD,shell,0.8265958738801813,11043.259520941187,113.55756163053711
0.001,scaD,shell,0.84589857965743,11560.811995264561,113.55756163053714
0.001,scaD,shell,0.8656520431290936,12102.548483782863,113.55756163053714
0.001,scaD,shell,0.8858667904100823,12669.593264676038,113.55756163053712
0.001,scaD,shell,0.9065535934216359,13263.122457198699,113.55756163053711
0.001,scaD,shell,0.927723475631406,13884.36638182739,113.55756163053712
0.001,scaD,shell,0.949387717927582,14534.612025727334,113.55756163053715
0.001,scaD,shell,0.9715578646301858,15215.205618089432,113.55756163053711
0.001,scaD,shell,0.9942457296427418,15927.555320074754,113.55756163053711
0.001,scaD,shell,1.0174634027476064,16673.134034297087,113.55756163053711
0.001,scaD,shell,1.0412232560483043,17453.482338973972,113.55756163053712
0.001,scaD,shell,1.0655379505623053,18270.211552084435,113.55756163053714
0.001,scaD,shell,1.0904204429677526,19125.00693108676,113.55756163053712
0.001,scaD,shell,1.115883992507748,20019.631013972765,113.55756163053711
0.001,scaD,shell,1.1419421680558648,20955.927107665393,113.55756163053712
0.001,scaD,shell,1.168608855346651,21935.82293000537,113.5575616305371
0.001,scaD,shell,1.1958982643749794,22961.33441182039,113.55756163053711
0.001,scaD,shell,1.2238249369681924,24034.5696658261,113.5575616305371
0.001,scaD,shell,1.252403754535072,25157.7331293726,113.55756163053712
0.001,scaD,shell,1.2816499459957584,26333.129888323834,113.55756163053714
0.001,scaD,shell,1.3115790958968503,27563.170189640412,113.55756163053712
0.001,scaD,shell,1.342207152716012,28850.37415052895,113.5575616305371
0.001,scaD,shell,1.3735504373605123,30197.376672322345,113.55756163053712
0.001,scaD,shell,1.405625651864215,31606.9325675674,113.55756163053712
0.001,scaD,shell,1.438449888287663,33081.921909118166,113.55756163053712
0.001,scaD,shell,1.4720406378260014,34625.35561036545,113.5575616305371
0.001,scaD,shell,1.506415800129591,36240.38124607518,113.55756163053711
0.001,scaD,shell,1.5415936928422718,37930.28912366053,113.55756163053714
0.001,scaD,shell,1.5775930613623614,39698.51861507757,113.5575616305371
0.001,scaD,shell,1.6144330888316019,41548.66475990805,113.55756163053712
0.001,scaD,shell,1.6521334063573685,43484.485150578745,113.55756163053712
0.001,scaD,shell,1.69071410347358,45509.9071110624,113.55756163053712
0.001,scaD,shell,1.7301957388458944,47629.03518081459,113.55756163053711
0.001,scaD,shell,1.770599351226898,49846.158916119806,113.55756163053712
0.001,scaD,shell,1.8119464706671222,52165.76102144993,113.55756163053711
0.001,scaD,shell,1.8542591299878524,54592.525823880766,113.55756163053711
0.001,scaD,shell,1.8975598765218504,57131.34810406615,113.55756163053708
0.001,scaD,shell,1.941871784128255,59787.342297734765,113.55756163053711
0.001,scaD,shell,1.9872184654880534,62565.85208215059,113.5575616305371
0.001,scaD,shell,2.0336240846866724,65472.46036246596,113.55756163053711
0.001,scaD,shell,2.081113370090395,68512.99967339663,113.55756163053712
0.001,scaD,shell,2.129711627523478,71693.56301215918,113.55756163053711
0.001,scaD,shell,2.1794447537529833,75020.51511913212,113.55756163053711
0.001,scaD,shell,2.2303392502884964,78500.50422323516,113.55756163053708
0.001,scaD,shell,2.2824222375040977,82140.474269565,113.55756163053712
0.001,scaD,shell,2.3357214690901213,85947.67764738204,113.55756163053711
0.001,scaD,shell,2.3902653468423893,89929.68843710332,113.55756163053711
0.001,scaD,shell,2.446082935796798,94094.41619553356,113.55756163053711
0.001,scaD,shell,2.5032039797173256,98450.12029914856,113.55756163053714
0.001,scaD,shell,2.561658916945727,103005.4248658404,113.55756163053712
0.001,scaD,shell,2.6214788966213534,107769.3342761314,113.55756163053711
0.001,scaD,shell,2.6826957952797246,112751.24931547366,113.55756163053711
0.001,scaD,shell,2.745342233838714,117960.98395986826,113.55756163053711
0.001,scaD,shell,2.809451594981406,123408.7828276605,113.55756163053711
0.001,scaD,shell,2.8750580409448774,129105.33932099423,113.55756163053711
0.001,scaD,shell,2.942196531724374,135061.81448104157,113.55756163053714
0.001,scaD,shell,3.0109028437025924,141289.85658176182,113.55756163053712
0.001,scaD,shell,3.081213588714002,147801.62148758332,113.55756163053711
0.001,scaD,shell,3.1531662335543613,154609.7938010429,113.5575616305371
0.001,scaD,shell,3.2267991199458086,161727.60882705628,113.55756163053712
0.001,scaD,shell,3.3021514849681757,169168.87538113797,113.55756163053714
0.001,scaD,shell,3.379263481967431,176947.99946952745,113.55756163053712
0.001,scaD,shell,3.4581762019523774,185080.00886981073,113.55756163053711
0.001,scaD,shell,3.538931695490988,193580.57864125542,113.55756163053711
0.001,scaD,shell,3.6215729951180746,202466.05759470377,113.55756163053714
0.001,scaD,shell,3.706144138266228,211753.49575248055,113.55756163053714
0.001,scaD,shell,3.792690190732246,221460.6728293735,113.55756163053715
0.001,scaD,shell,3.881257270691536,231606.1277663337,113.55756163053711
0.001,scaD,shell,3.971892573273302,242209.18934912086,113.55756163053711
0.001,scaD,shell,4.064644395709628,253290.0079446776,113.55756163053711
0.001,scaD,shell,4.1595621630718425,264869.588388549,113.55756163053712
0.001,scaD,shell,4.256696454607871,276969.8240571836,113.55756163053712
0.001,scaD,shell,4.356099030694608,289613.5321594412,113.55756163053712
0.001,scaD,shell,4.457822860419706,302824.4902821009,113.55756163053712
0.001,scaD,shell,4.561922149807459,316627.474224592,113.55756163053711
0.001,scaD,shell,4.66845237070379,331048.2971585641,113.55756163053712
0.001,scaD,shell,4.777470290335773,346113.8501482904,113.55756163053712
0.001,scaD,shell,4.889034001561443,361852.1440682097,113.55756163053712
0.001,scaD,shell,5.003202953825999,378292.35295420163,113.55756163053711
0.001,scaD,shell,5.120037984840887,395464.8588254129,113.55756163053714
0.001,scaD,shell,5.239601353002644,413401.2980136483,113.55756163053712
0.001,scaD,shell,5.361956770568817,432134.60903746856,113.5575616305371
0.001,scaD,shell,5.487169437608599,451699.0820582105,113.5575616305371
0.001,scaD,shell,5.615306076746273,472130.4099551522,113.55756163053711
0.001,scaD,shell,5.746434968715974,493465.7410570047,113.55756163053712
0.001,scaD,shell,5.880625988746757,515743.7335667946,113.55756163053715
0.001,scaD,shell,6.017950643797328,539004.611717002,113.55756163053711
0.001,scaD,shell,6.158482110660261,563290.2236915523,113.55756163053712
0.001,scaD,shell,6.302295274956023,588644.1013509221,113.55756163053712
0.001,scaD,shell,6.449466771037621,615111.5217961912,113.55756163053711
0.001,scaD,shell,6.600075022827088,642739.5708073472,113.55756163053712
0.001,scaD,shell,6.754200285605586,671577.2081905452,113.55756163053714
0.001,scaD,shell,6.911924688779366,701675.3350683308,113.55756163053712
0.001,scaD,shell,7.073332279644439,733086.8631460344,113.55756163053711
0.001,scaD,shell,7.238509068173248,765866.7859866485,113.55756163053711
0.001,scaD,shell,7.4075430728471625,800072.252325482,113.55756163053712
0.001,scaD,shell,7.580524367559261,835762.6414547984,113.5575616305371
0.001,scaD,shell,7.757545129612414,872999.640707423,113.5575616305371
0.001,scaD,shell,7.9386996888382235,911847.3250669667,113.55756163053712
0.001,scaD,shell,8.124084577862966,952372.2389308746,113.55756163053712
0.001,scaD,shell,8.313798583547333,994643.4800509523,113.55756163053712
0.001,scaD,shell,8.507942799627445,1038732.7856743695,113.5575616305371
0.001,scaD,shell,8.706620680585118,1084714.620906322,113.55756163053712
0.001,scaD,shell,8.909938096776107,1132666.2693136414,113.55756163053712
0.001,scaD,shell,9.118003390845681,1182667.9257866226,113.55756163053711
0.001,scaD,shell,9.330927435461664,1234802.7916742181,113.55756163053712
0.001,scaD,shell,9.548823692395656,1289157.1722054644,113.55756163053714
0.001,scaD,shell,9.771808272983899,1345820.5762076674,113.55756163053712
0.001,scaD,shell,10.0,1404885.8181293926,113.55756163053711
0.01,const,helm,0.11618843640511002,258.050034456548,353.6486066203411
0.01,const,helm,0.118901674244199,269.32521476178164,349.9914627027676
0.01,const,helm,0.1216782717410923,281.11122234457764,349.9347414458844
0.01,const,helm,0.12451970847350319,293.4316464397923,349.9347414458845
0.01,const,helm,0.12742749857031335,306.3111755667634,349.93474144588436
0.01,const,helm,0.13040319151841315,319.77564893283306,349.93474144588436
0.01,const,helm,0.13344837298838383,333.8521102402848,349.93474144588447
0.01,const,helm,0.13656466567946096,348.5688640087427,349.93474144588447
0.01,const,helm,0.1397537301842291,363.95553453028054,349.9347414458844
0.01,const,helm,0.1430172658735088,380.04312757992034,349.9347414458844
0.01,const,helm,0.14635701180190797,396.8640950098874,349.93474144588447
0.01,const,helm,0.14977474763452,414.45240236192404,349.9347414458844
0.01,const,helm,0.15327229459526134,432.8435996381763,349.93474144588436
0.01,const,helm,0.1568515164373548,452.0748953776781,349.93474144588436
0.01,const,helm,0.16051432043647615,472.1852341922508,349.93474144588436
0.01,const,helm,0.16426265840709303,493.2153779227387,349.93474144588447
0.01,const,helm,0.16809852774253636,515.2079905839314,349.9347414458844
0.01,const,helm,0.1720239724793599,538.2077272743055,349.93474144588436
0.01,const,helm,0.17604108438655525,562.2613272348392,349.93474144588447
0.01,const,helm,0.18015200408020238,587.4177112496492,349.9347414458844
0.01,const,helm,0.1843589221641488,613.7280835900723,349.93474144588436
0.01,const,helm,0.18866408039732582,641.2460387131192,349.93474144588436
0.01,const,helm,0.19306977288832497,670.0276729349318,349.93474144588436
0.01,const,helm,0.19757834731786994,700.1317013100146,349.9347414458844
0.01,const,helm,0.20219220618983536,731.6195799576287,349.9347414458844
0.01,const,helm,0.20691380811147903,764.5556340878288,349.9347414458844
0.01,const,helm,0.21174566910357118,799.0071919912209,349.9347414458844
0.01,const,helm,0.2166903639411181,835.0447252686317,349.9347414458844
0.01,const,helm,0.22175052752539318,872.7419955895309,349.9347414458844
0.01,const,helm,0.2269288562880081,912.1762082813128,349.9347414458844
0.01,const,helm,0.23222810962777246,953.4281730653612,349.93474144588436
0.01,const,helm,0.23765111138110728,996.5824722702818,349.93474144588436
0.01,const,helm,0.24320075132679475,1041.7276368677753,349.93474144588436
0.01,const,helm,0.24887998672586673,1088.9563306924363,349.93474144588447
0.01,const,helm,0.25469184389745403,1138.3655432232515,349.93474144588447
0.01,const,helm,0.26063941983143474,1190.0567913217853,349.9347414458844
0.01,const,helm,0.2667258838387405,1244.136330340055,349.9347414458844
0.01,const,helm,0.2729544792402007,1300.715375029903,349.9347414458844
0.01,const,helm,0.2793285250948253,1359.9103307053397,349.9347414458844
0.01,const,helm,0.28585141796844715,1421.8430351298312,349.9347414458844
0.01,const,helm,0.2925266337436645,1486.6410116219379,349.9347414458844
0.01,const,helm,0.29935772947204903,1554.4377338951153,349.9347414458844
0.01,const,helm,0.3063483452696084,1625.3729031708865,349.9347414458844
0.01,const,helm,0.3135022062565112,1699.5927381289796,349.9347414458844
0.01,const,helm,0.32082312454210776,1777.2502782835288,349.93474144588447
0.01,const,helm,0.3283150012563047,1858.505701401079,349.93474144588436
0.01,const,helm,0.3359818286283781,1943.5266556039417,349.9347414458844
0.01,const,helm,0.34382769211433073,2032.4886068314427,349.9347414458844
0.01,const,helm,0.3518567725739263,2125.5752023619016,349.9347414458844
0.01,const,helm,0.360073348498562,2222.9786511298284,349.93474144588436
0.01,const,helm,0.3684817982911677,2324.9001216058464,349.9347414458844
0.01,const,helm,0.3770866025993452,2431.5501580412583,349.93474144588447
0.01,const,helm,0.3858923467029903,2543.1491159151565,349.9347414458844
0.01,const,helm,0.3949037229576702,2659.927617459481,349.93474144588447
0.01,const,helm,0.40412553329506,2782.1270281766224,349.93474144588436
0.01,const,helm,0.4135626917817706,2909.9999553049747,349.9347414458843
0.01,const,helm,0.4232202272379275,3043.810769230424,349.93474144588436
0.01,const,helm,0.4331032859169001,3183.836148886261,349.93474144588436
0.01,const,helm,0.44321713424760856,3330.365652230396,349.9347414458844
0.01,const,helm,0.45356716164087024,3483.7023129370355,349.93474144588436
0.01,const,helm,0.46415888336127775,3644.163264490414,349.93474144588436
0.01,const,helm,0.47499794346614127,3812.080392920791,349.9347414458844
0.01,const,helm,0.48609011781306305,3987.8010194777835,349.9347414458844
0.01,const,helm,0.49744131713774514,4171.68861459316,349.9347414458844
0.01,const,helm,0.5090575902036681,4364.123544544824,349.9347414458844
0.01,const,helm,0.5209451270253211,4565.503852295831,349.9347414458844
0.01,const,helm,0.5331102621667033,4776.2460740470715,349.93474144588447
0.01,const,helm,0.5455594781168515,4996.786093109489,349.9347414458844
0.01,const,helm,0.5582994087441919,5227.580032772129,349.93474144588436
0.01,const,helm,0.571336842831558,5469.105189915386,349.9347414458844
0.01,const,helm,0.584678727693759,5721.861011195201,349.9347414458843
0.01,const,helm,0.5983321728796283,5986.37011370322,349.9347414458844
0.01,const,helm,0.6123044539605184,6263.179352090611,349.9347414458844
0.01,const,helm,0.6266030164072656,6552.860934229409,349.93474144588447
0.01,const,helm,0.6412354795576917,6856.0135875749065,349.9347414458844
0.01,const,helm,0.6562096406767555,7173.263778485772,349.93474144588447
0.01,const,helm,0.6715334791115142,7505.266986855715,349.93474144588436
0.01,const,helm,0.6872151605431122,7852.709038511596,349.93474144588436
0.01,const,helm,0.7032630413380644,8216.307497938025,349.9347414458844
0.01,const,helm,0.7196856730011514,8596.813123997732,349.93474144588447
0.01,const,helm,0.7364918067322965,8995.011391430762,349.9347414458844
0.01,const,helm,0.7536903980898542,9411.724081033744,349.93474144588436
0.01,const,helm,0.7712906117627992,9847.810941543761,349.93474144588436
0.01,const,helm,0.7893018264543568,10304.171426378749,349.93474144588447
0.01,const,helm,0.8077336398796711,10781.746508519314,349.93474144588436
0.01,const,helm,0.8265958738801813,11281.520576955118,349.93474144588436
0.01,const,helm,0.84589857965743,11804.523418262197,349.9347414458844
0.01,const,helm,0.8656520431290936,12351.832287026666,349.9347414458844
0.01,const,helm,0.8858667904100823,12924.574068984643,349.9347414458844
0.01,const,helm,0.9065535934216359,13523.927540909332,349.93474144588447
0.01,const,helm,0.927723475631406,14151.125731442668,349.93474144588436
0.01,const,helm,0.949387717927582,14807.458387241959,349.9347414458844
0.01,const,helm,0.9715578646301858,15494.27454899141,349.93474144588447
0.01,const,helm,0.9942457296427418,16212.98524201479,349.9347414458844
0.01,const,helm,1.0174634027476064,16965.06628641877,349.9347414458844
0.01,const,helm,1.0412232560483043,17752.06123189632,349.93474144588447
0.01,const,helm,1.0655379505623053,18575.584422527303,349.9347414458844
0.01,const,helm,1.0904204429677526,19437.324197128302,349.9347414458844
0.01,const,helm,1.115883992507748,20339.046230927015,349.9347414458844
0.01,const,helm,1.1419421680558648,21282.597024566723,349.9347414458844
0.01,const,helm,1.168608855346651,22269.907546685183,349.9347414458843
0.01,const,helm,1.1958982643749794,23302.997036559955,349.9347414458844
0.01,const,helm,1.2238249369681924,24383.976973568086,349.9347414458844
0.01,const,helm,1.252403754535072,25515.055220472146,349.93474144588447
0.01,const,helm,1.2816499459957584,26698.540347818416,349.9347414458844
0.01,const,helm,1.3115790958968503,27936.846147016113,349.93474144588447
0.01,const,helm,1.342207152716012,29232.496339958896,349.9347414458845
0.01,const,helm,1.3735504373605123,30588.129493351316,349.93474144588436
0.01,const,helm,1.405625651864215,32006.50414621449,349.9347414458844
0.01,const,helm,1.438449888287663,33490.50415936763,349.93474144588447
0.01,const,helm,1.4720406378260014,35043.14429601351,349.9347414458844
0.01,const,helm,1.506415800129591,36667.57604289866,349.93474144588447
0.01,const,helm,1.5415936928422718,38367.093681870596,349.93474144588447
0.01,const,helm,1.5775930613623614,40145.140622019775,349.9347414458844
0.01,const,helm,1.6144330888316019,42005.31600296738,349.9347414458844
0.01,const,helm,1.6521334063573685,43951.38158024564,349.9347414458844
0.01,const,helm,1.69071410347358,45987.2689041134,349.9347414458844
0.01,const,helm,1.7301957388458944,48117.08680355827,349.93474144588436
0.01,const,helm,1.770599351226898,50345.12918765593,349.9347414458844
0.01,const,helm,1.8119464706671222,52675.88317688697,349.9347414458844
0.01,const,helm,1.8542591299878524,55114.037577453746,349.93474144588447
0.01,const,helm,1.8975598765218504,57664.49171209358,349.9347414458843
0.01,const,helm,1.941871784128255,60332.36462135057,349.93474144588436
0.01,const,helm,1.9872184654880534,63123.004649743314,349.93474144588436
0.01,const,helm,2.0336240846866724,66041.99943175422,349.93474144588436
0.01,const,helm,2.081113370090395,69095.1862930661,349.93474144588447
0.01,const,helm,2.129711627523478,72288.66308298336,349.9347414458844
0.01,const,helm,2.1794447537529833,75628.79945449447,349.93474144588447
0.01,const,helm,2.2303392502884964,79122.24860896723,349.9347414458844
0.01,const,helm,2.2824222375040977,82775.95952301101,349.9347414458844
0.01,const,helm,2.3357214690901213,86597.1896755959,349.9347414458844
0.01,const,helm,2.3902653468423893,90593.51829408082,349.93474144588447
0.01,const,helm,2.446082935796798,94772.86013837733,349.93474144588447
0.01,const,helm,2.5032039797173256,99143.47984306014,349.9347414458844
0.01,const,helm,2.561658916945727,103714.00683782816,349.93474144588447
0.01,const,helm,2.6214788966213534,108493.45086731992,349.9347414458844
0.01,const,helm,2.6826957952797246,113491.21813189442,349.9347414458844
0.01,const,helm,2.745342233838714,118717.12807160785,349.93474144588447
0.01,const,helm,2.809451594981406,124181.43081623706,349.93474144588447
0.01,const,helm,2.8750580409448774,129894.82532482906,349.93474144588447
0.01,const,helm,2.942196531724374,135868.4782388867,349.9347414458844
0.01,const,helm,3.0109028437025924,142114.04347394087,349.93474144588436
0.01,const,helm,3.081213588714002,148643.68257489734,349.9347414458845
0.01,const,helm,3.1531662335543613,155470.0858611877,349.9347414458844
0.01,const,helm,3.2267991199458086,162606.49438839365,349.93474144588436
0.01,const,helm,3.3021514849681757,170066.72275365758,349.93474144588436
0.01,const,helm,3.379263481967431,177865.18277283123,349.9347414458844
0.01,const,helm,3.4581762019523774,186016.90805794712,349.9347414458844
0.01,const,helm,3.538931695490988,194537.57952422512,349.9347414458844
0.01,const,helm,3.6215729951180746,203443.5518564549,349.93474144588436
0.01,const,helm,3.706144138266228,212751.8809652049,349.9347414458844
0.01,const,helm,3.792690190732246,222480.35246391167,349.9347414458844
0.01,const,helm,3.881257270691536,232647.51119849226,349.9347414458844
0.01,const,helm,3.971892573273302,243272.6918616997,349.93474144588436
0.01,const,helm,4.064644395709628,254376.05072500097,349.93474144588436
0.01,const,helm,4.1595621630718425,265978.5985212905,349.9347414458844
0.01,const,helm,4.256696454607871,278102.2345122698,349.9347414458844
0.01,const,helm,4.356099030694608,290769.78177481564,349.9347414458844
0.01,const,helm,4.457822860419706,304005.0237411258,349.9347414458844
0.01,const,helm,4.561922149807459,317832.7420278629,349.9347414458844
0.01,const,helm,4.66845237070379,332278.75558990677,349.93474144588447
0.01,const,helm,4.777470290335773,347369.96123470867,349.9347414458844
0.01,const,helm,4.889034001561443,363134.37553355,349.9347414458844
0.01,const,helm,5.003202953825999,379601.17816629674,349.9347414458844
0.01,const,helm,5.120037984840887,396800.75673646596,349.93474144588447
0.01,const,helm,5.239601353002644,414764.75309361634,349.9347414458844
0.01,const,helm,5.361956770568817,433526.1112002058,349.9347414458844
0.01,const,helm,5.487169437608599,453119.126580127,349.93474144588436
0.01,const,helm,5.615306076746273,473579.4973861479,349.93474144588436
0.01,const,helm,5.746434968715974,494944.3771234365,349.9347414458844
0.01,const,helm,5.880625988746757,517252.4290662355,349.9347414458844
0.01,const,helm,6.017950643797328,540543.8824045548,349.9347414458844
0.01,const,helm,6.158482110660261,564860.5901574808,349.93474144588436
0.01,const,helm,6.302295274956023,590246.0888893673,349.9347414458844
0.01,const,helm,6.449466771037621,616745.6602647415,349.93474144588436
0.01,const,helm,6.600075022827088,644406.3944772406,349.9347414458844
0.01,const,helm,6.754200285605586,673277.2555872819,349.9347414458844
0.01,const,helm,6.911924688779366,703409.148802484,349.9347414458844
0.01,const,helm,7.073332279644439,734854.989734054,349.9347414458844
0.01,const,helm,7.238509068173248,767669.7756614598,349.93474144588436
0.01,const,helm,7.4075430728471625,801910.6588366912,349.9347414458844
0.01,const,helm,7.580524367559261,837637.0218583259,349.93474144588436
0.01,const,helm,7.757545129612414,874910.5551443981,349.93474144588436
0.01,const,helm,7.9386996888382235,913795.3365317292,349.9347414458845
0.01,const,helm,8.124084577862966,954357.9130279408,349.9347414458845
0.01,const,helm,8.313798583547333,996667.3847408184,349.93474144588447
0.01,const,helm,8.507942799627445,1040795.4910080445,349.9347414458844
0.01,const,helm,8.706620680585118,1086816.698748488,349.93474144588436
0.01,const,helm,8.909938096776107,1134808.293054377,349.9347414458844
0.01,const,helm,9.118003390845681,1184850.4700416203,349.93474144588447
0.01,const,helm,9.330927435461664,1237026.4319734664,349.9347414458844
0.01,const,helm,9.548823692395656,1291422.4846703794,349.9347414458844
0.01,const,helm,9.771808272983899,1348128.1372166818,349.9347414458844
0.01,const,helm,10.0,1407236.2039720342,349.93474144588447
0.01,const,shell,0.11618843640511002,258.050034456548,1189.6333249969248
0.01,const,shell,0.118901674244199,269.32521476178164,1184.6348710228096
0.01,const,shell,0.1216782717410923,281.11122234457764,1184.4834036485383
0.01,const,shell,0.12451970847350319,293.4316464397923,1184.4834036485383
0.01,const,shell,0.12742749857031335,306.3111755667634,1184.483403648538
0.01,const,shell,0.13040319151841315,319.77564893283306,1184.4834036485383
0.01,const,shell,0.13344837298838383,333.8521102402848,1184.4834036485383
0.01,const,shell,0.13656466567946096,348.5688640087427,1184.4834036485383
0.01,const,shell,0.1397537301842291,363.95553453028054,1184.4834036485386
0.01,const,shell,0.1430172658735088,380.04312757992034,1184.4834036485383
0.01,const,shell,0.14635701180190797,396.8640950098874,1184.4834036485386
0.01,const,shell,0.14977474763452,414.45240236192404,1184.4834036485381
0.01,const,shell,0.15327229459526134,432.8435996381763,1184.4834036485381
0.01,const,shell,0.1568515164373548,452.0748953776781,1184.4834036485381
0.01,const,shell,0.16051432043647615,472.1852341922508,1184.4834036485383
0.01,const,shell,0.16426265840709303,493.2153779227387,1184.4834036485381
0.01,const,shell,0.16809852774253636,515.2079905839314,1184.4834036485381
0.01,const,shell,0.1720239724793599,538.2077272743055,1184.4834036485383
0.01,const,shell,0.17604108438655525,562.2613272348392,1184.4834036485381
0.01,const,shell,0.18015200408020238,587.4177112496492,1184.4834036485381
0.01,const,shell,0.1843589221641488,613.7280835900723,1184.4834036485386
0.01,const,shell,0.18866408039732582,641.2460387131192,1184.4834036485383
0.01,const,shell,0.19306977288832497,670.0276729349318,1184.4834036485381
0.01,const,shell,0.19757834731786994,700.1317013100146,1184.483403648538
0.01,const,shell,0.20219220618983536,731.6195799576287,1184.4834036485383
0.01,const,shell,0.20691380811147903,764.5556340878288,1184.4834036485383
0.01,const,shell,0.21174566910357118,799.0071919912209,1184.4834036485381
0.01,const,shell,0.2166903639411181,835.0447252686317,1184.4834036485383
0.01,const,shell,0.22175052752539318,872.7419955895309,1184.4834036485386
0.01,const,shell,0.2269288562880081,912.1762082813128,1184.4834036485386
0.01,const,shell,0.23222810962777246,953.4281730653612,1184.4834036485383
0.01,const,shell,0.23765111138110728,996.5824722702818,1184.4834036485383
0.01,const,shell,0.24320075132679475,1041.7276368677753,1184.4834036485381
0.01,const,shell,0.24887998672586673,1088.9563306924363,1184.4834036485383
0.01,const,shell,0.25469184389745403,1138.3655432232515,1184.4834036485381
0.01,const,shell,0.26063941983143474,1190.0567913217853,1184.4834036485386
0.01,const,shell,0.2667258838387405,1244.136330340055,1184.4834036485383
0.01,const,shell,0.2729544792402007,1300.715375029903,1184.4834036485383
0.01,const,shell,0.2793285250948253,1359.9103307053397,1184.4834036485383
0.01,const,shell,0.28585141796844715,1421.8430351298312,1184.4834036485383
0.01,const,shell,0.2925266337436645,1486.6410116219379,1184.4834036485381
0.01,const,shell,0.29935772947204903,1554.4377338951153,1184.4834036485381
0.01,const,shell,0.3063483452696084,1625.3729031708865,1184.4834036485383
0.01,const,shell,0.3135022062565112,1699.5927381289796,1184.4834036485383
0.01,const,shell,0.32082312454210776,1777.2502782835288,1184.4834036485383
0.01,const,shell,0.3283150012563047,1858.505701401079,1184.4834036485383
0.01,const,shell,0.3359818286283781,1943.5266556039417,1184.4834036485383
0.01,const,shell,0.34382769211433073,2032.4886068314427,1184.4834036485383
0.01,const,shell,0.3518567725739263,2125.5752023619016,1184.4834036485381
0.01,const,shell,0.360073348498562,2222.9786511298284,1184.4834036485381
0.01,const,shell,0.3684817982911677,2324.9001216058464,1184.4834036485381
0.01,const,shell,0.3770866025993452,2431.5501580412583,1184.4834036485381
0.01,const,shell,0.3858923467029903,2543.1491159151565,1184.4834036485383
0.01,const,shell,0.3949037229576702,2659.927617459481,1184.4834036485383
0.01,const,shell,0.40412553329506,2782.1270281766224,1184.4834036485383
0.01,const,shell,0.4135626917817706,2909.9999553049747,1184.4834036485386
0.01,const,shell,0.4232202272379275,3043.810769230424,1184.4834036485386
0.01,const,shell,0.4331032859169001,3183.836148886261,1184.4834036485381
0.01,const,shell,0.44321713424760856,3330.365652230396,1184.4834036485386
0.01,const,shell,0.45356716164087024,3483.7023129370355,1184.4834036485381
0.01,const,shell,0.46415888336127775,3644.163264490414,1184.4834036485383
0.01,const,shell,0.47499794346614127,3812.080392920791,1184.4834036485381
0.01,const,shell,0.48609011781306305,3987.8010194777835,1184.4834036485386
0.01,const,shell,0.49744131713774514,4171.68861459316,1184.4834036485386
0.01,const,shell,0.5090575902036681,4364.123544544824,1184.4834036485386
0.01,const,shell,0.5209451270253211,4565.503852295831,1184.483403648538
0.01,const,shell,0.5331102621667033,4776.2460740470715,1184.4834036485383
0.01,const,shell,0.5455594781168515,4996.786093109489,1184.4834036485383
0.01,const,shell,0.5582994087441919,5227.580032772129,1184.4834036485383
0.01,const,shell,0.571336842831558,5469.105189915386,1184.4834036485383
0.01,const,shell,0.584678727693759,5721.861011195201,1184.4834036485383
0.01,const,shell,0.5983321728796283,5986.37011370322,1184.4834036485381
0.01,const,shell,0.6123044539605184,6263.179352090611,1184.4834036485383
0.01,const,shell,0.6266030164072656,6552.860934229409,1184.4834036485381
0.01,const,shell,0.6412354795576917,6856.0135875749065,1184.4834036485383
0.01,const,shell,0.6562096406767555,7173.263778485772,1184.4834036485383
0.01,const,shell,0.6715334791115142,7505.266986855715,1184.4834036485383
0.01,const,shell,0.6872151605431122,7852.709038511596,1184.4834036485383
0.01,const,shell,0.7032630413380644,8216.307497938025,1184.483403648538
0.01,const,shell,0.7196856730011514,8596.813123997732,1184.4834036485386
0.01,const,shell,0.7364918067322965,8995.011391430762,1184.4834036485381
0.01,const,shell,0.7536903980898542,9411.724081033744,1184.4834036485383
0.01,const,shell,0.7712906117627992,9847.810941543761,1184.4834036485383
0.01,const,shell,0.7893018264543568,10304.171426378749,1184.4834036485381
0.01,const,shell,0.8077336398796711,10781.746508519314,1184.4834036485383
0.01,const,shell,0.8265958738801813,11281.520576955118,1184.4834036485386
0.01,const,shell,0.84589857965743,11804.523418262197,1184.4834036485386
0.01,const,shell,0.8656520431290936,12351.832287026666,1184.4834036485383
0.01,const,shell,0.8858667904100823,12924.574068984643,1184.4834036485383
0.01,const,shell,0.9065535934216359,13523.927540909332,1184.4834036485386
0.01,const,shell,0.927723475631406,14151.125731442668,1184.4834036485386
0.01,const,shell,0.949387717927582,14807.458387241959,1184.4834036485383
0.01,const,shell,0.9715578646301858,15494.27454899141,1184.4834036485381
0.01,const,shell,0.9942457296427418,16212.98524201479,1184.4834036485381
0.01,const,shell,1.0174634027476064,16965.06628641877,1184.4834036485381
0.01,const,shell,1.0412232560483043,17752.06123189632,1184.4834036485388
0.01,const,shell,1.0655379505623053,18575.584422527303,1184.4834036485383
0.01,const,shell,1.0904204429677526,19437.324197128302,1184.4834036485383
0.01,const,shell,1.115883992507748,20339.046230927015,1184.4834036485381
0.01,const,shell,1.1419421680558648,21282.597024566723,1184.4834036485383
0.01,const,shell,1.168608855346651,22269.907546685183,1184.4834036485383
0.01,const,shell,1.1958982643749794,23302.997036559955,1184.4834036485383
0.01,const,shell,1.2238249369681924,24383.976973568086,1184.4834036485381
0.01,const,shell,1.252403754535072,25515.055220472146,1184.4834036485383
0.01,const,shell,1.2816499459957584,26698.540347818416,1184.4834036485383
0.01,const,shell,1.3115790958968503,27936.846147016113,1184.4834036485386
0.01,const,shell,1.342207152716012,29232.496339958896,1184.4834036485383
0.01,const,shell,1.3735504373605123,30588.129493351316,1184.4834036485381
0.01,const,shell,1.405625651864215,32006.50414621449,1184.4834036485383
0.01,const,shell,1.438449888287663,33490.50415936763,1184.4834036485383
0.01,const,shell,1.4720406378260014,35043.14429601351,1184.4834036485383
0.01,const,shell,1.506415800129591,36667.57604289866,1184.4834036485383
0.01,const,shell,1.5415936928422718,38367.093681870596,1184.4834036485381
0.01,const,shell,1.5775930613623614,40145.140622019775,1184.4834036485383
0.01,const,shell,1.6144330888316019,42005.31600296738,1184.4834036485383
0.01,const,shell,1.6521334063573685,43951.38158024564,1184.4834036485383
0.01,const,shell,1.69071410347358,45987.2689041134,1184.4834036485386
0.01,const,shell,1.7301957388458944,48117.08680355827,1184.4834036485381
0.01,const,shell,1.770599351226898,50345.12918765593,1184.4834036485383
0.01,const,shell,1.8119464706671222,52675.88317688697,1184.4834036485381
0.01,const,shell,1.8542591299878524,55114.037577453746,1184.4834036485383
0.01,const,shell,1.8975598765218504,57664.49171209358,1184.4834036485386
0.01,const,shell,1.941871784128255,60332.36462135057,1184.4834036485386
0.01,const,shell,1.9872184654880534,63123.004649743314,1184.4834036485381
0.01,const,shell,2.0336240846866724,66041.99943175422,1184.4834036485383
0.01,const,shell,2.081113370090395,69095.1862930661,1184.4834036485383
0.01,const,shell,2.129711627523478,72288.66308298336,1184.4834036485386
0.01,const,shell,2.1794447537529833,75628.79945449447,1184.4834036485381
0.01,const,shell,2.2303392502884964,79122.24860896723,1184.4834036485383
0.01,const,shell,2.2824222375040977,82775.95952301101,1184.4834036485381
0.01,const,shell,2.3357214690901213,86597.1896755959,1184.4834036485386
0.01,const,shell,2.3902653468423893,90593.51829408082,1184.4834036485383
0.01,const,shell,2.446082935796798,94772.86013837733,1184.4834036485383
0.01,const,shell,2.5032039797173256,99143.47984306014,1184.4834036485386
0.01,const,shell,2.561658916945727,103714.00683782816,1184.4834036485386
0.01,const,shell,2.6214788966213534,108493.45086731992,1184.4834036485383
0.01,const,shell,2.6826957952797246,113491.21813189442,1184.4834036485381
0.01,const,shell,2.745342233838714,118717.12807160785,1184.4834036485386
0.01,const,shell,2.809451594981406,124181.43081623706,1184.4834036485381
0.01,const,shell,2.8750580409448774,129894.82532482906,1184.4834036485381
0.01,const,shell,2.942196531724374,135868.4782388867,1184.4834036485381
0.01,const,shell,3.0109028437025924,142114.04347394087,1184.4834036485383
0.01,const,shell,3.081213588714002,148643.68257489734,1184.4834036485386
0.01,const,shell,3.1531662335543613,155470.0858611877,1184.4834036485386
0.01,const,shell,3.2267991199458086,162606.49438839365,1184.4834036485386
0.01,const,shell,3.3021514849681757,170066.72275365758,1184.4834036485381
0.01,const,shell,3.379263481967431,177865.18277283123,1184.4834036485383
0.01,const,shell,3.4581762019523774,186016.90805794712,1184.4834036485381
0.01,const,shell,3.538931695490988,194537.57952422512,1184.4834036485383
0.01,const,shell,3.6215729951180746,203443.5518564549,1184.4834036485383
0.01,const,shell,3.706144138266228,212751.8809652049,1184.4834036485386
0.01,const,shell,3.792690190732246,222480.35246391167,1184.4834036485381
0.01,const,shell,3.881257270691536,232647.51119849226,1184.4834036485381
0.01,const,shell,3.971892573273302,243272.6918616997,1184.4834036485381
0.01,const,shell,4.064644395709628,254376.05072500097,1184.4834036485383
0.01,const,shell,4.1595621630718425,265978.5985212905,1184.4834036485383
0.01,const,shell,4.256696454607871,278102.2345122698,1184.4834036485381
0.01,const,shell,4.356099030694608,290769.78177481564,1184.4834036485383
0.01,const,shell,4.457822860419706,304005.0237411258,1184.4834036485383
0.01,const,shell,4.561922149807459,317832.7420278629,1184.4834036485383
0.01,const,shell,4.66845237070379,332278.75558990677,1184.4834036485383
0.01,const,shell,4.777470290335773,347369.96123470867,1184.4834036485386
0.01,const,shell,4.889034001561443,363134.37553355,1184.4834036485386
0.01,const,shell,5.003202953825999,379601.17816629674,1184.4834036485381
0.01,const,shell,5.120037984840887,396800.75673646596,1184.4834036485383
0.01,const,shell,5.239601353002644,414764.75309361634,1184.4834036485383
0.01,const,shell,5.361956770568817,433526.1112002058,1184.4834036485383
0.01,const,shell,5.487169437608599,453119.126580127,1184.4834036485383
0.01,const,shell,5.615306076746273,473579.4973861479,1184.4834036485383
0.01,const,shell,5.746434968715974,494944.3771234365,1184.4834036485381
0.01,const,shell,5.880625988746757,517252.4290662355,1184.4834036485386
0.01,const,shell,6.017950643797328,540543.8824045548,1184.4834036485383
0.01,const,shell,6.158482110660261,564860.5901574808,1184.4834036485383
0.01,const,shell,6.302295274956023,590246.0888893673,1184.4834036485381
0.01,const,shell,6.449466771037621,616745.6602647415,1184.4834036485381
0.01,const,shell,6.600075022827088,644406.3944772406,1184.4834036485383
0.01,const,shell,6.754200285605586,673277.2555872819,1184.4834036485383
0.01,const,shell,6.911924688779366,703409.148802484,1184.4834036485381
0.01,const,shell,7.073332279644439,734854.989734054,1184.4834036485383
0.01,const,shell,7.238509068173248,767669.7756614598,1184.4834036485383
0.01,const,shell,7.4075430728471625,801910.6588366912,1184.4834036485386
0.01,const,shell,7.580524367559261,837637.0218583259,1184.4834036485386
0.01,const,shell,7.757545129612414,874910.5551443981,1184.4834036485381
0.01,const,shell,7.9386996888382235,913795.3365317292,1184.4834036485383
0.01,const,shell,8.124084577862966,954357.9130279408,1184.4834036485383
0.01,const,shell,8.313798583547333,996667.3847408184,1184.4834036485383
0.01,const,shell,8.507942799627445,1040795.4910080445,1184.4834036485383
0.01,const,shell,8.706620680585118,1086816.698748488,1184.4834036485386
0.01,const,shell,8.909938096776107,1134808.293054377,1184.4834036485383
0.01,const,shell,9.118003390845681,1184850.4700416203,1184.4834036485386
0.01,const,shell,9.330927435461664,1237026.4319734664,1184.4834036485383
0.01,const,shell,9.548823692395656,1291422.4846703794,1184.4834036485381
0.01,const,shell,9.771808272983899,1348128.1372166818,1184.4834036485381
0.01,const,shell,10.0,1407236.2039720342,1184.4834036485383
0.01,vecD,helm,0.11618843640511002,258.050034456548,2003.5449845908483
0.01,vecD,helm,0.118901674244199,269.32521476178164,1652.7080365588965
0.01,vecD,helm,0.1216782717410923,281.11122234457764,1415.671785040874
0.01,vecD,helm,0.12451970847350319,293.4316464397923,1245.366654618176
0.01,vecD,helm,0.12742749857031335,306.3111755667634,1117.1943002342216
0.01,vecD,helm,0.13040319151841315,319.77564893283306,1017.3251818395134
0.01,vecD,helm,0.13344837298838383,333.8521102402848,937.385154035357
0.01,vecD,helm,0.13656466567946096,348.5688640087427,872.006884711083
0.01,vecD,helm,0.1397537301842291,363.95553453028054,817.5914550434367
0.01,vecD,helm,0.1430172658735088,380.04312757992034,771.6354430440928
0.01,vecD,helm,0.14635701180190797,396.8640950098874,732.3435464692943
0.01,vecD,helm,0.14977474763452,414.45240236192404,698.3947247621788
0.01,vecD,helm,0.15327229459526134,432.8435996381763,668.7952776595628
0.01,vecD,helm,0.1568515164373548,452.0748953776781,642.7833552140246
0.01,vecD,helm,0.16051432043647615,472.1852341922508,619.7650523856631
0.01,vecD,helm,0.16426265840709303,493.2153779227387,599.2705368401528
0.01,vecD,helm,0.16809852774253636,515.2079905839314,580.923247037013
0.01,vecD,helm,0.1720239724793599,538.2077272743055,564.4178326763717
0.01,vecD,helm,0.17604108438655525,562.2613272348392,549.504073420544
0.01,vecD,helm,0.18015200408020238,587.4177112496492,535.9749674141409
0.01,vecD,helm,0.1843589221641488,613.7280835900723,523.6577804579674
0.01,vecD,helm,0.18866408039732582,641.2460387131192,512.4072314648654
0.01,vecD,helm,0.19306977288832497,670.0276729349318,502.1002421208529
0.01,vecD,helm,0.19757834731786994,700.1317013100146,492.63184730522613
0.01,vecD,helm,0.20219220618983536,731.6195799576287,483.9119775205088
0.01,vecD,helm,0.20691380811147903,764.5556340878288,475.8629038555681
0.01,vecD,helm,0.21174566910357118,799.0071919912209,468.4171916063293
0.01,vecD,helm,0.2166903639411181,835.0447252686317,461.51604820990406
0.01,vecD,helm,0.22175052752539318,872.7419955895309,455.1079796095432
0.01,vecD,helm,0.2269288562880081,912.1762082813128,449.147689899929
0.01,vecD,helm,0.23222810962777246,953.4281730653612,443.5951743690302
0.01,vecD,helm,0.23765111138110728,996.5824722702818,438.4149674093536
0.01,vecD,helm,0.24320075132679475,1041.7276368677753,433.5755152998861
0.01,vecD,helm,0.24887998672586673,1088.9563306924363,429.04865032180777
0.01,vecD,helm,0.25469184389745403,1138.3655432232515,424.8091476080418
0.01,vecD,helm,0.26063941983143474,1190.0567913217853,420.8343499284681
0.01,vecD,helm,0.2667258838387405,1244.136330340055,417.1038485619758
0.01,vecD,helm,0.2729544792402007,1300.715375029903,413.59921071066896
0.01,vecD,helm,0.2793285250948253,1359.9103307053397,410.3037457235708
0.01,vecD,helm,0.28585141796844715,1421.8430351298312,407.2023038311905
0.01,vecD,helm,0.2925266337436645,1486.6410116219379,404.28110223392673
0.01,vecD,helm,0.29935772947204903,1554.4377338951153,401.5275743012974
0.01,vecD,helm,0.3063483452696084,1625.3729031708865,398.9302383747038
0.01,vecD,helm,0.3135022062565112,1699.5927381289796,396.4785832617032
0.01,vecD,helm,0.32082312454210776,1777.2502782835288,394.16296799374106
0.01,vecD,helm,0.3283150012563047,1858.505701401079,391.97453381462844
0.01,vecD,helm,0.3359818286283781,1943.5266556039417,389.90512669142794
0.01,vecD,helm,0.34382769211433073,2032.4886068314427,387.9472289067051
0.01,vecD,helm,0.3518567725739263,2125.5752023619016,386.0938985122562
0.01,vecD,helm,0.360073348498562,2222.9786511298284,384.3387156081196
0.01,vecD,helm,0.3684817982911677,2324.9001216058464,382.67573456384355
0.01,vecD,helm,0.3770866025993452,2431.5501580412583,381.099441427144
0.01,vecD,helm,0.3858923467029903,2543.1491159151565,379.60471587270547
0.01,vecD,helm,0.3949037229576702,2659.927617459481,378.18679713453844
0.01,vecD,helm,0.40412553329506,2782.1270281766224,376.8412534419433
0.01,vecD,helm,0.4135626917817706,2909.9999553049747,375.56395454409164
0.01,vecD,helm,0.4232202272379275,3043.810769230424,374.35104696348964
0.01,vecD,helm,0.4331032859169001,3183.836148886261,373.19893166568755
0.01,vecD,helm,0.44321713424760856,3330.365652230396,372.10424387289896
0.01,vecD,helm,0.45356716164087024,3483.7023129370355,371.0638347837257
0.01,vecD,helm,0.46415888336127775,3644.163264490414,370.0747549908881
0.01,vecD,helm,0.47499794346614127,3812.080392920791,369.134239414446
0.01,vecD,helm,0.48609011781306305,3987.8010194777835,368.23969359010505
0.01,vecD,helm,0.49744131713774514,4171.68861459316,367.38868117134507
0.01,vecD,helm,0.5090575902036681,4364.123544544824,366.5789125207205
0.01,vecD,helm,0.5209451270253211,4565.503852295831,365.80823428013196
0.01,vecD,helm,0.5331102621667033,4776.2460740470715,365.0746198224598
0.01,vecD,helm,0.5455594781168515,4996.786093109489,364.3761604979504
0.01,vecD,helm,0.5582994087441919,5227.580032772129,363.71105759837394
0.01,vecD,helm,0.571336842831558,5469.105189915386,363.07761497040394
0.01,vecD,helm,0.584678727693759,5721.861011195201,362.47423221709204
0.01,vecD,helm,0.5983321728796283,5986.37011370322,361.8993984328288
0.01,vecD,helm,0.6123044539605184,6263.179352090611,361.35168642293536
0.01,vecD,helm,0.6266030164072656,6552.860934229409,360.82974736411046
0.01,vecD,helm,0.6412354795576917,6856.0135875749065,360.3323058664497
0.01,vecD,helm,0.6562096406767555,7173.263778485772,359.85815540173496
0.01,vecD,helm,0.6715334791115142,7505.266986855715,359.40615406622464
0.01,vecD,helm,0.6872151605431122,7852.709038511596,358.97522064931525
0.01,vecD,helm,0.7032630413380644,8216.307497938025,358.56433098223846
0.01,vecD,helm,0.7196856730011514,8596.813123997732,358.1725145434514
0.01,vecD,helm,0.7364918067322965,8995.011391430762,357.7988512995979
0.01,vecD,helm,0.7536903980898542,9411.724081033744,357.44246876290924
0.01,vecD,helm,0.7712906117627992,9847.810941543761,357.10253924769114
0.01,vecD,helm,0.7893018264543568,10304.171426378749,356.77827731013764
0.01,vecD,helm,0.8077336398796711,10781.746508519314,356.468937357144
0.01,vecD,helm,0.8265958738801813,11281.520576955118,356.1738114110785
0.01,vecD,helm,0.84589857965743,11804.523418262197,355.8922270186248
0.01,vecD,helm,0.8656520431290936,12351.832287026666,355.6235452928554
0.01,vecD,helm,0.8858667904100823,12924.574068984643,355.36715907863055
0.01,vecD,helm,0.9065535934216359,13523.927540909332,355.1224912322683
0.01,vecD,helm,0.927723475631406,14151.125731442668,354.8889930071973
0.01,vecD,helm,0.949387717927582,14807.458387241959,354.66614253799895
0.01,vecD,helm,0.9715578646301858,15494.27454899141,354.45344341587065
0.01,vecD,helm,0.9942457296427418,16212.98524201479,354.2504233491179
0.01,vecD,helm,1.0174634027476064,16965.06628641877,354.0566329027932
0.01,vecD,helm,1.0412232560483043,17752.06123189632,353.8716443120755
0.01,vecD,helm,1.0655379505623053,18575.584422527303,353.6950503644088
0.01,vecD,helm,1.0904204429677526,19437.324197128302,353.526463345809
0.01,vecD,helm,1.115883992507748,20339.046230927015,353.3655140471025
0.01,vecD,helm,1.1419421680558648,21282.597024566723,353.21185082618376
0.01,vecD,helm,1.168608855346651,22269.907546685183,353.065138722675
0.01,vecD,helm,1.1958982643749794,23302.997036559955,352.92505862164336
0.01,vecD,helm,1.2238249369681924,24383.976973568086,352.7913064632726
0.01,vecD,helm,1.252403754535072,25515.055220472146,352.66359249562163
0.01,vecD,helm,1.2816499459957584,26698.540347818416,352.54164056779973
0.01,vecD,helm,1.3115790958968503,27936.846147016113,352.4251874610889
0.01,vecD,helm,1.342207152716012,29232.496339958896,352.31398225570973
0.01,vecD,helm,1.3735504373605123,30588.129493351316,352.2077857310941
0.01,vecD,helm,1.405625651864215,32006.50414621449,352.1063697976745
0.01,vecD,helm,1.438449888287663,33490.50415936763,352.0095169583322
0.01,vecD,helm,1.4720406378260014,35043.14429601351,351.91701979777935
0.01,vecD,helm,1.506415800129591,36667.57604289866,351.82868049825794
0.01,vecD,helm,1.5415936928422718,38367.093681870596,351.744310380051
0.01,vecD,helm,1.5775930613623614,40145.140622019775,351.6637294653983
0.01,vecD,helm,1.6144330888316019,42005.31600296738,351.58676606449893
0.01,vecD,helm,1.6521334063573685,43951.38158024564,351.51325638236966
0.01,vecD,helm,1.69071410347358,45987.2689041134,351.44304414540505
0.01,vecD,helm,1.7301957388458944,48117.08680355827,351.3759802465581
0.01,vecD,helm,1.770599351226898,50345.12918765593,351.31192240812726
0.01,vecD,helm,1.8119464706671222,52675.88317688697,351.2507348611993
0.01,vecD,helm,1.8542591299878524,55114.037577453746,351.19228804085316
0.01,vecD,helm,1.8975598765218504,57664.49171209358,351.13645829628587
0.01,vecD,helm,1.941871784128255,60332.36462135057,351.0831276150731
0.01,vecD,helm,1.9872184654880534,63123.004649743314,351.03218336081903
0.01,vecD,helm,2.0336240846866724,66041.99943175422,350.9835180234987
0.01,vecD,helm,2.081113370090395,69095.1862930661,350.9370289818346
0.01,vecD,helm,2.129711627523478,72288.66308298336,350.89261827708674
0.01,vecD,helm,2.1794447537529833,75628.79945449447,350.850192397671
0.01,vecD,helm,2.2303392502884964,79122.24860896723,350.80966207405675
0.01,vecD,helm,2.2824222375040977,82775.95952301101,350.7709420834202
0.01,vecD,helm,2.3357214690901213,86597.1896755959,350.73395106356287
0.01,vecD,helm,2.3902653468423893,90593.51829408082,350.6986113356328
0.01,vecD,helm,2.446082935796798,94772.86013837733,350.66484873520636
0.01,vecD,helm,2.5032039797173256,99143.47984306014,350.6325924513185
0.01,vecD,helm,2.561658916945727,103714.00683782816,350.601774873047
0.01,vecD,helm,2.6214788966213534,108493.45086731992,350.5723314432813
0.01,vecD,helm,2.6826957952797246,113491.21813189442,350.54420051932135
0.01,vecD,helm,2.745342233838714,118717.12807160785,350.51732323997584
0.01,vecD,helm,2.809451594981406,124181.43081623706,350.49164339884345
0.01,vecD,helm,2.8750580409448774,129894.82532482906,350.46710732347833
0.01,vecD,helm,2.942196531724374,135868.4782388867,350.44366376015375
0.01,vecD,helm,3.0109028437025924,142114.04347394087,350.4212637639602
0.01,vecD,helm,3.081213588714002,148643.68257489734,350.3998605939764
0.01,vecD,helm,3.1531662335543613,155470.0858611877,350.37940961327655
0.01,vecD,helm,3.2267991199458086,162606.49438839365,350.35986819354
0.01,vecD,helm,3.3021514849681757,170066.72275365758,350.34119562404675
0.01,vecD,helm,3.379263481967431,177865.18277283123,350.32335302485205
0.01,vecD,helm,3.4581762019523774,186016.90805794712,350.30630326394083
0.01,vecD,helm,3.538931695490988,194537.57952422512,350.29001087817676
0.01,vecD,helm,3.6215729951180746,203443.5518564549,350.2744419978668
0.01,vecD,helm,3.706144138266228,212751.8809652049,350.2595642747729
0.01,vecD,helm,3.792690190732246,222480.35246391167,350.2453468134081
0.01,vecD,helm,3.881257270691536,232647.51119849226,350.23176010546626
0.01,vecD,helm,3.971892573273302,243272.6918616997,350.21877596723795
0.01,vecD,helm,4.064644395709628,254376.05072500097,350.20636747987453
0.01,vecD,helm,4.1595621630718425,265978.5985212905,350.1945089323683
0.01,vecD,helm,4.256696454607871,278102.2345122698,350.1831757671238
0.01,vecD,helm,4.356099030694608,290769.78177481564,350.1723445279989
0.01,vecD,helm,4.457822860419706,304005.0237411258,350.16199281070374
0.01,vecD,helm,4.561922149807459,317832.7420278629,350.15209921544823
0.01,vecD,helm,4.66845237070379,332278.75558990677,350.14264330173415
0.01,vecD,helm,4.777470290335773,347369.96123470867,350.1336055451946
0.01,vecD,helm,4.889034001561443,363134.37553355,350.1249672963858
0.01,vecD,helm,5.003202953825999,379601.17816629674,350.11671074144317
0.01,vecD,helm,5.120037984840887,396800.75673646596,350.1088188645144
0.01,vecD,helm,5.239601353002644,414764.75309361634,350.1012754118912
0.01,vecD,helm,5.361956770568817,433526.1112002058,350.0940648577601
0.01,vecD,helm,5.487169437608599,453119.126580127,350.08717237149807
0.01,vecD,helm,5.615306076746273,473579.4973861479,350.0805837864453
0.01,vecD,helm,5.746434968715974,494944.3771234365,350.07428557008484
0.01,vecD,helm,5.880625988746757,517252.4290662355,350.06826479556787
0.01,vecD,helm,6.017950643797328,540543.8824045548,350.06250911452094
0.01,vecD,helm,6.158482110660261,564860.5901574808,350.05700673107907
0.01,vecD,helm,6.302295274956023,590246.0888893673,350.05174637708825
0.01,vecD,helm,6.449466771037621,616745.6602647415,350.04671728842413
0.01,vecD,helm,6.600075022827088,644406.3944772406,350.0419091823767
0.01,vecD,helm,6.754200285605586,673277.2555872819,350.0373122360529
0.01,vecD,helm,6.911924688779366,703409.148802484,350.03291706575015
0.01,vecD,helm,7.073332279644439,734854.989734054,350.0287147072588
0.01,vecD,helm,7.238509068173248,767669.7756614598,350.02469659704946
0.01,vecD,helm,7.4075430728471625,801910.6588366912,350.0208545543056
0.01,vecD,helm,7.580524367559261,837637.0218583259,350.01718076376557
0.01,vecD,helm,7.757545129612414,874910.5551443981,350.01366775933406
0.01,vecD,helm,7.9386996888382235,913795.3365317292,350.01030840843055
0.01,vecD,helm,8.124084577862966,954357.9130279408,350.00709589704127
0.01,vecD,helm,8.313798583547333,996667.3847408184,350.0040237154418
0.01,vecD,helm,8.507942799627445,1040795.4910080445,350.00108564456184
0.01,vecD,helm,8.706620680585118,1086816.698748488,349.99827574296205
0.01,vecD,helm,8.909938096776107,1134808.293054377,349.9955883343946
0.01,vecD,helm,9.118003390845681,1184850.4700416203,349.99301799592416
0.01,vecD,helm,9.330927435461664,1237026.4319734664,349.9905595465805
0.01,vecD,helm,9.548823692395656,1291422.4846703794,349.98820803652114
0.01,vecD,helm,9.771808272983899,1348128.1372166818,349.9859587366802
0.01,vecD,helm,10.0,1407236.2039720342,349.9838071288818
0.01,vecD,shell,0.11618843640511002,258.050034456548,6435.863675795652
0.01,vecD,shell,0.118901674244199,269.32521476178164,5365.693776894389
0.01,vecD,shell,0.1216782717410923,281.11122234457764,4630.584530127004
0.01,vecD,shell,0.12451970847350319,293.4316464397923,4095.5797081520163
0.01,vecD,shell,0.12742749857031335,306.3111755667634,3689.094808444122
0.01,vecD,shell,0.13040319151841315,319.77564893283306,3370.05663645751
0.01,vecD,shell,0.13344837298838383,333.8521102402848,3113.208301528051
0.01,vecD,shell,0.13656466567946096,348.5688640087427,2902.1645379989895
0.01,vecD,shell,0.1397537301842291,363.95553453028054,2725.830786148181
0.01,vecD,shell,0.1430172658735088,380.04312757992034,2576.4271848696785
0.01,vecD,shell,0.14635701180190797,396.8640950098874,2448.336624844171
0.01,vecD,shell,0.14977474763452,414.45240236192404,2337.4019813648924
0.01,vecD,shell,0.15327229459526134,432.8435996381763,2240.4806558200394
0.01,vecD,shell,0.1568515164373548,452.0748953776781,2155.1528355520486
0.01,vecD,shell,0.16051432043647615,472.1852341922508,2079.5249520452453
0.01,vecD,shell,0.16426265840709303,493.2153779227387,2012.093965114366
0.01,vecD,shell,0.16809852774253636,515.2079905839314,1951.651588472086
0.01,vecD,shell,0.1720239724793599,538.2077272743055,1897.2153840053486
0.01,vecD,shell,0.17604108438655525,562.2613272348392,1847.9783235382827
0.01,vecD,shell,0.18015200408020238,587.4177112496492,1803.2712906250206
0.01,vecD,shell,0.1843589221641488,613.7280835900723,1762.5348081361972
0.01,vecD,shell,0.18866408039732582,641.2460387131192,1725.2974478234878
0.01,vecD,shell,0.19306977288832497,670.0276729349318,1691.1591492690238
0.01,vecD,shell,0.19757834731786994,700.1317013100146,1659.7781934107384
0.01,vecD,shell,0.20219220618983536,731.6195799576287,1630.860929459294
0.01,vecD,shell,0.20691380811147903,764.5556340878288,1604.1535993478658
0.01,vecD,shell,0.21174566910357118,799.0071919912209,1579.435776522139
0.01,vecD,shell,0.2166903639411181,835.0447252686317,1556.515059033847
0.01,vecD,shell,0.22175052752539318,872.7419955895309,1535.2227458337445
0.01,vecD,shell,0.2269288562880081,912.1762082813128,1515.4102901196068
0.01,vecD,shell,0.23222810962777246,953.4281730653612,1496.9463715530144
0.01,vecD,shell,0.23765111138110728,996.5824722702818,1479.7144649197992
0.01,vecD,shell,0.24320075132679475,1041.7276368677753,1463.6108097250317
0.01,vecD,shell,0.24887998672586673,1088.9563306924363,1448.5427056501474
0.01,vecD,shell,0.25469184389745403,1138.3655432232515,1434.427074445135
0.01,vecD,shell,0.26063941983143474,1190.0567913217853,1421.189240899074
0.01,vecD,shell,0.2667258838387405,1244.136330340055,1408.7618949129367
0.01,vecD,shell,0.2729544792402007,1300.715375029903,1397.0842040392859
0.01,vecD,shell,0.2793285250948253,1359.9103307053397,1386.1010516356218
0.01,vecD,shell,0.28585141796844715,1421.8430351298312,1375.762380360848
0.01,vecD,shell,0.2925266337436645,1486.6410116219379,1366.0226243978643
0.01,vecD,shell,0.29935772947204903,1554.4377338951153,1356.8402167143668
0.01,vecD,shell,0.3063483452696084,1625.3729031708865,1348.177160034722
0.01,vecD,shell,0.3135022062565112,1699.5927381289796,1339.9986521082144
0.01,vecD,shell,0.32082312454210776,1777.2502782835288,1332.2727574156859
0.01,vecD,shell,0.3283150012563047,1858.505701401079,1324.97011872963
0.01,vecD,shell,0.3359818286283781,1943.5266556039417,1318.0637029884572
0.01,vecD,shell,0.34382769211433073,2032.4886068314427,1311.5285768081906
0.01,vecD,shell,0.3518567725739263,2125.5752023619016,1305.3417076691817
0.01,vecD,shell,0.360073348498562,2222.9786511298284,1299.4817874093762
0.01,vecD,shell,0.3684817982911677,2324.9001216058464,1293.9290751513
0.01,vecD,shell,0.3770866025993452,2431.5501580412583,1288.6652572050336
0.01,vecD,shell,0.3858923467029903,2543.1491159151565,1283.673321838317
0.01,vecD,shell,0.3949037229576702,2659.927617459481,1278.9374470990347
0.01,vecD,shell,0.40412553329506,2782.1270281766224,1274.4429001241565
0.01,vecD,shell,0.4135626917817706,2909.9999553049747,1270.17594658028
0.01,vecD,shell,0.4232202272379275,3043.810769230424,1266.1237690605662
0.01,vecD,shell,0.4331032859169001,3183.836148886261,1262.2743934161344
0.01,vecD,shell,0.44321713424760856,3330.365652230396,1258.6166221311591
0.01,vecD,shell,0.45356716164087024,3483.7023129370355,1255.139973963458
0.01,vecD,shell,0.46415888336127775,3644.163264490414,1251.834629169171
0.01,vecD,shell,0.47499794346614127,3812.080392920791,1248.691379713598
0.01,vecD,shell,0.48609011781306305,3987.8010194777835,1245.7015839424337
0.01,vecD,shell,0.49744131713774514,4171.68861459316,1242.857125250143
0.01,vecD,shell,0.5090575902036681,4364.123544544824,1240.1503743365158
0.01,vecD,shell,0.5209451270253211,4565.503852295831,1237.5741546896675
0.01,vecD,shell,0.5331102621667033,4776.2460740470715,1235.1217109749446
0.01,vecD,shell,0.5455594781168515,4996.786093109489,1232.786680045206
0.01,vecD,shell,0.5582994087441919,5227.580032772129,1230.5630643194388
0.01,vecD,shell,0.571336842831558,5469.105189915386,1228.4452073043394
0.01,vecD,shell,0.584678727693759,5721.861011195201,1226.4277710577658
0.01,vecD,shell,0.5983321728796283,5986.37011370322,1224.5057154143713
0.01,vecD,shell,0.6123044539605184,6263.179352090611,1222.6742788125905
0.01,vecD,shell,0.6266030164072656,6552.860934229409,1220.9289605788128
0.01,vecD,shell,0.6412354795576917,6856.0135875749065,1219.2655045393371
0.01,vecD,shell,0.6562096406767555,7173.263778485772,1217.6798838437649
0.01,vecD,shell,0.6715334791115142,7505.266986855715,1216.1682868951038
0.01,vecD,shell,0.6872151605431122,7852.709038511596,1214.727104292166
0.01,vecD,shell,0.7032630413380644,8216.307497938025,1213.352916699037
0.01,vecD,shell,0.7196856730011514,8596.813123997732,1212.0424835645842
0.01,vecD,shell,0.7364918067322965,8995.011391430762,1210.792732622284
0.01,vecD,shell,0.7536903980898542,9411.724081033744,1209.6007501072015
0.01,vecD,shell,0.7712906117627992,9847.810941543761,1208.4637716328
0.01,vecD,shell,0.7893018264543568,10304.171426378749,1207.3791736755127
0.01,vecD,shell,0.8077336398796711,10781.746508519314,1206.3444656197341
0.01,vecD,shell,0.8265958738801813,11281.520576955118,1205.357282320112
0.01,vecD,shell,0.84589857965743,11804.523418262197,1204.4153771418376
0.01,vecD,shell,0.8656520431290936,12351.832287026666,1203.5166154430742
0.01,vecD,shell,0.8858667904100823,12924.574068984643,1202.6589684667576
0.01,vecD,shell,0.9065535934216359,13523.927540909332,1201.8405076118006
0.01,vecD,shell,0.927723475631406,14151.125731442668,1201.0593990562631
0.01,vecD,shell,0.949387717927582,14807.458387241959,1200.31389870735
0.01,vecD,shell,0.9715578646301858,15494.27454899141,1199.6023474551587
0.01,vecD,shell,0.9942457296427418,16212.98524201479,1198.9231667089898
0.01,vecD,shell,1.0174634027476064,16965.06628641877,1198.274854196748
0.01,vecD,shell,1.0412232560483043,17752.06123189632,1197.6559800094985
0.01,vecD,shell,1.0655379505623053,18575.584422527303,1197.0651828746743
0.01,vecD,shell,1.0904204429677526,19437.324197128302,1196.5011666427067
0.01,vecD,shell,1.115883992507748,20339.046230927015,1195.9626969730316
0.01,vecD,shell,1.1419421680558648,21282.597024566723,1195.4485982064866
0.01,vecD,shell,1.168608855346651,22269.907546685183,1194.957750412102
0.01,vecD,shell,1.1958982643749794,23302.997036559955,1194.4890865971793
0.01,vecD,shell,1.2238249369681924,24383.976973568086,1194.0415900703636
0.01,vecD,shell,1.252403754535072,25515.055220472146,1193.6142919481813
0.01,vecD,shell,1.2816499459957584,26698.540347818416,1193.20626879618
0.01,vecD,shell,1.3115790958968503,27936.846147016113,1192.8166403964642
0.01,vecD,shell,1.342207152716012,29232.496339958896,1192.4445676339724
0.01,vecD,shell,1.3735504373605123,30588.129493351316,1192.0892504944038
0.01,vecD,shell,1.405625651864215,32006.50414621449,1191.749926167162
0.01,vecD,shell,1.438449888287663,33490.50415936763,1191.4258672471603
0.01,vecD,shell,1.4720406378260014,35043.14429601351,1191.1163800297368
0.01,vecD,shell,1.506415800129591,36667.57604289866,1190.8208028933082
0.01,vecD,shell,1.5415936928422718,38367.093681870596,1190.5385047647599
0.01,vecD,shell,1.5775930613623614,40145.140622019775,1190.2688836628813
0.01,vecD,shell,1.6144330888316019,42005.31600296738,1190.011365315468
0.01,vecD,shell,1.6521334063573685,43951.38158024564,1189.765401845992
0.01,vecD,shell,1.69071410347358,45987.2689041134,1189.5304705259998
0.01,vecD,shell,1.7301957388458944,48117.08680355827,1189.3060725896305
0.01,vecD,shell,1.770599351226898,50345.12918765593,1189.0917321068935
0.01,vecD,shell,1.8119464706671222,52675.88317688697,1188.8869949125192
0.01,vecD,shell,1.8542591299878524,55114.037577453746,1188.691427587421
0.01,vecD,shell,1.8975598765218504,57664.49171209358,1188.5046164899638
0.01,vecD,shell,1.941871784128255,60332.36462135057,1188.3261668344135
0.01,vecD,shell,1.9872184654880534,63123.004649743314,1188.155701814092
0.01,vecD,shell,2.0336240846866724,66041.99943175422,1187.9928617669084
0.01,vecD,shell,2.081113370090395,69095.1862930661,1187.8373033810742
0.01,vecD,shell,2.129711627523478,72288.66308298336,1187.6886989389347
0.01,vecD,shell,2.1794447537529833,75628.79945449447,1187.546735596964
0.01,vecD,shell,2.2303392502884964,79122.24860896723,1187.4111147000885
0.01,vecD,shell,2.2824222375040977,82775.95952301101,1187.2815511286044
0.01,vecD,shell,2.3357214690901213,86597.1896755959,1187.1577726760395
0.01,vecD,shell,2.3902653468423893,90593.51829408082,1187.039519456424
0.01,vecD,shell,2.446082935796798,94772.86013837733,1186.9265433394946
0.01,vecD,shell,2.5032039797173256,99143.47984306014,1186.8186074124585
0.01,vecD,shell,2.561658916945727,103714.00683782816,1186.7154854669925
0.01,vecD,shell,2.6214788966213534,108493.45086731992,1186.6169615102533
0.01,vecD,shell,2.6826957952797246,113491.21813189442,1186.522829298715
0.01,vecD,shell,2.745342233838714,118717.12807160785,1186.4328918937238
0.01,vecD,shell,2.809451594981406,124181.43081623706,1186.34696123772
0.01,vecD,shell,2.8750580409448774,129894.82532482906,1186.264857750122
0.01,vecD,shell,2.942196531724374,135868.4782388867,1186.1864099419342
0.01,vecD,shell,3.0109028437025924,142114.04347394087,1186.11145404817
0.01,vecD,shell,3.081213588714002,148643.68257489734,1186.0398336772475
0.01,vecD,shell,3.1531662335543613,155470.0858611877,1185.9713994765448
0.01,vecD,shell,3.2267991199458086,162606.49438839365,1185.9060088133422
0.01,vecD,shell,3.3021514849681757,170066.72275365758,1185.8435254704323
0.01,vecD,shell,3.379263481967431,177865.18277283123,1185.7838193556959
0.01,vecD,shell,3.4581762019523774,186016.90805794712,1185.7267662249901
0.01,vecD,shell,3.538931695490988,194537.57952422512,1185.6722474177204
0.01,vecD,shell,3.6215729951180746,203443.5518564549,1185.620149604507
0.01,vecD,shell,3.706144138266228,212751.8809652049,1185.5703645463707
0.01,vecD,shell,3.792690190732246,222480.35246391167,1185.5227888649094
0.01,vecD,shell,3.881257270691536,232647.51119849226,1185.47732382295
0.01,vecD,shell,3.971892573273302,243272.6918616997,1185.433875115185
0.01,vecD,shell,4.064644395709628,254376.05072500097,1185.392352668339
0.01,vecD,shell,4.1595621630718425,265978.5985212905,1185.3526704504154
0.01,vecD,shell,4.256696454607871,278102.2345122698,1185.314746288607
0.01,vecD,shell,4.356099030694608,290769.78177481564,1185.2785016954726
0.01,vecD,shell,4.457822860419706,304005.0237411258,1185.2438617029977
0.01,vecD,shell,4.561922149807459,317832.7420278629,1185.2107547041717
0.01,vecD,shell,4.66845237070379,332278.75558990677,1185.1791123017438
0.01,vecD,shell,4.777470290335773,347369.96123470867,1185.1488691638249
0.01,vecD,shell,4.889034001561443,363134.37553355,1185.1199628860188
0.01,vecD,shell,5.003202953825999,379601.17816629674,1185.0923338597916
0.01,vecD,shell,5.120037984840887,396800.75673646596,1185.0659251467841
0.01,vecD,shell,5.239601353002644,414764.75309361634,1185.040682358805
0.01,vecD,shell,5.361956770568817,433526.1112002058,1185.0165535432416
0.01,vecD,shell,5.487169437608599,453119.126580127,1184.9934890736397
0.01,vecD,shell,5.615306076746273,473579.4973861479,1184.9714415452215
0.01,vecD,shell,5.746434968715974,494944.3771234365,1184.9503656751133
0.01,vecD,shell,5.880625988746757,517252.4290662355,1184.9302182070714
0.01,vecD,shell,6.017950643797328,540543.8824045548,1184.9109578204996
0.01,vecD,shell,6.158482110660261,564860.5901574808,1184.892545043567
0.01,vecD,shell,6.302295274956023,590246.0888893673,1184.8749421702364
0.01,vecD,shell,6.449466771037621,616745.6602647415,1184.858113181028
0.01,vecD,shell,6.600075022827088,644406.3944772406,1184.842023667352
0.01,vecD,shell,6.754200285605586,673277.2555872819,1184.8266407592403
0.01,vecD,shell,6.911924688779366,703409.148802484,1184.811933056335
0.01,vecD,shell,7.073332279644439,734854.989734054,1184.7978705619769
0.01,vecD,shell,7.238509068173248,767669.7756614598,1184.784424620258
0.01,vecD,shell,7.4075430728471625,801910.6588366912,1184.7715678559043
0.01,vecD,shell,7.580524367559261,837637.0218583259,1184.759274116864
0.01,vecD,shell,7.757545129612414,874910.5551443981,1184.7475184194664
0.01,vecD,shell,7.9386996888382235,913795.3365317292,1184.736276896056
0.01,vecD,shell,8.124084577862966,954357.9130279408,1184.7255267449716
0.01,vecD,shell,8.313798583547333,996667.3847408184,1184.7152461827745
0.01,vecD,shell,8.507942799627445,1040795.4910080445,1184.7054143986225
0.01,vecD,shell,8.706620680585118,1086816.698748488,1184.6960115106915
0.01,vecD,shell,8.909938096776107,1134808.293054377,1184.6870185245555
0.01,vecD,shell,9.118003390845681,1184850.4700416203,1184.678417293434
0.01,vecD,shell,9.330927435461664,1237026.4319734664,1184.6701904802223
0.01,vecD,shell,9.548823692395656,1291422.4846703794,1184.6623215212305
0.01,vecD,shell,9.771808272983899,1348128.1372166818,1184.6547945915434
0.01,vecD,shell,10.0,1407236.2039720342,1184.647594571942
0.01,scaD,helm,0.11618843640511002,258.050034456548,36.012910102248114
0.01,scaD,helm,0.118901674244199,269.32521476178164,35.56568023516868
0.01,scaD,helm,0.1216782717410923,281.11122234457764,35.558559180880785
0.01,scaD,helm,0.12451970847350319,293.4316464397923,35.55855918088078
0.01,scaD,helm,0.12742749857031335,306.3111755667634,35.55855918088078
0.01,scaD,helm,0.13040319151841315,319.77564893283306,35.558559180880785
0.01,scaD,helm,0.13344837298838383,333.8521102402848,35.558559180880785
0.01,scaD,helm,0.13656466567946096,348.5688640087427,35.55855918088078
0.01,scaD,helm,0.1397537301842291,363.95553453028054,35.558559180880785
0.01,scaD,helm,0.1430172658735088,380.04312757992034,35.55855918088078
0.01,scaD,helm,0.14635701180190797,396.8640950098874,35.55855918088078
0.01,scaD,helm,0.14977474763452,414.45240236192404,35.55855918088078
0.01,scaD,helm,0.15327229459526134,432.8435996381763,35.55855918088077
0.01,scaD,helm,0.1568515164373548,452.0748953776781,35.558559180880785
0.01,scaD,helm,0.16051432043647615,472.1852341922508,35.558559180880785
0.01,scaD,helm,0.16426265840709303,493.2153779227387,35.558559180880785
0.01,scaD,helm,0.16809852774253636,515.2079905839314,35.558559180880785
0.01,scaD,helm,0.1720239724793599,538.2077272743055,35.55855918088079
0.01,scaD,helm,0.17604108438655525,562.2613272348392,35.558559180880785
0.01,scaD,helm,0.18015200408020238,587.4177112496492,35.55855918088078
0.01,scaD,helm,0.1843589221641488,613.7280835900723,35.558559180880785
0.01,scaD,helm,0.18866408039732582,641.2460387131192,35.55855918088077
0.01,scaD,helm,0.19306977288832497,670.0276729349318,35.558559180880785
0.01,scaD,helm,0.19757834731786994,700.1317013100146,35.558559180880785
0.01,scaD,helm,0.20219220618983536,731.6195799576287,35.558559180880785
0.01,scaD,helm,0.20691380811147903,764.5556340878288,35.558559180880785
0.01,scaD,helm,0.21174566910357118,799.0071919912209,35.55855918088077
0.01,scaD,helm,0.2166903639411181,835.0447252686317,35.558559180880785
0.01,scaD,helm,0.22175052752539318,872.7419955895309,35.558559180880785
0.01,scaD,helm,0.2269288562880081,912.1762082813128,35.55855918088078
0.01,scaD,helm,0.23222810962777246,953.4281730653612,35.55855918088078
0.01,scaD,helm,0.23765111138110728,996.5824722702818,35.55855918088078
0.01,scaD,helm,0.24320075132679475,1041.7276368677753,35.55855918088078
0.01,scaD,helm,0.24887998672586673,1088.9563306924363,35.558559180880785
0.01,scaD,helm,0.25469184389745403,1138.3655432232515,35.55855918088078
0.01,scaD,helm,0.26063941983143474,1190.0567913217853,35.55855918088078
0.01,scaD,helm,0.2667258838387405,1244.136330340055,35.558559180880785
0.01,scaD,helm,0.2729544792402007,1300.715375029903,35.55855918088079
0.01,scaD,helm,0.2793285250948253,1359.9103307053397,35.558559180880785
0.01,scaD,helm,0.28585141796844715,1421.8430351298312,35.558559180880785
0.01,scaD,helm,0.2925266337436645,1486.6410116219379,35.55855918088078
0.01,scaD,helm,0.29935772947204903,1554.4377338951153,35.558559180880785
0.01,scaD,helm,0.3063483452696084,1625.3729031708865,35.558559180880785
0.01,scaD,helm,0.3135022062565112,1699.5927381289796,35.55855918088078
0.01,scaD,helm,0.32082312454210776,1777.2502782835288,35.558559180880785
0.01,scaD,helm,0.3283150012563047,1858.505701401079,35.55855918088078
0.01,scaD,helm,0.3359818286283781,1943.5266556039417,35.558559180880785
0.01,scaD,helm,0.34382769211433073,2032.4886068314427,35.55855918088077
0.01,scaD,helm,0.3518567725739263,2125.5752023619016,35.55855918088079
0.01,scaD,helm,0.360073348498562,2222.9786511298284,35.558559180880785
0.01,scaD,helm,0.3684817982911677,2324.9001216058464,35.55855918088078
0.01,scaD,helm,0.3770866025993452,2431.5501580412583,35.558559180880785
0.01,scaD,helm,0.3858923467029903,2543.1491159151565,35.55855918088078
0.01,scaD,helm,0.3949037229576702,2659.927617459481,35.558559180880785
0.01,scaD,helm,0.40412553329506,2782.1270281766224,35.558559180880785
0.01,scaD,helm,0.4135626917817706,2909.9999553049747,35.55855918088078
0.01,scaD,helm,0.4232202272379275,3043.810769230424,35.558559180880785
0.01,scaD,helm,0.4331032859169001,3183.836148886261,35.558559180880785
0.01,scaD,helm,0.44321713424760856,3330.365652230396,35.55855918088079
0.01,scaD,helm,0.45356716164087024,3483.7023129370355,35.558559180880785
0.01,scaD,helm,0.46415888336127775,3644.163264490414,35.558559180880785
0.01,scaD,helm,0.47499794346614127,3812.080392920791,35.55855918088078
0.01,scaD,helm,0.48609011781306305,3987.8010194777835,35.558559180880785
0.01,scaD,helm,0.49744131713774514,4171.68861459316,35.558559180880785
0.01,scaD,helm,0.5090575902036681,4364.123544544824,35.558559180880785
0.01,scaD,helm,0.5209451270253211,4565.503852295831,35.558559180880785
0.01,scaD,helm,0.5331102621667033,4776.2460740470715,35.55855918088079
0.01,scaD,helm,0.5455594781168515,4996.786093109489,35.55855918088078
0.01,scaD,helm,0.5582994087441919,5227.580032772129,35.558559180880785
0.01,scaD,helm,0.571336842831558,5469.105189915386,35.558559180880785
0.01,scaD,helm,0.584678727693759,5721.861011195201,35.558559180880785
0.01,scaD,helm,0.5983321728796283,5986.37011370322,35.558559180880785
0.01,scaD,helm,0.6123044539605184,6263.179352090611,35.558559180880785
0.01,scaD,helm,0.6266030164072656,6552.860934229409,35.55855918088078
0.01,scaD,helm,0.6412354795576917,6856.0135875749065,35.558559180880785
0.01,scaD,helm,0.6562096406767555,7173.263778485772,35.558559180880785
0.01,scaD,helm,0.6715334791115142,7505.266986855715,35.558559180880785
0.01,scaD,helm,0.6872151605431122,7852.709038511596,35.55855918088078
0.01,scaD,helm,0.7032630413380644,8216.307497938025,35.558559180880785
0.01,scaD,helm,0.7196856730011514,8596.813123997732,35.55855918088079
0.01,scaD,helm,0.7364918067322965,8995.011391430762,35.558559180880785
0.01,scaD,helm,0.7536903980898542,9411.724081033744,35.558559180880785
0.01,scaD,helm,0.7712906117627992,9847.810941543761,35.558559180880785
0.01,scaD,helm,0.7893018264543568,10304.171426378749,35.55855918088079
0.01,scaD,helm,0.8077336398796711,10781.746508519314,35.558559180880785
0.01,scaD,helm,0.8265958738801813,11281.520576955118,35.558559180880785
0.01,scaD,helm,0.84589857965743,11804.523418262197,35.558559180880785
0.01,scaD,helm,0.8656520431290936,12351.832287026666,35.55855918088078
0.01,scaD,helm,0.8858667904100823,12924.574068984643,35.558559180880785
0.01,scaD,helm,0.9065535934216359,13523.927540909332,35.55855918088078
0.01,scaD,helm,0.927723475631406,14151.125731442668,35.55855918088078
0.01,scaD,helm,0.949387717927582,14807.458387241959,35.558559180880785
0.01,scaD,helm,0.9715578646301858,15494.27454899141,35.558559180880785
0.01,scaD,helm,0.9942457296427418,16212.98524201479,35.55855918088078
0.01,scaD,helm,1.0174634027476064,16965.06628641877,35.558559180880785
0.01,scaD,helm,1.0412232560483043,17752.06123189632,35.558559180880785
0.01,scaD,helm,1.0655379505623053,18575.584422527303,35.55855918088078
0.01,scaD,helm,1.0904204429677526,19437.324197128302,35.55855918088078
0.01,scaD,helm,1.115883992507748,20339.046230927015,35.55855918088078
0.01,scaD,helm,1.1419421680558648,21282.597024566723,35.558559180880785
0.01,scaD,helm,1.168608855346651,22269.907546685183,35.558559180880785
0.01,scaD,helm,1.1958982643749794,23302.997036559955,35.558559180880785
0.01,scaD,helm,1.2238249369681924,24383.976973568086,35.55855918088078
0.01,scaD,helm,1.252403754535072,25515.055220472146,35.55855918088078
0.01,scaD,helm,1.2816499459957584,26698.540347818416,35.55855918088078
0.01,scaD,helm,1.3115790958968503,27936.846147016113,35.55855918088079
0.01,scaD,helm,1.342207152716012,29232.496339958896,35.55855918088079
0.01,scaD,helm,1.3735504373605123,30588.129493351316,35.558559180880785
0.01,scaD,helm,1.405625651864215,32006.50414621449,35.558559180880785
0.01,scaD,helm,1.438449888287663,33490.50415936763,35.55855918088078
0.01,scaD,helm,1.4720406378260014,35043.14429601351,35.558559180880785
0.01,scaD,helm,1.506415800129591,36667.57604289866,35.558559180880785
0.01,scaD,helm,1.5415936928422718,38367.093681870596,35.558559180880785
0.01,scaD,helm,1.5775930613623614,40145.140622019775,35.558559180880785
0.01,scaD,helm,1.6144330888316019,42005.31600296738,35.558559180880785
0.01,scaD,helm,1.6521334063573685,43951.38158024564,35.558559180880785
0.01,scaD,helm,1.69071410347358,45987.2689041134,35.55855918088078
0.01,scaD,helm,1.7301957388458944,48117.08680355827,35.55855918088078
0.01,scaD,helm,1.770599351226898,50345.12918765593,35.55855918088078
0.01,scaD,helm,1.8119464706671222,52675.88317688697,35.558559180880785
0.01,scaD,helm,1.8542591299878524,55114.037577453746,35.558559180880785
0.01,scaD,helm,1.8975598765218504,57664.49171209358,35.55855918088078
0.01,scaD,helm,1.941871784128255,60332.36462135057,35.558559180880785
0.01,scaD,helm,1.9872184654880534,63123.004649743314,35.55855918088078
0.01,scaD,helm,2.0336240846866724,66041.99943175422,35.55855918088078
0.01,scaD,helm,2.081113370090395,69095.1862930661,35.55855918088079
0.01,scaD,helm,2.129711627523478,72288.66308298336,35.55855918088077
0.01,scaD,helm,2.1794447537529833,75628.79945449447,35.55855918088079
0.01,scaD,helm,2.2303392502884964,79122.24860896723,35.558559180880785
0.01,scaD,helm,2.2824222375040977,82775.95952301101,35.558559180880785
0.01,scaD,helm,2.3357214690901213,86597.1896755959,35.55855918088078
0.01,scaD,helm,2.3902653468423893,90593.51829408082,35.558559180880785
0.01,scaD,helm,2.446082935796798,94772.86013837733,35.558559180880785
0.01,scaD,helm,2.5032039797173256,99143.47984306014,35.55855918088078
0.01,scaD,helm,2.561658916945727,103714.00683782816,35.55855918088078
0.01,scaD,helm,2.6214788966213534,108493.45086731992,35.558559180880785
0.01,scaD,helm,2.6826957952797246,113491.21813189442,35.558559180880785
0.01,scaD,helm,2.745342233838714,118717.12807160785,35.55855918088078
0.01,scaD,helm,2.809451594981406,124181.43081623706,35.55855918088078
0.01,scaD,helm,2.8750580409448774,129894.82532482906,35.558559180880785
0.01,scaD,helm,2.942196531724374,135868.4782388867,35.558559180880785
0.01,scaD,helm,3.0109028437025924,142114.04347394087,35.558559180880785
0.01,scaD,helm,3.081213588714002,148643.68257489734,35.558559180880785
0.01,scaD,helm,3.1531662335543613,155470.0858611877,35.55855918088078
0.01,scaD,helm,3.2267991199458086,162606.49438839365,35.558559180880785
0.01,scaD,helm,3.3021514849681757,170066.72275365758,35.558559180880785
0.01,scaD,helm,3.379263481967431,177865.18277283123,35.558559180880785
0.01,scaD,helm,3.4581762019523774,186016.90805794712,35.55855918088078
0.01,scaD,helm,3.538931695490988,194537.57952422512,35.55855918088078
0.01,scaD,helm,3.6215729951180746,203443.5518564549,35.558559180880785
0.01,scaD,helm,3.706144138266228,212751.8809652049,35.558559180880785
0.01,scaD,helm,3.792690190732246,222480.35246391167,35.55855918088078
0.01,scaD,helm,3.881257270691536,232647.51119849226,35.558559180880785
0.01,scaD,helm,3.971892573273302,243272.6918616997,35.55855918088079
0.01,scaD,helm,4.064644395709628,254376.05072500097,35.55855918088078
0.01,scaD,helm,4.1595621630718425,265978.5985212905,35.55855918088078
0.01,scaD,helm,4.256696454607871,278102.2345122698,35.55855918088078
0.01,scaD,helm,4.356099030694608,290769.78177481564,35.55855918088078
0.01,scaD,helm,4.457822860419706,304005.0237411258,35.558559180880785
0.01,scaD,helm,4.561922149807459,317832.7420278629,35.55855918088078
0.01,scaD,helm,4.66845237070379,332278.75558990677,35.558559180880785
0.01,scaD,helm,4.777470290335773,347369.96123470867,35.558559180880785
0.01,scaD,helm,4.889034001561443,363134.37553355,35.55855918088079
0.01,scaD,helm,5.003202953825999,379601.17816629674,35.558559180880785
0.01,scaD,helm,5.120037984840887,396800.75673646596,35.55855918088078
0.01,scaD,helm,5.239601353002644,414764.75309361634,35.558559180880785
0.01,scaD,helm,5.361956770568817,433526.1112002058,35.558559180880785
0.01,scaD,helm,5.487169437608599,453119.126580127,35.558559180880785
0.01,scaD,helm,5.615306076746273,473579.4973861479,35.558559180880785
0.01,scaD,helm,5.746434968715974,494944.3771234365,35.558559180880785
0.01,scaD,helm,5.880625988746757,517252.4290662355,35.558559180880785
0.01,scaD,helm,6.017950643797328,540543.8824045548,35.558559180880785
0.01,scaD,helm,6.158482110660261,564860.5901574808,35.55855918088078
0.01,scaD,helm,6.302295274956023,590246.0888893673,35.55855918088078
0.01,scaD,helm,6.449466771037621,616745.6602647415,35.55855918088078
0.01,scaD,helm,6.600075022827088,644406.3944772406,35.55855918088078
0.01,scaD,helm,6.754200285605586,673277.2555872819,35.558559180880785
0.01,scaD,helm,6.911924688779366,703409.148802484,35.558559180880785
0.01,scaD,helm,7.073332279644439,734854.989734054,35.558559180880785
0.01,scaD,helm,7.238509068173248,767669.7756614598,35.55855918088078
0.01,scaD,helm,7.4075430728471625,801910.6588366912,35.558559180880785
0.01,scaD,helm,7.580524367559261,837637.0218583259,35.558559180880785
0.01,scaD,helm,7.757545129612414,874910.5551443981,35.558559180880785
0.01,scaD,helm,7.9386996888382235,913795.3365317292,35.55855918088078
0.01,scaD,helm,8.124084577862966,954357.9130279408,35.55855918088079
0.01,scaD,helm,8.313798583547333,996667.3847408184,35.55855918088078
0.01,scaD,helm,8.507942799627445,1040795.4910080445,35.558559180880785
0.01,scaD,helm,8.706620680585118,1086816.698748488,35.55855918088078
0.01,scaD,helm,8.909938096776107,1134808.293054377,35.558559180880785
0.01,scaD,helm,9.118003390845681,1184850.4700416203,35.55855918088079
0.01,scaD,helm,9.330927435461664,1237026.4319734664,35.55855918088078
0.01,scaD,helm,9.548823692395656,1291422.4846703794,35.558559180880785
0.01,scaD,helm,9.771808272983899,1348128.1372166818,35.55855918088078
0.01,scaD,helm,10.0,1407236.2039720342,35.558559180880785
0.01,scaD,shell,0.11618843640511002,258.050034456548,122.17217369672498
0.01,scaD,shell,0.118901674244199,269.32521476178164,121.54870700511306
0.01,scaD,shell,0.1216782717410923,281.11122234457764,121.52930641471748
0.01,scaD,shell,0.12451970847350319,293.4316464397923,121.52930641471748
0.01,scaD,shell,0.12742749857031335,306.3111755667634,121.52930641471747
0.01,scaD,shell,0.13040319151841315,319.77564893283306,121.52930641471748
0.01,scaD,shell,0.13344837298838383,333.8521102402848,121.52930641471748
0.01,scaD,shell,0.13656466567946096,348.5688640087427,121.52930641471748
0.01,scaD,shell,0.1397537301842291,363.95553453028054,121.52930641471748
0.01,scaD,shell,0.1430172658735088,380.04312757992034,121.52930641471747
0.01,scaD,shell,0.14635701180190797,396.8640950098874,121.52930641471745
0.01,scaD,shell,0.14977474763452,414.45240236192404,121.52930641471747
0.01,scaD,shell,0.15327229459526134,432.8435996381763,121.52930641471744
0.01,scaD,shell,0.1568515164373548,452.0748953776781,121.52930641471747
0.01,scaD,shell,0.16051432043647615,472.1852341922508,121.52930641471745
0.01,scaD,shell,0.16426265840709303,493.2153779227387,121.52930641471747
0.01,scaD,shell,0.16809852774253636,515.2079905839314,121.52930641471747
0.01,scaD,shell,0.1720239724793599,538.2077272743055,121.52930641471745
0.01,scaD,shell,0.17604108438655525,562.2613272348392,121.52930641471745
0.01,scaD,shell,0.18015200408020238,587.4177112496492,121.52930641471744
0.01,scaD,shell,0.1843589221641488,613.7280835900723,121.52930641471745
0.01,scaD,shell,0.18866408039732582,641.2460387131192,121.52930641471745
0.01,scaD,shell,0.19306977288832497,670.0276729349318,121.52930641471745
0.01,scaD,shell,0.19757834731786994,700.1317013100146,121.52930641471747
0.01,scaD,shell,0.20219220618983536,731.6195799576287,121.52930641471748
0.01,scaD,shell,0.20691380811147903,764.5556340878288,121.52930641471747
0.01,scaD,shell,0.21174566910357118,799.0071919912209,121.52930641471747
0.01,scaD,shell,0.2166903639411181,835.0447252686317,121.52930641471748
0.01,scaD,shell,0.22175052752539318,872.7419955895309,121.52930641471747
0.01,scaD,shell,0.2269288562880081,912.1762082813128,121.52930641471747
0.01,scaD,shell,0.23222810962777246,953.4281730653612,121.52930641471747
0.01,scaD,shell,0.23765111138110728,996.5824722702818,121.52930641471747
0.01,scaD,shell,0.24320075132679475,1041.7276368677753,121.52930641471745
0.01,scaD,shell,0.24887998672586673,1088.9563306924363,121.52930641471745
0.01,scaD,shell,0.25469184389745403,1138.3655432232515,121.52930641471748
0.01,scaD,shell,0.26063941983143474,1190.0567913217853,121.52930641471748
0.01,scaD,shell,0.2667258838387405,1244.136330340055,121.52930641471745
0.01,scaD,shell,0.2729544792402007,1300.715375029903,121.52930641471744
0.01,scaD,shell,0.2793285250948253,1359.9103307053397,121.52930641471747
0.01,scaD,shell,0.28585141796844715,1421.8430351298312,121.52930641471747
0.01,scaD,shell,0.2925266337436645,1486.6410116219379,121.52930641471748
0.01,scaD,shell,0.29935772947204903,1554.4377338951153,121.52930641471744
0.01,scaD,shell,0.3063483452696084,1625.3729031708865,121.52930641471747
0.01,scaD,shell,0.3135022062565112,1699.5927381289796,121.52930641471744
0.01,scaD,shell,0.32082312454210776,1777.2502782835288,121.52930641471748
0.01,scaD,shell,0.3283150012563047,1858.505701401079,121.52930641471745
0.01,scaD,shell,0.3359818286283781,1943.5266556039417,121.52930641471747
0.01,scaD,shell,0.34382769211433073,2032.4886068314427,121.52930641471747
0.01,scaD,shell,0.3518567725739263,2125.5752023619016,121.52930641471747
0.01,scaD,shell,0.360073348498562,2222.9786511298284,121.52930641471747
0.01,scaD,shell,0.3684817982911677,2324.9001216058464,121.52930641471744
0.01,scaD,shell,0.3770866025993452,2431.5501580412583,121.52930641471745
0.01,scaD,shell,0.3858923467029903,2543.1491159151565,121.52930641471747
0.01,scaD,shell,0.3949037229576702,2659.927617459481,121.52930641471745
0.01,scaD,shell,0.40412553329506,2782.1270281766224,121.5293064147175
0.01,scaD,shell,0.4135626917817706,2909.9999553049747,121.52930641471747
0.01,scaD,shell,0.4232202272379275,3043.810769230424,121.52930641471745
0.01,scaD,shell,0.4331032859169001,3183.836148886261,121.52930641471747
0.01,scaD,shell,0.44321713424760856,3330.365652230396,121.52930641471744
0.01,scaD,shell,0.45356716164087024,3483.7023129370355,121.52930641471745
0.01,scaD,shell,0.46415888336127775,3644.163264490414,121.52930641471744
0.01,scaD,shell,0.47499794346614127,3812.080392920791,121.52930641471745
0.01,scaD,shell,0.48609011781306305,3987.8010194777835,121.52930641471745
0.01,scaD,shell,0.49744131713774514,4171.68861459316,121.52930641471745
0.01,scaD,shell,0.5090575902036681,4364.123544544824,121.52930641471747
0.01,scaD,shell,0.5209451270253211,4565.503852295831,121.52930641471747
0.01,scaD,shell,0.5331102621667033,4776.2460740470715,121.52930641471748
0.01,scaD,shell,0.5455594781168515,4996.786093109489,121.52930641471745
0.01,scaD,shell,0.5582994087441919,5227.580032772129,121.52930641471745
0.01,scaD,shell,0.571336842831558,5469.105189915386,121.52930641471745
0.01,scaD,shell,0.584678727693759,5721.861011195201,121.52930641471745
0.01,scaD,shell,0.5983321728796283,5986.37011370322,121.52930641471745
0.01,scaD,shell,0.6123044539605184,6263.179352090611,121.52930641471747
0.01,scaD,shell,0.6266030164072656,6552.860934229409,121.52930641471747
0.01,scaD,shell,0.6412354795576917,6856.0135875749065,121.52930641471745
0.01,scaD,shell,0.6562096406767555,7173.263778485772,121.52930641471747
0.01,scaD,shell,0.6715334791115142,7505.266986855715,121.52930641471744
0.01,scaD,shell,0.6872151605431122,7852.709038511596,121.52930641471747
0.01,scaD,shell,0.7032630413380644,8216.307497938025,121.52930641471744
0.01,scaD,shell,0.7196856730011514,8596.813123997732,121.52930641471748
0.01,scaD,shell,0.7364918067322965,8995.011391430762,121.52930641471747
0.01,scaD,shell,0.7536903980898542,9411.724081033744,121.52930641471745
0.01,scaD,shell,0.7712906117627992,9847.810941543761,121.52930641471748
0.01,scaD,shell,0.7893018264543568,10304.171426378749,121.52930641471744
0.01,scaD,shell,0.8077336398796711,10781.746508519314,121.52930641471748
0.01,scaD,shell,0.8265958738801813,11281.520576955118,121.52930641471745
0.01,scaD,shell,0.84589857965743,11804.523418262197,121.52930641471747
0.01,scaD,shell,0.8656520431290936,12351.832287026666,121.52930641471747
0.01,scaD,shell,0.8858667904100823,12924.574068984643,121.52930641471744
0.01,scaD,shell,0.9065535934216359,13523.927540909332,121.52930641471748
0.01,scaD,shell,0.927723475631406,14151.125731442668,121.52930641471745
0.01,scaD,shell,0.949387717927582,14807.458387241959,121.52930641471745
0.01,scaD,shell,0.9715578646301858,15494.27454899141,121.52930641471745
0.01,scaD,shell,0.9942457296427418,16212.98524201479,121.5293064147175
0.01,scaD,shell,1.0174634027476064,16965.06628641877,121.52930641471748
0.01,scaD,shell,1.0412232560483043,17752.06123189632,121.52930641471744
0.01,scaD,shell,1.0655379505623053,18575.584422527303,121.52930641471745
0.01,scaD,shell,1.0904204429677526,19437.324197128302,121.52930641471745
0.01,scaD,shell,1.115883992507748,20339.046230927015,121.52930641471747
0.01,scaD,shell,1.1419421680558648,21282.597024566723,121.52930641471748
0.01,scaD,shell,1.168608855346651,22269.907546685183,121.52930641471747
0.01,scaD,shell,1.1958982643749794,23302.997036559955,121.52930641471745
0.01,scaD,shell,1.2238249369681924,24383.976973568086,121.5293064147175
0.01,scaD,shell,1.252403754535072,25515.055220472146,121.5293064147175
0.01,scaD,shell,1.2816499459957584,26698.540347818416,121.52930641471747
0.01,scaD,shell,1.3115790958968503,27936.846147016113,121.52930641471745
0.01,scaD,shell,1.342207152716012,29232.496339958896,121.52930641471748
0.01,scaD,shell,1.3735504373605123,30588.129493351316,121.52930641471745
0.01,scaD,shell,1.405625651864215,32006.50414621449,121.52930641471748
0.01,scaD,shell,1.438449888287663,33490.50415936763,121.52930641471747
0.01,scaD,shell,1.4720406378260014,35043.14429601351,121.52930641471748
0.01,scaD,shell,1.506415800129591,36667.57604289866,121.52930641471745
0.01,scaD,shell,1.5415936928422718,38367.093681870596,121.52930641471745
0.01,scaD,shell,1.5775930613623614,40145.140622019775,121.52930641471745
0.01,scaD,shell,1.6144330888316019,42005.31600296738,121.52930641471748
0.01,scaD,shell,1.6521334063573685,43951.38158024564,121.52930641471745
0.01,scaD,shell,1.69071410347358,45987.2689041134,121.52930641471745
0.01,scaD,shell,1.7301957388458944,48117.08680355827,121.52930641471747
0.01,scaD,shell,1.770599351226898,50345.12918765593,121.52930641471747
0.01,scaD,shell,1.8119464706671222,52675.88317688697,121.52930641471745
0.01,scaD,shell,1.8542591299878524,55114.037577453746,121.52930641471747
0.01,scaD,shell,1.8975598765218504,57664.49171209358,121.52930641471745
0.01,scaD,shell,1.941871784128255,60332.36462135057,121.52930641471747
0.01,scaD,shell,1.9872184654880534,63123.004649743314,121.52930641471742
0.01,scaD,shell,2.0336240846866724,66041.99943175422,121.52930641471745
0.01,scaD,shell,2.081113370090395,69095.1862930661,121.52930641471748
0.01,scaD,shell,2.129711627523478,72288.66308298336,121.52930641471747
0.01,scaD,shell,2.1794447537529833,75628.79945449447,121.52930641471748
0.01,scaD,shell,2.2303392502884964,79122.24860896723,121.52930641471745
0.01,scaD,shell,2.2824222375040977,82775.95952301101,121.52930641471747
0.01,scaD,shell,2.3357214690901213,86597.1896755959,121.52930641471745
0.01,scaD,shell,2.3902653468423893,90593.51829408082,121.52930641471748
0.01,scaD,shell,2.446082935796798,94772.86013837733,121.52930641471745
0.01,scaD,shell,2.5032039797173256,99143.47984306014,121.52930641471745
0.01,scaD,shell,2.561658916945727,103714.00683782816,121.52930641471747
0.01,scaD,shell,2.6214788966213534,108493.45086731992,121.52930641471745
0.01,scaD,shell,2.6826957952797246,113491.21813189442,121.52930641471745
0.01,scaD,shell,2.745342233838714,118717.12807160785,121.52930641471744
0.01,scaD,shell,2.809451594981406,124181.43081623706,121.52930641471747
0.01,scaD,shell,2.8750580409448774,129894.82532482906,121.52930641471748
0.01,scaD,shell,2.942196531724374,135868.4782388867,121.52930641471747
0.01,scaD,shell,3.0109028437025924,142114.04347394087,121.52930641471747
0.01,scaD,shell,3.081213588714002,148643.68257489734,121.52930641471745
0.01,scaD,shell,3.1531662335543613,155470.0858611877,121.52930641471747
0.01,scaD,shell,3.2267991199458086,162606.49438839365,121.52930641471748
0.01,scaD,shell,3.3021514849681757,170066.72275365758,121.52930641471748
0.01,scaD,shell,3.379263481967431,177865.18277283123,121.52930641471745
0.01,scaD,shell,3.4581762019523774,186016.90805794712,121.52930641471747
0.01,scaD,shell,3.538931695490988,194537.57952422512,121.52930641471748
0.01,scaD,shell,3.6215729951180746,203443.5518564549,121.52930641471748
0.01,scaD,shell,3.706144138266228,212751.8809652049,121.52930641471748
0.01,scaD,shell,3.792690190732246,222480.35246391167,121.52930641471747
0.01,scaD,shell,3.881257270691536,232647.51119849226,121.52930641471748
0.01,scaD,shell,3.971892573273302,243272.6918616997,121.52930641471745
0.01,scaD,shell,4.064644395709628,254376.05072500097,121.52930641471745
0.01,scaD,shell,4.1595621630718425,265978.5985212905,121.52930641471745
0.01,scaD,shell,4.256696454607871,278102.2345122698,121.52930641471747
0.01,scaD,shell,4.356099030694608,290769.78177481564,121.52930641471745
0.01,scaD,shell,4.457822860419706,304005.0237411258,121.52930641471745
0.01,scaD,shell,4.561922149807459,317832.7420278629,121.52930641471747
0.01,scaD,shell,4.66845237070379,332278.75558990677,121.52930641471745
0.01,scaD,shell,4.777470290335773,347369.96123470867,121.52930641471748
0.01,scaD,shell,4.889034001561443,363134.37553355,121.52930641471748
0.01,scaD,shell,5.003202953825999,379601.17816629674,121.52930641471745
0.01,scaD,shell,5.120037984840887,396800.75673646596,121.52930641471742
0.01,scaD,shell,5.239601353002644,414764.75309361634,121.52930641471747
0.01,scaD,shell,5.361956770568817,433526.1112002058,121.52930641471748
0.01,scaD,shell,5.487169437608599,453119.126580127,121.52930641471745
0.01,scaD,shell,5.615306076746273,473579.4973861479,121.52930641471747
0.01,scaD,shell,5.746434968715974,494944.3771234365,121.52930641471747
0.01,scaD,shell,5.880625988746757,517252.4290662355,121.52930641471748
0.01,scaD,shell,6.017950643797328,540543.8824045548,121.52930641471747
0.01,scaD,shell,6.158482110660261,564860.5901574808,121.52930641471747
0.01,scaD,shell,6.302295274956023,590246.0888893673,121.52930641471745
0.01,scaD,shell,6.449466771037621,616745.6602647415,121.5293064147175
0.01,scaD,shell,6.600075022827088,644406.3944772406,121.52930641471745
0.01,scaD,shell,6.754200285605586,673277.2555872819,121.52930641471745
0.01,scaD,shell,6.911924688779366,703409.148802484,121.52930641471745
0.01,scaD,shell,7.073332279644439,734854.989734054,121.52930641471745
0.01,scaD,shell,7.238509068173248,767669.7756614598,121.5293064147175
0.01,scaD,shell,7.4075430728471625,801910.6588366912,121.52930641471748
0.01,scaD,shell,7.580524367559261,837637.0218583259,121.5293064147175
0.01,scaD,shell,7.757545129612414,874910.5551443981,121.52930641471744
0.01,scaD,shell,7.9386996888382235,913795.3365317292,121.52930641471748
0.01,scaD,shell,8.124084577862966,954357.9130279408,121.52930641471744
0.01,scaD,shell,8.313798583547333,996667.3847408184,121.52930641471745
0.01,scaD,shell,8.507942799627445,1040795.4910080445,121.52930641471745
0.01,scaD,shell,8.706620680585118,1086816.698748488,121.52930641471744
0.01,scaD,shell,8.909938096776107,1134808.293054377,121.52930641471744
0.01,scaD,shell,9.118003390845681,1184850.4700416203,121.52930641471744
0.01,scaD,shell,9.330927435461664,1237026.4319734664,121.52930641471748
0.01,scaD,shell,9.548823692395656,1291422.4846703794,121.5293064147175
0.01,scaD,shell,9.771808272983899,1348128.1372166818,121.52930641471745
0.01,scaD,shell,10.0,1407236.2039720342,121.52930641471747
0.1,const,helm,0.05948892077934334,251.60520331554142,359.75470688294115
0.1,const,helm,0.06087810885914762,258.8532757290958,353.1439112797476
0.1,const,helm,0.06229973732441844,266.3353930223224,350.39500318195456
0.1,const,helm,0.06375456372456506,274.060077079054,349.93474144588436
0.1,const,helm,0.06524336329932624,282.03619286458877,349.9347414458844
0.1,const,helm,0.06676692939187563,290.2729632207747,349.93474144588447
0.1,const,helm,0.06832607387157402,298.7799843253735,349.93474144588436
0.1,const,helm,0.06992162756659374,307.56724184615473,349.93474144588447
0.1,const,helm,0.07155444070664578,316.64512782158147,349.93474144588447
0.1,const,helm,0.07322538337604534,326.02445830141676,349.93474144588436
0.1,const,helm,0.07493534597735753,335.71649178212766,349.93474144588447
0.1,const,helm,0.0766852397058701,345.7329484735732,349.93474144588447
0.1,const,helm,0.07847599703514611,356.0860304351495,349.93474144588447
0.1,const,helm,0.08030857221391513,366.7884426213335,349.93474144588436
0.1,const,helm,0.08218394177456802,377.8534148784105,349.9347414458844
0.1,const,helm,0.08410310505352604,389.2947249361081,349.9347414458844
0.1,const,helm,0.08606708472376164,401.1267224398739,349.9347414458844
0.1,const,helm,0.08807692733975461,413.36435407165754,349.93474144588436
0.1,const,helm,0.09013370389517433,426.02318980926464,349.9347414458844
0.1,const,helm,0.09223851039358476,439.11945037666834,349.9347414458844
0.1,const,helm,0.09439246843247669,452.6700359400849,349.9347414458843
0.1,const,helm,0.09659672580093832,466.69255610715527,349.9347414458844
0.1,const,helm,0.09885245709128276,481.2053612892233,349.9347414458843
0.1,const,helm,0.10116086432495808,496.2275754894745,349.9347414458844
0.1,const,helm,0.10352317759307378,511.77913058260253,349.93474144588447
0.1,const,helm,0.1059406557118851,527.8808021547034,349.93474144588447
0.1,const,helm,0.10841458689358349,544.5542469752638,349.9347414458844
0.1,const,helm,0.11094628943275218,561.8220421764526,349.9347414458844
0.1,const,helm,0.11353711240885178,579.7077262183693,349.9347414458844
0.1,const,helm,0.11618843640511002,598.2358417225562,349.93474144588447
0.1,const,helm,0.118901674244199,617.4319802598709,349.9347414458844
0.1,const,helm,0.1216782717410923,637.3228291827999,349.93474144588436
0.1,const,helm,0.12451970847350319,657.9362205964427,349.9347414458844
0.1,const,helm,0.12742749857031335,679.3011825667436,349.93474144588436
0.1,const,helm,0.13040319151841315,701.4479926690989,349.9347414458844
0.1,const,helm,0.13344837298838383,724.408233985231,349.93474144588447
0.1,const,helm,0.13656466567946096,748.2148536611834,349.9347414458845
0.1,const,helm,0.1397537301842291,772.9022241444886,349.9347414458844
0.1,const,helm,0.1430172658735088,798.5062072240203,349.9347414458844
0.1,const,helm,0.14635701180190797,825.0642210017159,349.93474144588436
0.1,const,helm,0.14977474763452,852.6153099313092,349.9347414458844
0.1,const,helm,0.15327229459526134,881.2002180654281,349.9347414458844
0.1,const,helm,0.1568515164373548,910.8614656589223,349.93474144588436
0.1,const,helm,0.16051432043647615,941.6434292830993,349.93474144588447
0.1,const,helm,0.16426265840709303,973.5924256126401,349.9347414458843
0.1,const,helm,0.16809852774253636,1006.7567990544062,349.9347414458844
0.1,const,helm,0.1720239724793599,1041.187013395133,349.93474144588447
0.1,const,helm,0.17604108438655525,1076.9357476531384,349.9347414458844
0.1,const,helm,0.18015200408020238,1114.0579963276577,349.9347414458844
0.1,const,helm,0.1843589221641488,1152.611174248301,349.9347414458844
0.1,const,helm,0.18866408039732582,1192.655226236432,349.9347414458844
0.1,const,helm,0.19306977288832497,1234.2527417999759,349.9347414458844
0.1,const,helm,0.19757834731786994,1277.4690750932941,349.9347414458844
0.1,const,helm,0.20219220618983536,1322.3724703843864,349.9347414458844
0.1,const,helm,0.20691380811147903,1369.0341932827605,349.9347414458844
0.1,const,helm,0.21174566910357118,1417.5286679929263,349.93474144588436
0.1,const,helm,0.2166903639411181,1467.9336208705438,349.9347414458844
0.1,const,helm,0.22175052752539318,1520.3302305709306,349.93474144588436
0.1,const,helm,0.2269288562880081,1574.803285092874,349.93474144588447
0.1,const,helm,0.23222810962777246,1631.4413460345095,349.9347414458844
0.1,const,helm,0.23765111138110728,1690.3369203924724,349.9347414458844
0.1,const,helm,0.24320075132679475,1751.586640250612,349.93474144588436
0.1,const,helm,0.24887998672586673,1815.2914507203445,349.9347414458844
0.1,const,helm,0.25469184389745403,1881.5568065112132,349.93474144588447
0.1,const,helm,0.26063941983143474,1950.492877527408,349.9347414458844
0.1,const,helm,0.2667258838387405,2022.214763903988,349.93474144588447
0.1,const,helm,0.2729544792402007,2096.8427209153497,349.9347414458844
0.1,const,helm,0.2793285250948253,2174.5023942081134,349.93474144588447
0.1,const,helm,0.28585141796844715,2255.3250658310926,349.9347414458844
0.1,const,helm,0.2925266337436645,2339.4479115563863,349.93474144588436
0.1,const,helm,0.29935772947204903,2427.014270008033,349.9347414458844
0.1,const,helm,0.3063483452696084,2518.1739241380437,349.9347414458844
0.1,const,helm,0.3135022062565112,2613.08339561393,349.9347414458843
0.1,const,helm,0.32082312454210776,2711.9062527073615,349.9347414458844
0.1,const,helm,0.3283150012563047,2814.813432300159,349.93474144588447
0.1,const,helm,0.3359818286283781,2921.9835766516026,349.93474144588447
0.1,const,helm,0.34382769211433073,3033.603385599984,349.93474144588447
0.1,const,helm,0.3518567725739263,3149.867984901556,349.93474144588447
0.1,const,helm,0.360073348498562,3270.9813114416547,349.93474144588447
0.1,const,helm,0.3684817982911677,3397.1565160857176,349.9347414458844
0.1,const,helm,0.3770866025993452,3528.61638497227,349.93474144588436
0.1,const,helm,0.3858923467029903,3665.593780085864,349.93474144588447
0.1,const,helm,0.3949037229576702,3808.33209998538,349.93474144588447
0.1,const,helm,0.40412553329506,3957.085761602262,349.93474144588436
0.1,const,helm,0.4135626917817706,4112.1207040639165,349.93474144588436
0.1,const,helm,0.4232202272379275,4273.714915540034,349.9347414458844
0.1,const,helm,0.4331032859169001,4442.158984154044,349.9347414458844
0.1,const,helm,0.44321713424760856,4617.756674048121,349.93474144588436
0.1,const,helm,0.45356716164087024,4800.825527738412,349.93474144588436
0.1,const,helm,0.46415888336127775,4991.697495947454,349.9347414458844
0.1,const,helm,0.47499794346614127,5190.71959615323,349.93474144588436
0.1,const,helm,0.48609011781306305,5398.254601149117,349.93474144588436
0.1,const,helm,0.49744131713774514,5614.68175896583,349.93474144588436
0.1,const,helm,0.5090575902036681,5840.3975455659765,349.9347414458844
0.1,const,helm,0.5209451270253211,6075.816451783815,349.93474144588436
0.1,const,helm,0.5331102621667033,6321.371806047414,349.93474144588436
0.1,const,helm,0.5455594781168515,6577.516634487563,349.93474144588436
0.1,const,helm,0.5582994087441919,6844.7245601079185,349.93474144588447
0.1,const,helm,0.571336842831558,7123.490742763903,349.93474144588436
0.1,const,helm,0.584678727693759,7414.3328617739935,349.9347414458844
0.1,const,helm,0.5983321728796283,7717.792143066146,349.93474144588447
0.1,const,helm,0.6123044539605184,8034.434432844523,349.93474144588447
0.1,const,helm,0.6266030164072656,8364.851319847745,349.93474144588436
0.1,const,helm,0.6412354795576917,8709.661308359227,349.93474144588436
0.1,const,helm,0.6562096406767555,9069.51104422316,349.93474144588436
0.1,const,helm,0.6715334791115142,9445.076596216528,349.9347414458844
0.1,const,helm,0.6872151605431122,9837.064795228443,349.93474144588436
0.1,const,helm,0.7032630413380644,10246.214633802865,349.9347414458844
0.1,const,helm,0.7196856730011514,10673.298728709904,349.9347414458844
0.1,const,helm,0.7364918067322965,11119.124849324115,349.93474144588436
0.1,const,helm,0.7536903980898542,11584.537514706386,349.93474144588436
0.1,const,helm,0.7712906117627992,12070.419662408754,349.9347414458843
0.1,const,helm,0.7893018264543568,12577.694392148642,349.93474144588447
0.1,const,helm,0.8077336398796711,13107.326787631679,349.9347414458844
0.1,const,helm,0.8265958738801813,13660.325819939993,349.9347414458844
0.1,const,helm,0.84589857965743,14237.746336045957,349.93474144588436
0.1,const,helm,0.8656520431290936,14840.6911361598,349.93474144588436
0.1,const,helm,0.8858667904100823,15470.313143773714,349.9347414458844
0.1,const,helm,0.9065535934216359,16127.817672425517,349.93474144588447
0.1,const,helm,0.927723475631406,16814.464793371255,349.93474144588447
0.1,const,helm,0.949387717927582,17531.5718085284,349.9347414458843
0.1,const,helm,0.9715578646301858,18280.51583323052,349.9347414458844
0.1,const,helm,0.9942457296427418,19062.736493520002,349.93474144588447
0.1,const,helm,1.0174634027476064,19879.738742898313,349.9347414458844
0.1,const,helm,1.0412232560483043,20733.09580365252,349.93474144588447
0.1,const,helm,1.0655379505623053,21624.452238083984,349.9347414458844
0.1,const,helm,1.0904204429677526,22555.527155179596,349.9347414458844
0.1,const,helm,1.115883992507748,23528.117558488506,349.93474144588447
0.1,const,helm,1.1419421680558648,24544.101841196923,349.93474144588447
0.1,const,helm,1.168608855346651,25605.44343463176,349.9347414458844
0.1,const,helm,1.1958982643749794,26714.194616670964,349.9347414458844
0.1,const,helm,1.2238249369681924,27872.500486793542,349.9347414458844
0.1,const,helm,1.252403754535072,29082.603114765785,349.93474144588447
0.1,const,helm,1.2816499459957584,30346.845870233145,349.9347414458844
0.1,const,helm,1.3115790958968503,31667.677940769816,349.93474144588436
0.1,const,helm,1.342207152716012,33047.659046229295,349.93474144588447
0.1,const,helm,1.3735504373605123,34489.464357540375,349.93474144588436
0.1,const,helm,1.405625651864215,35995.88962840344,349.9347414458844
0.1,const,helm,1.438449888287663,37569.85654866346,349.93474144588447
0.1,const,helm,1.4720406378260014,39214.41832846721,349.93474144588447
0.1,const,helm,1.506415800129591,40932.76552265342,349.9347414458844
0.1,const,helm,1.5415936928422718,42728.23210517581,349.9347414458844
0.1,const,helm,1.5775930613623614,44604.301803723014,349.9347414458844
0.1,const,helm,1.6144330888316019,46564.61470507217,349.9347414458844
0.1,const,helm,1.6521334063573685,48612.97414209773,349.93474144588436
0.1,const,helm,1.69071410347358,50753.35387375174,349.93474144588436
0.1,const,helm,1.7301957388458944,52989.905569739836,349.9347414458844
0.1,const,helm,1.770599351226898,55326.96661203554,349.93474144588436
0.1,const,helm,1.8119464706671222,57769.06822580388,349.93474144588447
0.1,const,helm,1.8542591299878524,60320.94395274691,349.93474144588436
0.1,const,helm,1.8975598765218504,62987.53848033636,349.9347414458844
0.1,const,helm,1.941871784128255,65774.01684086361,349.9347414458844
0.1,const,helm,1.9872184654880534,68685.77399471101,349.93474144588436
0.1,const,helm,2.0336240846866724,71728.44481273674,349.9347414458844
0.1,const,helm,2.081113370090395,74907.91447316286,349.9347414458844
0.1,const,helm,2.129711627523478,78230.3292888688,349.93474144588436
0.1,const,helm,2.1794447537529833,81702.1079815092,349.9347414458844
0.1,const,helm,2.2303392502884964,85329.95341940965,349.93474144588436
0.1,const,helm,2.2824222375040977,89120.86483673575,349.9347414458844
0.1,const,helm,2.3357214690901213,93082.15055198502,349.9347414458844
0.1,const,helm,2.3902653468423893,97221.44120441277,349.9347414458844
0.1,const,helm,2.446082935796798,101546.70352757724,349.93474144588436
0.1,const,helm,2.5032039797173256,106066.25467977126,349.9347414458843
0.1,const,helm,2.561658916945727,110788.77715170158,349.93474144588436
0.1,const,helm,2.6214788966213534,115723.33427237441,349.9347414458844
0.1,const,helm,2.6826957952797246,120879.38633475354,349.93474144588447
0.1,const,helm,2.745342233838714,126266.80736337451,349.9347414458844
0.1,const,helm,2.809451594981406,131895.90254672023,349.9347414458844
0.1,const,helm,2.8750580409448774,137777.42635778864,349.93474144588436
0.1,const,helm,2.942196531724374,143922.60138691543,349.93474144588436
0.1,const,helm,3.0109028437025924,150343.1379115532,349.93474144588447
0.1,const,helm,3.081213588714002,157051.25422834666,349.93474144588436
0.1,const,helm,3.1531662335543613,164059.69777348387,349.9347414458844
0.1,const,helm,3.2267991199458086,171381.7670579432,349.93474144588447
0.1,const,helm,3.3021514849681757,179031.33444489955,349.93474144588447
0.1,const,helm,3.379263481967431,187022.86979719208,349.9347414458844
0.1,const,helm,3.4581762019523774,195371.46502338795,349.93474144588447
0.1,const,helm,3.538931695490988,204092.8595516064,349.93474144588447
0.1,const,helm,3.6215729951180746,213203.46676089315,349.93474144588436
0.1,const,helm,3.706144138266228,222720.40140054913,349.9347414458844
0.1,const,helm,3.792690190732246,232661.50802841887,349.9347414458844
0.1,const,helm,3.881257270691536,243045.3904997337,349.93474144588447
0.1,const,helm,3.971892573273302,253891.44253868508,349.93474144588436
0.1,const,helm,4.064644395709628,265219.879425462,349.9347414458844
0.1,const,helm,4.1595621630718425,277051.7708320233,349.93474144588436
0.1,const,helm,4.256696454607871,289409.0748403918,349.9347414458844
0.1,const,helm,4.356099030694608,302314.6731777556,349.93474144588447
0.1,const,helm,4.457822860419706,315792.4077031273,349.9347414458844
0.1,const,helm,4.561922149807459,329867.11818074266,349.9347414458844
0.1,const,helm,4.66845237070379,344564.6813757847,349.93474144588447
0.1,const,helm,4.777470290335773,359912.051508388,349.93474144588436
0.1,const,helm,4.889034001561443,375937.3021022056,349.9347414458845
0.1,const,helm,5.003202953825999,392669.669264103,349.93474144588436
0.1,const,helm,5.120037984840887,410139.5964317795,349.9347414458844
0.1,const,helm,5.239601353002644,428378.78062631114,349.93474144588447
0.1,const,helm,5.361956770568817,447420.2202467491,349.93474144588447
0.1,const,helm,5.487169437608599,467298.26444397884,349.93474144588436
0.1,const,helm,5.615306076746273,488048.6641110645,349.93474144588436
0.1,const,helm,5.746434968715974,509708.62452726555,349.9347414458844
0.1,const,helm,5.880625988746757,532316.8596928006,349.93474144588447
0.1,const,helm,6.017950643797328,555913.6483912423,349.93474144588447
0.1,const,helm,6.158482110660261,580540.8920161674,349.9347414458844
0.1,const,helm,6.302295274956023,606242.1741983584,349.93474144588447
0.1,const,helm,6.449466771037621,633062.822269426,349.9347414458844
0.1,const,helm,6.600075022827088,661049.970597214,349.9347414458844
0.1,const,helm,6.754200285605586,690252.6258277481,349.9347414458844
0.1,const,helm,6.911924688779366,720721.7340678015,349.9347414458844
0.1,const,helm,7.073332279644439,752510.2500413702,349.9347414458844
0.1,const,helm,7.238509068173248,785673.2082524563,349.93474144588436
0.1,const,helm,7.4075430728471625,820267.7961855521,349.9347414458844
0.1,const,helm,7.580524367559261,856353.4295741437,349.9347414458844
0.1,const,helm,7.757545129612414,893991.8297663451,349.9347414458844
0.1,const,helm,7.9386996888382235,933247.1032154381,349.9347414458844
0.1,const,helm,8.124084577862966,974185.8231216803,349.9347414458844
0.1,const,helm,8.313798583547333,1016877.113250188,349.93474144588447
0.1,const,helm,8.507942799627445,1061392.7339480682,349.93474144588447
0.1,const,helm,8.706620680585118,1107807.1703821644,349.93474144588436
0.1,const,helm,8.909938096776107,1156197.723016907,349.93474144588436
0.1,const,helm,9.118003390845681,1206644.6003497478,349.9347414458844
0.1,const,helm,9.330927435461664,1259231.01391955,349.93474144588447
0.1,const,helm,9.548823692395656,1314043.275601051,349.9347414458844
0.1,const,helm,9.771808272983899,1371170.8971961634,349.93474144588436
0.1,const,helm,10.0,1430706.692330434,349.93474144588436
0.1,const,shell,0.05948892077934334,251.60520331554142,1199.43135904325
0.1,const,shell,0.06087810885914762,258.8532757290958,1188.9426531031343
0.1,const,shell,0.06229973732441844,266.3353930223224,1185.3881811260428
0.1,const,shell,0.06375456372456506,274.060077079054,1184.4834036485383
0.1,const,shell,0.06524336329932624,282.03619286458877,1184.4834036485383
0.1,const,shell,0.06676692939187563,290.2729632207747,1184.4834036485386
0.1,const,shell,0.06832607387157402,298.7799843253735,1184.4834036485381
0.1,const,shell,0.06992162756659374,307.56724184615473,1184.4834036485383
0.1,const,shell,0.07155444070664578,316.64512782158147,1184.4834036485383
0.1,const,shell,0.07322538337604534,326.02445830141676,1184.4834036485383
0.1,const,shell,0.07493534597735753,335.71649178212766,1184.4834036485383
0.1,const,shell,0.0766852397058701,345.7329484735732,1184.4834036485383
0.1,const,shell,0.07847599703514611,356.0860304351495,1184.4834036485383
0.1,const,shell,0.08030857221391513,366.7884426213335,1184.4834036485383
0.1,const,shell,0.08218394177456802,377.8534148784105,1184.4834036485383
0.1,const,shell,0.08410310505352604,389.2947249361081,1184.4834036485386
0.1,const,shell,0.08606708472376164,401.1267224398739,1184.4834036485381
0.1,const,shell,0.08807692733975461,413.36435407165754,1184.4834036485383
0.1,const,shell,0.09013370389517433,426.02318980926464,1184.4834036485383
0.1,const,shell,0.09223851039358476,439.11945037666834,1184.4834036485383
0.1,const,shell,0.09439246843247669,452.6700359400849,1184.4834036485386
0.1,const,shell,0.09659672580093832,466.69255610715527,1184.4834036485381
0.1,const,shell,0.09885245709128276,481.2053612892233,1184.4834036485381
0.1,const,shell,0.10116086432495808,496.2275754894745,1184.4834036485386
0.1,const,shell,0.10352317759307378,511.77913058260253,1184.4834036485381
0.1,const,shell,0.1059406557118851,527.8808021547034,1184.4834036485383
0.1,const,shell,0.10841458689358349,544.5542469752638,1184.4834036485381
0.1,const,shell,0.11094628943275218,561.8220421764526,1184.4834036485383
0.1,const,shell,0.11353711240885178,579.7077262183693,1184.4834036485383
0.1,const,shell,0.11618843640511002,598.2358417225562,1184.4834036485383
0.1,const,shell,0.118901674244199,617.4319802598709,1184.4834036485381
0.1,const,shell,0.1216782717410923,637.3228291827999,1184.4834036485383
0.1,const,shell,0.12451970847350319,657.9362205964427,1184.4834036485381
0.1,const,shell,0.12742749857031335,679.3011825667436,1184.4834036485383
0.1,const,shell,0.13040319151841315,701.4479926690989,1184.4834036485383
0.1,const,shell,0.13344837298838383,724.408233985231,1184.4834036485381
0.1,const,shell,0.13656466567946096,748.2148536611834,1184.4834036485381
0.1,const,shell,0.1397537301842291,772.9022241444886,1184.4834036485383
0.1,const,shell,0.1430172658735088,798.5062072240203,1184.4834036485383
0.1,const,shell,0.14635701180190797,825.0642210017159,1184.4834036485383
0.1,const,shell,0.14977474763452,852.6153099313092,1184.4834036485383
0.1,const,shell,0.15327229459526134,881.2002180654281,1184.4834036485383
0.1,const,shell,0.1568515164373548,910.8614656589223,1184.4834036485383
0.1,const,shell,0.16051432043647615,941.6434292830993,1184.4834036485383
0.1,const,shell,0.16426265840709303,973.5924256126401,1184.4834036485381
0.1,const,shell,0.16809852774253636,1006.7567990544062,1184.4834036485383
0.1,const,shell,0.1720239724793599,1041.187013395133,1184.4834036485386
0.1,const,shell,0.17604108438655525,1076.9357476531384,1184.4834036485381
0.1,const,shell,0.18015200408020238,1114.0579963276577,1184.4834036485383
0.1,const,shell,0.1843589221641488,1152.611174248301,1184.4834036485383
0.1,const,shell,0.18866408039732582,1192.655226236432,1184.4834036485386
0.1,const,shell,0.19306977288832497,1234.2527417999759,1184.4834036485386
0.1,const,shell,0.19757834731786994,1277.4690750932941,1184.4834036485383
0.1,const,shell,0.20219220618983536,1322.3724703843864,1184.4834036485383
0.1,const,shell,0.20691380811147903,1369.0341932827605,1184.4834036485383
0.1,const,shell,0.21174566910357118,1417.5286679929263,1184.4834036485383
0.1,const,shell,0.2166903639411181,1467.9336208705438,1184.4834036485381
0.1,const,shell,0.22175052752539318,1520.3302305709306,1184.4834036485383
0.1,const,shell,0.2269288562880081,1574.803285092874,1184.4834036485381
0.1,const,shell,0.23222810962777246,1631.4413460345095,1184.4834036485381
0.1,const,shell,0.23765111138110728,1690.3369203924724,1184.4834036485381
0.1,const,shell,0.24320075132679475,1751.586640250612,1184.4834036485381
0.1,const,shell,0.24887998672586673,1815.2914507203445,1184.4834036485381
0.1,const,shell,0.25469184389745403,1881.5568065112132,1184.4834036485381
0.1,const,shell,0.26063941983143474,1950.492877527408,1184.4834036485383
0.1,const,shell,0.2667258838387405,2022.214763903988,1184.4834036485381
0.1,const,shell,0.2729544792402007,2096.8427209153497,1184.4834036485383
0.1,const,shell,0.2793285250948253,2174.5023942081134,1184.4834036485383
0.1,const,shell,0.28585141796844715,2255.3250658310926,1184.4834036485381
0.1,const,shell,0.2925266337436645,2339.4479115563863,1184.4834036485383
0.1,const,shell,0.29935772947204903,2427.014270008033,1184.4834036485383
0.1,const,shell,0.3063483452696084,2518.1739241380437,1184.4834036485381
0.1,const,shell,0.3135022062565112,2613.08339561393,1184.4834036485383
0.1,const,shell,0.32082312454210776,2711.9062527073615,1184.4834036485383
0.1,const,shell,0.3283150012563047,2814.813432300159,1184.4834036485386
0.1,const,shell,0.3359818286283781,2921.9835766516026,1184.4834036485383
0.1,const,shell,0.34382769211433073,3033.603385599984,1184.4834036485383
0.1,const,shell,0.3518567725739263,3149.867984901556,1184.4834036485383
0.1,const,shell,0.360073348498562,3270.9813114416547,1184.4834036485383
0.1,const,shell,0.3684817982911677,3397.1565160857176,1184.4834036485383
0.1,const,shell,0.3770866025993452,3528.61638497227,1184.4834036485386
0.1,const,shell,0.3858923467029903,3665.593780085864,1184.4834036485381
0.1,const,shell,0.3949037229576702,3808.33209998538,1184.4834036485383
0.1,const,shell,0.40412553329506,3957.085761602262,1184.4834036485386
0.1,const,shell,0.4135626917817706,4112.1207040639165,1184.4834036485383
0.1,const,shell,0.4232202272379275,4273.714915540034,1184.4834036485383
0.1,const,shell,0.4331032859169001,4442.158984154044,1184.483403648538
0.1,const,shell,0.44321713424760856,4617.756674048121,1184.4834036485383
0.1,const,shell,0.45356716164087024,4800.825527738412,1184.4834036485381
0.1,const,shell,0.46415888336127775,4991.697495947454,1184.4834036485386
0.1,const,shell,0.47499794346614127,5190.71959615323,1184.4834036485381
0.1,const,shell,0.48609011781306305,5398.254601149117,1184.4834036485386
0.1,const,shell,0.49744131713774514,5614.68175896583,1184.4834036485383
0.1,const,shell,0.5090575902036681,5840.3975455659765,1184.4834036485383
0.1,const,shell,0.5209451270253211,6075.816451783815,1184.4834036485383
0.1,const,shell,0.5331102621667033,6321.371806047414,1184.4834036485383
0.1,const,shell,0.5455594781168515,6577.516634487563,1184.4834036485383
0.1,const,shell,0.5582994087441919,6844.7245601079185,1184.4834036485381
0.1,const,shell,0.571336842831558,7123.490742763903,1184.4834036485386
0.1,const,shell,0.584678727693759,7414.3328617739935,1184.4834036485386
0.1,const,shell,0.5983321728796283,7717.792143066146,1184.4834036485383
0.1,const,shell,0.6123044539605184,8034.434432844523,1184.4834036485383
0.1,const,shell,0.6266030164072656,8364.851319847745,1184.4834036485381
0.1,const,shell,0.6412354795576917,8709.661308359227,1184.4834036485386
0.1,const,shell,0.6562096406767555,9069.51104422316,1184.4834036485386
0.1,const,shell,0.6715334791115142,9445.076596216528,1184.4834036485386
0.1,const,shell,0.6872151605431122,9837.064795228443,1184.4834036485383
0.1,const,shell,0.7032630413380644,10246.214633802865,1184.4834036485386
0.1,const,shell,0.7196856730011514,10673.298728709904,1184.4834036485383
0.1,const,shell,0.7364918067322965,11119.124849324115,1184.4834036485383
0.1,const,shell,0.7536903980898542,11584.537514706386,1184.4834036485381
0.1,const,shell,0.7712906117627992,12070.419662408754,1184.4834036485386
0.1,const,shell,0.7893018264543568,12577.694392148642,1184.4834036485381
0.1,const,shell,0.8077336398796711,13107.326787631679,1184.4834036485381
0.1,const,shell,0.8265958738801813,13660.325819939993,1184.4834036485383
0.1,const,shell,0.84589857965743,14237.746336045957,1184.4834036485386
0.1,const,shell,0.8656520431290936,14840.6911361598,1184.4834036485381
0.1,const,shell,0.8858667904100823,15470.313143773714,1184.4834036485383
0.1,const,shell,0.9065535934216359,16127.817672425517,1184.4834036485383
0.1,const,shell,0.927723475631406,16814.464793371255,1184.4834036485386
0.1,const,shell,0.949387717927582,17531.5718085284,1184.4834036485386
0.1,const,shell,0.9715578646301858,18280.51583323052,1184.4834036485383
0.1,const,shell,0.9942457296427418,19062.736493520002,1184.4834036485381
0.1,const,shell,1.0174634027476064,19879.738742898313,1184.4834036485383
0.1,const,shell,1.0412232560483043,20733.09580365252,1184.4834036485383
0.1,const,shell,1.0655379505623053,21624.452238083984,1184.4834036485383
0.1,const,shell,1.0904204429677526,22555.527155179596,1184.4834036485383
0.1,const,shell,1.115883992507748,23528.117558488506,1184.4834036485381
0.1,const,shell,1.1419421680558648,24544.101841196923,1184.4834036485383
0.1,const,shell,1.168608855346651,25605.44343463176,1184.4834036485381
0.1,const,shell,1.1958982643749794,26714.194616670964,1184.4834036485381
0.1,const,shell,1.2238249369681924,27872.500486793542,1184.4834036485386
0.1,const,shell,1.252403754535072,29082.603114765785,1184.4834036485386
0.1,const,shell,1.2816499459957584,30346.845870233145,1184.4834036485381
0.1,const,shell,1.3115790958968503,31667.677940769816,1184.4834036485381
0.1,const,shell,1.342207152716012,33047.659046229295,1184.4834036485383
0.1,const,shell,1.3735504373605123,34489.464357540375,1184.483403648538
0.1,const,shell,1.405625651864215,35995.88962840344,1184.4834036485381
0.1,const,shell,1.438449888287663,37569.85654866346,1184.4834036485383
0.1,const,shell,1.4720406378260014,39214.41832846721,1184.4834036485386
0.1,const,shell,1.506415800129591,40932.76552265342,1184.4834036485383
0.1,const,shell,1.5415936928422718,42728.23210517581,1184.4834036485381
0.1,const,shell,1.5775930613623614,44604.301803723014,1184.4834036485383
0.1,const,shell,1.6144330888316019,46564.61470507217,1184.4834036485383
0.1,const,shell,1.6521334063573685,48612.97414209773,1184.4834036485383
0.1,const,shell,1.69071410347358,50753.35387375174,1184.4834036485383
0.1,const,shell,1.7301957388458944,52989.905569739836,1184.4834036485386
0.1,const,shell,1.770599351226898,55326.96661203554,1184.4834036485381
0.1,const,shell,1.8119464706671222,57769.06822580388,1184.4834036485383
0.1,const,shell,1.8542591299878524,60320.94395274691,1184.4834036485383
0.1,const,shell,1.8975598765218504,62987.53848033636,1184.4834036485383
0.1,const,shell,1.941871784128255,65774.01684086361,1184.4834036485383
0.1,const,shell,1.9872184654880534,68685.77399471101,1184.4834036485386
0.1,const,shell,2.0336240846866724,71728.44481273674,1184.4834036485383
0.1,const,shell,2.081113370090395,74907.91447316286,1184.4834036485381
0.1,const,shell,2.129711627523478,78230.3292888688,1184.4834036485383
0.1,const,shell,2.1794447537529833,81702.1079815092,1184.4834036485383
0.1,const,shell,2.2303392502884964,85329.95341940965,1184.4834036485381
0.1,const,shell,2.2824222375040977,89120.86483673575,1184.4834036485383
0.1,const,shell,2.3357214690901213,93082.15055198502,1184.4834036485383
0.1,const,shell,2.3902653468423893,97221.44120441277,1184.4834036485383
0.1,const,shell,2.446082935796798,101546.70352757724,1184.4834036485383
0.1,const,shell,2.5032039797173256,106066.25467977126,1184.4834036485383
0.1,const,shell,2.561658916945727,110788.77715170158,1184.4834036485386
0.1,const,shell,2.6214788966213534,115723.33427237441,1184.4834036485383
0.1,const,shell,2.6826957952797246,120879.38633475354,1184.4834036485381
0.1,const,shell,2.745342233838714,126266.80736337451,1184.4834036485381
0.1,const,shell,2.809451594981406,131895.90254672023,1184.4834036485381
0.1,const,shell,2.8750580409448774,137777.42635778864,1184.4834036485383
0.1,const,shell,2.942196531724374,143922.60138691543,1184.4834036485383
0.1,const,shell,3.0109028437025924,150343.1379115532,1184.4834036485386
0.1,const,shell,3.081213588714002,157051.25422834666,1184.4834036485381
0.1,const,shell,3.1531662335543613,164059.69777348387,1184.4834036485381
0.1,const,shell,3.2267991199458086,171381.7670579432,1184.4834036485383
0.1,const,shell,3.3021514849681757,179031.33444489955,1184.4834036485381
0.1,const,shell,3.379263481967431,187022.86979719208,1184.4834036485381
0.1,const,shell,3.4581762019523774,195371.46502338795,1184.4834036485386
0.1,const,shell,3.538931695490988,204092.8595516064,1184.4834036485383
0.1,const,shell,3.6215729951180746,213203.46676089315,1184.4834036485386
0.1,const,shell,3.706144138266228,222720.40140054913,1184.4834036485383
0.1,const,shell,3.792690190732246,232661.50802841887,1184.4834036485383
0.1,const,shell,3.881257270691536,243045.3904997337,1184.4834036485383
0.1,const,shell,3.971892573273302,253891.44253868508,1184.4834036485386
0.1,const,shell,4.064644395709628,265219.879425462,1184.4834036485383
0.1,const,shell,4.1595621630718425,277051.7708320233,1184.4834036485383
0.1,const,shell,4.256696454607871,289409.0748403918,1184.4834036485386
0.1,const,shell,4.356099030694608,302314.6731777556,1184.4834036485381
0.1,const,shell,4.457822860419706,315792.4077031273,1184.4834036485381
0.1,const,shell,4.561922149807459,329867.11818074266,1184.4834036485383
0.1,const,shell,4.66845237070379,344564.6813757847,1184.4834036485381
0.1,const,shell,4.777470290335773,359912.051508388,1184.4834036485383
0.1,const,shell,4.889034001561443,375937.3021022056,1184.4834036485381
0.1,const,shell,5.003202953825999,392669.669264103,1184.4834036485383
0.1,const,shell,5.120037984840887,410139.5964317795,1184.4834036485386
0.1,const,shell,5.239601353002644,428378.78062631114,1184.4834036485381
0.1,const,shell,5.361956770568817,447420.2202467491,1184.4834036485383
0.1,const,shell,5.487169437608599,467298.26444397884,1184.4834036485383
0.1,const,shell,5.615306076746273,488048.6641110645,1184.4834036485383
0.1,const,shell,5.746434968715974,509708.62452726555,1184.4834036485381
0.1,const,shell,5.880625988746757,532316.8596928006,1184.4834036485386
0.1,const,shell,6.017950643797328,555913.6483912423,1184.4834036485386
0.1,const,shell,6.158482110660261,580540.8920161674,1184.4834036485381
0.1,const,shell,6.302295274956023,606242.1741983584,1184.4834036485383
0.1,const,shell,6.449466771037621,633062.822269426,1184.4834036485383
0.1,const,shell,6.600075022827088,661049.970597214,1184.4834036485383
0.1,const,shell,6.754200285605586,690252.6258277481,1184.4834036485383
0.1,const,shell,6.911924688779366,720721.7340678015,1184.4834036485381
0.1,const,shell,7.073332279644439,752510.2500413702,1184.4834036485383
0.1,const,shell,7.238509068173248,785673.2082524563,1184.4834036485383
0.1,const,shell,7.4075430728471625,820267.7961855521,1184.4834036485383
0.1,const,shell,7.580524367559261,856353.4295741437,1184.4834036485381
0.1,const,shell,7.757545129612414,893991.8297663451,1184.4834036485383
0.1,const,shell,7.9386996888382235,933247.1032154381,1184.4834036485383
0.1,const,shell,8.124084577862966,974185.8231216803,1184.4834036485383
0.1,const,shell,8.313798583547333,1016877.113250188,1184.4834036485386
0.1,const,shell,8.507942799627445,1061392.7339480682,1184.4834036485386
0.1,const,shell,8.706620680585118,1107807.1703821644,1184.4834036485383
0.1,const,shell,8.909938096776107,1156197.723016907,1184.4834036485383
0.1,const,shell,9.118003390845681,1206644.6003497478,1184.4834036485383
0.1,const,shell,9.330927435461664,1259231.01391955,1184.4834036485381
0.1,const,shell,9.548823692395656,1314043.275601051,1184.4834036485383
0.1,const,shell,9.771808272983899,1371170.8971961634,1184.4834036485383
0.1,const,shell,10.0,1430706.692330434,1184.4834036485383
0.1,vecD,helm,0.05948892077934334,251.60520331554142,716.6595684935997
0.1,vecD,helm,0.06087810885914762,258.8532757290958,693.4691356814986
0.1,vecD,helm,0.06229973732441844,266.3353930223224,677.2502439700353
0.1,vecD,helm,0.06375456372456506,274.060077079054,665.059449339307
0.1,vecD,helm,0.06524336329932624,282.03619286458877,653.9947420553191
0.1,vecD,helm,0.06676692939187563,290.2729632207747,643.3553798302028
0.1,vecD,helm,0.06832607387157402,298.7799843253735,633.1212395893523
0.1,vecD,helm,0.06992162756659374,307.56724184615473,623.273430260642
0.1,vecD,helm,0.07155444070664578,316.64512782158147,613.7941992788167
0.1,vecD,helm,0.07322538337604534,326.02445830141676,604.6668474621074
0.1,vecD,helm,0.07493534597735753,335.71649178212766,595.8756513994608
0.1,vecD,helm,0.0766852397058701,345.7329484735732,587.4057925867104
0.1,vecD,helm,0.07847599703514611,356.0860304351495,579.2432926370924
0.1,vecD,helm,0.08030857221391513,366.7884426213335,571.3749539675629
0.1,vecD,helm,0.08218394177456802,377.8534148784105,563.7883054288934
0.1,vecD,helm,0.08410310505352604,389.2947249361081,556.471552405863
0.1,vecD,helm,0.08606708472376164,401.1267224398739,549.4135309650898
0.1,vecD,helm,0.08807692733975461,413.36435407165754,542.6036656731324
0.1,vecD,helm,0.09013370389517433,426.02318980926464,536.0319307472308
0.1,vecD,helm,0.09223851039358476,439.11945037666834,529.688814236151
0.1,vecD,helm,0.09439246843247669,452.6700359400849,523.5652849596426
0.1,vecD,helm,0.09659672580093832,466.69255610715527,517.6527619625208
0.1,vecD,helm,0.09885245709128276,481.2053612892233,511.9430862637941
0.1,vecD,helm,0.10116086432495808,496.2275754894745,506.4284947029506
0.1,vecD,helm,0.10352317759307378,511.77913058260253,501.10159570483154
0.1,vecD,helm,0.1059406557118851,527.8808021547034,495.9553468017296
0.1,vecD,helm,0.10841458689358349,544.5542469752638,490.9830337667203
0.1,vecD,helm,0.11094628943275218,561.8220421764526,486.17825122597685
0.1,vecD,helm,0.11353711240885178,579.7077262183693,481.5348846301105
0.1,vecD,helm,0.11618843640511002,598.2358417225562,477.0470934756138
0.1,vecD,helm,0.118901674244199,617.4319802598709,472.7092956773648
0.1,vecD,helm,0.1216782717410923,637.3228291827999,468.5161530020593
0.1,vecD,helm,0.12451970847350319,657.9362205964427,464.46255748042347
0.1,vecD,helm,0.12742749857031335,679.3011825667436,460.5436187232794
0.1,vecD,helm,0.13040319151841315,701.4479926690989,456.7546520730296
0.1,vecD,helm,0.13344837298838383,724.408233985231,453.091167528
0.1,vecD,helm,0.13656466567946096,748.2148536611834,449.5488593823821
0.1,vecD,helm,0.1397537301842291,772.9022241444886,446.12359652932565
0.1,vecD,helm,0.1430172658735088,798.5062072240203,442.81141337907377
0.1,vecD,helm,0.14635701180190797,825.0642210017159,439.6085013479807
0.1,vecD,helm,0.14977474763452,852.6153099313092,436.51120087783585
0.1,vecD,helm,0.15327229459526134,881.2002180654281,433.5159939481671
0.1,vecD,helm,0.1568515164373548,910.8614656589223,430.6194970471624
0.1,vecD,helm,0.16051432043647615,941.6434292830993,427.8184545695363
0.1,vecD,helm,0.16426265840709303,973.5924256126401,425.1097326121309
0.1,vecD,helm,0.16809852774253636,1006.7567990544062,422.49031314027997
0.1,vecD,helm,0.1720239724793599,1041.187013395133,419.9572885000094
0.1,vecD,helm,0.17604108438655525,1076.9357476531384,417.5078562530174
0.1,vecD,helm,0.18015200408020238,1114.0579963276577,415.1393143130949
0.1,vecD,helm,0.1843589221641488,1152.611174248301,412.84905636420325
0.1,vecD,helm,0.18866408039732582,1192.655226236432,410.63456754187337
0.1,vecD,helm,0.19306977288832497,1234.2527417999759,408.49342036089905
0.1,vecD,helm,0.19757834731786994,1277.4690750932941,406.4232708735145
0.1,vecD,helm,0.20219220618983536,1322.3724703843864,404.42185504335134
0.1,vecD,helm,0.20691380811147903,1369.0341932827605,402.48698532150246
0.1,vecD,helm,0.21174566910357118,1417.5286679929263,400.616547411951
0.1,vecD,helm,0.2166903639411181,1467.9336208705438,398.80849721450164
0.1,vecD,helm,0.22175052752539318,1520.3302305709306,397.0608579341486
0.1,vecD,helm,0.2269288562880081,1574.803285092874,395.37171734655277
0.1,vecD,helm,0.23222810962777246,1631.4413460345095,393.73922520998923
0.1,vecD,helm,0.23765111138110728,1690.3369203924724,392.16159081475536
0.1,vecD,helm,0.24320075132679475,1751.586640250612,390.63708066162025
0.1,vecD,helm,0.24887998672586673,1815.2914507203445,389.1640162614367
0.1,vecD,helm,0.25469184389745403,1881.5568065112132,387.74077204854416
0.1,vecD,helm,0.26063941983143474,1950.492877527408,386.3657734010574
0.1,vecD,helm,0.2667258838387405,2022.214763903988,385.0374947615765
0.1,vecD,helm,0.2729544792402007,2096.8427209153497,383.75445785225253
0.1,vecD,helm,0.2793285250948253,2174.5023942081134,382.5152299785317
0.1,vecD,helm,0.28585141796844715,2255.3250658310926,381.3184224162413
0.1,vecD,helm,0.2925266337436645,2339.4479115563863,380.1626888770237
0.1,vecD,helm,0.29935772947204903,2427.014270008033,379.0467240474209
0.1,vecD,helm,0.3063483452696084,2518.1739241380437,377.96926219720865
0.1,vecD,helm,0.3135022062565112,2613.08339561393,376.92907585284274
0.1,vecD,helm,0.32082312454210776,2711.9062527073615,375.92497453213946
0.1,vecD,helm,0.3283150012563047,2814.813432300159,374.95580353654276
0.1,vecD,helm,0.3359818286283781,2921.9835766516026,374.0204427975557
0.1,vecD,helm,0.34382769211433073,3033.603385599984,373.117805774126
0.1,vecD,helm,0.3518567725739263,3149.867984901556,372.2468383979665
0.1,vecD,helm,0.360073348498562,3270.9813114416547,371.4065180639799
0.1,vecD,helm,0.3684817982911677,3397.1565160857176,370.5958526631299
0.1,vecD,helm,0.3770866025993452,3528.61638497227,369.813879655264
0.1,vecD,helm,0.3858923467029903,3665.593780085864,369.059665179548
0.1,vecD,helm,0.3949037229576702,3808.33209998538,368.3323032003202
0.1,vecD,helm,0.40412553329506,3957.085761602262,367.63091468630324
0.1,vecD,helm,0.4135626917817706,4112.1207040639165,366.95464682124936
0.1,vecD,helm,0.4232202272379275,4273.714915540034,366.30267224421027
0.1,vecD,helm,0.4331032859169001,4442.158984154044,365.67418831774154
0.1,vecD,helm,0.44321713424760856,4617.756674048121,365.068416422456
0.1,vecD,helm,0.45356716164087024,4800.825527738412,364.48460127644734
0.1,vecD,helm,0.46415888336127775,4991.697495947454,363.9220102781981
0.1,vecD,helm,0.47499794346614127,5190.71959615323,363.3799328716773
0.1,vecD,helm,0.48609011781306305,5398.254601149117,362.8576799324203
0.1,vecD,helm,0.49744131713774514,5614.68175896583,362.35458317346206
0.1,vecD,helm,0.5090575902036681,5840.3975455659765,361.86999457007283
0.1,vecD,helm,0.5209451270253211,6075.816451783815,361.40328580231363
0.1,vecD,helm,0.5331102621667033,6321.371806047414,360.95384771449983
0.1,vecD,helm,0.5455594781168515,6577.516634487563,360.52108979072136
0.1,vecD,helm,0.5582994087441919,6844.7245601079185,360.1044396456274
0.1,vecD,helm,0.571336842831558,7123.490742763903,359.7033425297414
0.1,vecD,helm,0.584678727693759,7414.3328617739935,359.3172608486203
0.1,vecD,helm,0.5983321728796283,7717.792143066146,358.9456736952259
0.1,vecD,helm,0.6123044539605184,8034.434432844523,358.58807639491494
0.1,vecD,helm,0.6266030164072656,8364.851319847745,358.2439800625042
0.1,vecD,helm,0.6412354795576917,8709.661308359227,357.9129111709019
0.1,vecD,helm,0.6562096406767555,9069.51104422316,357.5944111308343
0.1,vecD,helm,0.6715334791115142,9445.076596216528,357.2880358812326
0.1,vecD,helm,0.6872151605431122,9837.064795228443,356.99335548987654
0.1,vecD,helm,0.7032630413380644,10246.214633802865,356.7099537639178
0.1,vecD,helm,0.7196856730011514,10673.298728709904,356.4374278699406
0.1,vecD,helm,0.7364918067322965,11119.124849324115,356.17538796323254
0.1,vecD,helm,0.7536903980898542,11584.537514706386,355.92345682597204
0.1,vecD,helm,0.7712906117627992,12070.419662408754,355.68126951405344
0.1,vecD,helm,0.7893018264543568,12577.694392148642,355.44847301229345
0.1,vecD,helm,0.8077336398796711,13107.326787631679,355.22472589778033
0.1,vecD,helm,0.8265958738801813,13660.325819939993,355.0096980111426
0.1,vecD,helm,0.84589857965743,14237.746336045957,354.8030701355334
0.1,vecD,helm,0.8656520431290936,14840.6911361598,354.60453368313415
0.1,vecD,helm,0.8858667904100823,15470.313143773714,354.4137903889972
0.1,vecD,helm,0.9065535934216359,16127.817672425517,354.2305520120619
0.1,vecD,helm,0.927723475631406,16814.464793371255,354.05454004317943
0.1,vecD,helm,0.949387717927582,17531.5718085284,353.88548542000257
0.1,vecD,helm,0.9715578646301858,18280.51583323052,353.7231282485945
0.1,vecD,helm,0.9942457296427418,19062.736493520002,353.56721753162475
0.1,vecD,helm,1.0174634027476064,19879.738742898313,353.41751090302455
0.1,vecD,helm,1.0412232560483043,20733.09580365252,353.27377436898115
0.1,vecD,helm,1.0655379505623053,21624.452238083984,353.135782055151
0.1,vecD,helm,1.0904204429677526,22555.527155179596,353.00331595998637
0.1,vecD,helm,1.115883992507748,23528.117558488506,352.8761657140606
0.1,vecD,helm,1.1419421680558648,24544.101841196923,352.7541283452945
0.1,vecD,helm,1.168608855346651,25605.44343463176,352.6370080499761
0.1,vecD,helm,1.1958982643749794,26714.194616670964,352.5246159694813
0.1,vecD,helm,1.2238249369681924,27872.500486793542,352.4167699725949
0.1,vecD,helm,1.252403754535072,29082.603114765785,352.31329444333875
0.1,vecD,helm,1.2816499459957584,30346.845870233145,352.2140200742145
0.1,vecD,helm,1.3115790958968503,31667.677940769816,352.11878366477043
0.1,vecD,helm,1.342207152716012,33047.659046229295,352.0274279253986
0.1,vecD,helm,1.3735504373605123,34489.464357540375,351.93980128627817
0.1,vecD,helm,1.405625651864215,35995.88962840344,351.8557577113701
0.1,vecD,helm,1.438449888287663,37569.85654866346,351.77515651738173
0.1,vecD,helm,1.4720406378260014,39214.41832846721,351.69786219760783
0.1,vecD,helm,1.506415800129591,40932.76552265342,351.62374425056544
0.1,vecD,helm,1.5415936928422718,42728.23210517581,351.5526770133333
0.1,vecD,helm,1.5775930613623614,44604.301803723014,351.48453949951033
0.1,vecD,helm,1.6144330888316019,46564.61470507217,351.41921524170755
0.1,vecD,helm,1.6521334063573685,48612.97414209773,351.3565921384861
0.1,vecD,helm,1.69071410347358,50753.35387375174,351.29656230565666
0.1,vecD,helm,1.7301957388458944,52989.905569739836,351.2390219318547
0.1,vecD,helm,1.770599351226898,55326.96661203554,351.18387113830613
0.1,vecD,helm,1.8119464706671222,57769.06822580388,351.1310138426971
0.1,vecD,helm,1.8542591299878524,60320.94395274691,351.080357627066
0.1,vecD,helm,1.8975598765218504,62987.53848033636,351.03181360963015
0.1,vecD,helm,1.941871784128255,65774.01684086361,350.98529632046353
0.1,vecD,helm,1.9872184654880534,68685.77399471101,350.9407235809446
0.1,vecD,helm,2.0336240846866724,71728.44481273674,350.89801638688556
0.1,vecD,helm,2.081113370090395,74907.91447316286,350.85709879526536
0.1,vecD,helm,2.129711627523478,78230.3292888688,350.8178978144803
0.1,vecD,helm,2.1794447537529833,81702.1079815092,350.78034329803165
0.1,vecD,helm,2.2303392502884964,85329.95341940965,350.744367841569
0.1,vecD,helm,2.2824222375040977,89120.86483673575,350.70990668320866
0.1,vecD,helm,2.3357214690901213,93082.15055198502,350.6768976070465
0.1,vecD,helm,2.3902653468423893,97221.44120441277,350.64528084978633
0.1,vecD,helm,2.446082935796798,101546.70352757724,350.61499901040594
0.1,vecD,helm,2.5032039797173256,106066.25467977126,350.585996962782
0.1,vecD,helm,2.561658916945727,110788.77715170158,350.5582217711986
0.1,vecD,helm,2.6214788966213534,115723.33427237441,350.53162260866134
0.1,vecD,helm,2.6826957952797246,120879.38633475354,350.50615067794564
0.1,vecD,helm,2.745342233838714,126266.80736337451,350.4817591353016
0.1,vecD,helm,2.809451594981406,131895.90254672023,350.45840301674644
0.1,vecD,helm,2.8750580409448774,137777.42635778864,350.43603916686794
0.1,vecD,helm,2.942196531724374,143922.60138691543,350.4146261700753
0.1,vecD,helm,3.0109028437025924,150343.1379115532,350.3941242842211
0.1,vecD,helm,3.081213588714002,157051.25422834666,350.37449537653026
0.1,vecD,helm,3.1531662335543613,164059.69777348387,350.35570286176767
0.1,vecD,helm,3.2267991199458086,171381.7670579432,350.3377116425792
0.1,vecD,helm,3.3021514849681757,179031.33444489955,350.3204880519408
0.1,vecD,helm,3.379263481967431,187022.86979719208,350.3039997976527
0.1,vecD,helm,3.4581762019523774,195371.46502338795,350.2882159088171
0.1,vecD,helm,3.538931695490988,204092.8595516064,350.27310668423826
0.1,vecD,helm,3.6215729951180746,213203.46676089315,350.25864364268466
0.1,vecD,helm,3.706144138266228,222720.40140054913,350.2447994749571
0.1,vecD,helm,3.792690190732246,232661.50802841887,350.2315479977032
0.1,vecD,helm,3.881257270691536,243045.3904997337,350.218864108925
0.1,vecD,helm,3.971892573273302,253891.44253868508,350.20672374512407
0.1,vecD,helm,4.064644395709628,265219.879425462,350.1951038400311
0.1,vecD,helm,4.1595621630718425,277051.7708320233,350.1839822848695
0.1,vecD,helm,4.256696454607871,289409.0748403918,350.1733378901004
0.1,vecD,helm,4.356099030694608,302314.6731777556,350.1631503486019
0.1,vecD,helm,4.457822860419706,315792.4077031273,350.1534002002337
0.1,vecD,helm,4.561922149807459,329867.11818074266,350.1440687977405
0.1,vecD,helm,4.66845237070379,344564.6813757847,350.13513827394866
0.1,vecD,helm,4.777470290335773,359912.051508388,350.126591510213
0.1,vecD,helm,4.889034001561443,375937.3021022056,350.1184121060686
0.1,vecD,helm,5.003202953825999,392669.669264103,350.1105843500482
0.1,vecD,helm,5.120037984840887,410139.5964317795,350.103093191623
0.1,vecD,helm,5.239601353002644,428378.78062631114,350.095924214228
0.1,vecD,helm,5.361956770568817,447420.2202467491,350.08906360933435
0.1,vecD,helm,5.487169437608599,467298.26444397884,350.08249815152936
0.1,vecD,helm,5.615306076746273,488048.6641110645,350.0762151745706
0.1,vecD,helm,5.746434968715974,509708.62452726555,350.0702025483783
0.1,vecD,helm,5.880625988746757,532316.8596928006,350.0644486569312
0.1,vecD,helm,6.017950643797328,555913.6483912423,350.0589423770335
0.1,vecD,helm,6.158482110660261,580540.8920161674,350.05367305792356
0.1,vecD,helm,6.302295274956023,606242.1741983584,350.04863050168797
0.1,vecD,helm,6.449466771037621,633062.822269426,350.0438049444576
0.1,vecD,helm,6.600075022827088,661049.970597214,350.0391870383519
0.1,vecD,helm,6.754200285605586,690252.6258277481,350.03476783414595
0.1,vecD,helm,6.911924688779366,720721.7340678015,350.030538764633
0.1,vecD,helm,7.073332279644439,752510.2500413702,350.0264916286546
0.1,vecD,helm,7.238509068173248,785673.2082524563,350.0226185757766
0.1,vecD,helm,7.4075430728471625,820267.7961855521,350.0189120915826
0.1,vecD,helm,7.580524367559261,856353.4295741437,350.0153649835636
0.1,vecD,helm,7.757545129612414,893991.8297663451,350.0119703675819
0.1,vecD,helm,7.9386996888382235,933247.1032154381,350.00872165488414
0.1,vecD,helm,8.124084577862966,974185.8231216803,350.0056125396456
0.1,vecD,helm,8.313798583547333,1016877.113250188,350.0026369870228
0.1,vecD,helm,8.507942799627445,1061392.7339480682,349.99978922169623
0.1,vecD,helm,8.706620680585118,1107807.1703821644,349.9970637168833
0.1,vecD,helm,8.909938096776107,1156197.723016907,349.9944551838038
0.1,vecD,helm,9.118003390845681,1206644.6003497478,349.9919585615785
0.1,vecD,helm,9.330927435461664,1259231.01391955,349.9895690075469
0.1,vecD,helm,9.548823692395656,1314043.275601051,349.98728188798384
0.1,vecD,helm,9.771808272983899,1371170.8971961634,349.98509276920254
0.1,vecD,helm,10.0,1430706.692330434,349.9829974090266
0.1,vecD,shell,0.05948892077934334,251.60520331554142,2369.3794037506846
0.1,vecD,shell,0.06087810885914762,258.8532757290958,2311.867876566454
0.1,vecD,shell,0.06229973732441844,266.3353930223224,2267.265473595354
0.1,vecD,shell,0.06375456372456506,274.060077079054,2228.234733052993
0.1,vecD,shell,0.06524336329932624,282.03619286458877,2191.9475845959532
0.1,vecD,shell,0.06676692939187563,290.2729632207747,2157.0308158354596
0.1,vecD,shell,0.06832607387157402,298.7799843253735,2123.4211832993415
0.1,vecD,shell,0.06992162756659374,307.56724184615473,2091.059215070534
0.1,vecD,shell,0.07155444070664578,316.64512782158147,2059.888931732872
0.1,vecD,shell,0.07322538337604534,326.02445830141676,2029.857591684916
0.1,vecD,shell,0.07493534597735753,335.71649178212766,2000.9154583755308
0.1,vecD,shell,0.0766852397058701,345.7329484735732,1973.0155872918183
0.1,vecD,shell,0.07847599703514611,356.0860304351495,1946.1136307721688
0.1,vecD,shell,0.08030857221391513,366.7884426213335,1920.1676589293465
0.1,vecD,shell,0.08218394177456802,377.8534148784105,1895.1379951547842
0.1,vecD,shell,0.08410310505352604,389.2947249361081,1870.987064839057
0.1,vecD,shell,0.08606708472376164,401.1267224398739,1847.6792560878237
0.1,vecD,shell,0.08807692733975461,413.36435407165754,1825.180791339922
0.1,vecD,shell,0.09013370389517433,426.02318980926464,1803.4596089069025
0.1,vecD,shell,0.09223851039358476,439.11945037666834,1782.4852535530508
0.1,vecD,shell,0.09439246843247669,452.6700359400849,1762.2287753233695
0.1,vecD,shell,0.09659672580093832,466.69255610715527,1742.662635905652
0.1,vecD,shell,0.09885245709128276,481.2053612892233,1723.760621882632
0.1,vecD,shell,0.10116086432495808,496.2275754894745,1705.4977642925821
0.1,vecD,shell,0.10352317759307378,511.77913058260253,1687.850263972281
0.1,vecD,shell,0.1059406557118851,527.8808021547034,1670.7954222059984
0.1,vecD,shell,0.10841458689358349,544.5542469752638,1654.3115762485963
0.1,vecD,shell,0.11094628943275218,561.8220421764526,1638.3780393306934
0.1,vecD,shell,0.11353711240885178,579.7077262183693,1622.9750447895785
0.1,vecD,shell,0.11618843640511002,598.2358417225562,1608.0836940017002
0.1,vecD,shell,0.118901674244199,617.4319802598709,1593.685907821402
0.1,vecD,shell,0.1216782717410923,637.3228291827999,1579.7643812566255
0.1,vecD,shell,0.12451970847350319,657.9362205964427,1566.3025411357332
0.1,vecD,shell,0.12742749857031335,679.3011825667436,1553.2845065407778
0.1,vecD,shell,0.13040319151841315,701.4479926690989,1540.695051801683
0.1,vecD,shell,0.13344837298838383,724.408233985231,1528.5195718630873
0.1,vecD,shell,0.13656466567946096,748.2148536611834,1516.7440498512951
0.1,vecD,shell,0.1397537301842291,772.9022241444886,1505.3550266829748
0.1,vecD,shell,0.1430172658735088,798.5062072240203,1494.3395725701507
0.1,vecD,shell,0.14635701180190797,825.0642210017159,1483.685260287719
0.1,vecD,shell,0.14977474763452,852.6153099313092,1473.380140080413
0.1,vecD,shell,0.15327229459526134,881.2002180654281,1463.4127160958012
0.1,vecD,shell,0.1568515164373548,910.8614656589223,1453.771924238749
0.1,vecD,shell,0.16051432043647615,941.6434292830993,1444.4471113508398
0.1,vecD,shell,0.16426265840709303,973.5924256126401,1435.4280156255709
0.1,vecD,shell,0.16809852774253636,1006.7567990544062,1426.7047481769127
0.1,vecD,shell,0.1720239724793599,1041.187013395133,1418.2677756849057
0.1,vecD,shell,0.17604108438655525,1076.9357476531384,1410.1079040476347
0.1,vecD,shell,0.18015200408020238,1114.0579963276577,1402.216262974051
0.1,vecD,shell,0.1843589221641488,1152.611174248301,1394.5842914568543
0.1,vecD,shell,0.18866408039732582,1192.655226236432,1387.203724068969
0.1,vecD,shell,0.19306977288832497,1234.2527417999759,1380.066578031142
0.1,vecD,shell,0.19757834731786994,1277.4690750932941,1373.1651410018544
0.1,vecD,shell,0.20219220618983536,1322.3724703843864,1366.4919595441127
0.1,vecD,shell,0.20691380811147903,1369.0341932827605,1360.039828226785
0.1,vecD,shell,0.21174566910357118,1417.5286679929263,1353.801779321025
0.1,vecD,shell,0.2166903639411181,1467.9336208705438,1347.7710730549593
0.1,vecD,shell,0.22175052752539318,1520.3302305709306,1341.9411883922733
0.1,vecD,shell,0.2269288562880081,1574.803285092874,1336.3058143025753
0.1,vecD,shell,0.23222810962777246,1631.4413460345095,1330.8588414935177
0.1,vecD,shell,0.23765111138110728,1690.3369203924724,1325.5943545765938
0.1,vecD,shell,0.24320075132679475,1751.586640250612,1320.5066246403314
0.1,vecD,shell,0.24887998672586673,1815.2914507203445,1315.5901022062656
0.1,vecD,shell,0.25469184389745403,1881.5568065112132,1310.8394105446232
0.1,vecD,shell,0.26063941983143474,1950.492877527408,1306.2493393281165
0.1,vecD,shell,0.2667258838387405,2022.214763903988,1301.8148386035596
0.1,vecD,shell,0.2729544792402007,2096.8427209153497,1297.5310130622984
0.1,vecD,shell,0.2793285250948253,2174.5023942081134,1293.3931165916001
0.1,vecD,shell,0.28585141796844715,2255.3250658310926,1289.3965470902497
0.1,vecD,shell,0.2925266337436645,2339.4479115563863,1285.5368415326216
0.1,vecD,shell,0.29935772947204903,2427.014270008033,1281.8096712664446
0.1,vecD,shell,0.3063483452696084,2518.1739241380437,1278.2108375303849
0.1,vecD,shell,0.3135022062565112,2613.08339561393,1274.736267178402
0.1,vecD,shell,0.32082312454210776,2711.9062527073615,1271.3820085986267
0.1,vecD,shell,0.3283150012563047,2814.813432300159,1268.1442278152524
0.1,vecD,shell,0.3359818286283781,2921.9835766516026,1265.019204762614
0.1,vecD,shell,0.34382769211433073,3033.603385599984,1262.0033297213051
0.1,vecD,shell,0.3518567725739263,3149.867984901556,1259.0930999067755
0.1,vecD,shell,0.360073348498562,3270.9813114416547,1256.285116201456
0.1,vecD,shell,0.3684817982911677,3397.1565160857176,1253.576080021979
0.1,vecD,shell,0.3770866025993452,3528.61638497227,1250.9627903135997
0.1,vecD,shell,0.3858923467029903,3665.593780085864,1248.4421406643985
0.1,vecD,shell,0.3949037229576702,3808.33209998538,1246.0111165323058
0.1,vecD,shell,0.40412553329506,3957.085761602262,1243.6667925784197
0.1,vecD,shell,0.4135626917817706,4112.1207040639165,1241.4063301005024
0.1,vecD,shell,0.4232202272379275,4273.714915540034,1239.2269745609244
0.1,vecD,shell,0.4331032859169001,4442.158984154044,1237.126053203681
0.1,vecD,shell,0.44321713424760856,4617.756674048121,1235.100972755467
0.1,vecD,shell,0.45356716164087024,4800.825527738412,1233.1492172060925
0.1,vecD,shell,0.46415888336127775,4991.697495947454,1231.2683456638697
0.1,vecD,shell,0.47499794346614127,5190.71959615323,1229.4559902818348
0.1,vecD,shell,0.48609011781306305,5398.254601149117,1227.709854250995
0.1,vecD,shell,0.49744131713774514,5614.68175896583,1226.0277098570107
0.1,vecD,shell,0.5090575902036681,5840.3975455659765,1224.4073965969772
0.1,vecD,shell,0.5209451270253211,6075.816451783815,1222.8468193532008
0.1,vecD,shell,0.5331102621667033,6321.371806047414,1221.3439466210718
0.1,vecD,shell,0.5455594781168515,6577.516634487563,1219.8968087883375
0.1,vecD,shell,0.5582994087441919,6844.7245601079185,1218.5034964632748
0.1,vecD,shell,0.571336842831558,7123.490742763903,1217.1621588494322
0.1,vecD,shell,0.584678727693759,7414.3328617739935,1215.8710021647735
0.1,vecD,shell,0.5983321728796283,7717.792143066146,1214.6282881032246
0.1,vecD,shell,0.6123044539605184,8034.434432844523,1213.4323323367548
0.1,vecD,shell,0.6266030164072656,8364.851319847745,1212.281503056272
0.1,vecD,shell,0.6412354795576917,8709.661308359227,1211.1742195497252
0.1,vecD,shell,0.6562096406767555,9069.51104422316,1210.1089508159394
0.1,vecD,shell,0.6715334791115142,9445.076596216528,1209.084214212805
0.1,vecD,shell,0.6872151605431122,9837.064795228443,1208.0985741385573
0.1,vecD,shell,0.7032630413380644,10246.214633802865,1207.150640744964
0.1,vecD,shell,0.7196856730011514,10673.298728709904,1206.239068681335
0.1,vecD,shell,0.7364918067322965,11119.124849324115,1205.3625558683434
0.1,vecD,shell,0.7536903980898542,11584.537514706386,1204.519842300729
0.1,vecD,shell,0.7712906117627992,12070.419662408754,1203.7097088780122
0.1,vecD,shell,0.7893018264543568,12577.694392148642,1202.9309762624184
0.1,vecD,shell,0.8077336398796711,13107.326787631679,1202.182503763266
0.1,vecD,shell,0.8265958738801813,13660.325819939993,1201.4631882471265
0.1,vecD,shell,0.84589857965743,14237.746336045957,1200.7719630731076
0.1,vecD,shell,0.8656520431290936,14840.6911361598,1200.107797052659
0.1,vecD,shell,0.8858667904100823,15470.313143773714,1199.469693433341
0.1,vecD,shell,0.9065535934216359,16127.817672425517,1198.8566889060212
0.1,vecD,shell,0.927723475631406,16814.464793371255,1198.2678526350116
0.1,vecD,shell,0.949387717927582,17531.5718085284,1197.7022853106732
0.1,vecD,shell,0.9715578646301858,18280.51583323052,1197.1591182240525
0.1,vecD,shell,0.9942457296427418,19062.736493520002,1196.637512363125
0.1,vecD,shell,1.0174634027476064,19879.738742898313,1196.136657530257
0.1,vecD,shell,1.0412232560483043,20733.09580365252,1195.6557714804944
0.1,vecD,shell,1.0655379505623053,21624.452238083984,1195.1940990803248
0.1,vecD,shell,1.0904204429677526,22555.527155179596,1194.7509114865547
0.1,vecD,shell,1.115883992507748,23528.117558488506,1194.3255053449682
0.1,vecD,shell,1.1419421680558648,24544.101841196923,1193.917202008434
0.1,vecD,shell,1.168608855346651,25605.44343463176,1193.5253467741472
0.1,vecD,shell,1.1958982643749794,26714.194616670964,1193.1493081396877
0.1,vecD,shell,1.2238249369681924,27872.500486793542,1192.7884770775938
0.1,vecD,shell,1.252403754535072,29082.603114765785,1192.4422663281528
0.1,vecD,shell,1.2816499459957584,30346.845870233145,1192.1101097101014
0.1,vecD,shell,1.3115790958968503,31667.677940769816,1191.79146144896
0.1,vecD,shell,1.342207152716012,33047.659046229295,1191.4857955226996
0.1,vecD,shell,1.3735504373605123,34489.464357540375,1191.1926050244576
0.1,vecD,shell,1.405625651864215,35995.88962840344,1190.9114015420173
0.1,vecD,shell,1.438449888287663,37569.85654866346,1190.6417145537673
0.1,vecD,shell,1.4720406378260014,39214.41832846721,1190.383090840862
0.1,vecD,shell,1.506415800129591,40932.76552265342,1190.1350939152883
0.1,vecD,shell,1.5415936928422718,42728.23210517581,1189.8973034635749
0.1,vecD,shell,1.5775930613623614,44604.301803723014,1189.6693148058473
0.1,vecD,shell,1.6144330888316019,46564.61470507217,1189.4507383699583
0.1,vecD,shell,1.6521334063573685,48612.97414209773,1189.2411991804047
0.1,vecD,shell,1.69071410347358,50753.35387375174,1189.040336361759
0.1,vecD,shell,1.7301957388458944,52989.905569739836,1188.8478026563284
0.1,vecD,shell,1.770599351226898,55326.96661203554,1188.6632639557638
0.1,vecD,shell,1.8119464706671222,57769.06822580388,1188.4863988463399
0.1,vecD,shell,1.8542591299878524,60320.94395274691,1188.3168981676292
0.1,vecD,shell,1.8975598765218504,62987.53848033636,1188.1544645842857
0.1,vecD,shell,1.941871784128255,65774.01684086361,1187.9988121706674
0.1,vecD,shell,1.9872184654880534,68685.77399471101,1187.8496660080166
0.1,vecD,shell,2.0336240846866724,71728.44481273674,1187.7067617939226
0.1,vecD,shell,2.081113370090395,74907.91447316286,1187.5698454637964
0.1,vecD,shell,2.129711627523478,78230.3292888688,1187.438672824079
0.1,vecD,shell,2.1794447537529833,81702.1079815092,1187.3130091969156
0.1,vecD,shell,2.2303392502884964,85329.95341940965,1187.1926290760246
0.1,vecD,shell,2.2824222375040977,89120.86483673575,1187.0773157934966
0.1,vecD,shell,2.3357214690901213,93082.15055198502,1186.966861197251
0.1,vecD,shell,2.3902653468423893,97221.44120441277,1186.8610653388982
0.1,vecD,shell,2.446082935796798,101546.70352757724,1186.7597361717353
0.1,vecD,shell,2.5032039797173256,106066.25467977126,1186.662689258625
0.1,vecD,shell,2.561658916945727,110788.77715170158,1186.5697474895023
0.1,vecD,shell,2.6214788966213534,115723.33427237441,1186.480740808251
0.1,vecD,shell,2.6826957952797246,120879.38633475354,1186.3955059487098
0.1,vecD,shell,2.745342233838714,126266.80736337451,1186.3138861795544
0.1,vecD,shell,2.809451594981406,131895.90254672023,1186.2357310578197
0.1,vecD,shell,2.8750580409448774,137777.42635778864,1186.1608961908178
0.1,vecD,shell,2.942196531724374,143922.60138691543,1186.0892430062243
0.1,vecD,shell,3.0109028437025924,150343.1379115532,1186.020638530093
0.1,vecD,shell,3.081213588714002,157051.25422834666,1185.954955172577
0.1,vecD,shell,3.1531662335543613,164059.69777348387,1185.8920705211347
0.1,vecD,shell,3.2267991199458086,171381.7670579432,1185.8318671409934
0.1,vecD,shell,3.3021514849681757,179031.33444489955,1185.7742323826633
0.1,vecD,shell,3.379263481967431,187022.86979719208,1185.7190581962873
0.1,vecD,shell,3.4581762019523774,195371.46502338795,1185.6662409526189
0.1,vecD,shell,3.538931695490988,204092.8595516064,1185.6156812704253
0.1,vecD,shell,3.6215729951180746,213203.46676089315,1185.567283850121
0.1,vecD,shell,3.706144138266228,222720.40140054913,1185.5209573134305
0.1,vecD,shell,3.792690190732246,232661.50802841887,1185.476614048901
0.1,vecD,shell,3.881257270691536,243045.3904997337,1185.4341700630632
0.1,vecD,shell,3.971892573273302,253891.44253868508,1185.3935448370773
0.1,vecD,shell,4.064644395709628,265219.879425462,1185.3546611886752
0.1,vecD,shell,4.1595621630718425,277051.7708320233,1185.3174451392254
0.1,vecD,shell,4.256696454607871,289409.0748403918,1185.281825785762
0.1,vecD,shell,4.356099030694608,302314.6731777556,1185.2477351778043
0.1,vecD,shell,4.457822860419706,315792.4077031273,1185.215108198808
0.1,vecD,shell,4.561922149807459,329867.11818074266,1185.183882452097
0.1,vecD,shell,4.66845237070379,344564.6813757847,1185.1539981511219
0.1,vecD,shell,4.777470290335773,359912.051508388,1185.1253980138931
0.1,vecD,shell,4.889034001561443,375937.3021022056,1185.0980271614499
0.1,vecD,shell,5.003202953825999,392669.669264103,1185.0718330202287
0.1,vecD,shell,5.120037984840887,410139.5964317795,1185.0467652281825
0.1,vecD,shell,5.239601353002644,428378.78062631114,1185.0227755445364
0.1,vecD,shell,5.361956770568817,447420.2202467491,1184.9998177630368
0.1,vecD,shell,5.487169437608599,467298.26444397884,1184.9778476285785
0.1,vecD,shell,5.615306076746273,488048.6641110645,1184.9568227570855
0.1,vecD,shell,5.746434968715974,509708.62452726555,1184.936702558533
0.1,vecD,shell,5.880625988746757,532316.8596928006,1184.9174481629898
0.1,vecD,shell,6.017950643797328,555913.6483912423,1184.899022349578
0.1,vecD,shell,6.158482110660261,580540.8920161674,1184.881389478241
0.1,vecD,shell,6.302295274956023,606242.1741983584,1184.8645154242186
0.1,vecD,shell,6.449466771037621,633062.822269426,1184.8483675151233
0.1,vecD,shell,6.600075022827088,661049.970597214,1184.8329144705326
0.1,vecD,shell,6.754200285605586,690252.6258277481,1184.8181263439906
0.1,vecD,shell,6.911924688779366,720721.7340678015,1184.803974467339
0.1,vecD,shell,7.073332279644439,752510.2500413702,1184.7904313972863
0.1,vecD,shell,7.238509068173248,785673.2082524563,1184.7774708641277
0.1,vecD,shell,7.4075430728471625,820267.7961855521,1184.7650677225408
0.1,vecD,shell,7.580524367559261,856353.4295741437,1184.7531979043722
0.1,vecD,shell,7.757545129612414,893991.8297663451,1184.7418383733414
0.1,vecD,shell,7.9386996888382235,933247.1032154381,1184.7309670815891
0.1,vecD,shell,8.124084577862966,974185.8231216803,1184.7205629279968
0.1,vecD,shell,8.313798583547333,1016877.113250188,1184.710605718212
0.1,vecD,shell,8.507942799627445,1061392.7339480682,1184.7010761263095
0.1,vecD,shell,8.706620680585118,1107807.1703821644,1184.691955658028
0.1,vecD,shell,8.909938096776107,1156197.723016907,1184.6832266155207
0.1,vecD,shell,9.118003390845681,1206644.6003497478,1184.6748720635533
0.1,vecD,shell,9.330927435461664,1259231.01391955,1184.666875797107
0.1,vecD,shell,9.548823692395656,1314043.275601051,1184.6592223103148
0.1,vecD,shell,9.771808272983899,1371170.8971961634,1184.651896766691
0.1,vecD,shell,10.0,1430706.692330434,1184.6448849705919
0.1,scaD,helm,0.05948892077934334,251.60520331554142,174.16371751899666
0.1,scaD,helm,0.06087810885914762,258.8532757290958,170.6502091254674
0.1,scaD,helm,0.06229973732441844,266.3353930223224,169.16858009987035
0.1,scaD,helm,0.06375456372456506,274.060077079054,168.91725429614215
0.1,scaD,helm,0.06524336329932624,282.03619286458877,168.91725429614218
0.1,scaD,helm,0.06676692939187563,290.2729632207747,168.91725429614218
0.1,scaD,helm,0.06832607387157402,298.7799843253735,168.91725429614215
0.1,scaD,helm,0.06992162756659374,307.56724184615473,168.9172542961422
0.1,scaD,helm,0.07155444070664578,316.64512782158147,168.91725429614218
0.1,scaD,helm,0.07322538337604534,326.02445830141676,168.91725429614218
0.1,scaD,helm,0.07493534597735753,335.71649178212766,168.91725429614215
0.1,scaD,helm,0.0766852397058701,345.7329484735732,168.91725429614212
0.1,scaD,helm,0.07847599703514611,356.0860304351495,168.91725429614215
0.1,scaD,helm,0.08030857221391513,366.7884426213335,168.91725429614215
0.1,scaD,helm,0.08218394177456802,377.8534148784105,168.91725429614218
0.1,scaD,helm,0.08410310505352604,389.2947249361081,168.91725429614218
0.1,scaD,helm,0.08606708472376164,401.1267224398739,168.91725429614218
0.1,scaD,helm,0.08807692733975461,413.36435407165754,168.91725429614215
0.1,scaD,helm,0.09013370389517433,426.02318980926464,168.91725429614218
0.1,scaD,helm,0.09223851039358476,439.11945037666834,168.91725429614212
0.1,scaD,helm,0.09439246843247669,452.6700359400849,168.91725429614215
0.1,scaD,helm,0.09659672580093832,466.69255610715527,168.91725429614215
0.1,scaD,helm,0.09885245709128276,481.2053612892233,168.91725429614218
0.1,scaD,helm,0.10116086432495808,496.2275754894745,168.91725429614212
0.1,scaD,helm,0.10352317759307378,511.77913058260253,168.91725429614215
0.1,scaD,helm,0.1059406557118851,527.8808021547034,168.91725429614218
0.1,scaD,helm,0.10841458689358349,544.5542469752638,168.91725429614215
0.1,scaD,helm,0.11094628943275218,561.8220421764526,168.91725429614215
0.1,scaD,helm,0.11353711240885178,579.7077262183693,168.91725429614218
0.1,scaD,helm,0.11618843640511002,598.2358417225562,168.91725429614218
0.1,scaD,helm,0.118901674244199,617.4319802598709,168.91725429614218
0.1,scaD,helm,0.1216782717410923,637.3228291827999,168.91725429614215
0.1,scaD,helm,0.12451970847350319,657.9362205964427,168.91725429614215
0.1,scaD,helm,0.12742749857031335,679.3011825667436,168.91725429614215
0.1,scaD,helm,0.13040319151841315,701.4479926690989,168.91725429614215
0.1,scaD,helm,0.13344837298838383,724.408233985231,168.91725429614218
0.1,scaD,helm,0.13656466567946096,748.2148536611834,168.91725429614218
0.1,scaD,helm,0.1397537301842291,772.9022241444886,168.91725429614218
0.1,scaD,helm,0.1430172658735088,798.5062072240203,168.91725429614215
0.1,scaD,helm,0.14635701180190797,825.0642210017159,168.91725429614215
0.1,scaD,helm,0.14977474763452,852.6153099313092,168.91725429614218
0.1,scaD,helm,0.15327229459526134,881.2002180654281,168.91725429614218
0.1,scaD,helm,0.1568515164373548,910.8614656589223,168.91725429614218
0.1,scaD,helm,0.16051432043647615,941.6434292830993,168.91725429614218
0.1,scaD,helm,0.16426265840709303,973.5924256126401,168.91725429614218
0.1,scaD,helm,0.16809852774253636,1006.7567990544062,168.91725429614215
0.1,scaD,helm,0.1720239724793599,1041.187013395133,168.91725429614218
0.1,scaD,helm,0.17604108438655525,1076.9357476531384,168.91725429614218
0.1,scaD,helm,0.18015200408020238,1114.0579963276577,168.91725429614215
0.1,scaD,helm,0.1843589221641488,1152.611174248301,168.91725429614215
0.1,scaD,helm,0.18866408039732582,1192.655226236432,168.9172542961422
0.1,scaD,helm,0.19306977288832497,1234.2527417999759,168.91725429614215
0.1,scaD,helm,0.19757834731786994,1277.4690750932941,168.91725429614212
0.1,scaD,helm,0.20219220618983536,1322.3724703843864,168.91725429614215
0.1,scaD,helm,0.20691380811147903,1369.0341932827605,168.9172542961422
0.1,scaD,helm,0.21174566910357118,1417.5286679929263,168.91725429614215
0.1,scaD,helm,0.2166903639411181,1467.9336208705438,168.91725429614212
0.1,scaD,helm,0.22175052752539318,1520.3302305709306,168.91725429614215
0.1,scaD,helm,0.2269288562880081,1574.803285092874,168.91725429614215
0.1,scaD,helm,0.23222810962777246,1631.4413460345095,168.91725429614218
0.1,scaD,helm,0.23765111138110728,1690.3369203924724,168.9172542961422
0.1,scaD,helm,0.24320075132679475,1751.586640250612,168.91725429614212
0.1,scaD,helm,0.24887998672586673,1815.2914507203445,168.91725429614218
0.1,scaD,helm,0.25469184389745403,1881.5568065112132,168.91725429614218
0.1,scaD,helm,0.26063941983143474,1950.492877527408,168.91725429614218
0.1,scaD,helm,0.2667258838387405,2022.214763903988,168.91725429614215
0.1,scaD,helm,0.2729544792402007,2096.8427209153497,168.91725429614215
0.1,scaD,helm,0.2793285250948253,2174.5023942081134,168.91725429614218
0.1,scaD,helm,0.28585141796844715,2255.3250658310926,168.91725429614215
0.1,scaD,helm,0.2925266337436645,2339.4479115563863,168.91725429614215
0.1,scaD,helm,0.29935772947204903,2427.014270008033,168.91725429614218
0.1,scaD,helm,0.3063483452696084,2518.1739241380437,168.91725429614218
0.1,scaD,helm,0.3135022062565112,2613.08339561393,168.9172542961422
0.1,scaD,helm,0.32082312454210776,2711.9062527073615,168.91725429614215
0.1,scaD,helm,0.3283150012563047,2814.813432300159,168.91725429614215
0.1,scaD,helm,0.3359818286283781,2921.9835766516026,168.91725429614218
0.1,scaD,helm,0.34382769211433073,3033.603385599984,168.91725429614215
0.1,scaD,helm,0.3518567725739263,3149.867984901556,168.9172542961422
0.1,scaD,helm,0.360073348498562,3270.9813114416547,168.91725429614215
0.1,scaD,helm,0.3684817982911677,3397.1565160857176,168.9172542961422
0.1,scaD,helm,0.3770866025993452,3528.61638497227,168.91725429614212
0.1,scaD,helm,0.3858923467029903,3665.593780085864,168.91725429614215
0.1,scaD,helm,0.3949037229576702,3808.33209998538,168.91725429614215
0.1,scaD,helm,0.40412553329506,3957.085761602262,168.91725429614215
0.1,scaD,helm,0.4135626917817706,4112.1207040639165,168.9172542961422
0.1,scaD,helm,0.4232202272379275,4273.714915540034,168.91725429614218
0.1,scaD,helm,0.4331032859169001,4442.158984154044,168.91725429614218
0.1,scaD,helm,0.44321713424760856,4617.756674048121,168.91725429614218
0.1,scaD,helm,0.45356716164087024,4800.825527738412,168.91725429614215
0.1,scaD,helm,0.46415888336127775,4991.697495947454,168.91725429614215
0.1,scaD,helm,0.47499794346614127,5190.71959615323,168.91725429614218
0.1,scaD,helm,0.48609011781306305,5398.254601149117,168.91725429614218
0.1,scaD,helm,0.49744131713774514,5614.68175896583,168.91725429614218
0.1,scaD,helm,0.5090575902036681,5840.3975455659765,168.91725429614212
0.1,scaD,helm,0.5209451270253211,6075.816451783815,168.91725429614212
0.1,scaD,helm,0.5331102621667033,6321.371806047414,168.91725429614218
0.1,scaD,helm,0.5455594781168515,6577.516634487563,168.91725429614215
0.1,scaD,helm,0.5582994087441919,6844.7245601079185,168.91725429614218
0.1,scaD,helm,0.571336842831558,7123.490742763903,168.91725429614212
0.1,scaD,helm,0.584678727693759,7414.3328617739935,168.91725429614218
0.1,scaD,helm,0.5983321728796283,7717.792143066146,168.91725429614215
0.1,scaD,helm,0.6123044539605184,8034.434432844523,168.91725429614215
0.1,scaD,helm,0.6266030164072656,8364.851319847745,168.91725429614218
0.1,scaD,helm,0.6412354795576917,8709.661308359227,168.91725429614218
0.1,scaD,helm,0.6562096406767555,9069.51104422316,168.91725429614218
0.1,scaD,helm,0.6715334791115142,9445.076596216528,168.91725429614215
0.1,scaD,helm,0.6872151605431122,9837.064795228443,168.91725429614212
0.1,scaD,helm,0.7032630413380644,10246.214633802865,168.91725429614215
0.1,scaD,helm,0.7196856730011514,10673.298728709904,168.91725429614218
0.1,scaD,helm,0.7364918067322965,11119.124849324115,168.91725429614218
0.1,scaD,helm,0.7536903980898542,11584.537514706386,168.91725429614218
0.1,scaD,helm,0.7712906117627992,12070.419662408754,168.91725429614212
0.1,scaD,helm,0.7893018264543568,12577.694392148642,168.91725429614218
0.1,scaD,helm,0.8077336398796711,13107.326787631679,168.91725429614218
0.1,scaD,helm,0.8265958738801813,13660.325819939993,168.91725429614212
0.1,scaD,helm,0.84589857965743,14237.746336045957,168.91725429614218
0.1,scaD,helm,0.8656520431290936,14840.6911361598,168.91725429614215
0.1,scaD,helm,0.8858667904100823,15470.313143773714,168.91725429614212
0.1,scaD,helm,0.9065535934216359,16127.817672425517,168.91725429614212
0.1,scaD,helm,0.927723475631406,16814.464793371255,168.91725429614212
0.1,scaD,helm,0.949387717927582,17531.5718085284,168.91725429614215
0.1,scaD,helm,0.9715578646301858,18280.51583323052,168.91725429614218
0.1,scaD,helm,0.9942457296427418,19062.736493520002,168.91725429614215
0.1,scaD,helm,1.0174634027476064,19879.738742898313,168.91725429614215
0.1,scaD,helm,1.0412232560483043,20733.09580365252,168.91725429614215
0.1,scaD,helm,1.0655379505623053,21624.452238083984,168.91725429614218
0.1,scaD,helm,1.0904204429677526,22555.527155179596,168.91725429614215
0.1,scaD,helm,1.115883992507748,23528.117558488506,168.91725429614218
0.1,scaD,helm,1.1419421680558648,24544.101841196923,168.91725429614215
0.1,scaD,helm,1.168608855346651,25605.44343463176,168.91725429614215
0.1,scaD,helm,1.1958982643749794,26714.194616670964,168.9172542961422
0.1,scaD,helm,1.2238249369681924,27872.500486793542,168.91725429614215
0.1,scaD,helm,1.252403754535072,29082.603114765785,168.91725429614215
0.1,scaD,helm,1.2816499459957584,30346.845870233145,168.91725429614218
0.1,scaD,helm,1.3115790958968503,31667.677940769816,168.91725429614215
0.1,scaD,helm,1.342207152716012,33047.659046229295,168.9172542961422
0.1,scaD,helm,1.3735504373605123,34489.464357540375,168.91725429614215
0.1,scaD,helm,1.405625651864215,35995.88962840344,168.91725429614218
0.1,scaD,helm,1.438449888287663,37569.85654866346,168.91725429614218
0.1,scaD,helm,1.4720406378260014,39214.41832846721,168.91725429614218
0.1,scaD,helm,1.506415800129591,40932.76552265342,168.91725429614215
0.1,scaD,helm,1.5415936928422718,42728.23210517581,168.91725429614218
0.1,scaD,helm,1.5775930613623614,44604.301803723014,168.91725429614218
0.1,scaD,helm,1.6144330888316019,46564.61470507217,168.91725429614215
0.1,scaD,helm,1.6521334063573685,48612.97414209773,168.91725429614218
0.1,scaD,helm,1.69071410347358,50753.35387375174,168.91725429614218
0.1,scaD,helm,1.7301957388458944,52989.905569739836,168.91725429614218
0.1,scaD,helm,1.770599351226898,55326.96661203554,168.91725429614218
0.1,scaD,helm,1.8119464706671222,57769.06822580388,168.91725429614215
0.1,scaD,helm,1.8542591299878524,60320.94395274691,168.91725429614215
0.1,scaD,helm,1.8975598765218504,62987.53848033636,168.91725429614218
0.1,scaD,helm,1.941871784128255,65774.01684086361,168.91725429614218
0.1,scaD,helm,1.9872184654880534,68685.77399471101,168.91725429614215
0.1,scaD,helm,2.0336240846866724,71728.44481273674,168.91725429614215
0.1,scaD,helm,2.081113370090395,74907.91447316286,168.91725429614218
0.1,scaD,helm,2.129711627523478,78230.3292888688,168.91725429614218
0.1,scaD,helm,2.1794447537529833,81702.1079815092,168.91725429614215
0.1,scaD,helm,2.2303392502884964,85329.95341940965,168.91725429614218
0.1,scaD,helm,2.2824222375040977,89120.86483673575,168.91725429614218
0.1,scaD,helm,2.3357214690901213,93082.15055198502,168.91725429614215
0.1,scaD,helm,2.3902653468423893,97221.44120441277,168.91725429614218
0.1,scaD,helm,2.446082935796798,101546.70352757724,168.91725429614215
0.1,scaD,helm,2.5032039797173256,106066.25467977126,168.91725429614218
0.1,scaD,helm,2.561658916945727,110788.77715170158,168.91725429614218
0.1,scaD,helm,2.6214788966213534,115723.33427237441,168.91725429614218
0.1,scaD,helm,2.6826957952797246,120879.38633475354,168.91725429614215
0.1,scaD,helm,2.745342233838714,126266.80736337451,168.91725429614215
0.1,scaD,helm,2.809451594981406,131895.90254672023,168.91725429614215
0.1,scaD,helm,2.8750580409448774,137777.42635778864,168.91725429614218
0.1,scaD,helm,2.942196531724374,143922.60138691543,168.91725429614215
0.1,scaD,helm,3.0109028437025924,150343.1379115532,168.9172542961422
0.1,scaD,helm,3.081213588714002,157051.25422834666,168.91725429614215
0.1,scaD,helm,3.1531662335543613,164059.69777348387,168.91725429614215
0.1,scaD,helm,3.2267991199458086,171381.7670579432,168.91725429614215
0.1,scaD,helm,3.3021514849681757,179031.33444489955,168.91725429614215
0.1,scaD,helm,3.379263481967431,187022.86979719208,168.91725429614215
0.1,scaD,helm,3.4581762019523774,195371.46502338795,168.91725429614218
0.1,scaD,helm,3.538931695490988,204092.8595516064,168.91725429614212
0.1,scaD,helm,3.6215729951180746,213203.46676089315,168.91725429614212
0.1,scaD,helm,3.706144138266228,222720.40140054913,168.91725429614218
0.1,scaD,helm,3.792690190732246,232661.50802841887,168.91725429614218
0.1,scaD,helm,3.881257270691536,243045.3904997337,168.91725429614215
0.1,scaD,helm,3.971892573273302,253891.44253868508,168.9172542961422
0.1,scaD,helm,4.064644395709628,265219.879425462,168.91725429614218
0.1,scaD,helm,4.1595621630718425,277051.7708320233,168.91725429614215
0.1,scaD,helm,4.256696454607871,289409.0748403918,168.91725429614215
0.1,scaD,helm,4.356099030694608,302314.6731777556,168.91725429614215
0.1,scaD,helm,4.457822860419706,315792.4077031273,168.91725429614215
0.1,scaD,helm,4.561922149807459,329867.11818074266,168.91725429614218
0.1,scaD,helm,4.66845237070379,344564.6813757847,168.91725429614215
0.1,scaD,helm,4.777470290335773,359912.051508388,168.9172542961422
0.1,scaD,helm,4.889034001561443,375937.3021022056,168.9172542961422
0.1,scaD,helm,5.003202953825999,392669.669264103,168.9172542961422
0.1,scaD,helm,5.120037984840887,410139.5964317795,168.91725429614218
0.1,scaD,helm,5.239601353002644,428378.78062631114,168.91725429614215
0.1,scaD,helm,5.361956770568817,447420.2202467491,168.91725429614215
0.1,scaD,helm,5.487169437608599,467298.26444397884,168.91725429614215
0.1,scaD,helm,5.615306076746273,488048.6641110645,168.91725429614215
0.1,scaD,helm,5.746434968715974,509708.62452726555,168.91725429614215
0.1,scaD,helm,5.880625988746757,532316.8596928006,168.91725429614218
0.1,scaD,helm,6.017950643797328,555913.6483912423,168.91725429614218
0.1,scaD,helm,6.158482110660261,580540.8920161674,168.91725429614215
0.1,scaD,helm,6.302295274956023,606242.1741983584,168.9172542961422
0.1,scaD,helm,6.449466771037621,633062.822269426,168.91725429614215
0.1,scaD,helm,6.600075022827088,661049.970597214,168.91725429614215
0.1,scaD,helm,6.754200285605586,690252.6258277481,168.91725429614215
0.1,scaD,helm,6.911924688779366,720721.7340678015,168.91725429614218
0.1,scaD,helm,7.073332279644439,752510.2500413702,168.91725429614215
0.1,scaD,helm,7.238509068173248,785673.2082524563,168.91725429614218
0.1,scaD,helm,7.4075430728471625,820267.7961855521,168.91725429614218
0.1,scaD,helm,7.580524367559261,856353.4295741437,168.91725429614218
0.1,scaD,helm,7.757545129612414,893991.8297663451,168.91725429614215
0.1,scaD,helm,7.9386996888382235,933247.1032154381,168.91725429614218
0.1,scaD,helm,8.124084577862966,974185.8231216803,168.91725429614218
0.1,scaD,helm,8.313798583547333,1016877.113250188,168.91725429614212
0.1,scaD,helm,8.507942799627445,1061392.7339480682,168.91725429614218
0.1,scaD,helm,8.706620680585118,1107807.1703821644,168.91725429614218
0.1,scaD,helm,8.909938096776107,1156197.723016907,168.91725429614215
0.1,scaD,helm,9.118003390845681,1206644.6003497478,168.91725429614218
0.1,scaD,helm,9.330927435461664,1259231.01391955,168.91725429614215
0.1,scaD,helm,9.548823692395656,1314043.275601051,168.91725429614215
0.1,scaD,helm,9.771808272983899,1371170.8971961634,168.91725429614215
0.1,scaD,helm,10.0,1430706.692330434,168.91725429614215
0.1,scaD,shell,0.05948892077934334,251.60520331554142,583.1873787026174
0.1,scaD,shell,0.06087810885914762,258.8532757290958,577.5610018618419
0.1,scaD,shell,0.06229973732441844,266.3353930223224,575.6236583889732
0.1,scaD,shell,0.06375456372456506,274.060077079054,575.1235510597477
0.1,scaD,shell,0.06524336329932624,282.03619286458877,575.1235510597476
0.1,scaD,shell,0.06676692939187563,290.2729632207747,575.1235510597476
0.1,scaD,shell,0.06832607387157402,298.7799843253735,575.1235510597475
0.1,scaD,shell,0.06992162756659374,307.56724184615473,575.1235510597475
0.1,scaD,shell,0.07155444070664578,316.64512782158147,575.1235510597475
0.1,scaD,shell,0.07322538337604534,326.02445830141676,575.1235510597476
0.1,scaD,shell,0.07493534597735753,335.71649178212766,575.1235510597477
0.1,scaD,shell,0.0766852397058701,345.7329484735732,575.1235510597476
0.1,scaD,shell,0.07847599703514611,356.0860304351495,575.1235510597476
0.1,scaD,shell,0.08030857221391513,366.7884426213335,575.1235510597476
0.1,scaD,shell,0.08218394177456802,377.8534148784105,575.1235510597475
0.1,scaD,shell,0.08410310505352604,389.2947249361081,575.1235510597476
0.1,scaD,shell,0.08606708472376164,401.1267224398739,575.1235510597476
0.1,scaD,shell,0.08807692733975461,413.36435407165754,575.1235510597475
0.1,scaD,shell,0.09013370389517433,426.02318980926464,575.1235510597475
0.1,scaD,shell,0.09223851039358476,439.11945037666834,575.1235510597475
0.1,scaD,shell,0.09439246843247669,452.6700359400849,575.1235510597476
0.1,scaD,shell,0.09659672580093832,466.69255610715527,575.1235510597476
0.1,scaD,shell,0.09885245709128276,481.2053612892233,575.1235510597476
0.1,scaD,shell,0.10116086432495808,496.2275754894745,575.1235510597475
0.1,scaD,shell,0.10352317759307378,511.77913058260253,575.1235510597476
0.1,scaD,shell,0.1059406557118851,527.8808021547034,575.1235510597475
0.1,scaD,shell,0.10841458689358349,544.5542469752638,575.1235510597476
0.1,scaD,shell,0.11094628943275218,561.8220421764526,575.1235510597476
0.1,scaD,shell,0.11353711240885178,579.7077262183693,575.1235510597475
0.1,scaD,shell,0.11618843640511002,598.2358417225562,575.1235510597476
0.1,scaD,shell,0.118901674244199,617.4319802598709,575.1235510597475
0.1,scaD,shell,0.1216782717410923,637.3228291827999,575.1235510597475
0.1,scaD,shell,0.12451970847350319,657.9362205964427,575.1235510597475
0.1,scaD,shell,0.12742749857031335,679.3011825667436,575.1235510597477
0.1,scaD,shell,0.13040319151841315,701.4479926690989,575.1235510597476
0.1,scaD,shell,0.13344837298838383,724.408233985231,575.1235510597477
0.1,scaD,shell,0.13656466567946096,748.2148536611834,575.1235510597475
0.1,scaD,shell,0.1397537301842291,772.9022241444886,575.1235510597475
0.1,scaD,shell,0.1430172658735088,798.5062072240203,575.1235510597475
0.1,scaD,shell,0.14635701180190797,825.0642210017159,575.1235510597476
0.1,scaD,shell,0.14977474763452,852.6153099313092,575.1235510597476
0.1,scaD,shell,0.15327229459526134,881.2002180654281,575.1235510597475
0.1,scaD,shell,0.1568515164373548,910.8614656589223,575.1235510597475
0.1,scaD,shell,0.16051432043647615,941.6434292830993,575.1235510597477
0.1,scaD,shell,0.16426265840709303,973.5924256126401,575.1235510597477
0.1,scaD,shell,0.16809852774253636,1006.7567990544062,575.1235510597476
0.1,scaD,shell,0.1720239724793599,1041.187013395133,575.1235510597476
0.1,scaD,shell,0.17604108438655525,1076.9357476531384,575.1235510597473
0.1,scaD,shell,0.18015200408020238,1114.0579963276577,575.1235510597475
0.1,scaD,shell,0.1843589221641488,1152.611174248301,575.1235510597476
0.1,scaD,shell,0.18866408039732582,1192.655226236432,575.1235510597475
0.1,scaD,shell,0.19306977288832497,1234.2527417999759,575.1235510597475
0.1,scaD,shell,0.19757834731786994,1277.4690750932941,575.1235510597475
0.1,scaD,shell,0.20219220618983536,1322.3724703843864,575.1235510597475
0.1,scaD,shell,0.20691380811147903,1369.0341932827605,575.1235510597476
0.1,scaD,shell,0.21174566910357118,1417.5286679929263,575.1235510597476
0.1,scaD,shell,0.2166903639411181,1467.9336208705438,575.1235510597473
0.1,scaD,shell,0.22175052752539318,1520.3302305709306,575.1235510597476
0.1,scaD,shell,0.2269288562880081,1574.803285092874,575.1235510597475
0.1,scaD,shell,0.23222810962777246,1631.4413460345095,575.1235510597475
0.1,scaD,shell,0.23765111138110728,1690.3369203924724,575.1235510597476
0.1,scaD,shell,0.24320075132679475,1751.586640250612,575.1235510597475
0.1,scaD,shell,0.24887998672586673,1815.2914507203445,575.1235510597476
0.1,scaD,shell,0.25469184389745403,1881.5568065112132,575.1235510597475
0.1,scaD,shell,0.26063941983143474,1950.492877527408,575.1235510597476
0.1,scaD,shell,0.2667258838387405,2022.214763903988,575.1235510597477
0.1,scaD,shell,0.2729544792402007,2096.8427209153497,575.1235510597476
0.1,scaD,shell,0.2793285250948253,2174.5023942081134,575.1235510597475
0.1,scaD,shell,0.28585141796844715,2255.3250658310926,575.1235510597475
0.1,scaD,shell,0.2925266337436645,2339.4479115563863,575.1235510597476
0.1,scaD,shell,0.29935772947204903,2427.014270008033,575.1235510597473
0.1,scaD,shell,0.3063483452696084,2518.1739241380437,575.1235510597476
0.1,scaD,shell,0.3135022062565112,2613.08339561393,575.1235510597477
0.1,scaD,shell,0.32082312454210776,2711.9062527073615,575.1235510597476
0.1,scaD,shell,0.3283150012563047,2814.813432300159,575.1235510597476
0.1,scaD,shell,0.3359818286283781,2921.9835766516026,575.1235510597473
0.1,scaD,shell,0.34382769211433073,3033.603385599984,575.1235510597476
0.1,scaD,shell,0.3518567725739263,3149.867984901556,575.1235510597477
0.1,scaD,shell,0.360073348498562,3270.9813114416547,575.1235510597476
0.1,scaD,shell,0.3684817982911677,3397.1565160857176,575.1235510597476
0.1,scaD,shell,0.3770866025993452,3528.61638497227,575.1235510597476
0.1,scaD,shell,0.3858923467029903,3665.593780085864,575.1235510597475
0.1,scaD,shell,0.3949037229576702,3808.33209998538,575.1235510597476
0.1,scaD,shell,0.40412553329506,3957.085761602262,575.1235510597477
0.1,scaD,shell,0.4135626917817706,4112.1207040639165,575.1235510597477
0.1,scaD,shell,0.4232202272379275,4273.714915540034,575.1235510597476
0.1,scaD,shell,0.4331032859169001,4442.158984154044,575.1235510597476
0.1,scaD,shell,0.44321713424760856,4617.756674048121,575.1235510597476
0.1,scaD,shell,0.45356716164087024,4800.825527738412,575.1235510597476
0.1,scaD,shell,0.46415888336127775,4991.697495947454,575.1235510597477
0.1,scaD,shell,0.47499794346614127,5190.71959615323,575.1235510597476
0.1,scaD,shell,0.48609011781306305,5398.254601149117,575.1235510597475
0.1,scaD,shell,0.49744131713774514,5614.68175896583,575.1235510597475
0.1,scaD,shell,0.5090575902036681,5840.3975455659765,575.1235510597476
0.1,scaD,shell,0.5209451270253211,6075.816451783815,575.1235510597476
0.1,scaD,shell,0.5331102621667033,6321.371806047414,575.1235510597475
0.1,scaD,shell,0.5455594781168515,6577.516634487563,575.1235510597475
0.1,scaD,shell,0.5582994087441919,6844.7245601079185,575.1235510597476
0.1,scaD,shell,0.571336842831558,7123.490742763903,575.1235510597476
0.1,scaD,shell,0.584678727693759,7414.3328617739935,575.1235510597475
0.1,scaD,shell,0.5983321728796283,7717.792143066146,575.1235510597476
0.1,scaD,shell,0.6123044539605184,8034.434432844523,575.1235510597476
0.1,scaD,shell,0.6266030164072656,8364.851319847745,575.1235510597476
0.1,scaD,shell,0.6412354795576917,8709.661308359227,575.1235510597475
0.1,scaD,shell,0.6562096406767555,9069.51104422316,575.1235510597476
0.1,scaD,shell,0.6715334791115142,9445.076596216528,575.1235510597475
0.1,scaD,shell,0.6872151605431122,9837.064795228443,575.1235510597475
0.1,scaD,shell,0.7032630413380644,10246.214633802865,575.1235510597475
0.1,scaD,shell,0.7196856730011514,10673.298728709904,575.1235510597476
0.1,scaD,shell,0.7364918067322965,11119.124849324115,575.1235510597475
0.1,scaD,shell,0.7536903980898542,11584.537514706386,575.1235510597476
0.1,scaD,shell,0.7712906117627992,12070.419662408754,575.1235510597477
0.1,scaD,shell,0.7893018264543568,12577.694392148642,575.1235510597476
0.1,scaD,shell,0.8077336398796711,13107.326787631679,575.1235510597476
0.1,scaD,shell,0.8265958738801813,13660.325819939993,575.1235510597476
0.1,scaD,shell,0.84589857965743,14237.746336045957,575.1235510597476
0.1,scaD,shell,0.8656520431290936,14840.6911361598,575.1235510597476
0.1,scaD,shell,0.8858667904100823,15470.313143773714,575.1235510597477
0.1,scaD,shell,0.9065535934216359,16127.817672425517,575.1235510597476
0.1,scaD,shell,0.927723475631406,16814.464793371255,575.1235510597476
0.1,scaD,shell,0.949387717927582,17531.5718085284,575.1235510597475
0.1,scaD,shell,0.9715578646301858,18280.51583323052,575.1235510597476
0.1,scaD,shell,0.9942457296427418,19062.736493520002,575.1235510597476
0.1,scaD,shell,1.0174634027476064,19879.738742898313,575.1235510597477
0.1,scaD,shell,1.0412232560483043,20733.09580365252,575.1235510597475
0.1,scaD,shell,1.0655379505623053,21624.452238083984,575.1235510597476
0.1,scaD,shell,1.0904204429677526,22555.527155179596,575.1235510597477
0.1,scaD,shell,1.115883992507748,23528.117558488506,575.1235510597477
0.1,scaD,shell,1.1419421680558648,24544.101841196923,575.1235510597475
0.1,scaD,shell,1.168608855346651,25605.44343463176,575.1235510597476
0.1,scaD,shell,1.1958982643749794,26714.194616670964,575.1235510597476
0.1,scaD,shell,1.2238249369681924,27872.500486793542,575.1235510597476
0.1,scaD,shell,1.252403754535072,29082.603114765785,575.1235510597476
0.1,scaD,shell,1.2816499459957584,30346.845870233145,575.1235510597476
0.1,scaD,shell,1.3115790958968503,31667.677940769816,575.1235510597475
0.1,scaD,shell,1.342207152716012,33047.659046229295,575.1235510597476
0.1,scaD,shell,1.3735504373605123,34489.464357540375,575.1235510597476
0.1,scaD,shell,1.405625651864215,35995.88962840344,575.1235510597475
0.1,scaD,shell,1.438449888287663,37569.85654866346,575.1235510597476
0.1,scaD,shell,1.4720406378260014,39214.41832846721,575.1235510597476
0.1,scaD,shell,1.506415800129591,40932.76552265342,575.1235510597476
0.1,scaD,shell,1.5415936928422718,42728.23210517581,575.1235510597475
0.1,scaD,shell,1.5775930613623614,44604.301803723014,575.1235510597475
0.1,scaD,shell,1.6144330888316019,46564.61470507217,575.1235510597476
0.1,scaD,shell,1.6521334063573685,48612.97414209773,575.1235510597475
0.1,scaD,shell,1.69071410347358,50753.35387375174,575.1235510597475
0.1,scaD,shell,1.7301957388458944,52989.905569739836,575.1235510597476
0.1,scaD,shell,1.770599351226898,55326.96661203554,575.1235510597476
0.1,scaD,shell,1.8119464706671222,57769.06822580388,575.1235510597475
0.1,scaD,shell,1.8542591299878524,60320.94395274691,575.1235510597476
0.1,scaD,shell,1.8975598765218504,62987.53848033636,575.1235510597476
0.1,scaD,shell,1.941871784128255,65774.01684086361,575.1235510597475
0.1,scaD,shell,1.9872184654880534,68685.77399471101,575.1235510597476
0.1,scaD,shell,2.0336240846866724,71728.44481273674,575.1235510597473
0.1,scaD,shell,2.081113370090395,74907.91447316286,575.1235510597477
0.1,scaD,shell,2.129711627523478,78230.3292888688,575.1235510597476
0.1,scaD,shell,2.1794447537529833,81702.1079815092,575.1235510597477
0.1,scaD,shell,2.2303392502884964,85329.95341940965,575.1235510597475
0.1,scaD,shell,2.2824222375040977,89120.86483673575,575.1235510597476
0.1,scaD,shell,2.3357214690901213,93082.15055198502,575.1235510597476
0.1,scaD,shell,2.3902653468423893,97221.44120441277,575.1235510597476
0.1,scaD,shell,2.446082935796798,101546.70352757724,575.1235510597476
0.1,scaD,shell,2.5032039797173256,106066.25467977126,575.1235510597475
0.1,scaD,shell,2.561658916945727,110788.77715170158,575.1235510597475
0.1,scaD,shell,2.6214788966213534,115723.33427237441,575.1235510597476
0.1,scaD,shell,2.6826957952797246,120879.38633475354,575.1235510597475
0.1,scaD,shell,2.745342233838714,126266.80736337451,575.1235510597475
0.1,scaD,shell,2.809451594981406,131895.90254672023,575.1235510597475
0.1,scaD,shell,2.8750580409448774,137777.42635778864,575.1235510597476
0.1,scaD,shell,2.942196531724374,143922.60138691543,575.1235510597476
0.1,scaD,shell,3.0109028437025924,150343.1379115532,575.1235510597475
0.1,scaD,shell,3.081213588714002,157051.25422834666,575.1235510597476
0.1,scaD,shell,3.1531662335543613,164059.69777348387,575.1235510597477
0.1,scaD,shell,3.2267991199458086,171381.7670579432,575.1235510597475
0.1,scaD,shell,3.3021514849681757,179031.33444489955,575.1235510597475
0.1,scaD,shell,3.379263481967431,187022.86979719208,575.1235510597476
0.1,scaD,shell,3.4581762019523774,195371.46502338795,575.1235510597476
0.1,scaD,shell,3.538931695490988,204092.8595516064,575.1235510597476
0.1,scaD,shell,3.6215729951180746,213203.46676089315,575.1235510597476
0.1,scaD,shell,3.706144138266228,222720.40140054913,575.1235510597476
0.1,scaD,shell,3.792690190732246,232661.50802841887,575.1235510597476
0.1,scaD,shell,3.881257270691536,243045.3904997337,575.1235510597476
0.1,scaD,shell,3.971892573273302,253891.44253868508,575.1235510597475
0.1,scaD,shell,4.064644395709628,265219.879425462,575.1235510597476
0.1,scaD,shell,4.1595621630718425,277051.7708320233,575.1235510597477
0.1,scaD,shell,4.256696454607871,289409.0748403918,575.1235510597476
0.1,scaD,shell,4.356099030694608,302314.6731777556,575.1235510597476
0.1,scaD,shell,4.457822860419706,315792.4077031273,575.1235510597476
0.1,scaD,shell,4.561922149807459,329867.11818074266,575.1235510597476
0.1,scaD,shell,4.66845237070379,344564.6813757847,575.1235510597476
0.1,scaD,shell,4.777470290335773,359912.051508388,575.1235510597476
0.1,scaD,shell,4.889034001561443,375937.3021022056,575.1235510597476
0.1,scaD,shell,5.003202953825999,392669.669264103,575.1235510597476
0.1,scaD,shell,5.120037984840887,410139.5964317795,575.1235510597477
0.1,scaD,shell,5.239601353002644,428378.78062631114,575.1235510597475
0.1,scaD,shell,5.361956770568817,447420.2202467491,575.1235510597476
0.1,scaD,shell,5.487169437608599,467298.26444397884,575.1235510597476
0.1,scaD,shell,5.615306076746273,488048.6641110645,575.1235510597476
0.1,scaD,shell,5.746434968715974,509708.62452726555,575.1235510597475
0.1,scaD,shell,5.880625988746757,532316.8596928006,575.1235510597476
0.1,scaD,shell,6.017950643797328,555913.6483912423,575.1235510597476
0.1,scaD,shell,6.158482110660261,580540.8920161674,575.1235510597476
0.1,scaD,shell,6.302295274956023,606242.1741983584,575.1235510597476
0.1,scaD,shell,6.449466771037621,633062.822269426,575.1235510597477
0.1,scaD,shell,6.600075022827088,661049.970597214,575.1235510597473
0.1,scaD,shell,6.754200285605586,690252.6258277481,575.1235510597475
0.1,scaD,shell,6.911924688779366,720721.7340678015,575.1235510597475
0.1,scaD,shell,7.073332279644439,752510.2500413702,575.1235510597475
0.1,scaD,shell,7.238509068173248,785673.2082524563,575.1235510597476
0.1,scaD,shell,7.4075430728471625,820267.7961855521,575.1235510597476
0.1,scaD,shell,7.580524367559261,856353.4295741437,575.1235510597476
0.1,scaD,shell,7.757545129612414,893991.8297663451,575.1235510597476
0.1,scaD,shell,7.9386996888382235,933247.1032154381,575.1235510597476
0.1,scaD,shell,8.124084577862966,974185.8231216803,575.1235510597475
0.1,scaD,shell,8.313798583547333,1016877.113250188,575.1235510597475
0.1,scaD,shell,8.507942799627445,1061392.7339480682,575.1235510597476
0.1,scaD,shell,8.706620680585118,1107807.1703821644,575.1235510597475
0.1,scaD,shell,8.909938096776107,1156197.723016907,575.1235510597476
0.1,scaD,shell,9.118003390845681,1206644.6003497478,575.1235510597476
0.1,scaD,shell,9.330927435461664,1259231.01391955,575.1235510597476
0.1,scaD,shell,9.548823692395656,1314043.275601051,575.1235510597476
0.1,scaD,shell,9.771808272983899,1371170.8971961634,575.1235510597475
0.1,scaD,shell,10.0,1430706.692330434,575.1235510597477
1.0,const,helm,0.007802442493165045,251.83974153390602,359.49973932887866
1.0,const,helm,0.007984645497739086,257.7433475979593,353.8508375507727
1.0,const,helm,0.008171103315457203,263.7858841834967,351.00529481628797
1.0,const,helm,0.008361915304916317,269.97064611323583,349.9387716644758
1.0,const,helm,0.008557183144940002,276.3010075366261,349.93474144588436
1.0,const,helm,0.008757010888760509,282.78042389496926,349.9347414458844
1.0,const,helm,0.00896150501946605,289.41243393774965,349.9347414458844
1.0,const,helm,0.00917077450674293,296.20066179162257,349.9347414458844
1.0,const,helm,0.009384930864942721,303.1488190835526,349.93474144588436
1.0,const,helm,0.009604088212505378,310.2607071196392,349.9347414458844
1.0,const,helm,0.00982836333277003,317.5402191212217,349.9347414458844
1.0,const,helm,0.010057875736205835,324.99134251990205,349.93474144588447
1.0,const,helm,0.010292747724096083,332.6181613131784,349.93474144588436
1.0,const,helm,0.01053310445370937,340.42485848243194,349.93474144588447
1.0,const,helm,0.01077907400499273,348.41571847507595,349.93474144588447
1.0,const,helm,0.011030787448822152,356.59512975272384,349.9347414458844
1.0,const,helm,0.011288378916846888,364.96758740729905,349.9347414458844
1.0,const,helm,0.011551985672964792,373.5376958470736,349.93474144588447
1.0,const,helm,0.011821748186466717,382.3101715546823,349.9347414458844
1.0,const,helm,0.012097810206889013,391.2898459192316,349.93474144588447
1.0,const,helm,0.012380318840613974,400.4816681446901,349.9347414458844
1.0,const,helm,0.012669424629259064,409.8907082368211,349.93474144588436
1.0,const,helm,0.012965281629896682,419.522160070992,349.93474144588436
1.0,const,helm,0.013268047497147245,429.38134454327417,349.9347414458844
1.0,const,helm,0.013577883567189284,439.4737128073284,349.9347414458844
1.0,const,helm,0.013894954943731374,449.8048495996547,349.93474144588447
1.0,const,helm,0.014219430585991668,460.3804766558718,349.9347414458844
1.0,const,helm,0.014551483398731937,471.2064562207837,349.9347414458844
1.0,const,helm,0.014891290324394095,482.2887946550854,349.9347414458844
1.0,const,helm,0.015239032437388288,493.6336461416536,349.9347414458844
1.0,const,helm,0.015594895040582823,505.2473164944762,349.93474144588447
1.0,const,helm,0.01595906776404731,517.136267073372,349.9347414458844
1.0,const,helm,0.016331744666101676,529.3071188077698,349.9347414458844
1.0,const,helm,0.016713124336724876,541.7666563329217,349.9347414458844
1.0,const,helm,0.017103410003378405,554.5218322420498,349.9347414458844
1.0,const,helm,0.017502809639301013,567.5797714580449,349.9347414458844
1.0,const,helm,0.01791153607433231,580.9477757284635,349.9347414458844
1.0,const,helm,0.018329807108324356,594.6333282477045,349.9347414458844
1.0,const,helm,0.018757845627201602,608.6440984103781,349.93474144588447
1.0,const,helm,0.01919587972173111,622.9879467000335,349.9347414458844
1.0,const,helm,0.019644142809066276,637.6729297175486,349.93474144588447
1.0,const,helm,0.020102873757128856,652.7073053536499,349.93474144588447
1.0,const,helm,0.02057231701189556,668.0995381101811,349.93474144588447
1.0,const,helm,0.02105272272765707,683.8583045749216,349.9347414458844
1.0,const,helm,0.021544346900318832,699.9924990549086,349.93474144588447
1.0,const,helm,0.022047451503814746,716.5112393734205,349.9347414458844
1.0,const,helm,0.02256230462970634,733.423872835949,349.9347414458844
1.0,const,helm,0.023089180630041926,750.7399823706942,349.93474144588436
1.0,const,helm,0.023628360263551765,768.4693928493151,349.93474144588436
1.0,const,helm,0.024180130845257206,786.622177593883,349.9347414458844
1.0,const,helm,0.024744786399573514,805.2086650762034,349.9347414458844
1.0,const,helm,0.025322627816987946,824.2394458159044,349.93474144588436
1.0,const,helm,0.025913963014396586,843.7253794839254,349.9347414458844
1.0,const,helm,0.02651910709918538,863.6776022182902,349.93474144588447
1.0,const,helm,0.027138382537142788,884.1075341593098,349.9347414458844
1.0,const,helm,0.02777211932429355,905.0268872116233,349.93474144588447
1.0,const,helm,0.028420655162745122,926.4476730407745,349.9347414458844
1.0,const,helm,0.029084335640640478,948.3822113123072,349.9347414458844
1.0,const,helm,0.029763514416313176,970.8431381816689,349.93474144588447
1.0,const,helm,0.03045855340674284,993.8434150435318,349.9347414458844
1.0,const,helm,0.03116982298041145,1017.3963375494681,349.9347414458844
1.0,const,helm,0.03189770215466321,1041.5155449032568,349.9347414458844
1.0,const,helm,0.03264257879767322,1066.21502944347,349.9347414458844
1.0,const,helm,0.03340484983513244,1091.5091465233431,349.9347414458844
1.0,const,helm,0.03418492146175929,1117.4126246983337,349.93474144588447
1.0,const,helm,0.03498320935775036,1143.9405762321826,349.9347414458844
1.0,const,helm,0.035800138910285786,1171.1085079326965,349.9347414458844
1.0,const,helm,0.036636145440207164,1198.932332328931,349.9347414458844
1.0,const,helm,0.037491674433988875,1227.4283792018978,349.9347414458844
1.0,const,helm,0.03836718178112645,1256.613407481412,349.9347414458844
1.0,const,helm,0.03926313401706837,1286.5046175221685,349.9347414458844
1.0,const,helm,0.04018000857182091,1317.1196637726975,349.93474144588436
1.0,const,helm,0.04111829402435831,1348.4766678513447,349.93474144588436
1.0,const,helm,0.04207849036297403,1380.5942320440236,349.9347414458844
1.0,const,helm,0.043061109251711714,1413.491453239057,349.9347414458844
1.0,const,helm,0.04406667430301786,1447.1879373150448,349.9347414458844
1.0,const,helm,0.045095721356761466,1481.7038139983363,349.93474144588447
1.0,const,helm,0.04614879876576939,1517.0597522073529,349.93474144588436
1.0,const,helm,0.047226467688029516,1553.2769759017037,349.9347414458844
1.0,const,helm,0.04832930238571752,1590.3772804547682,349.9347414458844
1.0,const,helm,0.049457890531206423,1628.3830495691627,349.93474144588447
1.0,const,helm,0.05061283352022219,1667.3172727553272,349.93474144588436
1.0,const,helm,0.0517947467923121,1707.2035633942637,349.9347414458844
1.0,const,helm,0.05300426015879673,1748.066177406335,349.93474144588436
1.0,const,helm,0.05424201813838027,1789.9300325489394,349.9347414458844
1.0,const,helm,0.05550868030059805,1832.8207283667814,349.93474144588436
1.0,const,helm,0.05680492161728426,1876.764566819481,349.9347414458843
1.0,const,helm,0.058131432822247135,1921.788573612248,349.9347414458844
1.0,const,helm,0.05948892077934334,1967.9205202564342,349.93474144588436
1.0,const,helm,0.06087810885914762,2015.1889468878749,349.9347414458843
1.0,const,helm,0.06229973732441844,2063.6231858721035,349.9347414458844
1.0,const,helm,0.06375456372456506,2113.2533862267287,349.93474144588436
1.0,const,helm,0.06524336329932624,2164.1105388925166,349.9347414458844
1.0,const,helm,0.06676692939187563,2216.22650288606,349.93474144588436
1.0,const,helm,0.06832607387157402,2269.6340323682884,349.93474144588436
1.0,const,helm,0.06992162756659374,2324.3668046644793,349.9347414458844
1.0,const,helm,0.07155444070664578,2380.4594492729984,349.9347414458844
1.0,const,helm,0.07322538337604534,2437.947577901481,349.93474144588436
1.0,const,helm,0.07493534597735753,2496.8678155708753,349.93474144588447
1.0,const,helm,0.0766852397058701,2557.2578328294294,349.9347414458844
1.0,const,helm,0.07847599703514611,2619.1563791205076,349.93474144588447
1.0,const,helm,0.08030857221391513,2682.6033173499704,349.9347414458844
1.0,const,helm,0.08218394177456802,2747.639659700818,349.93474144588447
1.0,const,helm,0.08410310505352604,2814.3076047447953,349.9347414458844
1.0,const,helm,0.08606708472376164,2882.650575902809,349.9347414458844
1.0,const,helm,0.08807692733975461,2952.7132613081885,349.93474144588436
1.0,const,helm,0.09013370389517433,3024.5416551291655,349.93474144588436
1.0,const,helm,0.09223851039358476,3098.1831004093337,349.93474144588447
1.0,const,helm,0.09439246843247669,3173.6863334873797,349.93474144588447
1.0,const,helm,0.09659672580093832,3251.101530060016,349.93474144588447
1.0,const,helm,0.09885245709128276,3330.4803529547967,349.93474144588436
1.0,const,helm,0.10116086432495808,3411.8760016823308,349.93474144588436
1.0,const,helm,0.10352317759307378,3495.3432638404724,349.93474144588436
1.0,const,helm,0.1059406557118851,3580.938568446148,349.9347414458844
1.0,const,helm,0.10841458689358349,3668.7200412737343,349.93474144588447
1.0,const,helm,0.11094628943275218,3758.7475622824086,349.9347414458844
1.0,const,helm,0.11353711240885178,3851.0828252183583,349.9347414458844
1.0,const,helm,0.11618843640511002,3945.7893994815036,349.93474144588436
1.0,const,helm,0.118901674244199,4042.9327943502913,349.9347414458845
1.0,const,helm,0.1216782717410923,4142.580525662184,349.93474144588447
1.0,const,helm,0.12451970847350319,4244.8021850516925,349.9347414458844
1.0,const,helm,0.12742749857031335,4349.669511852246,349.93474144588447
1.0,const,helm,0.13040319151841315,4457.256467772808,349.9347414458845
1.0,const,helm,0.13344837298838383,4567.6393144650565,349.9347414458844
1.0,const,helm,0.13656466567946096,4680.896694101927,349.9347414458844
1.0,const,helm,0.1397537301842291,4797.109713093591,349.93474144588447
1.0,const,helm,0.1430172658735088,4916.362029072513,349.93474144588436
1.0,const,helm,0.14635701180190797,5038.739941284984,349.93474144588436
1.0,const,helm,0.14977474763452,5164.332484532517,349.93474144588447
1.0,const,helm,0.15327229459526134,5293.231526812747,349.9347414458843
1.0,const,helm,0.1568515164373548,5425.531870816112,349.93474144588447
1.0,const,helm,0.16051432043647615,5561.331359441448,349.9347414458843
1.0,const,helm,0.16426265840709303,5700.730985500728,349.93474144588447
1.0,const,helm,0.16809852774253636,5843.835005790681,349.9347414458844
1.0,const,helm,0.1720239724793599,5990.751059716868,349.9347414458844
1.0,const,helm,0.17604108438655525,6141.590292663976,349.93474144588436
1.0,const,helm,0.18015200408020238,6296.46748431453,349.9347414458844
1.0,const,helm,0.1843589221641488,6455.501182127197,349.9347414458844
1.0,const,helm,0.18866408039732582,6618.8138401950955,349.93474144588447
1.0,const,helm,0.19306977288832497,6786.531963714364,349.9347414458844
1.0,const,helm,0.19757834731786994,6958.786259303235,349.93474144588447
1.0,const,helm,0.20219220618983536,7135.711791422508,349.9347414458844
1.0,const,helm,0.20691380811147903,7317.448145159404,349.93474144588436
1.0,const,helm,0.21174566910357118,7504.139595648363,349.9347414458844
1.0,const,helm,0.2166903639411181,7695.935284414364,349.93474144588436
1.0,const,helm,0.22175052752539318,7892.989402936876,349.93474144588436
1.0,const,helm,0.2269288562880081,8095.461383745902,349.93474144588447
1.0,const,helm,0.23222810962777246,8303.516099375152,349.93474144588447
1.0,const,helm,0.23765111138110728,8517.324069511847,349.93474144588447
1.0,const,helm,0.24320075132679475,8737.061676697473,349.9347414458844
1.0,const,helm,0.24887998672586673,8962.91139094961,349.93474144588436
1.0,const,helm,0.25469184389745403,9195.062003691322,349.9347414458844
1.0,const,helm,0.26063941983143474,9433.708871391442,349.93474144588436
1.0,const,helm,0.2667258838387405,9679.054169337072,349.93474144588436
1.0,const,helm,0.2729544792402007,9931.307155978107,349.93474144588447
1.0,const,helm,0.2793285250948253,10190.68444830313,349.93474144588447
1.0,const,helm,0.28585141796844715,10457.410308726121,349.93474144588447
1.0,const,helm,0.2925266337436645,10731.716943984637,349.9347414458844
1.0,const,helm,0.29935772947204903,11013.844816572138,349.93474144588436
1.0,const,helm,0.3063483452696084,11304.042969250413,349.93474144588447
1.0,const,helm,0.3135022062565112,11602.569363211715,349.9347414458844
1.0,const,helm,0.32082312454210776,11909.691230485578,349.9347414458844
1.0,const,helm,0.3283150012563047,12225.685441211372,349.93474144588436
1.0,const,helm,0.3359818286283781,12550.838886425092,349.9347414458844
1.0,const,helm,0.34382769211433073,12885.448877037279,349.9347414458844
1.0,const,helm,0.3518567725739263,13229.823559708633,349.9347414458844
1.0,const,helm,0.360073348498562,13584.282350361145,349.93474144588436
1.0,const,helm,0.3684817982911677,13949.156386094915,349.9347414458843
1.0,const,helm,0.3770866025993452,14324.788996314417,349.93474144588436
1.0,const,helm,0.3858923467029903,14711.536193903372,349.93474144588436
1.0,const,helm,0.3949037229576702,15109.767187324122,349.9347414458844
1.0,const,helm,0.40412553329506,15519.864914555776,349.93474144588436
1.0,const,helm,0.4135626917817706,15942.226599825346,349.9347414458844
1.0,const,helm,0.4232202272379275,16377.264334127649,349.9347414458844
1.0,const,helm,0.4331032859169001,16825.405680573425,349.9347414458844
1.0,const,helm,0.44321713424760856,17287.09430565052,349.9347414458844
1.0,const,helm,0.45356716164087024,17762.790637529943,349.9347414458844
1.0,const,helm,0.46415888336127775,18252.972552598065,349.9347414458844
1.0,const,helm,0.47499794346614127,18758.136091447577,349.9347414458844
1.0,const,helm,0.48609011781306305,19278.796205613417,349.9347414458844
1.0,const,helm,0.49744131713774514,19815.487536395536,349.93474144588436
1.0,const,helm,0.5090575902036681,20368.765227168467,349.9347414458844
1.0,const,helm,0.5209451270253211,20939.20577063833,349.9347414458844
1.0,const,helm,0.5331102621667033,21527.4078925712,349.9347414458844
1.0,const,helm,0.5455594781168515,22133.99347358211,349.9347414458844
1.0,const,helm,0.5582994087441919,22759.608510642713,349.9347414458844
1.0,const,helm,0.571336842831558,23404.92412003669,349.9347414458844
1.0,const,helm,0.584678727693759,24070.63758356682,349.9347414458844
1.0,const,helm,0.5983321728796283,24757.473439894376,349.93474144588436
1.0,const,helm,0.6123044539605184,25466.184622972112,349.9347414458844
1.0,const,helm,0.6266030164072656,26197.553649616188,349.93474144588436
1.0,const,helm,0.6412354795576917,26952.393858349616,349.93474144588436
1.0,const,helm,0.6562096406767555,27731.550701740336,349.9347414458844
1.0,const,helm,0.6715334791115142,28535.903094551544,349.9347414458844
1.0,const,helm,0.6872151605431122,29366.364820120325,349.93474144588436
1.0,const,helm,0.7032630413380644,30223.885997483172,349.93474144588436
1.0,const,helm,0.7196856730011514,31109.454611872567,349.93474144588447
1.0,const,helm,0.7364918067322965,32024.09811132006,349.93474144588436
1.0,const,helm,0.7536903980898542,32968.885072215795,349.9347414458843
1.0,const,helm,0.7712906117627992,33944.9269367947,349.9347414458844
1.0,const,helm,0.7893018264543568,34953.37982564298,349.9347414458846
1.0,const,helm,0.8077336398796711,35995.44642844792,349.93474144588447
1.0,const,helm,0.8265958738801813,37072.37797634852,349.9347414458844
1.0,const,helm,0.84589857965743,38185.47629938364,349.9347414458844
1.0,const,helm,0.8656520431290936,39336.09597267912,349.93474144588436
1.0,const,helm,0.8858667904100823,40525.64655516523,349.93474144588436
1.0,const,helm,0.9065535934216359,41755.59492477256,349.93474144588436
1.0,const,helm,0.927723475631406,43027.467714216415,349.9347414458844
1.0,const,helm,0.949387717927582,44342.85385164731,349.93474144588436
1.0,const,helm,0.9715578646301858,45703.407210619844,349.93474144588436
1.0,const,helm,0.9942457296427418,47110.84937401341,349.93474144588447
1.0,const,helm,1.0174634027476064,48566.97251672581,349.93474144588436
1.0,const,helm,1.0412232560483043,50073.642412155285,349.93474144588447
1.0,const,helm,1.0655379505623053,51632.8015676875,349.93474144588436
1.0,const,helm,1.0904204429677526,53246.47249461407,349.9347414458844
1.0,const,helm,1.115883992507748,54916.76111812523,349.9347414458844
1.0,const,helm,1.1419421680558648,56645.860333243516,349.93474144588436
1.0,const,helm,1.168608855346651,58436.053712796645,349.9347414458844
1.0,const,helm,1.1958982643749794,60289.71937376944,349.9347414458844
1.0,const,helm,1.2238249369681924,62209.33400862286,349.9347414458845
1.0,const,helm,1.252403754535072,64197.47708842497,349.9347414458844
1.0,const,helm,1.2816499459957584,66256.83524490458,349.9347414458844
1.0,const,helm,1.3115790958968503,68390.2068388142,349.9347414458843
1.0,const,helm,1.342207152716012,70600.50672227272,349.9347414458845
1.0,const,helm,1.3735504373605123,72890.77120305154,349.93474144588447
1.0,const,helm,1.405625651864215,75264.16321907102,349.9347414458844
1.0,const,helm,1.438449888287663,77723.97773168741,349.9347414458844
1.0,const,helm,1.4720406378260014,80273.6473466739,349.93474144588447
1.0,const,helm,1.506415800129591,82916.7481721318,349.9347414458844
1.0,const,helm,1.5415936928422718,85657.00592291096,349.9347414458844
1.0,const,helm,1.5775930613623614,88498.30228147346,349.93474144588436
1.0,const,helm,1.6144330888316019,91444.68152549953,349.9347414458844
1.0,const,helm,1.6521334063573685,94500.35743290957,349.93474144588436
1.0,const,helm,1.69071410347358,97669.72047536144,349.9347414458844
1.0,const,helm,1.7301957388458944,100957.34531168207,349.9347414458844
1.0,const,helm,1.770599351226898,104367.99859309995,349.93474144588436
1.0,const,helm,1.8119464706671222,107906.6470925654,349.9347414458844
1.0,const,helm,1.8542591299878524,111578.46617087562,349.93474144588447
1.0,const,helm,1.8975598765218504,115388.84859276572,349.9347414458844
1.0,const,helm,1.941871784128255,119343.41370658204,349.9347414458844
1.0,const,helm,1.9872184654880534,123448.01700161726,349.9347414458844
1.0,const,helm,2.0336240846866724,127708.76005766467,349.9347414458844
1.0,const,helm,2.081113370090395,132132.00090183833,349.9347414458844
1.0,const,helm,2.129711627523478,136724.3647882061,349.9347414458844
1.0,const,helm,2.1794447537529833,141492.75541629145,349.93474144588436
1.0,const,helm,2.2303392502884964,146444.36660502237,349.9347414458844
1.0,const,helm,2.2824222375040977,151586.69443923965,349.93474144588436
1.0,const,helm,2.3357214690901213,156927.54990642116,349.9347414458844
1.0,const,helm,2.3902653468423893,162475.0720418295,349.9347414458844
1.0,const,helm,2.446082935796798,168237.74160085595,349.9347414458844
1.0,const,helm,2.5032039797173256,174224.39527790734,349.93474144588436
1.0,const,helm,2.561658916945727,180444.24049176666,349.93474144588447
1.0,const,helm,2.6214788966213534,186906.87075794727,349.93474144588436
1.0,const,helm,2.6826957952797246,193622.28166916035,349.9347414458844
1.0,const,helm,2.745342233838714,200600.88750562537,349.9347414458844
1.0,const,helm,2.809451594981406,207853.53849756712,349.9347414458844
1.0,const,helm,2.8750580409448774,215391.53876286282,349.93474144588436
1.0,const,helm,2.942196531724374,223226.66494342746,349.93474144588436
1.0,const,helm,3.0109028437025924,231371.18556456032,349.93474144588436
1.0,const,helm,3.081213588714002,239837.88114210876,349.9347414458844
1.0,const,helm,3.1531662335543613,248640.06506294242,349.93474144588447
1.0,const,helm,3.2267991199458086,257791.6052648664,349.9347414458844
1.0,const,helm,3.3021514849681757,267306.94674274616,349.93474144588436
1.0,const,helm,3.379263481967431,277201.1349082536,349.93474144588436
1.0,const,helm,3.4581762019523774,287489.83983127825,349.93474144588436
1.0,const,helm,3.538931695490988,298189.38139167515,349.93474144588447
1.0,const,helm,3.6215729951180746,309316.7553706546,349.93474144588447
1.0,const,helm,3.706144138266228,320889.66051173373,349.9347414458844
1.0,const,helm,3.792690190732246,332926.52658178104,349.93474144588447
1.0,const,helm,3.881257270691536,345446.5434632773,349.93474144588436
1.0,const,helm,3.971892573273302,358469.6913095108,349.9347414458844
1.0,const,helm,4.064644395709628,372016.77179499395,349.9347414458844
1.0,const,helm,4.1595621630718425,386109.44049393525,349.93474144588447
1.0,const,helm,4.256696454607871,400770.24042013765,349.9347414458844
1.0,const,helm,4.356099030694608,416022.6367622032,349.93474144588447
1.0,const,helm,4.457822860419706,431891.05284841877,349.93474144588447
1.0,const,helm,4.561922149807459,448400.907376143,349.9347414458844
1.0,const,helm,4.66845237070379,465578.6529409449,349.93474144588436
1.0,const,helm,4.777470290335773,483451.81590114674,349.9347414458844
1.0,const,helm,4.889034001561443,502049.03761377686,349.9347414458844
1.0,const,helm,5.003202953825999,521400.1170782549,349.93474144588436
1.0,const,helm,5.120037984840887,541536.055024403,349.9347414458844
1.0,const,helm,5.239601353002644,562489.0994816159,349.9347414458844
1.0,const,helm,5.361956770568817,584292.7928661959,349.9347414458844
1.0,const,helm,5.487169437608599,606982.0206239859,349.93474144588436
1.0,const,helm,5.615306076746273,630593.0614654961,349.93474144588436
1.0,const,helm,5.746434968715974,655163.6392307378,349.9347414458844
1.0,const,helm,5.880625988746757,680732.9764209259,349.9347414458844
1.0,const,helm,6.017950643797328,707341.8494340738,349.9347414458843
1.0,const,helm,6.158482110660261,735032.6455413176,349.9347414458844
1.0,const,helm,6.302295274956023,763849.42164054,349.9347414458844
1.0,const,helm,6.449466771037621,793837.9648235131,349.93474144588436
1.0,const,helm,6.600075022827088,825045.8547923493,349.93474144588436
1.0,const,helm,6.754200285605586,857522.5281605212,349.9347414458844
1.0,const,helm,6.911924688779366,891319.3446731147,349.93474144588447
1.0,const,helm,7.073332279644439,926489.6553802878,349.93474144588436
1.0,const,helm,7.238509068173248,963088.8727970942,349.93474144588447
1.0,const,helm,7.4075430728471625,1001174.5430819317,349.93474144588436
1.0,const,helm,7.580524367559261,1040806.4202648959,349.9347414458844
1.0,const,helm,7.757545129612414,1082046.542556209,349.93474144588436
1.0,const,helm,7.9386996888382235,1124959.3107636755,349.93474144588436
1.0,const,helm,8.124084577862966,1169611.5688468022,349.9347414458844
1.0,const,helm,8.313798583547333,1216072.6866337727,349.9347414458843
1.0,const,helm,8.507942799627445,1264414.644725972,349.93474144588436
1.0,const,helm,8.706620680585118,1314712.1216130329,349.9347414458843
1.0,const,helm,8.909938096776107,1367042.5830196408,349.9347414458844
1.0,const,helm,9.118003390845681,1421486.373503445,349.93474144588436
1.0,const,helm,9.330927435461664,1478126.8103214295,349.9347414458845
1.0,const,helm,9.548823692395656,1537050.2795799633,349.9347414458844
1.0,const,helm,9.771808272983899,1598346.3346815489,349.9347414458844
1.0,const,helm,10.0,1662107.7970789247,349.93474144588436
1.0,const,shell,0.007802442493165045,251.83974153390602,1198.9785296245213
1.0,const,shell,0.007984645497739086,257.7433475979593,1189.9160165987805
1.0,const,shell,0.008171103315457203,263.7858841834967,1186.2127818445178
1.0,const,shell,0.008361915304916317,269.97064611323583,1184.4949673235062
1.0,const,shell,0.008557183144940002,276.3010075366261,1184.4834036485386
1.0,const,shell,0.008757010888760509,282.78042389496926,1184.4834036485381
1.0,const,shell,0.00896150501946605,289.41243393774965,1184.4834036485383
1.0,const,shell,0.00917077450674293,296.20066179162257,1184.4834036485381
1.0,const,shell,0.009384930864942721,303.1488190835526,1184.4834036485383
1.0,const,shell,0.009604088212505378,310.2607071196392,1184.4834036485386
1.0,const,shell,0.00982836333277003,317.5402191212217,1184.4834036485383
1.0,const,shell,0.010057875736205835,324.99134251990205,1184.4834036485381
1.0,const,shell,0.010292747724096083,332.6181613131784,1184.4834036485383
1.0,const,shell,0.01053310445370937,340.42485848243194,1184.4834036485383
1.0,const,shell,0.01077907400499273,348.41571847507595,1184.4834036485383
1.0,const,shell,0.011030787448822152,356.59512975272384,1184.4834036485383
1.0,const,shell,0.011288378916846888,364.96758740729905,1184.4834036485383
1.0,const,shell,0.011551985672964792,373.5376958470736,1184.4834036485381
1.0,const,shell,0.011821748186466717,382.3101715546823,1184.4834036485381
1.0,const,shell,0.012097810206889013,391.2898459192316,1184.4834036485386
1.0,const,shell,0.012380318840613974,400.4816681446901,1184.4834036485383
1.0,const,shell,0.012669424629259064,409.8907082368211,1184.4834036485381
1.0,const,shell,0.012965281629896682,419.522160070992,1184.4834036485383
1.0,const,shell,0.013268047497147245,429.38134454327417,1184.4834036485383
1.0,const,shell,0.013577883567189284,439.4737128073284,1184.4834036485386
1.0,const,shell,0.013894954943731374,449.8048495996547,1184.4834036485383
1.0,const,shell,0.014219430585991668,460.3804766558718,1184.4834036485383
1.0,const,shell,0.014551483398731937,471.2064562207837,1184.4834036485381
1.0,const,shell,0.014891290324394095,482.2887946550854,1184.4834036485381
1.0,const,shell,0.015239032437388288,493.6336461416536,1184.4834036485381
1.0,const,shell,0.015594895040582823,505.2473164944762,1184.4834036485381
1.0,const,shell,0.01595906776404731,517.136267073372,1184.483403648538
1.0,const,shell,0.016331744666101676,529.3071188077698,1184.4834036485386
1.0,const,shell,0.016713124336724876,541.7666563329217,1184.4834036485386
1.0,const,shell,0.017103410003378405,554.5218322420498,1184.4834036485383
1.0,const,shell,0.017502809639301013,567.5797714580449,1184.4834036485386
1.0,const,shell,0.01791153607433231,580.9477757284635,1184.4834036485383
1.0,const,shell,0.018329807108324356,594.6333282477045,1184.4834036485383
1.0,const,shell,0.018757845627201602,608.6440984103781,1184.4834036485381
1.0,const,shell,0.01919587972173111,622.9879467000335,1184.4834036485383
1.0,const,shell,0.019644142809066276,637.6729297175486,1184.4834036485383
1.0,const,shell,0.020102873757128856,652.7073053536499,1184.4834036485383
1.0,const,shell,0.02057231701189556,668.0995381101811,1184.4834036485381
1.0,const,shell,0.02105272272765707,683.8583045749216,1184.4834036485386
1.0,const,shell,0.021544346900318832,699.9924990549086,1184.4834036485381
1.0,const,shell,0.022047451503814746,716.5112393734205,1184.4834036485381
1.0,const,shell,0.02256230462970634,733.423872835949,1184.4834036485386
1.0,const,shell,0.023089180630041926,750.7399823706942,1184.4834036485383
1.0,const,shell,0.023628360263551765,768.4693928493151,1184.4834036485383
1.0,const,shell,0.024180130845257206,786.622177593883,1184.4834036485381
1.0,const,shell,0.024744786399573514,805.2086650762034,1184.4834036485383
1.0,const,shell,0.025322627816987946,824.2394458159044,1184.4834036485383
1.0,const,shell,0.025913963014396586,843.7253794839254,1184.4834036485386
1.0,const,shell,0.02651910709918538,863.6776022182902,1184.4834036485383
1.0,const,shell,0.027138382537142788,884.1075341593098,1184.4834036485383
1.0,const,shell,0.02777211932429355,905.0268872116233,1184.4834036485383
1.0,const,shell,0.028420655162745122,926.4476730407745,1184.4834036485383
1.0,const,shell,0.029084335640640478,948.3822113123072,1184.4834036485381
1.0,const,shell,0.029763514416313176,970.8431381816689,1184.483403648538
1.0,const,shell,0.03045855340674284,993.8434150435318,1184.4834036485381
1.0,const,shell,0.03116982298041145,1017.3963375494681,1184.4834036485381
1.0,const,shell,0.03189770215466321,1041.5155449032568,1184.4834036485383
1.0,const,shell,0.03264257879767322,1066.21502944347,1184.4834036485381
1.0,const,shell,0.03340484983513244,1091.5091465233431,1184.4834036485383
1.0,const,shell,0.03418492146175929,1117.4126246983337,1184.4834036485386
1.0,const,shell,0.03498320935775036,1143.9405762321826,1184.4834036485386
1.0,const,shell,0.035800138910285786,1171.1085079326965,1184.4834036485381
1.0,const,shell,0.036636145440207164,1198.932332328931,1184.4834036485383
1.0,const,shell,0.037491674433988875,1227.4283792018978,1184.4834036485381
1.0,const,shell,0.03836718178112645,1256.613407481412,1184.4834036485383
1.0,const,shell,0.03926313401706837,1286.5046175221685,1184.4834036485383
1.0,const,shell,0.04018000857182091,1317.1196637726975,1184.4834036485386
1.0,const,shell,0.04111829402435831,1348.4766678513447,1184.4834036485381
1.0,const,shell,0.04207849036297403,1380.5942320440236,1184.4834036485383
1.0,const,shell,0.043061109251711714,1413.491453239057,1184.4834036485383
1.0,const,shell,0.04406667430301786,1447.1879373150448,1184.4834036485383
1.0,const,shell,0.045095721356761466,1481.7038139983363,1184.4834036485383
1.0,const,shell,0.04614879876576939,1517.0597522073529,1184.4834036485383
1.0,const,shell,0.047226467688029516,1553.2769759017037,1184.4834036485381
1.0,const,shell,0.04832930238571752,1590.3772804547682,1184.4834036485383
1.0,const,shell,0.049457890531206423,1628.3830495691627,1184.4834036485383
1.0,const,shell,0.05061283352022219,1667.3172727553272,1184.4834036485386
1.0,const,shell,0.0517947467923121,1707.2035633942637,1184.4834036485381
1.0,const,shell,0.05300426015879673,1748.066177406335,1184.4834036485383
1.0,const,shell,0.05424201813838027,1789.9300325489394,1184.4834036485383
1.0,const,shell,0.05550868030059805,1832.8207283667814,1184.4834036485383
1.0,const,shell,0.05680492161728426,1876.764566819481,1184.4834036485383
1.0,const,shell,0.058131432822247135,1921.788573612248,1184.4834036485383
1.0,const,shell,0.05948892077934334,1967.9205202564342,1184.4834036485383
1.0,const,shell,0.06087810885914762,2015.1889468878749,1184.4834036485386
1.0,const,shell,0.06229973732441844,2063.6231858721035,1184.4834036485386
1.0,const,shell,0.06375456372456506,2113.2533862267287,1184.4834036485386
1.0,const,shell,0.06524336329932624,2164.1105388925166,1184.4834036485383
1.0,const,shell,0.06676692939187563,2216.22650288606,1184.4834036485381
1.0,const,shell,0.06832607387157402,2269.6340323682884,1184.4834036485383
1.0,const,shell,0.06992162756659374,2324.3668046644793,1184.4834036485381
1.0,const,shell,0.07155444070664578,2380.4594492729984,1184.4834036485383
1.0,const,shell,0.07322538337604534,2437.947577901481,1184.4834036485381
1.0,const,shell,0.07493534597735753,2496.8678155708753,1184.4834036485386
1.0,const,shell,0.0766852397058701,2557.2578328294294,1184.4834036485383
1.0,const,shell,0.07847599703514611,2619.1563791205076,1184.4834036485381
1.0,const,shell,0.08030857221391513,2682.6033173499704,1184.4834036485386
1.0,const,shell,0.08218394177456802,2747.639659700818,1184.4834036485383
1.0,const,shell,0.08410310505352604,2814.3076047447953,1184.4834036485381
1.0,const,shell,0.08606708472376164,2882.650575902809,1184.4834036485383
1.0,const,shell,0.08807692733975461,2952.7132613081885,1184.4834036485383
1.0,const,shell,0.09013370389517433,3024.5416551291655,1184.4834036485381
1.0,const,shell,0.09223851039358476,3098.1831004093337,1184.4834036485383
1.0,const,shell,0.09439246843247669,3173.6863334873797,1184.4834036485383
1.0,const,shell,0.09659672580093832,3251.101530060016,1184.4834036485383
1.0,const,shell,0.09885245709128276,3330.4803529547967,1184.4834036485383
1.0,const,shell,0.10116086432495808,3411.8760016823308,1184.4834036485383
1.0,const,shell,0.10352317759307378,3495.3432638404724,1184.4834036485386
1.0,const,shell,0.1059406557118851,3580.938568446148,1184.4834036485381
1.0,const,shell,0.10841458689358349,3668.7200412737343,1184.4834036485383
1.0,const,shell,0.11094628943275218,3758.7475622824086,1184.4834036485386
1.0,const,shell,0.11353711240885178,3851.0828252183583,1184.4834036485383
1.0,const,shell,0.11618843640511002,3945.7893994815036,1184.4834036485383
1.0,const,shell,0.118901674244199,4042.9327943502913,1184.4834036485386
1.0,const,shell,0.1216782717410923,4142.580525662184,1184.4834036485383
1.0,const,shell,0.12451970847350319,4244.8021850516925,1184.4834036485383
1.0,const,shell,0.12742749857031335,4349.669511852246,1184.4834036485383
1.0,const,shell,0.13040319151841315,4457.256467772808,1184.4834036485383
1.0,const,shell,0.13344837298838383,4567.6393144650565,1184.4834036485381
1.0,const,shell,0.13656466567946096,4680.896694101927,1184.4834036485383
1.0,const,shell,0.1397537301842291,4797.109713093591,1184.4834036485386
1.0,const,shell,0.1430172658735088,4916.362029072513,1184.4834036485383
1.0,const,shell,0.14635701180190797,5038.739941284984,1184.4834036485383
1.0,const,shell,0.14977474763452,5164.332484532517,1184.4834036485383
1.0,const,shell,0.15327229459526134,5293.231526812747,1184.4834036485383
1.0,const,shell,0.1568515164373548,5425.531870816112,1184.4834036485383
1.0,const,shell,0.16051432043647615,5561.331359441448,1184.4834036485381
1.0,const,shell,0.16426265840709303,5700.730985500728,1184.4834036485383
1.0,const,shell,0.16809852774253636,5843.835005790681,1184.4834036485383
1.0,const,shell,0.1720239724793599,5990.751059716868,1184.4834036485381
1.0,const,shell,0.17604108438655525,6141.590292663976,1184.4834036485381
1.0,const,shell,0.18015200408020238,6296.46748431453,1184.4834036485386
1.0,const,shell,0.1843589221641488,6455.501182127197,1184.4834036485381
1.0,const,shell,0.18866408039732582,6618.8138401950955,1184.4834036485383
1.0,const,shell,0.19306977288832497,6786.531963714364,1184.4834036485383
1.0,const,shell,0.19757834731786994,6958.786259303235,1184.4834036485383
1.0,const,shell,0.20219220618983536,7135.711791422508,1184.4834036485383
1.0,const,shell,0.20691380811147903,7317.448145159404,1184.4834036485383
1.0,const,shell,0.21174566910357118,7504.139595648363,1184.4834036485383
1.0,const,shell,0.2166903639411181,7695.935284414364,1184.4834036485383
1.0,const,shell,0.22175052752539318,7892.989402936876,1184.4834036485383
1.0,const,shell,0.2269288562880081,8095.461383745902,1184.4834036485383
1.0,const,shell,0.23222810962777246,8303.516099375152,1184.4834036485383
1.0,const,shell,0.23765111138110728,8517.324069511847,1184.4834036485383
1.0,const,shell,0.24320075132679475,8737.061676697473,1184.4834036485381
1.0,const,shell,0.24887998672586673,8962.91139094961,1184.4834036485383
1.0,const,shell,0.25469184389745403,9195.062003691322,1184.4834036485381
1.0,const,shell,0.26063941983143474,9433.708871391442,1184.4834036485383
1.0,const,shell,0.2667258838387405,9679.054169337072,1184.4834036485383
1.0,const,shell,0.2729544792402007,9931.307155978107,1184.4834036485381
1.0,const,shell,0.2793285250948253,10190.68444830313,1184.4834036485383
1.0,const,shell,0.28585141796844715,10457.410308726121,1184.4834036485383
1.0,const,shell,0.2925266337436645,10731.716943984637,1184.4834036485383
1.0,const,shell,0.29935772947204903,11013.844816572138,1184.4834036485383
1.0,const,shell,0.3063483452696084,11304.042969250413,1184.4834036485383
1.0,const,shell,0.3135022062565112,11602.569363211715,1184.4834036485386
1.0,const,shell,0.32082312454210776,11909.691230485578,1184.4834036485381
1.0,const,shell,0.3283150012563047,12225.685441211372,1184.4834036485386
1.0,const,shell,0.3359818286283781,12550.838886425092,1184.4834036485383
1.0,const,shell,0.34382769211433073,12885.448877037279,1184.4834036485381
1.0,const,shell,0.3518567725739263,13229.823559708633,1184.483403648538
1.0,const,shell,0.360073348498562,13584.282350361145,1184.4834036485383
1.0,const,shell,0.3684817982911677,13949.156386094915,1184.4834036485386
1.0,const,shell,0.3770866025993452,14324.788996314417,1184.4834036485381
1.0,const,shell,0.3858923467029903,14711.536193903372,1184.4834036485381
1.0,const,shell,0.3949037229576702,15109.767187324122,1184.4834036485381
1.0,const,shell,0.40412553329506,15519.864914555776,1184.4834036485381
1.0,const,shell,0.4135626917817706,15942.226599825346,1184.4834036485383
1.0,const,shell,0.4232202272379275,16377.264334127649,1184.4834036485383
1.0,const,shell,0.4331032859169001,16825.405680573425,1184.4834036485386
1.0,const,shell,0.44321713424760856,17287.09430565052,1184.4834036485381
1.0,const,shell,0.45356716164087024,17762.790637529943,1184.4834036485381
1.0,const,shell,0.46415888336127775,18252.972552598065,1184.4834036485381
1.0,const,shell,0.47499794346614127,18758.136091447577,1184.4834036485383
1.0,const,shell,0.48609011781306305,19278.796205613417,1184.4834036485383
1.0,const,shell,0.49744131713774514,19815.487536395536,1184.4834036485383
1.0,const,shell,0.5090575902036681,20368.765227168467,1184.4834036485386
1.0,const,shell,0.5209451270253211,20939.20577063833,1184.4834036485383
1.0,const,shell,0.5331102621667033,21527.4078925712,1184.4834036485381
1.0,const,shell,0.5455594781168515,22133.99347358211,1184.4834036485383
1.0,const,shell,0.5582994087441919,22759.608510642713,1184.4834036485383
1.0,const,shell,0.571336842831558,23404.92412003669,1184.4834036485383
1.0,const,shell,0.584678727693759,24070.63758356682,1184.4834036485381
1.0,const,shell,0.5983321728796283,24757.473439894376,1184.4834036485383
1.0,const,shell,0.6123044539605184,25466.184622972112,1184.4834036485383
1.0,const,shell,0.6266030164072656,26197.553649616188,1184.4834036485383
1.0,const,shell,0.6412354795576917,26952.393858349616,1184.4834036485381
1.0,const,shell,0.6562096406767555,27731.550701740336,1184.4834036485383
1.0,const,shell,0.6715334791115142,28535.903094551544,1184.4834036485383
1.0,const,shell,0.6872151605431122,29366.364820120325,1184.4834036485383
1.0,const,shell,0.7032630413380644,30223.885997483172,1184.4834036485383
1.0,const,shell,0.7196856730011514,31109.454611872567,1184.4834036485383
1.0,const,shell,0.7364918067322965,32024.09811132006,1184.4834036485383
1.0,const,shell,0.7536903980898542,32968.885072215795,1184.4834036485383
1.0,const,shell,0.7712906117627992,33944.9269367947,1184.4834036485381
1.0,const,shell,0.7893018264543568,34953.37982564298,1184.4834036485386
1.0,const,shell,0.8077336398796711,35995.44642844792,1184.4834036485386
1.0,const,shell,0.8265958738801813,37072.37797634852,1184.4834036485381
1.0,const,shell,0.84589857965743,38185.47629938364,1184.4834036485381
1.0,const,shell,0.8656520431290936,39336.09597267912,1184.4834036485383
1.0,const,shell,0.8858667904100823,40525.64655516523,1184.4834036485381
1.0,const,shell,0.9065535934216359,41755.59492477256,1184.4834036485383
1.0,const,shell,0.927723475631406,43027.467714216415,1184.4834036485383
1.0,const,shell,0.949387717927582,44342.85385164731,1184.4834036485381
1.0,const,shell,0.9715578646301858,45703.407210619844,1184.4834036485381
1.0,const,shell,0.9942457296427418,47110.84937401341,1184.4834036485386
1.0,const,shell,1.0174634027476064,48566.97251672581,1184.4834036485383
1.0,const,shell,1.0412232560483043,50073.642412155285,1184.4834036485386
1.0,const,shell,1.0655379505623053,51632.8015676875,1184.4834036485383
1.0,const,shell,1.0904204429677526,53246.47249461407,1184.4834036485383
1.0,const,shell,1.115883992507748,54916.76111812523,1184.4834036485383
1.0,const,shell,1.1419421680558648,56645.860333243516,1184.4834036485386
1.0,const,shell,1.168608855346651,58436.053712796645,1184.4834036485383
1.0,const,shell,1.1958982643749794,60289.71937376944,1184.4834036485381
1.0,const,shell,1.2238249369681924,62209.33400862286,1184.4834036485383
1.0,const,shell,1.252403754535072,64197.47708842497,1184.4834036485386
1.0,const,shell,1.2816499459957584,66256.83524490458,1184.4834036485386
1.0,const,shell,1.3115790958968503,68390.2068388142,1184.4834036485381
1.0,const,shell,1.342207152716012,70600.50672227272,1184.4834036485381
1.0,const,shell,1.3735504373605123,72890.77120305154,1184.4834036485383
1.0,const,shell,1.405625651864215,75264.16321907102,1184.4834036485383
1.0,const,shell,1.438449888287663,77723.97773168741,1184.4834036485381
1.0,const,shell,1.4720406378260014,80273.6473466739,1184.4834036485383
1.0,const,shell,1.506415800129591,82916.7481721318,1184.4834036485381
1.0,const,shell,1.5415936928422718,85657.00592291096,1184.4834036485381
1.0,const,shell,1.5775930613623614,88498.30228147346,1184.4834036485381
1.0,const,shell,1.6144330888316019,91444.68152549953,1184.4834036485383
1.0,const,shell,1.6521334063573685,94500.35743290957,1184.4834036485383
1.0,const,shell,1.69071410347358,97669.72047536144,1184.4834036485383
1.0,const,shell,1.7301957388458944,100957.34531168207,1184.4834036485383
1.0,const,shell,1.770599351226898,104367.99859309995,1184.4834036485383
1.0,const,shell,1.8119464706671222,107906.6470925654,1184.4834036485381
1.0,const,shell,1.8542591299878524,111578.46617087562,1184.4834036485383
1.0,const,shell,1.8975598765218504,115388.84859276572,1184.4834036485383
1.0,const,shell,1.941871784128255,119343.41370658204,1184.4834036485386
1.0,const,shell,1.9872184654880534,123448.01700161726,1184.4834036485383
1.0,const,shell,2.0336240846866724,127708.76005766467,1184.4834036485381
1.0,const,shell,2.081113370090395,132132.00090183833,1184.4834036485381
1.0,const,shell,2.129711627523478,136724.3647882061,1184.4834036485381
1.0,const,shell,2.1794447537529833,141492.75541629145,1184.4834036485386
1.0,const,shell,2.2303392502884964,146444.36660502237,1184.4834036485381
1.0,const,shell,2.2824222375040977,151586.69443923965,1184.4834036485383
1.0,const,shell,2.3357214690901213,156927.54990642116,1184.4834036485383
1.0,const,shell,2.3902653468423893,162475.0720418295,1184.4834036485383
1.0,const,shell,2.446082935796798,168237.74160085595,1184.4834036485383
1.0,const,shell,2.5032039797173256,174224.39527790734,1184.4834036485383
1.0,const,shell,2.561658916945727,180444.24049176666,1184.4834036485381
1.0,const,shell,2.6214788966213534,186906.87075794727,1184.4834036485383
1.0,const,shell,2.6826957952797246,193622.28166916035,1184.4834036485386
1.0,const,shell,2.745342233838714,200600.88750562537,1184.4834036485381
1.0,const,shell,2.809451594981406,207853.53849756712,1184.4834036485383
1.0,const,shell,2.8750580409448774,215391.53876286282,1184.4834036485386
1.0,const,shell,2.942196531724374,223226.66494342746,1184.4834036485383
1.0,const,shell,3.0109028437025924,231371.18556456032,1184.4834036485383
1.0,const,shell,3.081213588714002,239837.88114210876,1184.4834036485383
1.0,const,shell,3.1531662335543613,248640.06506294242,1184.4834036485383
1.0,const,shell,3.2267991199458086,257791.6052648664,1184.4834036485381
1.0,const,shell,3.3021514849681757,267306.94674274616,1184.4834036485383
1.0,const,shell,3.379263481967431,277201.1349082536,1184.4834036485381
1.0,const,shell,3.4581762019523774,287489.83983127825,1184.4834036485383
1.0,const,shell,3.538931695490988,298189.38139167515,1184.4834036485383
1.0,const,shell,3.6215729951180746,309316.7553706546,1184.4834036485383
1.0,const,shell,3.706144138266228,320889.66051173373,1184.4834036485383
1.0,const,shell,3.792690190732246,332926.52658178104,1184.4834036485383
1.0,const,shell,3.881257270691536,345446.5434632773,1184.4834036485381
1.0,const,shell,3.971892573273302,358469.6913095108,1184.4834036485386
1.0,const,shell,4.064644395709628,372016.77179499395,1184.4834036485383
1.0,const,shell,4.1595621630718425,386109.44049393525,1184.4834036485381
1.0,const,shell,4.256696454607871,400770.24042013765,1184.4834036485381
1.0,const,shell,4.356099030694608,416022.6367622032,1184.4834036485383
1.0,const,shell,4.457822860419706,431891.05284841877,1184.4834036485383
1.0,const,shell,4.561922149807459,448400.907376143,1184.4834036485386
1.0,const,shell,4.66845237070379,465578.6529409449,1184.4834036485381
1.0,const,shell,4.777470290335773,483451.81590114674,1184.4834036485383
1.0,const,shell,4.889034001561443,502049.03761377686,1184.4834036485381
1.0,const,shell,5.003202953825999,521400.1170782549,1184.4834036485383
1.0,const,shell,5.120037984840887,541536.055024403,1184.4834036485381
1.0,const,shell,5.239601353002644,562489.0994816159,1184.483403648538
1.0,const,shell,5.361956770568817,584292.7928661959,1184.4834036485383
1.0,const,shell,5.487169437608599,606982.0206239859,1184.4834036485381
1.0,const,shell,5.615306076746273,630593.0614654961,1184.4834036485381
1.0,const,shell,5.746434968715974,655163.6392307378,1184.4834036485383
1.0,const,shell,5.880625988746757,680732.9764209259,1184.4834036485386
1.0,const,shell,6.017950643797328,707341.8494340738,1184.4834036485386
1.0,const,shell,6.158482110660261,735032.6455413176,1184.4834036485383
1.0,const,shell,6.302295274956023,763849.42164054,1184.4834036485381
1.0,const,shell,6.449466771037621,793837.9648235131,1184.4834036485381
1.0,const,shell,6.600075022827088,825045.8547923493,1184.4834036485381
1.0,const,shell,6.754200285605586,857522.5281605212,1184.4834036485383
1.0,const,shell,6.911924688779366,891319.3446731147,1184.4834036485383
1.0,const,shell,7.073332279644439,926489.6553802878,1184.4834036485381
1.0,const,shell,7.238509068173248,963088.8727970942,1184.4834036485386
1.0,const,shell,7.4075430728471625,1001174.5430819317,1184.4834036485386
1.0,const,shell,7.580524367559261,1040806.4202648959,1184.4834036485383
1.0,const,shell,7.757545129612414,1082046.542556209,1184.4834036485383
1.0,const,shell,7.9386996888382235,1124959.3107636755,1184.4834036485386
1.0,const,shell,8.124084577862966,1169611.5688468022,1184.4834036485383
1.0,const,shell,8.313798583547333,1216072.6866337727,1184.4834036485383
1.0,const,shell,8.507942799627445,1264414.644725972,1184.4834036485383
1.0,const,shell,8.706620680585118,1314712.1216130329,1184.4834036485383
1.0,const,shell,8.909938096776107,1367042.5830196408,1184.4834036485383
1.0,const,shell,9.118003390845681,1421486.373503445,1184.4834036485383
1.0,const,shell,9.330927435461664,1478126.8103214295,1184.4834036485383
1.0,const,shell,9.548823692395656,1537050.2795799633,1184.4834036485383
1.0,const,shell,9.771808272983899,1598346.3346815489,1184.4834036485386
1.0,const,shell,10.0,1662107.7970789247,1184.4834036485383
1.0,vecD,helm,0.007802442493165045,251.83974153390602,363.87778935292994
1.0,vecD,helm,0.007984645497739086,257.7433475979593,358.1716722234865
1.0,vecD,helm,0.008171103315457203,263.7858841834967,355.2973871164726
1.0,vecD,helm,0.008361915304916317,269.97064611323583,354.21942478032094
1.0,vecD,helm,0.008557183144940002,276.3010075366261,354.2136922576624
1.0,vecD,helm,0.008757010888760509,282.78042389496926,354.21198819946824
1.0,vecD,helm,0.00896150501946605,289.41243393774965,354.21024541200194
1.0,vecD,helm,0.00917077450674293,296.20066179162257,354.2084630402059
1.0,vecD,helm,0.009384930864942721,303.1488190835526,354.2066402113215
1.0,vecD,helm,0.009604088212505378,310.2607071196392,354.2047760345793
1.0,vecD,helm,0.00982836333277003,317.5402191212217,354.20286960088424
1.0,vecD,helm,0.010057875736205835,324.99134251990205,354.20091998250047
1.0,vecD,helm,0.010292747724096083,332.6181613131784,354.1989262327321
1.0,vecD,helm,0.01053310445370937,340.42485848243194,354.19688738560274
1.0,vecD,helm,0.01077907400499273,348.41571847507595,354.19480245553194
1.0,vecD,helm,0.011030787448822152,356.59512975272384,354.1926704370107
1.0,vecD,helm,0.011288378916846888,364.96758740729905,354.190490304274
1.0,vecD,helm,0.011551985672964792,373.5376958470736,354.188261010973
1.0,vecD,helm,0.011821748186466717,382.3101715546823,354.1859814898445
1.0,vecD,helm,0.012097810206889013,391.2898459192316,354.1836506523805
1.0,vecD,helm,0.012380318840613974,400.4816681446901,354.18126738849617
1.0,vecD,helm,0.012669424629259064,409.8907082368211,354.17883056619723
1.0,vecD,helm,0.012965281629896682,419.522160070992,354.1763390312467
1.0,vecD,helm,0.013268047497147245,429.38134454327417,354.17379160683294
1.0,vecD,helm,0.013577883567189284,439.4737128073284,354.17118709323574
1.0,vecD,helm,0.013894954943731374,449.8048495996547,354.1685242674943
1.0,vecD,helm,0.014219430585991668,460.3804766558718,354.165801883077
1.0,vecD,helm,0.014551483398731937,471.2064562207837,354.1630186695498
1.0,vecD,helm,0.014891290324394095,482.2887946550854,354.1601733322487
1.0,vecD,helm,0.015239032437388288,493.6336461416536,354.1572645519536
1.0,vecD,helm,0.015594895040582823,505.2473164944762,354.1542909845637
1.0,vecD,helm,0.01595906776404731,517.136267073372,354.1512512607779
1.0,vecD,helm,0.016331744666101676,529.3071188077698,354.1481439857762
1.0,vecD,helm,0.016713124336724876,541.7666563329217,354.14496773890664
1.0,vecD,helm,0.017103410003378405,554.5218322420498,354.1417210733769
1.0,vecD,helm,0.017502809639301013,567.5797714580449,354.1384025159498
1.0,vecD,helm,0.01791153607433231,580.9477757284635,354.1350105666449
1.0,vecD,helm,0.018329807108324356,594.6333282477045,354.13154369844693
1.0,vecD,helm,0.018757845627201602,608.6440984103781,354.1280003570206
1.0,vecD,helm,0.01919587972173111,622.9879467000335,354.1243789604325
1.0,vecD,helm,0.019644142809066276,637.6729297175486,354.1206778988825
1.0,vecD,helm,0.020102873757128856,652.7073053536499,354.1168955344429
1.0,vecD,helm,0.02057231701189556,668.0995381101811,354.11303020080845
1.0,vecD,helm,0.02105272272765707,683.8583045749216,354.1090802030557
1.0,vecD,helm,0.021544346900318832,699.9924990549086,354.10504381741544
1.0,vecD,helm,0.022047451503814746,716.5112393734205,354.1009192910561
1.0,vecD,helm,0.02256230462970634,733.423872835949,354.09670484188064
1.0,vecD,helm,0.023089180630041926,750.7399823706942,354.0923986583383
1.0,vecD,helm,0.023628360263551765,768.4693928493151,354.08799889925086
1.0,vecD,helm,0.024180130845257206,786.622177593883,354.0835036936553
1.0,vecD,helm,0.024744786399573514,805.2086650762034,354.078911140664
1.0,vecD,helm,0.025322627816987946,824.2394458159044,354.0742193093433
1.0,vecD,helm,0.025913963014396586,843.7253794839254,354.06942623861073
1.0,vecD,helm,0.02651910709918538,863.6776022182902,354.0645299371549
1.0,vecD,helm,0.027138382537142788,884.1075341593098,354.05952838337583
1.0,vecD,helm,0.02777211932429355,905.0268872116233,354.0544195253488
1.0,vecD,helm,0.028420655162745122,926.4476730407745,354.0492012808135
1.0,vecD,helm,0.029084335640640478,948.3822113123072,354.04387153718955
1.0,vecD,helm,0.029763514416313176,970.8431381816689,354.03842815161727
1.0,vecD,helm,0.03045855340674284,993.8434150435318,354.03286895103065
1.0,vecD,helm,0.03116982298041145,1017.3963375494681,354.0271917322581
1.0,vecD,helm,0.03189770215466321,1041.5155449032568,354.0213942621567
1.0,vecD,helm,0.03264257879767322,1066.21502944347,354.0154742777801
1.0,vecD,helm,0.03340484983513244,1091.5091465233431,354.0094294865803
1.0,vecD,helm,0.03418492146175929,1117.4126246983337,354.00325756664915
1.0,vecD,helm,0.03498320935775036,1143.9405762321826,353.996956166996
1.0,vecD,helm,0.035800138910285786,1171.1085079326965,353.99052290786756
1.0,vecD,helm,0.036636145440207164,1198.932332328931,353.9839553811097
1.0,vecD,helm,0.037491674433988875,1227.4283792018978,353.97725115057403
1.0,vecD,helm,0.03836718178112645,1256.613407481412,353.9704077525708
1.0,vecD,helm,0.03926313401706837,1286.5046175221685,353.9634226963692
1.0,vecD,helm,0.04018000857182091,1317.1196637726975,353.9562934647496
1.0,vecD,helm,0.04111829402435831,1348.4766678513447,353.9490175146071
1.0,vecD,helm,0.04207849036297403,1380.5942320440236,353.94159227761014
1.0,vecD,helm,0.043061109251711714,1413.491453239057,353.934015160916
1.0,vecD,helm,0.04406667430301786,1447.1879373150448,353.92628354794414
1.0,vecD,helm,0.045095721356761466,1481.7038139983363,353.9183947992129
1.0,vecD,helm,0.04614879876576939,1517.0597522073529,353.91034625323675
1.0,vecD,helm,0.047226467688029516,1553.2769759017037,353.9021352274922
1.0,vecD,helm,0.04832930238571752,1590.3772804547682,353.89375901944896
1.0,vecD,helm,0.049457890531206423,1628.3830495691627,353.88521490767346
1.0,vecD,helm,0.05061283352022219,1667.3172727553272,353.87650015300426
1.0,vecD,helm,0.0517947467923121,1707.2035633942637,353.86761199980214
1.0,vecD,helm,0.05300426015879673,1748.066177406335,353.8585476772782
1.0,vecD,helm,0.05424201813838027,1789.9300325489394,353.84930440090136
1.0,vecD,helm,0.05550868030059805,1832.8207283667814,353.8398793738881
1.0,vecD,helm,0.05680492161728426,1876.764566819481,353.8302697887762
1.0,vecD,helm,0.058131432822247135,1921.788573612248,353.82047282908604
1.0,vecD,helm,0.05948892077934334,1967.9205202564342,353.81048567107035
1.0,vecD,helm,0.06087810885914762,2015.1889468878749,353.8003054855554
1.0,vecD,helm,0.06229973732441844,2063.6231858721035,353.7899294398759
1.0,vecD,helm,0.06375456372456506,2113.2533862267287,353.7793546999053
1.0,vecD,helm,0.06524336329932624,2164.1105388925166,353.7685784321848
1.0,vecD,helm,0.06676692939187563,2216.22650288606,353.7575978061516
1.0,vecD,helm,0.06832607387157402,2269.6340323682884,353.7464099964685
1.0,vecD,helm,0.06992162756659374,2324.3668046644793,353.7350121854588
1.0,vecD,helm,0.07155444070664578,2380.4594492729984,353.7234015656455
1.0,vecD,helm,0.07322538337604534,2437.947577901481,353.7115753423983
1.0,vecD,helm,0.07493534597735753,2496.8678155708753,353.69953073668967
1.0,vecD,helm,0.0766852397058701,2557.2578328294294,353.68726498796013
1.0,vecD,helm,0.07847599703514611,2619.1563791205076,353.6747753570962
1.0,vecD,helm,0.08030857221391513,2682.6033173499704,353.66205912952046
1.0,vecD,helm,0.08218394177456802,2747.639659700818,353.6491136183947
1.0,vecD,helm,0.08410310505352604,2814.3076047447953,353.63593616793827
1.0,vecD,helm,0.08606708472376164,2882.650575902809,353.62252415685964
1.0,vecD,helm,0.08807692733975461,2952.7132613081885,353.60887500190483
1.0,vecD,helm,0.09013370389517433,3024.5416551291655,353.59498616151956
1.0,vecD,helm,0.09223851039358476,3098.1831004093337,353.5808551396268
1.0,vecD,helm,0.09439246843247669,3173.6863334873797,353.56647948951843
1.0,vecD,helm,0.09659672580093832,3251.101530060016,353.5518568178606
1.0,vecD,helm,0.09885245709128276,3330.4803529547967,353.5369847888116
1.0,vecD,helm,0.10116086432495808,3411.8760016823308,353.52186112825024
1.0,vecD,helm,0.10352317759307378,3495.3432638404724,353.50648362811444
1.0,vecD,helm,0.1059406557118851,3580.938568446148,353.49085015084546
1.0,vecD,helm,0.10841458689358349,3668.7200412737343,353.4749586339383
1.0,vecD,helm,0.11094628943275218,3758.7475622824086,353.45880709459186
1.0,vecD,helm,0.11353711240885178,3851.0828252183583,353.4423936344587
1.0,vecD,helm,0.11618843640511002,3945.7893994815036,353.42571644448884
1.0,vecD,helm,0.118901674244199,4042.9327943502913,353.4087738098628
1.0,vecD,helm,0.1216782717410923,4142.580525662184,353.3915641150109
1.0,vecD,helm,0.12451970847350319,4244.8021850516925,353.3740858487124
1.0,vecD,helm,0.12742749857031335,4349.669511852246,353.35633760926845
1.0,vecD,helm,0.13040319151841315,4457.256467772808,353.3383181097442
1.0,vecD,helm,0.13344837298838383,4567.6393144650565,353.3200261832704
1.0,vecD,helm,0.13656466567946096,4680.896694101927,353.3014607884006
1.0,vecD,helm,0.1397537301842291,4797.109713093591,353.28262101451304
1.0,vecD,helm,0.1430172658735088,4916.362029072513,353.26350608725073
1.0,vecD,helm,0.14635701180190797,5038.739941284984,353.244115373989
1.0,vecD,helm,0.14977474763452,5164.332484532517,353.2244483893227
1.0,vecD,helm,0.15327229459526134,5293.231526812747,353.2045048005609
1.0,vecD,helm,0.1568515164373548,5425.531870816112,353.1842844332198
1.0,vecD,helm,0.16051432043647615,5561.331359441448,353.16378727650084
1.0,vecD,helm,0.16426265840709303,5700.730985500728,353.1430134887444
1.0,vecD,helm,0.16809852774253636,5843.835005790681,353.12196340284305
1.0,vecD,helm,0.1720239724793599,5990.751059716868,353.1006375316046
1.0,vecD,helm,0.17604108438655525,6141.590292663976,353.0790365730485
1.0,vecD,helm,0.18015200408020238,6296.46748431453,353.05716141562334
1.0,vecD,helm,0.1843589221641488,6455.501182127197,353.0350131433289
1.0,vecD,helm,0.18866408039732582,6618.8138401950955,353.01259304072846
1.0,vecD,helm,0.19306977288832497,6786.531963714364,352.9899025978353
1.0,vecD,helm,0.19757834731786994,6958.786259303235,352.966943514857
1.0,vecD,helm,0.20219220618983536,7135.711791422508,352.9437177067806
1.0,vecD,helm,0.20691380811147903,7317.448145159404,352.9202273077822
1.0,vecD,helm,0.21174566910357118,7504.139595648363,352.8964746754424
1.0,vecD,helm,0.2166903639411181,7695.935284414364,352.87246239475127
1.0,vecD,helm,0.22175052752539318,7892.989402936876,352.84819328188314
1.0,vecD,helm,0.2269288562880081,8095.461383745902,352.8236703877256
1.0,vecD,helm,0.23222810962777246,8303.516099375152,352.7988970011408
1.0,vecD,helm,0.23765111138110728,8517.324069511847,352.7738766519436
1.0,vecD,helm,0.24320075132679475,8737.061676697473,352.7486131135775
1.0,vecD,helm,0.24887998672586673,8962.91139094961,352.72311040546845
1.0,vecD,helm,0.25469184389745403,9195.062003691322,352.6973727950403
1.0,vecD,helm,0.26063941983143474,9433.708871391442,352.6714047993732
1.0,vecD,helm,0.2667258838387405,9679.054169337072,352.6452111864864
1.0,vecD,helm,0.2729544792402007,9931.307155978107,352.61879697622953
1.0,vecD,helm,0.2793285250948253,10190.68444830313,352.59216744076394
1.0,vecD,helm,0.28585141796844715,10457.410308726121,352.56532810461954
1.0,vecD,helm,0.2925266337436645,10731.716943984637,352.5382847443102
1.0,vecD,helm,0.29935772947204903,11013.844816572138,352.51104338749246
1.0,vecD,helm,0.3063483452696084,11304.042969250413,352.48361031165604
1.0,vecD,helm,0.3135022062565112,11602.569363211715,352.4559920423289
1.0,vecD,helm,0.32082312454210776,11909.691230485578,352.42819535078866
1.0,vecD,helm,0.3283150012563047,12225.685441211372,352.4002272512672
1.0,vecD,helm,0.3359818286283781,12550.838886425092,352.37209499763946
1.0,vecD,helm,0.34382769211433073,12885.448877037279,352.3438060795874
1.0,vecD,helm,0.3518567725739263,13229.823559708633,352.3153682182333
1.0,vecD,helm,0.360073348498562,13584.282350361145,352.28678936123544
1.0,vecD,helm,0.3684817982911677,13949.156386094915,352.2580776773431
1.0,vecD,helm,0.3770866025993452,14324.788996314417,352.229241550409
1.0,vecD,helm,0.3858923467029903,14711.536193903372,352.200289572857
1.0,vecD,helm,0.3949037229576702,15109.767187324122,352.1712305386086
1.0,vecD,helm,0.40412553329506,15519.864914555776,352.14207343546974
1.0,vecD,helm,0.4135626917817706,15942.226599825346,352.11282743698337
1.0,vecD,helm,0.4232202272379275,16377.264334127649,352.0835018937548
1.0,vecD,helm,0.4331032859169001,16825.405680573425,352.0541063242602
1.0,vecD,helm,0.44321713424760856,17287.09430565052,352.0246504051472
1.0,vecD,helm,0.45356716164087024,17762.790637529943,351.9951439610421
1.0,vecD,helm,0.46415888336127775,18252.972552598065,351.96559695387947
1.0,vecD,helm,0.47499794346614127,18758.136091447577,351.9360194717693
1.0,vecD,helm,0.48609011781306305,19278.796205613417,351.90642171742525
1.0,vecD,helm,0.49744131713774514,19815.487536395536,351.8768139961691
1.0,vecD,helm,0.5090575902036681,20368.765227168467,351.8472067035422
1.0,vecD,helm,0.5209451270253211,20939.20577063833,351.8176103125441
1.0,vecD,helm,0.5331102621667033,21527.4078925712,351.7880353605271
1.0,vecD,helm,0.5455594781168515,22133.99347358211,351.7584924357764
1.0,vecD,helm,0.5582994087441919,22759.608510642713,351.72899216380796
1.0,vecD,helm,0.571336842831558,23404.92412003669,351.69954519341167
1.0,vecD,helm,0.584678727693759,24070.63758356682,351.6701621824817
1.0,vecD,helm,0.5983321728796283,24757.473439894376,351.6408537836617
1.0,vecD,helm,0.6123044539605184,25466.184622972112,351.61163062984684
1.0,vecD,helm,0.6266030164072656,26197.553649616188,351.58250331957856
1.0,vecD,helm,0.6412354795576917,26952.393858349616,351.5534824023709
1.0,vecD,helm,0.6562096406767555,27731.550701740336,351.52457836400936
1.0,vecD,helm,0.6715334791115142,28535.903094551544,351.4958016118614
1.0,vecD,helm,0.6872151605431122,29366.364820120325,351.46716246023925
1.0,vecD,helm,0.7032630413380644,30223.885997483172,351.4386711158592
1.0,vecD,helm,0.7196856730011514,31109.454611872567,351.41033766343384
1.0,vecD,helm,0.7364918067322965,32024.09811132006,351.3821720514429
1.0,vecD,helm,0.7536903980898542,32968.885072215795,351.3541840781221
1.0,vecD,helm,0.7712906117627992,33944.9269367947,351.32638337770976
1.0,vecD,helm,0.7893018264543568,34953.37982564298,351.2987794069922
1.0,vecD,helm,0.8077336398796711,35995.44642844792,351.27138143218747
1.0,vecD,helm,0.8265958738801813,37072.37797634852,351.24419851620377
1.0,vecD,helm,0.84589857965743,38185.47629938364,351.2172395063107
1.0,vecD,helm,0.8656520431290936,39336.09597267912,351.1905130222606
1.0,vecD,helm,0.8858667904100823,40525.64655516523,351.16402744488846
1.0,vecD,helm,0.9065535934216359,41755.59492477256,351.1377909052298
1.0,vecD,helm,0.927723475631406,43027.467714216415,351.1118112741814
1.0,vecD,helm,0.949387717927582,44342.85385164731,351.0860961527351
1.0,vecD,helm,0.9715578646301858,45703.407210619844,351.06065286281216
1.0,vecD,helm,0.9942457296427418,47110.84937401341,351.03548843872056
1.0,vecD,helm,1.0174634027476064,48566.97251672581,351.0106096192559
1.0,vecD,helm,1.0412232560483043,50073.642412155285,350.98602284046814
1.0,vecD,helm,1.0655379505623053,51632.8015676875,350.961734229108
1.0,vecD,helm,1.0904204429677526,53246.47249461407,350.9377495967674
1.0,vecD,helm,1.115883992507748,54916.76111812523,350.9140744347265
1.0,vecD,helm,1.1419421680558648,56645.860333243516,350.89071390951415
1.0,vecD,helm,1.168608855346651,58436.053712796645,350.8676728591887
1.0,vecD,helm,1.1958982643749794,60289.71937376944,350.8449557903422
1.0,vecD,helm,1.2238249369681924,62209.33400862286,350.8225668758278
1.0,vecD,helm,1.252403754535072,64197.47708842497,350.8005099532083
1.0,vecD,helm,1.2816499459957584,66256.83524490458,350.77878852392115
1.0,vecD,helm,1.3115790958968503,68390.2068388142,350.7574057531526
1.0,vecD,helm,1.342207152716012,70600.50672227272,350.7363644704104
1.0,vecD,helm,1.3735504373605123,72890.77120305154,350.71566717078196
1.0,vecD,helm,1.405625651864215,75264.16321907102,350.6953160168656
1.0,vecD,helm,1.438449888287663,77723.97773168741,350.6753128413554
1.0,vecD,helm,1.4720406378260014,80273.6473466739,350.65565915026156
1.0,vecD,helm,1.506415800129591,82916.7481721318,350.63635612674585
1.0,vecD,helm,1.5415936928422718,85657.00592291096,350.61740463554764
1.0,vecD,helm,1.5775930613623614,88498.30228147346,350.5988052279781
1.0,vecD,helm,1.6144330888316019,91444.68152549953,350.5805581474546
1.0,vecD,helm,1.6521334063573685,94500.35743290957,350.5626633355484
1.0,vecD,helm,1.69071410347358,97669.72047536144,350.5451204385178
1.0,vecD,helm,1.7301957388458944,100957.34531168207,350.52792881429565
1.0,vecD,helm,1.770599351226898,104367.99859309995,350.5110875399021
1.0,vecD,helm,1.8119464706671222,107906.6470925654,350.49459541924904
1.0,vecD,helm,1.8542591299878524,111578.46617087562,350.4784509913074
1.0,vecD,helm,1.8975598765218504,115388.84859276572,350.46265253860156
1.0,vecD,helm,1.941871784128255,119343.41370658204,350.4471980960008
1.0,vecD,helm,1.9872184654880534,123448.01700161726,350.4320854597753
1.0,vecD,helm,2.0336240846866724,127708.76005766467,350.4173121968805
1.0,vecD,helm,2.081113370090395,132132.00090183833,350.40287565444333
1.0,vecD,helm,2.129711627523478,136724.3647882061,350.3887729694118
1.0,vecD,helm,2.1794447537529833,141492.75541629145,350.37500107834234
1.0,vecD,helm,2.2303392502884964,146444.36660502237,350.36155672728904
1.0,vecD,helm,2.2824222375040977,151586.69443923965,350.34843648176826
1.0,vecD,helm,2.3357214690901213,156927.54990642116,350.3356367367664
1.0,vecD,helm,2.3902653468423893,162475.0720418295,350.3231537267639
1.0,vecD,helm,2.446082935796798,168237.74160085595,350.31098353574777
1.0,vecD,helm,2.5032039797173256,174224.39527790734,350.2991221071858
1.0,vecD,helm,2.561658916945727,180444.24049176666,350.2875652539366
1.0,vecD,helm,2.6214788966213534,186906.87075794727,350.27630866807414
1.0,vecD,helm,2.6826957952797246,193622.28166916035,350.2653479306
1.0,vecD,helm,2.745342233838714,200600.88750562537,350.2546785210249
1.0,vecD,helm,2.809451594981406,207853.53849756712,350.2442958267987
1.0,vecD,helm,2.8750580409448774,215391.53876286282,350.23419515256876
1.0,vecD,helm,2.942196531724374,223226.66494342746,350.2243717292521
1.0,vecD,helm,3.0109028437025924,231371.18556456032,350.2148207229018
1.0,vecD,helm,3.081213588714002,239837.88114210876,350.2055372433565
1.0,vecD,helm,3.1531662335543613,248640.06506294242,350.1965163526577
1.0,vecD,helm,3.2267991199458086,257791.6052648664,350.1877530732234
1.0,vecD,helm,3.3021514849681757,267306.94674274616,350.17924239576865
1.0,vecD,helm,3.379263481967431,277201.1349082536,350.1709792869629
1.0,vecD,helm,3.4581762019523774,287489.83983127825,350.16295869681625
1.0,vecD,helm,3.538931695490988,298189.38139167515,350.15517556578976
1.0,vecD,helm,3.6215729951180746,309316.7553706546,350.1476248316215
1.0,vecD,helm,3.706144138266228,320889.66051173373,350.14030143586797
1.0,vecD,helm,3.792690190732246,332926.52658178104,350.13320033015407
1.0,vecD,helm,3.881257270691536,345446.5434632773,350.12631648213335
1.0,vecD,helm,3.971892573273302,358469.6913095108,350.1196448811548
1.0,vecD,helm,4.064644395709628,372016.77179499395,350.11318054363807
1.0,vecD,helm,4.1595621630718425,386109.44049393525,350.10691851815716
1.0,vecD,helm,4.256696454607871,400770.24042013765,350.10085389023567
1.0,vecD,helm,4.356099030694608,416022.6367622032,350.0949817868545
1.0,vecD,helm,4.457822860419706,431891.05284841877,350.0892973806778
1.0,vecD,helm,4.561922149807459,448400.907376143,350.0837958939988
1.0,vecD,helm,4.66845237070379,465578.6529409449,350.0784726024135
1.0,vecD,helm,4.777470290335773,483451.81590114674,350.07332283822296
1.0,vecD,helm,4.889034001561443,502049.03761377686,350.0683419935765
1.0,vecD,helm,5.003202953825999,521400.1170782549,350.06352552335494
1.0,vecD,helm,5.120037984840887,541536.055024403,350.05886894780696
1.0,vecD,helm,5.239601353002644,562489.0994816159,350.0543678549419
1.0,vecD,helm,5.361956770568817,584292.7928661959,350.0500179026878
1.0,vecD,helm,5.487169437608599,606982.0206239859,350.04581482082256
1.0,vecD,helm,5.615306076746273,630593.0614654961,350.0417544126855
1.0,vecD,helm,5.746434968715974,655163.6392307378,350.0378325566778
1.0,vecD,helm,5.880625988746757,680732.9764209259,350.03404520756123
1.0,vecD,helm,6.017950643797328,707341.8494340738,350.03038839756016
1.0,vecD,helm,6.158482110660261,735032.6455413176,350.0268582372801
1.0,vecD,helm,6.302295274956023,763849.42164054,350.0234509164468
1.0,vecD,helm,6.449466771037621,793837.9648235131,350.02016270447695
1.0,vecD,helm,6.600075022827088,825045.8547923493,350.0169899508881
1.0,vecD,helm,6.754200285605586,857522.5281605212,350.0139290855559
1.0,vecD,helm,6.911924688779366,891319.3446731147,350.01097661882693
1.0,vecD,helm,7.073332279644439,926489.6553802878,350.00812914149674
1.0,vecD,helm,7.238509068173248,963088.8727970942,350.00538332465806
1.0,vecD,helm,7.4075430728471625,1001174.5430819317,350.0027359194298
1.0,vecD,helm,7.580524367559261,1040806.4202648959,350.000183756574
1.0,vecD,helm,7.757545129612414,1082046.542556209,349.997723746006
1.0,vecD,helm,7.9386996888382235,1124959.3107636755,349.9953528762088
1.0,vecD,helm,8.124084577862966,1169611.5688468022,349.9930682135555
1.0,vecD,helm,8.313798583547333,1216072.6866337727,349.9908669015486
1.0,vecD,helm,8.507942799627445,1264414.644725972,349.9887461599814
1.0,vecD,helm,8.706620680585118,1314712.1216130329,349.9867032840297
1.0,vecD,helm,8.909938096776107,1367042.5830196408,349.98473564327816
1.0,vecD,helm,9.118003390845681,1421486.373503445,349.98284068068796
1.0,vecD,helm,9.330927435461664,1478126.8103214295,349.9810159115121
1.0,vecD,helm,9.548823692395656,1537050.2795799633,349.9792589221632
1.0,vecD,helm,9.771808272983899,1598346.3346815489,349.9775673690386
1.0,vecD,helm,10.0,1662107.7970789247,349.97593897730826
1.0,vecD,shell,0.007802442493165045,251.83974153390602,1213.4540254781184
1.0,vecD,shell,0.007984645497739086,257.7433475979593,1204.2990213712828
1.0,vecD,shell,0.008171103315457203,263.7858841834967,1200.5560713453829
1.0,vecD,shell,0.008361915304916317,269.97064611323583,1198.817524145402
1.0,vecD,shell,0.008557183144940002,276.3010075366261,1198.800286018997
1.0,vecD,shell,0.008757010888760509,282.78042389496926,1198.7945852325026
1.0,vecD,shell,0.00896150501946605,289.41243393774965,1198.7887548797569
1.0,vecD,shell,0.00917077450674293,296.20066179162257,1198.782792100189
1.0,vecD,shell,0.009384930864942721,303.1488190835526,1198.7766939740109
1.0,vecD,shell,0.009604088212505378,310.2607071196392,1198.770457521175
1.0,vecD,shell,0.00982836333277003,317.5402191212217,1198.764079700327
1.0,vecD,shell,0.010057875736205835,324.99134251990205,1198.7575574077473
1.0,vecD,shell,0.010292747724096083,332.6181613131784,1198.7508874762846
1.0,vecD,shell,0.01053310445370937,340.42485848243194,1198.7440666742823
1.0,vecD,shell,0.01077907400499273,348.41571847507595,1198.7370917044989
1.0,vecD,shell,0.011030787448822152,356.59512975272384,1198.7299592030186
1.0,vecD,shell,0.011288378916846888,364.96758740729905,1198.7226657381584
1.0,vecD,shell,0.011551985672964792,373.5376958470736,1198.715207809369
1.0,vecD,shell,0.011821748186466717,382.3101715546823,1198.7075818461315
1.0,vecD,shell,0.012097810206889013,391.2898459192316,1198.69978420685
1.0,vecD,shell,0.012380318840613974,400.4816681446901,1198.6918111777402
1.0,vecD,shell,0.012669424629259064,409.8907082368211,1198.6836589717177
1.0,vecD,shell,0.012965281629896682,419.522160070992,1198.675323727283
1.0,vecD,shell,0.013268047497147245,429.38134454327417,1198.6668015074104
1.0,vecD,shell,0.013577883567189284,439.4737128073284,1198.6580882984292
1.0,vecD,shell,0.013894954943731374,449.8048495996547,1198.6491800089163
1.0,vecD,shell,0.014219430585991668,460.3804766558718,1198.6400724685864
1.0,vecD,shell,0.014551483398731937,471.2064562207837,1198.6307614271875
1.0,vecD,shell,0.014891290324394095,482.2887946550854,1198.6212425534015
1.0,vecD,shell,0.015239032437388288,493.6336461416536,1198.611511433753
1.0,vecD,shell,0.015594895040582823,505.2473164944762,1198.6015635715264
1.0,vecD,shell,0.01595906776404731,517.136267073372,1198.5913943856913
1.0,vecD,shell,0.016331744666101676,529.3071188077698,1198.5809992098405
1.0,vecD,shell,0.016713124336724876,541.7666563329217,1198.5703732911413
1.0,vecD,shell,0.017103410003378405,554.5218322420498,1198.5595117893017
1.0,vecD,shell,0.017502809639301013,567.5797714580449,1198.5484097755539
1.0,vecD,shell,0.01791153607433231,580.9477757284635,1198.537062231655
1.0,vecD,shell,0.018329807108324356,594.6333282477045,1198.5254640489097
1.0,vecD,shell,0.018757845627201602,608.6440984103781,1198.5136100272173
1.0,vecD,shell,0.01919587972173111,622.9879467000335,1198.501494874142
1.0,vecD,shell,0.019644142809066276,637.6729297175486,1198.4891132040107
1.0,vecD,shell,0.020102873757128856,652.7073053536499,1198.476459537044
1.0,vecD,shell,0.02057231701189556,668.0995381101811,1198.4635282985148
1.0,vecD,shell,0.02105272272765707,683.8583045749216,1198.4503138179489
1.0,vecD,shell,0.021544346900318832,699.9924990549086,1198.4368103283566
1.0,vecD,shell,0.022047451503814746,716.5112393734205,1198.4230119655113
1.0,vecD,shell,0.02256230462970634,733.423872835949,1198.4089127672712
1.0,vecD,shell,0.023089180630041926,750.7399823706942,1198.3945066729448
1.0,vecD,shell,0.023628360263551765,768.4693928493151,1198.3797875227117
1.0,vecD,shell,0.024180130845257206,786.622177593883,1198.3647490570963
1.0,vecD,shell,0.024744786399573514,805.2086650762034,1198.349384916497
1.0,vecD,shell,0.025322627816987946,824.2394458159044,1198.3336886407817
1.0,vecD,shell,0.025913963014396586,843.7253794839254,1198.3176536689436
1.0,vecD,shell,0.02651910709918538,863.6776022182902,1198.3012733388307
1.0,vecD,shell,0.027138382537142788,884.1075341593098,1198.2845408869453
1.0,vecD,shell,0.02777211932429355,905.0268872116233,1198.267449448326
1.0,vecD,shell,0.028420655162745122,926.4476730407745,1198.249992056508
1.0,vecD,shell,0.029084335640640478,948.3822113123072,1198.2321616435722
1.0,vecD,shell,0.029763514416313176,970.8431381816689,1198.2139510402876
1.0,vecD,shell,0.03045855340674284,993.8434150435318,1198.1953529763475
1.0,vecD,shell,0.03116982298041145,1017.3963375494681,1198.1763600807099
1.0,vecD,shell,0.03189770215466321,1041.5155449032568,1198.156964882046
1.0,vecD,shell,0.03264257879767322,1066.21502944347,1198.1371598092976
1.0,vecD,shell,0.03340484983513244,1091.5091465233431,1198.1169371923568
1.0,vecD,shell,0.03418492146175929,1117.4126246983337,1198.0962892628677
1.0,vecD,shell,0.03498320935775036,1143.9405762321826,1198.0752081551577
1.0,vecD,shell,0.035800138910285786,1171.1085079326965,1198.0536859073063
1.0,vecD,shell,0.036636145440207164,1198.932332328931,1198.0317144623546
1.0,vecD,shell,0.037491674433988875,1227.4283792018978,1198.0092856696624
1.0,vecD,shell,0.03836718178112645,1256.613407481412,1197.9863912864255
1.0,vecD,shell,0.03926313401706837,1286.5046175221685,1197.9630229793472
1.0,vecD,shell,0.04018000857182091,1317.1196637726975,1197.9391723264855
1.0,vecD,shell,0.04111829402435831,1348.4766678513447,1197.9148308192687
1.0,vecD,shell,0.04207849036297403,1380.5942320440236,1197.8899898647019
1.0,vecD,shell,0.043061109251711714,1413.491453239057,1197.8646407877552
1.0,vecD,shell,0.04406667430301786,1447.1879373150448,1197.8387748339544
1.0,vecD,shell,0.045095721356761466,1481.7038139983363,1197.812383172175
1.0,vecD,shell,0.04614879876576939,1517.0597522073529,1197.7854568976463
1.0,vecD,shell,0.047226467688029516,1553.2769759017037,1197.7579870351774
1.0,vecD,shell,0.04832930238571752,1590.3772804547682,1197.7299645426112
1.0,vecD,shell,0.049457890531206423,1628.3830495691627,1197.7013803145117
1.0,vecD,shell,0.05061283352022219,1667.3172727553272,1197.6722251860938
1.0,vecD,shell,0.0517947467923121,1707.2035633942637,1197.642489937409
1.0,vecD,shell,0.05300426015879673,1748.066177406335,1197.612165297783
1.0,vecD,shell,0.05424201813838027,1789.9300325489394,1197.5812419505246
1.0,vecD,shell,0.05550868030059805,1832.8207283667814,1197.5497105379097
1.0,vecD,shell,0.05680492161728426,1876.764566819481,1197.517561666444
1.0,vecD,shell,0.058131432822247135,1921.788573612248,1197.4847859124188
1.0,vecD,shell,0.05948892077934334,1967.9205202564342,1197.4513738277656
1.0,vecD,shell,0.06087810885914762,2015.1889468878749,1197.4173159462111
1.0,vecD,shell,0.06229973732441844,2063.6231858721035,1197.3826027897546
1.0,vecD,shell,0.06375456372456506,2113.2533862267287,1197.3472248754542
1.0,vecD,shell,0.06524336329932624,2164.1105388925166,1197.3111727225505
1.0,vecD,shell,0.06676692939187563,2216.22650288606,1197.2744368599185
1.0,vecD,shell,0.06832607387157402,2269.6340323682884,1197.2370078338627
1.0,vecD,shell,0.06992162756659374,2324.3668046644793,1197.1988762162587
1.0,vecD,shell,0.07155444070664578,2380.4594492729984,1197.1600326130501
1.0,vecD,shell,0.07322538337604534,2437.947577901481,1197.1204676731013
1.0,vecD,shell,0.07493534597735753,2496.8678155708753,1197.0801720974152
1.0,vecD,shell,0.0766852397058701,2557.2578328294294,1197.0391366487224
1.0,vecD,shell,0.07847599703514611,2619.1563791205076,1196.9973521614388
1.0,vecD,shell,0.08030857221391513,2682.6033173499704,1196.954809552003
1.0,vecD,shell,0.08218394177456802,2747.639659700818,1196.9114998295954
1.0,vecD,shell,0.08410310505352604,2814.3076047447953,1196.8674141072324
1.0,vecD,shell,0.08606708472376164,2882.650575902809,1196.8225436132534
1.0,vecD,shell,0.08807692733975461,2952.7132613081885,1196.7768797031852
1.0,vecD,shell,0.09013370389517433,3024.5416551291655,1196.7304138719965
1.0,vecD,shell,0.09223851039358476,3098.1831004093337,1196.6831377667334
1.0,vecD,shell,0.09439246843247669,3173.6863334873797,1196.635043199541
1.0,vecD,shell,0.09659672580093832,3251.101530060016,1196.58612216106
1.0,vecD,shell,0.09885245709128276,3330.4803529547967,1196.5363668342045
1.0,vecD,shell,0.10116086432495808,3411.8760016823308,1196.485769608309
1.0,vecD,shell,0.10352317759307378,3495.3432638404724,1196.4343230936404
1.0,vecD,shell,0.1059406557118851,3580.938568446148,1196.3820201362698
1.0,vecD,shell,0.10841458689358349,3668.7200412737343,1196.328853833293
1.0,vecD,shell,0.11094628943275218,3758.7475622824086,1196.2748175483896
1.0,vecD,shell,0.11353711240885178,3851.0828252183583,1196.2199049277153
1.0,vecD,shell,0.11618843640511002,3945.7893994815036,1196.164109916105
1.0,vecD,shell,0.118901674244199,4042.9327943502913,1196.107426773579
1.0,vecD,shell,0.1216782717410923,4142.580525662184,1196.049850092136
1.0,vecD,shell,0.12451970847350319,4244.8021850516925,1195.9913748128135
1.0,vecD,shell,0.12742749857031335,4349.669511852246,1195.9319962429968
1.0,vecD,shell,0.13040319151841315,4457.256467772808,1195.871710073955
1.0,vecD,shell,0.13344837298838383,4567.6393144650565,1195.8105123985831
1.0,vecD,shell,0.13656466567946096,4680.896694101927,1195.7483997293257
1.0,vecD,shell,0.1397537301842291,4797.109713093591,1195.6853690162504
1.0,vecD,shell,0.1430172658735088,4916.362029072513,1195.6214176652522
1.0,vecD,shell,0.14635701180190797,5038.739941284984,1195.5565435563465
1.0,vecD,shell,0.14977474763452,5164.332484532517,1195.4907450620317
1.0,vecD,shell,0.15327229459526134,5293.231526812747,1195.4240210656733
1.0,vecD,shell,0.1568515164373548,5425.531870816112,1195.3563709798852
1.0,vecD,shell,0.16051432043647615,5561.331359441448,1195.2877947648633
1.0,vecD,shell,0.16426265840709303,5700.730985500728,1195.2182929466294
1.0,vecD,shell,0.16809852774253636,5843.835005790681,1195.1478666351525
1.0,vecD,shell,0.1720239724793599,5990.751059716868,1195.0765175422912
1.0,vecD,shell,0.17604108438655525,6141.590292663976,1195.0042479995216
1.0,vecD,shell,0.18015200408020238,6296.46748431453,1194.9310609753943
1.0,vecD,shell,0.1843589221641488,6455.501182127197,1194.8569600926796
1.0,vecD,shell,0.18866408039732582,6618.8138401950955,1194.7819496451416
1.0,vecD,shell,0.19306977288832497,6786.531963714364,1194.7060346138906
1.0,vecD,shell,0.19757834731786994,6958.786259303235,1194.6292206832645
1.0,vecD,shell,0.20219220618983536,7135.711791422508,1194.5515142561735
1.0,vecD,shell,0.20691380811147903,7317.448145159404,1194.4729224688617
1.0,vecD,shell,0.21174566910357118,7504.139595648363,1194.3934532050164
1.0,vecD,shell,0.2166903639411181,7695.935284414364,1194.3131151091739
1.0,vecD,shell,0.22175052752539318,7892.989402936876,1194.23191759936
1.0,vecD,shell,0.2269288562880081,8095.461383745902,1194.149870878899
1.0,vecD,shell,0.23222810962777246,8303.516099375152,1194.0669859473371
1.0,vecD,shell,0.23765111138110728,8517.324069511847,1193.9832746104144
1.0,vecD,shell,0.24320075132679475,8737.061676697473,1193.8987494890255
1.0,vecD,shell,0.24887998672586673,8962.91139094961,1193.8134240271017
1.0,vecD,shell,0.25469184389745403,9195.062003691322,1193.7273124983676
1.0,vecD,shell,0.26063941983143474,9433.708871391442,1193.6404300118948
1.0,vecD,shell,0.2667258838387405,9679.054169337072,1193.5527925164045
1.0,vecD,shell,0.2729544792402007,9931.307155978107,1193.4644168032596
1.0,vecD,shell,0.2793285250948253,10190.68444830313,1193.3753205080843
1.0,vecD,shell,0.28585141796844715,10457.410308726121,1193.285522110964
1.0,vecD,shell,0.2925266337436645,10731.716943984637,1193.195040935168
1.0,vecD,shell,0.29935772947204903,11013.844816572138,1193.1038971443472
1.0,vecD,shell,0.3063483452696084,11304.042969250413,1193.0121117381584
1.0,vecD,shell,0.3135022062565112,11602.569363211715,1192.9197065462736
1.0,vecD,shell,0.32082312454210776,11909.691230485578,1192.82670422073
1.0,vecD,shell,0.3283150012563047,12225.685441211372,1192.7331282265889
1.0,vecD,shell,0.3359818286283781,12550.838886425092,1192.6390028308654
1.0,vecD,shell,0.34382769211433073,12885.448877037279,1192.544353089706
1.0,vecD,shell,0.3518567725739263,13229.823559708633,1192.4492048337852
1.0,vecD,shell,0.360073348498562,13584.282350361145,1192.3535846519092
1.0,vecD,shell,0.3684817982911677,13949.156386094915,1192.2575198728057
1.0,vecD,shell,0.3770866025993452,14324.788996314417,1192.1610385451002
1.0,vecD,shell,0.3858923467029903,14711.536193903372,1192.0641694154683
1.0,vecD,shell,0.3949037229576702,15109.767187324122,1191.9669419049796
1.0,vecD,shell,0.40412553329506,15519.864914555776,1191.8693860836302
1.0,vecD,shell,0.4135626917817706,15942.226599825346,1191.771532643093
1.0,vecD,shell,0.4232202272379275,16377.264334127649,1191.6734128677022
1.0,vecD,shell,0.4331032859169001,16825.405680573425,1191.5750586037027
1.0,vecD,shell,0.44321713424760856,17287.09430565052,1191.4765022268084
1.0,vecD,shell,0.45356716164087024,17762.790637529943,1191.3777766081014
1.0,vecD,shell,0.46415888336127775,18252.972552598065,1191.2789150783374
1.0,vecD,shell,0.47499794346614127,18758.136091447577,1191.1799513907024
1.0,vecD,shell,0.48609011781306305,19278.796205613417,1191.0809196820949
1.0,vecD,shell,0.49744131713774514,19815.487536395536,1190.9818544330003
1.0,vecD,shell,0.5090575902036681,20368.765227168467,1190.8827904260397
1.0,vecD,shell,0.5209451270253211,20939.20577063833,1190.783762703273
1.0,vecD,shell,0.5331102621667033,21527.4078925712,1190.6848065223533
1.0,vecD,shell,0.5455594781168515,22133.99347358211,1190.5859573116272
1.0,vecD,shell,0.5582994087441919,22759.608510642713,1190.487250624284
1.0,vecD,shell,0.571336842831558,23404.92412003669,1190.3887220916658
1.0,vecD,shell,0.584678727693759,24070.63758356682,1190.2904073758455
1.0,vecD,shell,0.5983321728796283,24757.473439894376,1190.1923421216027
1.0,vecD,shell,0.6123044539605184,25466.184622972112,1190.0945619079077
1.0,vecD,shell,0.6266030164072656,26197.553649616188,1189.997102199052
1.0,vecD,shell,0.6412354795576917,26952.393858349616,1189.8999982955468
1.0,vecD,shell,0.6562096406767555,27731.550701740336,1189.803285284928
1.0,vecD,shell,0.6715334791115142,28535.903094551544,1189.7069979925996
1.0,vecD,shell,0.6872151605431122,29366.364820120325,1189.6111709328559
1.0,vecD,shell,0.7032630413380644,30223.885997483172,1189.5158382602172
1.0,vecD,shell,0.7196856730011514,31109.454611872567,1189.421033721218
1.0,vecD,shell,0.7364918067322965,32024.09811132006,1189.3267906067867
1.0,vecD,shell,0.7536903980898542,32968.885072215795,1189.2331417053567
1.0,vecD,shell,0.7712906117627992,33944.9269367947,1189.1401192568374
1.0,vecD,shell,0.7893018264543568,34953.37982564298,1189.0477549075883
1.0,vecD,shell,0.8077336398796711,35995.44642844792,1188.9560796665169
1.0,vecD,shell,0.8265958738801813,37072.37797634852,1188.8651238624393
1.0,vecD,shell,0.84589857965743,38185.47629938364,1188.7749171028167
1.0,vecD,shell,0.8656520431290936,39336.09597267912,1188.6854882339921
1.0,vecD,shell,0.8858667904100823,40525.64655516523,1188.5968653030425
1.0,vecD,shell,0.9065535934216359,41755.59492477256,1188.5090755213469
1.0,vecD,shell,0.927723475631406,43027.467714216415,1188.4221452299835
1.0,vecD,shell,0.949387717927582,44342.85385164731,1188.3360998670378
1.0,vecD,shell,0.9715578646301858,45703.407210619844,1188.2509639369202
1.0,vecD,shell,0.9942457296427418,47110.84937401341,1188.1667609817705
1.0,vecD,shell,1.0174634027476064,48566.97251672581,1188.0835135550135
1.0,vecD,shell,1.0412232560483043,50073.642412155285,1188.0012431971436
1.0,vecD,shell,1.0655379505623053,51632.8015676875,1187.9199704137836
1.0,vecD,shell,1.0904204429677526,53246.47249461407,1187.8397146560649
1.0,vecD,shell,1.115883992507748,54916.76111812523,1187.7604943033728
1.0,vecD,shell,1.1419421680558648,56645.860333243516,1187.682326648479
1.0,vecD,shell,1.168608855346651,58436.053712796645,1187.6052278850857
1.0,vecD,shell,1.1958982643749794,60289.71937376944,1187.5292130977887
1.0,vecD,shell,1.2238249369681924,62209.33400862286,1187.4542962544597
1.0,vecD,shell,1.252403754535072,64197.47708842497,1187.3804902010465
1.0,vecD,shell,1.2816499459957584,66256.83524490458,1187.307806658768
1.0,vecD,shell,1.3115790958968503,68390.2068388142,1187.2362562236785
1.0,vecD,shell,1.342207152716012,70600.50672227272,1187.1658483685774
1.0,vecD,shell,1.3735504373605123,72890.77120305154,1187.0965914472079
1.0,vecD,shell,1.405625651864215,75264.16321907102,1187.0284927007106
1.0,vecD,shell,1.438449888287663,77723.97773168741,1186.9615582662625
1.0,vecD,shell,1.4720406378260014,80273.6473466739,1186.8957931878456
1.0,vecD,shell,1.506415800129591,82916.7481721318,1186.831201429071
1.0,vecD,shell,1.5415936928422718,85657.00592291096,1186.767785887983
1.0,vecD,shell,1.5775930613623614,88498.30228147346,1186.705548413764
1.0,vecD,shell,1.6144330888316019,91444.68152549953,1186.6444898252428
1.0,vecD,shell,1.6521334063573685,94500.35743290957,1186.5846099311302
1.0,vecD,shell,1.69071410347358,97669.72047536144,1186.525907551871
1.0,vecD,shell,1.7301957388458944,100957.34531168207,1186.4683805430225
1.0,vecD,shell,1.770599351226898,104367.99859309995,1186.4120258200517
1.0,vecD,shell,1.8119464706671222,107906.6470925654,1186.3568393844482
1.0,vecD,shell,1.8542591299878524,111578.46617087562,1186.3028163510492
1.0,vecD,shell,1.8975598765218504,115388.84859276572,1186.2499509764586
1.0,vecD,shell,1.941871784128255,119343.41370658204,1186.1982366884667
1.0,vecD,shell,1.9872184654880534,123448.01700161726,1186.1476661163445
1.0,vecD,shell,2.0336240846866724,127708.76005766467,1186.098231121915
1.0,vecD,shell,2.081113370090395,132132.00090183833,1186.0499228312888
1.0,vecD,shell,2.129711627523478,136724.3647882061,1186.0027316671599
1.0,vecD,shell,2.1794447537529833,141492.75541629145,1185.9566473815476
1.0,vecD,shell,2.2303392502884964,146444.36660502237,1185.9116590888937
1.0,vecD,shell,2.2824222375040977,151586.69443923965,1185.8677552994027
1.0,vecD,shell,2.3357214690901213,156927.54990642116,1185.8249239525308
1.0,vecD,shell,2.3902653468423893,162475.0720418295,1185.78315245053
1.0,vecD,shell,2.446082935796798,168237.74160085595,1185.7424276919533
1.0,vecD,shell,2.5032039797173256,174224.39527790734,1185.7027361050295
1.0,vecD,shell,2.561658916945727,180444.24049176666,1185.66406368083
1.0,vecD,shell,2.6214788966213534,186906.87075794727,1185.6263960061399
1.0,vecD,shell,2.6826957952797246,193622.28166916035,1185.589718295965
1.0,vecD,shell,2.745342233838714,200600.88750562537,1185.5540154255916
1.0,vecD,shell,2.809451594981406,207853.53849756712,1185.519271962146
1.0,vecD,shell,2.8750580409448774,215391.53876286282,1185.485472195577
1.0,vecD,shell,2.942196531724374,223226.66494342746,1185.4526001690149
1.0,vecD,shell,3.0109028437025924,231371.18556456032,1185.4206397084456
1.0,vecD,shell,3.081213588714002,239837.88114210876,1185.389574451653
1.0,vecD,shell,3.1531662335543613,248640.06506294242,1185.3593878763922
1.0,vecD,shell,3.2267991199458086,257791.6052648664,1185.3300633277397
1.0,vecD,shell,3.3021514849681757,267306.94674274616,1185.3015840446024
1.0,vecD,shell,3.379263481967431,277201.1349082536,1185.2739331853445
1.0,vecD,shell,3.4581762019523774,287489.83983127825,1185.2470938525034
1.0,vecD,shell,3.538931695490988,298189.38139167515,1185.2210491165904
1.0,vecD,shell,3.6215729951180746,309316.7553706546,1185.1957820389316
1.0,vecD,shell,3.706144138266228,320889.66051173373,1185.1712756935594
1.0,vecD,shell,3.792690190732246,332926.52658178104,1185.1475131881352
1.0,vecD,shell,3.881257270691536,345446.5434632773,1185.1244776838894
1.0,vecD,shell,3.971892573273302,358469.6913095108,1185.102152414592
1.0,vecD,shell,4.064644395709628,372016.77179499395,1185.0805207045398
1.0,vecD,shell,4.1595621630718425,386109.44049393525,1185.0595659855724
1.0,vecD,shell,4.256696454607871,400770.24042013765,1185.0392718131186
1.0,vecD,shell,4.356099030694608,416022.6367622032,1185.0196218812855
1.0,vecD,shell,4.457822860419706,431891.05284841877,1185.0006000370006
1.0,vecD,shell,4.561922149807459,448400.907376143,1184.9821902932194
1.0,vecD,shell,4.66845237070379,465578.6529409449,1184.9643768412182
1.0,vecD,shell,4.777470290335773,483451.81590114674,1184.9471440619875
1.0,vecD,shell,4.889034001561443,502049.03761377686,1184.930476536744
1.0,vecD,shell,5.003202953825999,521400.1170782549,1184.9143590565884
1.0,vecD,shell,5.120037984840887,541536.055024403,1184.8987766313244
1.0,vecD,shell,5.239601353002644,562489.0994816159,1184.8837144974714
1.0,vecD,shell,5.361956770568817,584292.7928661959,1184.8691581254848
1.0,vecD,shell,5.487169437608599,606982.0206239859,1184.8550932262224
1.0,vecD,shell,5.615306076746273,630593.0614654961,1184.8415057566722
1.0,vecD,shell,5.746434968715974,655163.6392307378,1184.828381924976
1.0,vecD,shell,5.880625988746757,680732.9764209259,1184.815708194776
1.0,vecD,shell,6.017950643797328,707341.8494340738,1184.8034712889055
1.0,vecD,shell,6.158482110660261,735032.6455413176,1184.791658192462
1.0,vecD,shell,6.302295274956023,763849.42164054,1184.7802561552837
1.0,vecD,shell,6.449466771037621,793837.9648235131,1184.7692526938597
1.0,vecD,shell,6.600075022827088,825045.8547923493,1184.7586355927037
1.0,vecD,shell,6.754200285605586,857522.5281605212,1184.748392905215
1.0,vecD,shell,6.911924688779366,891319.3446731147,1184.7385129540598
1.0,vecD,shell,7.073332279644439,926489.6553802878,1184.7289843310932
1.0,vecD,shell,7.238509068173248,963088.8727970942,1184.7197958968595
1.0,vecD,shell,7.4075430728471625,1001174.5430819317,1184.7109367796813
1.0,vecD,shell,7.580524367559261,1040806.4202648959,1184.7023963743798
1.0,vecD,shell,7.757545129612414,1082046.542556209,1184.694164340638
1.0,vecD,shell,7.9386996888382235,1124959.3107636755,1184.6862306010407
1.0,vecD,shell,8.124084577862966,1169611.5688468022,1184.6785853388071
1.0,vecD,shell,8.313798583547333,1216072.6866337727,1184.6712189952477
1.0,vecD,shell,8.507942799627445,1264414.644725972,1184.664122266958
1.0,vecD,shell,8.706620680585118,1314712.1216130329,1184.6572861027782
1.0,vecD,shell,8.909938096776107,1367042.5830196408,1184.6507017005395
1.0,vecD,shell,9.118003390845681,1421486.373503445,1184.6443605036063
1.0,vecD,shell,9.330927435461664,1478126.8103214295,1184.6382541972503
1.0,vecD,shell,9.548823692395656,1537050.2795799633,1184.6323747048582
1.0,vecD,shell,9.771808272983899,1598346.3346815489,1184.6267141840046
1.0,vecD,shell,10.0,1662107.7970789247,1184.6212650223936
1.0,scaD,helm,0.007802442493165045,251.83974153390602,355.23978055275325
1.0,scaD,helm,0.007984645497739086,257.7433475979593,349.645327032068
1.0,scaD,helm,0.008171103315457203,263.7858841834967,346.8263820549082
1.0,scaD,helm,0.008361915304916317,269.97064611323583,345.7694853503079
1.0,scaD,helm,0.008557183144940002,276.3010075366261,345.76549063482014
1.0,scaD,helm,0.008757010888760509,282.78042389496926,345.7654906348201
1.0,scaD,helm,0.00896150501946605,289.41243393774965,345.7654906348201
1.0,scaD,helm,0.00917077450674293,296.20066179162257,345.76549063482014
1.0,scaD,helm,0.009384930864942721,303.1488190835526,345.7654906348201
1.0,scaD,helm,0.009604088212505378,310.2607071196392,345.7654906348201
1.0,scaD,helm,0.00982836333277003,317.5402191212217,345.7654906348201
1.0,scaD,helm,0.010057875736205835,324.99134251990205,345.7654906348201
1.0,scaD,helm,0.010292747724096083,332.6181613131784,345.76549063482
1.0,scaD,helm,0.01053310445370937,340.42485848243194,345.7654906348201
1.0,scaD,helm,0.01077907400499273,348.41571847507595,345.76549063482014
1.0,scaD,helm,0.011030787448822152,356.59512975272384,345.76549063482014
1.0,scaD,helm,0.011288378916846888,364.96758740729905,345.7654906348201
1.0,scaD,helm,0.011551985672964792,373.5376958470736,345.76549063482014
1.0,scaD,helm,0.011821748186466717,382.3101715546823,345.76549063482014
1.0,scaD,helm,0.012097810206889013,391.2898459192316,345.7654906348201
1.0,scaD,helm,0.012380318840613974,400.4816681446901,345.76549063482014
1.0,scaD,helm,0.012669424629259064,409.8907082368211,345.7654906348201
1.0,scaD,helm,0.012965281629896682,419.522160070992,345.76549063482014
1.0,scaD,helm,0.013268047497147245,429.38134454327417,345.7654906348202
1.0,scaD,helm,0.013577883567189284,439.4737128073284,345.76549063482014
1.0,scaD,helm,0.013894954943731374,449.8048495996547,345.76549063482014
1.0,scaD,helm,0.014219430585991668,460.3804766558718,345.76549063482014
1.0,scaD,helm,0.014551483398731937,471.2064562207837,345.7654906348202
1.0,scaD,helm,0.014891290324394095,482.2887946550854,345.7654906348201
1.0,scaD,helm,0.015239032437388288,493.6336461416536,345.76549063482
1.0,scaD,helm,0.015594895040582823,505.2473164944762,345.76549063482014
1.0,scaD,helm,0.01595906776404731,517.136267073372,345.76549063482014
1.0,scaD,helm,0.016331744666101676,529.3071188077698,345.7654906348202
1.0,scaD,helm,0.016713124336724876,541.7666563329217,345.76549063482014
1.0,scaD,helm,0.017103410003378405,554.5218322420498,345.76549063482014
1.0,scaD,helm,0.017502809639301013,567.5797714580449,345.7654906348201
1.0,scaD,helm,0.01791153607433231,580.9477757284635,345.7654906348201
1.0,scaD,helm,0.018329807108324356,594.6333282477045,345.76549063482014
1.0,scaD,helm,0.018757845627201602,608.6440984103781,345.76549063482014
1.0,scaD,helm,0.01919587972173111,622.9879467000335,345.7654906348201
1.0,scaD,helm,0.019644142809066276,637.6729297175486,345.7654906348202
1.0,scaD,helm,0.020102873757128856,652.7073053536499,345.76549063482014
1.0,scaD,helm,0.02057231701189556,668.0995381101811,345.7654906348201
1.0,scaD,helm,0.02105272272765707,683.8583045749216,345.7654906348201
1.0,scaD,helm,0.021544346900318832,699.9924990549086,345.76549063482014
1.0,scaD,helm,0.022047451503814746,716.5112393734205,345.7654906348201
1.0,scaD,helm,0.02256230462970634,733.423872835949,345.76549063482014
1.0,scaD,helm,0.023089180630041926,750.7399823706942,345.76549063482014
1.0,scaD,helm,0.023628360263551765,768.4693928493151,345.76549063482014
1.0,scaD,helm,0.024180130845257206,786.622177593883,345.76549063482014
1.0,scaD,helm,0.024744786399573514,805.2086650762034,345.76549063482014
1.0,scaD,helm,0.025322627816987946,824.2394458159044,345.76549063482014
1.0,scaD,helm,0.025913963014396586,843.7253794839254,345.76549063482014
1.0,scaD,helm,0.02651910709918538,863.6776022182902,345.76549063482014
1.0,scaD,helm,0.027138382537142788,884.1075341593098,345.76549063482014
1.0,scaD,helm,0.02777211932429355,905.0268872116233,345.7654906348202
1.0,scaD,helm,0.028420655162745122,926.4476730407745,345.76549063482014
1.0,scaD,helm,0.029084335640640478,948.3822113123072,345.7654906348201
1.0,scaD,helm,0.029763514416313176,970.8431381816689,345.7654906348202
1.0,scaD,helm,0.03045855340674284,993.8434150435318,345.7654906348201
1.0,scaD,helm,0.03116982298041145,1017.3963375494681,345.7654906348201
1.0,scaD,helm,0.03189770215466321,1041.5155449032568,345.7654906348201
1.0,scaD,helm,0.03264257879767322,1066.21502944347,345.76549063482025
1.0,scaD,helm,0.03340484983513244,1091.5091465233431,345.76549063482
1.0,scaD,helm,0.03418492146175929,1117.4126246983337,345.76549063482014
1.0,scaD,helm,0.03498320935775036,1143.9405762321826,345.76549063482
1.0,scaD,helm,0.035800138910285786,1171.1085079326965,345.76549063482014
1.0,scaD,helm,0.036636145440207164,1198.932332328931,345.76549063482014
1.0,scaD,helm,0.037491674433988875,1227.4283792018978,345.76549063482014
1.0,scaD,helm,0.03836718178112645,1256.613407481412,345.76549063482014
1.0,scaD,helm,0.03926313401706837,1286.5046175221685,345.76549063482014
1.0,scaD,helm,0.04018000857182091,1317.1196637726975,345.7654906348201
1.0,scaD,helm,0.04111829402435831,1348.4766678513447,345.76549063482014
1.0,scaD,helm,0.04207849036297403,1380.5942320440236,345.76549063482014
1.0,scaD,helm,0.043061109251711714,1413.491453239057,345.7654906348201
1.0,scaD,helm,0.04406667430301786,1447.1879373150448,345.76549063482014
1.0,scaD,helm,0.045095721356761466,1481.7038139983363,345.76549063482014
1.0,scaD,helm,0.04614879876576939,1517.0597522073529,345.7654906348201
1.0,scaD,helm,0.047226467688029516,1553.2769759017037,345.76549063482014
1.0,scaD,helm,0.04832930238571752,1590.3772804547682,345.7654906348201
1.0,scaD,helm,0.049457890531206423,1628.3830495691627,345.76549063482014
1.0,scaD,helm,0.05061283352022219,1667.3172727553272,345.7654906348201
1.0,scaD,helm,0.0517947467923121,1707.2035633942637,345.7654906348201
1.0,scaD,helm,0.05300426015879673,1748.066177406335,345.76549063482014
1.0,scaD,helm,0.05424201813838027,1789.9300325489394,345.76549063482014
1.0,scaD,helm,0.05550868030059805,1832.8207283667814,345.76549063482014
1.0,scaD,helm,0.05680492161728426,1876.764566819481,345.7654906348201
1.0,scaD,helm,0.058131432822247135,1921.788573612248,345.7654906348201
1.0,scaD,helm,0.05948892077934334,1967.9205202564342,345.76549063482014
1.0,scaD,helm,0.06087810885914762,2015.1889468878749,345.76549063481997
1.0,scaD,helm,0.06229973732441844,2063.6231858721035,345.76549063482014
1.0,scaD,helm,0.06375456372456506,2113.2533862267287,345.76549063482014
1.0,scaD,helm,0.06524336329932624,2164.1105388925166,345.7654906348202
1.0,scaD,helm,0.06676692939187563,2216.22650288606,345.76549063482014
1.0,scaD,helm,0.06832607387157402,2269.6340323682884,345.76549063482014
1.0,scaD,helm,0.06992162756659374,2324.3668046644793,345.76549063482014
1.0,scaD,helm,0.07155444070664578,2380.4594492729984,345.76549063482014
1.0,scaD,helm,0.07322538337604534,2437.947577901481,345.76549063482
1.0,scaD,helm,0.07493534597735753,2496.8678155708753,345.76549063482
1.0,scaD,helm,0.0766852397058701,2557.2578328294294,345.76549063482014
1.0,scaD,helm,0.07847599703514611,2619.1563791205076,345.7654906348201
1.0,scaD,helm,0.08030857221391513,2682.6033173499704,345.7654906348202
1.0,scaD,helm,0.08218394177456802,2747.639659700818,345.7654906348202
1.0,scaD,helm,0.08410310505352604,2814.3076047447953,345.76549063482014
1.0,scaD,helm,0.08606708472376164,2882.650575902809,345.76549063482
1.0,scaD,helm,0.08807692733975461,2952.7132613081885,345.7654906348201
1.0,scaD,helm,0.09013370389517433,3024.5416551291655,345.7654906348201
1.0,scaD,helm,0.09223851039358476,3098.1831004093337,345.7654906348201
1.0,scaD,helm,0.09439246843247669,3173.6863334873797,345.76549063482014
1.0,scaD,helm,0.09659672580093832,3251.101530060016,345.76549063482014
1.0,scaD,helm,0.09885245709128276,3330.4803529547967,345.7654906348201
1.0,scaD,helm,0.10116086432495808,3411.8760016823308,345.7654906348201
1.0,scaD,helm,0.10352317759307378,3495.3432638404724,345.76549063482014
1.0,scaD,helm,0.1059406557118851,3580.938568446148,345.7654906348201
1.0,scaD,helm,0.10841458689358349,3668.7200412737343,345.76549063482014
1.0,scaD,helm,0.11094628943275218,3758.7475622824086,345.7654906348201
1.0,scaD,helm,0.11353711240885178,3851.0828252183583,345.76549063482014
1.0,scaD,helm,0.11618843640511002,3945.7893994815036,345.7654906348201
1.0,scaD,helm,0.118901674244199,4042.9327943502913,345.7654906348202
1.0,scaD,helm,0.1216782717410923,4142.580525662184,345.7654906348202
1.0,scaD,helm,0.12451970847350319,4244.8021850516925,345.7654906348201
1.0,scaD,helm,0.12742749857031335,4349.669511852246,345.7654906348201
1.0,scaD,helm,0.13040319151841315,4457.256467772808,345.7654906348201
1.0,scaD,helm,0.13344837298838383,4567.6393144650565,345.76549063482014
1.0,scaD,helm,0.13656466567946096,4680.896694101927,345.7654906348202
1.0,scaD,helm,0.1397537301842291,4797.109713093591,345.76549063482014
1.0,scaD,helm,0.1430172658735088,4916.362029072513,345.7654906348201
1.0,scaD,helm,0.14635701180190797,5038.739941284984,345.7654906348202
1.0,scaD,helm,0.14977474763452,5164.332484532517,345.76549063482
1.0,scaD,helm,0.15327229459526134,5293.231526812747,345.76549063482014
1.0,scaD,helm,0.1568515164373548,5425.531870816112,345.76549063482014
1.0,scaD,helm,0.16051432043647615,5561.331359441448,345.7654906348201
1.0,scaD,helm,0.16426265840709303,5700.730985500728,345.76549063482
1.0,scaD,helm,0.16809852774253636,5843.835005790681,345.76549063482014
1.0,scaD,helm,0.1720239724793599,5990.751059716868,345.76549063482014
1.0,scaD,helm,0.17604108438655525,6141.590292663976,345.76549063482014
1.0,scaD,helm,0.18015200408020238,6296.46748431453,345.7654906348201
1.0,scaD,helm,0.1843589221641488,6455.501182127197,345.76549063482014
1.0,scaD,helm,0.18866408039732582,6618.8138401950955,345.76549063482014
1.0,scaD,helm,0.19306977288832497,6786.531963714364,345.7654906348201
1.0,scaD,helm,0.19757834731786994,6958.786259303235,345.7654906348202
1.0,scaD,helm,0.20219220618983536,7135.711791422508,345.7654906348201
1.0,scaD,helm,0.20691380811147903,7317.448145159404,345.76549063482014
1.0,scaD,helm,0.21174566910357118,7504.139595648363,345.7654906348201
1.0,scaD,helm,0.2166903639411181,7695.935284414364,345.7654906348202
1.0,scaD,helm,0.22175052752539318,7892.989402936876,345.76549063482014
1.0,scaD,helm,0.2269288562880081,8095.461383745902,345.76549063482014
1.0,scaD,helm,0.23222810962777246,8303.516099375152,345.7654906348201
1.0,scaD,helm,0.23765111138110728,8517.324069511847,345.76549063482014
1.0,scaD,helm,0.24320075132679475,8737.061676697473,345.76549063482014
1.0,scaD,helm,0.24887998672586673,8962.91139094961,345.76549063482014
1.0,scaD,helm,0.25469184389745403,9195.062003691322,345.76549063482014
1.0,scaD,helm,0.26063941983143474,9433.708871391442,345.76549063481997
1.0,scaD,helm,0.2667258838387405,9679.054169337072,345.76549063482014
1.0,scaD,helm,0.2729544792402007,9931.307155978107,345.76549063482014
1.0,scaD,helm,0.2793285250948253,10190.68444830313,345.76549063482014
1.0,scaD,helm,0.28585141796844715,10457.410308726121,345.76549063482014
1.0,scaD,helm,0.2925266337436645,10731.716943984637,345.76549063482014
1.0,scaD,helm,0.29935772947204903,11013.844816572138,345.7654906348201
1.0,scaD,helm,0.3063483452696084,11304.042969250413,345.76549063482014
1.0,scaD,helm,0.3135022062565112,11602.569363211715,345.76549063482014
1.0,scaD,helm,0.32082312454210776,11909.691230485578,345.76549063482014
1.0,scaD,helm,0.3283150012563047,12225.685441211372,345.76549063482014
1.0,scaD,helm,0.3359818286283781,12550.838886425092,345.76549063482014
1.0,scaD,helm,0.34382769211433073,12885.448877037279,345.76549063482014
1.0,scaD,helm,0.3518567725739263,13229.823559708633,345.7654906348202
1.0,scaD,helm,0.360073348498562,13584.282350361145,345.7654906348201
1.0,scaD,helm,0.3684817982911677,13949.156386094915,345.76549063482014
1.0,scaD,helm,0.3770866025993452,14324.788996314417,345.76549063482
1.0,scaD,helm,0.3858923467029903,14711.536193903372,345.7654906348201
1.0,scaD,helm,0.3949037229576702,15109.767187324122,345.76549063482014
1.0,scaD,helm,0.40412553329506,15519.864914555776,345.7654906348201
1.0,scaD,helm,0.4135626917817706,15942.226599825346,345.76549063482014
1.0,scaD,helm,0.4232202272379275,16377.264334127649,345.76549063482014
1.0,scaD,helm,0.4331032859169001,16825.405680573425,345.76549063482014
1.0,scaD,helm,0.44321713424760856,17287.09430565052,345.76549063482
1.0,scaD,helm,0.45356716164087024,17762.790637529943,345.76549063482014
1.0,scaD,helm,0.46415888336127775,18252.972552598065,345.7654906348201
1.0,scaD,helm,0.47499794346614127,18758.136091447577,345.7654906348201
1.0,scaD,helm,0.48609011781306305,19278.796205613417,345.76549063482
1.0,scaD,helm,0.49744131713774514,19815.487536395536,345.76549063482014
1.0,scaD,helm,0.5090575902036681,20368.765227168467,345.76549063482014
1.0,scaD,helm,0.5209451270253211,20939.20577063833,345.7654906348201
1.0,scaD,helm,0.5331102621667033,21527.4078925712,345.7654906348201
1.0,scaD,helm,0.5455594781168515,22133.99347358211,345.76549063482014
1.0,scaD,helm,0.5582994087441919,22759.608510642713,345.7654906348201
1.0,scaD,helm,0.571336842831558,23404.92412003669,345.76549063482014
1.0,scaD,helm,0.584678727693759,24070.63758356682,345.7654906348202
1.0,scaD,helm,0.5983321728796283,24757.473439894376,345.76549063482014
1.0,scaD,helm,0.6123044539605184,25466.184622972112,345.7654906348201
1.0,scaD,helm,0.6266030164072656,26197.553649616188,345.7654906348202
1.0,scaD,helm,0.6412354795576917,26952.393858349616,345.76549063482014
1.0,scaD,helm,0.6562096406767555,27731.550701740336,345.76549063482014
1.0,scaD,helm,0.6715334791115142,28535.903094551544,345.7654906348201
1.0,scaD,helm,0.6872151605431122,29366.364820120325,345.7654906348201
1.0,scaD,helm,0.7032630413380644,30223.885997483172,345.7654906348201
1.0,scaD,helm,0.7196856730011514,31109.454611872567,345.7654906348201
1.0,scaD,helm,0.7364918067322965,32024.09811132006,345.7654906348201
1.0,scaD,helm,0.7536903980898542,32968.885072215795,345.76549063482
1.0,scaD,helm,0.7712906117627992,33944.9269367947,345.7654906348201
1.0,scaD,helm,0.7893018264543568,34953.37982564298,345.76549063482014
1.0,scaD,helm,0.8077336398796711,35995.44642844792,345.7654906348201
1.0,scaD,helm,0.8265958738801813,37072.37797634852,345.76549063482014
1.0,scaD,helm,0.84589857965743,38185.47629938364,345.7654906348202
1.0,scaD,helm,0.8656520431290936,39336.09597267912,345.76549063482014
1.0,scaD,helm,0.8858667904100823,40525.64655516523,345.76549063482014
1.0,scaD,helm,0.9065535934216359,41755.59492477256,345.76549063482014
1.0,scaD,helm,0.927723475631406,43027.467714216415,345.7654906348201
1.0,scaD,helm,0.949387717927582,44342.85385164731,345.7654906348201
1.0,scaD,helm,0.9715578646301858,45703.407210619844,345.76549063482014
1.0,scaD,helm,0.9942457296427418,47110.84937401341,345.76549063482014
1.0,scaD,helm,1.0174634027476064,48566.97251672581,345.7654906348201
1.0,scaD,helm,1.0412232560483043,50073.642412155285,345.7654906348201
1.0,scaD,helm,1.0655379505623053,51632.8015676875,345.7654906348201
1.0,scaD,helm,1.0904204429677526,53246.47249461407,345.7654906348201
1.0,scaD,helm,1.115883992507748,54916.76111812523,345.76549063482
1.0,scaD,helm,1.1419421680558648,56645.860333243516,345.7654906348201
1.0,scaD,helm,1.168608855346651,58436.053712796645,345.76549063482014
1.0,scaD,helm,1.1958982643749794,60289.71937376944,345.7654906348201
1.0,scaD,helm,1.2238249369681924,62209.33400862286,345.7654906348201
1.0,scaD,helm,1.252403754535072,64197.47708842497,345.7654906348201
1.0,scaD,helm,1.2816499459957584,66256.83524490458,345.7654906348201
1.0,scaD,helm,1.3115790958968503,68390.2068388142,345.7654906348201
1.0,scaD,helm,1.342207152716012,70600.50672227272,345.7654906348201
1.0,scaD,helm,1.3735504373605123,72890.77120305154,345.76549063482014
1.0,scaD,helm,1.405625651864215,75264.16321907102,345.76549063482014
1.0,scaD,helm,1.438449888287663,77723.97773168741,345.76549063482014
1.0,scaD,helm,1.4720406378260014,80273.6473466739,345.7654906348201
1.0,scaD,helm,1.506415800129591,82916.7481721318,345.7654906348202
1.0,scaD,helm,1.5415936928422718,85657.00592291096,345.76549063482014
1.0,scaD,helm,1.5775930613623614,88498.30228147346,345.76549063482014
1.0,scaD,helm,1.6144330888316019,91444.68152549953,345.7654906348202
1.0,scaD,helm,1.6521334063573685,94500.35743290957,345.7654906348202
1.0,scaD,helm,1.69071410347358,97669.72047536144,345.7654906348201
1.0,scaD,helm,1.7301957388458944,100957.34531168207,345.76549063482014
1.0,scaD,helm,1.770599351226898,104367.99859309995,345.7654906348201
1.0,scaD,helm,1.8119464706671222,107906.6470925654,345.7654906348201
1.0,scaD,helm,1.8542591299878524,111578.46617087562,345.76549063482014
1.0,scaD,helm,1.8975598765218504,115388.84859276572,345.76549063482014
1.0,scaD,helm,1.941871784128255,119343.41370658204,345.76549063482014
1.0,scaD,helm,1.9872184654880534,123448.01700161726,345.7654906348201
1.0,scaD,helm,2.0336240846866724,127708.76005766467,345.76549063482014
1.0,scaD,helm,2.081113370090395,132132.00090183833,345.76549063482014
1.0,scaD,helm,2.129711627523478,136724.3647882061,345.76549063482014
1.0,scaD,helm,2.1794447537529833,141492.75541629145,345.7654906348201
1.0,scaD,helm,2.2303392502884964,146444.36660502237,345.7654906348201
1.0,scaD,helm,2.2824222375040977,151586.69443923965,345.7654906348201
1.0,scaD,helm,2.3357214690901213,156927.54990642116,345.7654906348202
1.0,scaD,helm,2.3902653468423893,162475.0720418295,345.76549063482014
1.0,scaD,helm,2.446082935796798,168237.74160085595,345.76549063482014
1.0,scaD,helm,2.5032039797173256,174224.39527790734,345.7654906348201
1.0,scaD,helm,2.561658916945727,180444.24049176666,345.76549063482014
1.0,scaD,helm,2.6214788966213534,186906.87075794727,345.76549063482014
1.0,scaD,helm,2.6826957952797246,193622.28166916035,345.7654906348202
1.0,scaD,helm,2.745342233838714,200600.88750562537,345.7654906348201
1.0,scaD,helm,2.809451594981406,207853.53849756712,345.76549063482014
1.0,scaD,helm,2.8750580409448774,215391.53876286282,345.7654906348201
1.0,scaD,helm,2.942196531724374,223226.66494342746,345.7654906348201
1.0,scaD,helm,3.0109028437025924,231371.18556456032,345.76549063482014
1.0,scaD,helm,3.081213588714002,239837.88114210876,345.7654906348202
1.0,scaD,helm,3.1531662335543613,248640.06506294242,345.7654906348201
1.0,scaD,helm,3.2267991199458086,257791.6052648664,345.76549063482014
1.0,scaD,helm,3.3021514849681757,267306.94674274616,345.7654906348202
1.0,scaD,helm,3.379263481967431,277201.1349082536,345.76549063482014
1.0,scaD,helm,3.4581762019523774,287489.83983127825,345.76549063482014
1.0,scaD,helm,3.538931695490988,298189.38139167515,345.76549063482014
1.0,scaD,helm,3.6215729951180746,309316.7553706546,345.7654906348201
1.0,scaD,helm,3.706144138266228,320889.66051173373,345.7654906348201
1.0,scaD,helm,3.792690190732246,332926.52658178104,345.76549063482014
1.0,scaD,helm,3.881257270691536,345446.5434632773,345.7654906348201
1.0,scaD,helm,3.971892573273302,358469.6913095108,345.7654906348201
1.0,scaD,helm,4.064644395709628,372016.77179499395,345.76549063482014
1.0,scaD,helm,4.1595621630718425,386109.44049393525,345.7654906348202
1.0,scaD,helm,4.256696454607871,400770.24042013765,345.76549063482
1.0,scaD,helm,4.356099030694608,416022.6367622032,345.7654906348201
1.0,scaD,helm,4.457822860419706,431891.05284841877,345.76549063482014
1.0,scaD,helm,4.561922149807459,448400.907376143,345.7654906348201
1.0,scaD,helm,4.66845237070379,465578.6529409449,345.76549063482014
1.0,scaD,helm,4.777470290335773,483451.81590114674,345.76549063482014
1.0,scaD,helm,4.889034001561443,502049.03761377686,345.7654906348201
1.0,scaD,helm,5.003202953825999,521400.1170782549,345.76549063482
1.0,scaD,helm,5.120037984840887,541536.055024403,345.7654906348202
1.0,scaD,helm,5.239601353002644,562489.0994816159,345.7654906348201
1.0,scaD,helm,5.361956770568817,584292.7928661959,345.76549063482014
1.0,scaD,helm,5.487169437608599,606982.0206239859,345.76549063482014
1.0,scaD,helm,5.615306076746273,630593.0614654961,345.7654906348201
1.0,scaD,helm,5.746434968715974,655163.6392307378,345.76549063482014
1.0,scaD,helm,5.880625988746757,680732.9764209259,345.76549063482014
1.0,scaD,helm,6.017950643797328,707341.8494340738,345.7654906348201
1.0,scaD,helm,6.158482110660261,735032.6455413176,345.7654906348201
1.0,scaD,helm,6.302295274956023,763849.42164054,345.76549063482014
1.0,scaD,helm,6.449466771037621,793837.9648235131,345.7654906348201
1.0,scaD,helm,6.600075022827088,825045.8547923493,345.7654906348201
1.0,scaD,helm,6.754200285605586,857522.5281605212,345.76549063482014
1.0,scaD,helm,6.911924688779366,891319.3446731147,345.76549063482014
1.0,scaD,helm,7.073332279644439,926489.6553802878,345.7654906348202
1.0,scaD,helm,7.238509068173248,963088.8727970942,345.7654906348202
1.0,scaD,helm,7.4075430728471625,1001174.5430819317,345.76549063482014
1.0,scaD,helm,7.580524367559261,1040806.4202648959,345.76549063482014
1.0,scaD,helm,7.757545129612414,1082046.542556209,345.76549063482014
1.0,scaD,helm,7.9386996888382235,1124959.3107636755,345.76549063482014
1.0,scaD,helm,8.124084577862966,1169611.5688468022,345.76549063482014
1.0,scaD,helm,8.313798583547333,1216072.6866337727,345.76549063482014
1.0,scaD,helm,8.507942799627445,1264414.644725972,345.7654906348202
1.0,scaD,helm,8.706620680585118,1314712.1216130329,345.76549063482014
1.0,scaD,helm,8.909938096776107,1367042.5830196408,345.76549063482014
1.0,scaD,helm,9.118003390845681,1421486.373503445,345.7654906348201
1.0,scaD,helm,9.330927435461664,1478126.8103214295,345.76549063482014
1.0,scaD,helm,9.548823692395656,1537050.2795799633,345.7654906348201
1.0,scaD,helm,9.771808272983899,1598346.3346815489,345.7654906348201
1.0,scaD,helm,10.0,1662107.7970789247,345.7654906348201
1.0,scaD,shell,0.007802442493165045,251.83974153390602,1184.8905795217836
1.0,scaD,shell,0.007984645497739086,257.7433475979593,1175.913501465585
1.0,scaD,shell,0.008171103315457203,263.7858841834967,1172.2439764592575
1.0,scaD,shell,0.008361915304916317,269.97064611323583,1170.5411716533263
1.0,scaD,shell,0.008557183144940002,276.3010075366261,1170.529706726629
1.0,scaD,shell,0.008757010888760509,282.78042389496926,1170.529706726629
1.0,scaD,shell,0.00896150501946605,289.41243393774965,1170.529706726629
1.0,scaD,shell,0.00917077450674293,296.20066179162257,1170.5297067266285
1.0,scaD,shell,0.009384930864942721,303.1488190835526,1170.529706726629
1.0,scaD,shell,0.009604088212505378,310.2607071196392,1170.5297067266288
1.0,scaD,shell,0.00982836333277003,317.5402191212217,1170.5297067266292
1.0,scaD,shell,0.010057875736205835,324.99134251990205,1170.5297067266288
1.0,scaD,shell,0.010292747724096083,332.6181613131784,1170.5297067266288
1.0,scaD,shell,0.01053310445370937,340.42485848243194,1170.5297067266288
1.0,scaD,shell,0.01077907400499273,348.41571847507595,1170.5297067266288
1.0,scaD,shell,0.011030787448822152,356.59512975272384,1170.529706726629
1.0,scaD,shell,0.011288378916846888,364.96758740729905,1170.529706726629
1.0,scaD,shell,0.011551985672964792,373.5376958470736,1170.5297067266288
1.0,scaD,shell,0.011821748186466717,382.3101715546823,1170.529706726629
1.0,scaD,shell,0.012097810206889013,391.2898459192316,1170.529706726629
1.0,scaD,shell,0.012380318840613974,400.4816681446901,1170.5297067266288
1.0,scaD,shell,0.012669424629259064,409.8907082368211,1170.5297067266292
1.0,scaD,shell,0.012965281629896682,419.522160070992,1170.5297067266288
1.0,scaD,shell,0.013268047497147245,429.38134454327417,1170.529706726629
1.0,scaD,shell,0.013577883567189284,439.4737128073284,1170.529706726629
1.0,scaD,shell,0.013894954943731374,449.8048495996547,1170.529706726629
1.0,scaD,shell,0.014219430585991668,460.3804766558718,1170.529706726629
1.0,scaD,shell,0.014551483398731937,471.2064562207837,1170.5297067266292
1.0,scaD,shell,0.014891290324394095,482.2887946550854,1170.529706726629
1.0,scaD,shell,0.015239032437388288,493.6336461416536,1170.5297067266285
1.0,scaD,shell,0.015594895040582823,505.2473164944762,1170.5297067266288
1.0,scaD,shell,0.01595906776404731,517.136267073372,1170.5297067266288
1.0,scaD,shell,0.016331744666101676,529.3071188077698,1170.529706726629
1.0,scaD,shell,0.016713124336724876,541.7666563329217,1170.529706726629
1.0,scaD,shell,0.017103410003378405,554.5218322420498,1170.5297067266288
1.0,scaD,shell,0.017502809639301013,567.5797714580449,1170.529706726629
1.0,scaD,shell,0.01791153607433231,580.9477757284635,1170.5297067266288
1.0,scaD,shell,0.018329807108324356,594.6333282477045,1170.5297067266288
1.0,scaD,shell,0.018757845627201602,608.6440984103781,1170.5297067266285
1.0,scaD,shell,0.01919587972173111,622.9879467000335,1170.5297067266288
1.0,scaD,shell,0.019644142809066276,637.6729297175486,1170.529706726629
1.0,scaD,shell,0.020102873757128856,652.7073053536499,1170.5297067266292
1.0,scaD,shell,0.02057231701189556,668.0995381101811,1170.529706726629
1.0,scaD,shell,0.02105272272765707,683.8583045749216,1170.5297067266288
1.0,scaD,shell,0.021544346900318832,699.9924990549086,1170.529706726629
1.0,scaD,shell,0.022047451503814746,716.5112393734205,1170.5297067266288
1.0,scaD,shell,0.02256230462970634,733.423872835949,1170.5297067266292
1.0,scaD,shell,0.023089180630041926,750.7399823706942,1170.5297067266292
1.0,scaD,shell,0.023628360263551765,768.4693928493151,1170.5297067266288
1.0,scaD,shell,0.024180130845257206,786.622177593883,1170.5297067266288
1.0,scaD,shell,0.024744786399573514,805.2086650762034,1170.529706726629
1.0,scaD,shell,0.025322627816987946,824.2394458159044,1170.529706726629
1.0,scaD,shell,0.025913963014396586,843.7253794839254,1170.5297067266288
1.0,scaD,shell,0.02651910709918538,863.6776022182902,1170.529706726629
1.0,scaD,shell,0.027138382537142788,884.1075341593098,1170.529706726629
1.0,scaD,shell,0.02777211932429355,905.0268872116233,1170.529706726629
1.0,scaD,shell,0.028420655162745122,926.4476730407745,1170.529706726629
1.0,scaD,shell,0.029084335640640478,948.3822113123072,1170.529706726629
1.0,scaD,shell,0.029763514416313176,970.8431381816689,1170.529706726629
1.0,scaD,shell,0.03045855340674284,993.8434150435318,1170.5297067266288
1.0,scaD,shell,0.03116982298041145,1017.3963375494681,1170.529706726629
1.0,scaD,shell,0.03189770215466321,1041.5155449032568,1170.5297067266288
1.0,scaD,shell,0.03264257879767322,1066.21502944347,1170.529706726629
1.0,scaD,shell,0.03340484983513244,1091.5091465233431,1170.5297067266288
1.0,scaD,shell,0.03418492146175929,1117.4126246983337,1170.529706726629
1.0,scaD,shell,0.03498320935775036,1143.9405762321826,1170.5297067266288
1.0,scaD,shell,0.035800138910285786,1171.1085079326965,1170.5297067266288
1.0,scaD,shell,0.036636145440207164,1198.932332328931,1170.5297067266288
1.0,scaD,shell,0.037491674433988875,1227.4283792018978,1170.529706726629
1.0,scaD,shell,0.03836718178112645,1256.613407481412,1170.529706726629
1.0,scaD,shell,0.03926313401706837,1286.5046175221685,1170.529706726629
1.0,scaD,shell,0.04018000857182091,1317.1196637726975,1170.5297067266288
1.0,scaD,shell,0.04111829402435831,1348.4766678513447,1170.529706726629
1.0,scaD,shell,0.04207849036297403,1380.5942320440236,1170.5297067266288
1.0,scaD,shell,0.043061109251711714,1413.491453239057,1170.5297067266285
1.0,scaD,shell,0.04406667430301786,1447.1879373150448,1170.5297067266288
1.0,scaD,shell,0.045095721356761466,1481.7038139983363,1170.5297067266288
1.0,scaD,shell,0.04614879876576939,1517.0597522073529,1170.529706726629
1.0,scaD,shell,0.047226467688029516,1553.2769759017037,1170.529706726629
1.0,scaD,shell,0.04832930238571752,1590.3772804547682,1170.529706726629
1.0,scaD,shell,0.049457890531206423,1628.3830495691627,1170.529706726629
1.0,scaD,shell,0.05061283352022219,1667.3172727553272,1170.5297067266288
1.0,scaD,shell,0.0517947467923121,1707.2035633942637,1170.5297067266288
1.0,scaD,shell,0.05300426015879673,1748.066177406335,1170.5297067266285
1.0,scaD,shell,0.05424201813838027,1789.9300325489394,1170.5297067266288
1.0,scaD,shell,0.05550868030059805,1832.8207283667814,1170.529706726629
1.0,scaD,shell,0.05680492161728426,1876.764566819481,1170.529706726629
1.0,scaD,shell,0.058131432822247135,1921.788573612248,1170.529706726629
1.0,scaD,shell,0.05948892077934334,1967.9205202564342,1170.5297067266288
1.0,scaD,shell,0.06087810885914762,2015.1889468878749,1170.5297067266292
1.0,scaD,shell,0.06229973732441844,2063.6231858721035,1170.5297067266288
1.0,scaD,shell,0.06375456372456506,2113.2533862267287,1170.529706726629
1.0,scaD,shell,0.06524336329932624,2164.1105388925166,1170.5297067266288
1.0,scaD,shell,0.06676692939187563,2216.22650288606,1170.5297067266288
1.0,scaD,shell,0.06832607387157402,2269.6340323682884,1170.5297067266285
1.0,scaD,shell,0.06992162756659374,2324.3668046644793,1170.5297067266292
1.0,scaD,shell,0.07155444070664578,2380.4594492729984,1170.529706726629
1.0,scaD,shell,0.07322538337604534,2437.947577901481,1170.529706726629
1.0,scaD,shell,0.07493534597735753,2496.8678155708753,1170.5297067266292
1.0,scaD,shell,0.0766852397058701,2557.2578328294294,1170.5297067266288
1.0,scaD,shell,0.07847599703514611,2619.1563791205076,1170.529706726629
1.0,scaD,shell,0.08030857221391513,2682.6033173499704,1170.5297067266292
1.0,scaD,shell,0.08218394177456802,2747.639659700818,1170.5297067266285
1.0,scaD,shell,0.08410310505352604,2814.3076047447953,1170.529706726629
1.0,scaD,shell,0.08606708472376164,2882.650575902809,1170.529706726629
1.0,scaD,shell,0.08807692733975461,2952.7132613081885,1170.529706726629
1.0,scaD,shell,0.09013370389517433,3024.5416551291655,1170.529706726629
1.0,scaD,shell,0.09223851039358476,3098.1831004093337,1170.5297067266288
1.0,scaD,shell,0.09439246843247669,3173.6863334873797,1170.529706726629
1.0,scaD,shell,0.09659672580093832,3251.101530060016,1170.5297067266288
1.0,scaD,shell,0.09885245709128276,3330.4803529547967,1170.529706726629
1.0,scaD,shell,0.10116086432495808,3411.8760016823308,1170.529706726629
1.0,scaD,shell,0.10352317759307378,3495.3432638404724,1170.529706726629
1.0,scaD,shell,0.1059406557118851,3580.938568446148,1170.5297067266288
1.0,scaD,shell,0.10841458689358349,3668.7200412737343,1170.529706726629
1.0,scaD,shell,0.11094628943275218,3758.7475622824086,1170.5297067266288
1.0,scaD,shell,0.11353711240885178,3851.0828252183583,1170.529706726629
1.0,scaD,shell,0.11618843640511002,3945.7893994815036,1170.529706726629
1.0,scaD,shell,0.118901674244199,4042.9327943502913,1170.5297067266288
1.0,scaD,shell,0.1216782717410923,4142.580525662184,1170.5297067266288
1.0,scaD,shell,0.12451970847350319,4244.8021850516925,1170.5297067266288
1.0,scaD,shell,0.12742749857031335,4349.669511852246,1170.5297067266288
1.0,scaD,shell,0.13040319151841315,4457.256467772808,1170.529706726629
1.0,scaD,shell,0.13344837298838383,4567.6393144650565,1170.529706726629
1.0,scaD,shell,0.13656466567946096,4680.896694101927,1170.5297067266288
1.0,scaD,shell,0.1397537301842291,4797.109713093591,1170.5297067266288
1.0,scaD,shell,0.1430172658735088,4916.362029072513,1170.5297067266288
1.0,scaD,shell,0.14635701180190797,5038.739941284984,1170.529706726629
1.0,scaD,shell,0.14977474763452,5164.332484532517,1170.5297067266292
1.0,scaD,shell,0.15327229459526134,5293.231526812747,1170.529706726629
1.0,scaD,shell,0.1568515164373548,5425.531870816112,1170.5297067266288
1.0,scaD,shell,0.16051432043647615,5561.331359441448,1170.5297067266288
1.0,scaD,shell,0.16426265840709303,5700.730985500728,1170.5297067266288
1.0,scaD,shell,0.16809852774253636,5843.835005790681,1170.529706726629
1.0,scaD,shell,0.1720239724793599,5990.751059716868,1170.529706726629
1.0,scaD,shell,0.17604108438655525,6141.590292663976,1170.5297067266288
1.0,scaD,shell,0.18015200408020238,6296.46748431453,1170.5297067266288
1.0,scaD,shell,0.1843589221641488,6455.501182127197,1170.5297067266288
1.0,scaD,shell,0.18866408039732582,6618.8138401950955,1170.5297067266288
1.0,scaD,shell,0.19306977288832497,6786.531963714364,1170.5297067266288
1.0,scaD,shell,0.19757834731786994,6958.786259303235,1170.5297067266288
1.0,scaD,shell,0.20219220618983536,7135.711791422508,1170.5297067266288
1.0,scaD,shell,0.20691380811147903,7317.448145159404,1170.5297067266288
1.0,scaD,shell,0.21174566910357118,7504.139595648363,1170.529706726629
1.0,scaD,shell,0.2166903639411181,7695.935284414364,1170.529706726629
1.0,scaD,shell,0.22175052752539318,7892.989402936876,1170.529706726629
1.0,scaD,shell,0.2269288562880081,8095.461383745902,1170.5297067266288
1.0,scaD,shell,0.23222810962777246,8303.516099375152,1170.5297067266288
1.0,scaD,shell,0.23765111138110728,8517.324069511847,1170.5297067266288
1.0,scaD,shell,0.24320075132679475,8737.061676697473,1170.5297067266292
1.0,scaD,shell,0.24887998672586673,8962.91139094961,1170.5297067266288
1.0,scaD,shell,0.25469184389745403,9195.062003691322,1170.529706726629
1.0,scaD,shell,0.26063941983143474,9433.708871391442,1170.5297067266288
1.0,scaD,shell,0.2667258838387405,9679.054169337072,1170.5297067266288
1.0,scaD,shell,0.2729544792402007,9931.307155978107,1170.5297067266288
1.0,scaD,shell,0.2793285250948253,10190.68444830313,1170.529706726629
1.0,scaD,shell,0.28585141796844715,10457.410308726121,1170.5297067266288
1.0,scaD,shell,0.2925266337436645,10731.716943984637,1170.5297067266288
1.0,scaD,shell,0.29935772947204903,11013.844816572138,1170.5297067266292
1.0,scaD,shell,0.3063483452696084,11304.042969250413,1170.529706726629
1.0,scaD,shell,0.3135022062565112,11602.569363211715,1170.5297067266288
1.0,scaD,shell,0.32082312454210776,11909.691230485578,1170.529706726629
1.0,scaD,shell,0.3283150012563047,12225.685441211372,1170.529706726629
1.0,scaD,shell,0.3359818286283781,12550.838886425092,1170.5297067266288
1.0,scaD,shell,0.34382769211433073,12885.448877037279,1170.5297067266288
1.0,scaD,shell,0.3518567725739263,13229.823559708633,1170.529706726629
1.0,scaD,shell,0.360073348498562,13584.282350361145,1170.5297067266285
1.0,scaD,shell,0.3684817982911677,13949.156386094915,1170.5297067266288
1.0,scaD,shell,0.3770866025993452,14324.788996314417,1170.5297067266292
1.0,scaD,shell,0.3858923467029903,14711.536193903372,1170.5297067266285
1.0,scaD,shell,0.3949037229576702,15109.767187324122,1170.5297067266288
1.0,scaD,shell,0.40412553329506,15519.864914555776,1170.5297067266288
1.0,scaD,shell,0.4135626917817706,15942.226599825346,1170.5297067266288
1.0,scaD,shell,0.4232202272379275,16377.264334127649,1170.5297067266288
1.0,scaD,shell,0.4331032859169001,16825.405680573425,1170.5297067266288
1.0,scaD,shell,0.44321713424760856,17287.09430565052,1170.5297067266292
1.0,scaD,shell,0.45356716164087024,17762.790637529943,1170.529706726629
1.0,scaD,shell,0.46415888336127775,18252.972552598065,1170.529706726629
1.0,scaD,shell,0.47499794346614127,18758.136091447577,1170.529706726629
1.0,scaD,shell,0.48609011781306305,19278.796205613417,1170.5297067266288
1.0,scaD,shell,0.49744131713774514,19815.487536395536,1170.5297067266288
1.0,scaD,shell,0.5090575902036681,20368.765227168467,1170.5297067266288
1.0,scaD,shell,0.5209451270253211,20939.20577063833,1170.5297067266288
1.0,scaD,shell,0.5331102621667033,21527.4078925712,1170.5297067266288
1.0,scaD,shell,0.5455594781168515,22133.99347358211,1170.529706726629
1.0,scaD,shell,0.5582994087441919,22759.608510642713,1170.5297067266288
1.0,scaD,shell,0.571336842831558,23404.92412003669,1170.5297067266288
1.0,scaD,shell,0.584678727693759,24070.63758356682,1170.529706726629
1.0,scaD,shell,0.5983321728796283,24757.473439894376,1170.5297067266288
1.0,scaD,shell,0.6123044539605184,25466.184622972112,1170.5297067266288
1.0,scaD,shell,0.6266030164072656,26197.553649616188,1170.529706726629
1.0,scaD,shell,0.6412354795576917,26952.393858349616,1170.5297067266292
1.0,scaD,shell,0.6562096406767555,27731.550701740336,1170.529706726629
1.0,scaD,shell,0.6715334791115142,28535.903094551544,1170.5297067266288
1.0,scaD,shell,0.6872151605431122,29366.364820120325,1170.5297067266292
1.0,scaD,shell,0.7032630413380644,30223.885997483172,1170.5297067266288
1.0,scaD,shell,0.7196856730011514,31109.454611872567,1170.5297067266292
1.0,scaD,shell,0.7364918067322965,32024.09811132006,1170.529706726629
1.0,scaD,shell,0.7536903980898542,32968.885072215795,1170.529706726629
1.0,scaD,shell,0.7712906117627992,33944.9269367947,1170.5297067266288
1.0,scaD,shell,0.7893018264543568,34953.37982564298,1170.5297067266288
1.0,scaD,shell,0.8077336398796711,35995.44642844792,1170.529706726629
1.0,scaD,shell,0.8265958738801813,37072.37797634852,1170.5297067266285
1.0,scaD,shell,0.84589857965743,38185.47629938364,1170.529706726629
1.0,scaD,shell,0.8656520431290936,39336.09597267912,1170.5297067266288
1.0,scaD,shell,0.8858667904100823,40525.64655516523,1170.5297067266288
1.0,scaD,shell,0.9065535934216359,41755.59492477256,1170.5297067266288
1.0,scaD,shell,0.927723475631406,43027.467714216415,1170.529706726629
1.0,scaD,shell,0.949387717927582,44342.85385164731,1170.529706726629
1.0,scaD,shell,0.9715578646301858,45703.407210619844,1170.5297067266288
1.0,scaD,shell,0.9942457296427418,47110.84937401341,1170.5297067266288
1.0,scaD,shell,1.0174634027476064,48566.97251672581,1170.5297067266288
1.0,scaD,shell,1.0412232560483043,50073.642412155285,1170.5297067266288
1.0,scaD,shell,1.0655379505623053,51632.8015676875,1170.5297067266288
1.0,scaD,shell,1.0904204429677526,53246.47249461407,1170.529706726629
1.0,scaD,shell,1.115883992507748,54916.76111812523,1170.529706726629
1.0,scaD,shell,1.1419421680558648,56645.860333243516,1170.529706726629
1.0,scaD,shell,1.168608855346651,58436.053712796645,1170.529706726629
1.0,scaD,shell,1.1958982643749794,60289.71937376944,1170.5297067266288
1.0,scaD,shell,1.2238249369681924,62209.33400862286,1170.529706726629
1.0,scaD,shell,1.252403754535072,64197.47708842497,1170.5297067266285
1.0,scaD,shell,1.2816499459957584,66256.83524490458,1170.529706726629
1.0,scaD,shell,1.3115790958968503,68390.2068388142,1170.5297067266288
1.0,scaD,shell,1.342207152716012,70600.50672227272,1170.529706726629
1.0,scaD,shell,1.3735504373605123,72890.77120305154,1170.5297067266292
1.0,scaD,shell,1.405625651864215,75264.16321907102,1170.5297067266288
1.0,scaD,shell,1.438449888287663,77723.97773168741,1170.529706726629
1.0,scaD,shell,1.4720406378260014,80273.6473466739,1170.5297067266292
1.0,scaD,shell,1.506415800129591,82916.7481721318,1170.529706726629
1.0,scaD,shell,1.5415936928422718,85657.00592291096,1170.5297067266285
1.0,scaD,shell,1.5775930613623614,88498.30228147346,1170.529706726629
1.0,scaD,shell,1.6144330888316019,91444.68152549953,1170.529706726629
1.0,scaD,shell,1.6521334063573685,94500.35743290957,1170.5297067266288
1.0,scaD,shell,1.69071410347358,97669.72047536144,1170.5297067266288
1.0,scaD,shell,1.7301957388458944,100957.34531168207,1170.529706726629
1.0,scaD,shell,1.770599351226898,104367.99859309995,1170.5297067266292
1.0,scaD,shell,1.8119464706671222,107906.6470925654,1170.5297067266288
1.0,scaD,shell,1.8542591299878524,111578.46617087562,1170.529706726629
1.0,scaD,shell,1.8975598765218504,115388.84859276572,1170.529706726629
1.0,scaD,shell,1.941871784128255,119343.41370658204,1170.5297067266292
1.0,scaD,shell,1.9872184654880534,123448.01700161726,1170.5297067266288
1.0,scaD,shell,2.0336240846866724,127708.76005766467,1170.529706726629
1.0,scaD,shell,2.081113370090395,132132.00090183833,1170.529706726629
1.0,scaD,shell,2.129711627523478,136724.3647882061,1170.529706726629
1.0,scaD,shell,2.1794447537529833,141492.75541629145,1170.5297067266288
1.0,scaD,shell,2.2303392502884964,146444.36660502237,1170.5297067266288
1.0,scaD,shell,2.2824222375040977,151586.69443923965,1170.529706726629
1.0,scaD,shell,2.3357214690901213,156927.54990642116,1170.5297067266288
1.0,scaD,shell,2.3902653468423893,162475.0720418295,1170.5297067266285
1.0,scaD,shell,2.446082935796798,168237.74160085595,1170.529706726629
1.0,scaD,shell,2.5032039797173256,174224.39527790734,1170.529706726629
1.0,scaD,shell,2.561658916945727,180444.24049176666,1170.5297067266288
1.0,scaD,shell,2.6214788966213534,186906.87075794727,1170.5297067266288
1.0,scaD,shell,2.6826957952797246,193622.28166916035,1170.529706726629
1.0,scaD,shell,2.745342233838714,200600.88750562537,1170.5297067266288
1.0,scaD,shell,2.809451594981406,207853.53849756712,1170.5297067266288
1.0,scaD,shell,2.8750580409448774,215391.53876286282,1170.5297067266292
1.0,scaD,shell,2.942196531724374,223226.66494342746,1170.529706726629
1.0,scaD,shell,3.0109028437025924,231371.18556456032,1170.5297067266288
1.0,scaD,shell,3.081213588714002,239837.88114210876,1170.5297067266288
1.0,scaD,shell,3.1531662335543613,248640.06506294242,1170.5297067266288
1.0,scaD,shell,3.2267991199458086,257791.6052648664,1170.529706726629
1.0,scaD,shell,3.3021514849681757,267306.94674274616,1170.529706726629
1.0,scaD,shell,3.379263481967431,277201.1349082536,1170.529706726629
1.0,scaD,shell,3.4581762019523774,287489.83983127825,1170.5297067266288
1.0,scaD,shell,3.538931695490988,298189.38139167515,1170.529706726629
1.0,scaD,shell,3.6215729951180746,309316.7553706546,1170.5297067266288
1.0,scaD,shell,3.706144138266228,320889.66051173373,1170.529706726629
1.0,scaD,shell,3.792690190732246,332926.52658178104,1170.5297067266288
1.0,scaD,shell,3.881257270691536,345446.5434632773,1170.529706726629
1.0,scaD,shell,3.971892573273302,358469.6913095108,1170.5297067266288
1.0,scaD,shell,4.064644395709628,372016.77179499395,1170.529706726629
1.0,scaD,shell,4.1595621630718425,386109.44049393525,1170.5297067266288
1.0,scaD,shell,4.256696454607871,400770.24042013765,1170.5297067266288
1.0,scaD,shell,4.356099030694608,416022.6367622032,1170.5297067266288
1.0,scaD,shell,4.457822860419706,431891.05284841877,1170.529706726629
1.0,scaD,shell,4.561922149807459,448400.907376143,1170.529706726629
1.0,scaD,shell,4.66845237070379,465578.6529409449,1170.529706726629
1.0,scaD,shell,4.777470290335773,483451.81590114674,1170.5297067266288
1.0,scaD,shell,4.889034001561443,502049.03761377686,1170.5297067266288
1.0,scaD,shell,5.003202953825999,521400.1170782549,1170.529706726629
1.0,scaD,shell,5.120037984840887,541536.055024403,1170.5297067266288
1.0,scaD,shell,5.239601353002644,562489.0994816159,1170.5297067266288
1.0,scaD,shell,5.361956770568817,584292.7928661959,1170.529706726629
1.0,scaD,shell,5.487169437608599,606982.0206239859,1170.529706726629
1.0,scaD,shell,5.615306076746273,630593.0614654961,1170.5297067266288
1.0,scaD,shell,5.746434968715974,655163.6392307378,1170.529706726629
1.0,scaD,shell,5.880625988746757,680732.9764209259,1170.5297067266292
1.0,scaD,shell,6.017950643797328,707341.8494340738,1170.5297067266288
1.0,scaD,shell,6.158482110660261,735032.6455413176,1170.5297067266288
1.0,scaD,shell,6.302295274956023,763849.42164054,1170.5297067266288
1.0,scaD,shell,6.449466771037621,793837.9648235131,1170.529706726629
1.0,scaD,shell,6.600075022827088,825045.8547923493,1170.5297067266288
1.0,scaD,shell,6.754200285605586,857522.5281605212,1170.529706726629
1.0,scaD,shell,6.911924688779366,891319.3446731147,1170.529706726629
1.0,scaD,shell,7.073332279644439,926489.6553802878,1170.5297067266288
1.0,scaD,shell,7.238509068173248,963088.8727970942,1170.529706726629
1.0,scaD,shell,7.4075430728471625,1001174.5430819317,1170.529706726629
1.0,scaD,shell,7.580524367559261,1040806.4202648959,1170.529706726629
1.0,scaD,shell,7.757545129612414,1082046.542556209,1170.5297067266288
1.0,scaD,shell,7.9386996888382235,1124959.3107636755,1170.5297067266288
1.0,scaD,shell,8.124084577862966,1169611.5688468022,1170.529706726629
1.0,scaD,shell,8.313798583547333,1216072.6866337727,1170.529706726629
1.0,scaD,shell,8.507942799627445,1264414.644725972,1170.5297067266292
1.0,scaD,shell,8.706620680585118,1314712.1216130329,1170.5297067266288
1.0,scaD,shell,8.909938096776107,1367042.5830196408,1170.529706726629
1.0,scaD,shell,9.118003390845681,1421486.373503445,1170.529706726629
1.0,scaD,shell,9.330927435461664,1478126.8103214295,1170.529706726629
1.0,scaD,shell,9.548823692395656,1537050.2795799633,1170.529706726629
1.0,scaD,shell,9.771808272983899,1598346.3346815489,1170.5297067266288
1.0,scaD,shell,10.0,1662107.7970789247,1170.5297067266288
10.0,const,helm,0.001,279.33211054168606,349.93474144588447
10.0,const,helm,0.0010233520470972575,285.85532766449796,349.9347414458844
10.0,const,helm,0.0010472494122981486,292.53088662512897,349.93474144588447
10.0,const,helm,0.0010717048298967114,299.3623454542967,349.9347414458844
10.0,const,helm,0.0010967313315588178,306.3533452953897,349.93474144588436
10.0,const,helm,0.0011223422532664173,313.5076123465168,349.9347414458844
10.0,const,helm,0.001148551242423938,320.82895984796414,349.93474144588436
10.0,const,helm,0.0011753722651306367,328.3212901161223,349.93474144588447
10.0,const,helm,0.0012028196136227775,335.98859662497216,349.93474144588447
10.0,const,helm,0.0012309079138896018,343.83496613624465,349.9347414458844
10.0,const,helm,0.0012596521334671401,351.8645808793891,349.93474144588436
10.0,const,helm,0.001289067589414027,360.08172078252085,349.9347414458844
10.0,const,helm,0.0013191699564735716,368.4907657555413,349.9347414458844
10.0,const,helm,0.0013499752754264297,377.09619802665225,349.93474144588447
10.0,const,helm,0.0013814999616383224,385.90260453351317,349.93474144588436
10.0,const,helm,0.0014137608138073614,394.91467937032235,349.9347414458844
10.0,const,helm,0.001446775022915648,404.1372262921334,349.93474144588436
10.0,const,helm,0.0014805601813899102,413.57516127774807,349.9347414458843
10.0,const,helm,0.001515134292476053,423.2335151525534,349.93474144588447
10.0,const,helm,0.0015505157798326253,433.1174362727121,349.9347414458844
10.0,const,helm,0.0015867234973483179,443.23219327214184,349.9347414458844
10.0,const,helm,0.001623776739188721,453.58317787375796,349.93474144588436
10.0,const,helm,0.001661695250077689,464.17590776647916,349.93474144588436
10.0,const,helm,0.001700499235818794,475.01602954954257,349.9347414458844
10.0,const,helm,0.001740209374062485,486.10932174570536,349.9347414458844
10.0,const,helm,0.0017808468253246812,497.46169788494814,349.9347414458844
10.0,const,helm,0.0018224332442626666,509.07920966032856,349.93474144588447
10.0,const,helm,0.001864990791214298,520.9680501576803,349.93474144588447
10.0,const,helm,0.001908542144006686,533.1345571608914,349.93474144588436
10.0,const,helm,0.0019531105100406311,545.5852165345296,349.93474144588436
10.0,const,helm,0.0019987196386572507,558.3266656856298,349.9347414458844
10.0,const,helm,0.00204539383379339,571.3656971064997,349.93474144588447
10.0,const,helm,0.002093157966932574,584.7092620004489,349.9347414458844
10.0,const,helm,0.002142037490358383,598.3644739923817,349.9347414458844
10.0,const,helm,0.0021920584507173256,612.3386129262442,349.93474144588436
10.0,const,helm,0.0022432475028984203,626.6391287513666,349.9347414458844
10.0,const,helm,0.0022956319242369095,641.273645499786,349.9347414458844
10.0,const,helm,0.0023492396290496578,656.2499653566869,349.9347414458844
10.0,const,helm,0.002404099183509972,671.5760728261394,349.9347414458844
10.0,const,helm,0.0024602398208697774,687.2601389943748,349.9347414458844
10.0,const,helm,0.0025176914570372772,703.3105258928935,349.9347414458844
10.0,const,helm,0.0025764847065183746,719.7357909637448,349.93474144588447
10.0,const,helm,0.0026366508987303583,736.5446916293762,349.9347414458844
10.0,const,helm,0.0026982220946965385,753.7461899695084,349.9347414458844
10.0,const,helm,0.002761231104130753,771.3494575075588,349.9347414458844
10.0,const,helm,0.002825711502920827,789.3638801091753,349.93474144588436
10.0,const,helm,0.0028916976510202992,807.7990629955227,349.93474144588447
10.0,const,helm,0.0029592247107579576,826.6648358740104,349.9347414458844
10.0,const,helm,0.0030283286655749457,845.9712581892311,349.93474144588447
10.0,const,helm,0.003099046339199427,865.7286244969349,349.9347414458844
10.0,const,helm,0.003171415415268999,885.9474699639203,349.93474144588447
10.0,const,helm,0.0032454744574113323,906.638575996814,349.9347414458844
10.0,const,helm,0.0033212629297937482,927.8129760027695,349.9347414458844
10.0,const,helm,0.003398821218152667,949.4819612851869,349.9347414458844
10.0,const,helm,0.00347819065131413,971.6570870776239,349.9347414458844
10.0,const,helm,0.003559413523216862,994.3501787191556,349.9347414458844
10.0,const,helm,0.003642533115449638,1017.5733379745144,349.9347414458844
10.0,const,helm,0.003727593720314938,1041.3389495024135,349.9347414458844
10.0,const,helm,0.003814640664431178,1065.6596874755407,349.9347414458844
10.0,const,helm,0.0039037203328860922,1090.5485223557962,349.9347414458844
10.0,const,helm,0.0039948801939541706,1116.0187278284336,349.93474144588447
10.0,const,helm,0.004088168824391289,1142.083887898844,349.9347414458844
10.0,const,helm,0.004183635935320019,1168.7579041558179,349.9347414458844
10.0,const,helm,0.004281332398719396,1196.055003205193,349.9347414458844
10.0,const,helm,0.004381310274533306,1223.989744277933,349.93474144588447
10.0,const,helm,0.0044836228384119055,1252.5770270167247,349.9347414458844
10.0,const,helm,0.004588324610100845,1281.8320994453143,349.9347414458844
10.0,const,helm,0.004695471382493431,1311.770566124879,349.93474144588447
10.0,const,helm,0.004805120251361242,1342.4083965018747,349.9347414458844
10.0,const,helm,0.004917329645779016,1373.7619334518495,349.9347414458844
10.0,const,helm,0.005032159359259993,1405.8479020238606,349.93474144588436
10.0,const,helm,0.005149670581618343,1438.6834183902258,349.9347414458844
10.0,const,helm,0.005269925931575657,1472.2859990064671,349.9347414458844
10.0,const,helm,0.00539298949012887,1506.6735699864034,349.9347414458844
10.0,const,helm,0.00551892683469738,1541.86447669748,349.9347414458844
10.0,const,helm,0.005647805074067557,1577.8774935815218,349.9347414458844
10.0,const,helm,0.005779692884153313,1614.7318342062754,349.9347414458844
10.0,const,helm,0.005914660544591745,1652.4471615531643,349.93474144588447
10.0,const,helm,0.0060527799761933496,1691.0435985468566,349.93474144588447
10.0,const,helm,0.00619412477926676,1730.5417388323597,349.9347414458844
10.0,const,helm,0.0063387702728384876,1770.9626578055156,349.9347414458843
10.0,const,helm,0.006486793534788508,1812.3279239028857,349.93474144588436
10.0,const,helm,0.006638273442923081,1854.6596101571527,349.93474144588447
10.0,const,helm,0.006793290717006703,1897.9803060243573,349.9347414458844
10.0,const,helm,0.0069519279617756054,1942.3131294893901,349.9347414458844
10.0,const,helm,0.007114269710955731,1987.681739456355,349.9347414458843
10.0,const,helm,0.007280402472308569,2034.110348430525,349.9347414458844
10.0,const,helm,0.007450414773728917,2081.6237354988393,349.9347414458844
10.0,const,helm,0.007624397210419138,2130.2472596160133,349.93474144588447
10.0,const,helm,0.007802442493165045,2180.0068732035234,349.9347414458844
10.0,const,helm,0.007984645497739086,2230.9291360688726,349.93474144588436
10.0,const,helm,0.008171103315457203,2283.0412296527697,349.9347414458845
10.0,const,helm,0.008361915304916317,2336.3709716120125,349.93474144588436
10.0,const,helm,0.008557183144940002,2390.9468307460456,349.93474144588436
10.0,const,helm,0.008757010888760509,2446.7979422753706,349.93474144588447
10.0,const,helm,0.00896150501946605,2503.954123480173,349.93474144588447
10.0,const,helm,0.00917077450674293,2562.44588970776,349.93474144588436
10.0,const,helm,0.009384930864942721,2622.3044707575823,349.9347414458844
10.0,const,helm,0.009604088212505378,2683.561827652815,349.93474144588436
10.0,const,helm,0.00982836333277003,2746.250669807742,349.93474144588447
10.0,const,helm,0.010057875736205835,2810.4044726003644,349.9347414458844
10.0,const,helm,0.010292747724096083,2876.0574953599175,349.93474144588436
10.0,const,helm,0.01053310445370937,2943.244799779163,349.93474144588436
10.0,const,helm,0.01077907400499273,3012.0022687616442,349.9347414458844
10.0,const,helm,0.011030787448822152,3082.366625714269,349.93474144588447
10.0,const,helm,0.011288378916846888,3154.375454295875,349.9347414458844
10.0,const,helm,0.011551985672964792,3228.06721863268,349.93474144588447
10.0,const,helm,0.011821748186466717,3303.481284011792,349.93474144588447
10.0,const,helm,0.012097810206889013,3380.6579380642233,349.9347414458844
10.0,const,helm,0.012380318840613974,3459.638412449141,349.93474144588436
10.0,const,helm,0.012669424629259064,3540.4649050513544,349.93474144588436
10.0,const,helm,0.012965281629896682,3623.1806027043745,349.9347414458844
10.0,const,helm,0.013268047497147245,3707.8297044516207,349.9347414458844
10.0,const,helm,0.013577883567189284,3794.457445358741,349.93474144588447
10.0,const,helm,0.013894954943731374,3883.1101208902533,349.9347414458844
10.0,const,helm,0.014219430585991668,3973.8351118640894,349.93474144588436
10.0,const,helm,0.014551483398731937,4066.680909997951,349.93474144588447
10.0,const,helm,0.014891290324394095,4161.697144061712,349.93474144588447
10.0,const,helm,0.015239032437388288,4258.934606650473,349.9347414458844
10.0,const,helm,0.015594895040582823,4358.44528159325,349.9347414458844
10.0,const,helm,0.01595906776404731,4460.282372012583,349.93474144588436
10.0,const,helm,0.016331744666101676,4564.500329050839,349.9347414458844
10.0,const,helm,0.016713124336724876,4671.154881279268,349.93474144588447
10.0,const,helm,0.017103410003378405,4780.303064806346,349.93474144588436
10.0,const,helm,0.017502809639301013,4892.003254102325,349.93474144588436
10.0,const,helm,0.01791153607433231,5006.31519355731,349.9347414458844
10.0,const,helm,0.018329807108324356,5123.300029790669,349.9347414458844
10.0,const,helm,0.018757845627201602,5243.0203447299855,349.9347414458844
10.0,const,helm,0.01919587972173111,5365.540189478223,349.93474144588436
10.0,const,helm,0.019644142809066276,5490.925118988277,349.93474144588447
10.0,const,helm,0.020102873757128856,5619.242227564524,349.9347414458844
10.0,const,helm,0.02057231701189556,5750.560185211501,349.93474144588436
10.0,const,helm,0.02105272272765707,5884.949274850368,349.9347414458844
10.0,const,helm,0.021544346900318832,6022.481430424265,349.93474144588447
10.0,const,helm,0.022047451503814746,6163.230275914333,349.93474144588447
10.0,const,helm,0.02256230462970634,6307.271165288548,349.93474144588436
10.0,const,helm,0.023089180630041926,6454.681223406282,349.93474144588436
10.0,const,helm,0.023628360263551765,6605.539387901888,349.9347414458844
10.0,const,helm,0.024180130845257206,6759.926452071354,349.93474144588447
10.0,const,helm,0.024744786399573514,6917.925108786615,349.9347414458843
10.0,const,helm,0.025322627816987946,7079.619995462741,349.93474144588447
10.0,const,helm,0.025913963014396586,7245.097740103894,349.9347414458844
10.0,const,helm,0.02651910709918538,7414.447008454596,349.9347414458844
10.0,const,helm,0.027138382537142788,7587.758552283505,349.9347414458844
10.0,const,helm,0.02777211932429355,7765.1252588276975,349.93474144588447
10.0,const,helm,0.028420655162745122,7946.642201426011,349.9347414458844
10.0,const,helm,0.029084335640640478,8132.4066913709385,349.93474144588436
10.0,const,helm,0.029763514416313176,8322.518331009152,349.93474144588447
10.0,const,helm,0.03045855340674284,8517.079068121651,349.9347414458844
10.0,const,helm,0.03116982298041145,8716.193251615237,349.93474144588447
10.0,const,helm,0.03189770215466321,8919.967688557934,349.9347414458844
10.0,const,helm,0.03264257879767322,9128.51170259174,349.9347414458844
10.0,const,helm,0.03340484983513244,9341.937193757056,349.9347414458844
10.0,const,helm,0.03418492146175929,9560.358699763945,349.93474144588436
10.0,const,helm,0.03498320935775036,9783.893458746423,349.9347414458844
10.0,const,helm,0.035800138910285786,10012.66147353682,349.9347414458844
10.0,const,helm,0.036636145440207164,10246.785577498282,349.93474144588436
10.0,const,helm,0.037491674433988875,10486.391501954517,349.9347414458844
10.0,const,helm,0.03836718178112645,10731.607945256892,349.93474144588436
10.0,const,helm,0.03926313401706837,10982.566643530086,349.93474144588436
10.0,const,helm,0.04018000857182091,11239.402443138522,349.93474144588447
10.0,const,helm,0.04111829402435831,11502.253374917094,349.9347414458843
10.0,const,helm,0.04207849036297403,11771.260730210726,349.93474144588447
10.0,const,helm,0.043061109251711714,12046.569138768495,349.9347414458844
10.0,const,helm,0.04406667430301786,12328.3266485395,349.9347414458844
10.0,const,helm,0.045095721356761466,12616.684807418562,349.9347414458844
10.0,const,helm,0.04614879876576939,12911.798746991555,349.9347414458844
10.0,const,helm,0.047226467688029516,13213.827268331177,349.93474144588436
10.0,const,helm,0.04832930238571752,13522.932929895604,349.9347414458844
10.0,const,helm,0.049457890531206423,13839.282137583745,349.93474144588436
10.0,const,helm,0.05061283352022219,14163.045237002365,349.93474144588447
10.0,const,helm,0.0517947467923121,14494.396608001864,349.93474144588447
10.0,const,helm,0.05300426015879673,14833.51476153903,349.93474144588436
10.0,const,helm,0.05424201813838027,15180.582438926687,349.9347414458844
10.0,const,helm,0.05550868030059805,15535.78671353194,349.93474144588436
10.0,const,helm,0.05680492161728426,15899.319094986224,349.93474144588436
10.0,const,helm,0.058131432822247135,16271.37563597237,349.93474144588447
10.0,const,helm,0.05948892077934334,16652.157041655457,349.9347414458844
10.0,const,helm,0.06087810885914762,17041.868781826433,349.9347414458844
10.0,const,helm,0.06229973732441844,17440.72120582905,349.9347414458844
10.0,const,helm,0.06375456372456506,17848.92966034293,349.9347414458844
10.0,const,helm,0.06524336329932624,18266.714610097577,349.93474144588447
10.0,const,helm,0.06676692939187563,18694.301761594135,349.93474144588447
10.0,const,helm,0.06832607387157402,19131.92218991414,349.9347414458844
10.0,const,helm,0.06992162756659374,19579.81246869645,349.93474144588436
10.0,const,helm,0.07155444070664578,20038.214803366307,349.9347414458844
10.0,const,helm,0.07322538337604534,20507.37716770231,349.9347414458844
10.0,const,helm,0.07493534597735753,20987.553443830195,349.93474144588436
10.0,const,helm,0.0766852397058701,21479.00356573439,349.93474144588447
10.0,const,helm,0.07847599703514611,21981.99366638123,349.9347414458843
10.0,const,helm,0.08030857221391513,22496.79622855035,349.9347414458844
10.0,const,helm,0.08218394177456802,23023.690239473628,349.93474144588436
10.0,const,helm,0.08410310505352604,23562.96134938397,349.93474144588436
10.0,const,helm,0.08606708472376164,24114.902034079216,349.9347414458844
10.0,const,helm,0.08807692733975461,24679.81176160954,349.93474144588436
10.0,const,helm,0.09013370389517433,25257.997163200063,349.93474144588447
10.0,const,helm,0.09223851039358476,25849.772208523507,349.93474144588447
10.0,const,helm,0.09439246843247669,26455.458385441307,349.93474144588436
10.0,const,helm,0.09659672580093832,27075.38488433515,349.9347414458843
10.0,const,helm,0.09885245709128276,27709.88878715441,349.9347414458843
10.0,const,helm,0.10116086432495808,28359.31526130893,349.93474144588447
10.0,const,helm,0.10352317759307378,29024.017758540445,349.9347414458844
10.0,const,helm,0.1059406557118851,29704.35821890995,349.9347414458844
10.0,const,helm,0.10841458689358349,30400.70728004247,349.9347414458844
10.0,const,helm,0.11094628943275218,31113.444491775204,349.9347414458844
10.0,const,helm,0.11353711240885178,31842.958536359434,349.9347414458845
10.0,const,helm,0.11618843640511002,32589.647454370846,349.9347414458844
10.0,const,helm,0.118901674244199,33353.91887648825,349.93474144588436
10.0,const,helm,0.1216782717410923,34136.19026130548,349.93474144588436
10.0,const,helm,0.12451970847350319,34936.88913934621,349.9347414458844
10.0,const,helm,0.12742749857031335,35756.45336345676,349.93474144588447
10.0,const,helm,0.13040319151841315,36595.331365757505,349.93474144588436
10.0,const,helm,0.13344837298838383,37453.98242133945,349.93474144588436
10.0,const,helm,0.13656466567946096,38332.87691889817,349.93474144588436
10.0,const,helm,0.1397537301842291,39232.49663850298,349.9347414458844
10.0,const,helm,0.1430172658735088,40153.33503670646,349.93474144588436
10.0,const,helm,0.14635701180190797,41095.897539205216,349.93474144588436
10.0,const,helm,0.14977474763452,42060.701841270056,349.93474144588447
10.0,const,helm,0.15327229459526134,43048.278216170045,349.9347414458844
10.0,const,helm,0.1568515164373548,44059.16983182301,349.93474144588436
10.0,const,helm,0.16051432043647615,45093.933075912086,349.93474144588447
10.0,const,helm,0.16426265840709303,46153.13788971597,349.9347414458844
10.0,const,helm,0.16809852774253636,47237.36811090793,349.9347414458844
10.0,const,helm,0.1720239724793599,48347.22182558802,349.93474144588447
10.0,const,helm,0.17604108438655525,49483.31172982094,349.9347414458844
10.0,const,helm,0.18015200408020238,50646.26550096124,349.93474144588436
10.0,const,helm,0.1843589221641488,51836.72617905646,349.9347414458844
10.0,const,helm,0.18866408039732582,53055.35255862882,349.93474144588447
10.0,const,helm,0.19306977288832497,54302.819591146515,349.9347414458844
10.0,const,helm,0.19757834731786994,55579.818798505126,349.93474144588447
10.0,const,helm,0.20219220618983536,56887.058697850756,349.9347414458844
10.0,const,helm,0.20691380811147903,58225.2652380879,349.93474144588436
10.0,const,helm,0.21174566910357118,59595.18224842679,349.93474144588447
10.0,const,helm,0.2166903639411181,60997.57189933644,349.9347414458844
10.0,const,helm,0.22175052752539318,62433.215176282065,349.9347414458844
10.0,const,helm,0.2269288562880081,63902.9123666386,349.93474144588436
10.0,const,helm,0.23222810962777246,65407.48356018662,349.9347414458844
10.0,const,helm,0.23765111138110728,66947.76916360851,349.93474144588447
10.0,const,helm,0.24320075132679475,68524.63042941905,349.93474144588436
10.0,const,helm,0.24887998672586673,70138.9499997785,349.93474144588436
10.0,const,helm,0.25469184389745403,71791.63246565333,349.9347414458844
10.0,const,helm,0.26063941983143474,73483.60494180351,349.9347414458843
10.0,const,helm,0.2667258838387405,75215.81765809405,349.93474144588436
10.0,const,helm,0.2729544792402007,76989.2445676446,349.9347414458844
10.0,const,helm,0.2793285250948253,78804.88397235003,349.93474144588447
10.0,const,helm,0.28585141796844715,80663.75916632287,349.9347414458844
10.0,const,helm,0.2925266337436645,82566.91909782759,349.9347414458844
10.0,const,helm,0.29935772947204903,84515.43905029769,349.93474144588436
10.0,const,helm,0.3063483452696084,86510.42134304777,349.9347414458843
10.0,const,helm,0.3135022062565112,88552.99605231325,349.93474144588436
10.0,const,helm,0.32082312454210776,90644.32175327395,349.9347414458844
10.0,const,helm,0.3283150012563047,92785.58628374028,349.9347414458844
10.0,const,helm,0.3359818286283781,94978.00753020734,349.9347414458844
10.0,const,helm,0.34382769211433073,97222.83423700482,349.9347414458844
10.0,const,helm,0.3518567725739263,99521.34683929774,349.9347414458844
10.0,const,helm,0.360073348498562,101874.85832072151,349.9347414458844
10.0,const,helm,0.3684817982911677,104284.71509646194,349.9347414458844
10.0,const,helm,0.3770866025993452,106752.2979226207,349.9347414458844
10.0,const,helm,0.3858923467029903,109279.0228327366,349.9347414458844
10.0,const,helm,0.3949037229576702,111866.34210236592,349.9347414458844
10.0,const,helm,0.40412553329506,114515.74524265724,349.9347414458844
10.0,const,helm,0.4135626917817706,117228.76002389171,349.93474144588436
10.0,const,helm,0.4232202272379275,120006.95352999197,349.9347414458844
10.0,const,helm,0.4331032859169001,122851.93324504454,349.93474144588447
10.0,const,helm,0.44321713424760856,125765.34817291546,349.9347414458844
10.0,const,helm,0.45356716164087024,128748.88999108081,349.9347414458844
10.0,const,helm,0.46415888336127775,131804.29423983255,349.9347414458844
10.0,const,helm,0.47499794346614127,134933.34154806708,349.93474144588447
10.0,const,helm,0.48609011781306305,138137.85889690524,349.9347414458843
10.0,const,helm,0.49744131713774514,141419.72092244113,349.93474144588447
10.0,const,helm,0.5090575902036681,144780.85125896355,349.93474144588436
10.0,const,helm,0.5209451270253211,148223.22392404423,349.93474144588447
10.0,const,helm,0.5331102621667033,151748.86474694288,349.9347414458844
10.0,const,helm,0.5455594781168515,155359.85284182683,349.93474144588447
10.0,const,helm,0.5582994087441919,159058.32212736347,349.9347414458844
10.0,const,helm,0.571336842831558,162846.46289430084,349.9347414458844
10.0,const,helm,0.584678727693759,166726.52342271386,349.93474144588447
10.0,const,helm,0.5983321728796283,170700.81165065378,349.9347414458844
10.0,const,helm,0.6123044539605184,174771.69689600516,349.93474144588436
10.0,const,helm,0.6266030164072656,178941.6116334234,349.9347414458844
10.0,const,helm,0.6412354795576917,183213.053328296,349.9347414458844
10.0,const,helm,0.6562096406767555,187588.5863297431,349.93474144588447
10.0,const,helm,0.6715334791115142,192070.84382474903,349.93474144588436
10.0,const,helm,0.6872151605431122,196662.5298555957,349.9347414458844
10.0,const,helm,0.7032630413380644,201366.42140285214,349.93474144588436
10.0,const,helm,0.7196856730011514,206185.37053625783,349.93474144588447
10.0,const,helm,0.7364918067322965,211122.306635924,349.93474144588436
10.0,const,helm,0.7536903980898542,216180.23868637343,349.9347414458844
10.0,const,helm,0.7712906117627992,221362.25764603104,349.93474144588436
10.0,const,helm,0.7893018264543568,226671.5388948776,349.93474144588447
10.0,const,helm,0.8077336398796711,232111.3447630796,349.93474144588436
10.0,const,helm,0.8265958738801813,237685.02714351658,349.9347414458844
10.0,const,helm,0.84589857965743,243396.03019123766,349.9347414458844
10.0,const,helm,0.8656520431290936,249247.8931129933,349.93474144588447
10.0,const,helm,0.8858667904100823,255244.25305010309,349.93474144588436
10.0,const,helm,0.9065535934216359,261388.8480580501,349.93474144588436
10.0,const,helm,0.927723475631406,267685.5201863155,349.93474144588436
10.0,const,helm,0.949387717927582,274138.21866210253,349.93474144588436
10.0,const,helm,0.9715578646301858,280751.0031817304,349.93474144588436
10.0,const,helm,0.9942457296427418,287528.04731362883,349.9347414458844
10.0,const,helm,1.0174634027476064,294473.642017006,349.93474144588436
10.0,const,helm,1.0412232560483043,301592.19928041846,349.93474144588436
10.0,const,helm,1.0655379505623053,308888.2558846265,349.93474144588436
10.0,const,helm,1.0904204429677526,316366.4772942851,349.9347414458844
10.0,const,helm,1.115883992507748,324031.66168319137,349.9347414458844
10.0,const,helm,1.1419421680558648,331888.7440979849,349.93474144588436
10.0,const,helm,1.168608855346651,339942.80076537386,349.9347414458844
10.0,const,helm,1.1958982643749794,348199.05354815756,349.9347414458844
10.0,const,helm,1.2238249369681924,356662.87455550674,349.93474144588436
10.0,const,helm,1.252403754535072,365339.7909131648,349.9347414458844
10.0,const,helm,1.2816499459957584,374235.48969943984,349.93474144588447
10.0,const,helm,1.3115790958968503,383355.8230530789,349.9347414458844
10.0,const,helm,1.342207152716012,392706.8134593373,349.9347414458844
10.0,const,helm,1.3735504373605123,402294.65922078537,349.9347414458844
10.0,const,helm,1.405625651864215,412125.7401196329,349.93474144588447
10.0,const,helm,1.438449888287663,422206.6232786017,349.93474144588436
10.0,const,helm,1.4720406378260014,432544.0692276305,349.9347414458844
10.0,const,helm,1.506415800129591,443145.03818396165,349.93474144588436
10.0,const,helm,1.5415936928422718,454016.69655342045,349.93474144588436
10.0,const,helm,1.5775930613623614,465166.4236609943,349.9347414458844
10.0,const,helm,1.6144330888316019,476601.81871909625,349.93474144588447
10.0,const,helm,1.6521334063573685,488330.7080422049,349.93474144588436
10.0,const,helm,1.69071410347358,500361.1525168667,349.9347414458844
10.0,const,helm,1.7301957388458944,512701.45533637947,349.93474144588436
10.0,const,helm,1.770599351226898,525360.1700097967,349.93474144588447
10.0,const,helm,1.8119464706671222,538346.1086552237,349.93474144588436
10.0,const,helm,1.8542591299878524,551668.35058773,349.9347414458843
10.0,const,helm,1.8975598765218504,565336.2512125542,349.9347414458844
10.0,const,helm,1.941871784128255,579359.4512346511,349.93474144588436
10.0,const,helm,1.9872184654880534,593747.8861960006,349.9347414458844
10.0,const,helm,2.0336240846866724,608511.7963524868,349.93474144588436
10.0,const,helm,2.081113370090395,623661.7369025563,349.9347414458844
10.0,const,helm,2.129711627523478,639208.5885802765,349.93474144588436
10.0,const,helm,2.1794447537529833,655163.5686258285,349.93474144588447
10.0,const,helm,2.2303392502884964,671538.2421468955,349.9347414458844
10.0,const,helm,2.2824222375040977,688344.5338848599,349.9347414458844
10.0,const,helm,2.3357214690901213,705594.7404001723,349.9347414458844
10.0,const,helm,2.3902653468423893,723301.5426917076,349.93474144588436
10.0,const,helm,2.446082935796798,741478.0192654058,349.9347414458844
10.0,const,helm,2.5032039797173256,760137.6596679752,349.93474144588436
10.0,const,helm,2.561658916945727,779294.3785019395,349.93474144588447
10.0,const,helm,2.6214788966213534,798962.529938803,349.93474144588436
10.0,const,helm,2.6826957952797246,819156.9227476242,349.9347414458844
10.0,const,helm,2.745342233838714,839892.8358568224,349.9347414458844
10.0,const,helm,2.809451594981406,861186.0344675772,349.9347414458845
10.0,const,helm,2.8750580409448774,883052.7867377137,349.9347414458844
10.0,const,helm,2.942196531724374,905509.8810555286,349.93474144588447
10.0,const,helm,3.0109028437025924,928574.6439235744,349.93474144588436
10.0,const,helm,3.081213588714002,952264.9584729945,349.93474144588447
10.0,const,helm,3.1531662335543613,976599.2836295763,349.9347414458844
10.0,const,helm,3.2267991199458086,1001596.6739532687,349.9347414458844
10.0,const,helm,3.3021514849681757,1027276.8001735195,349.9347414458844
10.0,const,helm,3.379263481967431,1053659.9704433829,349.93474144588447
10.0,const,helm,3.4581762019523774,1080767.1523359497,349.9347414458844
10.0,const,helm,3.538931695490988,1108619.9956072567,349.93474144588436
10.0,const,helm,3.6215729951180746,1137240.855750457,349.9347414458844
10.0,const,helm,3.706144138266228,1166652.8183666556,349.93474144588447
10.0,const,helm,3.792690190732246,1196879.7243784142,349.93474144588447
10.0,const,helm,3.881257270691536,1227946.1961125573,349.9347414458844
10.0,const,helm,3.971892573273302,1259877.6642795354,349.93474144588436
10.0,const,helm,4.064644395709628,1292700.395877223,349.9347414458844
10.0,const,helm,4.1595621630718425,1326441.5230476337,349.9347414458844
10.0,const,helm,4.256696454607871,1361129.0729156449,349.9347414458844
10.0,const,helm,4.356099030694608,1396791.998439435,349.9347414458844
10.0,const,helm,4.457822860419706,1433460.2103029473,349.93474144588436
10.0,const,helm,4.561922149807459,1471164.6098812625,349.9347414458844
10.0,const,helm,4.66845237070379,1509937.1233103345,349.9347414458844
10.0,const,helm,4.777470290335773,1549810.7366931387,349.9347414458844
10.0,const,helm,4.889034001561443,1590819.5324748163,349.9347414458845
10.0,const,helm,5.003202953825999,1632998.7270199282,349.93474144588436
10.0,const,helm,5.120037984840887,1676384.70942544,349.9347414458844
10.0,const,helm,5.239601353002644,1721015.0816035795,349.93474144588436
10.0,const,helm,5.361956770568817,1766928.6996691593,349.93474144588447
10.0,const,helm,5.487169437608599,1814165.7166664025,349.93474144588447
10.0,const,helm,5.615306076746273,1862767.6266707226,349.9347414458844
10.0,const,helm,5.746434968715974,1912777.3103012946,349.9347414458844
10.0,const,helm,5.880625988746757,1964239.0816806257,349.9347414458844
10.0,const,helm,6.017950643797328,2017198.7368776102,349.9347414458844
10.0,const,helm,6.158482110660261,2071703.6038708412,349.93474144588447
10.0,const,helm,6.302295274956023,2127802.5940692024,349.9347414458844
10.0,const,helm,6.449466771037621,2185546.2554269168,349.9347414458844
10.0,const,helm,6.600075022827088,2244986.8271904024,349.9347414458844
10.0,const,helm,6.754200285605586,2306178.2963143256,349.9347414458844
10.0,const,helm,6.911924688779366,2369176.455584295,349.9347414458844
10.0,const,helm,7.073332279644439,2434038.9634836437,349.93474144588436
10.0,const,helm,7.238509068173248,2500825.405841607,349.9347414458844
10.0,const,helm,7.4075430728471625,2569597.3593000514,349.93474144588436
10.0,const,helm,7.580524367559261,2640418.4566357434,349.9347414458844
10.0,const,helm,7.757545129612414,2713354.4539748007,349.9347414458844
10.0,const,helm,7.9386996888382235,2788473.2999356445,349.9347414458844
10.0,const,helm,8.124084577862966,2865845.2067362894,349.9347414458844
10.0,const,helm,8.313798583547333,2945542.7233013124,349.9347414458844
10.0,const,helm,8.507942799627445,3027640.8104032883,349.93474144588436
10.0,const,helm,8.706620680585118,3112216.9178726976,349.9347414458844
10.0,const,helm,8.909938096776107,3199351.0639096154,349.9347414458844
10.0,const,helm,9.118003390845681,3289125.9165296117,349.9347414458844
10.0,const,helm,9.330927435461664,3381626.8771753632,349.9347414458844
10.0,const,helm,9.548823692395656,3476942.166524403,349.93474144588447
10.0,const,helm,9.771808272983899,3575162.912522338,349.93474144588436
10.0,const,helm,10.0,3676383.240669587,349.9347414458844
10.0,const,shell,0.001,279.33211054168606,1184.4834036485386
10.0,const,shell,0.0010233520470972575,285.85532766449796,1184.4834036485386
10.0,const,shell,0.0010472494122981486,292.53088662512897,1184.4834036485383
10.0,const,shell,0.0010717048298967114,299.3623454542967,1184.4834036485383
10.0,const,shell,0.0010967313315588178,306.3533452953897,1184.4834036485383
10.0,const,shell,0.0011223422532664173,313.5076123465168,1184.4834036485383
10.0,const,shell,0.001148551242423938,320.82895984796414,1184.4834036485386
10.0,const,shell,0.0011753722651306367,328.3212901161223,1184.4834036485383
10.0,const,shell,0.0012028196136227775,335.98859662497216,1184.4834036485383
10.0,const,shell,0.0012309079138896018,343.83496613624465,1184.4834036485388
10.0,const,shell,0.0012596521334671401,351.8645808793891,1184.4834036485386
10.0,const,shell,0.001289067589414027,360.08172078252085,1184.4834036485383
10.0,const,shell,0.0013191699564735716,368.4907657555413,1184.4834036485381
10.0,const,shell,0.0013499752754264297,377.09619802665225,1184.4834036485383
10.0,const,shell,0.0013814999616383224,385.90260453351317,1184.4834036485383
10.0,const,shell,0.0014137608138073614,394.91467937032235,1184.4834036485386
10.0,const,shell,0.001446775022915648,404.1372262921334,1184.4834036485383
10.0,const,shell,0.0014805601813899102,413.57516127774807,1184.4834036485381
10.0,const,shell,0.001515134292476053,423.2335151525534,1184.4834036485383
10.0,const,shell,0.0015505157798326253,433.1174362727121,1184.4834036485383
10.0,const,shell,0.0015867234973483179,443.23219327214184,1184.4834036485381
10.0,const,shell,0.001623776739188721,453.58317787375796,1184.4834036485383
10.0,const,shell,0.001661695250077689,464.17590776647916,1184.4834036485383
10.0,const,shell,0.001700499235818794,475.01602954954257,1184.4834036485383
10.0,const,shell,0.001740209374062485,486.10932174570536,1184.4834036485381
10.0,const,shell,0.0017808468253246812,497.46169788494814,1184.4834036485386
10.0,const,shell,0.0018224332442626666,509.07920966032856,1184.4834036485383
10.0,const,shell,0.001864990791214298,520.9680501576803,1184.4834036485386
10.0,const,shell,0.001908542144006686,533.1345571608914,1184.4834036485383
10.0,const,shell,0.0019531105100406311,545.5852165345296,1184.4834036485383
10.0,const,shell,0.0019987196386572507,558.3266656856298,1184.4834036485383
10.0,const,shell,0.00204539383379339,571.3656971064997,1184.4834036485386
10.0,const,shell,0.002093157966932574,584.7092620004489,1184.4834036485383
10.0,const,shell,0.002142037490358383,598.3644739923817,1184.4834036485386
10.0,const,shell,0.0021920584507173256,612.3386129262442,1184.4834036485383
10.0,const,shell,0.0022432475028984203,626.6391287513666,1184.4834036485381
10.0,const,shell,0.0022956319242369095,641.273645499786,1184.4834036485383
10.0,const,shell,0.0023492396290496578,656.2499653566869,1184.4834036485388
10.0,const,shell,0.002404099183509972,671.5760728261394,1184.4834036485381
10.0,const,shell,0.0024602398208697774,687.2601389943748,1184.4834036485383
10.0,const,shell,0.0025176914570372772,703.3105258928935,1184.4834036485386
10.0,const,shell,0.0025764847065183746,719.7357909637448,1184.4834036485383
10.0,const,shell,0.0026366508987303583,736.5446916293762,1184.4834036485381
10.0,const,shell,0.0026982220946965385,753.7461899695084,1184.4834036485383
10.0,const,shell,0.002761231104130753,771.3494575075588,1184.4834036485383
10.0,const,shell,0.002825711502920827,789.3638801091753,1184.4834036485381
10.0,const,shell,0.0028916976510202992,807.7990629955227,1184.4834036485381
10.0,const,shell,0.0029592247107579576,826.6648358740104,1184.4834036485383
10.0,const,shell,0.0030283286655749457,845.9712581892311,1184.4834036485383
10.0,const,shell,0.003099046339199427,865.7286244969349,1184.4834036485381
10.0,const,shell,0.003171415415268999,885.9474699639203,1184.4834036485381
10.0,const,shell,0.0032454744574113323,906.638575996814,1184.4834036485383
10.0,const,shell,0.0033212629297937482,927.8129760027695,1184.4834036485386
10.0,const,shell,0.003398821218152667,949.4819612851869,1184.4834036485383
10.0,const,shell,0.00347819065131413,971.6570870776239,1184.4834036485383
10.0,const,shell,0.003559413523216862,994.3501787191556,1184.4834036485383
10.0,const,shell,0.003642533115449638,1017.5733379745144,1184.4834036485386
10.0,const,shell,0.003727593720314938,1041.3389495024135,1184.4834036485381
10.0,const,shell,0.003814640664431178,1065.6596874755407,1184.4834036485386
10.0,const,shell,0.0039037203328860922,1090.5485223557962,1184.4834036485383
10.0,const,shell,0.0039948801939541706,1116.0187278284336,1184.483403648538
10.0,const,shell,0.004088168824391289,1142.083887898844,1184.4834036485386
10.0,const,shell,0.004183635935320019,1168.7579041558179,1184.4834036485383
10.0,const,shell,0.004281332398719396,1196.055003205193,1184.4834036485381
10.0,const,shell,0.004381310274533306,1223.989744277933,1184.4834036485383
10.0,const,shell,0.0044836228384119055,1252.5770270167247,1184.4834036485381
10.0,const,shell,0.004588324610100845,1281.8320994453143,1184.4834036485383
10.0,const,shell,0.004695471382493431,1311.770566124879,1184.4834036485383
10.0,const,shell,0.004805120251361242,1342.4083965018747,1184.4834036485383
10.0,const,shell,0.004917329645779016,1373.7619334518495,1184.4834036485386
10.0,const,shell,0.005032159359259993,1405.8479020238606,1184.4834036485383
10.0,const,shell,0.005149670581618343,1438.6834183902258,1184.4834036485386
10.0,const,shell,0.005269925931575657,1472.2859990064671,1184.4834036485381
10.0,const,shell,0.00539298949012887,1506.6735699864034,1184.4834036485381
10.0,const,shell,0.00551892683469738,1541.86447669748,1184.4834036485383
10.0,const,shell,0.005647805074067557,1577.8774935815218,1184.4834036485383
10.0,const,shell,0.005779692884153313,1614.7318342062754,1184.4834036485386
10.0,const,shell,0.005914660544591745,1652.4471615531643,1184.4834036485386
10.0,const,shell,0.0060527799761933496,1691.0435985468566,1184.4834036485381
10.0,const,shell,0.00619412477926676,1730.5417388323597,1184.4834036485383
10.0,const,shell,0.0063387702728384876,1770.9626578055156,1184.4834036485381
10.0,const,shell,0.006486793534788508,1812.3279239028857,1184.4834036485383
10.0,const,shell,0.006638273442923081,1854.6596101571527,1184.4834036485383
10.0,const,shell,0.006793290717006703,1897.9803060243573,1184.4834036485381
10.0,const,shell,0.0069519279617756054,1942.3131294893901,1184.4834036485383
10.0,const,shell,0.007114269710955731,1987.681739456355,1184.4834036485381
10.0,const,shell,0.007280402472308569,2034.110348430525,1184.4834036485383
10.0,const,shell,0.007450414773728917,2081.6237354988393,1184.4834036485383
10.0,const,shell,0.007624397210419138,2130.2472596160133,1184.4834036485383
10.0,const,shell,0.007802442493165045,2180.0068732035234,1184.4834036485386
10.0,const,shell,0.007984645497739086,2230.9291360688726,1184.4834036485383
10.0,const,shell,0.008171103315457203,2283.0412296527697,1184.4834036485386
10.0,const,shell,0.008361915304916317,2336.3709716120125,1184.4834036485386
10.0,const,shell,0.008557183144940002,2390.9468307460456,1184.4834036485381
10.0,const,shell,0.008757010888760509,2446.7979422753706,1184.4834036485388
10.0,const,shell,0.00896150501946605,2503.954123480173,1184.4834036485383
10.0,const,shell,0.00917077450674293,2562.44588970776,1184.4834036485383
10.0,const,shell,0.009384930864942721,2622.3044707575823,1184.4834036485383
10.0,const,shell,0.009604088212505378,2683.561827652815,1184.4834036485383
10.0,const,shell,0.00982836333277003,2746.250669807742,1184.4834036485381
10.0,const,shell,0.010057875736205835,2810.4044726003644,1184.4834036485383
10.0,const,shell,0.010292747724096083,2876.0574953599175,1184.4834036485383
10.0,const,shell,0.01053310445370937,2943.244799779163,1184.4834036485386
10.0,const,shell,0.01077907400499273,3012.0022687616442,1184.4834036485383
10.0,const,shell,0.011030787448822152,3082.366625714269,1184.4834036485386
10.0,const,shell,0.011288378916846888,3154.375454295875,1184.4834036485381
10.0,const,shell,0.011551985672964792,3228.06721863268,1184.4834036485386
10.0,const,shell,0.011821748186466717,3303.481284011792,1184.4834036485386
10.0,const,shell,0.012097810206889013,3380.6579380642233,1184.4834036485383
10.0,const,shell,0.012380318840613974,3459.638412449141,1184.4834036485381
10.0,const,shell,0.012669424629259064,3540.4649050513544,1184.4834036485383
10.0,const,shell,0.012965281629896682,3623.1806027043745,1184.4834036485386
10.0,const,shell,0.013268047497147245,3707.8297044516207,1184.4834036485383
10.0,const,shell,0.013577883567189284,3794.457445358741,1184.4834036485381
10.0,const,shell,0.013894954943731374,3883.1101208902533,1184.4834036485383
10.0,const,shell,0.014219430585991668,3973.8351118640894,1184.4834036485386
10.0,const,shell,0.014551483398731937,4066.680909997951,1184.4834036485383
10.0,const,shell,0.014891290324394095,4161.697144061712,1184.4834036485383
10.0,const,shell,0.015239032437388288,4258.934606650473,1184.4834036485386
10.0,const,shell,0.015594895040582823,4358.44528159325,1184.483403648538
10.0,const,shell,0.01595906776404731,4460.282372012583,1184.4834036485386
10.0,const,shell,0.016331744666101676,4564.500329050839,1184.4834036485383
10.0,const,shell,0.016713124336724876,4671.154881279268,1184.4834036485383
10.0,const,shell,0.017103410003378405,4780.303064806346,1184.4834036485386
10.0,const,shell,0.017502809639301013,4892.003254102325,1184.4834036485381
10.0,const,shell,0.01791153607433231,5006.31519355731,1184.4834036485381
10.0,const,shell,0.018329807108324356,5123.300029790669,1184.4834036485383
10.0,const,shell,0.018757845627201602,5243.0203447299855,1184.4834036485381
10.0,const,shell,0.01919587972173111,5365.540189478223,1184.4834036485383
10.0,const,shell,0.019644142809066276,5490.925118988277,1184.4834036485383
10.0,const,shell,0.020102873757128856,5619.242227564524,1184.4834036485383
10.0,const,shell,0.02057231701189556,5750.560185211501,1184.4834036485381
10.0,const,shell,0.02105272272765707,5884.949274850368,1184.4834036485383
10.0,const,shell,0.021544346900318832,6022.481430424265,1184.4834036485383
10.0,const,shell,0.022047451503814746,6163.230275914333,1184.4834036485383
10.0,const,shell,0.02256230462970634,6307.271165288548,1184.4834036485383
10.0,const,shell,0.023089180630041926,6454.681223406282,1184.4834036485383
10.0,const,shell,0.023628360263551765,6605.539387901888,1184.4834036485383
10.0,const,shell,0.024180130845257206,6759.926452071354,1184.4834036485386
10.0,const,shell,0.024744786399573514,6917.925108786615,1184.4834036485383
10.0,const,shell,0.025322627816987946,7079.619995462741,1184.4834036485383
10.0,const,shell,0.025913963014396586,7245.097740103894,1184.4834036485383
10.0,const,shell,0.02651910709918538,7414.447008454596,1184.4834036485381
10.0,const,shell,0.027138382537142788,7587.758552283505,1184.4834036485381
10.0,const,shell,0.02777211932429355,7765.1252588276975,1184.4834036485383
10.0,const,shell,0.028420655162745122,7946.642201426011,1184.4834036485383
10.0,const,shell,0.029084335640640478,8132.4066913709385,1184.4834036485383
10.0,const,shell,0.029763514416313176,8322.518331009152,1184.4834036485383
10.0,const,shell,0.03045855340674284,8517.079068121651,1184.4834036485383
10.0,const,shell,0.03116982298041145,8716.193251615237,1184.4834036485381
10.0,const,shell,0.03189770215466321,8919.967688557934,1184.4834036485386
10.0,const,shell,0.03264257879767322,9128.51170259174,1184.4834036485381
10.0,const,shell,0.03340484983513244,9341.937193757056,1184.4834036485381
10.0,const,shell,0.03418492146175929,9560.358699763945,1184.4834036485383
10.0,const,shell,0.03498320935775036,9783.893458746423,1184.4834036485386
10.0,const,shell,0.035800138910285786,10012.66147353682,1184.4834036485381
10.0,const,shell,0.036636145440207164,10246.785577498282,1184.4834036485383
10.0,const,shell,0.037491674433988875,10486.391501954517,1184.4834036485383
10.0,const,shell,0.03836718178112645,10731.607945256892,1184.4834036485381
10.0,const,shell,0.03926313401706837,10982.566643530086,1184.4834036485383
10.0,const,shell,0.04018000857182091,11239.402443138522,1184.4834036485381
10.0,const,shell,0.04111829402435831,11502.253374917094,1184.4834036485383
10.0,const,shell,0.04207849036297403,11771.260730210726,1184.4834036485383
10.0,const,shell,0.043061109251711714,12046.569138768495,1184.4834036485383
10.0,const,shell,0.04406667430301786,12328.3266485395,1184.4834036485383
10.0,const,shell,0.045095721356761466,12616.684807418562,1184.4834036485383
10.0,const,shell,0.04614879876576939,12911.798746991555,1184.4834036485383
10.0,const,shell,0.047226467688029516,13213.827268331177,1184.4834036485383
10.0,const,shell,0.04832930238571752,13522.932929895604,1184.4834036485383
10.0,const,shell,0.049457890531206423,13839.282137583745,1184.4834036485386
10.0,const,shell,0.05061283352022219,14163.045237002365,1184.4834036485383
10.0,const,shell,0.0517947467923121,14494.396608001864,1184.4834036485383
10.0,const,shell,0.05300426015879673,14833.51476153903,1184.4834036485383
10.0,const,shell,0.05424201813838027,15180.582438926687,1184.4834036485381
10.0,const,shell,0.05550868030059805,15535.78671353194,1184.4834036485381
10.0,const,shell,0.05680492161728426,15899.319094986224,1184.4834036485386
10.0,const,shell,0.058131432822247135,16271.37563597237,1184.4834036485383
10.0,const,shell,0.05948892077934334,16652.157041655457,1184.4834036485381
10.0,const,shell,0.06087810885914762,17041.868781826433,1184.4834036485383
10.0,const,shell,0.06229973732441844,17440.72120582905,1184.4834036485381
10.0,const,shell,0.06375456372456506,17848.92966034293,1184.4834036485381
10.0,const,shell,0.06524336329932624,18266.714610097577,1184.4834036485383
10.0,const,shell,0.06676692939187563,18694.301761594135,1184.4834036485381
10.0,const,shell,0.06832607387157402,19131.92218991414,1184.4834036485383
10.0,const,shell,0.06992162756659374,19579.81246869645,1184.4834036485386
10.0,const,shell,0.07155444070664578,20038.214803366307,1184.4834036485383
10.0,const,shell,0.07322538337604534,20507.37716770231,1184.4834036485383
10.0,const,shell,0.07493534597735753,20987.553443830195,1184.4834036485383
10.0,const,shell,0.0766852397058701,21479.00356573439,1184.4834036485381
10.0,const,shell,0.07847599703514611,21981.99366638123,1184.4834036485383
10.0,const,shell,0.08030857221391513,22496.79622855035,1184.4834036485383
10.0,const,shell,0.08218394177456802,23023.690239473628,1184.4834036485381
10.0,const,shell,0.08410310505352604,23562.96134938397,1184.4834036485383
10.0,const,shell,0.08606708472376164,24114.902034079216,1184.4834036485381
10.0,const,shell,0.08807692733975461,24679.81176160954,1184.4834036485386
10.0,const,shell,0.09013370389517433,25257.997163200063,1184.4834036485383
10.0,const,shell,0.09223851039358476,25849.772208523507,1184.4834036485381
10.0,const,shell,0.09439246843247669,26455.458385441307,1184.4834036485383
10.0,const,shell,0.09659672580093832,27075.38488433515,1184.4834036485383
10.0,const,shell,0.09885245709128276,27709.88878715441,1184.4834036485381
10.0,const,shell,0.10116086432495808,28359.31526130893,1184.4834036485383
10.0,const,shell,0.10352317759307378,29024.017758540445,1184.4834036485383
10.0,const,shell,0.1059406557118851,29704.35821890995,1184.4834036485383
10.0,const,shell,0.10841458689358349,30400.70728004247,1184.4834036485381
10.0,const,shell,0.11094628943275218,31113.444491775204,1184.4834036485383
10.0,const,shell,0.11353711240885178,31842.958536359434,1184.4834036485383
10.0,const,shell,0.11618843640511002,32589.647454370846,1184.4834036485381
10.0,const,shell,0.118901674244199,33353.91887648825,1184.4834036485383
10.0,const,shell,0.1216782717410923,34136.19026130548,1184.4834036485381
10.0,const,shell,0.12451970847350319,34936.88913934621,1184.4834036485386
10.0,const,shell,0.12742749857031335,35756.45336345676,1184.4834036485383
10.0,const,shell,0.13040319151841315,36595.331365757505,1184.4834036485383
10.0,const,shell,0.13344837298838383,37453.98242133945,1184.4834036485381
10.0,const,shell,0.13656466567946096,38332.87691889817,1184.4834036485383
10.0,const,shell,0.1397537301842291,39232.49663850298,1184.4834036485381
10.0,const,shell,0.1430172658735088,40153.33503670646,1184.4834036485386
10.0,const,shell,0.14635701180190797,41095.897539205216,1184.4834036485386
10.0,const,shell,0.14977474763452,42060.701841270056,1184.4834036485383
10.0,const,shell,0.15327229459526134,43048.278216170045,1184.4834036485383
10.0,const,shell,0.1568515164373548,44059.16983182301,1184.4834036485381
10.0,const,shell,0.16051432043647615,45093.933075912086,1184.4834036485383
10.0,const,shell,0.16426265840709303,46153.13788971597,1184.4834036485383
10.0,const,shell,0.16809852774253636,47237.36811090793,1184.4834036485381
10.0,const,shell,0.1720239724793599,48347.22182558802,1184.4834036485386
10.0,const,shell,0.17604108438655525,49483.31172982094,1184.4834036485383
10.0,const,shell,0.18015200408020238,50646.26550096124,1184.4834036485386
10.0,const,shell,0.1843589221641488,51836.72617905646,1184.4834036485383
10.0,const,shell,0.18866408039732582,53055.35255862882,1184.4834036485383
10.0,const,shell,0.19306977288832497,54302.819591146515,1184.4834036485386
10.0,const,shell,0.19757834731786994,55579.818798505126,1184.4834036485381
10.0,const,shell,0.20219220618983536,56887.058697850756,1184.4834036485386
10.0,const,shell,0.20691380811147903,58225.2652380879,1184.4834036485383
10.0,const,shell,0.21174566910357118,59595.18224842679,1184.4834036485381
10.0,const,shell,0.2166903639411181,60997.57189933644,1184.4834036485381
10.0,const,shell,0.22175052752539318,62433.215176282065,1184.4834036485383
10.0,const,shell,0.2269288562880081,63902.9123666386,1184.4834036485383
10.0,const,shell,0.23222810962777246,65407.48356018662,1184.4834036485383
10.0,const,shell,0.23765111138110728,66947.76916360851,1184.4834036485383
10.0,const,shell,0.24320075132679475,68524.63042941905,1184.4834036485381
10.0,const,shell,0.24887998672586673,70138.9499997785,1184.4834036485381
10.0,const,shell,0.25469184389745403,71791.63246565333,1184.4834036485381
10.0,const,shell,0.26063941983143474,73483.60494180351,1184.4834036485383
10.0,const,shell,0.2667258838387405,75215.81765809405,1184.4834036485383
10.0,const,shell,0.2729544792402007,76989.2445676446,1184.483403648538
10.0,const,shell,0.2793285250948253,78804.88397235003,1184.4834036485381
10.0,const,shell,0.28585141796844715,80663.75916632287,1184.4834036485381
10.0,const,shell,0.2925266337436645,82566.91909782759,1184.4834036485386
10.0,const,shell,0.29935772947204903,84515.43905029769,1184.4834036485383
10.0,const,shell,0.3063483452696084,86510.42134304777,1184.4834036485381
10.0,const,shell,0.3135022062565112,88552.99605231325,1184.4834036485381
10.0,const,shell,0.32082312454210776,90644.32175327395,1184.4834036485386
10.0,const,shell,0.3283150012563047,92785.58628374028,1184.4834036485383
10.0,const,shell,0.3359818286283781,94978.00753020734,1184.4834036485386
10.0,const,shell,0.34382769211433073,97222.83423700482,1184.4834036485386
10.0,const,shell,0.3518567725739263,99521.34683929774,1184.4834036485383
10.0,const,shell,0.360073348498562,101874.85832072151,1184.4834036485381
10.0,const,shell,0.3684817982911677,104284.71509646194,1184.4834036485383
10.0,const,shell,0.3770866025993452,106752.2979226207,1184.4834036485386
10.0,const,shell,0.3858923467029903,109279.0228327366,1184.4834036485386
10.0,const,shell,0.3949037229576702,111866.34210236592,1184.4834036485383
10.0,const,shell,0.40412553329506,114515.74524265724,1184.4834036485386
10.0,const,shell,0.4135626917817706,117228.76002389171,1184.4834036485381
10.0,const,shell,0.4232202272379275,120006.95352999197,1184.4834036485383
10.0,const,shell,0.4331032859169001,122851.93324504454,1184.4834036485381
10.0,const,shell,0.44321713424760856,125765.34817291546,1184.4834036485383
10.0,const,shell,0.45356716164087024,128748.88999108081,1184.4834036485383
10.0,const,shell,0.46415888336127775,131804.29423983255,1184.4834036485383
10.0,const,shell,0.47499794346614127,134933.34154806708,1184.4834036485381
10.0,const,shell,0.48609011781306305,138137.85889690524,1184.4834036485381
10.0,const,shell,0.49744131713774514,141419.72092244113,1184.4834036485381
10.0,const,shell,0.5090575902036681,144780.85125896355,1184.4834036485381
10.0,const,shell,0.5209451270253211,148223.22392404423,1184.4834036485383
10.0,const,shell,0.5331102621667033,151748.86474694288,1184.4834036485386
10.0,const,shell,0.5455594781168515,155359.85284182683,1184.4834036485383
10.0,const,shell,0.5582994087441919,159058.32212736347,1184.4834036485383
10.0,const,shell,0.571336842831558,162846.46289430084,1184.4834036485383
10.0,const,shell,0.584678727693759,166726.52342271386,1184.4834036485383
10.0,const,shell,0.5983321728796283,170700.81165065378,1184.4834036485383
10.0,const,shell,0.6123044539605184,174771.69689600516,1184.4834036485386
10.0,const,shell,0.6266030164072656,178941.6116334234,1184.4834036485383
10.0,const,shell,0.6412354795576917,183213.053328296,1184.4834036485383
10.0,const,shell,0.6562096406767555,187588.5863297431,1184.4834036485386
10.0,const,shell,0.6715334791115142,192070.84382474903,1184.4834036485386
10.0,const,shell,0.6872151605431122,196662.5298555957,1184.4834036485383
10.0,const,shell,0.7032630413380644,201366.42140285214,1184.4834036485383
10.0,const,shell,0.7196856730011514,206185.37053625783,1184.4834036485383
10.0,const,shell,0.7364918067322965,211122.306635924,1184.4834036485383
10.0,const,shell,0.7536903980898542,216180.23868637343,1184.4834036485383
10.0,const,shell,0.7712906117627992,221362.25764603104,1184.4834036485383
10.0,const,shell,0.7893018264543568,226671.5388948776,1184.4834036485381
10.0,const,shell,0.8077336398796711,232111.3447630796,1184.4834036485383
10.0,const,shell,0.8265958738801813,237685.02714351658,1184.4834036485386
10.0,const,shell,0.84589857965743,243396.03019123766,1184.4834036485381
10.0,const,shell,0.8656520431290936,249247.8931129933,1184.4834036485386
10.0,const,shell,0.8858667904100823,255244.25305010309,1184.4834036485388
10.0,const,shell,0.9065535934216359,261388.8480580501,1184.4834036485383
10.0,const,shell,0.927723475631406,267685.5201863155,1184.4834036485381
10.0,const,shell,0.949387717927582,274138.21866210253,1184.4834036485386
10.0,const,shell,0.9715578646301858,280751.0031817304,1184.4834036485383
10.0,const,shell,0.9942457296427418,287528.04731362883,1184.4834036485383
10.0,const,shell,1.0174634027476064,294473.642017006,1184.483403648538
10.0,const,shell,1.0412232560483043,301592.19928041846,1184.4834036485386
10.0,const,shell,1.0655379505623053,308888.2558846265,1184.4834036485386
10.0,const,shell,1.0904204429677526,316366.4772942851,1184.4834036485381
10.0,const,shell,1.115883992507748,324031.66168319137,1184.4834036485383
10.0,const,shell,1.1419421680558648,331888.7440979849,1184.4834036485383
10.0,const,shell,1.168608855346651,339942.80076537386,1184.4834036485386
10.0,const,shell,1.1958982643749794,348199.05354815756,1184.4834036485383
10.0,const,shell,1.2238249369681924,356662.87455550674,1184.4834036485381
10.0,const,shell,1.252403754535072,365339.7909131648,1184.4834036485381
10.0,const,shell,1.2816499459957584,374235.48969943984,1184.4834036485383
10.0,const,shell,1.3115790958968503,383355.8230530789,1184.4834036485383
10.0,const,shell,1.342207152716012,392706.8134593373,1184.4834036485383
10.0,const,shell,1.3735504373605123,402294.65922078537,1184.4834036485381
10.0,const,shell,1.405625651864215,412125.7401196329,1184.4834036485381
10.0,const,shell,1.438449888287663,422206.6232786017,1184.483403648538
10.0,const,shell,1.4720406378260014,432544.0692276305,1184.4834036485383
10.0,const,shell,1.506415800129591,443145.03818396165,1184.4834036485383
10.0,const,shell,1.5415936928422718,454016.69655342045,1184.4834036485381
10.0,const,shell,1.5775930613623614,465166.4236609943,1184.4834036485386
10.0,const,shell,1.6144330888316019,476601.81871909625,1184.4834036485383
10.0,const,shell,1.6521334063573685,488330.7080422049,1184.4834036485381
10.0,const,shell,1.69071410347358,500361.1525168667,1184.4834036485386
10.0,const,shell,1.7301957388458944,512701.45533637947,1184.4834036485381
10.0,const,shell,1.770599351226898,525360.1700097967,1184.4834036485383
10.0,const,shell,1.8119464706671222,538346.1086552237,1184.4834036485383
10.0,const,shell,1.8542591299878524,551668.35058773,1184.4834036485383
10.0,const,shell,1.8975598765218504,565336.2512125542,1184.4834036485381
10.0,const,shell,1.941871784128255,579359.4512346511,1184.4834036485386
10.0,const,shell,1.9872184654880534,593747.8861960006,1184.483403648538
10.0,const,shell,2.0336240846866724,608511.7963524868,1184.4834036485383
10.0,const,shell,2.081113370090395,623661.7369025563,1184.4834036485383
10.0,const,shell,2.129711627523478,639208.5885802765,1184.4834036485383
10.0,const,shell,2.1794447537529833,655163.5686258285,1184.4834036485383
10.0,const,shell,2.2303392502884964,671538.2421468955,1184.4834036485386
10.0,const,shell,2.2824222375040977,688344.5338848599,1184.4834036485383
10.0,const,shell,2.3357214690901213,705594.7404001723,1184.4834036485386
10.0,const,shell,2.3902653468423893,723301.5426917076,1184.4834036485381
10.0,const,shell,2.446082935796798,741478.0192654058,1184.4834036485386
10.0,const,shell,2.5032039797173256,760137.6596679752,1184.4834036485383
10.0,const,shell,2.561658916945727,779294.3785019395,1184.4834036485383
10.0,const,shell,2.6214788966213534,798962.529938803,1184.4834036485381
10.0,const,shell,2.6826957952797246,819156.9227476242,1184.4834036485383
10.0,const,shell,2.745342233838714,839892.8358568224,1184.4834036485381
10.0,const,shell,2.809451594981406,861186.0344675772,1184.4834036485383
10.0,const,shell,2.8750580409448774,883052.7867377137,1184.4834036485383
10.0,const,shell,2.942196531724374,905509.8810555286,1184.4834036485383
10.0,const,shell,3.0109028437025924,928574.6439235744,1184.4834036485383
10.0,const,shell,3.081213588714002,952264.9584729945,1184.4834036485383
10.0,const,shell,3.1531662335543613,976599.2836295763,1184.4834036485383
10.0,const,shell,3.2267991199458086,1001596.6739532687,1184.4834036485386
10.0,const,shell,3.3021514849681757,1027276.8001735195,1184.4834036485386
10.0,const,shell,3.379263481967431,1053659.9704433829,1184.483403648538
10.0,const,shell,3.4581762019523774,1080767.1523359497,1184.4834036485381
10.0,const,shell,3.538931695490988,1108619.9956072567,1184.4834036485381
10.0,const,shell,3.6215729951180746,1137240.855750457,1184.4834036485383
10.0,const,shell,3.706144138266228,1166652.8183666556,1184.4834036485386
10.0,const,shell,3.792690190732246,1196879.7243784142,1184.4834036485383
10.0,const,shell,3.881257270691536,1227946.1961125573,1184.4834036485381
10.0,const,shell,3.971892573273302,1259877.6642795354,1184.4834036485383
10.0,const,shell,4.064644395709628,1292700.395877223,1184.4834036485383
10.0,const,shell,4.1595621630718425,1326441.5230476337,1184.4834036485381
10.0,const,shell,4.256696454607871,1361129.0729156449,1184.4834036485386
10.0,const,shell,4.356099030694608,1396791.998439435,1184.4834036485381
10.0,const,shell,4.457822860419706,1433460.2103029473,1184.4834036485383
10.0,const,shell,4.561922149807459,1471164.6098812625,1184.4834036485383
10.0,const,shell,4.66845237070379,1509937.1233103345,1184.4834036485383
10.0,const,shell,4.777470290335773,1549810.7366931387,1184.4834036485386
10.0,const,shell,4.889034001561443,1590819.5324748163,1184.4834036485386
10.0,const,shell,5.003202953825999,1632998.7270199282,1184.4834036485383
10.0,const,shell,5.120037984840887,1676384.70942544,1184.4834036485383
10.0,const,shell,5.239601353002644,1721015.0816035795,1184.4834036485383
10.0,const,shell,5.361956770568817,1766928.6996691593,1184.4834036485381
10.0,const,shell,5.487169437608599,1814165.7166664025,1184.4834036485381
10.0,const,shell,5.615306076746273,1862767.6266707226,1184.4834036485381
10.0,const,shell,5.746434968715974,1912777.3103012946,1184.4834036485383
10.0,const,shell,5.880625988746757,1964239.0816806257,1184.4834036485381
10.0,const,shell,6.017950643797328,2017198.7368776102,1184.4834036485386
10.0,const,shell,6.158482110660261,2071703.6038708412,1184.4834036485383
10.0,const,shell,6.302295274956023,2127802.5940692024,1184.4834036485386
10.0,const,shell,6.449466771037621,2185546.2554269168,1184.4834036485383
10.0,const,shell,6.600075022827088,2244986.8271904024,1184.4834036485381
10.0,const,shell,6.754200285605586,2306178.2963143256,1184.4834036485381
10.0,const,shell,6.911924688779366,2369176.455584295,1184.4834036485381
10.0,const,shell,7.073332279644439,2434038.9634836437,1184.4834036485383
10.0,const,shell,7.238509068173248,2500825.405841607,1184.4834036485386
10.0,const,shell,7.4075430728471625,2569597.3593000514,1184.4834036485381
10.0,const,shell,7.580524367559261,2640418.4566357434,1184.4834036485381
10.0,const,shell,7.757545129612414,2713354.4539748007,1184.4834036485381
10.0,const,shell,7.9386996888382235,2788473.2999356445,1184.4834036485383
10.0,const,shell,8.124084577862966,2865845.2067362894,1184.4834036485383
10.0,const,shell,8.313798583547333,2945542.7233013124,1184.4834036485381
10.0,const,shell,8.507942799627445,3027640.8104032883,1184.4834036485381
10.0,const,shell,8.706620680585118,3112216.9178726976,1184.4834036485383
10.0,const,shell,8.909938096776107,3199351.0639096154,1184.4834036485386
10.0,const,shell,9.118003390845681,3289125.9165296117,1184.4834036485383
10.0,const,shell,9.330927435461664,3381626.8771753632,1184.4834036485386
10.0,const,shell,9.548823692395656,3476942.166524403,1184.4834036485383
10.0,const,shell,9.771808272983899,3575162.912522338,1184.4834036485386
10.0,const,shell,10.0,3676383.240669587,1184.4834036485383
10.0,vecD,helm,0.001,279.33211054168606,349.9841713510989
10.0,vecD,helm,0.0010233520470972575,285.85532766449796,349.98417113635213
10.0,vecD,helm,0.0010472494122981486,292.53088662512897,349.98417091659195
10.0,vecD,helm,0.0010717048298967114,299.3623454542967,349.98417069170165
10.0,vecD,helm,0.0010967313315588178,306.3533452953897,349.9841704615612
10.0,vecD,helm,0.0011223422532664173,313.5076123465168,349.9841702260483
10.0,vecD,helm,0.001148551242423938,320.82895984796414,349.9841699850377
10.0,vecD,helm,0.0011753722651306367,328.3212901161223,349.98416973840074
10.0,vecD,helm,0.0012028196136227775,335.98859662497216,349.9841694860063
10.0,vecD,helm,0.0012309079138896018,343.83496613624465,349.98416922772003
10.0,vecD,helm,0.0012596521334671401,351.8645808793891,349.9841689634045
10.0,vecD,helm,0.001289067589414027,360.08172078252085,349.98416869291896
10.0,vecD,helm,0.0013191699564735716,368.4907657555413,349.9841684161194
10.0,vecD,helm,0.0013499752754264297,377.09619802665225,349.98416813285854
10.0,vecD,helm,0.0013814999616383224,385.90260453351317,349.9841678429856
10.0,vecD,helm,0.0014137608138073614,394.91467937032235,349.9841675463464
10.0,vecD,helm,0.001446775022915648,404.1372262921334,349.9841672427829
10.0,vecD,helm,0.0014805601813899102,413.57516127774807,349.9841669321335
10.0,vecD,helm,0.001515134292476053,423.2335151525534,349.9841666142331
10.0,vecD,helm,0.0015505157798326253,433.1174362727121,349.9841662889123
10.0,vecD,helm,0.0015867234973483179,443.23219327214184,349.9841659559981
10.0,vecD,helm,0.001623776739188721,453.58317787375796,349.98416561531343
10.0,vecD,helm,0.001661695250077689,464.17590776647916,349.9841652666769
10.0,vecD,helm,0.001700499235818794,475.01602954954257,349.98416490990286
10.0,vecD,helm,0.001740209374062485,486.10932174570536,349.9841645448017
10.0,vecD,helm,0.0017808468253246812,497.46169788494814,349.9841641711791
10.0,vecD,helm,0.0018224332442626666,509.07920966032856,349.98416378883616
10.0,vecD,helm,0.001864990791214298,520.9680501576803,349.98416339756955
10.0,vecD,helm,0.001908542144006686,533.1345571608914,349.98416299717115
10.0,vecD,helm,0.0019531105100406311,545.5852165345296,349.98416258742793
10.0,vecD,helm,0.0019987196386572507,558.3266656856298,349.9841621681218
10.0,vecD,helm,0.00204539383379339,571.3656971064997,349.9841617390299
10.0,vecD,helm,0.002093157966932574,584.7092620004489,349.98416129992376
10.0,vecD,helm,0.002142037490358383,598.3644739923817,349.9841608505701
10.0,vecD,helm,0.0021920584507173256,612.3386129262442,349.98416039072976
10.0,vecD,helm,0.0022432475028984203,626.6391287513666,349.98415992015816
10.0,vecD,helm,0.0022956319242369095,641.273645499786,349.98415943860493
10.0,vecD,helm,0.0023492396290496578,656.2499653566869,349.98415894581416
10.0,vecD,helm,0.002404099183509972,671.5760728261394,349.9841584415237
10.0,vecD,helm,0.0024602398208697774,687.2601389943748,349.9841579254654
10.0,vecD,helm,0.0025176914570372772,703.3105258928935,349.98415739736487
10.0,vecD,helm,0.0025764847065183746,719.7357909637448,349.9841568569413
10.0,vecD,helm,0.0026366508987303583,736.5446916293762,349.9841563039074
10.0,vecD,helm,0.0026982220946965385,753.7461899695084,349.984155737969
10.0,vecD,helm,0.002761231104130753,771.3494575075588,349.9841551588254
10.0,vecD,helm,0.002825711502920827,789.3638801091753,349.9841545661686
10.0,vecD,helm,0.0028916976510202992,807.7990629955227,349.9841539596836
10.0,vecD,helm,0.0029592247107579576,826.6648358740104,349.98415333904825
10.0,vecD,helm,0.0030283286655749457,845.9712581892311,349.9841527039323
10.0,vecD,helm,0.003099046339199427,865.7286244969349,349.9841520539984
10.0,vecD,helm,0.003171415415268999,885.9474699639203,349.9841513889013
10.0,vecD,helm,0.0032454744574113323,906.638575996814,349.9841507082872
10.0,vecD,helm,0.0033212629297937482,927.8129760027695,349.9841500117946
10.0,vecD,helm,0.003398821218152667,949.4819612851869,349.9841492990536
10.0,vecD,helm,0.00347819065131413,971.6570870776239,349.9841485696853
10.0,vecD,helm,0.003559413523216862,994.3501787191556,349.98414782330235
10.0,vecD,helm,0.003642533115449638,1017.5733379745144,349.9841470595081
10.0,vecD,helm,0.003727593720314938,1041.3389495024135,349.98414627789685
10.0,vecD,helm,0.003814640664431178,1065.6596874755407,349.9841454780537
10.0,vecD,helm,0.0039037203328860922,1090.5485223557962,349.9841446595535
10.0,vecD,helm,0.0039948801939541706,1116.0187278284336,349.9841438219618
10.0,vecD,helm,0.004088168824391289,1142.083887898844,349.9841429648338
10.0,vecD,helm,0.004183635935320019,1168.7579041558179,349.9841420877141
10.0,vecD,helm,0.004281332398719396,1196.055003205193,349.98414119013734
10.0,vecD,helm,0.004381310274533306,1223.989744277933,349.98414027162687
10.0,vecD,helm,0.0044836228384119055,1252.5770270167247,349.9841393316952
10.0,vecD,helm,0.004588324610100845,1281.8320994453143,349.9841383698431
10.0,vecD,helm,0.004695471382493431,1311.770566124879,349.98413738556036
10.0,vecD,helm,0.004805120251361242,1342.4083965018747,349.98413637832454
10.0,vecD,helm,0.004917329645779016,1373.7619334518495,349.98413534760107
10.0,vecD,helm,0.005032159359259993,1405.8479020238606,349.98413429284335
10.0,vecD,helm,0.005149670581618343,1438.6834183902258,349.98413321349136
10.0,vecD,helm,0.005269925931575657,1472.2859990064671,349.98413210897263
10.0,vecD,helm,0.00539298949012887,1506.6735699864034,349.98413097870144
10.0,vecD,helm,0.00551892683469738,1541.86447669748,349.98412982207816
10.0,vecD,helm,0.005647805074067557,1577.8774935815218,349.98412863848955
10.0,vecD,helm,0.005779692884153313,1614.7318342062754,349.98412742730767
10.0,vecD,helm,0.005914660544591745,1652.4471615531643,349.9841261878908
10.0,vecD,helm,0.0060527799761933496,1691.0435985468566,349.9841249195815
10.0,vecD,helm,0.00619412477926676,1730.5417388323597,349.98412362170774
10.0,vecD,helm,0.0063387702728384876,1770.9626578055156,349.9841222935814
10.0,vecD,helm,0.006486793534788508,1812.3279239028857,349.9841209344987
10.0,vecD,helm,0.006638273442923081,1854.6596101571527,349.98411954373955
10.0,vecD,helm,0.006793290717006703,1897.9803060243573,349.9841181205672
10.0,vecD,helm,0.0069519279617756054,1942.3131294893901,349.98411666422743
10.0,vecD,helm,0.007114269710955731,1987.681739456355,349.9841151739493
10.0,vecD,helm,0.007280402472308569,2034.110348430525,349.9841136489432
10.0,vecD,helm,0.007450414773728917,2081.6237354988393,349.9841120884018
10.0,vecD,helm,0.007624397210419138,2130.2472596160133,349.9841104914989
10.0,vecD,helm,0.007802442493165045,2180.0068732035234,349.98410885738906
10.0,vecD,helm,0.007984645497739086,2230.9291360688726,349.9841071852075
10.0,vecD,helm,0.008171103315457203,2283.0412296527697,349.9841054740692
10.0,vecD,helm,0.008361915304916317,2336.3709716120125,349.9841037230689
10.0,vecD,helm,0.008557183144940002,2390.9468307460456,349.9841019312804
10.0,vecD,helm,0.008757010888760509,2446.7979422753706,349.98410009775574
10.0,vecD,helm,0.00896150501946605,2503.954123480173,349.98409822152536
10.0,vecD,helm,0.00917077450674293,2562.44588970776,349.9840963015973
10.0,vecD,helm,0.009384930864942721,2622.3044707575823,349.98409433695656
10.0,vecD,helm,0.009604088212505378,2683.561827652815,349.98409232656473
10.0,vecD,helm,0.00982836333277003,2746.250669807742,349.98409026935946
10.0,vecD,helm,0.010057875736205835,2810.4044726003644,349.98408816425376
10.0,vecD,helm,0.010292747724096083,2876.0574953599175,349.98408601013597
10.0,vecD,helm,0.01053310445370937,2943.244799779163,349.98408380586795
10.0,vecD,helm,0.01077907400499273,3012.0022687616442,349.9840815502861
10.0,vecD,helm,0.011030787448822152,3082.366625714269,349.98407924219964
10.0,vecD,helm,0.011288378916846888,3154.375454295875,349.98407688039026
10.0,vecD,helm,0.011551985672964792,3228.06721863268,349.9840744636121
10.0,vecD,helm,0.011821748186466717,3303.481284011792,349.9840719905898
10.0,vecD,helm,0.012097810206889013,3380.6579380642233,349.98406946001916
10.0,vecD,helm,0.012380318840613974,3459.638412449141,349.9840668705659
10.0,vecD,helm,0.012669424629259064,3540.4649050513544,349.9840642208649
10.0,vecD,helm,0.012965281629896682,3623.1806027043745,349.98406150951956
10.0,vecD,helm,0.013268047497147245,3707.8297044516207,349.9840587351014
10.0,vecD,helm,0.013577883567189284,3794.457445358741,349.9840558961491
10.0,vecD,helm,0.013894954943731374,3883.1101208902533,349.98405299116735
10.0,vecD,helm,0.014219430585991668,3973.8351118640894,349.9840500186269
10.0,vecD,helm,0.014551483398731937,4066.680909997951,349.98404697696327
10.0,vecD,helm,0.014891290324394095,4161.697144061712,349.98404386457594
10.0,vecD,helm,0.015239032437388288,4258.934606650473,349.9840406798279
10.0,vecD,helm,0.015594895040582823,4358.44528159325,349.9840374210444
10.0,vecD,helm,0.01595906776404731,4460.282372012583,349.98403408651217
10.0,vecD,helm,0.016331744666101676,4564.500329050839,349.9840306744791
10.0,vecD,helm,0.016713124336724876,4671.154881279268,349.98402718315253
10.0,vecD,helm,0.017103410003378405,4780.303064806346,349.98402361069884
10.0,vecD,helm,0.017502809639301013,4892.003254102325,349.98401995524256
10.0,vecD,helm,0.01791153607433231,5006.31519355731,349.9840162148654
10.0,vecD,helm,0.018329807108324356,5123.300029790669,349.98401238760476
10.0,vecD,helm,0.018757845627201602,5243.0203447299855,349.9840084714537
10.0,vecD,helm,0.01919587972173111,5365.540189478223,349.98400446435926
10.0,vecD,helm,0.019644142809066276,5490.925118988277,349.9840003642215
10.0,vecD,helm,0.020102873757128856,5619.242227564524,349.98399616889265
10.0,vecD,helm,0.02057231701189556,5750.560185211501,349.983991876176
10.0,vecD,helm,0.02105272272765707,5884.949274850368,349.98398748382454
10.0,vecD,helm,0.021544346900318832,6022.481430424265,349.98398298954044
10.0,vecD,helm,0.022047451503814746,6163.230275914333,349.9839783909733
10.0,vecD,helm,0.02256230462970634,6307.271165288548,349.98397368571926
10.0,vecD,helm,0.023089180630041926,6454.681223406282,349.98396887132
10.0,vecD,helm,0.023628360263551765,6605.539387901888,349.9839639452608
10.0,vecD,helm,0.024180130845257206,6759.926452071354,349.9839589049707
10.0,vecD,helm,0.024744786399573514,6917.925108786615,349.9839537478196
10.0,vecD,helm,0.025322627816987946,7079.619995462741,349.9839484711183
10.0,vecD,helm,0.025913963014396586,7245.097740103894,349.9839430721162
10.0,vecD,helm,0.02651910709918538,7414.447008454596,349.9839375480005
10.0,vecD,helm,0.027138382537142788,7587.758552283505,349.9839318958951
10.0,vecD,helm,0.02777211932429355,7765.1252588276975,349.9839261128587
10.0,vecD,helm,0.028420655162745122,7946.642201426011,349.98392019588323
10.0,vecD,helm,0.029084335640640478,8132.4066913709385,349.9839141418931
10.0,vecD,helm,0.029763514416313176,8322.518331009152,349.98390794774303
10.0,vecD,helm,0.03045855340674284,8517.079068121651,349.98390161021723
10.0,vecD,helm,0.03116982298041145,8716.193251615237,349.98389512602694
10.0,vecD,helm,0.03189770215466321,8919.967688557934,349.9838884918098
10.0,vecD,helm,0.03264257879767322,9128.51170259174,349.9838817041278
10.0,vecD,helm,0.03340484983513244,9341.937193757056,349.9838747594656
10.0,vecD,helm,0.03418492146175929,9560.358699763945,349.983867654229
10.0,vecD,helm,0.03498320935775036,9783.893458746423,349.98386038474325
10.0,vecD,helm,0.035800138910285786,10012.66147353682,349.9838529472513
10.0,vecD,helm,0.036636145440207164,10246.785577498282,349.98384533791204
10.0,vecD,helm,0.037491674433988875,10486.391501954517,349.9838375527984
10.0,vecD,helm,0.03836718178112645,10731.607945256892,349.9838295878956
10.0,vecD,helm,0.03926313401706837,10982.566643530086,349.98382143909987
10.0,vecD,helm,0.04018000857182091,11239.402443138522,349.98381310221504
10.0,vecD,helm,0.04111829402435831,11502.253374917094,349.9838045729523
10.0,vecD,helm,0.04207849036297403,11771.260730210726,349.9837958469271
10.0,vecD,helm,0.043061109251711714,12046.569138768495,349.98378691965786
10.0,vecD,helm,0.04406667430301786,12328.3266485395,349.98377778656345
10.0,vecD,helm,0.045095721356761466,12616.684807418562,349.9837684429613
10.0,vecD,helm,0.04614879876576939,12911.798746991555,349.9837588840652
10.0,vecD,helm,0.047226467688029516,13213.827268331177,349.9837491049833
10.0,vecD,helm,0.04832930238571752,13522.932929895604,349.983739100716
10.0,vecD,helm,0.049457890531206423,13839.282137583745,349.9837288661533
10.0,vecD,helm,0.05061283352022219,14163.045237002365,349.98371839607256
10.0,vecD,helm,0.0517947467923121,14494.396608001864,349.9837076851371
10.0,vecD,helm,0.05300426015879673,14833.51476153903,349.9836967278927
10.0,vecD,helm,0.05424201813838027,15180.582438926687,349.98368551876604
10.0,vecD,helm,0.05550868030059805,15535.78671353194,349.9836740520613
10.0,vecD,helm,0.05680492161728426,15899.319094986224,349.9836623219591
10.0,vecD,helm,0.058131432822247135,16271.37563597237,349.9836503225127
10.0,vecD,helm,0.05948892077934334,16652.157041655457,349.9836380476462
10.0,vecD,helm,0.06087810885914762,17041.868781826433,349.9836254911517
10.0,vecD,helm,0.06229973732441844,17440.72120582905,349.98361264668677
10.0,vecD,helm,0.06375456372456506,17848.92966034293,349.98359950777166
10.0,vecD,helm,0.06524336329932624,18266.714610097577,349.98358606778663
10.0,vecD,helm,0.06676692939187563,18694.301761594135,349.98357231996926
10.0,vecD,helm,0.06832607387157402,19131.92218991414,349.98355825741174
10.0,vecD,helm,0.06992162756659374,19579.81246869645,349.9835438730578
10.0,vecD,helm,0.07155444070664578,20038.214803366307,349.98352915969997
10.0,vecD,helm,0.07322538337604534,20507.37716770231,349.98351410997697
10.0,vecD,helm,0.07493534597735753,20987.553443830195,349.98349871637
10.0,vecD,helm,0.0766852397058701,21479.00356573439,349.98348297120054
10.0,vecD,helm,0.07847599703514611,21981.99366638123,349.98346686662705
10.0,vecD,helm,0.08030857221391513,22496.79622855035,349.98345039464147
10.0,vecD,helm,0.08218394177456802,23023.690239473628,349.98343354706725
10.0,vecD,helm,0.08410310505352604,23562.96134938397,349.98341631555456
10.0,vecD,helm,0.08606708472376164,24114.902034079216,349.98339869157866
10.0,vecD,helm,0.08807692733975461,24679.81176160954,349.9833806664357
10.0,vecD,helm,0.09013370389517433,25257.997163200063,349.98336223124
10.0,vecD,helm,0.09223851039358476,25849.772208523507,349.98334337692046
10.0,vecD,helm,0.09439246843247669,26455.458385441307,349.98332409421744
10.0,vecD,helm,0.09659672580093832,27075.38488433515,349.98330437367923
10.0,vecD,helm,0.09885245709128276,27709.88878715441,349.9832842056586
10.0,vecD,helm,0.10116086432495808,28359.31526130893,349.9832635803097
10.0,vecD,helm,0.10352317759307378,29024.017758540445,349.9832424875844
10.0,vecD,helm,0.1059406557118851,29704.35821890995,349.9832209172291
10.0,vecD,helm,0.10841458689358349,30400.70728004247,349.98319885878044
10.0,vecD,helm,0.11094628943275218,31113.444491775204,349.98317630156276
10.0,vecD,helm,0.11353711240885178,31842.958536359434,349.9831532346839
10.0,vecD,helm,0.11618843640511002,32589.647454370846,349.98312964703194
10.0,vecD,helm,0.118901674244199,33353.91887648825,349.98310552727133
10.0,vecD,helm,0.1216782717410923,34136.19026130548,349.9830808638399
10.0,vecD,helm,0.12451970847350319,34936.88913934621,349.98305564494433
10.0,vecD,helm,0.12742749857031335,35756.45336345676,349.9830298585571
10.0,vecD,helm,0.13040319151841315,36595.331365757505,349.9830034924129
10.0,vecD,helm,0.13344837298838383,37453.98242133945,349.98297653400476
10.0,vecD,helm,0.13656466567946096,38332.87691889817,349.9829489705806
10.0,vecD,helm,0.1397537301842291,39232.49663850298,349.98292078913926
10.0,vecD,helm,0.1430172658735088,40153.33503670646,349.9828919764271
10.0,vecD,helm,0.14635701180190797,41095.897539205216,349.9828625189345
10.0,vecD,helm,0.14977474763452,42060.701841270056,349.98283240289175
10.0,vecD,helm,0.15327229459526134,43048.278216170045,349.98280161426624
10.0,vecD,helm,0.1568515164373548,44059.16983182301,349.98277013875764
10.0,vecD,helm,0.16051432043647615,45093.933075912086,349.982737961796
10.0,vecD,helm,0.16426265840709303,46153.13788971597,349.9827050685366
10.0,vecD,helm,0.16809852774253636,47237.36811090793,349.9826714438572
10.0,vecD,helm,0.1720239724793599,48347.22182558802,349.98263707235503
10.0,vecD,helm,0.17604108438655525,49483.31172982094,349.9826019383424
10.0,vecD,helm,0.18015200408020238,50646.26550096124,349.98256602584394
10.0,vecD,helm,0.1843589221641488,51836.72617905646,349.9825293185932
10.0,vecD,helm,0.18866408039732582,53055.35255862882,349.98249180002955
10.0,vecD,helm,0.19306977288832497,54302.819591146515,349.9824534532944
10.0,vecD,helm,0.19757834731786994,55579.818798505126,349.98241426122917
10.0,vecD,helm,0.20219220618983536,56887.058697850756,349.982374206371
10.0,vecD,helm,0.20691380811147903,58225.2652380879,349.982333270951
10.0,vecD,helm,0.21174566910357118,59595.18224842679,349.98229143689076
10.0,vecD,helm,0.2166903639411181,60997.57189933644,349.9822486858
10.0,vecD,helm,0.22175052752539318,62433.215176282065,349.9822049989736
10.0,vecD,helm,0.2269288562880081,63902.9123666386,349.9821603573895
10.0,vecD,helm,0.23222810962777246,65407.48356018662,349.9821147417063
10.0,vecD,helm,0.23765111138110728,66947.76916360851,349.98206813226113
10.0,vecD,helm,0.24320075132679475,68524.63042941905,349.98202050906735
10.0,vecD,helm,0.24887998672586673,70138.9499997785,349.9819718518133
10.0,vecD,helm,0.25469184389745403,71791.63246565333,349.98192213985993
10.0,vecD,helm,0.26063941983143474,73483.60494180351,349.98187135224026
10.0,vecD,helm,0.2667258838387405,75215.81765809405,349.9818194676569
10.0,vecD,helm,0.2729544792402007,76989.2445676446,349.98176646448235
10.0,vecD,helm,0.2793285250948253,78804.88397235003,349.9817123207573
10.0,vecD,helm,0.28585141796844715,80663.75916632287,349.9816570141905
10.0,vecD,helm,0.2925266337436645,82566.91909782759,349.9816005221578
10.0,vecD,helm,0.29935772947204903,84515.43905029769,349.9815428217035
10.0,vecD,helm,0.3063483452696084,86510.42134304777,349.9814838895391
10.0,vecD,helm,0.3135022062565112,88552.99605231325,349.9814237020448
10.0,vecD,helm,0.32082312454210776,90644.32175327395,349.9813622352703
10.0,vecD,helm,0.3283150012563047,92785.58628374028,349.9812994649359
10.0,vecD,helm,0.3359818286283781,94978.00753020734,349.98123536643374
10.0,vecD,helm,0.34382769211433073,97222.83423700482,349.9811699148306
10.0,vecD,helm,0.3518567725739263,99521.34683929774,349.98110308486974
10.0,vecD,helm,0.360073348498562,101874.85832072151,349.98103485097346
10.0,vecD,helm,0.3684817982911677,104284.71509646194,349.9809651872471
10.0,vecD,helm,0.3770866025993452,106752.2979226207,349.9808940674818
10.0,vecD,helm,0.3858923467029903,109279.0228327366,349.98082146515935
10.0,vecD,helm,0.3949037229576702,111866.34210236592,349.98074735345637
10.0,vecD,helm,0.40412553329506,114515.74524265724,349.9806717052498
10.0,vecD,helm,0.4135626917817706,117228.76002389171,349.98059449312206
10.0,vecD,helm,0.4232202272379275,120006.95352999197,349.980515689368
10.0,vecD,helm,0.4331032859169001,122851.93324504454,349.98043526600105
10.0,vecD,helm,0.44321713424760856,125765.34817291546,349.98035319476116
10.0,vecD,helm,0.45356716164087024,128748.88999108081,349.9802694471224
10.0,vecD,helm,0.46415888336127775,131804.29423983255,349.98018399430225
10.0,vecD,helm,0.47499794346614127,134933.34154806708,349.98009680727
10.0,vecD,helm,0.48609011781306305,138137.85889690524,349.980007856758
10.0,vecD,helm,0.49744131713774514,141419.72092244113,349.9799171132716
10.0,vecD,helm,0.5090575902036681,144780.85125896355,349.979824547101
10.0,vecD,helm,0.5209451270253211,148223.22392404423,349.9797301283337
10.0,vecD,helm,0.5331102621667033,151748.86474694288,349.9796338268675
10.0,vecD,helm,0.5455594781168515,155359.85284182683,349.9795356124241
10.0,vecD,helm,0.5582994087441919,159058.32212736347,349.97943545456457
10.0,vecD,helm,0.571336842831558,162846.46289430084,349.9793333227048
10.0,vecD,helm,0.584678727693759,166726.52342271386,349.9792291861316
10.0,vecD,helm,0.5983321728796283,170700.81165065378,349.9791230140208
10.0,vecD,helm,0.6123044539605184,174771.69689600516,349.9790147754555
10.0,vecD,helm,0.6266030164072656,178941.6116334234,349.9789044394456
10.0,vecD,helm,0.6412354795576917,183213.053328296,349.97879197494774
10.0,vecD,helm,0.6562096406767555,187588.5863297431,349.97867735088744
10.0,vecD,helm,0.6715334791115142,192070.84382474903,349.9785605361814
10.0,vecD,helm,0.6872151605431122,196662.5298555957,349.9784414997606
10.0,vecD,helm,0.7032630413380644,201366.42140285214,349.97832021059577
10.0,vecD,helm,0.7196856730011514,206185.37053625783,349.9781966377224
10.0,vecD,helm,0.7364918067322965,211122.306635924,349.9780707502681
10.0,vecD,helm,0.7536903980898542,216180.23868637343,349.9779425174807
10.0,vecD,helm,0.7712906117627992,221362.25764603104,349.9778119087571
10.0,vecD,helm,0.7893018264543568,226671.5388948776,349.9776788936737
10.0,vecD,helm,0.8077336398796711,232111.3447630796,349.9775434420188
10.0,vecD,helm,0.8265958738801813,237685.02714351658,349.97740552382396
10.0,vecD,helm,0.84589857965743,243396.03019123766,349.9772651093996
10.0,vecD,helm,0.8656520431290936,249247.8931129933,349.97712216936895
10.0,vecD,helm,0.8858667904100823,255244.25305010309,349.9769766747054
10.0,vecD,helm,0.9065535934216359,261388.8480580501,349.9768285967697
10.0,vecD,helm,0.927723475631406,267685.5201863155,349.9766779073491
10.0,vecD,helm,0.949387717927582,274138.21866210253,349.9765245786977
10.0,vecD,helm,0.9715578646301858,280751.0031817304,349.97636858357754
10.0,vecD,helm,0.9942457296427418,287528.04731362883,349.9762098953016
10.0,vecD,helm,1.0174634027476064,294473.642017006,349.97604848777735
10.0,vecD,helm,1.0412232560483043,301592.19928041846,349.97588433555194
10.0,vecD,helm,1.0655379505623053,308888.2558846265,349.9757174138585
10.0,vecD,helm,1.0904204429677526,316366.4772942851,349.9755476986634
10.0,vecD,helm,1.115883992507748,324031.66168319137,349.9753751667147
10.0,vecD,helm,1.1419421680558648,331888.7440979849,349.9751997955924
10.0,vecD,helm,1.168608855346651,339942.80076537386,349.9750215637579
10.0,vecD,helm,1.1958982643749794,348199.05354815756,349.97484045060696
10.0,vecD,helm,1.2238249369681924,356662.87455550674,349.9746564365216
10.0,vecD,helm,1.252403754535072,365339.7909131648,349.9744695029243
10.0,vecD,helm,1.2816499459957584,374235.48969943984,349.9742796323319
10.0,vecD,helm,1.3115790958968503,383355.8230530789,349.9740868084112
10.0,vecD,helm,1.342207152716012,392706.8134593373,349.97389101603517
10.0,vecD,helm,1.3735504373605123,402294.65922078537,349.9736922413394
10.0,vecD,helm,1.405625651864215,412125.7401196329,349.97349047177977
10.0,vecD,helm,1.438449888287663,422206.6232786017,349.97328569619
10.0,vecD,helm,1.4720406378260014,432544.0692276305,349.97307790483995
10.0,vecD,helm,1.506415800129591,443145.03818396165,349.97286708949446
10.0,vecD,helm,1.5415936928422718,454016.69655342045,349.97265324347205
10.0,vecD,helm,1.5775930613623614,465166.4236609943,349.9724363617038
10.0,vecD,helm,1.6144330888316019,476601.81871909625,349.9722164407927
10.0,vecD,helm,1.6521334063573685,488330.7080422049,349.97199347907167
10.0,vecD,helm,1.69071410347358,500361.1525168667,349.97176747666333
10.0,vecD,helm,1.7301957388458944,512701.45533637947,349.9715384355371
10.0,vecD,helm,1.770599351226898,525360.1700097967,349.97130635956785
10.0,vecD,helm,1.8119464706671222,538346.1086552237,349.97107125459246
10.0,vecD,helm,1.8542591299878524,551668.35058773,349.970833128466
10.0,vecD,helm,1.8975598765218504,565336.2512125542,349.9705919911171
10.0,vecD,helm,1.941871784128255,579359.4512346511,349.9703478546025
10.0,vecD,helm,1.9872184654880534,593747.8861960006,349.97010073315954
10.0,vecD,helm,2.0336240846866724,608511.7963524868,349.9698506432573
10.0,vecD,helm,2.081113370090395,623661.7369025563,349.9695976036467
10.0,vecD,helm,2.129711627523478,639208.5885802765,349.9693416354083
10.0,vecD,helm,2.1794447537529833,655163.5686258285,349.9690827619983
10.0,vecD,helm,2.2303392502884964,671538.2421468955,349.9688210092918
10.0,vecD,helm,2.2824222375040977,688344.5338848599,349.9685564056246
10.0,vecD,helm,2.3357214690901213,705594.7404001723,349.96828898183173
10.0,vecD,helm,2.3902653468423893,723301.5426917076,349.9680187712828
10.0,vecD,helm,2.446082935796798,741478.0192654058,349.9677458099161
10.0,vecD,helm,2.5032039797173256,760137.6596679752,349.96747013626714
10.0,vecD,helm,2.561658916945727,779294.3785019395,349.967191791496
10.0,vecD,helm,2.6214788966213534,798962.529938803,349.9669108194094
10.0,vecD,helm,2.6826957952797246,819156.9227476242,349.9666272664803
10.0,vecD,helm,2.745342233838714,839892.8358568224,349.96634118186284
10.0,vecD,helm,2.809451594981406,861186.0344675772,349.96605261740353
10.0,vecD,helm,2.8750580409448774,883052.7867377137,349.96576162764774
10.0,vecD,helm,2.942196531724374,905509.8810555286,349.9654682698417
10.0,vecD,helm,3.0109028437025924,928574.6439235744,349.965172603931
10.0,vecD,helm,3.081213588714002,952264.9584729945,349.96487469255237
10.0,vecD,helm,3.1531662335543613,976599.2836295763,349.96457460102215
10.0,vecD,helm,3.2267991199458086,1001596.6739532687,349.96427239731867
10.0,vecD,helm,3.3021514849681757,1027276.8001735195,349.9639681520601
10.0,vecD,helm,3.379263481967431,1053659.9704433829,349.96366193847655
10.0,vecD,helm,3.4581762019523774,1080767.1523359497,349.96335383237647
10.0,vecD,helm,3.538931695490988,1108619.9956072567,349.96304391210856
10.0,vecD,helm,3.6215729951180746,1137240.855750457,349.9627322585168
10.0,vecD,helm,3.706144138266228,1166652.8183666556,349.9624189548907
10.0,vecD,helm,3.792690190732246,1196879.7243784142,349.9621040869093
10.0,vecD,helm,3.881257270691536,1227946.1961125573,349.9617877425802
10.0,vecD,helm,3.971892573273302,1259877.6642795354,349.9614700121717
10.0,vecD,helm,4.064644395709628,1292700.395877223,349.96115098814016
10.0,vecD,helm,4.1595621630718425,1326441.5230476337,349.96083076505164
10.0,vecD,helm,4.256696454607871,1361129.0729156449,349.96050943949683
10.0,vecD,helm,4.356099030694608,1396791.998439435,349.9601871100024
10.0,vecD,helm,4.457822860419706,1433460.2103029473,349.9598638769344
10.0,vecD,helm,4.561922149807459,1471164.6098812625,349.9595398423984
10.0,vecD,helm,4.66845237070379,1509937.1233103345,349.9592151101334
10.0,vecD,helm,4.777470290335773,1549810.7366931387,349.9588897854009
10.0,vecD,helm,4.889034001561443,1590819.5324748163,349.95856397486887
10.0,vecD,helm,5.003202953825999,1632998.7270199282,349.95823778649157
10.0,vecD,helm,5.120037984840887,1676384.70942544,349.95791132938393
10.0,vecD,helm,5.239601353002644,1721015.0816035795,349.95758471369373
10.0,vecD,helm,5.361956770568817,1766928.6996691593,349.95725805046686
10.0,vecD,helm,5.487169437608599,1814165.7166664025,349.95693145151205
10.0,vecD,helm,5.615306076746273,1862767.6266707226,349.9566050292595
10.0,vecD,helm,5.746434968715974,1912777.3103012946,349.95627889661864
10.0,vecD,helm,5.880625988746757,1964239.0816806257,349.95595316683216
10.0,vecD,helm,6.017950643797328,2017198.7368776102,349.95562795332785
10.0,vecD,helm,6.158482110660261,2071703.6038708412,349.95530336956807
10.0,vecD,helm,6.302295274956023,2127802.5940692024,349.9549795288989
10.0,vecD,helm,6.449466771037621,2185546.2554269168,349.95465654439664
10.0,vecD,helm,6.600075022827088,2244986.8271904024,349.9543345287147
10.0,vecD,helm,6.754200285605586,2306178.2963143256,349.9540135939295
10.0,vecD,helm,6.911924688779366,2369176.455584295,349.9536938513862
10.0,vecD,helm,7.073332279644439,2434038.9634836437,349.9533754115462
10.0,vecD,helm,7.238509068173248,2500825.405841607,349.95305838383354
10.0,vecD,helm,7.4075430728471625,2569597.3593000514,349.9527428764849
10.0,vecD,helm,7.580524367559261,2640418.4566357434,349.9524289963997
10.0,vecD,helm,7.757545129612414,2713354.4539748007,349.95211684899306
10.0,vecD,helm,7.9386996888382235,2788473.2999356445,349.9518065380512
10.0,vecD,helm,8.124084577862966,2865845.2067362894,349.9514981655906
10.0,vecD,helm,8.313798583547333,2945542.7233013124,349.9511918317193
10.0,vecD,helm,8.507942799627445,3027640.8104032883,349.9508876345036
10.0,vecD,helm,8.706620680585118,3112216.9178726976,349.9505856698371
10.0,vecD,helm,8.909938096776107,3199351.0639096154,349.9502860313165
10.0,vecD,helm,9.118003390845681,3289125.9165296117,349.9499888101209
10.0,vecD,helm,9.330927435461664,3381626.8771753632,349.94969409489653
10.0,vecD,helm,9.548823692395656,3476942.166524403,349.9494019716475
10.0,vecD,helm,9.771808272983899,3575162.912522338,349.94911252363244
10.0,vecD,helm,10.0,3676383.240669587,349.94882583126696
10.0,vecD,shell,0.001,279.33211054168606,1184.6488133847847
10.0,vecD,shell,0.0010233520470972575,285.85532766449796,1184.6488126661684
10.0,vecD,shell,0.0010472494122981486,292.53088662512897,1184.6488119307753
10.0,vecD,shell,0.0010717048298967114,299.3623454542967,1184.6488111782146
10.0,vecD,shell,0.0010967313315588178,306.3533452953897,1184.6488104080856
10.0,vecD,shell,0.0011223422532664173,313.5076123465168,1184.6488096199785
10.0,vecD,shell,0.001148551242423938,320.82895984796414,1184.6488088134736
10.0,vecD,shell,0.0011753722651306367,328.3212901161223,1184.6488079881417
10.0,vecD,shell,0.0012028196136227775,335.98859662497216,1184.648807143543
10.0,vecD,shell,0.0012309079138896018,343.83496613624465,1184.6488062792284
10.0,vecD,shell,0.0012596521334671401,351.8645808793891,1184.6488053947378
10.0,vecD,shell,0.001289067589414027,360.08172078252085,1184.6488044896
10.0,vecD,shell,0.0013191699564735716,368.4907657555413,1184.6488035633338
10.0,vecD,shell,0.0013499752754264297,377.09619802665225,1184.6488026154452
10.0,vecD,shell,0.0013814999616383224,385.90260453351317,1184.6488016454307
10.0,vecD,shell,0.0014137608138073614,394.91467937032235,1184.6488006527738
10.0,vecD,shell,0.001446775022915648,404.1372262921334,1184.6487996369458
10.0,vecD,shell,0.0014805601813899102,413.57516127774807,1184.6487985974065
10.0,vecD,shell,0.001515134292476053,423.2335151525534,1184.648797533602
10.0,vecD,shell,0.0015505157798326253,433.1174362727121,1184.6487964449666
10.0,vecD,shell,0.0015867234973483179,443.23219327214184,1184.6487953309215
10.0,vecD,shell,0.001623776739188721,453.58317787375796,1184.6487941908733
10.0,vecD,shell,0.001661695250077689,464.17590776647916,1184.6487930242151
10.0,vecD,shell,0.001700499235818794,475.01602954954257,1184.6487918303267
10.0,vecD,shell,0.001740209374062485,486.10932174570536,1184.6487906085727
10.0,vecD,shell,0.0017808468253246812,497.46169788494814,1184.6487893583023
10.0,vecD,shell,0.0018224332442626666,509.07920966032856,1184.6487880788518
10.0,vecD,shell,0.001864990791214298,520.9680501576803,1184.6487867695394
10.0,vecD,shell,0.001908542144006686,533.1345571608914,1184.6487854296684
10.0,vecD,shell,0.0019531105100406311,545.5852165345296,1184.6487840585262
10.0,vecD,shell,0.0019987196386572507,558.3266656856298,1184.6487826553841
10.0,vecD,shell,0.00204539383379339,571.3656971064997,1184.6487812194948
10.0,vecD,shell,0.002093157966932574,584.7092620004489,1184.648779750095
10.0,vecD,shell,0.002142037490358383,598.3644739923817,1184.6487782464028
10.0,vecD,shell,0.0021920584507173256,612.3386129262442,1184.6487767076185
10.0,vecD,shell,0.0022432475028984203,626.6391287513666,1184.648775132924
10.0,vecD,shell,0.0022956319242369095,641.273645499786,1184.6487735214816
10.0,vecD,shell,0.0023492396290496578,656.2499653566869,1184.648771872434
10.0,vecD,shell,0.002404099183509972,671.5760728261394,1184.6487701849046
10.0,vecD,shell,0.0024602398208697774,687.2601389943748,1184.648768457996
10.0,vecD,shell,0.0025176914570372772,703.3105258928935,1184.6487666907901
10.0,vecD,shell,0.0025764847065183746,719.7357909637448,1184.6487648823465
10.0,vecD,shell,0.0026366508987303583,736.5446916293762,1184.6487630317051
10.0,vecD,shell,0.0026982220946965385,753.7461899695084,1184.6487611378805
10.0,vecD,shell,0.002761231104130753,771.3494575075588,1184.6487591998668
10.0,vecD,shell,0.002825711502920827,789.3638801091753,1184.6487572166332
10.0,vecD,shell,0.0028916976510202992,807.7990629955227,1184.648755187126
10.0,vecD,shell,0.0029592247107579576,826.6648358740104,1184.6487531102662
10.0,vecD,shell,0.0030283286655749457,845.9712581892311,1184.6487509849499
10.0,vecD,shell,0.003099046339199427,865.7286244969349,1184.6487488100474
10.0,vecD,shell,0.003171415415268999,885.9474699639203,1184.6487465844032
10.0,vecD,shell,0.0032454744574113323,906.638575996814,1184.6487443068343
10.0,vecD,shell,0.0033212629297937482,927.8129760027695,1184.648741976131
10.0,vecD,shell,0.003398821218152667,949.4819612851869,1184.6487395910542
10.0,vecD,shell,0.00347819065131413,971.6570870776239,1184.6487371503367
10.0,vecD,shell,0.003559413523216862,994.3501787191556,1184.6487346526826
10.0,vecD,shell,0.003642533115449638,1017.5733379745144,1184.6487320967644
10.0,vecD,shell,0.003727593720314938,1041.3389495024135,1184.6487294812246
10.0,vecD,shell,0.003814640664431178,1065.6596874755407,1184.6487268046737
10.0,vecD,shell,0.0039037203328860922,1090.5485223557962,1184.6487240656907
10.0,vecD,shell,0.0039948801939541706,1116.0187278284336,1184.6487212628203
10.0,vecD,shell,0.004088168824391289,1142.083887898844,1184.6487183945753
10.0,vecD,shell,0.004183635935320019,1168.7579041558179,1184.6487154594315
10.0,vecD,shell,0.004281332398719396,1196.055003205193,1184.6487124558305
10.0,vecD,shell,0.004381310274533306,1223.989744277933,1184.6487093821788
10.0,vecD,shell,0.0044836228384119055,1252.5770270167247,1184.6487062368435
10.0,vecD,shell,0.004588324610100845,1281.8320994453143,1184.6487030181559
10.0,vecD,shell,0.004695471382493431,1311.770566124879,1184.6486997244072
10.0,vecD,shell,0.004805120251361242,1342.4083965018747,1184.6486963538496
10.0,vecD,shell,0.004917329645779016,1373.7619334518495,1184.6486929046941
10.0,vecD,shell,0.005032159359259993,1405.8479020238606,1184.6486893751114
10.0,vecD,shell,0.005149670581618343,1438.6834183902258,1184.6486857632287
10.0,vecD,shell,0.005269925931575657,1472.2859990064671,1184.6486820671291
10.0,vecD,shell,0.00539298949012887,1506.6735699864034,1184.6486782848526
10.0,vecD,shell,0.00551892683469738,1541.86447669748,1184.6486744143936
10.0,vecD,shell,0.005647805074067557,1577.8774935815218,1184.6486704536985
10.0,vecD,shell,0.005779692884153313,1614.7318342062754,1184.6486664006675
10.0,vecD,shell,0.005914660544591745,1652.4471615531643,1184.6486622531522
10.0,vecD,shell,0.0060527799761933496,1691.0435985468566,1184.648658008953
10.0,vecD,shell,0.00619412477926676,1730.5417388323597,1184.6486536658203
10.0,vecD,shell,0.0063387702728384876,1770.9626578055156,1184.648649221453
10.0,vecD,shell,0.006486793534788508,1812.3279239028857,1184.648644673495
10.0,vecD,shell,0.006638273442923081,1854.6596101571527,1184.6486400195363
10.0,vecD,shell,0.006793290717006703,1897.9803060243573,1184.6486352571117
10.0,vecD,shell,0.0069519279617756054,1942.3131294893901,1184.6486303836982
10.0,vecD,shell,0.007114269710955731,1987.681739456355,1184.6486253967146
10.0,vecD,shell,0.007280402472308569,2034.110348430525,1184.6486202935196
10.0,vecD,shell,0.007450414773728917,2081.6237354988393,1184.648615071411
10.0,vecD,shell,0.007624397210419138,2130.2472596160133,1184.6486097276243
10.0,vecD,shell,0.007802442493165045,2180.0068732035234,1184.6486042593308
10.0,vecD,shell,0.007984645497739086,2230.9291360688726,1184.648598663636
10.0,vecD,shell,0.008171103315457203,2283.0412296527697,1184.6485929375788
10.0,vecD,shell,0.008361915304916317,2336.3709716120125,1184.6485870781291
10.0,vecD,shell,0.008557183144940002,2390.9468307460456,1184.648581082188
10.0,vecD,shell,0.008757010888760509,2446.7979422753706,1184.648574946584
10.0,vecD,shell,0.00896150501946605,2503.954123480173,1184.6485686680717
10.0,vecD,shell,0.00917077450674293,2562.44588970776,1184.6485622433318
10.0,vecD,shell,0.009384930864942721,2622.3044707575823,1184.6485556689677
10.0,vecD,shell,0.009604088212505378,2683.561827652815,1184.648548941505
10.0,vecD,shell,0.00982836333277003,2746.250669807742,1184.648542057388
10.0,vecD,shell,0.010057875736205835,2810.4044726003644,1184.6485350129803
10.0,vecD,shell,0.010292747724096083,2876.0574953599175,1184.648527804561
10.0,vecD,shell,0.01053310445370937,2943.244799779163,1184.6485204283217
10.0,vecD,shell,0.01077907400499273,3012.0022687616442,1184.6485128803686
10.0,vecD,shell,0.011030787448822152,3082.366625714269,1184.6485051567176
10.0,vecD,shell,0.011288378916846888,3154.375454295875,1184.648497253291
10.0,vecD,shell,0.011551985672964792,3228.06721863268,1184.6484891659197
10.0,vecD,shell,0.011821748186466717,3303.481284011792,1184.6484808903358
10.0,vecD,shell,0.012097810206889013,3380.6579380642233,1184.648472422176
10.0,vecD,shell,0.012380318840613974,3459.638412449141,1184.6484637569743
10.0,vecD,shell,0.012669424629259064,3540.4649050513544,1184.648454890163
10.0,vecD,shell,0.012965281629896682,3623.1806027043745,1184.648445817069
10.0,vecD,shell,0.013268047497147245,3707.8297044516207,1184.6484365329113
10.0,vecD,shell,0.013577883567189284,3794.457445358741,1184.6484270327996
10.0,vecD,shell,0.013894954943731374,3883.1101208902533,1184.6484173117312
10.0,vecD,shell,0.014219430585991668,3973.8351118640894,1184.6484073645886
10.0,vecD,shell,0.014551483398731937,4066.680909997951,1184.6483971861353
10.0,vecD,shell,0.014891290324394095,4161.697144061712,1184.648386771017
10.0,vecD,shell,0.015239032437388288,4258.934606650473,1184.6483761137538
10.0,vecD,shell,0.015594895040582823,4358.44528159325,1184.648365208743
10.0,vecD,shell,0.01595906776404731,4460.282372012583,1184.6483540502509
10.0,vecD,shell,0.016331744666101676,4564.500329050839,1184.6483426324144
10.0,vecD,shell,0.016713124336724876,4671.154881279268,1184.6483309492337
10.0,vecD,shell,0.017103410003378405,4780.303064806346,1184.6483189945745
10.0,vecD,shell,0.017502809639301013,4892.003254102325,1184.6483067621605
10.0,vecD,shell,0.01791153607433231,5006.31519355731,1184.6482942455712
10.0,vecD,shell,0.018329807108324356,5123.300029790669,1184.648281438241
10.0,vecD,shell,0.018757845627201602,5243.0203447299855,1184.6482683334516
10.0,vecD,shell,0.01919587972173111,5365.540189478223,1184.6482549243349
10.0,vecD,shell,0.019644142809066276,5490.925118988277,1184.6482412038636
10.0,vecD,shell,0.020102873757128856,5619.242227564524,1184.6482271648495
10.0,vecD,shell,0.02057231701189556,5750.560185211501,1184.6482127999418
10.0,vecD,shell,0.02105272272765707,5884.949274850368,1184.6481981016232
10.0,vecD,shell,0.021544346900318832,6022.481430424265,1184.6481830622022
10.0,vecD,shell,0.022047451503814746,6163.230275914333,1184.648167673814
10.0,vecD,shell,0.02256230462970634,6307.271165288548,1184.6481519284148
10.0,vecD,shell,0.023089180630041926,6454.681223406282,1184.6481358177782
10.0,vecD,shell,0.023628360263551765,6605.539387901888,1184.6481193334894
10.0,vecD,shell,0.024180130845257206,6759.926452071354,1184.6481024669445
10.0,vecD,shell,0.024744786399573514,6917.925108786615,1184.6480852093425
10.0,vecD,shell,0.025322627816987946,7079.619995462741,1184.6480675516839
10.0,vecD,shell,0.025913963014396586,7245.097740103894,1184.648049484765
10.0,vecD,shell,0.02651910709918538,7414.447008454596,1184.6480309991734
10.0,vecD,shell,0.027138382537142788,7587.758552283505,1184.6480120852843
10.0,vecD,shell,0.02777211932429355,7765.1252588276975,1184.6479927332541
10.0,vecD,shell,0.028420655162745122,7946.642201426011,1184.6479729330185
10.0,vecD,shell,0.029084335640640478,8132.4066913709385,1184.6479526742844
10.0,vecD,shell,0.029763514416313176,8322.518331009152,1184.647931946527
10.0,vecD,shell,0.03045855340674284,8517.079068121651,1184.6479107389844
10.0,vecD,shell,0.03116982298041145,8716.193251615237,1184.6478890406524
10.0,vecD,shell,0.03189770215466321,8919.967688557934,1184.647866840279
10.0,vecD,shell,0.03264257879767322,9128.51170259174,1184.6478441263598
10.0,vecD,shell,0.03340484983513244,9341.937193757056,1184.6478208871301
10.0,vecD,shell,0.03418492146175929,9560.358699763945,1184.6477971105637
10.0,vecD,shell,0.03498320935775036,9783.893458746423,1184.6477727843628
10.0,vecD,shell,0.035800138910285786,10012.66147353682,1184.6477478959553
10.0,vecD,shell,0.036636145440207164,10246.785577498282,1184.6477224324874
10.0,vecD,shell,0.037491674433988875,10486.391501954517,1184.6476963808186
10.0,vecD,shell,0.03836718178112645,10731.607945256892,1184.6476697275136
10.0,vecD,shell,0.03926313401706837,10982.566643530086,1184.6476424588382
10.0,vecD,shell,0.04018000857182091,11239.402443138522,1184.6476145607526
10.0,vecD,shell,0.04111829402435831,11502.253374917094,1184.6475860189043
10.0,vecD,shell,0.04207849036297403,11771.260730210726,1184.6475568186215
10.0,vecD,shell,0.043061109251711714,12046.569138768495,1184.6475269449065
10.0,vecD,shell,0.04406667430301786,12328.3266485395,1184.6474963824294
10.0,vecD,shell,0.045095721356761466,12616.684807418562,1184.6474651155213
10.0,vecD,shell,0.04614879876576939,12911.798746991555,1184.6474331281656
10.0,vecD,shell,0.047226467688029516,13213.827268331177,1184.6474004039924
10.0,vecD,shell,0.04832930238571752,13522.932929895604,1184.6473669262712
10.0,vecD,shell,0.049457890531206423,13839.282137583745,1184.6473326779017
10.0,vecD,shell,0.05061283352022219,14163.045237002365,1184.6472976414088
10.0,vecD,shell,0.0517947467923121,14494.396608001864,1184.6472617989325
10.0,vecD,shell,0.05300426015879673,14833.51476153903,1184.6472251322223
10.0,vecD,shell,0.05424201813838027,15180.582438926687,1184.6471876226262
10.0,vecD,shell,0.05550868030059805,15535.78671353194,1184.6471492510864
10.0,vecD,shell,0.05680492161728426,15899.319094986224,1184.6471099981275
10.0,vecD,shell,0.058131432822247135,16271.37563597237,1184.6470698438495
10.0,vecD,shell,0.05948892077934334,16652.157041655457,1184.6470287679224
10.0,vecD,shell,0.06087810885914762,17041.868781826433,1184.6469867495703
10.0,vecD,shell,0.06229973732441844,17440.72120582905,1184.6469437675703
10.0,vecD,shell,0.06375456372456506,17848.92966034293,1184.6468998002379
10.0,vecD,shell,0.06524336329932624,18266.714610097577,1184.6468548254227
10.0,vecD,shell,0.06676692939187563,18694.301761594135,1184.6468088204942
10.0,vecD,shell,0.06832607387157402,19131.92218991414,1184.6467617623364
10.0,vecD,shell,0.06992162756659374,19579.81246869645,1184.6467136273377
10.0,vecD,shell,0.07155444070664578,20038.214803366307,1184.6466643913782
10.0,vecD,shell,0.07322538337604534,20507.37716770231,1184.6466140298248
10.0,vecD,shell,0.07493534597735753,20987.553443830195,1184.6465625175176
10.0,vecD,shell,0.0766852397058701,21479.00356573439,1184.6465098287617
10.0,vecD,shell,0.07847599703514611,21981.99366638123,1184.6464559373153
10.0,vecD,shell,0.08030857221391513,22496.79622855035,1184.6464008163825
10.0,vecD,shell,0.08218394177456802,23023.690239473628,1184.6463444385997
10.0,vecD,shell,0.08410310505352604,23562.96134938397,1184.6462867760272
10.0,vecD,shell,0.08606708472376164,24114.902034079216,1184.6462278001375
10.0,vecD,shell,0.08807692733975461,24679.81176160954,1184.6461674818045
10.0,vecD,shell,0.09013370389517433,25257.997163200063,1184.6461057912943
10.0,vecD,shell,0.09223851039358476,25849.772208523507,1184.646042698251
10.0,vecD,shell,0.09439246843247669,26455.458385441307,1184.645978171689
10.0,vecD,shell,0.09659672580093832,27075.38488433515,1184.6459121799796
10.0,vecD,shell,0.09885245709128276,27709.88878715441,1184.64584469084
10.0,vecD,shell,0.10116086432495808,28359.31526130893,1184.6457756713228
10.0,vecD,shell,0.10352317759307378,29024.017758540445,1184.6457050878034
10.0,vecD,shell,0.1059406557118851,29704.35821890995,1184.6456329059686
10.0,vecD,shell,0.10841458689358349,30400.70728004247,1184.6455590908058
10.0,vecD,shell,0.11094628943275218,31113.444491775204,1184.64548360659
10.0,vecD,shell,0.11353711240885178,31842.958536359434,1184.6454064168722
10.0,vecD,shell,0.11618843640511002,32589.647454370846,1184.6453274844682
10.0,vecD,shell,0.118901674244199,33353.91887648825,1184.6452467714455
10.0,vecD,shell,0.1216782717410923,34136.19026130548,1184.6451642391125
10.0,vecD,shell,0.12451970847350319,34936.88913934621,1184.6450798480053
10.0,vecD,shell,0.12742749857031335,35756.45336345676,1184.6449935578762
10.0,vecD,shell,0.13040319151841315,36595.331365757505,1184.6449053276795
10.0,vecD,shell,0.13344837298838383,37453.98242133945,1184.6448151155646
10.0,vecD,shell,0.13656466567946096,38332.87691889817,1184.644722878857
10.0,vecD,shell,0.1397537301842291,39232.49663850298,1184.6446285740506
10.0,vecD,shell,0.1430172658735088,40153.33503670646,1184.6445321567955
10.0,vecD,shell,0.14635701180190797,41095.897539205216,1184.6444335818821
10.0,vecD,shell,0.14977474763452,42060.701841270056,1184.6443328032333
10.0,vecD,shell,0.15327229459526134,43048.278216170045,1184.6442297738902
10.0,vecD,shell,0.1568515164373548,44059.16983182301,1184.6441244460007
10.0,vecD,shell,0.16051432043647615,45093.933075912086,1184.6440167708067
10.0,vecD,shell,0.16426265840709303,46153.13788971597,1184.6439066986334
10.0,vecD,shell,0.16809852774253636,47237.36811090793,1184.6437941788772
10.0,vecD,shell,0.1720239724793599,48347.22182558802,1184.643679159994
10.0,vecD,shell,0.17604108438655525,49483.31172982094,1184.6435615894884
10.0,vecD,shell,0.18015200408020238,50646.26550096124,1184.6434414139005
10.0,vecD,shell,0.1843589221641488,51836.72617905646,1184.6433185787978
10.0,vecD,shell,0.18866408039732582,53055.35255862882,1184.6431930287622
10.0,vecD,shell,0.19306977288832497,54302.819591146515,1184.6430647073794
10.0,vecD,shell,0.19757834731786994,55579.818798505126,1184.6429335572302
10.0,vecD,shell,0.20219220618983536,56887.058697850756,1184.6427995198787
10.0,vecD,shell,0.20691380811147903,58225.2652380879,1184.6426625358636
10.0,vecD,shell,0.21174566910357118,59595.18224842679,1184.6425225446885
10.0,vecD,shell,0.2166903639411181,60997.57189933644,1184.6423794848129
10.0,vecD,shell,0.22175052752539318,62433.215176282065,1184.6422332936431
10.0,vecD,shell,0.2269288562880081,63902.9123666386,1184.6420839075247
10.0,vecD,shell,0.23222810962777246,65407.48356018662,1184.6419312617347
10.0,vecD,shell,0.23765111138110728,66947.76916360851,1184.641775290474
10.0,vecD,shell,0.24320075132679475,68524.63042941905,1184.6416159268613
10.0,vecD,shell,0.24887998672586673,70138.9499997785,1184.6414531029254
10.0,vecD,shell,0.25469184389745403,71791.63246565333,1184.6412867496028
10.0,vecD,shell,0.26063941983143474,73483.60494180351,1184.6411167967287
10.0,vecD,shell,0.2667258838387405,75215.81765809405,1184.6409431730362
10.0,vecD,shell,0.2729544792402007,76989.2445676446,1184.6407658061512
10.0,vecD,shell,0.2793285250948253,78804.88397235003,1184.6405846225907
10.0,vecD,shell,0.28585141796844715,80663.75916632287,1184.64039954776
10.0,vecD,shell,0.2925266337436645,82566.91909782759,1184.640210505952
10.0,vecD,shell,0.29935772947204903,84515.43905029769,1184.6400174203472
10.0,vecD,shell,0.3063483452696084,86510.42134304777,1184.6398202130158
10.0,vecD,shell,0.3135022062565112,88552.99605231325,1184.6396188049173
10.0,vecD,shell,0.32082312454210776,90644.32175327395,1184.6394131159052
10.0,vecD,shell,0.3283150012563047,92785.58628374028,1184.6392030647314
10.0,vecD,shell,0.3359818286283781,94978.00753020734,1184.6389885690498
10.0,vecD,shell,0.34382769211433073,97222.83423700482,1184.6387695454255
10.0,vecD,shell,0.3518567725739263,99521.34683929774,1184.6385459093392
10.0,vecD,shell,0.360073348498562,101874.85832072151,1184.638317575201
10.0,vecD,shell,0.3684817982911677,104284.71509646194,1184.6380844563566
10.0,vecD,shell,0.3770866025993452,106752.2979226207,1184.6378464651034
10.0,vecD,shell,0.3858923467029903,109279.0228327366,1184.6376035127016
10.0,vecD,shell,0.3949037229576702,111866.34210236592,1184.637355509391
10.0,vecD,shell,0.40412553329506,114515.74524265724,1184.6371023644078
10.0,vecD,shell,0.4135626917817706,117228.76002389171,1184.6368439860048
10.0,vecD,shell,0.4232202272379275,120006.95352999197,1184.6365802814692
10.0,vecD,shell,0.4331032859169001,122851.93324504454,1184.6363111571497
10.0,vecD,shell,0.44321713424760856,125765.34817291546,1184.636036518477
10.0,vecD,shell,0.45356716164087024,128748.88999108081,1184.6357562699948
10.0,vecD,shell,0.46415888336127775,131804.29423983255,1184.635470315385
10.0,vecD,shell,0.47499794346614127,134933.34154806708,1184.6351785575023
10.0,vecD,shell,0.48609011781306305,138137.85889690524,1184.634880898406
10.0,vecD,shell,0.49744131713774514,141419.72092244113,1184.6345772393972
10.0,vecD,shell,0.5090575902036681,144780.85125896355,1184.634267481057
10.0,vecD,shell,0.5209451270253211,148223.22392404423,1184.633951523287
10.0,vecD,shell,0.5331102621667033,151748.86474694288,1184.6336292653539
10.0,vecD,shell,0.5455594781168515,155359.85284182683,1184.6333006059376
10.0,vecD,shell,0.5582994087441919,159058.32212736347,1184.6329654431786
10.0,vecD,shell,0.571336842831558,162846.46289430084,1184.632623674731
10.0,vecD,shell,0.584678727693759,166726.52342271386,1184.6322751978182
10.0,vecD,shell,0.5983321728796283,170700.81165065378,1184.6319199092918
10.0,vecD,shell,0.6123044539605184,174771.69689600516,1184.6315577056932
10.0,vecD,shell,0.6266030164072656,178941.6116334234,1184.6311884833174
10.0,vecD,shell,0.6412354795576917,183213.053328296,1184.630812138284
10.0,vecD,shell,0.6562096406767555,187588.5863297431,1184.6304285666065
10.0,vecD,shell,0.6715334791115142,192070.84382474903,1184.6300376642685
10.0,vecD,shell,0.6872151605431122,196662.5298555957,1184.6296393273035
10.0,vecD,shell,0.7032630413380644,201366.42140285214,1184.6292334518755
10.0,vecD,shell,0.7196856730011514,206185.37053625783,1184.628819934367
10.0,vecD,shell,0.7364918067322965,211122.306635924,1184.628398671468
10.0,vecD,shell,0.7536903980898542,216180.23868637343,1184.6279695602702
10.0,vecD,shell,0.7712906117627992,221362.25764603104,1184.6275324983662
10.0,vecD,shell,0.7893018264543568,226671.5388948776,1184.6270873839476
10.0,vecD,shell,0.8077336398796711,232111.3447630796,1184.6266341159144
10.0,vecD,shell,0.8265958738801813,237685.02714351658,1184.6261725939826
10.0,vecD,shell,0.84589857965743,243396.03019123766,1184.6257027188
10.0,vecD,shell,0.8656520431290936,249247.8931129933,1184.625224392062
10.0,vecD,shell,0.8858667904100823,255244.25305010309,1184.6247375166342
10.0,vecD,shell,0.9065535934216359,261388.8480580501,1184.6242419966807
10.0,vecD,shell,0.927723475631406,267685.5201863155,1184.623737737791
10.0,vecD,shell,0.949387717927582,274138.21866210253,1184.623224647118
10.0,vecD,shell,0.9715578646301858,280751.0031817304,1184.622702633513
10.0,vecD,shell,0.9942457296427418,287528.04731362883,1184.6221716076725
10.0,vecD,shell,1.0174634027476064,294473.642017006,1184.6216314822807
10.0,vecD,shell,1.0412232560483043,301592.19928041846,1184.6210821721645
10.0,vecD,shell,1.0655379505623053,308888.2558846265,1184.620523594444
10.0,vecD,shell,1.0904204429677526,316366.4772942851,1184.619955668695
10.0,vecD,shell,1.115883992507748,324031.66168319137,1184.6193783171075
10.0,vecD,shell,1.1419421680558648,331888.7440979849,1184.6187914646557
10.0,vecD,shell,1.168608855346651,339942.80076537386,1184.6181950392647
10.0,vecD,shell,1.1958982643749794,348199.05354815756,1184.6175889719848
10.0,vecD,shell,1.2238249369681924,356662.87455550674,1184.6169731971668
10.0,vecD,shell,1.252403754535072,365339.7909131648,1184.6163476526435
10.0,vecD,shell,1.2816499459957584,374235.48969943984,1184.6157122799104
10.0,vecD,shell,1.3115790958968503,383355.8230530789,1184.6150670243107
10.0,vecD,shell,1.342207152716012,392706.8134593373,1184.6144118352229
10.0,vecD,shell,1.3735504373605123,402294.65922078537,1184.6137466662524
10.0,vecD,shell,1.405625651864215,412125.7401196329,1184.613071475421
10.0,vecD,shell,1.438449888287663,422206.6232786017,1184.6123862253623
10.0,vecD,shell,1.4720406378260014,432544.0692276305,1184.6116908835163
10.0,vecD,shell,1.506415800129591,443145.03818396165,1184.6109854223241
10.0,vecD,shell,1.5415936928422718,454016.69655342045,1184.6102698194265
10.0,vecD,shell,1.5775930613623614,465166.4236609943,1184.6095440578613
10.0,vecD,shell,1.6144330888316019,476601.81871909625,1184.60880812626
10.0,vecD,shell,1.6521334063573685,488330.7080422049,1184.6080620190442
10.0,vecD,shell,1.69071410347358,500361.1525168667,1184.607305736623
10.0,vecD,shell,1.7301957388458944,512701.45533637947,1184.6065392855871
10.0,vecD,shell,1.770599351226898,525360.1700097967,1184.6057626789025
10.0,vecD,shell,1.8119464706671222,538346.1086552237,1184.6049759361001
10.0,vecD,shell,1.8542591299878524,551668.35058773,1184.6041790834656
10.0,vecD,shell,1.8975598765218504,565336.2512125542,1184.6033721542242
10.0,vecD,shell,1.941871784128255,579359.4512346511,1184.6025551887212
10.0,vecD,shell,1.9872184654880534,593747.8861960006,1184.6017282345977
10.0,vecD,shell,2.0336240846866724,608511.7963524868,1184.6008913469655
10.0,vecD,shell,2.081113370090395,623661.7369025563,1184.6000445885716
10.0,vecD,shell,2.129711627523478,639208.5885802765,1184.5991880299582
10.0,vecD,shell,2.1794447537529833,655163.5686258285,1184.5983217496166
10.0,vecD,shell,2.2303392502884964,671538.2421468955,1184.5974458341343
10.0,vecD,shell,2.2824222375040977,688344.5338848599,1184.5965603783318
10.0,vecD,shell,2.3357214690901213,705594.7404001723,1184.5956654853935
10.0,vecD,shell,2.3902653468423893,723301.5426917076,1184.5947612669852
10.0,vecD,shell,2.446082935796798,741478.0192654058,1184.5938478433684
10.0,vecD,shell,2.5032039797173256,760137.6596679752,1184.5929253434958
10.0,vecD,shell,2.561658916945727,779294.3785019395,1184.5919939051025
10.0,vecD,shell,2.6214788966213534,798962.529938803,1184.5910536747808
10.0,vecD,shell,2.6826957952797246,819156.9227476242,1184.5901048080452
10.0,vecD,shell,2.745342233838714,839892.8358568224,1184.5891474693824
10.0,vecD,shell,2.809451594981406,861186.0344675772,1184.588181832287
10.0,vecD,shell,2.8750580409448774,883052.7867377137,1184.5872080792872
10.0,vecD,shell,2.942196531724374,905509.8810555286,1184.5862264019486
10.0,vecD,shell,3.0109028437025924,928574.6439235744,1184.5852370008695
10.0,vecD,shell,3.081213588714002,952264.9584729945,1184.584240085653
10.0,vecD,shell,3.1531662335543613,976599.2836295763,1184.5832358748708
10.0,vecD,shell,3.2267991199458086,1001596.6739532687,1184.5822245960012
10.0,vecD,shell,3.3021514849681757,1027276.8001735195,1184.581206485357
10.0,vecD,shell,3.379263481967431,1053659.9704433829,1184.5801817879906
10.0,vecD,shell,3.4581762019523774,1080767.1523359497,1184.5791507575839
10.0,vecD,shell,3.538931695490988,1108619.9956072567,1184.5781136563185
10.0,vecD,shell,3.6215729951180746,1137240.855750457,1184.577070754726
10.0,vecD,shell,3.706144138266228,1166652.8183666556,1184.576022331522
10.0,vecD,shell,3.792690190732246,1196879.7243784142,1184.5749686734175
10.0,vecD,shell,3.881257270691536,1227946.1961125573,1184.5739100749163
10.0,vecD,shell,3.971892573273302,1259877.6642795354,1184.5728468380885
10.0,vecD,shell,4.064644395709628,1292700.395877223,1184.5717792723235
10.0,vecD,shell,4.1595621630718425,1326441.5230476337,1184.5707076940732
10.0,vecD,shell,4.256696454607871,1361129.0729156449,1184.569632426564
10.0,vecD,shell,4.356099030694608,1396791.998439435,1184.568553799499
10.0,vecD,shell,4.457822860419706,1433460.2103029473,1184.5674721487385
10.0,vecD,shell,4.561922149807459,1471164.6098812625,1184.566387815963
10.0,vecD,shell,4.66845237070379,1509937.1233103345,1184.56530114832
10.0,vecD,shell,4.777470290335773,1549810.7366931387,1184.5642124980495
10.0,vecD,shell,4.889034001561443,1590819.5324748163,1184.5631222221014
10.0,vecD,shell,5.003202953825999,1632998.7270199282,1184.5620306817273
10.0,vecD,shell,5.120037984840887,1676384.70942544,1184.5609382420646
10.0,vecD,shell,5.239601353002644,1721015.0816035795,1184.5598452717054
10.0,vecD,shell,5.361956770568817,1766928.6996691593,1184.558752142249
10.0,vecD,shell,5.487169437608599,1814165.7166664025,1184.5576592278455
10.0,vecD,shell,5.615306076746273,1862767.6266707226,1184.5565669047267
10.0,vecD,shell,5.746434968715974,1912777.3103012946,1184.5554755507264
10.0,vecD,shell,5.880625988746757,1964239.0816806257,1184.5543855447952
10.0,vecD,shell,6.017950643797328,2017198.7368776102,1184.5532972665012
10.0,vecD,shell,6.158482110660261,2071703.6038708412,1184.5522110955303
10.0,vecD,shell,6.302295274956023,2127802.5940692024,1184.5511274111775
10.0,vecD,shell,6.449466771037621,2185546.2554269168,1184.5500465918367
10.0,vecD,shell,6.600075022827088,2244986.8271904024,1184.5489690144855
10.0,vecD,shell,6.754200285605586,2306178.2963143256,1184.5478950541708
10.0,vecD,shell,6.911924688779366,2369176.455584295,1184.5468250834933
10.0,vecD,shell,7.073332279644439,2434038.9634836437,1184.5457594720951
10.0,vecD,shell,7.238509068173248,2500825.405841607,1184.5446985861486
10.0,vecD,shell,7.4075430728471625,2569597.3593000514,1184.5436427878521
10.0,vecD,shell,7.580524367559261,2640418.4566357434,1184.5425924349279
10.0,vecD,shell,7.757545129612414,2713354.4539748007,1184.5415478801326
10.0,vecD,shell,7.9386996888382235,2788473.2999356445,1184.5405094707726
10.0,vecD,shell,8.124084577862966,2865845.2067362894,1184.5394775482303
10.0,vecD,shell,8.313798583547333,2945542.7233013124,1184.538452447504
10.0,vecD,shell,8.507942799627445,3027640.8104032883,1184.5374344967556
10.0,vecD,shell,8.706620680585118,3112216.9178726976,1184.5364240168826
10.0,vecD,shell,8.909938096776107,3199351.0639096154,1184.535421321091
10.0,vecD,shell,9.118003390845681,3289125.9165296117,1184.534426714499
10.0,vecD,shell,9.330927435461664,3381626.8771753632,1184.533440493748
10.0,vecD,shell,9.548823692395656,3476942.166524403,1184.5324629466393
10.0,vecD,shell,9.771808272983899,3575162.912522338,1184.531494351786
10.0,vecD,shell,10.0,3676383.240669587,1184.530534978287
10.0,scaD,helm,0.001,279.33211054168606,349.892219294302
10.0,scaD,helm,0.0010233520470972575,285.85532766449796,349.892219294302
10.0,scaD,helm,0.0010472494122981486,292.53088662512897,349.89221929430204
10.0,scaD,helm,0.0010717048298967114,299.3623454542967,349.89221929430204
10.0,scaD,helm,0.0010967313315588178,306.3533452953897,349.892219294302
10.0,scaD,helm,0.0011223422532664173,313.5076123465168,349.8922192943019
10.0,scaD,helm,0.001148551242423938,320.82895984796414,349.89221929430204
10.0,scaD,helm,0.0011753722651306367,328.3212901161223,349.89221929430204
10.0,scaD,helm,0.0012028196136227775,335.98859662497216,349.89221929430204
10.0,scaD,helm,0.0012309079138896018,343.83496613624465,349.892219294302
10.0,scaD,helm,0.0012596521334671401,351.8645808793891,349.892219294302
10.0,scaD,helm,0.001289067589414027,360.08172078252085,349.89221929430204
10.0,scaD,helm,0.0013191699564735716,368.4907657555413,349.892219294302
10.0,scaD,helm,0.0013499752754264297,377.09619802665225,349.8922192943019
10.0,scaD,helm,0.0013814999616383224,385.90260453351317,349.8922192943019
10.0,scaD,helm,0.0014137608138073614,394.91467937032235,349.89221929430204
10.0,scaD,helm,0.001446775022915648,404.1372262921334,349.892219294302
10.0,scaD,helm,0.0014805601813899102,413.57516127774807,349.8922192943019
10.0,scaD,helm,0.001515134292476053,423.2335151525534,349.89221929430204
10.0,scaD,helm,0.0015505157798326253,433.1174362727121,349.892219294302
10.0,scaD,helm,0.0015867234973483179,443.23219327214184,349.892219294302
10.0,scaD,helm,0.001623776739188721,453.58317787375796,349.89221929430204
10.0,scaD,helm,0.001661695250077689,464.17590776647916,349.8922192943019
10.0,scaD,helm,0.001700499235818794,475.01602954954257,349.892219294302
10.0,scaD,helm,0.001740209374062485,486.10932174570536,349.8922192943019
10.0,scaD,helm,0.0017808468253246812,497.46169788494814,349.8922192943019
10.0,scaD,helm,0.0018224332442626666,509.07920966032856,349.892219294302
10.0,scaD,helm,0.001864990791214298,520.9680501576803,349.892219294302
10.0,scaD,helm,0.001908542144006686,533.1345571608914,349.892219294302
10.0,scaD,helm,0.0019531105100406311,545.5852165345296,349.892219294302
10.0,scaD,helm,0.0019987196386572507,558.3266656856298,349.89221929430204
10.0,scaD,helm,0.00204539383379339,571.3656971064997,349.892219294302
10.0,scaD,helm,0.002093157966932574,584.7092620004489,349.8922192943021
10.0,scaD,helm,0.002142037490358383,598.3644739923817,349.892219294302
10.0,scaD,helm,0.0021920584507173256,612.3386129262442,349.89221929430204
10.0,scaD,helm,0.0022432475028984203,626.6391287513666,349.8922192943019
10.0,scaD,helm,0.0022956319242369095,641.273645499786,349.8922192943019
10.0,scaD,helm,0.0023492396290496578,656.2499653566869,349.89221929430204
10.0,scaD,helm,0.002404099183509972,671.5760728261394,349.8922192943019
10.0,scaD,helm,0.0024602398208697774,687.2601389943748,349.892219294302
10.0,scaD,helm,0.0025176914570372772,703.3105258928935,349.892219294302
10.0,scaD,helm,0.0025764847065183746,719.7357909637448,349.892219294302
10.0,scaD,helm,0.0026366508987303583,736.5446916293762,349.89221929430204
10.0,scaD,helm,0.0026982220946965385,753.7461899695084,349.892219294302
10.0,scaD,helm,0.002761231104130753,771.3494575075588,349.89221929430204
10.0,scaD,helm,0.002825711502920827,789.3638801091753,349.892219294302
10.0,scaD,helm,0.0028916976510202992,807.7990629955227,349.892219294302
10.0,scaD,helm,0.0029592247107579576,826.6648358740104,349.89221929430204
10.0,scaD,helm,0.0030283286655749457,845.9712581892311,349.89221929430204
10.0,scaD,helm,0.003099046339199427,865.7286244969349,349.892219294302
10.0,scaD,helm,0.003171415415268999,885.9474699639203,349.89221929430204
10.0,scaD,helm,0.0032454744574113323,906.638575996814,349.8922192943019
10.0,scaD,helm,0.0033212629297937482,927.8129760027695,349.89221929430204
10.0,scaD,helm,0.003398821218152667,949.4819612851869,349.89221929430204
10.0,scaD,helm,0.00347819065131413,971.6570870776239,349.892219294302
10.0,scaD,helm,0.003559413523216862,994.3501787191556,349.89221929430204
10.0,scaD,helm,0.003642533115449638,1017.5733379745144,349.892219294302
10.0,scaD,helm,0.003727593720314938,1041.3389495024135,349.892219294302
10.0,scaD,helm,0.003814640664431178,1065.6596874755407,349.89221929430204
10.0,scaD,helm,0.0039037203328860922,1090.5485223557962,349.892219294302
10.0,scaD,helm,0.0039948801939541706,1116.0187278284336,349.8922192943021
10.0,scaD,helm,0.004088168824391289,1142.083887898844,349.8922192943019
10.0,scaD,helm,0.004183635935320019,1168.7579041558179,349.892219294302
10.0,scaD,helm,0.004281332398719396,1196.055003205193,349.8922192943019
10.0,scaD,helm,0.004381310274533306,1223.989744277933,349.892219294302
10.0,scaD,helm,0.0044836228384119055,1252.5770270167247,349.8922192943019
10.0,scaD,helm,0.004588324610100845,1281.8320994453143,349.8922192943019
10.0,scaD,helm,0.004695471382493431,1311.770566124879,349.8922192943019
10.0,scaD,helm,0.004805120251361242,1342.4083965018747,349.892219294302
10.0,scaD,helm,0.004917329645779016,1373.7619334518495,349.892219294302
10.0,scaD,helm,0.005032159359259993,1405.8479020238606,349.89221929430204
10.0,scaD,helm,0.005149670581618343,1438.6834183902258,349.89221929430204
10.0,scaD,helm,0.005269925931575657,1472.2859990064671,349.892219294302
10.0,scaD,helm,0.00539298949012887,1506.6735699864034,349.8922192943019
10.0,scaD,helm,0.00551892683469738,1541.86447669748,349.892219294302
10.0,scaD,helm,0.005647805074067557,1577.8774935815218,349.89221929430204
10.0,scaD,helm,0.005779692884153313,1614.7318342062754,349.89221929430204
10.0,scaD,helm,0.005914660544591745,1652.4471615531643,349.892219294302
10.0,scaD,helm,0.0060527799761933496,1691.0435985468566,349.892219294302
10.0,scaD,helm,0.00619412477926676,1730.5417388323597,349.892219294302
10.0,scaD,helm,0.0063387702728384876,1770.9626578055156,349.892219294302
10.0,scaD,helm,0.006486793534788508,1812.3279239028857,349.892219294302
10.0,scaD,helm,0.006638273442923081,1854.6596101571527,349.8922192943019
10.0,scaD,helm,0.006793290717006703,1897.9803060243573,349.89221929430204
10.0,scaD,helm,0.0069519279617756054,1942.3131294893901,349.892219294302
10.0,scaD,helm,0.007114269710955731,1987.681739456355,349.892219294302
10.0,scaD,helm,0.007280402472308569,2034.110348430525,349.892219294302
10.0,scaD,helm,0.007450414773728917,2081.6237354988393,349.892219294302
10.0,scaD,helm,0.007624397210419138,2130.2472596160133,349.892219294302
10.0,scaD,helm,0.007802442493165045,2180.0068732035234,349.892219294302
10.0,scaD,helm,0.007984645497739086,2230.9291360688726,349.89221929430204
10.0,scaD,helm,0.008171103315457203,2283.0412296527697,349.8922192943019
10.0,scaD,helm,0.008361915304916317,2336.3709716120125,349.892219294302
10.0,scaD,helm,0.008557183144940002,2390.9468307460456,349.89221929430204
10.0,scaD,helm,0.008757010888760509,2446.7979422753706,349.8922192943019
10.0,scaD,helm,0.00896150501946605,2503.954123480173,349.892219294302
10.0,scaD,helm,0.00917077450674293,2562.44588970776,349.8922192943019
10.0,scaD,helm,0.009384930864942721,2622.3044707575823,349.89221929430204
10.0,scaD,helm,0.009604088212505378,2683.561827652815,349.89221929430204
10.0,scaD,helm,0.00982836333277003,2746.250669807742,349.892219294302
10.0,scaD,helm,0.010057875736205835,2810.4044726003644,349.892219294302
10.0,scaD,helm,0.010292747724096083,2876.0574953599175,349.892219294302
10.0,scaD,helm,0.01053310445370937,2943.244799779163,349.892219294302
10.0,scaD,helm,0.01077907400499273,3012.0022687616442,349.892219294302
10.0,scaD,helm,0.011030787448822152,3082.366625714269,349.892219294302
10.0,scaD,helm,0.011288378916846888,3154.375454295875,349.8922192943019
10.0,scaD,helm,0.011551985672964792,3228.06721863268,349.892219294302
10.0,scaD,helm,0.011821748186466717,3303.481284011792,349.892219294302
10.0,scaD,helm,0.012097810206889013,3380.6579380642233,349.89221929430204
10.0,scaD,helm,0.012380318840613974,3459.638412449141,349.892219294302
10.0,scaD,helm,0.012669424629259064,3540.4649050513544,349.892219294302
10.0,scaD,helm,0.012965281629896682,3623.1806027043745,349.892219294302
10.0,scaD,helm,0.013268047497147245,3707.8297044516207,349.89221929430204
10.0,scaD,helm,0.013577883567189284,3794.457445358741,349.892219294302
10.0,scaD,helm,0.013894954943731374,3883.1101208902533,349.892219294302
10.0,scaD,helm,0.014219430585991668,3973.8351118640894,349.892219294302
10.0,scaD,helm,0.014551483398731937,4066.680909997951,349.89221929430204
10.0,scaD,helm,0.014891290324394095,4161.697144061712,349.89221929430204
10.0,scaD,helm,0.015239032437388288,4258.934606650473,349.892219294302
10.0,scaD,helm,0.015594895040582823,4358.44528159325,349.89221929430204
10.0,scaD,helm,0.01595906776404731,4460.282372012583,349.89221929430204
10.0,scaD,helm,0.016331744666101676,4564.500329050839,349.8922192943019
10.0,scaD,helm,0.016713124336724876,4671.154881279268,349.892219294302
10.0,scaD,helm,0.017103410003378405,4780.303064806346,349.892219294302
10.0,scaD,helm,0.017502809639301013,4892.003254102325,349.8922192943019
10.0,scaD,helm,0.01791153607433231,5006.31519355731,349.892219294302
10.0,scaD,helm,0.018329807108324356,5123.300029790669,349.892219294302
10.0,scaD,helm,0.018757845627201602,5243.0203447299855,349.89221929430204
10.0,scaD,helm,0.01919587972173111,5365.540189478223,349.8922192943019
10.0,scaD,helm,0.019644142809066276,5490.925118988277,349.892219294302
10.0,scaD,helm,0.020102873757128856,5619.242227564524,349.892219294302
10.0,scaD,helm,0.02057231701189556,5750.560185211501,349.89221929430204
10.0,scaD,helm,0.02105272272765707,5884.949274850368,349.89221929430204
10.0,scaD,helm,0.021544346900318832,6022.481430424265,349.8922192943019
10.0,scaD,helm,0.022047451503814746,6163.230275914333,349.892219294302
10.0,scaD,helm,0.02256230462970634,6307.271165288548,349.89221929430204
10.0,scaD,helm,0.023089180630041926,6454.681223406282,349.892219294302
10.0,scaD,helm,0.023628360263551765,6605.539387901888,349.8922192943019
10.0,scaD,helm,0.024180130845257206,6759.926452071354,349.892219294302
10.0,scaD,helm,0.024744786399573514,6917.925108786615,349.892219294302
10.0,scaD,helm,0.025322627816987946,7079.619995462741,349.8922192943021
10.0,scaD,helm,0.025913963014396586,7245.097740103894,349.892219294302
10.0,scaD,helm,0.02651910709918538,7414.447008454596,349.892219294302
10.0,scaD,helm,0.027138382537142788,7587.758552283505,349.8922192943019
10.0,scaD,helm,0.02777211932429355,7765.1252588276975,349.89221929430204
10.0,scaD,helm,0.028420655162745122,7946.642201426011,349.89221929430204
10.0,scaD,helm,0.029084335640640478,8132.4066913709385,349.892219294302
10.0,scaD,helm,0.029763514416313176,8322.518331009152,349.89221929430204
10.0,scaD,helm,0.03045855340674284,8517.079068121651,349.89221929430204
10.0,scaD,helm,0.03116982298041145,8716.193251615237,349.8922192943019
10.0,scaD,helm,0.03189770215466321,8919.967688557934,349.892219294302
10.0,scaD,helm,0.03264257879767322,9128.51170259174,349.89221929430204
10.0,scaD,helm,0.03340484983513244,9341.937193757056,349.892219294302
10.0,scaD,helm,0.03418492146175929,9560.358699763945,349.8922192943019
10.0,scaD,helm,0.03498320935775036,9783.893458746423,349.892219294302
10.0,scaD,helm,0.035800138910285786,10012.66147353682,349.892219294302
10.0,scaD,helm,0.036636145440207164,10246.785577498282,349.8922192943019
10.0,scaD,helm,0.037491674433988875,10486.391501954517,349.892219294302
10.0,scaD,helm,0.03836718178112645,10731.607945256892,349.89221929430204
10.0,scaD,helm,0.03926313401706837,10982.566643530086,349.892219294302
10.0,scaD,helm,0.04018000857182091,11239.402443138522,349.892219294302
10.0,scaD,helm,0.04111829402435831,11502.253374917094,349.892219294302
10.0,scaD,helm,0.04207849036297403,11771.260730210726,349.892219294302
10.0,scaD,helm,0.043061109251711714,12046.569138768495,349.89221929430204
10.0,scaD,helm,0.04406667430301786,12328.3266485395,349.892219294302
10.0,scaD,helm,0.045095721356761466,12616.684807418562,349.892219294302
10.0,scaD,helm,0.04614879876576939,12911.798746991555,349.8922192943019
10.0,scaD,helm,0.047226467688029516,13213.827268331177,349.89221929430204
10.0,scaD,helm,0.04832930238571752,13522.932929895604,349.892219294302
10.0,scaD,helm,0.049457890531206423,13839.282137583745,349.8922192943019
10.0,scaD,helm,0.05061283352022219,14163.045237002365,349.89221929430204
10.0,scaD,helm,0.0517947467923121,14494.396608001864,349.89221929430204
10.0,scaD,helm,0.05300426015879673,14833.51476153903,349.892219294302
10.0,scaD,helm,0.05424201813838027,15180.582438926687,349.892219294302
10.0,scaD,helm,0.05550868030059805,15535.78671353194,349.89221929430204
10.0,scaD,helm,0.05680492161728426,15899.319094986224,349.892219294302
10.0,scaD,helm,0.058131432822247135,16271.37563597237,349.89221929430204
10.0,scaD,helm,0.05948892077934334,16652.157041655457,349.8922192943019
10.0,scaD,helm,0.06087810885914762,17041.868781826433,349.8922192943019
10.0,scaD,helm,0.06229973732441844,17440.72120582905,349.892219294302
10.0,scaD,helm,0.06375456372456506,17848.92966034293,349.892219294302
10.0,scaD,helm,0.06524336329932624,18266.714610097577,349.892219294302
10.0,scaD,helm,0.06676692939187563,18694.301761594135,349.8922192943019
10.0,scaD,helm,0.06832607387157402,19131.92218991414,349.892219294302
10.0,scaD,helm,0.06992162756659374,19579.81246869645,349.8922192943019
10.0,scaD,helm,0.07155444070664578,20038.214803366307,349.89221929430204
10.0,scaD,helm,0.07322538337604534,20507.37716770231,349.8922192943021
10.0,scaD,helm,0.07493534597735753,20987.553443830195,349.892219294302
10.0,scaD,helm,0.0766852397058701,21479.00356573439,349.89221929430204
10.0,scaD,helm,0.07847599703514611,21981.99366638123,349.892219294302
10.0,scaD,helm,0.08030857221391513,22496.79622855035,349.892219294302
10.0,scaD,helm,0.08218394177456802,23023.690239473628,349.89221929430204
10.0,scaD,helm,0.08410310505352604,23562.96134938397,349.89221929430204
10.0,scaD,helm,0.08606708472376164,24114.902034079216,349.892219294302
10.0,scaD,helm,0.08807692733975461,24679.81176160954,349.892219294302
10.0,scaD,helm,0.09013370389517433,25257.997163200063,349.892219294302
10.0,scaD,helm,0.09223851039358476,25849.772208523507,349.89221929430204
10.0,scaD,helm,0.09439246843247669,26455.458385441307,349.892219294302
10.0,scaD,helm,0.09659672580093832,27075.38488433515,349.892219294302
10.0,scaD,helm,0.09885245709128276,27709.88878715441,349.89221929430204
10.0,scaD,helm,0.10116086432495808,28359.31526130893,349.89221929430204
10.0,scaD,helm,0.10352317759307378,29024.017758540445,349.89221929430204
10.0,scaD,helm,0.1059406557118851,29704.35821890995,349.892219294302
10.0,scaD,helm,0.10841458689358349,30400.70728004247,349.892219294302
10.0,scaD,helm,0.11094628943275218,31113.444491775204,349.8922192943019
10.0,scaD,helm,0.11353711240885178,31842.958536359434,349.89221929430204
10.0,scaD,helm,0.11618843640511002,32589.647454370846,349.892219294302
10.0,scaD,helm,0.118901674244199,33353.91887648825,349.89221929430204
10.0,scaD,helm,0.1216782717410923,34136.19026130548,349.892219294302
10.0,scaD,helm,0.12451970847350319,34936.88913934621,349.89221929430204
10.0,scaD,helm,0.12742749857031335,35756.45336345676,349.892219294302
10.0,scaD,helm,0.13040319151841315,36595.331365757505,349.892219294302
10.0,scaD,helm,0.13344837298838383,37453.98242133945,349.892219294302
10.0,scaD,helm,0.13656466567946096,38332.87691889817,349.89221929430204
10.0,scaD,helm,0.1397537301842291,39232.49663850298,349.892219294302
10.0,scaD,helm,0.1430172658735088,40153.33503670646,349.8922192943019
10.0,scaD,helm,0.14635701180190797,41095.897539205216,349.89221929430204
10.0,scaD,helm,0.14977474763452,42060.701841270056,349.892219294302
10.0,scaD,helm,0.15327229459526134,43048.278216170045,349.892219294302
10.0,scaD,helm,0.1568515164373548,44059.16983182301,349.892219294302
10.0,scaD,helm,0.16051432043647615,45093.933075912086,349.892219294302
10.0,scaD,helm,0.16426265840709303,46153.13788971597,349.892219294302
10.0,scaD,helm,0.16809852774253636,47237.36811090793,349.89221929430187
10.0,scaD,helm,0.1720239724793599,48347.22182558802,349.892219294302
10.0,scaD,helm,0.17604108438655525,49483.31172982094,349.892219294302
10.0,scaD,helm,0.18015200408020238,50646.26550096124,349.892219294302
10.0,scaD,helm,0.1843589221641488,51836.72617905646,349.89221929430204
10.0,scaD,helm,0.18866408039732582,53055.35255862882,349.89221929430204
10.0,scaD,helm,0.19306977288832497,54302.819591146515,349.892219294302
10.0,scaD,helm,0.19757834731786994,55579.818798505126,349.89221929430204
10.0,scaD,helm,0.20219220618983536,56887.058697850756,349.89221929430204
10.0,scaD,helm,0.20691380811147903,58225.2652380879,349.89221929430204
10.0,scaD,helm,0.21174566910357118,59595.18224842679,349.8922192943021
10.0,scaD,helm,0.2166903639411181,60997.57189933644,349.892219294302
10.0,scaD,helm,0.22175052752539318,62433.215176282065,349.892219294302
10.0,scaD,helm,0.2269288562880081,63902.9123666386,349.8922192943019
10.0,scaD,helm,0.23222810962777246,65407.48356018662,349.89221929430204
10.0,scaD,helm,0.23765111138110728,66947.76916360851,349.89221929430204
10.0,scaD,helm,0.24320075132679475,68524.63042941905,349.892219294302
10.0,scaD,helm,0.24887998672586673,70138.9499997785,349.892219294302
10.0,scaD,helm,0.25469184389745403,71791.63246565333,349.89221929430204
10.0,scaD,helm,0.26063941983143474,73483.60494180351,349.892219294302
10.0,scaD,helm,0.2667258838387405,75215.81765809405,349.892219294302
10.0,scaD,helm,0.2729544792402007,76989.2445676446,349.892219294302
10.0,scaD,helm,0.2793285250948253,78804.88397235003,349.8922192943021
10.0,scaD,helm,0.28585141796844715,80663.75916632287,349.89221929430204
10.0,scaD,helm,0.2925266337436645,82566.91909782759,349.89221929430204
10.0,scaD,helm,0.29935772947204903,84515.43905029769,349.892219294302
10.0,scaD,helm,0.3063483452696084,86510.42134304777,349.89221929430204
10.0,scaD,helm,0.3135022062565112,88552.99605231325,349.89221929430204
10.0,scaD,helm,0.32082312454210776,90644.32175327395,349.892219294302
10.0,scaD,helm,0.3283150012563047,92785.58628374028,349.89221929430204
10.0,scaD,helm,0.3359818286283781,94978.00753020734,349.892219294302
10.0,scaD,helm,0.34382769211433073,97222.83423700482,349.892219294302
10.0,scaD,helm,0.3518567725739263,99521.34683929774,349.89221929430204
10.0,scaD,helm,0.360073348498562,101874.85832072151,349.89221929430204
10.0,scaD,helm,0.3684817982911677,104284.71509646194,349.89221929430204
10.0,scaD,helm,0.3770866025993452,106752.2979226207,349.89221929430204
10.0,scaD,helm,0.3858923467029903,109279.0228327366,349.89221929430204
10.0,scaD,helm,0.3949037229576702,111866.34210236592,349.892219294302
10.0,scaD,helm,0.40412553329506,114515.74524265724,349.89221929430204
10.0,scaD,helm,0.4135626917817706,117228.76002389171,349.89221929430204
10.0,scaD,helm,0.4232202272379275,120006.95352999197,349.892219294302
10.0,scaD,helm,0.4331032859169001,122851.93324504454,349.89221929430204
10.0,scaD,helm,0.44321713424760856,125765.34817291546,349.89221929430204
10.0,scaD,helm,0.45356716164087024,128748.88999108081,349.892219294302
10.0,scaD,helm,0.46415888336127775,131804.29423983255,349.89221929430204
10.0,scaD,helm,0.47499794346614127,134933.34154806708,349.89221929430204
10.0,scaD,helm,0.48609011781306305,138137.85889690524,349.8922192943019
10.0,scaD,helm,0.49744131713774514,141419.72092244113,349.892219294302
10.0,scaD,helm,0.5090575902036681,144780.85125896355,349.892219294302
10.0,scaD,helm,0.5209451270253211,148223.22392404423,349.892219294302
10.0,scaD,helm,0.5331102621667033,151748.86474694288,349.892219294302
10.0,scaD,helm,0.5455594781168515,155359.85284182683,349.892219294302
10.0,scaD,helm,0.5582994087441919,159058.32212736347,349.89221929430204
10.0,scaD,helm,0.571336842831558,162846.46289430084,349.892219294302
10.0,scaD,helm,0.584678727693759,166726.52342271386,349.892219294302
10.0,scaD,helm,0.5983321728796283,170700.81165065378,349.89221929430204
10.0,scaD,helm,0.6123044539605184,174771.69689600516,349.8922192943019
10.0,scaD,helm,0.6266030164072656,178941.6116334234,349.892219294302
10.0,scaD,helm,0.6412354795576917,183213.053328296,349.892219294302
10.0,scaD,helm,0.6562096406767555,187588.5863297431,349.892219294302
10.0,scaD,helm,0.6715334791115142,192070.84382474903,349.89221929430204
10.0,scaD,helm,0.6872151605431122,196662.5298555957,349.892219294302
10.0,scaD,helm,0.7032630413380644,201366.42140285214,349.89221929430204
10.0,scaD,helm,0.7196856730011514,206185.37053625783,349.892219294302
10.0,scaD,helm,0.7364918067322965,211122.306635924,349.892219294302
10.0,scaD,helm,0.7536903980898542,216180.23868637343,349.8922192943019
10.0,scaD,helm,0.7712906117627992,221362.25764603104,349.89221929430204
10.0,scaD,helm,0.7893018264543568,226671.5388948776,349.8922192943021
10.0,scaD,helm,0.8077336398796711,232111.3447630796,349.892219294302
10.0,scaD,helm,0.8265958738801813,237685.02714351658,349.89221929430204
10.0,scaD,helm,0.84589857965743,243396.03019123766,349.892219294302
10.0,scaD,helm,0.8656520431290936,249247.8931129933,349.892219294302
10.0,scaD,helm,0.8858667904100823,255244.25305010309,349.892219294302
10.0,scaD,helm,0.9065535934216359,261388.8480580501,349.892219294302
10.0,scaD,helm,0.927723475631406,267685.5201863155,349.8922192943019
10.0,scaD,helm,0.949387717927582,274138.21866210253,349.89221929430204
10.0,scaD,helm,0.9715578646301858,280751.0031817304,349.89221929430204
10.0,scaD,helm,0.9942457296427418,287528.04731362883,349.8922192943019
10.0,scaD,helm,1.0174634027476064,294473.642017006,349.892219294302
10.0,scaD,helm,1.0412232560483043,301592.19928041846,349.8922192943021
10.0,scaD,helm,1.0655379505623053,308888.2558846265,349.8922192943019
10.0,scaD,helm,1.0904204429677526,316366.4772942851,349.892219294302
10.0,scaD,helm,1.115883992507748,324031.66168319137,349.892219294302
10.0,scaD,helm,1.1419421680558648,331888.7440979849,349.8922192943019
10.0,scaD,helm,1.168608855346651,339942.80076537386,349.892219294302
10.0,scaD,helm,1.1958982643749794,348199.05354815756,349.892219294302
10.0,scaD,helm,1.2238249369681924,356662.87455550674,349.8922192943021
10.0,scaD,helm,1.252403754535072,365339.7909131648,349.89221929430204
10.0,scaD,helm,1.2816499459957584,374235.48969943984,349.892219294302
10.0,scaD,helm,1.3115790958968503,383355.8230530789,349.892219294302
10.0,scaD,helm,1.342207152716012,392706.8134593373,349.8922192943019
10.0,scaD,helm,1.3735504373605123,402294.65922078537,349.89221929430204
10.0,scaD,helm,1.405625651864215,412125.7401196329,349.892219294302
10.0,scaD,helm,1.438449888287663,422206.6232786017,349.89221929430204
10.0,scaD,helm,1.4720406378260014,432544.0692276305,349.892219294302
10.0,scaD,helm,1.506415800129591,443145.03818396165,349.89221929430204
10.0,scaD,helm,1.5415936928422718,454016.69655342045,349.892219294302
10.0,scaD,helm,1.5775930613623614,465166.4236609943,349.892219294302
10.0,scaD,helm,1.6144330888316019,476601.81871909625,349.89221929430204
10.0,scaD,helm,1.6521334063573685,488330.7080422049,349.892219294302
10.0,scaD,helm,1.69071410347358,500361.1525168667,349.8922192943019
10.0,scaD,helm,1.7301957388458944,512701.45533637947,349.892219294302
10.0,scaD,helm,1.770599351226898,525360.1700097967,349.8922192943019
10.0,scaD,helm,1.8119464706671222,538346.1086552237,349.89221929430204
10.0,scaD,helm,1.8542591299878524,551668.35058773,349.8922192943019
10.0,scaD,helm,1.8975598765218504,565336.2512125542,349.89221929430204
10.0,scaD,helm,1.941871784128255,579359.4512346511,349.8922192943019
10.0,scaD,helm,1.9872184654880534,593747.8861960006,349.89221929430204
10.0,scaD,helm,2.0336240846866724,608511.7963524868,349.892219294302
10.0,scaD,helm,2.081113370090395,623661.7369025563,349.892219294302
10.0,scaD,helm,2.129711627523478,639208.5885802765,349.892219294302
10.0,scaD,helm,2.1794447537529833,655163.5686258285,349.892219294302
10.0,scaD,helm,2.2303392502884964,671538.2421468955,349.89221929430204
10.0,scaD,helm,2.2824222375040977,688344.5338848599,349.8922192943019
10.0,scaD,helm,2.3357214690901213,705594.7404001723,349.892219294302
10.0,scaD,helm,2.3902653468423893,723301.5426917076,349.8922192943019
10.0,scaD,helm,2.446082935796798,741478.0192654058,349.892219294302
10.0,scaD,helm,2.5032039797173256,760137.6596679752,349.8922192943019
10.0,scaD,helm,2.561658916945727,779294.3785019395,349.892219294302
10.0,scaD,helm,2.6214788966213534,798962.529938803,349.89221929430204
10.0,scaD,helm,2.6826957952797246,819156.9227476242,349.8922192943021
10.0,scaD,helm,2.745342233838714,839892.8358568224,349.89221929430204
10.0,scaD,helm,2.809451594981406,861186.0344675772,349.892219294302
10.0,scaD,helm,2.8750580409448774,883052.7867377137,349.8922192943019
10.0,scaD,helm,2.942196531724374,905509.8810555286,349.892219294302
10.0,scaD,helm,3.0109028437025924,928574.6439235744,349.89221929430204
10.0,scaD,helm,3.081213588714002,952264.9584729945,349.8922192943019
10.0,scaD,helm,3.1531662335543613,976599.2836295763,349.892219294302
10.0,scaD,helm,3.2267991199458086,1001596.6739532687,349.892219294302
10.0,scaD,helm,3.3021514849681757,1027276.8001735195,349.89221929430204
10.0,scaD,helm,3.379263481967431,1053659.9704433829,349.89221929430204
10.0,scaD,helm,3.4581762019523774,1080767.1523359497,349.8922192943019
10.0,scaD,helm,3.538931695490988,1108619.9956072567,349.892219294302
10.0,scaD,helm,3.6215729951180746,1137240.855750457,349.89221929430204
10.0,scaD,helm,3.706144138266228,1166652.8183666556,349.89221929430204
10.0,scaD,helm,3.792690190732246,1196879.7243784142,349.8922192943019
10.0,scaD,helm,3.881257270691536,1227946.1961125573,349.8922192943021
10.0,scaD,helm,3.971892573273302,1259877.6642795354,349.892219294302
10.0,scaD,helm,4.064644395709628,1292700.395877223,349.89221929430204
10.0,scaD,helm,4.1595621630718425,1326441.5230476337,349.892219294302
10.0,scaD,helm,4.256696454607871,1361129.0729156449,349.89221929430204
10.0,scaD,helm,4.356099030694608,1396791.998439435,349.892219294302
10.0,scaD,helm,4.457822860419706,1433460.2103029473,349.89221929430204
10.0,scaD,helm,4.561922149807459,1471164.6098812625,349.892219294302
10.0,scaD,helm,4.66845237070379,1509937.1233103345,349.892219294302
10.0,scaD,helm,4.777470290335773,1549810.7366931387,349.8922192943019
10.0,scaD,helm,4.889034001561443,1590819.5324748163,349.892219294302
10.0,scaD,helm,5.003202953825999,1632998.7270199282,349.89221929430204
10.0,scaD,helm,5.120037984840887,1676384.70942544,349.892219294302
10.0,scaD,helm,5.239601353002644,1721015.0816035795,349.892219294302
10.0,scaD,helm,5.361956770568817,1766928.6996691593,349.89221929430204
10.0,scaD,helm,5.487169437608599,1814165.7166664025,349.89221929430204
10.0,scaD,helm,5.615306076746273,1862767.6266707226,349.8922192943021
10.0,scaD,helm,5.746434968715974,1912777.3103012946,349.892219294302
10.0,scaD,helm,5.880625988746757,1964239.0816806257,349.89221929430204
10.0,scaD,helm,6.017950643797328,2017198.7368776102,349.8922192943019
10.0,scaD,helm,6.158482110660261,2071703.6038708412,349.892219294302
10.0,scaD,helm,6.302295274956023,2127802.5940692024,349.892219294302
10.0,scaD,helm,6.449466771037621,2185546.2554269168,349.892219294302
10.0,scaD,helm,6.600075022827088,2244986.8271904024,349.89221929430204
10.0,scaD,helm,6.754200285605586,2306178.2963143256,349.89221929430204
10.0,scaD,helm,6.911924688779366,2369176.455584295,349.8922192943019
10.0,scaD,helm,7.073332279644439,2434038.9634836437,349.89221929430204
10.0,scaD,helm,7.238509068173248,2500825.405841607,349.8922192943019
10.0,scaD,helm,7.4075430728471625,2569597.3593000514,349.89221929430204
10.0,scaD,helm,7.580524367559261,2640418.4566357434,349.892219294302
10.0,scaD,helm,7.757545129612414,2713354.4539748007,349.892219294302
10.0,scaD,helm,7.9386996888382235,2788473.2999356445,349.8922192943019
10.0,scaD,helm,8.124084577862966,2865845.2067362894,349.89221929430204
10.0,scaD,helm,8.313798583547333,2945542.7233013124,349.892219294302
10.0,scaD,helm,8.507942799627445,3027640.8104032883,349.89221929430204
10.0,scaD,helm,8.706620680585118,3112216.9178726976,349.89221929430204
10.0,scaD,helm,8.909938096776107,3199351.0639096154,349.89221929430204
10.0,scaD,helm,9.118003390845681,3289125.9165296117,349.892219294302
10.0,scaD,helm,9.330927435461664,3381626.8771753632,349.8922192943021
10.0,scaD,helm,9.548823692395656,3476942.166524403,349.892219294302
10.0,scaD,helm,9.771808272983899,3575162.912522338,349.892219294302
10.0,scaD,helm,10.0,3676383.240669587,349.8922192943021
10.0,scaD,shell,0.001,279.33211054168606,1184.341109245441
10.0,scaD,shell,0.0010233520470972575,285.85532766449796,1184.3411092454405
10.0,scaD,shell,0.0010472494122981486,292.53088662512897,1184.3411092454407
10.0,scaD,shell,0.0010717048298967114,299.3623454542967,1184.341109245441
10.0,scaD,shell,0.0010967313315588178,306.3533452953897,1184.341109245441
10.0,scaD,shell,0.0011223422532664173,313.5076123465168,1184.3411092454405
10.0,scaD,shell,0.001148551242423938,320.82895984796414,1184.3411092454407
10.0,scaD,shell,0.0011753722651306367,328.3212901161223,1184.3411092454405
10.0,scaD,shell,0.0012028196136227775,335.98859662497216,1184.3411092454405
10.0,scaD,shell,0.0012309079138896018,343.83496613624465,1184.3411092454407
10.0,scaD,shell,0.0012596521334671401,351.8645808793891,1184.3411092454405
10.0,scaD,shell,0.001289067589414027,360.08172078252085,1184.3411092454407
10.0,scaD,shell,0.0013191699564735716,368.4907657555413,1184.3411092454407
10.0,scaD,shell,0.0013499752754264297,377.09619802665225,1184.341109245441
10.0,scaD,shell,0.0013814999616383224,385.90260453351317,1184.341109245441
10.0,scaD,shell,0.0014137608138073614,394.91467937032235,1184.3411092454405
10.0,scaD,shell,0.001446775022915648,404.1372262921334,1184.341109245441
10.0,scaD,shell,0.0014805601813899102,413.57516127774807,1184.3411092454407
10.0,scaD,shell,0.001515134292476053,423.2335151525534,1184.3411092454407
10.0,scaD,shell,0.0015505157798326253,433.1174362727121,1184.341109245441
10.0,scaD,shell,0.0015867234973483179,443.23219327214184,1184.3411092454407
10.0,scaD,shell,0.001623776739188721,453.58317787375796,1184.3411092454407
10.0,scaD,shell,0.001661695250077689,464.17590776647916,1184.3411092454407
10.0,scaD,shell,0.001700499235818794,475.01602954954257,1184.3411092454407
10.0,scaD,shell,0.001740209374062485,486.10932174570536,1184.3411092454407
10.0,scaD,shell,0.0017808468253246812,497.46169788494814,1184.3411092454407
10.0,scaD,shell,0.0018224332442626666,509.07920966032856,1184.3411092454405
10.0,scaD,shell,0.001864990791214298,520.9680501576803,1184.3411092454405
10.0,scaD,shell,0.001908542144006686,533.1345571608914,1184.3411092454407
10.0,scaD,shell,0.0019531105100406311,545.5852165345296,1184.3411092454405
10.0,scaD,shell,0.0019987196386572507,558.3266656856298,1184.3411092454405
10.0,scaD,shell,0.00204539383379339,571.3656971064997,1184.3411092454407
10.0,scaD,shell,0.002093157966932574,584.7092620004489,1184.3411092454407
10.0,scaD,shell,0.002142037490358383,598.3644739923817,1184.3411092454405
10.0,scaD,shell,0.0021920584507173256,612.3386129262442,1184.3411092454405
10.0,scaD,shell,0.0022432475028984203,626.6391287513666,1184.3411092454407
10.0,scaD,shell,0.0022956319242369095,641.273645499786,1184.3411092454405
10.0,scaD,shell,0.0023492396290496578,656.2499653566869,1184.3411092454407
10.0,scaD,shell,0.002404099183509972,671.5760728261394,1184.3411092454405
10.0,scaD,shell,0.0024602398208697774,687.2601389943748,1184.3411092454407
10.0,scaD,shell,0.0025176914570372772,703.3105258928935,1184.3411092454407
10.0,scaD,shell,0.0025764847065183746,719.7357909637448,1184.3411092454407
10.0,scaD,shell,0.0026366508987303583,736.5446916293762,1184.3411092454407
10.0,scaD,shell,0.0026982220946965385,753.7461899695084,1184.3411092454407
10.0,scaD,shell,0.002761231104130753,771.3494575075588,1184.3411092454405
10.0,scaD,shell,0.002825711502920827,789.3638801091753,1184.3411092454405
10.0,scaD,shell,0.0028916976510202992,807.7990629955227,1184.3411092454407
10.0,scaD,shell,0.0029592247107579576,826.6648358740104,1184.3411092454405
10.0,scaD,shell,0.0030283286655749457,845.9712581892311,1184.3411092454407
10.0,scaD,shell,0.003099046339199427,865.7286244969349,1184.3411092454407
10.0,scaD,shell,0.003171415415268999,885.9474699639203,1184.3411092454407
10.0,scaD,shell,0.0032454744574113323,906.638575996814,1184.3411092454407
10.0,scaD,shell,0.0033212629297937482,927.8129760027695,1184.341109245441
10.0,scaD,shell,0.003398821218152667,949.4819612851869,1184.341109245441
10.0,scaD,shell,0.00347819065131413,971.6570870776239,1184.3411092454407
10.0,scaD,shell,0.003559413523216862,994.3501787191556,1184.3411092454405
10.0,scaD,shell,0.003642533115449638,1017.5733379745144,1184.3411092454405
10.0,scaD,shell,0.003727593720314938,1041.3389495024135,1184.3411092454405
10.0,scaD,shell,0.003814640664431178,1065.6596874755407,1184.3411092454405
10.0,scaD,shell,0.0039037203328860922,1090.5485223557962,1184.3411092454407
10.0,scaD,shell,0.0039948801939541706,1116.0187278284336,1184.3411092454407
10.0,scaD,shell,0.004088168824391289,1142.083887898844,1184.3411092454407
10.0,scaD,shell,0.004183635935320019,1168.7579041558179,1184.3411092454405
10.0,scaD,shell,0.004281332398719396,1196.055003205193,1184.3411092454405
10.0,scaD,shell,0.004381310274533306,1223.989744277933,1184.3411092454407
10.0,scaD,shell,0.0044836228384119055,1252.5770270167247,1184.3411092454407
10.0,scaD,shell,0.004588324610100845,1281.8320994453143,1184.3411092454407
10.0,scaD,shell,0.004695471382493431,1311.770566124879,1184.3411092454407
10.0,scaD,shell,0.004805120251361242,1342.4083965018747,1184.341109245441
10.0,scaD,shell,0.004917329645779016,1373.7619334518495,1184.3411092454407
10.0,scaD,shell,0.005032159359259993,1405.8479020238606,1184.3411092454407
10.0,scaD,shell,0.005149670581618343,1438.6834183902258,1184.341109245441
10.0,scaD,shell,0.005269925931575657,1472.2859990064671,1184.3411092454407
10.0,scaD,shell,0.00539298949012887,1506.6735699864034,1184.3411092454407
10.0,scaD,shell,0.00551892683469738,1541.86447669748,1184.3411092454407
10.0,scaD,shell,0.005647805074067557,1577.8774935815218,1184.3411092454405
10.0,scaD,shell,0.005779692884153313,1614.7318342062754,1184.341109245441
10.0,scaD,shell,0.005914660544591745,1652.4471615531643,1184.3411092454407
10.0,scaD,shell,0.0060527799761933496,1691.0435985468566,1184.3411092454407
10.0,scaD,shell,0.00619412477926676,1730.5417388323597,1184.3411092454407
10.0,scaD,shell,0.0063387702728384876,1770.9626578055156,1184.3411092454407
10.0,scaD,shell,0.006486793534788508,1812.3279239028857,1184.3411092454407
10.0,scaD,shell,0.006638273442923081,1854.6596101571527,1184.3411092454405
10.0,scaD,shell,0.006793290717006703,1897.9803060243573,1184.341109245441
10.0,scaD,shell,0.0069519279617756054,1942.3131294893901,1184.3411092454405
10.0,scaD,shell,0.007114269710955731,1987.681739456355,1184.3411092454405
10.0,scaD,shell,0.007280402472308569,2034.110348430525,1184.3411092454405
10.0,scaD,shell,0.007450414773728917,2081.6237354988393,1184.3411092454407
10.0,scaD,shell,0.007624397210419138,2130.2472596160133,1184.3411092454405
10.0,scaD,shell,0.007802442493165045,2180.0068732035234,1184.3411092454405
10.0,scaD,shell,0.007984645497739086,2230.9291360688726,1184.3411092454407
10.0,scaD,shell,0.008171103315457203,2283.0412296527697,1184.341109245441
10.0,scaD,shell,0.008361915304916317,2336.3709716120125,1184.3411092454405
10.0,scaD,shell,0.008557183144940002,2390.9468307460456,1184.3411092454407
10.0,scaD,shell,0.008757010888760509,2446.7979422753706,1184.3411092454403
10.0,scaD,shell,0.00896150501946605,2503.954123480173,1184.3411092454407
10.0,scaD,shell,0.00917077450674293,2562.44588970776,1184.3411092454407
10.0,scaD,shell,0.009384930864942721,2622.3044707575823,1184.3411092454407
10.0,scaD,shell,0.009604088212505378,2683.561827652815,1184.341109245441
10.0,scaD,shell,0.00982836333277003,2746.250669807742,1184.3411092454407
10.0,scaD,shell,0.010057875736205835,2810.4044726003644,1184.3411092454405
10.0,scaD,shell,0.010292747724096083,2876.0574953599175,1184.3411092454407
10.0,scaD,shell,0.01053310445370937,2943.244799779163,1184.3411092454407
10.0,scaD,shell,0.01077907400499273,3012.0022687616442,1184.341109245441
10.0,scaD,shell,0.011030787448822152,3082.366625714269,1184.3411092454407
10.0,scaD,shell,0.011288378916846888,3154.375454295875,1184.3411092454407
10.0,scaD,shell,0.011551985672964792,3228.06721863268,1184.3411092454405
10.0,scaD,shell,0.011821748186466717,3303.481284011792,1184.3411092454407
10.0,scaD,shell,0.012097810206889013,3380.6579380642233,1184.3411092454405
10.0,scaD,shell,0.012380318840613974,3459.638412449141,1184.3411092454407
10.0,scaD,shell,0.012669424629259064,3540.4649050513544,1184.3411092454405
10.0,scaD,shell,0.012965281629896682,3623.1806027043745,1184.3411092454407
10.0,scaD,shell,0.013268047497147245,3707.8297044516207,1184.3411092454407
10.0,scaD,shell,0.013577883567189284,3794.457445358741,1184.341109245441
10.0,scaD,shell,0.013894954943731374,3883.1101208902533,1184.3411092454407
10.0,scaD,shell,0.014219430585991668,3973.8351118640894,1184.3411092454407
10.0,scaD,shell,0.014551483398731937,4066.680909997951,1184.3411092454405
10.0,scaD,shell,0.014891290324394095,4161.697144061712,1184.3411092454407
10.0,scaD,shell,0.015239032437388288,4258.934606650473,1184.3411092454407
10.0,scaD,shell,0.015594895040582823,4358.44528159325,1184.3411092454405
10.0,scaD,shell,0.01595906776404731,4460.282372012583,1184.341109245441
10.0,scaD,shell,0.016331744666101676,4564.500329050839,1184.3411092454407
10.0,scaD,shell,0.016713124336724876,4671.154881279268,1184.3411092454407
10.0,scaD,shell,0.017103410003378405,4780.303064806346,1184.3411092454407
10.0,scaD,shell,0.017502809639301013,4892.003254102325,1184.3411092454407
10.0,scaD,shell,0.01791153607433231,5006.31519355731,1184.3411092454405
10.0,scaD,shell,0.018329807108324356,5123.300029790669,1184.3411092454405
10.0,scaD,shell,0.018757845627201602,5243.0203447299855,1184.3411092454407
10.0,scaD,shell,0.01919587972173111,5365.540189478223,1184.3411092454407
10.0,scaD,shell,0.019644142809066276,5490.925118988277,1184.3411092454407
10.0,scaD,shell,0.020102873757128856,5619.242227564524,1184.3411092454407
10.0,scaD,shell,0.02057231701189556,5750.560185211501,1184.3411092454407
10.0,scaD,shell,0.02105272272765707,5884.949274850368,1184.3411092454407
10.0,scaD,shell,0.021544346900318832,6022.481430424265,1184.3411092454407
10.0,scaD,shell,0.022047451503814746,6163.230275914333,1184.3411092454407
10.0,scaD,shell,0.02256230462970634,6307.271165288548,1184.3411092454407
10.0,scaD,shell,0.023089180630041926,6454.681223406282,1184.3411092454407
10.0,scaD,shell,0.023628360263551765,6605.539387901888,1184.3411092454405
10.0,scaD,shell,0.024180130845257206,6759.926452071354,1184.3411092454405
10.0,scaD,shell,0.024744786399573514,6917.925108786615,1184.3411092454407
10.0,scaD,shell,0.025322627816987946,7079.619995462741,1184.3411092454407
10.0,scaD,shell,0.025913963014396586,7245.097740103894,1184.341109245441
10.0,scaD,shell,0.02651910709918538,7414.447008454596,1184.3411092454407
10.0,scaD,shell,0.027138382537142788,7587.758552283505,1184.3411092454405
10.0,scaD,shell,0.02777211932429355,7765.1252588276975,1184.3411092454405
10.0,scaD,shell,0.028420655162745122,7946.642201426011,1184.3411092454405
10.0,scaD,shell,0.029084335640640478,8132.4066913709385,1184.3411092454405
10.0,scaD,shell,0.029763514416313176,8322.518331009152,1184.3411092454407
10.0,scaD,shell,0.03045855340674284,8517.079068121651,1184.3411092454407
10.0,scaD,shell,0.03116982298041145,8716.193251615237,1184.3411092454405
10.0,scaD,shell,0.03189770215466321,8919.967688557934,1184.341109245441
10.0,scaD,shell,0.03264257879767322,9128.51170259174,1184.341109245441
10.0,scaD,shell,0.03340484983513244,9341.937193757056,1184.3411092454407
10.0,scaD,shell,0.03418492146175929,9560.358699763945,1184.3411092454405
10.0,scaD,shell,0.03498320935775036,9783.893458746423,1184.3411092454407
10.0,scaD,shell,0.035800138910285786,10012.66147353682,1184.3411092454407
10.0,scaD,shell,0.036636145440207164,10246.785577498282,1184.3411092454407
10.0,scaD,shell,0.037491674433988875,10486.391501954517,1184.3411092454407
10.0,scaD,shell,0.03836718178112645,10731.607945256892,1184.3411092454405
10.0,scaD,shell,0.03926313401706837,10982.566643530086,1184.3411092454407
10.0,scaD,shell,0.04018000857182091,11239.402443138522,1184.3411092454407
10.0,scaD,shell,0.04111829402435831,11502.253374917094,1184.3411092454407
10.0,scaD,shell,0.04207849036297403,11771.260730210726,1184.3411092454407
10.0,scaD,shell,0.043061109251711714,12046.569138768495,1184.3411092454407
10.0,scaD,shell,0.04406667430301786,12328.3266485395,1184.3411092454407
10.0,scaD,shell,0.045095721356761466,12616.684807418562,1184.3411092454407
10.0,scaD,shell,0.04614879876576939,12911.798746991555,1184.3411092454407
10.0,scaD,shell,0.047226467688029516,13213.827268331177,1184.3411092454405
10.0,scaD,shell,0.04832930238571752,13522.932929895604,1184.3411092454405
10.0,scaD,shell,0.049457890531206423,13839.282137583745,1184.3411092454407
10.0,scaD,shell,0.05061283352022219,14163.045237002365,1184.3411092454403
10.0,scaD,shell,0.0517947467923121,14494.396608001864,1184.3411092454405
10.0,scaD,shell,0.05300426015879673,14833.51476153903,1184.3411092454405
10.0,scaD,shell,0.05424201813838027,15180.582438926687,1184.3411092454405
10.0,scaD,shell,0.05550868030059805,15535.78671353194,1184.3411092454407
10.0,scaD,shell,0.05680492161728426,15899.319094986224,1184.3411092454405
10.0,scaD,shell,0.058131432822247135,16271.37563597237,1184.3411092454407
10.0,scaD,shell,0.05948892077934334,16652.157041655457,1184.3411092454407
10.0,scaD,shell,0.06087810885914762,17041.868781826433,1184.3411092454407
10.0,scaD,shell,0.06229973732441844,17440.72120582905,1184.3411092454405
10.0,scaD,shell,0.06375456372456506,17848.92966034293,1184.3411092454407
10.0,scaD,shell,0.06524336329932624,18266.714610097577,1184.3411092454405
10.0,scaD,shell,0.06676692939187563,18694.301761594135,1184.3411092454407
10.0,scaD,shell,0.06832607387157402,19131.92218991414,1184.3411092454407
10.0,scaD,shell,0.06992162756659374,19579.81246869645,1184.3411092454405
10.0,scaD,shell,0.07155444070664578,20038.214803366307,1184.3411092454405
10.0,scaD,shell,0.07322538337604534,20507.37716770231,1184.341109245441
10.0,scaD,shell,0.07493534597735753,20987.553443830195,1184.3411092454407
10.0,scaD,shell,0.0766852397058701,21479.00356573439,1184.341109245441
10.0,scaD,shell,0.07847599703514611,21981.99366638123,1184.3411092454407
10.0,scaD,shell,0.08030857221391513,22496.79622855035,1184.3411092454405
10.0,scaD,shell,0.08218394177456802,23023.690239473628,1184.3411092454407
10.0,scaD,shell,0.08410310505352604,23562.96134938397,1184.3411092454407
10.0,scaD,shell,0.08606708472376164,24114.902034079216,1184.3411092454405
10.0,scaD,shell,0.08807692733975461,24679.81176160954,1184.3411092454407
10.0,scaD,shell,0.09013370389517433,25257.997163200063,1184.3411092454407
10.0,scaD,shell,0.09223851039358476,25849.772208523507,1184.3411092454407
10.0,scaD,shell,0.09439246843247669,26455.458385441307,1184.3411092454407
10.0,scaD,shell,0.09659672580093832,27075.38488433515,1184.3411092454407
10.0,scaD,shell,0.09885245709128276,27709.88878715441,1184.3411092454407
10.0,scaD,shell,0.10116086432495808,28359.31526130893,1184.341109245441
10.0,scaD,shell,0.10352317759307378,29024.017758540445,1184.341109245441
10.0,scaD,shell,0.1059406557118851,29704.35821890995,1184.3411092454407
10.0,scaD,shell,0.10841458689358349,30400.70728004247,1184.3411092454405
10.0,scaD,shell,0.11094628943275218,31113.444491775204,1184.3411092454405
10.0,scaD,shell,0.11353711240885178,31842.958536359434,1184.3411092454407
10.0,scaD,shell,0.11618843640511002,32589.647454370846,1184.3411092454407
10.0,scaD,shell,0.118901674244199,33353.91887648825,1184.3411092454405
10.0,scaD,shell,0.1216782717410923,34136.19026130548,1184.3411092454407
10.0,scaD,shell,0.12451970847350319,34936.88913934621,1184.3411092454405
10.0,scaD,shell,0.12742749857031335,35756.45336345676,1184.3411092454405
10.0,scaD,shell,0.13040319151841315,36595.331365757505,1184.341109245441
10.0,scaD,shell,0.13344837298838383,37453.98242133945,1184.3411092454405
10.0,scaD,shell,0.13656466567946096,38332.87691889817,1184.3411092454407
10.0,scaD,shell,0.1397537301842291,39232.49663850298,1184.3411092454405
10.0,scaD,shell,0.1430172658735088,40153.33503670646,1184.3411092454407
10.0,scaD,shell,0.14635701180190797,41095.897539205216,1184.3411092454405
10.0,scaD,shell,0.14977474763452,42060.701841270056,1184.3411092454407
10.0,scaD,shell,0.15327229459526134,43048.278216170045,1184.3411092454407
10.0,scaD,shell,0.1568515164373548,44059.16983182301,1184.3411092454407
10.0,scaD,shell,0.16051432043647615,45093.933075912086,1184.341109245441
10.0,scaD,shell,0.16426265840709303,46153.13788971597,1184.3411092454407
10.0,scaD,shell,0.16809852774253636,47237.36811090793,1184.3411092454405
10.0,scaD,shell,0.1720239724793599,48347.22182558802,1184.3411092454405
10.0,scaD,shell,0.17604108438655525,49483.31172982094,1184.341109245441
10.0,scaD,shell,0.18015200408020238,50646.26550096124,1184.3411092454407
10.0,scaD,shell,0.1843589221641488,51836.72617905646,1184.3411092454407
10.0,scaD,shell,0.18866408039732582,53055.35255862882,1184.341109245441
10.0,scaD,shell,0.19306977288832497,54302.819591146515,1184.3411092454407
10.0,scaD,shell,0.19757834731786994,55579.818798505126,1184.3411092454405
10.0,scaD,shell,0.20219220618983536,56887.058697850756,1184.3411092454407
10.0,scaD,shell,0.20691380811147903,58225.2652380879,1184.3411092454407
10.0,scaD,shell,0.21174566910357118,59595.18224842679,1184.3411092454407
10.0,scaD,shell,0.2166903639411181,60997.57189933644,1184.3411092454407
10.0,scaD,shell,0.22175052752539318,62433.215176282065,1184.3411092454407
10.0,scaD,shell,0.2269288562880081,63902.9123666386,1184.3411092454407
10.0,scaD,shell,0.23222810962777246,65407.48356018662,1184.3411092454405
10.0,scaD,shell,0.23765111138110728,66947.76916360851,1184.3411092454407
10.0,scaD,shell,0.24320075132679475,68524.63042941905,1184.3411092454405
10.0,scaD,shell,0.24887998672586673,70138.9499997785,1184.341109245441
10.0,scaD,shell,0.25469184389745403,71791.63246565333,1184.3411092454405
10.0,scaD,shell,0.26063941983143474,73483.60494180351,1184.3411092454407
10.0,scaD,shell,0.2667258838387405,75215.81765809405,1184.3411092454407
10.0,scaD,shell,0.2729544792402007,76989.2445676446,1184.3411092454405
10.0,scaD,shell,0.2793285250948253,78804.88397235003,1184.3411092454407
10.0,scaD,shell,0.28585141796844715,80663.75916632287,1184.3411092454405
10.0,scaD,shell,0.2925266337436645,82566.91909782759,1184.3411092454407
10.0,scaD,shell,0.29935772947204903,84515.43905029769,1184.3411092454405
10.0,scaD,shell,0.3063483452696084,86510.42134304777,1184.3411092454405
10.0,scaD,shell,0.3135022062565112,88552.99605231325,1184.3411092454403
10.0,scaD,shell,0.32082312454210776,90644.32175327395,1184.3411092454405
10.0,scaD,shell,0.3283150012563047,92785.58628374028,1184.3411092454405
10.0,scaD,shell,0.3359818286283781,94978.00753020734,1184.3411092454405
10.0,scaD,shell,0.34382769211433073,97222.83423700482,1184.3411092454407
10.0,scaD,shell,0.3518567725739263,99521.34683929774,1184.3411092454407
10.0,scaD,shell,0.360073348498562,101874.85832072151,1184.3411092454405
10.0,scaD,shell,0.3684817982911677,104284.71509646194,1184.3411092454407
10.0,scaD,shell,0.3770866025993452,106752.2979226207,1184.3411092454407
10.0,scaD,shell,0.3858923467029903,109279.0228327366,1184.3411092454405
10.0,scaD,shell,0.3949037229576702,111866.34210236592,1184.341109245441
10.0,scaD,shell,0.40412553329506,114515.74524265724,1184.3411092454407
10.0,scaD,shell,0.4135626917817706,117228.76002389171,1184.3411092454407
10.0,scaD,shell,0.4232202272379275,120006.95352999197,1184.3411092454405
10.0,scaD,shell,0.4331032859169001,122851.93324504454,1184.341109245441
10.0,scaD,shell,0.44321713424760856,125765.34817291546,1184.3411092454407
10.0,scaD,shell,0.45356716164087024,128748.88999108081,1184.3411092454405
10.0,scaD,shell,0.46415888336127775,131804.29423983255,1184.3411092454405
10.0,scaD,shell,0.47499794346614127,134933.34154806708,1184.3411092454403
10.0,scaD,shell,0.48609011781306305,138137.85889690524,1184.3411092454405
10.0,scaD,shell,0.49744131713774514,141419.72092244113,1184.3411092454403
10.0,scaD,shell,0.5090575902036681,144780.85125896355,1184.341109245441
10.0,scaD,shell,0.5209451270253211,148223.22392404423,1184.341109245441
10.0,scaD,shell,0.5331102621667033,151748.86474694288,1184.3411092454405
10.0,scaD,shell,0.5455594781168515,155359.85284182683,1184.3411092454407
10.0,scaD,shell,0.5582994087441919,159058.32212736347,1184.3411092454403
10.0,scaD,shell,0.571336842831558,162846.46289430084,1184.3411092454412
10.0,scaD,shell,0.584678727693759,166726.52342271386,1184.3411092454407
10.0,scaD,shell,0.5983321728796283,170700.81165065378,1184.3411092454407
10.0,scaD,shell,0.6123044539605184,174771.69689600516,1184.3411092454405
10.0,scaD,shell,0.6266030164072656,178941.6116334234,1184.3411092454407
10.0,scaD,shell,0.6412354795576917,183213.053328296,1184.3411092454405
10.0,scaD,shell,0.6562096406767555,187588.5863297431,1184.3411092454407
10.0,scaD,shell,0.6715334791115142,192070.84382474903,1184.341109245441
10.0,scaD,shell,0.6872151605431122,196662.5298555957,1184.3411092454405
10.0,scaD,shell,0.7032630413380644,201366.42140285214,1184.3411092454405
10.0,scaD,shell,0.7196856730011514,206185.37053625783,1184.3411092454407
10.0,scaD,shell,0.7364918067322965,211122.306635924,1184.341109245441
10.0,scaD,shell,0.7536903980898542,216180.23868637343,1184.3411092454407
10.0,scaD,shell,0.7712906117627992,221362.25764603104,1184.3411092454407
10.0,scaD,shell,0.7893018264543568,226671.5388948776,1184.3411092454405
10.0,scaD,shell,0.8077336398796711,232111.3447630796,1184.3411092454407
10.0,scaD,shell,0.8265958738801813,237685.02714351658,1184.3411092454407
10.0,scaD,shell,0.84589857965743,243396.03019123766,1184.3411092454405
10.0,scaD,shell,0.8656520431290936,249247.8931129933,1184.341109245441
10.0,scaD,shell,0.8858667904100823,255244.25305010309,1184.3411092454407
10.0,scaD,shell,0.9065535934216359,261388.8480580501,1184.341109245441
10.0,scaD,shell,0.927723475631406,267685.5201863155,1184.3411092454407
10.0,scaD,shell,0.949387717927582,274138.21866210253,1184.3411092454407
10.0,scaD,shell,0.9715578646301858,280751.0031817304,1184.3411092454405
10.0,scaD,shell,0.9942457296427418,287528.04731362883,1184.3411092454407
10.0,scaD,shell,1.0174634027476064,294473.642017006,1184.3411092454407
10.0,scaD,shell,1.0412232560483043,301592.19928041846,1184.3411092454407
10.0,scaD,shell,1.0655379505623053,308888.2558846265,1184.3411092454407
10.0,scaD,shell,1.0904204429677526,316366.4772942851,1184.3411092454405
10.0,scaD,shell,1.115883992507748,324031.66168319137,1184.3411092454407
10.0,scaD,shell,1.1419421680558648,331888.7440979849,1184.341109245441
10.0,scaD,shell,1.168608855346651,339942.80076537386,1184.3411092454407
10.0,scaD,shell,1.1958982643749794,348199.05354815756,1184.3411092454405
10.0,scaD,shell,1.2238249369681924,356662.87455550674,1184.3411092454407
10.0,scaD,shell,1.252403754535072,365339.7909131648,1184.3411092454405
10.0,scaD,shell,1.2816499459957584,374235.48969943984,1184.3411092454407
10.0,scaD,shell,1.3115790958968503,383355.8230530789,1184.3411092454407
10.0,scaD,shell,1.342207152716012,392706.8134593373,1184.3411092454407
10.0,scaD,shell,1.3735504373605123,402294.65922078537,1184.3411092454405
10.0,scaD,shell,1.405625651864215,412125.7401196329,1184.3411092454407
10.0,scaD,shell,1.438449888287663,422206.6232786017,1184.3411092454407
10.0,scaD,shell,1.4720406378260014,432544.0692276305,1184.3411092454407
10.0,scaD,shell,1.506415800129591,443145.03818396165,1184.3411092454403
10.0,scaD,shell,1.5415936928422718,454016.69655342045,1184.3411092454405
10.0,scaD,shell,1.5775930613623614,465166.4236609943,1184.3411092454405
10.0,scaD,shell,1.6144330888316019,476601.81871909625,1184.341109245441
10.0,scaD,shell,1.6521334063573685,488330.7080422049,1184.3411092454407
10.0,scaD,shell,1.69071410347358,500361.1525168667,1184.3411092454407
10.0,scaD,shell,1.7301957388458944,512701.45533637947,1184.341109245441
10.0,scaD,shell,1.770599351226898,525360.1700097967,1184.341109245441
10.0,scaD,shell,1.8119464706671222,538346.1086552237,1184.3411092454407
10.0,scaD,shell,1.8542591299878524,551668.35058773,1184.341109245441
10.0,scaD,shell,1.8975598765218504,565336.2512125542,1184.3411092454407
10.0,scaD,shell,1.941871784128255,579359.4512346511,1184.3411092454407
10.0,scaD,shell,1.9872184654880534,593747.8861960006,1184.341109245441
10.0,scaD,shell,2.0336240846866724,608511.7963524868,1184.3411092454407
10.0,scaD,shell,2.081113370090395,623661.7369025563,1184.341109245441
10.0,scaD,shell,2.129711627523478,639208.5885802765,1184.3411092454405
10.0,scaD,shell,2.1794447537529833,655163.5686258285,1184.341109245441
10.0,scaD,shell,2.2303392502884964,671538.2421468955,1184.3411092454405
10.0,scaD,shell,2.2824222375040977,688344.5338848599,1184.3411092454407
10.0,scaD,shell,2.3357214690901213,705594.7404001723,1184.341109245441
10.0,scaD,shell,2.3902653468423893,723301.5426917076,1184.3411092454407
10.0,scaD,shell,2.446082935796798,741478.0192654058,1184.3411092454407
10.0,scaD,shell,2.5032039797173256,760137.6596679752,1184.3411092454407
10.0,scaD,shell,2.561658916945727,779294.3785019395,1184.3411092454407
10.0,scaD,shell,2.6214788966213534,798962.529938803,1184.341109245441
10.0,scaD,shell,2.6826957952797246,819156.9227476242,1184.3411092454405
10.0,scaD,shell,2.745342233838714,839892.8358568224,1184.3411092454407
10.0,scaD,shell,2.809451594981406,861186.0344675772,1184.3411092454407
10.0,scaD,shell,2.8750580409448774,883052.7867377137,1184.3411092454407
10.0,scaD,shell,2.942196531724374,905509.8810555286,1184.3411092454407
10.0,scaD,shell,3.0109028437025924,928574.6439235744,1184.3411092454407
10.0,scaD,shell,3.081213588714002,952264.9584729945,1184.3411092454407
10.0,scaD,shell,3.1531662335543613,976599.2836295763,1184.3411092454405
10.0,scaD,shell,3.2267991199458086,1001596.6739532687,1184.3411092454407
10.0,scaD,shell,3.3021514849681757,1027276.8001735195,1184.3411092454407
10.0,scaD,shell,3.379263481967431,1053659.9704433829,1184.3411092454405
10.0,scaD,shell,3.4581762019523774,1080767.1523359497,1184.3411092454407
10.0,scaD,shell,3.538931695490988,1108619.9956072567,1184.3411092454407
10.0,scaD,shell,3.6215729951180746,1137240.855750457,1184.341109245441
10.0,scaD,shell,3.706144138266228,1166652.8183666556,1184.3411092454407
10.0,scaD,shell,3.792690190732246,1196879.7243784142,1184.3411092454407
10.0,scaD,shell,3.881257270691536,1227946.1961125573,1184.3411092454405
10.0,scaD,shell,3.971892573273302,1259877.6642795354,1184.3411092454407
10.0,scaD,shell,4.064644395709628,1292700.395877223,1184.3411092454405
10.0,scaD,shell,4.1595621630718425,1326441.5230476337,1184.3411092454407
10.0,scaD,shell,4.256696454607871,1361129.0729156449,1184.3411092454405
10.0,scaD,shell,4.356099030694608,1396791.998439435,1184.3411092454405
10.0,scaD,shell,4.457822860419706,1433460.2103029473,1184.3411092454407
10.0,scaD,shell,4.561922149807459,1471164.6098812625,1184.3411092454405
10.0,scaD,shell,4.66845237070379,1509937.1233103345,1184.3411092454405
10.0,scaD,shell,4.777470290335773,1549810.7366931387,1184.3411092454405
10.0,scaD,shell,4.889034001561443,1590819.5324748163,1184.3411092454407
10.0,scaD,shell,5.003202953825999,1632998.7270199282,1184.3411092454407
10.0,scaD,shell,5.120037984840887,1676384.70942544,1184.3411092454407
10.0,scaD,shell,5.239601353002644,1721015.0816035795,1184.341109245441
10.0,scaD,shell,5.361956770568817,1766928.6996691593,1184.3411092454405
10.0,scaD,shell,5.487169437608599,1814165.7166664025,1184.3411092454407
10.0,scaD,shell,5.615306076746273,1862767.6266707226,1184.3411092454405
10.0,scaD,shell,5.746434968715974,1912777.3103012946,1184.3411092454405
10.0,scaD,shell,5.880625988746757,1964239.0816806257,1184.3411092454407
10.0,scaD,shell,6.017950643797328,2017198.7368776102,1184.3411092454407
10.0,scaD,shell,6.158482110660261,2071703.6038708412,1184.3411092454405
10.0,scaD,shell,6.302295274956023,2127802.5940692024,1184.3411092454407
10.0,scaD,shell,6.449466771037621,2185546.2554269168,1184.341109245441
10.0,scaD,shell,6.600075022827088,2244986.8271904024,1184.3411092454407
10.0,scaD,shell,6.754200285605586,2306178.2963143256,1184.341109245441
10.0,scaD,shell,6.911924688779366,2369176.455584295,1184.3411092454405
10.0,scaD,shell,7.073332279644439,2434038.9634836437,1184.3411092454405
10.0,scaD,shell,7.238509068173248,2500825.405841607,1184.3411092454405
10.0,scaD,shell,7.4075430728471625,2569597.3593000514,1184.3411092454405
10.0,scaD,shell,7.580524367559261,2640418.4566357434,1184.3411092454407
10.0,scaD,shell,7.757545129612414,2713354.4539748007,1184.3411092454405
10.0,scaD,shell,7.9386996888382235,2788473.2999356445,1184.3411092454405
10.0,scaD,shell,8.124084577862966,2865845.2067362894,1184.3411092454407
10.0,scaD,shell,8.313798583547333,2945542.7233013124,1184.3411092454405
10.0,scaD,shell,8.507942799627445,3027640.8104032883,1184.3411092454407
10.0,scaD,shell,8.706620680585118,3112216.9178726976,1184.341109245441
10.0,scaD,shell,8.909938096776107,3199351.0639096154,1184.3411092454405
10.0,scaD,shell,9.118003390845681,3289125.9165296117,1184.3411092454405
10.0,scaD,shell,9.330927435461664,3381626.8771753632,1184.3411092454407
10.0,scaD,shell,9.548823692395656,3476942.166524403,1184.3411092454407
10.0,scaD,shell,9.771808272983899,3575162.912522338,1184.3411092454407
10.0,scaD,shell,10.0,3676383.240669587,1184.3411092454407
