vmin_kms,eta_std_june16,eta_std_annual,eta_vesc500_june16,eta_vesc500_annual,eta_vesc528_june16,eta_vesc528_annual,eta_vesc560_june16,eta_vesc560_annual,eta_vesc600_june16,eta_vesc600_annual,eta_v0_220_june16,eta_v0_220_annual,eta_v0_250_june16,eta_v0_250_annual,eta_king1_june16,eta_king1_annual,eta_king2_june16,eta_king2_annual,eta_king3_june16,eta_king3_annual,eta_shmpp_june16,eta_shmpp_annual,eta_shmpp_iso_june16,eta_shmpp_iso_annual,eta_shmpp_evans_june16,eta_shmpp_evans_annual,eta_env_low_june16,eta_env_low_annual,eta_env_high_june16,eta_env_high_annual,eta_std_dec16,eta_std_wimpydd_june16,eta_std_wimpydd_annual
0.000000e+00,3.356298e-03,3.461670e-03,3.380782e-03,3.487958e-03,3.363644e-03,3.469536e-03,3.350409e-03,3.455379e-03,3.340589e-03,3.444922e-03,3.597305e-03,3.718677e-03,3.217409e-03,3.314156e-03,3.398569e-03,3.508245e-03,3.673058e-03,3.844594e-03,3.738476e-03,3.936441e-03,3.302474e-03,3.412698e-03,3.264734e-03,3.359121e-03,3.370708e-03,3.485635e-03,4.010610e-03,4.238899e-03,3.196201e-03,3.291538e-03,3.569873e-03,3.356298e-03,3.461670e-03
5.000000e-01,3.356291e-03,3.461663e-03,3.380776e-03,3.487951e-03,3.363638e-03,3.469529e-03,3.350403e-03,3.455372e-03,3.340583e-03,3.444915e-03,3.597297e-03,3.718668e-03,3.217404e-03,3.314149e-03,3.398562e-03,3.508238e-03,3.673053e-03,3.844588e-03,3.738473e-03,3.936437e-03,3.302469e-03,3.412692e-03,3.264728e-03,3.359114e-03,3.370703e-03,3.485629e-03,4.010607e-03,4.238895e-03,3.196195e-03,3.291532e-03,3.569865e-03,3.356296e-03,3.461667e-03
1.000000e+00,3.356273e-03,3.461642e-03,3.380758e-03,3.487929e-03,3.363620e-03,3.469508e-03,3.350385e-03,3.455352e-03,3.340565e-03,3.444894e-03,3.597275e-03,3.718642e-03,3.217388e-03,3.314131e-03,3.398544e-03,3.508217e-03,3.673039e-03,3.844569e-03,3.738466e-03,3.936426e-03,3.302454e-03,3.412675e-03,3.264711e-03,3.359095e-03,3.370687e-03,3.485610e-03,4.010599e-03,4.238881e-03,3.196180e-03,3.291514e-03,3.569841e-03,3.356283e-03,3.461653e-03
1.500000e+00,3.356243e-03,3.461607e-03,3.380727e-03,3.487894e-03,3.363589e-03,3.469474e-03,3.350355e-03,3.455317e-03,3.340534e-03,3.444860e-03,3.597237e-03,3.718599e-03,3.217361e-03,3.314101e-03,3.398512e-03,3.508181e-03,3.673014e-03,3.844537e-03,3.738453e-03,3.936407e-03,3.302429e-03,3.412647e-03,3.264682e-03,3.359063e-03,3.370661e-03,3.485580e-03,4.010584e-03,4.238857e-03,3.196153e-03,3.291484e-03,3.569802e-03,3.356259e-03,3.461626e-03
2.000000e+00,3.356200e-03,3.461559e-03,3.380683e-03,3.487845e-03,3.363546e-03,3.469425e-03,3.350312e-03,3.455269e-03,3.340492e-03,3.444812e-03,3.597185e-03,3.718539e-03,3.217323e-03,3.314058e-03,3.398468e-03,3.508131e-03,3.672981e-03,3.844493e-03,3.738436e-03,3.936380e-03,3.302394e-03,3.412607e-03,3.264642e-03,3.359018e-03,3.370624e-03,3.485538e-03,4.010563e-03,4.238825e-03,3.196116e-03,3.291442e-03,3.569747e-03,3.356222e-03,3.461584e-03
2.500000e+00,3.356145e-03,3.461496e-03,3.380628e-03,3.487781e-03,3.363491e-03,3.469362e-03,3.350258e-03,3.455207e-03,3.340438e-03,3.444750e-03,3.597118e-03,3.718461e-03,3.217275e-03,3.314004e-03,3.398412e-03,3.508066e-03,3.672937e-03,3.844436e-03,3.738413e-03,3.936346e-03,3.302350e-03,3.412556e-03,3.264591e-03,3.358960e-03,3.370577e-03,3.485483e-03,4.010537e-03,4.238783e-03,3.196068e-03,3.291388e-03,3.569677e-03,3.356174e-03,3.461529e-03
3.000000e+00,3.356078e-03,3.461420e-03,3.380559e-03,3.487704e-03,3.363424e-03,3.469285e-03,3.350191e-03,3.455131e-03,3.340371e-03,3.444675e-03,3.597036e-03,3.718367e-03,3.217216e-03,3.313937e-03,3.398342e-03,3.507987e-03,3.672884e-03,3.844366e-03,3.738386e-03,3.936304e-03,3.302295e-03,3.412493e-03,3.264528e-03,3.358889e-03,3.370519e-03,3.485417e-03,4.010504e-03,4.238731e-03,3.196010e-03,3.291323e-03,3.569591e-03,3.356113e-03,3.461459e-03
3.500000e+00,3.355999e-03,3.461330e-03,3.380479e-03,3.487612e-03,3.363344e-03,3.469195e-03,3.350112e-03,3.455041e-03,3.340293e-03,3.444585e-03,3.596938e-03,3.718255e-03,3.217146e-03,3.313858e-03,3.398261e-03,3.507894e-03,3.672821e-03,3.844284e-03,3.738353e-03,3.936255e-03,3.302231e-03,3.412420e-03,3.264454e-03,3.358805e-03,3.370451e-03,3.485338e-03,4.010466e-03,4.238671e-03,3.195941e-03,3.291245e-03,3.569489e-03,3.356040e-03,3.461376e-03
4.000000e+00,3.355908e-03,3.461226e-03,3.380386e-03,3.487506e-03,3.363253e-03,3.469090e-03,3.350021e-03,3.454937e-03,3.340203e-03,3.444482e-03,3.596826e-03,3.718126e-03,3.217065e-03,3.313767e-03,3.398166e-03,3.507786e-03,3.672749e-03,3.844189e-03,3.738316e-03,3.936198e-03,3.302157e-03,3.412334e-03,3.264368e-03,3.358709e-03,3.370372e-03,3.485248e-03,4.010422e-03,4.238601e-03,3.195862e-03,3.291155e-03,3.569372e-03,3.355954e-03,3.461279e-03
4.500000e+00,3.355804e-03,3.461108e-03,3.380280e-03,3.487386e-03,3.363148e-03,3.468972e-03,3.349918e-03,3.454820e-03,3.340100e-03,3.444366e-03,3.596699e-03,3.717980e-03,3.216974e-03,3.313664e-03,3.398059e-03,3.507665e-03,3.672667e-03,3.844081e-03,3.738273e-03,3.936133e-03,3.302073e-03,3.412238e-03,3.264270e-03,3.358599e-03,3.370283e-03,3.485145e-03,4.010371e-03,4.238521e-03,3.195772e-03,3.291053e-03,3.569239e-03,3.355857e-03,3.461168e-03
5.000000e+00,3.355688e-03,3.460976e-03,3.380163e-03,3.487252e-03,3.363032e-03,3.468839e-03,3.349802e-03,3.454689e-03,3.339985e-03,3.444235e-03,3.596557e-03,3.717816e-03,3.216872e-03,3.313548e-03,3.397940e-03,3.507528e-03,3.672575e-03,3.843960e-03,3.738226e-03,3.936061e-03,3.301979e-03,3.412130e-03,3.264162e-03,3.358477e-03,3.370183e-03,3.485030e-03,4.010315e-03,4.238432e-03,3.195671e-03,3.290940e-03,3.569090e-03,3.355747e-03,3.461043e-03
5.500000e+00,3.355560e-03,3.460831e-03,3.380033e-03,3.487104e-03,3.362903e-03,3.468693e-03,3.349675e-03,3.454544e-03,3.339859e-03,3.444091e-03,3.596400e-03,3.717635e-03,3.216759e-03,3.313421e-03,3.397808e-03,3.507378e-03,3.672473e-03,3.843827e-03,3.738173e-03,3.935981e-03,3.301875e-03,3.412010e-03,3.264041e-03,3.358342e-03,3.370072e-03,3.484903e-03,4.010253e-03,4.238334e-03,3.195560e-03,3.290814e-03,3.568926e-03,3.355625e-03,3.460905e-03
6.000000e+00,3.355420e-03,3.460671e-03,3.379890e-03,3.486942e-03,3.362763e-03,3.468533e-03,3.349535e-03,3.454385e-03,3.339720e-03,3.443933e-03,3.596228e-03,3.717437e-03,3.216635e-03,3.313281e-03,3.397663e-03,3.507213e-03,3.672362e-03,3.843681e-03,3.738116e-03,3.935893e-03,3.301761e-03,3.411880e-03,3.263910e-03,3.358194e-03,3.369952e-03,3.484764e-03,4.010185e-03,4.238227e-03,3.195438e-03,3.290676e-03,3.568746e-03,3.355491e-03,3.460752e-03
6.500000e+00,3.355268e-03,3.460498e-03,3.379735e-03,3.486766e-03,3.362610e-03,3.468359e-03,3.349384e-03,3.454212e-03,3.339569e-03,3.443762e-03,3.596041e-03,3.717222e-03,3.216501e-03,3.313129e-03,3.397506e-03,3.507033e-03,3.672241e-03,3.843523e-03,3.738053e-03,3.935798e-03,3.301637e-03,3.411737e-03,3.263767e-03,3.358033e-03,3.369820e-03,3.484613e-03,4.010111e-03,4.238110e-03,3.195306e-03,3.290527e-03,3.568551e-03,3.355345e-03,3.460586e-03
7.000000e+00,3.355103e-03,3.460311e-03,3.379568e-03,3.486575e-03,3.362444e-03,3.468171e-03,3.349220e-03,3.454026e-03,3.339406e-03,3.443576e-03,3.595839e-03,3.716990e-03,3.216356e-03,3.312965e-03,3.397336e-03,3.506840e-03,3.672111e-03,3.843352e-03,3.737985e-03,3.935695e-03,3.301503e-03,3.411584e-03,3.263612e-03,3.357859e-03,3.369679e-03,3.484449e-03,4.010031e-03,4.237983e-03,3.195163e-03,3.290365e-03,3.568340e-03,3.355187e-03,3.460405e-03
7.500000e+00,3.354927e-03,3.460110e-03,3.379388e-03,3.486371e-03,3.362267e-03,3.467968e-03,3.349044e-03,3.453825e-03,3.339231e-03,3.443377e-03,3.595622e-03,3.716740e-03,3.216200e-03,3.312789e-03,3.397154e-03,3.506632e-03,3.671971e-03,3.843168e-03,3.737913e-03,3.935584e-03,3.301360e-03,3.411419e-03,3.263446e-03,3.357672e-03,3.369526e-03,3.484274e-03,4.009945e-03,4.237848e-03,3.195010e-03,3.290191e-03,3.568113e-03,3.355016e-03,3.460211e-03
8.000000e+00,3.354738e-03,3.459895e-03,3.379196e-03,3.486152e-03,3.362077e-03,3.467753e-03,3.348855e-03,3.453611e-03,3.339044e-03,3.443164e-03,3.595390e-03,3.716474e-03,3.216034e-03,3.312601e-03,3.396959e-03,3.506410e-03,3.671821e-03,3.842971e-03,3.737835e-03,3.935466e-03,3.301206e-03,3.411243e-03,3.263269e-03,3.357472e-03,3.369364e-03,3.484086e-03,4.009853e-03,4.237702e-03,3.194846e-03,3.290006e-03,3.567871e-03,3.354833e-03,3.460003e-03
8.500000e+00,3.354537e-03,3.459666e-03,3.378991e-03,3.485920e-03,3.361875e-03,3.467523e-03,3.348655e-03,3.453383e-03,3.338845e-03,3.442938e-03,3.595143e-03,3.716190e-03,3.215857e-03,3.312400e-03,3.396752e-03,3.506173e-03,3.671661e-03,3.842762e-03,3.737752e-03,3.935340e-03,3.301043e-03,3.411055e-03,3.263080e-03,3.357260e-03,3.369190e-03,3.483887e-03,4.009755e-03,4.237548e-03,3.194671e-03,3.289808e-03,3.567613e-03,3.354638e-03,3.459781e-03
9.000000e+00,3.354323e-03,3.459423e-03,3.378775e-03,3.485673e-03,3.361661e-03,3.467279e-03,3.348443e-03,3.453142e-03,3.338634e-03,3.442698e-03,3.594881e-03,3.715889e-03,3.215669e-03,3.312188e-03,3.396532e-03,3.505922e-03,3.671492e-03,3.842540e-03,3.737664e-03,3.935206e-03,3.300870e-03,3.410856e-03,3.262880e-03,3.357035e-03,3.369006e-03,3.483675e-03,4.009651e-03,4.237383e-03,3.194486e-03,3.289599e-03,3.567339e-03,3.354431e-03,3.459546e-03
9.500000e+00,3.354098e-03,3.459167e-03,3.378545e-03,3.485412e-03,3.361434e-03,3.467021e-03,3.348218e-03,3.452886e-03,3.338411e-03,3.442444e-03,3.594605e-03,3.715570e-03,3.215470e-03,3.311963e-03,3.396299e-03,3.505657e-03,3.671313e-03,3.842305e-03,3.737571e-03,3.935065e-03,3.300686e-03,3.410646e-03,3.262668e-03,3.356796e-03,3.368812e-03,3.483451e-03,4.009541e-03,4.237210e-03,3.194290e-03,3.289377e-03,3.567050e-03,3.354212e-03,3.459296e-03
1.000000e+01,3.353860e-03,3.458896e-03,3.378304e-03,3.485137e-03,3.361195e-03,3.466749e-03,3.347982e-03,3.452617e-03,3.338176e-03,3.442176e-03,3.594313e-03,3.715235e-03,3.215260e-03,3.311726e-03,3.396054e-03,3.505377e-03,3.671124e-03,3.842057e-03,3.737473e-03,3.934916e-03,3.300493e-03,3.410424e-03,3.262445e-03,3.356545e-03,3.368607e-03,3.483216e-03,4.009425e-03,4.237026e-03,3.194083e-03,3.289144e-03,3.566745e-03,3.353980e-03,3.459033e-03
1.050000e+01,3.353611e-03,3.458612e-03,3.378050e-03,3.484848e-03,3.360944e-03,3.466464e-03,3.347733e-03,3.452334e-03,3.337928e-03,3.441895e-03,3.594006e-03,3.714882e-03,3.215040e-03,3.311477e-03,3.395796e-03,3.505083e-03,3.670925e-03,3.841797e-03,3.737370e-03,3.934759e-03,3.300290e-03,3.410191e-03,3.262210e-03,3.356281e-03,3.368392e-03,3.482968e-03,4.009303e-03,4.236834e-03,3.193866e-03,3.288899e-03,3.566424e-03,3.353737e-03,3.458756e-03
1.100000e+01,3.353349e-03,3.458314e-03,3.377783e-03,3.484545e-03,3.360681e-03,3.466164e-03,3.347472e-03,3.452037e-03,3.337669e-03,3.441600e-03,3.593685e-03,3.714512e-03,3.214809e-03,3.311216e-03,3.395526e-03,3.504775e-03,3.670717e-03,3.841524e-03,3.737261e-03,3.934594e-03,3.300078e-03,3.409947e-03,3.261964e-03,3.356005e-03,3.368166e-03,3.482708e-03,4.009175e-03,4.236631e-03,3.193639e-03,3.288641e-03,3.566088e-03,3.353481e-03,3.458464e-03
1.150000e+01,3.353075e-03,3.458002e-03,3.377504e-03,3.484228e-03,3.360406e-03,3.465851e-03,3.347199e-03,3.451726e-03,3.337398e-03,3.441291e-03,3.593348e-03,3.714125e-03,3.214567e-03,3.310943e-03,3.395243e-03,3.504453e-03,3.670499e-03,3.841238e-03,3.737148e-03,3.934422e-03,3.299855e-03,3.409691e-03,3.261707e-03,3.355715e-03,3.367930e-03,3.482436e-03,4.009041e-03,4.236419e-03,3.193401e-03,3.288372e-03,3.565736e-03,3.353213e-03,3.458159e-03
1.200000e+01,3.352788e-03,3.457677e-03,3.377213e-03,3.483896e-03,3.360118e-03,3.465524e-03,3.346914e-03,3.451402e-03,3.337114e-03,3.440968e-03,3.592997e-03,3.713721e-03,3.214315e-03,3.310657e-03,3.394948e-03,3.504116e-03,3.670271e-03,3.840939e-03,3.737029e-03,3.934242e-03,3.299622e-03,3.409424e-03,3.261438e-03,3.355413e-03,3.367683e-03,3.482151e-03,4.008900e-03,4.236198e-03,3.193152e-03,3.288091e-03,3.565369e-03,3.352933e-03,3.457841e-03
1.250000e+01,3.352490e-03,3.457337e-03,3.376910e-03,3.483551e-03,3.359818e-03,3.465182e-03,3.346616e-03,3.451063e-03,3.336819e-03,3.440632e-03,3.592630e-03,3.713300e-03,3.214052e-03,3.310360e-03,3.394640e-03,3.503764e-03,3.670034e-03,3.840628e-03,3.736905e-03,3.934054e-03,3.299379e-03,3.409146e-03,3.261158e-03,3.355097e-03,3.367426e-03,3.481855e-03,4.008754e-03,4.235967e-03,3.192893e-03,3.287798e-03,3.564986e-03,3.352640e-03,3.457508e-03
1.300000e+01,3.352179e-03,3.456984e-03,3.376594e-03,3.483192e-03,3.359506e-03,3.464827e-03,3.346307e-03,3.450711e-03,3.336511e-03,3.440282e-03,3.592249e-03,3.712861e-03,3.213778e-03,3.310050e-03,3.394319e-03,3.503399e-03,3.669786e-03,3.840304e-03,3.736776e-03,3.933858e-03,3.299127e-03,3.408856e-03,3.260866e-03,3.354769e-03,3.367158e-03,3.481547e-03,4.008601e-03,4.235726e-03,3.192623e-03,3.287493e-03,3.564588e-03,3.352336e-03,3.457162e-03
1.350000e+01,3.351856e-03,3.456616e-03,3.376265e-03,3.482818e-03,3.359181e-03,3.464458e-03,3.345985e-03,3.450346e-03,3.336191e-03,3.439919e-03,3.591853e-03,3.712405e-03,3.213493e-03,3.309729e-03,3.393986e-03,3.503019e-03,3.669529e-03,3.839967e-03,3.736642e-03,3.933654e-03,3.298865e-03,3.408555e-03,3.260563e-03,3.354428e-03,3.366880e-03,3.481226e-03,4.008442e-03,4.235475e-03,3.192342e-03,3.287176e-03,3.564173e-03,3.352019e-03,3.456801e-03
1.400000e+01,3.351522e-03,3.456235e-03,3.375925e-03,3.482430e-03,3.358845e-03,3.464075e-03,3.345652e-03,3.449966e-03,3.335860e-03,3.439541e-03,3.591442e-03,3.711932e-03,3.213198e-03,3.309395e-03,3.393640e-03,3.502625e-03,3.669263e-03,3.839617e-03,3.736503e-03,3.933442e-03,3.298592e-03,3.408242e-03,3.260248e-03,3.354074e-03,3.366591e-03,3.480894e-03,4.008277e-03,4.235215e-03,3.192051e-03,3.286847e-03,3.563744e-03,3.351690e-03,3.456427e-03
1.450000e+01,3.351174e-03,3.455841e-03,3.375572e-03,3.482029e-03,3.358496e-03,3.463678e-03,3.345306e-03,3.449573e-03,3.335516e-03,3.439150e-03,3.591015e-03,3.711442e-03,3.212892e-03,3.309049e-03,3.393282e-03,3.502217e-03,3.668986e-03,3.839255e-03,3.736358e-03,3.933223e-03,3.298310e-03,3.407918e-03,3.259922e-03,3.353707e-03,3.366292e-03,3.480549e-03,4.008105e-03,4.234945e-03,3.191750e-03,3.286506e-03,3.563298e-03,3.351349e-03,3.456039e-03
1.500000e+01,3.350815e-03,3.455432e-03,3.375206e-03,3.481613e-03,3.358135e-03,3.463268e-03,3.344948e-03,3.449165e-03,3.335160e-03,3.438746e-03,3.590574e-03,3.710935e-03,3.212575e-03,3.308691e-03,3.392911e-03,3.501794e-03,3.668699e-03,3.838880e-03,3.736208e-03,3.932995e-03,3.298018e-03,3.407583e-03,3.259585e-03,3.353328e-03,3.365982e-03,3.480192e-03,4.007928e-03,4.234665e-03,3.191437e-03,3.286153e-03,3.562837e-03,3.350996e-03,3.455637e-03
1.550000e+01,3.350444e-03,3.455009e-03,3.374828e-03,3.481183e-03,3.357762e-03,3.462843e-03,3.344578e-03,3.448744e-03,3.334792e-03,3.438327e-03,3.590118e-03,3.710411e-03,3.212248e-03,3.308321e-03,3.392528e-03,3.501357e-03,3.668403e-03,3.838491e-03,3.736053e-03,3.932760e-03,3.297716e-03,3.407236e-03,3.259236e-03,3.352935e-03,3.365661e-03,3.479823e-03,4.007744e-03,4.234375e-03,3.191115e-03,3.285788e-03,3.562361e-03,3.350630e-03,3.455222e-03
1.600000e+01,3.350060e-03,3.454573e-03,3.374438e-03,3.480739e-03,3.357376e-03,3.462405e-03,3.344196e-03,3.448310e-03,3.334413e-03,3.437895e-03,3.589647e-03,3.709869e-03,3.211910e-03,3.307938e-03,3.392132e-03,3.500905e-03,3.668097e-03,3.838090e-03,3.735892e-03,3.932517e-03,3.297404e-03,3.406878e-03,3.258876e-03,3.352530e-03,3.365331e-03,3.479442e-03,4.007553e-03,4.234076e-03,3.190781e-03,3.285411e-03,3.561869e-03,3.350253e-03,3.454792e-03
1.650000e+01,3.349664e-03,3.454123e-03,3.374036e-03,3.480282e-03,3.356978e-03,3.461952e-03,3.343801e-03,3.447861e-03,3.334021e-03,3.437449e-03,3.589162e-03,3.709310e-03,3.211561e-03,3.307544e-03,3.391724e-03,3.500440e-03,3.667781e-03,3.837677e-03,3.735727e-03,3.932265e-03,3.297082e-03,3.406509e-03,3.258504e-03,3.352112e-03,3.364989e-03,3.479049e-03,4.007357e-03,4.233766e-03,3.190437e-03,3.285023e-03,3.561361e-03,3.349863e-03,3.454349e-03
1.700000e+01,3.349256e-03,3.453659e-03,3.373621e-03,3.479810e-03,3.356568e-03,3.461486e-03,3.343395e-03,3.447399e-03,3.333617e-03,3.436990e-03,3.588661e-03,3.708735e-03,3.211201e-03,3.307137e-03,3.391303e-03,3.499960e-03,3.667455e-03,3.837250e-03,3.735555e-03,3.932006e-03,3.296751e-03,3.406128e-03,3.258121e-03,3.351681e-03,3.364637e-03,3.478644e-03,4.007154e-03,4.233447e-03,3.190083e-03,3.284622e-03,3.560838e-03,3.349461e-03,3.453892e-03
1.750000e+01,3.348836e-03,3.453181e-03,3.373193e-03,3.479324e-03,3.356146e-03,3.461006e-03,3.342977e-03,3.446923e-03,3.333201e-03,3.436517e-03,3.588145e-03,3.708142e-03,3.210830e-03,3.306719e-03,3.390869e-03,3.499466e-03,3.667120e-03,3.836810e-03,3.735379e-03,3.931738e-03,3.296409e-03,3.405736e-03,3.257726e-03,3.351237e-03,3.364275e-03,3.478227e-03,4.006944e-03,4.233118e-03,3.189718e-03,3.284210e-03,3.560299e-03,3.349047e-03,3.453421e-03
1.800000e+01,3.348404e-03,3.452689e-03,3.372754e-03,3.478824e-03,3.355712e-03,3.460512e-03,3.342546e-03,3.446433e-03,3.332773e-03,3.436030e-03,3.587614e-03,3.707531e-03,3.210449e-03,3.306288e-03,3.390423e-03,3.498957e-03,3.666774e-03,3.836358e-03,3.735197e-03,3.931463e-03,3.296058e-03,3.405332e-03,3.257321e-03,3.350781e-03,3.363902e-03,3.477798e-03,4.006728e-03,4.232779e-03,3.189342e-03,3.283785e-03,3.559745e-03,3.348621e-03,3.452936e-03
1.850000e+01,3.347960e-03,3.452184e-03,3.372302e-03,3.478309e-03,3.355265e-03,3.460004e-03,3.342103e-03,3.445930e-03,3.332333e-03,3.435530e-03,3.587069e-03,3.706904e-03,3.210058e-03,3.305845e-03,3.389965e-03,3.498435e-03,3.666419e-03,3.835893e-03,3.735010e-03,3.931180e-03,3.295696e-03,3.404917e-03,3.256903e-03,3.350311e-03,3.363519e-03,3.477356e-03,4.006506e-03,4.232429e-03,3.188956e-03,3.283349e-03,3.559175e-03,3.348183e-03,3.452438e-03
1.900000e+01,3.347503e-03,3.451664e-03,3.371837e-03,3.477781e-03,3.354807e-03,3.459482e-03,3.341648e-03,3.445412e-03,3.331881e-03,3.435015e-03,3.586508e-03,3.706260e-03,3.209655e-03,3.305390e-03,3.389494e-03,3.497897e-03,3.666053e-03,3.835415e-03,3.734817e-03,3.930888e-03,3.295325e-03,3.404491e-03,3.256474e-03,3.349829e-03,3.363125e-03,3.476903e-03,4.006277e-03,4.232070e-03,3.188560e-03,3.282900e-03,3.558590e-03,3.347732e-03,3.451925e-03
1.950000e+01,3.347034e-03,3.451131e-03,3.371361e-03,3.477239e-03,3.354336e-03,3.458946e-03,3.341182e-03,3.444881e-03,3.331417e-03,3.434488e-03,3.585933e-03,3.705598e-03,3.209242e-03,3.304923e-03,3.389010e-03,3.497346e-03,3.665678e-03,3.834923e-03,3.734619e-03,3.930588e-03,3.294944e-03,3.404053e-03,3.256034e-03,3.349334e-03,3.362721e-03,3.476437e-03,4.006042e-03,4.231700e-03,3.188152e-03,3.282440e-03,3.557989e-03,3.347270e-03,3.451399e-03
2.000000e+01,3.346554e-03,3.450585e-03,3.370872e-03,3.476683e-03,3.353852e-03,3.458397e-03,3.340702e-03,3.444337e-03,3.330941e-03,3.433946e-03,3.585343e-03,3.704920e-03,3.208818e-03,3.304444e-03,3.388514e-03,3.496781e-03,3.665293e-03,3.834419e-03,3.734415e-03,3.930280e-03,3.294553e-03,3.403605e-03,3.255583e-03,3.348826e-03,3.362306e-03,3.475960e-03,4.005800e-03,4.231321e-03,3.187735e-03,3.281968e-03,3.557372e-03,3.346795e-03,3.450859e-03
2.050000e+01,3.346061e-03,3.450024e-03,3.370370e-03,3.476113e-03,3.353357e-03,3.457833e-03,3.340211e-03,3.443778e-03,3.330453e-03,3.433391e-03,3.584738e-03,3.704224e-03,3.208383e-03,3.303953e-03,3.388005e-03,3.496201e-03,3.664898e-03,3.833902e-03,3.734206e-03,3.929964e-03,3.294152e-03,3.403144e-03,3.255120e-03,3.348306e-03,3.361880e-03,3.475470e-03,4.005551e-03,4.230931e-03,3.187306e-03,3.281484e-03,3.556740e-03,3.346308e-03,3.450305e-03
2.100000e+01,3.345555e-03,3.449450e-03,3.369857e-03,3.475528e-03,3.352849e-03,3.457256e-03,3.339708e-03,3.443206e-03,3.329952e-03,3.432822e-03,3.584118e-03,3.703511e-03,3.207938e-03,3.303449e-03,3.387484e-03,3.495607e-03,3.664493e-03,3.833372e-03,3.733992e-03,3.929640e-03,3.293741e-03,3.402673e-03,3.254645e-03,3.347772e-03,3.361445e-03,3.474968e-03,4.005296e-03,4.230531e-03,3.186867e-03,3.280988e-03,3.556093e-03,3.345809e-03,3.449738e-03
2.150000e+01,3.345038e-03,3.448861e-03,3.369330e-03,3.474930e-03,3.352329e-03,3.456665e-03,3.339193e-03,3.442620e-03,3.329440e-03,3.432240e-03,3.583483e-03,3.702782e-03,3.207482e-03,3.302934e-03,3.386950e-03,3.494998e-03,3.664078e-03,3.832830e-03,3.733772e-03,3.929307e-03,3.293320e-03,3.402190e-03,3.254160e-03,3.347226e-03,3.360998e-03,3.474454e-03,4.005034e-03,4.230121e-03,3.186418e-03,3.280480e-03,3.555429e-03,3.345298e-03,3.449157e-03
2.200000e+01,3.344509e-03,3.448259e-03,3.368792e-03,3.474318e-03,3.351797e-03,3.456060e-03,3.338666e-03,3.442020e-03,3.328916e-03,3.431644e-03,3.582833e-03,3.702035e-03,3.207015e-03,3.302407e-03,3.386404e-03,3.494376e-03,3.663653e-03,3.832274e-03,3.733546e-03,3.928966e-03,3.292889e-03,3.401695e-03,3.253662e-03,3.346667e-03,3.360541e-03,3.473928e-03,4.004766e-03,4.229700e-03,3.185958e-03,3.279960e-03,3.554751e-03,3.344774e-03,3.448561e-03
2.250000e+01,3.343967e-03,3.447644e-03,3.368241e-03,3.473692e-03,3.351253e-03,3.455441e-03,3.338126e-03,3.441407e-03,3.328380e-03,3.431034e-03,3.582168e-03,3.701271e-03,3.206537e-03,3.301867e-03,3.385845e-03,3.493739e-03,3.663218e-03,3.831705e-03,3.733315e-03,3.928617e-03,3.292449e-03,3.401189e-03,3.253154e-03,3.346095e-03,3.360074e-03,3.473390e-03,4.004491e-03,4.229269e-03,3.185487e-03,3.279429e-03,3.554057e-03,3.344239e-03,3.447953e-03
2.300000e+01,3.343414e-03,3.447014e-03,3.367678e-03,3.473051e-03,3.350697e-03,3.454808e-03,3.337575e-03,3.440780e-03,3.327832e-03,3.430411e-03,3.581488e-03,3.700489e-03,3.206049e-03,3.301315e-03,3.385274e-03,3.493088e-03,3.662773e-03,3.831123e-03,3.733078e-03,3.928259e-03,3.291998e-03,3.400672e-03,3.252634e-03,3.345510e-03,3.359596e-03,3.472840e-03,4.004208e-03,4.228827e-03,3.185006e-03,3.278885e-03,3.553347e-03,3.343691e-03,3.447330e-03
2.350000e+01,3.342848e-03,3.446371e-03,3.367103e-03,3.472397e-03,3.350128e-03,3.454162e-03,3.337011e-03,3.440139e-03,3.327271e-03,3.429774e-03,3.580794e-03,3.699691e-03,3.205550e-03,3.300752e-03,3.384690e-03,3.492422e-03,3.662318e-03,3.830528e-03,3.732835e-03,3.927893e-03,3.291538e-03,3.400144e-03,3.252103e-03,3.344913e-03,3.359108e-03,3.472278e-03,4.003920e-03,4.228375e-03,3.184515e-03,3.278329e-03,3.552622e-03,3.343132e-03,3.446693e-03
2.400000e+01,3.342270e-03,3.445714e-03,3.366515e-03,3.471729e-03,3.349547e-03,3.453502e-03,3.336435e-03,3.439484e-03,3.326699e-03,3.429123e-03,3.580084e-03,3.698876e-03,3.205041e-03,3.300176e-03,3.384094e-03,3.491743e-03,3.661853e-03,3.829920e-03,3.732587e-03,3.927519e-03,3.291068e-03,3.399604e-03,3.251560e-03,3.344303e-03,3.358609e-03,3.471704e-03,4.003624e-03,4.227913e-03,3.184013e-03,3.277762e-03,3.551881e-03,3.342560e-03,3.446043e-03
2.450000e+01,3.341680e-03,3.445043e-03,3.365915e-03,3.471046e-03,3.348955e-03,3.452827e-03,3.335847e-03,3.438816e-03,3.326115e-03,3.428459e-03,3.579360e-03,3.698044e-03,3.204520e-03,3.299588e-03,3.383485e-03,3.491049e-03,3.661378e-03,3.829299e-03,3.732333e-03,3.927136e-03,3.290587e-03,3.399053e-03,3.251006e-03,3.343680e-03,3.358100e-03,3.471117e-03,4.003321e-03,4.227440e-03,3.183500e-03,3.277183e-03,3.551125e-03,3.341976e-03,3.445379e-03
2.500000e+01,3.341078e-03,3.444358e-03,3.365302e-03,3.470350e-03,3.348349e-03,3.452139e-03,3.335247e-03,3.438134e-03,3.325519e-03,3.427781e-03,3.578621e-03,3.697194e-03,3.203990e-03,3.298988e-03,3.382864e-03,3.490341e-03,3.660893e-03,3.828665e-03,3.732074e-03,3.926745e-03,3.290097e-03,3.398490e-03,3.250440e-03,3.343044e-03,3.357580e-03,3.470519e-03,4.003011e-03,4.226956e-03,3.182977e-03,3.276592e-03,3.550354e-03,3.341380e-03,3.444702e-03
2.550000e+01,3.340463e-03,3.443660e-03,3.364677e-03,3.469640e-03,3.347732e-03,3.451438e-03,3.334636e-03,3.437438e-03,3.324911e-03,3.427090e-03,3.577867e-03,3.696328e-03,3.203448e-03,3.298376e-03,3.382230e-03,3.489619e-03,3.660397e-03,3.828018e-03,3.731808e-03,3.926345e-03,3.289597e-03,3.397917e-03,3.249863e-03,3.342395e-03,3.357049e-03,3.469908e-03,4.002695e-03,4.226462e-03,3.182443e-03,3.275989e-03,3.549567e-03,3.340771e-03,3.444010e-03
2.600000e+01,3.339837e-03,3.442948e-03,3.364040e-03,3.468915e-03,3.347103e-03,3.450722e-03,3.334012e-03,3.436729e-03,3.324290e-03,3.426385e-03,3.577098e-03,3.695444e-03,3.202896e-03,3.297752e-03,3.381583e-03,3.488882e-03,3.659892e-03,3.827358e-03,3.731537e-03,3.925937e-03,3.289087e-03,3.397331e-03,3.249275e-03,3.341734e-03,3.356508e-03,3.469286e-03,4.002371e-03,4.225957e-03,3.181899e-03,3.275374e-03,3.548764e-03,3.340151e-03,3.443305e-03
2.650000e+01,3.339198e-03,3.442222e-03,3.363391e-03,3.468177e-03,3.346461e-03,3.449993e-03,3.333375e-03,3.436006e-03,3.323658e-03,3.425666e-03,3.576314e-03,3.694544e-03,3.202333e-03,3.297116e-03,3.380925e-03,3.488131e-03,3.659376e-03,3.826685e-03,3.731260e-03,3.925519e-03,3.288568e-03,3.396735e-03,3.248676e-03,3.341060e-03,3.355957e-03,3.468651e-03,4.002040e-03,4.225441e-03,3.181344e-03,3.274747e-03,3.547946e-03,3.339519e-03,3.442586e-03
2.700000e+01,3.338548e-03,3.441482e-03,3.362729e-03,3.467425e-03,3.345807e-03,3.449249e-03,3.332727e-03,3.435269e-03,3.323014e-03,3.424934e-03,3.575516e-03,3.693626e-03,3.201759e-03,3.296468e-03,3.380253e-03,3.487367e-03,3.658851e-03,3.825998e-03,3.730977e-03,3.925094e-03,3.288038e-03,3.396127e-03,3.248065e-03,3.340373e-03,3.355395e-03,3.468004e-03,4.001703e-03,4.224914e-03,3.180778e-03,3.274108e-03,3.547113e-03,3.338874e-03,3.441853e-03
2.750000e+01,3.337885e-03,3.440729e-03,3.362055e-03,3.466659e-03,3.345141e-03,3.448492e-03,3.332067e-03,3.434519e-03,3.322358e-03,3.424188e-03,3.574702e-03,3.692692e-03,3.201174e-03,3.295808e-03,3.379569e-03,3.486588e-03,3.658315e-03,3.825299e-03,3.730688e-03,3.924659e-03,3.287498e-03,3.395508e-03,3.247442e-03,3.339674e-03,3.354823e-03,3.467345e-03,4.001358e-03,4.224376e-03,3.180203e-03,3.273458e-03,3.546264e-03,3.338217e-03,3.441107e-03
2.800000e+01,3.337210e-03,3.439962e-03,3.361368e-03,3.465879e-03,3.344463e-03,3.447722e-03,3.331395e-03,3.433755e-03,3.321689e-03,3.423428e-03,3.573874e-03,3.691740e-03,3.200579e-03,3.295136e-03,3.378873e-03,3.485794e-03,3.657769e-03,3.824586e-03,3.730394e-03,3.924216e-03,3.286949e-03,3.394877e-03,3.246809e-03,3.338961e-03,3.354240e-03,3.466674e-03,4.001005e-03,4.223828e-03,3.179616e-03,3.272796e-03,3.545400e-03,3.337549e-03,3.440347e-03
2.850000e+01,3.336523e-03,3.439181e-03,3.360670e-03,3.465084e-03,3.343773e-03,3.446937e-03,3.330710e-03,3.432977e-03,3.321009e-03,3.422655e-03,3.573031e-03,3.690772e-03,3.199974e-03,3.294452e-03,3.378164e-03,3.484987e-03,3.657212e-03,3.823860e-03,3.730093e-03,3.923764e-03,3.286389e-03,3.394235e-03,3.246164e-03,3.338236e-03,3.353647e-03,3.465991e-03,4.000646e-03,4.223268e-03,3.179019e-03,3.272121e-03,3.544520e-03,3.336868e-03,3.439573e-03
2.900000e+01,3.335824e-03,3.438387e-03,3.359959e-03,3.464276e-03,3.343070e-03,3.446139e-03,3.330014e-03,3.432185e-03,3.320317e-03,3.421869e-03,3.572173e-03,3.689786e-03,3.199357e-03,3.293756e-03,3.377443e-03,3.484165e-03,3.656646e-03,3.823121e-03,3.729786e-03,3.923304e-03,3.285820e-03,3.393582e-03,3.245507e-03,3.337499e-03,3.353043e-03,3.465296e-03,4.000279e-03,4.222698e-03,3.178412e-03,3.271435e-03,3.543625e-03,3.336175e-03,3.438785e-03
2.950000e+01,3.335113e-03,3.437579e-03,3.359235e-03,3.463454e-03,3.342355e-03,3.445326e-03,3.329306e-03,3.431380e-03,3.319613e-03,3.421068e-03,3.571300e-03,3.688784e-03,3.198730e-03,3.293047e-03,3.376709e-03,3.483329e-03,3.656069e-03,3.822368e-03,3.729474e-03,3.922834e-03,3.285241e-03,3.392917e-03,3.244839e-03,3.336748e-03,3.352428e-03,3.464589e-03,3.999905e-03,4.222116e-03,3.177794e-03,3.270737e-03,3.542714e-03,3.335470e-03,3.437984e-03
3.000000e+01,3.334390e-03,3.436757e-03,3.358500e-03,3.462619e-03,3.341629e-03,3.444501e-03,3.328585e-03,3.430562e-03,3.318897e-03,3.420255e-03,3.570412e-03,3.687764e-03,3.198092e-03,3.292327e-03,3.375963e-03,3.482479e-03,3.655482e-03,3.821603e-03,3.729155e-03,3.922356e-03,3.284652e-03,3.392241e-03,3.244160e-03,3.335985e-03,3.351803e-03,3.463870e-03,3.999523e-03,4.221523e-03,3.177166e-03,3.270028e-03,3.541788e-03,3.334752e-03,3.437169e-03
3.050000e+01,3.333655e-03,3.435921e-03,3.357752e-03,3.461769e-03,3.340890e-03,3.443661e-03,3.327853e-03,3.429729e-03,3.318169e-03,3.419427e-03,3.569509e-03,3.686728e-03,3.197444e-03,3.291595e-03,3.375204e-03,3.481615e-03,3.654885e-03,3.820824e-03,3.728830e-03,3.921869e-03,3.284053e-03,3.391554e-03,3.243470e-03,3.335209e-03,3.351168e-03,3.463139e-03,3.999134e-03,4.220919e-03,3.176527e-03,3.269306e-03,3.540847e-03,3.334023e-03,3.436340e-03
3.100000e+01,3.332907e-03,3.435072e-03,3.356992e-03,3.460905e-03,3.340139e-03,3.442807e-03,3.327108e-03,3.428883e-03,3.317429e-03,3.418586e-03,3.568592e-03,3.685674e-03,3.196785e-03,3.290851e-03,3.374433e-03,3.480737e-03,3.654277e-03,3.820032e-03,3.728499e-03,3.921372e-03,3.283444e-03,3.390855e-03,3.242768e-03,3.334420e-03,3.350522e-03,3.462395e-03,3.998737e-03,4.220303e-03,3.175877e-03,3.268573e-03,3.539890e-03,3.333282e-03,3.435498e-03
3.150000e+01,3.332148e-03,3.434209e-03,3.356219e-03,3.460027e-03,3.339375e-03,3.441940e-03,3.326352e-03,3.428024e-03,3.316677e-03,3.417732e-03,3.567660e-03,3.684604e-03,3.196115e-03,3.290094e-03,3.373649e-03,3.479844e-03,3.653659e-03,3.819226e-03,3.728162e-03,3.920867e-03,3.282825e-03,3.390145e-03,3.242055e-03,3.333619e-03,3.349866e-03,3.461640e-03,3.998333e-03,4.219676e-03,3.175217e-03,3.267828e-03,3.538918e-03,3.332528e-03,3.434642e-03
3.200000e+01,3.331376e-03,3.433332e-03,3.355435e-03,3.459135e-03,3.338600e-03,3.441059e-03,3.325583e-03,3.427150e-03,3.315913e-03,3.416864e-03,3.566713e-03,3.683516e-03,3.195435e-03,3.289326e-03,3.372853e-03,3.478938e-03,3.653031e-03,3.818408e-03,3.727819e-03,3.920353e-03,3.282196e-03,3.389423e-03,3.241330e-03,3.332805e-03,3.349199e-03,3.460872e-03,3.997921e-03,4.219037e-03,3.174547e-03,3.267070e-03,3.537931e-03,3.331763e-03,3.433772e-03
3.250000e+01,3.330592e-03,3.432442e-03,3.354638e-03,3.458230e-03,3.337813e-03,3.440165e-03,3.324802e-03,3.426263e-03,3.315137e-03,3.415983e-03,3.565751e-03,3.682412e-03,3.194744e-03,3.288546e-03,3.372045e-03,3.478017e-03,3.652393e-03,3.817576e-03,3.727469e-03,3.919829e-03,3.281558e-03,3.388691e-03,3.240595e-03,3.331978e-03,3.348521e-03,3.460093e-03,3.997501e-03,4.218388e-03,3.173866e-03,3.266302e-03,3.536928e-03,3.330985e-03,3.432888e-03
3.300000e+01,3.329797e-03,3.431538e-03,3.353828e-03,3.457311e-03,3.337013e-03,3.439256e-03,3.324010e-03,3.425363e-03,3.314349e-03,3.415087e-03,3.564774e-03,3.681291e-03,3.194042e-03,3.287754e-03,3.371224e-03,3.477082e-03,3.651744e-03,3.816730e-03,3.727113e-03,3.919297e-03,3.280909e-03,3.387947e-03,3.239847e-03,3.331139e-03,3.347833e-03,3.459301e-03,3.997074e-03,4.217726e-03,3.173174e-03,3.265521e-03,3.535910e-03,3.330196e-03,3.431991e-03
3.350000e+01,3.328989e-03,3.430620e-03,3.353007e-03,3.456377e-03,3.336201e-03,3.438334e-03,3.323205e-03,3.424449e-03,3.313549e-03,3.414179e-03,3.563783e-03,3.680153e-03,3.193330e-03,3.286950e-03,3.370390e-03,3.476133e-03,3.651084e-03,3.815871e-03,3.726751e-03,3.918755e-03,3.280251e-03,3.387191e-03,3.239089e-03,3.330286e-03,3.347135e-03,3.458497e-03,3.996639e-03,4.217053e-03,3.172472e-03,3.264728e-03,3.534876e-03,3.329394e-03,3.431080e-03
3.400000e+01,3.328169e-03,3.429689e-03,3.352173e-03,3.455430e-03,3.335377e-03,3.437398e-03,3.322388e-03,3.423521e-03,3.312738e-03,3.413257e-03,3.562777e-03,3.678998e-03,3.192607e-03,3.286133e-03,3.369544e-03,3.475170e-03,3.650414e-03,3.814999e-03,3.726383e-03,3.918204e-03,3.279582e-03,3.386424e-03,3.238319e-03,3.329422e-03,3.346426e-03,3.457682e-03,3.996196e-03,4.216368e-03,3.171760e-03,3.263924e-03,3.533827e-03,3.328580e-03,3.430156e-03
3.450000e+01,3.327337e-03,3.428744e-03,3.351327e-03,3.454469e-03,3.334541e-03,3.436448e-03,3.321560e-03,3.422580e-03,3.311914e-03,3.412321e-03,3.561756e-03,3.677826e-03,3.191874e-03,3.285305e-03,3.368686e-03,3.474193e-03,3.649734e-03,3.814114e-03,3.726008e-03,3.917643e-03,3.278904e-03,3.385646e-03,3.237538e-03,3.328544e-03,3.345707e-03,3.456854e-03,3.995745e-03,4.215671e-03,3.171037e-03,3.263108e-03,3.532763e-03,3.327754e-03,3.429218e-03
3.500000e+01,3.326493e-03,3.427786e-03,3.350468e-03,3.453494e-03,3.333693e-03,3.435485e-03,3.320719e-03,3.421625e-03,3.311078e-03,3.411372e-03,3.560720e-03,3.676637e-03,3.191129e-03,3.284465e-03,3.367815e-03,3.473201e-03,3.649043e-03,3.813215e-03,3.725626e-03,3.917073e-03,3.278216e-03,3.384857e-03,3.236746e-03,3.327654e-03,3.344977e-03,3.456014e-03,3.995286e-03,4.214962e-03,3.170304e-03,3.262280e-03,3.531683e-03,3.326916e-03,3.428266e-03
3.550000e+01,3.325637e-03,3.426813e-03,3.349598e-03,3.452505e-03,3.332833e-03,3.434508e-03,3.319866e-03,3.420656e-03,3.310231e-03,3.410409e-03,3.559669e-03,3.675431e-03,3.190374e-03,3.283613e-03,3.366932e-03,3.472196e-03,3.648342e-03,3.812302e-03,3.725238e-03,3.916494e-03,3.277518e-03,3.384056e-03,3.235942e-03,3.326751e-03,3.344236e-03,3.455162e-03,3.994819e-03,4.214242e-03,3.169560e-03,3.261440e-03,3.530589e-03,3.326066e-03,3.427301e-03
3.600000e+01,3.324769e-03,3.425828e-03,3.348715e-03,3.451502e-03,3.331961e-03,3.433517e-03,3.319001e-03,3.419674e-03,3.309371e-03,3.409433e-03,3.558604e-03,3.674208e-03,3.189609e-03,3.282749e-03,3.366036e-03,3.471176e-03,3.647630e-03,3.811376e-03,3.724844e-03,3.915906e-03,3.276810e-03,3.383244e-03,3.235127e-03,3.325836e-03,3.343485e-03,3.454298e-03,3.994344e-03,4.213509e-03,3.168806e-03,3.260589e-03,3.529479e-03,3.325204e-03,3.426322e-03
3.650000e+01,3.323889e-03,3.424828e-03,3.347820e-03,3.450486e-03,3.331076e-03,3.432513e-03,3.318125e-03,3.418678e-03,3.308500e-03,3.408444e-03,3.557524e-03,3.672969e-03,3.188833e-03,3.281873e-03,3.365128e-03,3.470143e-03,3.646908e-03,3.810437e-03,3.724443e-03,3.915308e-03,3.276092e-03,3.382420e-03,3.234301e-03,3.324907e-03,3.342724e-03,3.453422e-03,3.993861e-03,4.212765e-03,3.168041e-03,3.259726e-03,3.528353e-03,3.324330e-03,3.425329e-03
3.700000e+01,3.322997e-03,3.423815e-03,3.346912e-03,3.449455e-03,3.330180e-03,3.431495e-03,3.317236e-03,3.417669e-03,3.307616e-03,3.407441e-03,3.556429e-03,3.671713e-03,3.188046e-03,3.280985e-03,3.364207e-03,3.469095e-03,3.646175e-03,3.809484e-03,3.724035e-03,3.914700e-03,3.275365e-03,3.381585e-03,3.233463e-03,3.323967e-03,3.341952e-03,3.452533e-03,3.993370e-03,4.212008e-03,3.167266e-03,3.258851e-03,3.527213e-03,3.323444e-03,3.424323e-03
3.750000e+01,3.322093e-03,3.422788e-03,3.345993e-03,3.448411e-03,3.329271e-03,3.430463e-03,3.316335e-03,3.416647e-03,3.306721e-03,3.406424e-03,3.555319e-03,3.670439e-03,3.187249e-03,3.280085e-03,3.363274e-03,3.468033e-03,3.645432e-03,3.808517e-03,3.723621e-03,3.914083e-03,3.274627e-03,3.380739e-03,3.232614e-03,3.323013e-03,3.341170e-03,3.451633e-03,3.992870e-03,4.211239e-03,3.166480e-03,3.257964e-03,3.526057e-03,3.322546e-03,3.423303e-03
3.800000e+01,3.321177e-03,3.421748e-03,3.345061e-03,3.447353e-03,3.328350e-03,3.429418e-03,3.315423e-03,3.415610e-03,3.305814e-03,3.405394e-03,3.554195e-03,3.669149e-03,3.186441e-03,3.279173e-03,3.362329e-03,3.466957e-03,3.644678e-03,3.807537e-03,3.723200e-03,3.913456e-03,3.273880e-03,3.379882e-03,3.231754e-03,3.322047e-03,3.340377e-03,3.450721e-03,3.992362e-03,4.210457e-03,3.165684e-03,3.257065e-03,3.524885e-03,3.321636e-03,3.422269e-03
3.850000e+01,3.320249e-03,3.420694e-03,3.344117e-03,3.446281e-03,3.327418e-03,3.428359e-03,3.314498e-03,3.414560e-03,3.304895e-03,3.404350e-03,3.553056e-03,3.667843e-03,3.185622e-03,3.278250e-03,3.361371e-03,3.465867e-03,3.643913e-03,3.806544e-03,3.722772e-03,3.912819e-03,3.273122e-03,3.379013e-03,3.230882e-03,3.321069e-03,3.339573e-03,3.449796e-03,3.991846e-03,4.209664e-03,3.164877e-03,3.256155e-03,3.523699e-03,3.320714e-03,3.421222e-03
3.900000e+01,3.319308e-03,3.419627e-03,3.343160e-03,3.445195e-03,3.326473e-03,3.427286e-03,3.313561e-03,3.413497e-03,3.303964e-03,3.403294e-03,3.551902e-03,3.666519e-03,3.184793e-03,3.277314e-03,3.360401e-03,3.464764e-03,3.643138e-03,3.805537e-03,3.722337e-03,3.912173e-03,3.272355e-03,3.378133e-03,3.230000e-03,3.320077e-03,3.338759e-03,3.448860e-03,3.991321e-03,4.208857e-03,3.164060e-03,3.255233e-03,3.522497e-03,3.319779e-03,3.420162e-03
3.950000e+01,3.318356e-03,3.418546e-03,3.342192e-03,3.444096e-03,3.325516e-03,3.426200e-03,3.312613e-03,3.412420e-03,3.303021e-03,3.402223e-03,3.550733e-03,3.665179e-03,3.183953e-03,3.276366e-03,3.359419e-03,3.463646e-03,3.642352e-03,3.804516e-03,3.721896e-03,3.911517e-03,3.271578e-03,3.377241e-03,3.229106e-03,3.319073e-03,3.337935e-03,3.447911e-03,3.990787e-03,4.208038e-03,3.163232e-03,3.254299e-03,3.521281e-03,3.318833e-03,3.419087e-03
4.000000e+01,3.317392e-03,3.417451e-03,3.341211e-03,3.442982e-03,3.324547e-03,3.425100e-03,3.311652e-03,3.411330e-03,3.302066e-03,3.401139e-03,3.549550e-03,3.663821e-03,3.183103e-03,3.275407e-03,3.358424e-03,3.462514e-03,3.641555e-03,3.803481e-03,3.721447e-03,3.910850e-03,3.270791e-03,3.376338e-03,3.228200e-03,3.318057e-03,3.337100e-03,3.446951e-03,3.990245e-03,4.207207e-03,3.162394e-03,3.253354e-03,3.520048e-03,3.317875e-03,3.417999e-03
4.050000e+01,3.316415e-03,3.416343e-03,3.340218e-03,3.441855e-03,3.323566e-03,3.423986e-03,3.310679e-03,3.410226e-03,3.301100e-03,3.400042e-03,3.548351e-03,3.662447e-03,3.182242e-03,3.274435e-03,3.357416e-03,3.461367e-03,3.640747e-03,3.802433e-03,3.720992e-03,3.910174e-03,3.269994e-03,3.375424e-03,3.227284e-03,3.317028e-03,3.336254e-03,3.445978e-03,3.989694e-03,4.206363e-03,3.161546e-03,3.252396e-03,3.518801e-03,3.316905e-03,3.416898e-03
4.100000e+01,3.315427e-03,3.415221e-03,3.339213e-03,3.440714e-03,3.322572e-03,3.422859e-03,3.309695e-03,3.409108e-03,3.300121e-03,3.398931e-03,3.547139e-03,3.661057e-03,3.181370e-03,3.273452e-03,3.356397e-03,3.460207e-03,3.639929e-03,3.801371e-03,3.720530e-03,3.909488e-03,3.269187e-03,3.374499e-03,3.226356e-03,3.315986e-03,3.335398e-03,3.444994e-03,3.989135e-03,4.205506e-03,3.160687e-03,3.251427e-03,3.517539e-03,3.315922e-03,3.415783e-03
4.150000e+01,3.314427e-03,3.414086e-03,3.338195e-03,3.439560e-03,3.321567e-03,3.421718e-03,3.308698e-03,3.407977e-03,3.299131e-03,3.397807e-03,3.545911e-03,3.659649e-03,3.180488e-03,3.272457e-03,3.355365e-03,3.459033e-03,3.639100e-03,3.800295e-03,3.720060e-03,3.908792e-03,3.268370e-03,3.373562e-03,3.225417e-03,3.314932e-03,3.334532e-03,3.443997e-03,3.988566e-03,4.204636e-03,3.159818e-03,3.250447e-03,3.516261e-03,3.314928e-03,3.414655e-03
4.200000e+01,3.313415e-03,3.412937e-03,3.337166e-03,3.438391e-03,3.320550e-03,3.420563e-03,3.307690e-03,3.406833e-03,3.298128e-03,3.396670e-03,3.544669e-03,3.658225e-03,3.179596e-03,3.271450e-03,3.354320e-03,3.457845e-03,3.638260e-03,3.799206e-03,3.719584e-03,3.908086e-03,3.267543e-03,3.372614e-03,3.224467e-03,3.313865e-03,3.333655e-03,3.442988e-03,3.987989e-03,4.203753e-03,3.158938e-03,3.249454e-03,3.514968e-03,3.313922e-03,3.413513e-03
4.250000e+01,3.312390e-03,3.411775e-03,3.336124e-03,3.437209e-03,3.319521e-03,3.419395e-03,3.306670e-03,3.405675e-03,3.297114e-03,3.395519e-03,3.543412e-03,3.656784e-03,3.178692e-03,3.270431e-03,3.353263e-03,3.456643e-03,3.637409e-03,3.798103e-03,3.719100e-03,3.907370e-03,3.266706e-03,3.371654e-03,3.223505e-03,3.312786e-03,3.332767e-03,3.441967e-03,3.987403e-03,4.202857e-03,3.158048e-03,3.248450e-03,3.513660e-03,3.312903e-03,3.412357e-03
4.300000e+01,3.311354e-03,3.410599e-03,3.335070e-03,3.436013e-03,3.318479e-03,3.418214e-03,3.305637e-03,3.404503e-03,3.296088e-03,3.394355e-03,3.542140e-03,3.655326e-03,3.177778e-03,3.269400e-03,3.352194e-03,3.455427e-03,3.636547e-03,3.796986e-03,3.718610e-03,3.906643e-03,3.265860e-03,3.370683e-03,3.222532e-03,3.311694e-03,3.331869e-03,3.440934e-03,3.986808e-03,4.201948e-03,3.157147e-03,3.247434e-03,3.512337e-03,3.311873e-03,3.411188e-03
4.350000e+01,3.310306e-03,3.409409e-03,3.334004e-03,3.434803e-03,3.317426e-03,3.417018e-03,3.304593e-03,3.403319e-03,3.295050e-03,3.393177e-03,3.540854e-03,3.653851e-03,3.176854e-03,3.268357e-03,3.351113e-03,3.454197e-03,3.635675e-03,3.795855e-03,3.718112e-03,3.905906e-03,3.265004e-03,3.369701e-03,3.221548e-03,3.310589e-03,3.330961e-03,3.439889e-03,3.986203e-03,4.201026e-03,3.156236e-03,3.246407e-03,3.510999e-03,3.310831e-03,3.410005e-03
4.400000e+01,3.309246e-03,3.408206e-03,3.332925e-03,3.433580e-03,3.316360e-03,3.415809e-03,3.303537e-03,3.402120e-03,3.294001e-03,3.391986e-03,3.539553e-03,3.652360e-03,3.175919e-03,3.267303e-03,3.350019e-03,3.452953e-03,3.634791e-03,3.794711e-03,3.717606e-03,3.905159e-03,3.264137e-03,3.368707e-03,3.220553e-03,3.309472e-03,3.330042e-03,3.438832e-03,3.985590e-03,4.200091e-03,3.155315e-03,3.245368e-03,3.509646e-03,3.309777e-03,3.408809e-03
4.450000e+01,3.308173e-03,3.406990e-03,3.331835e-03,3.432342e-03,3.315283e-03,3.414587e-03,3.302469e-03,3.400908e-03,3.292939e-03,3.390781e-03,3.538237e-03,3.650852e-03,3.174973e-03,3.266236e-03,3.348912e-03,3.451695e-03,3.633897e-03,3.793552e-03,3.717094e-03,3.904402e-03,3.263261e-03,3.367703e-03,3.219546e-03,3.308343e-03,3.329112e-03,3.437763e-03,3.984967e-03,4.199142e-03,3.154383e-03,3.244317e-03,3.508277e-03,3.308711e-03,3.407599e-03
4.500000e+01,3.307089e-03,3.405760e-03,3.330732e-03,3.431092e-03,3.314193e-03,3.413351e-03,3.301389e-03,3.399683e-03,3.291866e-03,3.389564e-03,3.536907e-03,3.649328e-03,3.174017e-03,3.265158e-03,3.347794e-03,3.450423e-03,3.632992e-03,3.792380e-03,3.716574e-03,3.903634e-03,3.262375e-03,3.366686e-03,3.218529e-03,3.307201e-03,3.328172e-03,3.436682e-03,3.984335e-03,4.198179e-03,3.153441e-03,3.243254e-03,3.506894e-03,3.307632e-03,3.406376e-03
4.550000e+01,3.305993e-03,3.404517e-03,3.329617e-03,3.429827e-03,3.313092e-03,3.412102e-03,3.300297e-03,3.398445e-03,3.290780e-03,3.388333e-03,3.535562e-03,3.647787e-03,3.173050e-03,3.264068e-03,3.346663e-03,3.449138e-03,3.632075e-03,3.791194e-03,3.716046e-03,3.902855e-03,3.261479e-03,3.365659e-03,3.217500e-03,3.306046e-03,3.327222e-03,3.435589e-03,3.983693e-03,4.197203e-03,3.152488e-03,3.242180e-03,3.505495e-03,3.306542e-03,3.405140e-03
4.600000e+01,3.304885e-03,3.403260e-03,3.328490e-03,3.428549e-03,3.311978e-03,3.410838e-03,3.299193e-03,3.397193e-03,3.289683e-03,3.387088e-03,3.534202e-03,3.646229e-03,3.172073e-03,3.262966e-03,3.345520e-03,3.447838e-03,3.631148e-03,3.789993e-03,3.715511e-03,3.902066e-03,3.260573e-03,3.364620e-03,3.216459e-03,3.304879e-03,3.326261e-03,3.434484e-03,3.983042e-03,4.196214e-03,3.151525e-03,3.241094e-03,3.504081e-03,3.305440e-03,3.403890e-03
4.650000e+01,3.303765e-03,3.401990e-03,3.327351e-03,3.427256e-03,3.310853e-03,3.409562e-03,3.298077e-03,3.395927e-03,3.288574e-03,3.385830e-03,3.532828e-03,3.644654e-03,3.171085e-03,3.261852e-03,3.344364e-03,3.446524e-03,3.630209e-03,3.788779e-03,3.714968e-03,3.901266e-03,3.259657e-03,3.363570e-03,3.215408e-03,3.303699e-03,3.325289e-03,3.433367e-03,3.982381e-03,4.195210e-03,3.150552e-03,3.239997e-03,3.502652e-03,3.304326e-03,3.402626e-03
4.700000e+01,3.302633e-03,3.400706e-03,3.326200e-03,3.425951e-03,3.309715e-03,3.408272e-03,3.296950e-03,3.394648e-03,3.287453e-03,3.384559e-03,3.531439e-03,3.643063e-03,3.170087e-03,3.260727e-03,3.343196e-03,3.445197e-03,3.629259e-03,3.787551e-03,3.714418e-03,3.900455e-03,3.258731e-03,3.362509e-03,3.214346e-03,3.302507e-03,3.324307e-03,3.432237e-03,3.981711e-03,4.194193e-03,3.149568e-03,3.238888e-03,3.501209e-03,3.303200e-03,3.401349e-03
4.750000e+01,3.301489e-03,3.399409e-03,3.325036e-03,3.424631e-03,3.308566e-03,3.406968e-03,3.295810e-03,3.393356e-03,3.286321e-03,3.383275e-03,3.530035e-03,3.641456e-03,3.169078e-03,3.259590e-03,3.342016e-03,3.443855e-03,3.628299e-03,3.786309e-03,3.713860e-03,3.899634e-03,3.257796e-03,3.361436e-03,3.213272e-03,3.301303e-03,3.323315e-03,3.431096e-03,3.981031e-03,4.193162e-03,3.148574e-03,3.237767e-03,3.499750e-03,3.302062e-03,3.400058e-03
4.800000e+01,3.300334e-03,3.398098e-03,3.323861e-03,3.423298e-03,3.307404e-03,3.405651e-03,3.294659e-03,3.392050e-03,3.285176e-03,3.381977e-03,3.528617e-03,3.639831e-03,3.168059e-03,3.258440e-03,3.340823e-03,3.442500e-03,3.627327e-03,3.785052e-03,3.713295e-03,3.898802e-03,3.256850e-03,3.360352e-03,3.212187e-03,3.300086e-03,3.322312e-03,3.429943e-03,3.980341e-03,4.192117e-03,3.147569e-03,3.236634e-03,3.498276e-03,3.300912e-03,3.398754e-03
4.850000e+01,3.299166e-03,3.396774e-03,3.322673e-03,3.421952e-03,3.306231e-03,3.404321e-03,3.293496e-03,3.390731e-03,3.284020e-03,3.380666e-03,3.527184e-03,3.638190e-03,3.167029e-03,3.257279e-03,3.339619e-03,3.441131e-03,3.626344e-03,3.783782e-03,3.712721e-03,3.897959e-03,3.255895e-03,3.359256e-03,3.211091e-03,3.298856e-03,3.321298e-03,3.428777e-03,3.979642e-03,4.191057e-03,3.146554e-03,3.235490e-03,3.496787e-03,3.299751e-03,3.397437e-03
4.900000e+01,3.297986e-03,3.395436e-03,3.321473e-03,3.420591e-03,3.305045e-03,3.402976e-03,3.292320e-03,3.389399e-03,3.282852e-03,3.379342e-03,3.525737e-03,3.636533e-03,3.165988e-03,3.256107e-03,3.338402e-03,3.439748e-03,3.625349e-03,3.782498e-03,3.712140e-03,3.897105e-03,3.254929e-03,3.358149e-03,3.209983e-03,3.297614e-03,3.320274e-03,3.427600e-03,3.978932e-03,4.189984e-03,3.145529e-03,3.234335e-03,3.495283e-03,3.298577e-03,3.396106e-03
4.950000e+01,3.296795e-03,3.394086e-03,3.320261e-03,3.419217e-03,3.303848e-03,3.401619e-03,3.291133e-03,3.388053e-03,3.281672e-03,3.378004e-03,3.524275e-03,3.634859e-03,3.164937e-03,3.254922e-03,3.337172e-03,3.438351e-03,3.624344e-03,3.781199e-03,3.711551e-03,3.896240e-03,3.253954e-03,3.357031e-03,3.208865e-03,3.296360e-03,3.319239e-03,3.426410e-03,3.978212e-03,4.188896e-03,3.144493e-03,3.233167e-03,3.493765e-03,3.297391e-03,3.394762e-03
5.000000e+01,3.295591e-03,3.392721e-03,3.319037e-03,3.417830e-03,3.302638e-03,3.400248e-03,3.289934e-03,3.386694e-03,3.280481e-03,3.376653e-03,3.522798e-03,3.633168e-03,3.163876e-03,3.253726e-03,3.335930e-03,3.436940e-03,3.623327e-03,3.779886e-03,3.710954e-03,3.895363e-03,3.252969e-03,3.355902e-03,3.207735e-03,3.295093e-03,3.318194e-03,3.425209e-03,3.977482e-03,4.187793e-03,3.143447e-03,3.231989e-03,3.492231e-03,3.296194e-03,3.393405e-03
5.050000e+01,3.294376e-03,3.391344e-03,3.317801e-03,3.416428e-03,3.301417e-03,3.398863e-03,3.288724e-03,3.385322e-03,3.279277e-03,3.375289e-03,3.521307e-03,3.631461e-03,3.162804e-03,3.252518e-03,3.334676e-03,3.435515e-03,3.622299e-03,3.778559e-03,3.710348e-03,3.894476e-03,3.251974e-03,3.354761e-03,3.206594e-03,3.293813e-03,3.317139e-03,3.423995e-03,3.976742e-03,4.186677e-03,3.142391e-03,3.230798e-03,3.490682e-03,3.294984e-03,3.392034e-03
5.100000e+01,3.293148e-03,3.389953e-03,3.316553e-03,3.415013e-03,3.300184e-03,3.397465e-03,3.287501e-03,3.383936e-03,3.278062e-03,3.373912e-03,3.519801e-03,3.629737e-03,3.161721e-03,3.251298e-03,3.333410e-03,3.434077e-03,3.621259e-03,3.777218e-03,3.709735e-03,3.893577e-03,3.250969e-03,3.353609e-03,3.205442e-03,3.292522e-03,3.316073e-03,3.422769e-03,3.975992e-03,4.185545e-03,3.141324e-03,3.229596e-03,3.489118e-03,3.293763e-03,3.390649e-03
5.150000e+01,3.291909e-03,3.388548e-03,3.315292e-03,3.413585e-03,3.298938e-03,3.396054e-03,3.286267e-03,3.382537e-03,3.276835e-03,3.372521e-03,3.518281e-03,3.627997e-03,3.160628e-03,3.250066e-03,3.332132e-03,3.432624e-03,3.620208e-03,3.775863e-03,3.709114e-03,3.892667e-03,3.249954e-03,3.352446e-03,3.204279e-03,3.291218e-03,3.314996e-03,3.421532e-03,3.975231e-03,4.184399e-03,3.140247e-03,3.228382e-03,3.487540e-03,3.292530e-03,3.389251e-03
5.200000e+01,3.290658e-03,3.387130e-03,3.314020e-03,3.412143e-03,3.297681e-03,3.394629e-03,3.285020e-03,3.381125e-03,3.275596e-03,3.371118e-03,3.516746e-03,3.626241e-03,3.159525e-03,3.248823e-03,3.330841e-03,3.431158e-03,3.619146e-03,3.774493e-03,3.708484e-03,3.891746e-03,3.248929e-03,3.351271e-03,3.203105e-03,3.289901e-03,3.313909e-03,3.420282e-03,3.974460e-03,4.183238e-03,3.139160e-03,3.227157e-03,3.485946e-03,3.291285e-03,3.387840e-03
5.250000e+01,3.289395e-03,3.385699e-03,3.312735e-03,3.410687e-03,3.296412e-03,3.393191e-03,3.283762e-03,3.379699e-03,3.274346e-03,3.369700e-03,3.515197e-03,3.624468e-03,3.158411e-03,3.247568e-03,3.329538e-03,3.429678e-03,3.618072e-03,3.773109e-03,3.707846e-03,3.890813e-03,3.247895e-03,3.350085e-03,3.201920e-03,3.288572e-03,3.312811e-03,3.419020e-03,3.973678e-03,4.182062e-03,3.138062e-03,3.225921e-03,3.484338e-03,3.290028e-03,3.386416e-03
5.300000e+01,3.288120e-03,3.384255e-03,3.311439e-03,3.409218e-03,3.295131e-03,3.391740e-03,3.282492e-03,3.378260e-03,3.273084e-03,3.368270e-03,3.513633e-03,3.622678e-03,3.157286e-03,3.246301e-03,3.328223e-03,3.428185e-03,3.616987e-03,3.771711e-03,3.707200e-03,3.889869e-03,3.246850e-03,3.348888e-03,3.200723e-03,3.287231e-03,3.311703e-03,3.417746e-03,3.972886e-03,4.180871e-03,3.136954e-03,3.224672e-03,3.482715e-03,3.288759e-03,3.384978e-03
5.350000e+01,3.286834e-03,3.382797e-03,3.310130e-03,3.407735e-03,3.293838e-03,3.390275e-03,3.281211e-03,3.376808e-03,3.271810e-03,3.366827e-03,3.512054e-03,3.620872e-03,3.156152e-03,3.245023e-03,3.326895e-03,3.426677e-03,3.615891e-03,3.770299e-03,3.706546e-03,3.888913e-03,3.245795e-03,3.347679e-03,3.199516e-03,3.285877e-03,3.310584e-03,3.416460e-03,3.972082e-03,4.179665e-03,3.135835e-03,3.223412e-03,3.481077e-03,3.287478e-03,3.383527e-03
5.400000e+01,3.285535e-03,3.381326e-03,3.308809e-03,3.406239e-03,3.292533e-03,3.388796e-03,3.279917e-03,3.375342e-03,3.270524e-03,3.365370e-03,3.510461e-03,3.619050e-03,3.155006e-03,3.243733e-03,3.325555e-03,3.425156e-03,3.614782e-03,3.768872e-03,3.705883e-03,3.887945e-03,3.244731e-03,3.346460e-03,3.198297e-03,3.284511e-03,3.309455e-03,3.415163e-03,3.971268e-03,4.178444e-03,3.134707e-03,3.222141e-03,3.479424e-03,3.286185e-03,3.382063e-03
5.450000e+01,3.284225e-03,3.379841e-03,3.307476e-03,3.404729e-03,3.291216e-03,3.387304e-03,3.278612e-03,3.373863e-03,3.269226e-03,3.363900e-03,3.508854e-03,3.617211e-03,3.153850e-03,3.242431e-03,3.324204e-03,3.423621e-03,3.613663e-03,3.767430e-03,3.705211e-03,3.886965e-03,3.243657e-03,3.345228e-03,3.197067e-03,3.283133e-03,3.308316e-03,3.413853e-03,3.970444e-03,4.177207e-03,3.133568e-03,3.220858e-03,3.477756e-03,3.284881e-03,3.380585e-03
5.500000e+01,3.282903e-03,3.378344e-03,3.306132e-03,3.403206e-03,3.289887e-03,3.385799e-03,3.277294e-03,3.372371e-03,3.267917e-03,3.362417e-03,3.507232e-03,3.615356e-03,3.152684e-03,3.241117e-03,3.322839e-03,3.422072e-03,3.612531e-03,3.765974e-03,3.704531e-03,3.885974e-03,3.242573e-03,3.343986e-03,3.195826e-03,3.281742e-03,3.307165e-03,3.412531e-03,3.969608e-03,4.175955e-03,3.132418e-03,3.219564e-03,3.476073e-03,3.283565e-03,3.379094e-03
5.550000e+01,3.281569e-03,3.376833e-03,3.304775e-03,3.401669e-03,3.288547e-03,3.384281e-03,3.275965e-03,3.370866e-03,3.266596e-03,3.360921e-03,3.505595e-03,3.613484e-03,3.151507e-03,3.239792e-03,3.321463e-03,3.420510e-03,3.611389e-03,3.764504e-03,3.703842e-03,3.884971e-03,3.241478e-03,3.342732e-03,3.194574e-03,3.280339e-03,3.306005e-03,3.411197e-03,3.968761e-03,4.174688e-03,3.131259e-03,3.218258e-03,3.474376e-03,3.282237e-03,3.377589e-03
5.600000e+01,3.280223e-03,3.375308e-03,3.303406e-03,3.400119e-03,3.287194e-03,3.382749e-03,3.274625e-03,3.369348e-03,3.265264e-03,3.359412e-03,3.503944e-03,3.611596e-03,3.150320e-03,3.238455e-03,3.320074e-03,3.418934e-03,3.610234e-03,3.763019e-03,3.703145e-03,3.883956e-03,3.240374e-03,3.341467e-03,3.193311e-03,3.278924e-03,3.304833e-03,3.409851e-03,3.967902e-03,4.173404e-03,3.130089e-03,3.216940e-03,3.472664e-03,3.280897e-03,3.376072e-03
5.650000e+01,3.278865e-03,3.373771e-03,3.302025e-03,3.398555e-03,3.285830e-03,3.381204e-03,3.273272e-03,3.367816e-03,3.263919e-03,3.357890e-03,3.502279e-03,3.609692e-03,3.149122e-03,3.237107e-03,3.318674e-03,3.417344e-03,3.609068e-03,3.761520e-03,3.702439e-03,3.882929e-03,3.239261e-03,3.340190e-03,3.192037e-03,3.277496e-03,3.303652e-03,3.408493e-03,3.967033e-03,4.172105e-03,3.128909e-03,3.215611e-03,3.470937e-03,3.279545e-03,3.374541e-03
5.700000e+01,3.277495e-03,3.372220e-03,3.300632e-03,3.396977e-03,3.284453e-03,3.379646e-03,3.271908e-03,3.366271e-03,3.262563e-03,3.356354e-03,3.500599e-03,3.607771e-03,3.147914e-03,3.235746e-03,3.317261e-03,3.415740e-03,3.607890e-03,3.760006e-03,3.701724e-03,3.881890e-03,3.238137e-03,3.338903e-03,3.190751e-03,3.276056e-03,3.302460e-03,3.407123e-03,3.966152e-03,4.170791e-03,3.127718e-03,3.214271e-03,3.469195e-03,3.278181e-03,3.372997e-03
5.750000e+01,3.276114e-03,3.370656e-03,3.299227e-03,3.395387e-03,3.283065e-03,3.378074e-03,3.270532e-03,3.364713e-03,3.261196e-03,3.354806e-03,3.498904e-03,3.605834e-03,3.146695e-03,3.234375e-03,3.315836e-03,3.414123e-03,3.606700e-03,3.758478e-03,3.701000e-03,3.880838e-03,3.237003e-03,3.337604e-03,3.189455e-03,3.274604e-03,3.301257e-03,3.405741e-03,3.965260e-03,4.169460e-03,3.126517e-03,3.212919e-03,3.467439e-03,3.276806e-03,3.371439e-03
5.800000e+01,3.274721e-03,3.369079e-03,3.297810e-03,3.393782e-03,3.281665e-03,3.376489e-03,3.269144e-03,3.363142e-03,3.259816e-03,3.353244e-03,3.497195e-03,3.603881e-03,3.145466e-03,3.232991e-03,3.314398e-03,3.412492e-03,3.605498e-03,3.756935e-03,3.700267e-03,3.879775e-03,3.235859e-03,3.336293e-03,3.188147e-03,3.273139e-03,3.300044e-03,3.404347e-03,3.964356e-03,4.168113e-03,3.125306e-03,3.211556e-03,3.465667e-03,3.275418e-03,3.369869e-03
5.850000e+01,3.273316e-03,3.367488e-03,3.296381e-03,3.392165e-03,3.280253e-03,3.374890e-03,3.267744e-03,3.361557e-03,3.258425e-03,3.351669e-03,3.495472e-03,3.601911e-03,3.144227e-03,3.231596e-03,3.312949e-03,3.410848e-03,3.604285e-03,3.755377e-03,3.699525e-03,3.878699e-03,3.234706e-03,3.334972e-03,3.186829e-03,3.271662e-03,3.298820e-03,3.402940e-03,3.963440e-03,4.166750e-03,3.124085e-03,3.210181e-03,3.463882e-03,3.274019e-03,3.368285e-03
5.900000e+01,3.271899e-03,3.365885e-03,3.294940e-03,3.390534e-03,3.278830e-03,3.373279e-03,3.266333e-03,3.359960e-03,3.257022e-03,3.350081e-03,3.493734e-03,3.599925e-03,3.142977e-03,3.230189e-03,3.311487e-03,3.409189e-03,3.603060e-03,3.753805e-03,3.698774e-03,3.877610e-03,3.233542e-03,3.333639e-03,3.185499e-03,3.270173e-03,3.297585e-03,3.401522e-03,3.962513e-03,4.165371e-03,3.122853e-03,3.208795e-03,3.462081e-03,3.272608e-03,3.366688e-03
5.950000e+01,3.270471e-03,3.364268e-03,3.293487e-03,3.388889e-03,3.277394e-03,3.371654e-03,3.264910e-03,3.358349e-03,3.255608e-03,3.348480e-03,3.491982e-03,3.597923e-03,3.141717e-03,3.228771e-03,3.310013e-03,3.407518e-03,3.601823e-03,3.752218e-03,3.698014e-03,3.876509e-03,3.232369e-03,3.332294e-03,3.184159e-03,3.268672e-03,3.296341e-03,3.400092e-03,3.961574e-03,4.163975e-03,3.121611e-03,3.207397e-03,3.460266e-03,3.271186e-03,3.365077e-03
6.000000e+01,3.269030e-03,3.362638e-03,3.292022e-03,3.387231e-03,3.275947e-03,3.370016e-03,3.263475e-03,3.356725e-03,3.254182e-03,3.346866e-03,3.490215e-03,3.595905e-03,3.140446e-03,3.227341e-03,3.308527e-03,3.405832e-03,3.600574e-03,3.750616e-03,3.697244e-03,3.875396e-03,3.231186e-03,3.330939e-03,3.182807e-03,3.267158e-03,3.295085e-03,3.398650e-03,3.960623e-03,4.162563e-03,3.120359e-03,3.205988e-03,3.458436e-03,3.269751e-03,3.363454e-03
6.050000e+01,3.267578e-03,3.360994e-03,3.290545e-03,3.385560e-03,3.274487e-03,3.368365e-03,3.262028e-03,3.355088e-03,3.252744e-03,3.345239e-03,3.488434e-03,3.593870e-03,3.139165e-03,3.225899e-03,3.307029e-03,3.404133e-03,3.599313e-03,3.749000e-03,3.696466e-03,3.874270e-03,3.229993e-03,3.329572e-03,3.181445e-03,3.265632e-03,3.293819e-03,3.397196e-03,3.959659e-03,4.161134e-03,3.119097e-03,3.204567e-03,3.456591e-03,3.268305e-03,3.361817e-03
6.100000e+01,3.266114e-03,3.359338e-03,3.289056e-03,3.383875e-03,3.273016e-03,3.366700e-03,3.260570e-03,3.353438e-03,3.251294e-03,3.343599e-03,3.486639e-03,3.591819e-03,3.137874e-03,3.224446e-03,3.305519e-03,3.402420e-03,3.598040e-03,3.747369e-03,3.695678e-03,3.873131e-03,3.228789e-03,3.328194e-03,3.180071e-03,3.264094e-03,3.292543e-03,3.395729e-03,3.958684e-03,4.159689e-03,3.117824e-03,3.203135e-03,3.454732e-03,3.266847e-03,3.360167e-03
6.150000e+01,3.264639e-03,3.357669e-03,3.287555e-03,3.382177e-03,3.271533e-03,3.365022e-03,3.259100e-03,3.351775e-03,3.249833e-03,3.341946e-03,3.484829e-03,3.589752e-03,3.136572e-03,3.222981e-03,3.303997e-03,3.400694e-03,3.596755e-03,3.745723e-03,3.694880e-03,3.871979e-03,3.227576e-03,3.326804e-03,3.178686e-03,3.262544e-03,3.291256e-03,3.394251e-03,3.957697e-03,4.158227e-03,3.116541e-03,3.201692e-03,3.452858e-03,3.265377e-03,3.358504e-03
6.200000e+01,3.263151e-03,3.355986e-03,3.286042e-03,3.380465e-03,3.270039e-03,3.363331e-03,3.257618e-03,3.350099e-03,3.248361e-03,3.340280e-03,3.483005e-03,3.587669e-03,3.135260e-03,3.221505e-03,3.302462e-03,3.398954e-03,3.595458e-03,3.744062e-03,3.694073e-03,3.870815e-03,3.226354e-03,3.325404e-03,3.177291e-03,3.260981e-03,3.289959e-03,3.392761e-03,3.956697e-03,4.156747e-03,3.115248e-03,3.200237e-03,3.450970e-03,3.263896e-03,3.356828e-03
6.250000e+01,3.261652e-03,3.354290e-03,3.284518e-03,3.378741e-03,3.268532e-03,3.361627e-03,3.256125e-03,3.348410e-03,3.246876e-03,3.338601e-03,3.481167e-03,3.585570e-03,3.133937e-03,3.220017e-03,3.300916e-03,3.397201e-03,3.594149e-03,3.742386e-03,3.693256e-03,3.869637e-03,3.225121e-03,3.323991e-03,3.175884e-03,3.259407e-03,3.288651e-03,3.391259e-03,3.955684e-03,4.155251e-03,3.113945e-03,3.198771e-03,3.449067e-03,3.262403e-03,3.355139e-03
6.300000e+01,3.260141e-03,3.352581e-03,3.282981e-03,3.377003e-03,3.267014e-03,3.359910e-03,3.254620e-03,3.346707e-03,3.245380e-03,3.336909e-03,3.479314e-03,3.583454e-03,3.132604e-03,3.218518e-03,3.299357e-03,3.395434e-03,3.592828e-03,3.740696e-03,3.692430e-03,3.868447e-03,3.223878e-03,3.322568e-03,3.174466e-03,3.257820e-03,3.287333e-03,3.389744e-03,3.954660e-03,4.153738e-03,3.112631e-03,3.197294e-03,3.447150e-03,3.260898e-03,3.353437e-03
6.350000e+01,3.258619e-03,3.350859e-03,3.281432e-03,3.375251e-03,3.265484e-03,3.358179e-03,3.253103e-03,3.344992e-03,3.243873e-03,3.335204e-03,3.477447e-03,3.581323e-03,3.131261e-03,3.217007e-03,3.297786e-03,3.393653e-03,3.591494e-03,3.738990e-03,3.691594e-03,3.867243e-03,3.222625e-03,3.321134e-03,3.173038e-03,3.256221e-03,3.286004e-03,3.388218e-03,3.953622e-03,4.152207e-03,3.111308e-03,3.195805e-03,3.445218e-03,3.259381e-03,3.351721e-03
6.400000e+01,3.257085e-03,3.349124e-03,3.279872e-03,3.373486e-03,3.263942e-03,3.356436e-03,3.251575e-03,3.343263e-03,3.242354e-03,3.333486e-03,3.475565e-03,3.579175e-03,3.129907e-03,3.215485e-03,3.296204e-03,3.391859e-03,3.590149e-03,3.737270e-03,3.690748e-03,3.866026e-03,3.221363e-03,3.319688e-03,3.171598e-03,3.254610e-03,3.284664e-03,3.386680e-03,3.952572e-03,4.150659e-03,3.109974e-03,3.194305e-03,3.443271e-03,3.257853e-03,3.349993e-03
6.450000e+01,3.255539e-03,3.347376e-03,3.278299e-03,3.371708e-03,3.262389e-03,3.354679e-03,3.250035e-03,3.341522e-03,3.240823e-03,3.331755e-03,3.473669e-03,3.577011e-03,3.128543e-03,3.213951e-03,3.294609e-03,3.390052e-03,3.588791e-03,3.735534e-03,3.689893e-03,3.864796e-03,3.220090e-03,3.318230e-03,3.170147e-03,3.252987e-03,3.283314e-03,3.385129e-03,3.951509e-03,4.149093e-03,3.108629e-03,3.192793e-03,3.441310e-03,3.256313e-03,3.348251e-03
6.500000e+01,3.253981e-03,3.345615e-03,3.276715e-03,3.369917e-03,3.260823e-03,3.352909e-03,3.248483e-03,3.339767e-03,3.239281e-03,3.330011e-03,3.471759e-03,3.574832e-03,3.127169e-03,3.212406e-03,3.293002e-03,3.388231e-03,3.587421e-03,3.733784e-03,3.689027e-03,3.863553e-03,3.218808e-03,3.316762e-03,3.168686e-03,3.251351e-03,3.281954e-03,3.383567e-03,3.950433e-03,4.147510e-03,3.107275e-03,3.191270e-03,3.439335e-03,3.254761e-03,3.346496e-03
6.550000e+01,3.252412e-03,3.343840e-03,3.275119e-03,3.368112e-03,3.259246e-03,3.351126e-03,3.246920e-03,3.338000e-03,3.237727e-03,3.328254e-03,3.469835e-03,3.572636e-03,3.125784e-03,3.210849e-03,3.291383e-03,3.386396e-03,3.586039e-03,3.732018e-03,3.688151e-03,3.862296e-03,3.217516e-03,3.315282e-03,3.167213e-03,3.249704e-03,3.280583e-03,3.381993e-03,3.949344e-03,4.145909e-03,3.105911e-03,3.189736e-03,3.437345e-03,3.253197e-03,3.344729e-03
6.600000e+01,3.250831e-03,3.342053e-03,3.273511e-03,3.366294e-03,3.257657e-03,3.349330e-03,3.245345e-03,3.336219e-03,3.236161e-03,3.326485e-03,3.467896e-03,3.570424e-03,3.124389e-03,3.209280e-03,3.289752e-03,3.384548e-03,3.584644e-03,3.730237e-03,3.687266e-03,3.861025e-03,3.216213e-03,3.313791e-03,3.165730e-03,3.248044e-03,3.279201e-03,3.380406e-03,3.948241e-03,4.144290e-03,3.104536e-03,3.188190e-03,3.435340e-03,3.251622e-03,3.342948e-03
6.650000e+01,3.249238e-03,3.340253e-03,3.271891e-03,3.364463e-03,3.256057e-03,3.347521e-03,3.243758e-03,3.334426e-03,3.234584e-03,3.324702e-03,3.465943e-03,3.568196e-03,3.122984e-03,3.207700e-03,3.288109e-03,3.382687e-03,3.583237e-03,3.728442e-03,3.686370e-03,3.859741e-03,3.214901e-03,3.312289e-03,3.164235e-03,3.246373e-03,3.277809e-03,3.378808e-03,3.947126e-03,4.142653e-03,3.103151e-03,3.186634e-03,3.433321e-03,3.250035e-03,3.341154e-03
6.700000e+01,3.247634e-03,3.338440e-03,3.270259e-03,3.362619e-03,3.254444e-03,3.345698e-03,3.242160e-03,3.332619e-03,3.232996e-03,3.322907e-03,3.463976e-03,3.565952e-03,3.121568e-03,3.206109e-03,3.286454e-03,3.380812e-03,3.581818e-03,3.726631e-03,3.685464e-03,3.858444e-03,3.213579e-03,3.310775e-03,3.162730e-03,3.244689e-03,3.276406e-03,3.377197e-03,3.945997e-03,4.140998e-03,3.101756e-03,3.185065e-03,3.431288e-03,3.248437e-03,3.339347e-03
6.750000e+01,3.246017e-03,3.336613e-03,3.268615e-03,3.360761e-03,3.252820e-03,3.343863e-03,3.240550e-03,3.330800e-03,3.231396e-03,3.321098e-03,3.461994e-03,3.563693e-03,3.120142e-03,3.204506e-03,3.284786e-03,3.378924e-03,3.580386e-03,3.724805e-03,3.684547e-03,3.857132e-03,3.212247e-03,3.309250e-03,3.161214e-03,3.242993e-03,3.274993e-03,3.375575e-03,3.944855e-03,4.139325e-03,3.100351e-03,3.183486e-03,3.429241e-03,3.246826e-03,3.337527e-03
6.800000e+01,3.244390e-03,3.334774e-03,3.266960e-03,3.358891e-03,3.251185e-03,3.342015e-03,3.238929e-03,3.328968e-03,3.229784e-03,3.319277e-03,3.459999e-03,3.561417e-03,3.118706e-03,3.202892e-03,3.283107e-03,3.377022e-03,3.578941e-03,3.722963e-03,3.683620e-03,3.855807e-03,3.210906e-03,3.307714e-03,3.159687e-03,3.241285e-03,3.273570e-03,3.373941e-03,3.943699e-03,4.137633e-03,3.098936e-03,3.181895e-03,3.427179e-03,3.245205e-03,3.335695e-03
6.850000e+01,3.242750e-03,3.332922e-03,3.265292e-03,3.357007e-03,3.249537e-03,3.340153e-03,3.237295e-03,3.327123e-03,3.228161e-03,3.317443e-03,3.457989e-03,3.559125e-03,3.117260e-03,3.201267e-03,3.281416e-03,3.375107e-03,3.577484e-03,3.721107e-03,3.682683e-03,3.854467e-03,3.209554e-03,3.306166e-03,3.158149e-03,3.239565e-03,3.272136e-03,3.372294e-03,3.942529e-03,4.135924e-03,3.097510e-03,3.180293e-03,3.425102e-03,3.243571e-03,3.333849e-03
6.900000e+01,3.241100e-03,3.331056e-03,3.263613e-03,3.355109e-03,3.247878e-03,3.338279e-03,3.235651e-03,3.325265e-03,3.226526e-03,3.315596e-03,3.455964e-03,3.556818e-03,3.115803e-03,3.199630e-03,3.279713e-03,3.373179e-03,3.576015e-03,3.719235e-03,3.681735e-03,3.853114e-03,3.208192e-03,3.304608e-03,3.156600e-03,3.237833e-03,3.270691e-03,3.370636e-03,3.941345e-03,4.134195e-03,3.096075e-03,3.178680e-03,3.423012e-03,3.241926e-03,3.331990e-03
6.950000e+01,3.239437e-03,3.329178e-03,3.261922e-03,3.353199e-03,3.246207e-03,3.336391e-03,3.233995e-03,3.323394e-03,3.224880e-03,3.313737e-03,3.453926e-03,3.554494e-03,3.114336e-03,3.197981e-03,3.277998e-03,3.371237e-03,3.574533e-03,3.717348e-03,3.680777e-03,3.851747e-03,3.206820e-03,3.303037e-03,3.155040e-03,3.236090e-03,3.269236e-03,3.368965e-03,3.940148e-03,4.132448e-03,3.094629e-03,3.177056e-03,3.420907e-03,3.240269e-03,3.330118e-03
7.000000e+01,3.237763e-03,3.327287e-03,3.260219e-03,3.351276e-03,3.244525e-03,3.334491e-03,3.232327e-03,3.321510e-03,3.223222e-03,3.311864e-03,3.451874e-03,3.552155e-03,3.112858e-03,3.196321e-03,3.276271e-03,3.369282e-03,3.573038e-03,3.715446e-03,3.679808e-03,3.850365e-03,3.205439e-03,3.301456e-03,3.153469e-03,3.234334e-03,3.267770e-03,3.367283e-03,3.938937e-03,4.130682e-03,3.093173e-03,3.175420e-03,3.418787e-03,3.238601e-03,3.328234e-03
7.050000e+01,3.236077e-03,3.325383e-03,3.258505e-03,3.349339e-03,3.242831e-03,3.332578e-03,3.230647e-03,3.319613e-03,3.221553e-03,3.309979e-03,3.449807e-03,3.549800e-03,3.111371e-03,3.194650e-03,3.274532e-03,3.367313e-03,3.571531e-03,3.713528e-03,3.678828e-03,3.848969e-03,3.204047e-03,3.299863e-03,3.151888e-03,3.232566e-03,3.266294e-03,3.365589e-03,3.937711e-03,4.128897e-03,3.091707e-03,3.173773e-03,3.416654e-03,3.236921e-03,3.326336e-03
7.100000e+01,3.234380e-03,3.323466e-03,3.256778e-03,3.347389e-03,3.241125e-03,3.330651e-03,3.228956e-03,3.317703e-03,3.219873e-03,3.308081e-03,3.447726e-03,3.547429e-03,3.109873e-03,3.192968e-03,3.272781e-03,3.365331e-03,3.570011e-03,3.711595e-03,3.677837e-03,3.847559e-03,3.202646e-03,3.298260e-03,3.150296e-03,3.230786e-03,3.264807e-03,3.363882e-03,3.936471e-03,4.127093e-03,3.090231e-03,3.172115e-03,3.414506e-03,3.235229e-03,3.324426e-03
7.150000e+01,3.232671e-03,3.321537e-03,3.255040e-03,3.345427e-03,3.239408e-03,3.328712e-03,3.227254e-03,3.315781e-03,3.218180e-03,3.306170e-03,3.445631e-03,3.545042e-03,3.108365e-03,3.191274e-03,3.271018e-03,3.363336e-03,3.568479e-03,3.709647e-03,3.676835e-03,3.846134e-03,3.201235e-03,3.296644e-03,3.148692e-03,3.228994e-03,3.263310e-03,3.362164e-03,3.935217e-03,4.125270e-03,3.088745e-03,3.170446e-03,3.412344e-03,3.233526e-03,3.322503e-03
7.200000e+01,3.230950e-03,3.319594e-03,3.253290e-03,3.343451e-03,3.237679e-03,3.326760e-03,3.225540e-03,3.313846e-03,3.216477e-03,3.304247e-03,3.443522e-03,3.542639e-03,3.106846e-03,3.189569e-03,3.269243e-03,3.361328e-03,3.566933e-03,3.707683e-03,3.675823e-03,3.844695e-03,3.199814e-03,3.295018e-03,3.147078e-03,3.227190e-03,3.261802e-03,3.360433e-03,3.933949e-03,4.123427e-03,3.087249e-03,3.168766e-03,3.410168e-03,3.231811e-03,3.320566e-03
7.250000e+01,3.229218e-03,3.317638e-03,3.251528e-03,3.341462e-03,3.235938e-03,3.324795e-03,3.223815e-03,3.311898e-03,3.214762e-03,3.302311e-03,3.441398e-03,3.540221e-03,3.105318e-03,3.187852e-03,3.267456e-03,3.359306e-03,3.565375e-03,3.705704e-03,3.674799e-03,3.843241e-03,3.198383e-03,3.293380e-03,3.145453e-03,3.225375e-03,3.260283e-03,3.358691e-03,3.932666e-03,4.121566e-03,3.085742e-03,3.167074e-03,3.407977e-03,3.230085e-03,3.318617e-03
7.300000e+01,3.227474e-03,3.315670e-03,3.249755e-03,3.339460e-03,3.234186e-03,3.322817e-03,3.222078e-03,3.309937e-03,3.213035e-03,3.300362e-03,3.439261e-03,3.537787e-03,3.103779e-03,3.186124e-03,3.265657e-03,3.357271e-03,3.563804e-03,3.703709e-03,3.673764e-03,3.841772e-03,3.196942e-03,3.291731e-03,3.143818e-03,3.223547e-03,3.258754e-03,3.356936e-03,3.931368e-03,4.119684e-03,3.084226e-03,3.165371e-03,3.405773e-03,3.228347e-03,3.316655e-03
7.350000e+01,3.225719e-03,3.313689e-03,3.247969e-03,3.337445e-03,3.232422e-03,3.320826e-03,3.220329e-03,3.307963e-03,3.211297e-03,3.298400e-03,3.437110e-03,3.535337e-03,3.102230e-03,3.184385e-03,3.263847e-03,3.355223e-03,3.562220e-03,3.701699e-03,3.672718e-03,3.840289e-03,3.195491e-03,3.290071e-03,3.142171e-03,3.221707e-03,3.257215e-03,3.355170e-03,3.930055e-03,4.117783e-03,3.082699e-03,3.163658e-03,3.403554e-03,3.226598e-03,3.314681e-03
7.400000e+01,3.223952e-03,3.311695e-03,3.246172e-03,3.335417e-03,3.230646e-03,3.318822e-03,3.218569e-03,3.305977e-03,3.209548e-03,3.296426e-03,3.434944e-03,3.532871e-03,3.100671e-03,3.182634e-03,3.262024e-03,3.353162e-03,3.560623e-03,3.699673e-03,3.671660e-03,3.838791e-03,3.194030e-03,3.288399e-03,3.140514e-03,3.219856e-03,3.255665e-03,3.353392e-03,3.928728e-03,4.115863e-03,3.081163e-03,3.161933e-03,3.401321e-03,3.224837e-03,3.312693e-03
7.450000e+01,3.222174e-03,3.309688e-03,3.244364e-03,3.333376e-03,3.228859e-03,3.316805e-03,3.216797e-03,3.303978e-03,3.207787e-03,3.294439e-03,3.432764e-03,3.530390e-03,3.099101e-03,3.180872e-03,3.260190e-03,3.351087e-03,3.559013e-03,3.697631e-03,3.670591e-03,3.837278e-03,3.192559e-03,3.286717e-03,3.138846e-03,3.217993e-03,3.254105e-03,3.351601e-03,3.927385e-03,4.113922e-03,3.079616e-03,3.160196e-03,3.399074e-03,3.223064e-03,3.310693e-03
7.500000e+01,3.220384e-03,3.307669e-03,3.242543e-03,3.331322e-03,3.227061e-03,3.314776e-03,3.215014e-03,3.301966e-03,3.206015e-03,3.292439e-03,3.430571e-03,3.527893e-03,3.097522e-03,3.179099e-03,3.258344e-03,3.348999e-03,3.557391e-03,3.695574e-03,3.669511e-03,3.835749e-03,3.191078e-03,3.285023e-03,3.137167e-03,3.216117e-03,3.252533e-03,3.349799e-03,3.926027e-03,4.111961e-03,3.078060e-03,3.158449e-03,3.396813e-03,3.221280e-03,3.308680e-03
7.550000e+01,3.218583e-03,3.305637e-03,3.240711e-03,3.329255e-03,3.225250e-03,3.312734e-03,3.213220e-03,3.299942e-03,3.204232e-03,3.290427e-03,3.428363e-03,3.525381e-03,3.095932e-03,3.177315e-03,3.256486e-03,3.346898e-03,3.555755e-03,3.693501e-03,3.668419e-03,3.834206e-03,3.189588e-03,3.283317e-03,3.135477e-03,3.214230e-03,3.250952e-03,3.347985e-03,3.924654e-03,4.109981e-03,3.076493e-03,3.156691e-03,3.394538e-03,3.219484e-03,3.306654e-03
7.600000e+01,3.216770e-03,3.303592e-03,3.238867e-03,3.327175e-03,3.223429e-03,3.310678e-03,3.211414e-03,3.297904e-03,3.202437e-03,3.288402e-03,3.426141e-03,3.522853e-03,3.094332e-03,3.175519e-03,3.254616e-03,3.344784e-03,3.554106e-03,3.691413e-03,3.667315e-03,3.832647e-03,3.188087e-03,3.281601e-03,3.133777e-03,3.212332e-03,3.249360e-03,3.346158e-03,3.923266e-03,4.107980e-03,3.074916e-03,3.154921e-03,3.392248e-03,3.217677e-03,3.304615e-03
7.650000e+01,3.214946e-03,3.301534e-03,3.237012e-03,3.325082e-03,3.221595e-03,3.308610e-03,3.209597e-03,3.295854e-03,3.200630e-03,3.286365e-03,3.423905e-03,3.520309e-03,3.092722e-03,3.173713e-03,3.252734e-03,3.342657e-03,3.552444e-03,3.689309e-03,3.666200e-03,3.831073e-03,3.186576e-03,3.279873e-03,3.132065e-03,3.210421e-03,3.247757e-03,3.344320e-03,3.921862e-03,4.105958e-03,3.073329e-03,3.153141e-03,3.389945e-03,3.215859e-03,3.302564e-03
7.700000e+01,3.213110e-03,3.299463e-03,3.235145e-03,3.322976e-03,3.219750e-03,3.306530e-03,3.207768e-03,3.293792e-03,3.198813e-03,3.284315e-03,3.421656e-03,3.517750e-03,3.091101e-03,3.171895e-03,3.250840e-03,3.340516e-03,3.550769e-03,3.687189e-03,3.665073e-03,3.829484e-03,3.185056e-03,3.278134e-03,3.130343e-03,3.208498e-03,3.246144e-03,3.342470e-03,3.920443e-03,4.103916e-03,3.071733e-03,3.151349e-03,3.387628e-03,3.214029e-03,3.300500e-03
7.750000e+01,3.211263e-03,3.297380e-03,3.233266e-03,3.320857e-03,3.217894e-03,3.304436e-03,3.205928e-03,3.291717e-03,3.196983e-03,3.282252e-03,3.419392e-03,3.515175e-03,3.089471e-03,3.170065e-03,3.248935e-03,3.338363e-03,3.549081e-03,3.685053e-03,3.663934e-03,3.827879e-03,3.183526e-03,3.276383e-03,3.128611e-03,3.206564e-03,3.244520e-03,3.340607e-03,3.919008e-03,4.101854e-03,3.070126e-03,3.149547e-03,3.385297e-03,3.212187e-03,3.298423e-03
7.800000e+01,3.209404e-03,3.295284e-03,3.231375e-03,3.318725e-03,3.216026e-03,3.302330e-03,3.204076e-03,3.289629e-03,3.195143e-03,3.280177e-03,3.417114e-03,3.512585e-03,3.087830e-03,3.168225e-03,3.247017e-03,3.336196e-03,3.547379e-03,3.682902e-03,3.662783e-03,3.826259e-03,3.181985e-03,3.274622e-03,3.126867e-03,3.204618e-03,3.242886e-03,3.338733e-03,3.917557e-03,4.099771e-03,3.068509e-03,3.147733e-03,3.382952e-03,3.210334e-03,3.296333e-03
7.850000e+01,3.207534e-03,3.293176e-03,3.229473e-03,3.316581e-03,3.214147e-03,3.300211e-03,3.202213e-03,3.287528e-03,3.193291e-03,3.278089e-03,3.414822e-03,3.509979e-03,3.086179e-03,3.166373e-03,3.245088e-03,3.334016e-03,3.545665e-03,3.680735e-03,3.661620e-03,3.824623e-03,3.180435e-03,3.272849e-03,3.125113e-03,3.202660e-03,3.241241e-03,3.336847e-03,3.916090e-03,4.097666e-03,3.066882e-03,3.145908e-03,3.380592e-03,3.208470e-03,3.294231e-03
7.900000e+01,3.205652e-03,3.291055e-03,3.227559e-03,3.314423e-03,3.212256e-03,3.298080e-03,3.200339e-03,3.285415e-03,3.191428e-03,3.275989e-03,3.412517e-03,3.507358e-03,3.084518e-03,3.164510e-03,3.243147e-03,3.331823e-03,3.543937e-03,3.678552e-03,3.660445e-03,3.822971e-03,3.178875e-03,3.271064e-03,3.123348e-03,3.200691e-03,3.239586e-03,3.334949e-03,3.914607e-03,4.095541e-03,3.065246e-03,3.144073e-03,3.378219e-03,3.206594e-03,3.292116e-03
7.950000e+01,3.203759e-03,3.288921e-03,3.225634e-03,3.312253e-03,3.210353e-03,3.295935e-03,3.198453e-03,3.283290e-03,3.189554e-03,3.273876e-03,3.410197e-03,3.504721e-03,3.082847e-03,3.162636e-03,3.241195e-03,3.329618e-03,3.542196e-03,3.676353e-03,3.659257e-03,3.821303e-03,3.177305e-03,3.269269e-03,3.121573e-03,3.198709e-03,3.237920e-03,3.333039e-03,3.913108e-03,4.093395e-03,3.063599e-03,3.142226e-03,3.375832e-03,3.204706e-03,3.289989e-03
8.000000e+01,3.201855e-03,3.286774e-03,3.223697e-03,3.310070e-03,3.208440e-03,3.293778e-03,3.196556e-03,3.281151e-03,3.187668e-03,3.271751e-03,3.407863e-03,3.502069e-03,3.081166e-03,3.160751e-03,3.239230e-03,3.327399e-03,3.540441e-03,3.674138e-03,3.658057e-03,3.819619e-03,3.175725e-03,3.267462e-03,3.119787e-03,3.196716e-03,3.236244e-03,3.331116e-03,3.911593e-03,4.091228e-03,3.061942e-03,3.140368e-03,3.373432e-03,3.202808e-03,3.287849e-03
8.050000e+01,3.199939e-03,3.284615e-03,3.221748e-03,3.307874e-03,3.206514e-03,3.291609e-03,3.194647e-03,3.279001e-03,3.185771e-03,3.269613e-03,3.405516e-03,3.499401e-03,3.079475e-03,3.158855e-03,3.237254e-03,3.325167e-03,3.538673e-03,3.671907e-03,3.656845e-03,3.817920e-03,3.174135e-03,3.265644e-03,3.117990e-03,3.194712e-03,3.234557e-03,3.329182e-03,3.910061e-03,4.089039e-03,3.060276e-03,3.138500e-03,3.371017e-03,3.200898e-03,3.285696e-03
8.100000e+01,3.198011e-03,3.282444e-03,3.219788e-03,3.305665e-03,3.204577e-03,3.289426e-03,3.192727e-03,3.276837e-03,3.183863e-03,3.267463e-03,3.403155e-03,3.496718e-03,3.077774e-03,3.156948e-03,3.235266e-03,3.322922e-03,3.536892e-03,3.669660e-03,3.655621e-03,3.816204e-03,3.172535e-03,3.263815e-03,3.116182e-03,3.192695e-03,3.232859e-03,3.327236e-03,3.908513e-03,4.086828e-03,3.058599e-03,3.136620e-03,3.368589e-03,3.198976e-03,3.283530e-03
8.150000e+01,3.196073e-03,3.280259e-03,3.217816e-03,3.303443e-03,3.202629e-03,3.287231e-03,3.190796e-03,3.274661e-03,3.181943e-03,3.265300e-03,3.400780e-03,3.494020e-03,3.076062e-03,3.155029e-03,3.233266e-03,3.320664e-03,3.535097e-03,3.667397e-03,3.654383e-03,3.814472e-03,3.170926e-03,3.261975e-03,3.114364e-03,3.190667e-03,3.231151e-03,3.325278e-03,3.906948e-03,4.084597e-03,3.056913e-03,3.134729e-03,3.366146e-03,3.197043e-03,3.281353e-03
8.200000e+01,3.194123e-03,3.278063e-03,3.215833e-03,3.301209e-03,3.200670e-03,3.285024e-03,3.188853e-03,3.272473e-03,3.180013e-03,3.263125e-03,3.398391e-03,3.491306e-03,3.074341e-03,3.153099e-03,3.231255e-03,3.318393e-03,3.533289e-03,3.665119e-03,3.653133e-03,3.812724e-03,3.169306e-03,3.260123e-03,3.112535e-03,3.188628e-03,3.229433e-03,3.323308e-03,3.905366e-03,4.082343e-03,3.055216e-03,3.132828e-03,3.363690e-03,3.195099e-03,3.279162e-03
8.250000e+01,3.192161e-03,3.275853e-03,3.213838e-03,3.298962e-03,3.198699e-03,3.282803e-03,3.186899e-03,3.270272e-03,3.178071e-03,3.260938e-03,3.395988e-03,3.488577e-03,3.072609e-03,3.151159e-03,3.229232e-03,3.316109e-03,3.531467e-03,3.662824e-03,3.651871e-03,3.810959e-03,3.167676e-03,3.258260e-03,3.110696e-03,3.186576e-03,3.227703e-03,3.321326e-03,3.903767e-03,4.080067e-03,3.053510e-03,3.130915e-03,3.361220e-03,3.193143e-03,3.276959e-03
8.300000e+01,3.190189e-03,3.273632e-03,3.211831e-03,3.296702e-03,3.196716e-03,3.280571e-03,3.184934e-03,3.268059e-03,3.176117e-03,3.258738e-03,3.393571e-03,3.485833e-03,3.070868e-03,3.149207e-03,3.227197e-03,3.313813e-03,3.529631e-03,3.660513e-03,3.650595e-03,3.809178e-03,3.166037e-03,3.256386e-03,3.108846e-03,3.184513e-03,3.225964e-03,3.319332e-03,3.902152e-03,4.077770e-03,3.051794e-03,3.128992e-03,3.358737e-03,3.191176e-03,3.274744e-03
8.350000e+01,3.188205e-03,3.271397e-03,3.209813e-03,3.294429e-03,3.194722e-03,3.278325e-03,3.182958e-03,3.265833e-03,3.174153e-03,3.256525e-03,3.391141e-03,3.483073e-03,3.069116e-03,3.147244e-03,3.225151e-03,3.311503e-03,3.527782e-03,3.658186e-03,3.649307e-03,3.807380e-03,3.164387e-03,3.254501e-03,3.106985e-03,3.182439e-03,3.224214e-03,3.317326e-03,3.900519e-03,4.075450e-03,3.050068e-03,3.127058e-03,3.356240e-03,3.189198e-03,3.272515e-03
8.400000e+01,3.186209e-03,3.269150e-03,3.207784e-03,3.292144e-03,3.192717e-03,3.276067e-03,3.180970e-03,3.263595e-03,3.172177e-03,3.254301e-03,3.388696e-03,3.480299e-03,3.067354e-03,3.145270e-03,3.223093e-03,3.309180e-03,3.525920e-03,3.655843e-03,3.648006e-03,3.805566e-03,3.162728e-03,3.252604e-03,3.105114e-03,3.180352e-03,3.222453e-03,3.315308e-03,3.898869e-03,4.073108e-03,3.048332e-03,3.125113e-03,3.353729e-03,3.187208e-03,3.270275e-03
8.450000e+01,3.184202e-03,3.266891e-03,3.205742e-03,3.289846e-03,3.190700e-03,3.273797e-03,3.178971e-03,3.261344e-03,3.170190e-03,3.252064e-03,3.386238e-03,3.477509e-03,3.065583e-03,3.143286e-03,3.221023e-03,3.306845e-03,3.524044e-03,3.653483e-03,3.646691e-03,3.803735e-03,3.161059e-03,3.250696e-03,3.103232e-03,3.178255e-03,3.220682e-03,3.313278e-03,3.897201e-03,4.070744e-03,3.046586e-03,3.123157e-03,3.351204e-03,3.185207e-03,3.268022e-03
8.500000e+01,3.182184e-03,3.264620e-03,3.203690e-03,3.287536e-03,3.188672e-03,3.271514e-03,3.176960e-03,3.259081e-03,3.168192e-03,3.249814e-03,3.383766e-03,3.474704e-03,3.063801e-03,3.141290e-03,3.218941e-03,3.304497e-03,3.522153e-03,3.651108e-03,3.645364e-03,3.801887e-03,3.159379e-03,3.248777e-03,3.101340e-03,3.176145e-03,3.218900e-03,3.311236e-03,3.895517e-03,4.068358e-03,3.044830e-03,3.121190e-03,3.348666e-03,3.183194e-03,3.265756e-03
8.550000e+01,3.180155e-03,3.262335e-03,3.201626e-03,3.285212e-03,3.186633e-03,3.269219e-03,3.174939e-03,3.256806e-03,3.166183e-03,3.247553e-03,3.381281e-03,3.471883e-03,3.062009e-03,3.139283e-03,3.216848e-03,3.302136e-03,3.520250e-03,3.648716e-03,3.644023e-03,3.800022e-03,3.157690e-03,3.246846e-03,3.099437e-03,3.174025e-03,3.217107e-03,3.309182e-03,3.893814e-03,4.065948e-03,3.043064e-03,3.119212e-03,3.346114e-03,3.181171e-03,3.263478e-03
8.600000e+01,3.178114e-03,3.260039e-03,3.199550e-03,3.282877e-03,3.184582e-03,3.266911e-03,3.172906e-03,3.254518e-03,3.164162e-03,3.245279e-03,3.378782e-03,3.469048e-03,3.060207e-03,3.137265e-03,3.214743e-03,3.299762e-03,3.518332e-03,3.646308e-03,3.642669e-03,3.798140e-03,3.155991e-03,3.244905e-03,3.097523e-03,3.171892e-03,3.215304e-03,3.307117e-03,3.892094e-03,4.063516e-03,3.041289e-03,3.117224e-03,3.343549e-03,3.179136e-03,3.261188e-03
8.650000e+01,3.176063e-03,3.257730e-03,3.197463e-03,3.280528e-03,3.182520e-03,3.264590e-03,3.170862e-03,3.252218e-03,3.162130e-03,3.242993e-03,3.376269e-03,3.466197e-03,3.058396e-03,3.135236e-03,3.212627e-03,3.297375e-03,3.516401e-03,3.643884e-03,3.641301e-03,3.796241e-03,3.154282e-03,3.242952e-03,3.095599e-03,3.169748e-03,3.213491e-03,3.305039e-03,3.890356e-03,4.061061e-03,3.039503e-03,3.115225e-03,3.340970e-03,3.177089e-03,3.258885e-03
8.700000e+01,3.173999e-03,3.255409e-03,3.195365e-03,3.278167e-03,3.180447e-03,3.262258e-03,3.168807e-03,3.249905e-03,3.160088e-03,3.240694e-03,3.373742e-03,3.463332e-03,3.056574e-03,3.133196e-03,3.210499e-03,3.294976e-03,3.514456e-03,3.641443e-03,3.639920e-03,3.794325e-03,3.152563e-03,3.240988e-03,3.093664e-03,3.167593e-03,3.211667e-03,3.302949e-03,3.888600e-03,4.058584e-03,3.037708e-03,3.113215e-03,3.338377e-03,3.175032e-03,3.256570e-03
8.750000e+01,3.171925e-03,3.253075e-03,3.193255e-03,3.275793e-03,3.178362e-03,3.259913e-03,3.166740e-03,3.247580e-03,3.158034e-03,3.238384e-03,3.371202e-03,3.460451e-03,3.054742e-03,3.131146e-03,3.208360e-03,3.292563e-03,3.512496e-03,3.638986e-03,3.638526e-03,3.792391e-03,3.150834e-03,3.239012e-03,3.091719e-03,3.165426e-03,3.209832e-03,3.300848e-03,3.886826e-03,4.056083e-03,3.035903e-03,3.111194e-03,3.335771e-03,3.172963e-03,3.254243e-03
8.800000e+01,3.169839e-03,3.250729e-03,3.191134e-03,3.273407e-03,3.176267e-03,3.257555e-03,3.164663e-03,3.245243e-03,3.155969e-03,3.236061e-03,3.368648e-03,3.457555e-03,3.052900e-03,3.129084e-03,3.206209e-03,3.290138e-03,3.510523e-03,3.636513e-03,3.637117e-03,3.790440e-03,3.149095e-03,3.237026e-03,3.089764e-03,3.163248e-03,3.207987e-03,3.298734e-03,3.885033e-03,4.053559e-03,3.034088e-03,3.109162e-03,3.333152e-03,3.170883e-03,3.251903e-03
8.850000e+01,3.167743e-03,3.248370e-03,3.189001e-03,3.271009e-03,3.174159e-03,3.255185e-03,3.162574e-03,3.242894e-03,3.153893e-03,3.233725e-03,3.366080e-03,3.454645e-03,3.051049e-03,3.127011e-03,3.204046e-03,3.287701e-03,3.508536e-03,3.634023e-03,3.635695e-03,3.788472e-03,3.147346e-03,3.235028e-03,3.087798e-03,3.161058e-03,3.206131e-03,3.296609e-03,3.883222e-03,4.051011e-03,3.032264e-03,3.107120e-03,3.330519e-03,3.168792e-03,3.249551e-03
8.900000e+01,3.165635e-03,3.246000e-03,3.186857e-03,3.268597e-03,3.172041e-03,3.252803e-03,3.160474e-03,3.240532e-03,3.151805e-03,3.231378e-03,3.363499e-03,3.451719e-03,3.049187e-03,3.124928e-03,3.201872e-03,3.285250e-03,3.506535e-03,3.631517e-03,3.634259e-03,3.786486e-03,3.145587e-03,3.233019e-03,3.085821e-03,3.158857e-03,3.204265e-03,3.294471e-03,3.881393e-03,4.048440e-03,3.030429e-03,3.105067e-03,3.327872e-03,3.166690e-03,3.247186e-03
8.950000e+01,3.163515e-03,3.243617e-03,3.184701e-03,3.266174e-03,3.169911e-03,3.250408e-03,3.158363e-03,3.238158e-03,3.149707e-03,3.229019e-03,3.360904e-03,3.448778e-03,3.047316e-03,3.122833e-03,3.199686e-03,3.282787e-03,3.504520e-03,3.628995e-03,3.632809e-03,3.784482e-03,3.143819e-03,3.230999e-03,3.083834e-03,3.156644e-03,3.202388e-03,3.292322e-03,3.879545e-03,4.045846e-03,3.028585e-03,3.103003e-03,3.325212e-03,3.164576e-03,3.244809e-03
9.000000e+01,3.161385e-03,3.241222e-03,3.182534e-03,3.263737e-03,3.167770e-03,3.248001e-03,3.156240e-03,3.235772e-03,3.147597e-03,3.226647e-03,3.358295e-03,3.445823e-03,3.045434e-03,3.120728e-03,3.197489e-03,3.280312e-03,3.502491e-03,3.626456e-03,3.631345e-03,3.782461e-03,3.142040e-03,3.228967e-03,3.081836e-03,3.154420e-03,3.200501e-03,3.290160e-03,3.877679e-03,4.043227e-03,3.026731e-03,3.100928e-03,3.322539e-03,3.162451e-03,3.242420e-03
9.050000e+01,3.159243e-03,3.238814e-03,3.180356e-03,3.261289e-03,3.165618e-03,3.245581e-03,3.154107e-03,3.233374e-03,3.145477e-03,3.224263e-03,3.355673e-03,3.442852e-03,3.043543e-03,3.118612e-03,3.195280e-03,3.277823e-03,3.500448e-03,3.623900e-03,3.629867e-03,3.780422e-03,3.140251e-03,3.226924e-03,3.079828e-03,3.152185e-03,3.198603e-03,3.287987e-03,3.875794e-03,4.040585e-03,3.024867e-03,3.098843e-03,3.319852e-03,3.160315e-03,3.240019e-03
9.100000e+01,3.157090e-03,3.236394e-03,3.178167e-03,3.258828e-03,3.163455e-03,3.243150e-03,3.151962e-03,3.230964e-03,3.143345e-03,3.221867e-03,3.353038e-03,3.439867e-03,3.041642e-03,3.116485e-03,3.193060e-03,3.275322e-03,3.498391e-03,3.621328e-03,3.628375e-03,3.778365e-03,3.138453e-03,3.224870e-03,3.077810e-03,3.149938e-03,3.196694e-03,3.285802e-03,3.873889e-03,4.037919e-03,3.022994e-03,3.096747e-03,3.317152e-03,3.158168e-03,3.237605e-03
9.150000e+01,3.154927e-03,3.233962e-03,3.175966e-03,3.256354e-03,3.161280e-03,3.240706e-03,3.149807e-03,3.228541e-03,3.141203e-03,3.219460e-03,3.350389e-03,3.436867e-03,3.039731e-03,3.114347e-03,3.190828e-03,3.272809e-03,3.496319e-03,3.618740e-03,3.626868e-03,3.776290e-03,3.136644e-03,3.222805e-03,3.075781e-03,3.147680e-03,3.194775e-03,3.283605e-03,3.871966e-03,4.035229e-03,3.021110e-03,3.094640e-03,3.314439e-03,3.156009e-03,3.235179e-03
9.200000e+01,3.152752e-03,3.231518e-03,3.173753e-03,3.253868e-03,3.159094e-03,3.238250e-03,3.147640e-03,3.226106e-03,3.139049e-03,3.217040e-03,3.347726e-03,3.433852e-03,3.037810e-03,3.112199e-03,3.188585e-03,3.270283e-03,3.494234e-03,3.616135e-03,3.625347e-03,3.774197e-03,3.134826e-03,3.220729e-03,3.073742e-03,3.145410e-03,3.192845e-03,3.281395e-03,3.870023e-03,4.032515e-03,3.019217e-03,3.092523e-03,3.311713e-03,3.153840e-03,3.232741e-03
9.250000e+01,3.150565e-03,3.229062e-03,3.171530e-03,3.251370e-03,3.156897e-03,3.235781e-03,3.145462e-03,3.223659e-03,3.136885e-03,3.214607e-03,3.345050e-03,3.430822e-03,3.035879e-03,3.110040e-03,3.186330e-03,3.267744e-03,3.492134e-03,3.613513e-03,3.623811e-03,3.772085e-03,3.132997e-03,3.218641e-03,3.071692e-03,3.143129e-03,3.190905e-03,3.279174e-03,3.868061e-03,4.029777e-03,3.017315e-03,3.090395e-03,3.308973e-03,3.151659e-03,3.230291e-03
9.300000e+01,3.148368e-03,3.226594e-03,3.169295e-03,3.248859e-03,3.154689e-03,3.233301e-03,3.143273e-03,3.221200e-03,3.134709e-03,3.212163e-03,3.342360e-03,3.427777e-03,3.033938e-03,3.107869e-03,3.184064e-03,3.265192e-03,3.490019e-03,3.610875e-03,3.622261e-03,3.769956e-03,3.131159e-03,3.216542e-03,3.069632e-03,3.140837e-03,3.188954e-03,3.276941e-03,3.866080e-03,4.027014e-03,3.015402e-03,3.088257e-03,3.306220e-03,3.149468e-03,3.227829e-03
9.350000e+01,3.146160e-03,3.224113e-03,3.167049e-03,3.246336e-03,3.152470e-03,3.230808e-03,3.141073e-03,3.218729e-03,3.132522e-03,3.209707e-03,3.339657e-03,3.424718e-03,3.031988e-03,3.105689e-03,3.181786e-03,3.262629e-03,3.487891e-03,3.608220e-03,3.620696e-03,3.767808e-03,3.129311e-03,3.214432e-03,3.067562e-03,3.138534e-03,3.186993e-03,3.274696e-03,3.864079e-03,4.024226e-03,3.013480e-03,3.086108e-03,3.303453e-03,3.147265e-03,3.225354e-03
9.400000e+01,3.143940e-03,3.221620e-03,3.164791e-03,3.243801e-03,3.150240e-03,3.228303e-03,3.138862e-03,3.216246e-03,3.130325e-03,3.207239e-03,3.336941e-03,3.421644e-03,3.030027e-03,3.103497e-03,3.179497e-03,3.260052e-03,3.485748e-03,3.605548e-03,3.619117e-03,3.765641e-03,3.127452e-03,3.212311e-03,3.065481e-03,3.136220e-03,3.185021e-03,3.272440e-03,3.862058e-03,4.021414e-03,3.011548e-03,3.083948e-03,3.300674e-03,3.145051e-03,3.222868e-03
9.450000e+01,3.141710e-03,3.219116e-03,3.162523e-03,3.241253e-03,3.147998e-03,3.225786e-03,3.136640e-03,3.213751e-03,3.128116e-03,3.204759e-03,3.334211e-03,3.418556e-03,3.028057e-03,3.101295e-03,3.177197e-03,3.257464e-03,3.483590e-03,3.602860e-03,3.617522e-03,3.763456e-03,3.125584e-03,3.210178e-03,3.063390e-03,3.133894e-03,3.183039e-03,3.270171e-03,3.860018e-03,4.018577e-03,3.009607e-03,3.081778e-03,3.297881e-03,3.142826e-03,3.220369e-03
9.500000e+01,3.139468e-03,3.216599e-03,3.160243e-03,3.238693e-03,3.145745e-03,3.223256e-03,3.134407e-03,3.211243e-03,3.125897e-03,3.202267e-03,3.331467e-03,3.415452e-03,3.026077e-03,3.099082e-03,3.174885e-03,3.254862e-03,3.481419e-03,3.600155e-03,3.615913e-03,3.761252e-03,3.123706e-03,3.208035e-03,3.061288e-03,3.131557e-03,3.181046e-03,3.267890e-03,3.857958e-03,4.015715e-03,3.007655e-03,3.079597e-03,3.295076e-03,3.140590e-03,3.217858e-03
9.550000e+01,3.137216e-03,3.214070e-03,3.157952e-03,3.236121e-03,3.143482e-03,3.220715e-03,3.132163e-03,3.208724e-03,3.123666e-03,3.199763e-03,3.328711e-03,3.412334e-03,3.024087e-03,3.096858e-03,3.172562e-03,3.252249e-03,3.479232e-03,3.597433e-03,3.614289e-03,3.759030e-03,3.121818e-03,3.205880e-03,3.059177e-03,3.129209e-03,3.179042e-03,3.265597e-03,3.855877e-03,4.012828e-03,3.005695e-03,3.077405e-03,3.292257e-03,3.138343e-03,3.215335e-03
9.600000e+01,3.134952e-03,3.211529e-03,3.155649e-03,3.233536e-03,3.141207e-03,3.218162e-03,3.129908e-03,3.206193e-03,3.121425e-03,3.197247e-03,3.325940e-03,3.409202e-03,3.022087e-03,3.094623e-03,3.170228e-03,3.249623e-03,3.477032e-03,3.594695e-03,3.612649e-03,3.756789e-03,3.119920e-03,3.203714e-03,3.057055e-03,3.126849e-03,3.177028e-03,3.263293e-03,3.853777e-03,4.009916e-03,3.003724e-03,3.075203e-03,3.289425e-03,3.136085e-03,3.212800e-03
9.650000e+01,3.132677e-03,3.208976e-03,3.153336e-03,3.230940e-03,3.138921e-03,3.215596e-03,3.127642e-03,3.203650e-03,3.119173e-03,3.194719e-03,3.323157e-03,3.406055e-03,3.020078e-03,3.092378e-03,3.167882e-03,3.246984e-03,3.474817e-03,3.591939e-03,3.610995e-03,3.754528e-03,3.118012e-03,3.201536e-03,3.054922e-03,3.124479e-03,3.175003e-03,3.260976e-03,3.851656e-03,4.006978e-03,3.001744e-03,3.072991e-03,3.286580e-03,3.133815e-03,3.210253e-03
9.700000e+01,3.130392e-03,3.206411e-03,3.151011e-03,3.228331e-03,3.136624e-03,3.213018e-03,3.125365e-03,3.201094e-03,3.116910e-03,3.192180e-03,3.320360e-03,3.402893e-03,3.018059e-03,3.090122e-03,3.165525e-03,3.244333e-03,3.472587e-03,3.589167e-03,3.609325e-03,3.752249e-03,3.116094e-03,3.199348e-03,3.052780e-03,3.122097e-03,3.172968e-03,3.258648e-03,3.849514e-03,4.004016e-03,2.999754e-03,3.070768e-03,3.283722e-03,3.131535e-03,3.207694e-03
9.750000e+01,3.128095e-03,3.203834e-03,3.148675e-03,3.225710e-03,3.134316e-03,3.210429e-03,3.123077e-03,3.198527e-03,3.114636e-03,3.189628e-03,3.317550e-03,3.399717e-03,3.016030e-03,3.087856e-03,3.163156e-03,3.241670e-03,3.470342e-03,3.586378e-03,3.607639e-03,3.749951e-03,3.114166e-03,3.197148e-03,3.050627e-03,3.119704e-03,3.170922e-03,3.256308e-03,3.847352e-03,4.001027e-03,2.997755e-03,3.068535e-03,3.280851e-03,3.129244e-03,3.205123e-03
9.800000e+01,3.125787e-03,3.201245e-03,3.146328e-03,3.223077e-03,3.131997e-03,3.207827e-03,3.120779e-03,3.195948e-03,3.112351e-03,3.187065e-03,3.314727e-03,3.396527e-03,3.013991e-03,3.085579e-03,3.160777e-03,3.238995e-03,3.468083e-03,3.583573e-03,3.605938e-03,3.747633e-03,3.112228e-03,3.194937e-03,3.048464e-03,3.117300e-03,3.168865e-03,3.253955e-03,3.845170e-03,3.998013e-03,2.995746e-03,3.066291e-03,3.277967e-03,3.126942e-03,3.202540e-03
9.850000e+01,3.123469e-03,3.198644e-03,3.143970e-03,3.220431e-03,3.129667e-03,3.205213e-03,3.118469e-03,3.193357e-03,3.110055e-03,3.184489e-03,3.311890e-03,3.393322e-03,3.011943e-03,3.083291e-03,3.158386e-03,3.236307e-03,3.465810e-03,3.580750e-03,3.604222e-03,3.745297e-03,3.110280e-03,3.192715e-03,3.046290e-03,3.114885e-03,3.166798e-03,3.251591e-03,3.842966e-03,3.994974e-03,2.993727e-03,3.064037e-03,3.275070e-03,3.124629e-03,3.199946e-03
9.900000e+01,3.121139e-03,3.196031e-03,3.141600e-03,3.217774e-03,3.127326e-03,3.202588e-03,3.116148e-03,3.190755e-03,3.107749e-03,3.181903e-03,3.309040e-03,3.390102e-03,3.009884e-03,3.080993e-03,3.155983e-03,3.233607e-03,3.463521e-03,3.577910e-03,3.602490e-03,3.742941e-03,3.108323e-03,3.190482e-03,3.044106e-03,3.112459e-03,3.164721e-03,3.249215e-03,3.840742e-03,3.991908e-03,2.991699e-03,3.061772e-03,3.272161e-03,3.122305e-03,3.197339e-03
9.950000e+01,3.118799e-03,3.193407e-03,3.139220e-03,3.215104e-03,3.124974e-03,3.199950e-03,3.113817e-03,3.188140e-03,3.105431e-03,3.179304e-03,3.306177e-03,3.386869e-03,3.007817e-03,3.078684e-03,3.153570e-03,3.230894e-03,3.461218e-03,3.575054e-03,3.600742e-03,3.740565e-03,3.106355e-03,3.188237e-03,3.041913e-03,3.110022e-03,3.162632e-03,3.246827e-03,3.838496e-03,3.988817e-03,2.989661e-03,3.059497e-03,3.269238e-03,3.119970e-03,3.194720e-03
1.000000e+02,3.116447e-03,3.190770e-03,3.136828e-03,3.212423e-03,3.122611e-03,3.197301e-03,3.111474e-03,3.185514e-03,3.103103e-03,3.176693e-03,3.303301e-03,3.383621e-03,3.005739e-03,3.076365e-03,3.151145e-03,3.228170e-03,3.458900e-03,3.572180e-03,3.598978e-03,3.738170e-03,3.104377e-03,3.185982e-03,3.039709e-03,3.107574e-03,3.160534e-03,3.244427e-03,3.836230e-03,3.985699e-03,2.987614e-03,3.057211e-03,3.266302e-03,3.117624e-03,3.192090e-03
1.005000e+02,3.114085e-03,3.188122e-03,3.134425e-03,3.209729e-03,3.120237e-03,3.194639e-03,3.109121e-03,3.182875e-03,3.100764e-03,3.174071e-03,3.300411e-03,3.380358e-03,3.003652e-03,3.074035e-03,3.148709e-03,3.225433e-03,3.456568e-03,3.569290e-03,3.597199e-03,3.735755e-03,3.102390e-03,3.183715e-03,3.037494e-03,3.105115e-03,3.158424e-03,3.242016e-03,3.833942e-03,3.982556e-03,2.985557e-03,3.054915e-03,3.263354e-03,3.115267e-03,3.189447e-03
1.010000e+02,3.111712e-03,3.185462e-03,3.132012e-03,3.207023e-03,3.117852e-03,3.191966e-03,3.106757e-03,3.180225e-03,3.098414e-03,3.171437e-03,3.297509e-03,3.377081e-03,3.001555e-03,3.071695e-03,3.146262e-03,3.222684e-03,3.454220e-03,3.566382e-03,3.595403e-03,3.733321e-03,3.100392e-03,3.181437e-03,3.035270e-03,3.102645e-03,3.156304e-03,3.239592e-03,3.831632e-03,3.979386e-03,2.983490e-03,3.052609e-03,3.260393e-03,3.112899e-03,3.186793e-03
1.015000e+02,3.109328e-03,3.182790e-03,3.129587e-03,3.204306e-03,3.115457e-03,3.189281e-03,3.104382e-03,3.177564e-03,3.096054e-03,3.168791e-03,3.294593e-03,3.373791e-03,2.999448e-03,3.069344e-03,3.143803e-03,3.219922e-03,3.451858e-03,3.563458e-03,3.593591e-03,3.730867e-03,3.098385e-03,3.179148e-03,3.033035e-03,3.100164e-03,3.154174e-03,3.237156e-03,3.829301e-03,3.976189e-03,2.981414e-03,3.050292e-03,3.257419e-03,3.110521e-03,3.184127e-03
1.020000e+02,3.106933e-03,3.180106e-03,3.127151e-03,3.201576e-03,3.113050e-03,3.186584e-03,3.101996e-03,3.174890e-03,3.093682e-03,3.166134e-03,3.291664e-03,3.370485e-03,2.997332e-03,3.066983e-03,3.141334e-03,3.217149e-03,3.449481e-03,3.560517e-03,3.591763e-03,3.728393e-03,3.096367e-03,3.176847e-03,3.030791e-03,3.097672e-03,3.152033e-03,3.234709e-03,3.826949e-03,3.972966e-03,2.979329e-03,3.047965e-03,3.254432e-03,3.108131e-03,3.181449e-03
1.025000e+02,3.104527e-03,3.177411e-03,3.124704e-03,3.198834e-03,3.110632e-03,3.183875e-03,3.099600e-03,3.172205e-03,3.091300e-03,3.163465e-03,3.288722e-03,3.367166e-03,2.995206e-03,3.064611e-03,3.138853e-03,3.214363e-03,3.447089e-03,3.557558e-03,3.589919e-03,3.725899e-03,3.094340e-03,3.174536e-03,3.028536e-03,3.095169e-03,3.149881e-03,3.232250e-03,3.824574e-03,3.969716e-03,2.977234e-03,3.045628e-03,3.251433e-03,3.105731e-03,3.178759e-03
1.030000e+02,3.102111e-03,3.174703e-03,3.122246e-03,3.196081e-03,3.108204e-03,3.181154e-03,3.097192e-03,3.169508e-03,3.088908e-03,3.160785e-03,3.285767e-03,3.363833e-03,2.993070e-03,3.062229e-03,3.136361e-03,3.211566e-03,3.444682e-03,3.554582e-03,3.588058e-03,3.723384e-03,3.092302e-03,3.172213e-03,3.026271e-03,3.092655e-03,3.147719e-03,3.229778e-03,3.822178e-03,3.966440e-03,2.975130e-03,3.043281e-03,3.248421e-03,3.103320e-03,3.176058e-03
1.035000e+02,3.099684e-03,3.171984e-03,3.119777e-03,3.193315e-03,3.105765e-03,3.178422e-03,3.094774e-03,3.166799e-03,3.086504e-03,3.158092e-03,3.282799e-03,3.360485e-03,2.990925e-03,3.059836e-03,3.133858e-03,3.208756e-03,3.442260e-03,3.551590e-03,3.586181e-03,3.720850e-03,3.090255e-03,3.169879e-03,3.023996e-03,3.090130e-03,3.145546e-03,3.227295e-03,3.819760e-03,3.963137e-03,2.973016e-03,3.040923e-03,3.245396e-03,3.100898e-03,3.173345e-03
1.040000e+02,3.097245e-03,3.169254e-03,3.117297e-03,3.190538e-03,3.103314e-03,3.175678e-03,3.092345e-03,3.164079e-03,3.084090e-03,3.155389e-03,3.279817e-03,3.357123e-03,2.988770e-03,3.057433e-03,3.131344e-03,3.205934e-03,3.439822e-03,3.548580e-03,3.584288e-03,3.718296e-03,3.088197e-03,3.167534e-03,3.021711e-03,3.087594e-03,3.143363e-03,3.224800e-03,3.817319e-03,3.959807e-03,2.970892e-03,3.038555e-03,3.242359e-03,3.098465e-03,3.170620e-03
1.045000e+02,3.094796e-03,3.166511e-03,3.114807e-03,3.187749e-03,3.100853e-03,3.172922e-03,3.089906e-03,3.161347e-03,3.081665e-03,3.152673e-03,3.276823e-03,3.353747e-03,2.986606e-03,3.055019e-03,3.128819e-03,3.203101e-03,3.437370e-03,3.545553e-03,3.582377e-03,3.715721e-03,3.086130e-03,3.165177e-03,3.019416e-03,3.085048e-03,3.141168e-03,3.222294e-03,3.814857e-03,3.956449e-03,2.968759e-03,3.036176e-03,3.239309e-03,3.096022e-03,3.167883e-03
1.050000e+02,3.092337e-03,3.163757e-03,3.112305e-03,3.184947e-03,3.098382e-03,3.170154e-03,3.087456e-03,3.158604e-03,3.079230e-03,3.149946e-03,3.273816e-03,3.350358e-03,2.984432e-03,3.052595e-03,3.126283e-03,3.200255e-03,3.434903e-03,3.542509e-03,3.580450e-03,3.713126e-03,3.084053e-03,3.162810e-03,3.017110e-03,3.082491e-03,3.138964e-03,3.219775e-03,3.812371e-03,3.953065e-03,2.966617e-03,3.033788e-03,3.236247e-03,3.093568e-03,3.165135e-03
1.055000e+02,3.089866e-03,3.160992e-03,3.109792e-03,3.182135e-03,3.095899e-03,3.167375e-03,3.084995e-03,3.155849e-03,3.076784e-03,3.147208e-03,3.270796e-03,3.346954e-03,2.982248e-03,3.050161e-03,3.123735e-03,3.197397e-03,3.432421e-03,3.539448e-03,3.578506e-03,3.710510e-03,3.081965e-03,3.160431e-03,3.014795e-03,3.079922e-03,3.136749e-03,3.217244e-03,3.809864e-03,3.949653e-03,2.964465e-03,3.031389e-03,3.233172e-03,3.091102e-03,3.162375e-03
1.060000e+02,3.087385e-03,3.158214e-03,3.107269e-03,3.179310e-03,3.093406e-03,3.164584e-03,3.082523e-03,3.153082e-03,3.074327e-03,3.144458e-03,3.267763e-03,3.343536e-03,2.980055e-03,3.047717e-03,3.121177e-03,3.194527e-03,3.429923e-03,3.536369e-03,3.576546e-03,3.707874e-03,3.079868e-03,3.158042e-03,3.012470e-03,3.077343e-03,3.134523e-03,3.214702e-03,3.807333e-03,3.946214e-03,2.962304e-03,3.028980e-03,3.230085e-03,3.088627e-03,3.159604e-03
1.065000e+02,3.084893e-03,3.155426e-03,3.104734e-03,3.176473e-03,3.090901e-03,3.161782e-03,3.080041e-03,3.150304e-03,3.071860e-03,3.141697e-03,3.264717e-03,3.340104e-03,2.977853e-03,3.045262e-03,3.118607e-03,3.191645e-03,3.427411e-03,3.533274e-03,3.574568e-03,3.705217e-03,3.077761e-03,3.155641e-03,3.010134e-03,3.074754e-03,3.132287e-03,3.212147e-03,3.804780e-03,3.942747e-03,2.960134e-03,3.026561e-03,3.226985e-03,3.086140e-03,3.156821e-03
1.070000e+02,3.082391e-03,3.152625e-03,3.102189e-03,3.173625e-03,3.088386e-03,3.158967e-03,3.077547e-03,3.147514e-03,3.069382e-03,3.138924e-03,3.261658e-03,3.336659e-03,2.975640e-03,3.042797e-03,3.116027e-03,3.188752e-03,3.424883e-03,3.530161e-03,3.572573e-03,3.702539e-03,3.075644e-03,3.153228e-03,3.007789e-03,3.072153e-03,3.130040e-03,3.209581e-03,3.802204e-03,3.939252e-03,2.957954e-03,3.024132e-03,3.223872e-03,3.083643e-03,3.154026e-03
1.075000e+02,3.079877e-03,3.149813e-03,3.099632e-03,3.170765e-03,3.085861e-03,3.156142e-03,3.075044e-03,3.144713e-03,3.066894e-03,3.136140e-03,3.258586e-03,3.333199e-03,2.973419e-03,3.040321e-03,3.113436e-03,3.185846e-03,3.422340e-03,3.527031e-03,3.570561e-03,3.699841e-03,3.073517e-03,3.150805e-03,3.005434e-03,3.069542e-03,3.127782e-03,3.207003e-03,3.799605e-03,3.935730e-03,2.955764e-03,3.021692e-03,3.220747e-03,3.081135e-03,3.151220e-03
1.080000e+02,3.077354e-03,3.146990e-03,3.097065e-03,3.167893e-03,3.083324e-03,3.153304e-03,3.072530e-03,3.141900e-03,3.064395e-03,3.133344e-03,3.255501e-03,3.329726e-03,2.971188e-03,3.037835e-03,3.110833e-03,3.182929e-03,3.419781e-03,3.523883e-03,3.568531e-03,3.697121e-03,3.071380e-03,3.148371e-03,3.003069e-03,3.066920e-03,3.125514e-03,3.204413e-03,3.796983e-03,3.932180e-03,2.953566e-03,3.019243e-03,3.217610e-03,3.078616e-03,3.148403e-03
1.085000e+02,3.074819e-03,3.144155e-03,3.094487e-03,3.165010e-03,3.080777e-03,3.150455e-03,3.070005e-03,3.139076e-03,3.061885e-03,3.130537e-03,3.252404e-03,3.326239e-03,2.968947e-03,3.035339e-03,3.108220e-03,3.180000e-03,3.417208e-03,3.520719e-03,3.566484e-03,3.694381e-03,3.069233e-03,3.145925e-03,3.000693e-03,3.064288e-03,3.123235e-03,3.201811e-03,3.794338e-03,3.928603e-03,2.951358e-03,3.016783e-03,3.214461e-03,3.076087e-03,3.145573e-03
1.090000e+02,3.072274e-03,3.141309e-03,3.091898e-03,3.162115e-03,3.078220e-03,3.147595e-03,3.067469e-03,3.136240e-03,3.059365e-03,3.127719e-03,3.249293e-03,3.322738e-03,2.966697e-03,3.032833e-03,3.105595e-03,3.177059e-03,3.414619e-03,3.517537e-03,3.564420e-03,3.691619e-03,3.067076e-03,3.143469e-03,2.998308e-03,3.061645e-03,3.120946e-03,3.199198e-03,3.791669e-03,3.924997e-03,2.949140e-03,3.014313e-03,3.211299e-03,3.073547e-03,3.142733e-03
1.095000e+02,3.069718e-03,3.138451e-03,3.089299e-03,3.159208e-03,3.075651e-03,3.144723e-03,3.064923e-03,3.133394e-03,3.056834e-03,3.124889e-03,3.246170e-03,3.319223e-03,2.964437e-03,3.030317e-03,3.102960e-03,3.174106e-03,3.412014e-03,3.514338e-03,3.562338e-03,3.688837e-03,3.064909e-03,3.141001e-03,2.995913e-03,3.058991e-03,3.118646e-03,3.196572e-03,3.788977e-03,3.921363e-03,2.946914e-03,3.011833e-03,3.208125e-03,3.070997e-03,3.139881e-03
1.100000e+02,3.067151e-03,3.135581e-03,3.086689e-03,3.156289e-03,3.073072e-03,3.141840e-03,3.062366e-03,3.130535e-03,3.054293e-03,3.122048e-03,3.243034e-03,3.315695e-03,2.962168e-03,3.027790e-03,3.100314e-03,3.171141e-03,3.409395e-03,3.511121e-03,3.560239e-03,3.686033e-03,3.062732e-03,3.138522e-03,2.993508e-03,3.056326e-03,3.116335e-03,3.193935e-03,3.786262e-03,3.917700e-03,2.944678e-03,3.009344e-03,3.204939e-03,3.068436e-03,3.137017e-03
1.105000e+02,3.064574e-03,3.132701e-03,3.084067e-03,3.153360e-03,3.070482e-03,3.138945e-03,3.059799e-03,3.127666e-03,3.051741e-03,3.119196e-03,3.239886e-03,3.312153e-03,2.959890e-03,3.025253e-03,3.097657e-03,3.168165e-03,3.406759e-03,3.507887e-03,3.558121e-03,3.683208e-03,3.060545e-03,3.136032e-03,2.991093e-03,3.053651e-03,3.114014e-03,3.191286e-03,3.783522e-03,3.914010e-03,2.942432e-03,3.006844e-03,3.201740e-03,3.065864e-03,3.134142e-03
1.110000e+02,3.061987e-03,3.129809e-03,3.081436e-03,3.150418e-03,3.067882e-03,3.136038e-03,3.057221e-03,3.124785e-03,3.049179e-03,3.116333e-03,3.236725e-03,3.308597e-03,2.957602e-03,3.022706e-03,3.094989e-03,3.165177e-03,3.404109e-03,3.504636e-03,3.555986e-03,3.680361e-03,3.058348e-03,3.133530e-03,2.988669e-03,3.050966e-03,3.111683e-03,3.188625e-03,3.780759e-03,3.910291e-03,2.940178e-03,3.004334e-03,3.198529e-03,3.063282e-03,3.131256e-03
1.115000e+02,3.059389e-03,3.126905e-03,3.078793e-03,3.147465e-03,3.065271e-03,3.133121e-03,3.054633e-03,3.121892e-03,3.046607e-03,3.113458e-03,3.233551e-03,3.305028e-03,2.955304e-03,3.020149e-03,3.092310e-03,3.162177e-03,3.401443e-03,3.501368e-03,3.553833e-03,3.677493e-03,3.056141e-03,3.131018e-03,2.986234e-03,3.048269e-03,3.109340e-03,3.185952e-03,3.777972e-03,3.906543e-03,2.937914e-03,3.001814e-03,3.195306e-03,3.060689e-03,3.128358e-03
1.120000e+02,3.056780e-03,3.123991e-03,3.076140e-03,3.144500e-03,3.062649e-03,3.130192e-03,3.052034e-03,3.118989e-03,3.044024e-03,3.110572e-03,3.230364e-03,3.301445e-03,2.952998e-03,3.017582e-03,3.089621e-03,3.159166e-03,3.398761e-03,3.498082e-03,3.551662e-03,3.674603e-03,3.053924e-03,3.128495e-03,2.983790e-03,3.045563e-03,3.106988e-03,3.183267e-03,3.775160e-03,3.902767e-03,2.935641e-03,2.999284e-03,3.192071e-03,3.058085e-03,3.125449e-03
1.125000e+02,3.054161e-03,3.121065e-03,3.073476e-03,3.141524e-03,3.060017e-03,3.127251e-03,3.049425e-03,3.116074e-03,3.041430e-03,3.107675e-03,3.227165e-03,3.297849e-03,2.950681e-03,3.015004e-03,3.086920e-03,3.156142e-03,3.396064e-03,3.494778e-03,3.549473e-03,3.671692e-03,3.051697e-03,3.125960e-03,2.981335e-03,3.042845e-03,3.104624e-03,3.180571e-03,3.772325e-03,3.898962e-03,2.933358e-03,2.996744e-03,3.188824e-03,3.055471e-03,3.122529e-03
1.130000e+02,3.051531e-03,3.118127e-03,3.070801e-03,3.138537e-03,3.057375e-03,3.124299e-03,3.046806e-03,3.113148e-03,3.038827e-03,3.104766e-03,3.223953e-03,3.294239e-03,2.948356e-03,3.012417e-03,3.084209e-03,3.153108e-03,3.393352e-03,3.491458e-03,3.547266e-03,3.668759e-03,3.049460e-03,3.123414e-03,2.978871e-03,3.040118e-03,3.102250e-03,3.177862e-03,3.769465e-03,3.895129e-03,2.931067e-03,2.994195e-03,3.185565e-03,3.052847e-03,3.119597e-03
1.135000e+02,3.048891e-03,3.115179e-03,3.068116e-03,3.135538e-03,3.054721e-03,3.121336e-03,3.044176e-03,3.110210e-03,3.036213e-03,3.101847e-03,3.220728e-03,3.290616e-03,2.946021e-03,3.009820e-03,3.081487e-03,3.150061e-03,3.390624e-03,3.488120e-03,3.545041e-03,3.665804e-03,3.047214e-03,3.120857e-03,2.976397e-03,3.037380e-03,3.099865e-03,3.175142e-03,3.766581e-03,3.891266e-03,2.928766e-03,2.991635e-03,3.182293e-03,3.050212e-03,3.116654e-03
1.140000e+02,3.046240e-03,3.112219e-03,3.065420e-03,3.132527e-03,3.052058e-03,3.118362e-03,3.041535e-03,3.107262e-03,3.033588e-03,3.098916e-03,3.217491e-03,3.286980e-03,2.943677e-03,3.007212e-03,3.078754e-03,3.147004e-03,3.387880e-03,3.484764e-03,3.542797e-03,3.662828e-03,3.044957e-03,3.118289e-03,2.973914e-03,3.034631e-03,3.097470e-03,3.172410e-03,3.763672e-03,3.887374e-03,2.926456e-03,2.989065e-03,3.179010e-03,3.047567e-03,3.113700e-03
1.145000e+02,3.043579e-03,3.109248e-03,3.062713e-03,3.129506e-03,3.049384e-03,3.115376e-03,3.038884e-03,3.104302e-03,3.030953e-03,3.095975e-03,3.214242e-03,3.283330e-03,2.941323e-03,3.004595e-03,3.076011e-03,3.143934e-03,3.385121e-03,3.481391e-03,3.540535e-03,3.659829e-03,3.042690e-03,3.115710e-03,2.971420e-03,3.031872e-03,3.095064e-03,3.169666e-03,3.760739e-03,3.883454e-03,2.924136e-03,2.986486e-03,3.175715e-03,3.044911e-03,3.110734e-03
1.150000e+02,3.040908e-03,3.106266e-03,3.059996e-03,3.126472e-03,3.046699e-03,3.112379e-03,3.036223e-03,3.101332e-03,3.028308e-03,3.093022e-03,3.210980e-03,3.279666e-03,2.938961e-03,3.001967e-03,3.073256e-03,3.140853e-03,3.382345e-03,3.478000e-03,3.538254e-03,3.656809e-03,3.040413e-03,3.113120e-03,2.968917e-03,3.029102e-03,3.092648e-03,3.166911e-03,3.757781e-03,3.879504e-03,2.921808e-03,2.983897e-03,3.172408e-03,3.042244e-03,3.107758e-03
1.155000e+02,3.038226e-03,3.103273e-03,3.057268e-03,3.123428e-03,3.044004e-03,3.109371e-03,3.033551e-03,3.098350e-03,3.025653e-03,3.090058e-03,3.207705e-03,3.275990e-03,2.936588e-03,2.999330e-03,3.070491e-03,3.137761e-03,3.379555e-03,3.474593e-03,3.535954e-03,3.653766e-03,3.038127e-03,3.110519e-03,2.966405e-03,3.026323e-03,3.090221e-03,3.164143e-03,3.754798e-03,3.875524e-03,2.919470e-03,2.981298e-03,3.169089e-03,3.039568e-03,3.104770e-03
1.160000e+02,3.035534e-03,3.100268e-03,3.054530e-03,3.120372e-03,3.041298e-03,3.106352e-03,3.030869e-03,3.095357e-03,3.022987e-03,3.087083e-03,3.204418e-03,3.272300e-03,2.934207e-03,2.996682e-03,3.067716e-03,3.134657e-03,3.376748e-03,3.471167e-03,3.533636e-03,3.650701e-03,3.035830e-03,3.107906e-03,2.963882e-03,3.023532e-03,3.087783e-03,3.161364e-03,3.751790e-03,3.871516e-03,2.917124e-03,2.978689e-03,3.165758e-03,3.036881e-03,3.101771e-03
1.165000e+02,3.032831e-03,3.097253e-03,3.051781e-03,3.117305e-03,3.038582e-03,3.103322e-03,3.028177e-03,3.092353e-03,3.020311e-03,3.084097e-03,3.201118e-03,3.268597e-03,2.931816e-03,2.994025e-03,3.064930e-03,3.131542e-03,3.373926e-03,3.467724e-03,3.531299e-03,3.647614e-03,3.033524e-03,3.105283e-03,2.961350e-03,3.020732e-03,3.085335e-03,3.158573e-03,3.748757e-03,3.867478e-03,2.914768e-03,2.976070e-03,3.162415e-03,3.034183e-03,3.098761e-03
1.170000e+02,3.030118e-03,3.094226e-03,3.049021e-03,3.114226e-03,3.035856e-03,3.100280e-03,3.025474e-03,3.089338e-03,3.017624e-03,3.081101e-03,3.197807e-03,3.264880e-03,2.929416e-03,2.991357e-03,3.062133e-03,3.128415e-03,3.371088e-03,3.464264e-03,3.528944e-03,3.644504e-03,3.031207e-03,3.102648e-03,2.958808e-03,3.017921e-03,3.082876e-03,3.155770e-03,3.745699e-03,3.863410e-03,2.912403e-03,2.973442e-03,3.159060e-03,3.031475e-03,3.095740e-03
1.175000e+02,3.027394e-03,3.091188e-03,3.046251e-03,3.111137e-03,3.033119e-03,3.097228e-03,3.022761e-03,3.086312e-03,3.014928e-03,3.078093e-03,3.194482e-03,3.261151e-03,2.927007e-03,2.988680e-03,3.059325e-03,3.125277e-03,3.368235e-03,3.460786e-03,3.526569e-03,3.641372e-03,3.028880e-03,3.100003e-03,2.956256e-03,3.015100e-03,3.080407e-03,3.152956e-03,3.742615e-03,3.859313e-03,2.910029e-03,2.970803e-03,3.155694e-03,3.028757e-03,3.092708e-03
1.180000e+02,3.024661e-03,3.088140e-03,3.043471e-03,3.108036e-03,3.030372e-03,3.094164e-03,3.020038e-03,3.083275e-03,3.012221e-03,3.075074e-03,3.191146e-03,3.257408e-03,2.924589e-03,2.985993e-03,3.056507e-03,3.122127e-03,3.365365e-03,3.457291e-03,3.524175e-03,3.638218e-03,3.026544e-03,3.097346e-03,2.953695e-03,3.012269e-03,3.077927e-03,3.150130e-03,3.739506e-03,3.855186e-03,2.907645e-03,2.968155e-03,3.152316e-03,3.026028e-03,3.089665e-03
1.185000e+02,3.021917e-03,3.085080e-03,3.040680e-03,3.104924e-03,3.027614e-03,3.091089e-03,3.017304e-03,3.080227e-03,3.009504e-03,3.072045e-03,3.187797e-03,3.253653e-03,2.922161e-03,2.983296e-03,3.053678e-03,3.118967e-03,3.362480e-03,3.453778e-03,3.521762e-03,3.635041e-03,3.024197e-03,3.094678e-03,2.951124e-03,3.009427e-03,3.075436e-03,3.147292e-03,3.736372e-03,3.851030e-03,2.905253e-03,2.965498e-03,3.148926e-03,3.023289e-03,3.086611e-03
1.190000e+02,3.019162e-03,3.082009e-03,3.037878e-03,3.101801e-03,3.024846e-03,3.088003e-03,3.014560e-03,3.077168e-03,3.006777e-03,3.069004e-03,3.184435e-03,3.249884e-03,2.919724e-03,2.980589e-03,3.050839e-03,3.115795e-03,3.359579e-03,3.450247e-03,3.519330e-03,3.631842e-03,3.021841e-03,3.091999e-03,2.948544e-03,3.006575e-03,3.072935e-03,3.144442e-03,3.733212e-03,3.846843e-03,2.902852e-03,2.962830e-03,3.145525e-03,3.020540e-03,3.083546e-03
1.195000e+02,3.016398e-03,3.078928e-03,3.035066e-03,3.098666e-03,3.022068e-03,3.084906e-03,3.011806e-03,3.074098e-03,3.004040e-03,3.065953e-03,3.181062e-03,3.246102e-03,2.917278e-03,2.977873e-03,3.047989e-03,3.112611e-03,3.356662e-03,3.446699e-03,3.516879e-03,3.628619e-03,3.019474e-03,3.089309e-03,2.945954e-03,3.003713e-03,3.070423e-03,3.141580e-03,3.730026e-03,3.842627e-03,2.900442e-03,2.960153e-03,3.142112e-03,3.017781e-03,3.080469e-03
1.200000e+02,3.013623e-03,3.075835e-03,3.032244e-03,3.095521e-03,3.019279e-03,3.081799e-03,3.009042e-03,3.071017e-03,3.001292e-03,3.062891e-03,3.177676e-03,3.242307e-03,2.914823e-03,2.975146e-03,3.045128e-03,3.109417e-03,3.353729e-03,3.443134e-03,3.514408e-03,3.625374e-03,3.017098e-03,3.086608e-03,2.943354e-03,3.000841e-03,3.067900e-03,3.138707e-03,3.726815e-03,3.838380e-03,2.898022e-03,2.957467e-03,3.138687e-03,3.015011e-03,3.077382e-03
1.205000e+02,3.010838e-03,3.072732e-03,3.029411e-03,3.092364e-03,3.016481e-03,3.078680e-03,3.006268e-03,3.067925e-03,2.998535e-03,3.059818e-03,3.174278e-03,3.238500e-03,2.912359e-03,2.972410e-03,3.042257e-03,3.106211e-03,3.350780e-03,3.439551e-03,3.511917e-03,3.622107e-03,3.014712e-03,3.083896e-03,2.940745e-03,2.997959e-03,3.065367e-03,3.135821e-03,3.723577e-03,3.834104e-03,2.895594e-03,2.954770e-03,3.135251e-03,3.012231e-03,3.074284e-03
1.210000e+02,3.008043e-03,3.069618e-03,3.026568e-03,3.089197e-03,3.013672e-03,3.075550e-03,3.003483e-03,3.064823e-03,2.995767e-03,3.056735e-03,3.170868e-03,3.234679e-03,2.909885e-03,2.969664e-03,3.039376e-03,3.102994e-03,3.347815e-03,3.435950e-03,3.509408e-03,3.618816e-03,3.012315e-03,3.081173e-03,2.938127e-03,2.995067e-03,3.062824e-03,3.132925e-03,3.720313e-03,3.829797e-03,2.893156e-03,2.952064e-03,3.131803e-03,3.009441e-03,3.071176e-03
1.215000e+02,3.005237e-03,3.066492e-03,3.023715e-03,3.086018e-03,3.010852e-03,3.072410e-03,3.000688e-03,3.061710e-03,2.992989e-03,3.053640e-03,3.167446e-03,3.230846e-03,2.907403e-03,2.966908e-03,3.036484e-03,3.099766e-03,3.344834e-03,3.432332e-03,3.506878e-03,3.615502e-03,3.009909e-03,3.078439e-03,2.935498e-03,2.992164e-03,3.060269e-03,3.130016e-03,3.717024e-03,3.825460e-03,2.890710e-03,2.949349e-03,3.128343e-03,3.006641e-03,3.068056e-03
1.220000e+02,3.002422e-03,3.063356e-03,3.020851e-03,3.082829e-03,3.008023e-03,3.069258e-03,2.997883e-03,3.058586e-03,2.990201e-03,3.050535e-03,3.164011e-03,3.226999e-03,2.904911e-03,2.964143e-03,3.033581e-03,3.096526e-03,3.341838e-03,3.428696e-03,3.504329e-03,3.612166e-03,3.007492e-03,3.075694e-03,2.932861e-03,2.989252e-03,3.057705e-03,3.127096e-03,3.713708e-03,3.821093e-03,2.888254e-03,2.946624e-03,3.124873e-03,3.003830e-03,3.064925e-03
1.225000e+02,2.999596e-03,3.060210e-03,3.017977e-03,3.079628e-03,3.005183e-03,3.066096e-03,2.995069e-03,3.055451e-03,2.987403e-03,3.047420e-03,3.160564e-03,3.223140e-03,2.902410e-03,2.961368e-03,3.030668e-03,3.093276e-03,3.338825e-03,3.425043e-03,3.501760e-03,3.608806e-03,3.005066e-03,3.072938e-03,2.930214e-03,2.986329e-03,3.055129e-03,3.124163e-03,3.710365e-03,3.816695e-03,2.885790e-03,2.943889e-03,3.121391e-03,3.001010e-03,3.061784e-03
1.230000e+02,2.996760e-03,3.057052e-03,3.015093e-03,3.076416e-03,3.002333e-03,3.062923e-03,2.992243e-03,3.052306e-03,2.984595e-03,3.044293e-03,3.157106e-03,3.219269e-03,2.899900e-03,2.958583e-03,3.027745e-03,3.090014e-03,3.335796e-03,3.421372e-03,3.499171e-03,3.605423e-03,3.002630e-03,3.070170e-03,2.927557e-03,2.983396e-03,3.052543e-03,3.121220e-03,3.706996e-03,3.812267e-03,2.883317e-03,2.941145e-03,3.117897e-03,2.998179e-03,3.058632e-03
1.235000e+02,2.993914e-03,3.053884e-03,3.012198e-03,3.073194e-03,2.999473e-03,3.059739e-03,2.989408e-03,3.049149e-03,2.981778e-03,3.041156e-03,3.153635e-03,3.215384e-03,2.897382e-03,2.955789e-03,3.024812e-03,3.086742e-03,3.332752e-03,3.417683e-03,3.496562e-03,3.602017e-03,3.000184e-03,3.067392e-03,2.924891e-03,2.980454e-03,3.049947e-03,3.118264e-03,3.703601e-03,3.807808e-03,2.880835e-03,2.938391e-03,3.114392e-03,2.995338e-03,3.055469e-03
1.240000e+02,2.991058e-03,3.050705e-03,3.009293e-03,3.069961e-03,2.996603e-03,3.056544e-03,2.986563e-03,3.045983e-03,2.978950e-03,3.038009e-03,3.150152e-03,3.211487e-03,2.894854e-03,2.952985e-03,3.021868e-03,3.083458e-03,3.329691e-03,3.413977e-03,3.493933e-03,3.598587e-03,2.997727e-03,3.064602e-03,2.922215e-03,2.977501e-03,3.047339e-03,3.115297e-03,3.700179e-03,3.803319e-03,2.878344e-03,2.935628e-03,3.110876e-03,2.992487e-03,3.052295e-03
1.245000e+02,2.988192e-03,3.047515e-03,3.006378e-03,3.066716e-03,2.993723e-03,3.053339e-03,2.983708e-03,3.042805e-03,2.976112e-03,3.034850e-03,3.146657e-03,3.207577e-03,2.892317e-03,2.950171e-03,3.018913e-03,3.080164e-03,3.326614e-03,3.410254e-03,3.491284e-03,3.595134e-03,2.995261e-03,3.061802e-03,2.919531e-03,2.974539e-03,3.044722e-03,3.112318e-03,3.696730e-03,3.798799e-03,2.875843e-03,2.932855e-03,3.107348e-03,2.989626e-03,3.049111e-03
1.250000e+02,2.985316e-03,3.044315e-03,3.003452e-03,3.063461e-03,2.990832e-03,3.050123e-03,2.980843e-03,3.039617e-03,2.973264e-03,3.031682e-03,3.143151e-03,3.203655e-03,2.889771e-03,2.947348e-03,3.015948e-03,3.076858e-03,3.323521e-03,3.406512e-03,3.488615e-03,3.591658e-03,2.992785e-03,3.058991e-03,2.916836e-03,2.971566e-03,3.042093e-03,3.109327e-03,3.693254e-03,3.794248e-03,2.873335e-03,2.930073e-03,3.103809e-03,2.986755e-03,3.045916e-03
1.255000e+02,2.982429e-03,3.041104e-03,3.000517e-03,3.060196e-03,2.987932e-03,3.046896e-03,2.977967e-03,3.036418e-03,2.970406e-03,3.028502e-03,3.139632e-03,3.199720e-03,2.887216e-03,2.944515e-03,3.012973e-03,3.073542e-03,3.320412e-03,3.402753e-03,3.485925e-03,3.588158e-03,2.990299e-03,3.056168e-03,2.914133e-03,2.968584e-03,3.039454e-03,3.106325e-03,3.689752e-03,3.789667e-03,2.870817e-03,2.927282e-03,3.100259e-03,2.983873e-03,3.042711e-03
1.260000e+02,2.979533e-03,3.037883e-03,2.997571e-03,3.056919e-03,2.985021e-03,3.043659e-03,2.975082e-03,3.033209e-03,2.967538e-03,3.025313e-03,3.136101e-03,3.195773e-03,2.884652e-03,2.941673e-03,3.009988e-03,3.070214e-03,3.317286e-03,3.398977e-03,3.483216e-03,3.584635e-03,2.987803e-03,3.053335e-03,2.911420e-03,2.965592e-03,3.036804e-03,3.103311e-03,3.686222e-03,3.785054e-03,2.868290e-03,2.924481e-03,3.096698e-03,2.980982e-03,3.039494e-03
1.265000e+02,2.976627e-03,3.034651e-03,2.994615e-03,3.053632e-03,2.982101e-03,3.040411e-03,2.972187e-03,3.029989e-03,2.964661e-03,3.022113e-03,3.132559e-03,3.191813e-03,2.882079e-03,2.938821e-03,3.006993e-03,3.066876e-03,3.314145e-03,3.395183e-03,3.480485e-03,3.581088e-03,2.985297e-03,3.050490e-03,2.908697e-03,2.962590e-03,3.034144e-03,3.100285e-03,3.682665e-03,3.780411e-03,2.865755e-03,2.921670e-03,3.093126e-03,2.978081e-03,3.036268e-03
1.270000e+02,2.973711e-03,3.031408e-03,2.991649e-03,3.050333e-03,2.979170e-03,3.037152e-03,2.969282e-03,3.026759e-03,2.961773e-03,3.018902e-03,3.129005e-03,3.187840e-03,2.879497e-03,2.935960e-03,3.003987e-03,3.063527e-03,3.310987e-03,3.391371e-03,3.477734e-03,3.577517e-03,2.982780e-03,3.047635e-03,2.905966e-03,2.959578e-03,3.031474e-03,3.097247e-03,3.679081e-03,3.775736e-03,2.863211e-03,2.918851e-03,3.089542e-03,2.975170e-03,3.033030e-03
1.275000e+02,2.970785e-03,3.028155e-03,2.988673e-03,3.047025e-03,2.976230e-03,3.033883e-03,2.966367e-03,3.023518e-03,2.958876e-03,3.015681e-03,3.125439e-03,3.183856e-03,2.876906e-03,2.933089e-03,3.000971e-03,3.060167e-03,3.307813e-03,3.387542e-03,3.474963e-03,3.573922e-03,2.980254e-03,3.044769e-03,2.903225e-03,2.956556e-03,3.028792e-03,3.094198e-03,3.675469e-03,3.771031e-03,2.860657e-03,2.916022e-03,3.085947e-03,2.972248e-03,3.029782e-03
1.280000e+02,2.967848e-03,3.024891e-03,2.985686e-03,3.043705e-03,2.973279e-03,3.030603e-03,2.963442e-03,3.020267e-03,2.955969e-03,3.012449e-03,3.121861e-03,3.179859e-03,2.874306e-03,2.930209e-03,2.997945e-03,3.056797e-03,3.304623e-03,3.383695e-03,3.472171e-03,3.570304e-03,2.977718e-03,3.041891e-03,2.900475e-03,2.953525e-03,3.026100e-03,3.091138e-03,3.671831e-03,3.766294e-03,2.858096e-03,2.913184e-03,3.082342e-03,2.969317e-03,3.026524e-03
1.285000e+02,2.964903e-03,3.021617e-03,2.982690e-03,3.040375e-03,2.970319e-03,3.027313e-03,2.960507e-03,3.017006e-03,2.953052e-03,3.009208e-03,3.118271e-03,3.175850e-03,2.871698e-03,2.927319e-03,2.994908e-03,3.053415e-03,3.301417e-03,3.379831e-03,3.469358e-03,3.566662e-03,2.975172e-03,3.039003e-03,2.897715e-03,2.950484e-03,3.023398e-03,3.088065e-03,3.668164e-03,3.761527e-03,2.855525e-03,2.910336e-03,3.078725e-03,2.966376e-03,3.023255e-03
1.290000e+02,2.961947e-03,3.018333e-03,2.979683e-03,3.037034e-03,2.967348e-03,3.024012e-03,2.957563e-03,3.013734e-03,2.950125e-03,3.005955e-03,3.114670e-03,3.171828e-03,2.869080e-03,2.924420e-03,2.991862e-03,3.050023e-03,3.298195e-03,3.375949e-03,3.466524e-03,3.562996e-03,2.972616e-03,3.036103e-03,2.894947e-03,2.947433e-03,3.020684e-03,3.084981e-03,3.664470e-03,3.756728e-03,2.852946e-03,2.907479e-03,3.075098e-03,2.963425e-03,3.019976e-03
1.295000e+02,2.958981e-03,3.015038e-03,2.976667e-03,3.033683e-03,2.964368e-03,3.020701e-03,2.954608e-03,3.010451e-03,2.947189e-03,3.002693e-03,3.111056e-03,3.167794e-03,2.866454e-03,2.921511e-03,2.988805e-03,3.046620e-03,3.294956e-03,3.372049e-03,3.463669e-03,3.559306e-03,2.970051e-03,3.033193e-03,2.892169e-03,2.944372e-03,3.017961e-03,3.081885e-03,3.660748e-03,3.751898e-03,2.850358e-03,2.904613e-03,3.071459e-03,2.960465e-03,3.016686e-03
1.300000e+02,2.956005e-03,3.011732e-03,2.973640e-03,3.030321e-03,2.961378e-03,3.017380e-03,2.951644e-03,3.007159e-03,2.944243e-03,2.999420e-03,3.107432e-03,3.163748e-03,2.863819e-03,2.918594e-03,2.985738e-03,3.043207e-03,3.291701e-03,3.368132e-03,3.460794e-03,3.555592e-03,2.967475e-03,3.030272e-03,2.889382e-03,2.941302e-03,3.015226e-03,3.078778e-03,3.656999e-03,3.747036e-03,2.847761e-03,2.901738e-03,3.067810e-03,2.957494e-03,3.013386e-03
1.305000e+02,2.953020e-03,3.008417e-03,2.970604e-03,3.026949e-03,2.958377e-03,3.014048e-03,2.948670e-03,3.003856e-03,2.941287e-03,2.996137e-03,3.103795e-03,3.159690e-03,2.861175e-03,2.915666e-03,2.982661e-03,3.039782e-03,3.288430e-03,3.364197e-03,3.457897e-03,3.551854e-03,2.964889e-03,3.027340e-03,2.886586e-03,2.938222e-03,3.012481e-03,3.075659e-03,3.653222e-03,3.742143e-03,2.845155e-03,2.898853e-03,3.064149e-03,2.954513e-03,3.010075e-03
1.310000e+02,2.950025e-03,3.005091e-03,2.967558e-03,3.023566e-03,2.955367e-03,3.010705e-03,2.945686e-03,3.000542e-03,2.938321e-03,2.992844e-03,3.100147e-03,3.155620e-03,2.858522e-03,2.912730e-03,2.979574e-03,3.036348e-03,3.285142e-03,3.360244e-03,3.454979e-03,3.548092e-03,2.962293e-03,3.024397e-03,2.883780e-03,2.935132e-03,3.009726e-03,3.072528e-03,3.649416e-03,3.737219e-03,2.842541e-03,2.895959e-03,3.060478e-03,2.951523e-03,3.006755e-03
1.315000e+02,2.947020e-03,3.001755e-03,2.964501e-03,3.020173e-03,2.952348e-03,3.007353e-03,2.942693e-03,2.997219e-03,2.935346e-03,2.989541e-03,3.096488e-03,3.151538e-03,2.855860e-03,2.909784e-03,2.976477e-03,3.032902e-03,3.281838e-03,3.356275e-03,3.452040e-03,3.544306e-03,2.959687e-03,3.021442e-03,2.880966e-03,2.932033e-03,3.006960e-03,3.069386e-03,3.645583e-03,3.732264e-03,2.839918e-03,2.893057e-03,3.056797e-03,2.948523e-03,3.003424e-03
1.320000e+02,2.944005e-03,2.998408e-03,2.961435e-03,3.016769e-03,2.949318e-03,3.003990e-03,2.939690e-03,2.993885e-03,2.932361e-03,2.986227e-03,3.092816e-03,3.147444e-03,2.853190e-03,2.906829e-03,2.973370e-03,3.029446e-03,3.278518e-03,3.352287e-03,3.449080e-03,3.540495e-03,2.957071e-03,3.018477e-03,2.878142e-03,2.928925e-03,3.004183e-03,3.066232e-03,3.641721e-03,3.727276e-03,2.837287e-03,2.890145e-03,3.053104e-03,2.945513e-03,3.000082e-03
1.325000e+02,2.940981e-03,2.995051e-03,2.958359e-03,3.013355e-03,2.946279e-03,3.000616e-03,2.936677e-03,2.990541e-03,2.929366e-03,2.982904e-03,3.089134e-03,3.143337e-03,2.850511e-03,2.903865e-03,2.970253e-03,3.025980e-03,3.275181e-03,3.348282e-03,3.446098e-03,3.536660e-03,2.954446e-03,3.015501e-03,2.875309e-03,2.925806e-03,3.001396e-03,3.063067e-03,3.637831e-03,3.722258e-03,2.834647e-03,2.887223e-03,3.049401e-03,2.942494e-03,2.996731e-03
1.330000e+02,2.937946e-03,2.991684e-03,2.955272e-03,3.009930e-03,2.943230e-03,2.997233e-03,2.933654e-03,2.987187e-03,2.926362e-03,2.979570e-03,3.085440e-03,3.139219e-03,2.847823e-03,2.900891e-03,2.967126e-03,3.022503e-03,3.271828e-03,3.344259e-03,3.443095e-03,3.532801e-03,2.951810e-03,3.012515e-03,2.872467e-03,2.922679e-03,2.998598e-03,3.059890e-03,3.633913e-03,3.717207e-03,2.831998e-03,2.884293e-03,3.045687e-03,2.939464e-03,2.993369e-03
1.335000e+02,2.934902e-03,2.988307e-03,2.952177e-03,3.006495e-03,2.940171e-03,2.993839e-03,2.930622e-03,2.983823e-03,2.923348e-03,2.976226e-03,3.081734e-03,3.135089e-03,2.845126e-03,2.897909e-03,2.963989e-03,3.019016e-03,3.268459e-03,3.340219e-03,3.440071e-03,3.528917e-03,2.949165e-03,3.009517e-03,2.869617e-03,2.919542e-03,2.995790e-03,3.056701e-03,3.629967e-03,3.712125e-03,2.829341e-03,2.881354e-03,3.041962e-03,2.936425e-03,2.989997e-03
1.340000e+02,2.931849e-03,2.984920e-03,2.949071e-03,3.003050e-03,2.937102e-03,2.990435e-03,2.927580e-03,2.980449e-03,2.920324e-03,2.972872e-03,3.078017e-03,3.130948e-03,2.842421e-03,2.894917e-03,2.960843e-03,3.015518e-03,3.265073e-03,3.336161e-03,3.437025e-03,3.525009e-03,2.946509e-03,3.006508e-03,2.866757e-03,2.916395e-03,2.992971e-03,3.053501e-03,3.625992e-03,3.707012e-03,2.826675e-03,2.878406e-03,3.038227e-03,2.933376e-03,2.986615e-03
1.345000e+02,2.928786e-03,2.981523e-03,2.945955e-03,2.999595e-03,2.934024e-03,2.987021e-03,2.924528e-03,2.977064e-03,2.917291e-03,2.969509e-03,3.074289e-03,3.126794e-03,2.839707e-03,2.891916e-03,2.957686e-03,3.012010e-03,3.261671e-03,3.332086e-03,3.433957e-03,3.521077e-03,2.943843e-03,3.003488e-03,2.863888e-03,2.913239e-03,2.990141e-03,3.050290e-03,3.621989e-03,3.701866e-03,2.824000e-03,2.875448e-03,3.034481e-03,2.930318e-03,2.983222e-03
1.350000e+02,2.925713e-03,2.978115e-03,2.942830e-03,2.996129e-03,2.930936e-03,2.983597e-03,2.921467e-03,2.973670e-03,2.914249e-03,2.966135e-03,3.070549e-03,3.122629e-03,2.836984e-03,2.888905e-03,2.954519e-03,3.008491e-03,3.258253e-03,3.327993e-03,3.430867e-03,3.517120e-03,2.941168e-03,3.000458e-03,2.861010e-03,2.910073e-03,2.987301e-03,3.047066e-03,3.617957e-03,3.696689e-03,2.821317e-03,2.872482e-03,3.030725e-03,2.927250e-03,2.979820e-03
1.355000e+02,2.922630e-03,2.974698e-03,2.939695e-03,2.992653e-03,2.927838e-03,2.980162e-03,2.918397e-03,2.970266e-03,2.911197e-03,2.962751e-03,3.066798e-03,3.118451e-03,2.834253e-03,2.885886e-03,2.951343e-03,3.004962e-03,3.254818e-03,3.323882e-03,3.427756e-03,3.513138e-03,2.938483e-03,2.997417e-03,2.858123e-03,2.906899e-03,2.984450e-03,3.043831e-03,3.613896e-03,3.691481e-03,2.818626e-03,2.869507e-03,3.026958e-03,2.924172e-03,2.976408e-03
1.360000e+02,2.919538e-03,2.971271e-03,2.936550e-03,2.989167e-03,2.924731e-03,2.976718e-03,2.915316e-03,2.966851e-03,2.908135e-03,2.959357e-03,3.063035e-03,3.114263e-03,2.831513e-03,2.882858e-03,2.948156e-03,3.001423e-03,3.251367e-03,3.319754e-03,3.424623e-03,3.509132e-03,2.935787e-03,2.994364e-03,2.855227e-03,2.903714e-03,2.981589e-03,3.040585e-03,3.609806e-03,3.686240e-03,2.815926e-03,2.866523e-03,3.023181e-03,2.921085e-03,2.972985e-03
1.365000e+02,2.916437e-03,2.967833e-03,2.933395e-03,2.985671e-03,2.921614e-03,2.973264e-03,2.912227e-03,2.963427e-03,2.905064e-03,2.955954e-03,3.059262e-03,3.110062e-03,2.828765e-03,2.879821e-03,2.944960e-03,2.997874e-03,3.247899e-03,3.315609e-03,3.421468e-03,3.505101e-03,2.933082e-03,2.991301e-03,2.852323e-03,2.900521e-03,2.978717e-03,3.037327e-03,3.605688e-03,3.680967e-03,2.813217e-03,2.863529e-03,3.019393e-03,2.917988e-03,2.969553e-03
1.370000e+02,2.913326e-03,2.964386e-03,2.930231e-03,2.982164e-03,2.918488e-03,2.969799e-03,2.909128e-03,2.959993e-03,2.901984e-03,2.952540e-03,3.055477e-03,3.105850e-03,2.826007e-03,2.876774e-03,2.941754e-03,2.994314e-03,3.244415e-03,3.311446e-03,3.418291e-03,3.501046e-03,2.930367e-03,2.988227e-03,2.849409e-03,2.897318e-03,2.975835e-03,3.034058e-03,3.601541e-03,3.675663e-03,2.810500e-03,2.860527e-03,3.015595e-03,2.914882e-03,2.966110e-03
1.375000e+02,2.910205e-03,2.960928e-03,2.927057e-03,2.978648e-03,2.915352e-03,2.966325e-03,2.906019e-03,2.956548e-03,2.898894e-03,2.949117e-03,3.051681e-03,3.101627e-03,2.823242e-03,2.873719e-03,2.938538e-03,2.990744e-03,3.240914e-03,3.307265e-03,3.415092e-03,3.496965e-03,2.927641e-03,2.985142e-03,2.846486e-03,2.894106e-03,2.972942e-03,3.030777e-03,3.597364e-03,3.670327e-03,2.807775e-03,2.857516e-03,3.011787e-03,2.911766e-03,2.962658e-03
1.380000e+02,2.907075e-03,2.957461e-03,2.923873e-03,2.975121e-03,2.912206e-03,2.962840e-03,2.902901e-03,2.953094e-03,2.895795e-03,2.945684e-03,3.047874e-03,3.097392e-03,2.820467e-03,2.870654e-03,2.935313e-03,2.987164e-03,3.237397e-03,3.303067e-03,3.411871e-03,3.492860e-03,2.924906e-03,2.982047e-03,2.843555e-03,2.890885e-03,2.970039e-03,3.027484e-03,3.593159e-03,3.664959e-03,2.805041e-03,2.854497e-03,3.007968e-03,2.908641e-03,2.959195e-03
1.385000e+02,2.903936e-03,2.953984e-03,2.920680e-03,2.971584e-03,2.909051e-03,2.959346e-03,2.899773e-03,2.949631e-03,2.892686e-03,2.942241e-03,3.044055e-03,3.093146e-03,2.817684e-03,2.867581e-03,2.932078e-03,2.983574e-03,3.233864e-03,3.298852e-03,3.408627e-03,3.488730e-03,2.922161e-03,2.978940e-03,2.840615e-03,2.887654e-03,2.967125e-03,3.024180e-03,3.588925e-03,3.659559e-03,2.802298e-03,2.851468e-03,3.004139e-03,2.905506e-03,2.955723e-03
1.390000e+02,2.900787e-03,2.950497e-03,2.917477e-03,2.968038e-03,2.905886e-03,2.955842e-03,2.896636e-03,2.946157e-03,2.889568e-03,2.938788e-03,3.040226e-03,3.088888e-03,2.814893e-03,2.864499e-03,2.928833e-03,2.979974e-03,3.230314e-03,3.294619e-03,3.405362e-03,3.484575e-03,2.919406e-03,2.975823e-03,2.837666e-03,2.884415e-03,2.964200e-03,3.020865e-03,3.584661e-03,3.654127e-03,2.799548e-03,2.848431e-03,3.000300e-03,2.902362e-03,2.952241e-03
1.395000e+02,2.897628e-03,2.947000e-03,2.914264e-03,2.964481e-03,2.902712e-03,2.952328e-03,2.893490e-03,2.942673e-03,2.886441e-03,2.935326e-03,3.036385e-03,3.084619e-03,2.812093e-03,2.861407e-03,2.925578e-03,2.976364e-03,3.226747e-03,3.290369e-03,3.402074e-03,3.480396e-03,2.916641e-03,2.972695e-03,2.834708e-03,2.881166e-03,2.961265e-03,3.017538e-03,3.580368e-03,3.648663e-03,2.796788e-03,2.845384e-03,2.996451e-03,2.899208e-03,2.948749e-03
1.400000e+02,2.894460e-03,2.943494e-03,2.911042e-03,2.960915e-03,2.899529e-03,2.948804e-03,2.890334e-03,2.939180e-03,2.883304e-03,2.931854e-03,3.032534e-03,3.080338e-03,2.809285e-03,2.858307e-03,2.922314e-03,2.972743e-03,3.223165e-03,3.286101e-03,3.398764e-03,3.476191e-03,2.913866e-03,2.969556e-03,2.831741e-03,2.877908e-03,2.958319e-03,3.014200e-03,3.576046e-03,3.643167e-03,2.794021e-03,2.842329e-03,2.992591e-03,2.896045e-03,2.945248e-03
1.405000e+02,2.891283e-03,2.939977e-03,2.907811e-03,2.957338e-03,2.896336e-03,2.945271e-03,2.887169e-03,2.935677e-03,2.880158e-03,2.928373e-03,3.028672e-03,3.076047e-03,2.806468e-03,2.855198e-03,2.919040e-03,2.969113e-03,3.219565e-03,3.281816e-03,3.395431e-03,3.471962e-03,2.911081e-03,2.966406e-03,2.828766e-03,2.874641e-03,2.955363e-03,3.010850e-03,3.571695e-03,3.637639e-03,2.791245e-03,2.839266e-03,2.988722e-03,2.892872e-03,2.941736e-03
1.410000e+02,2.888097e-03,2.936451e-03,2.904570e-03,2.953752e-03,2.893134e-03,2.941727e-03,2.883995e-03,2.932165e-03,2.877003e-03,2.924881e-03,3.024798e-03,3.071744e-03,2.803643e-03,2.852081e-03,2.915757e-03,2.965473e-03,3.215949e-03,3.277513e-03,3.392076e-03,3.467707e-03,2.908286e-03,2.963245e-03,2.825782e-03,2.871365e-03,2.952396e-03,3.007489e-03,3.567314e-03,3.632079e-03,2.788461e-03,2.836193e-03,2.984842e-03,2.889691e-03,2.938215e-03
1.415000e+02,2.884901e-03,2.932916e-03,2.901319e-03,2.950156e-03,2.889922e-03,2.938174e-03,2.880811e-03,2.928643e-03,2.873839e-03,2.921381e-03,3.020914e-03,3.067429e-03,2.800809e-03,2.848954e-03,2.912464e-03,2.961822e-03,3.212317e-03,3.273193e-03,3.388698e-03,3.463427e-03,2.905482e-03,2.960074e-03,2.822789e-03,2.868079e-03,2.949419e-03,3.004116e-03,3.562903e-03,3.626488e-03,2.785669e-03,2.833112e-03,2.980953e-03,2.886499e-03,2.934684e-03
1.420000e+02,2.881696e-03,2.929370e-03,2.898059e-03,2.946550e-03,2.886701e-03,2.934611e-03,2.877618e-03,2.925111e-03,2.870665e-03,2.917870e-03,3.017019e-03,3.063104e-03,2.797967e-03,2.845819e-03,2.909162e-03,2.958162e-03,3.208668e-03,3.268856e-03,3.385298e-03,3.459123e-03,2.902667e-03,2.956892e-03,2.819788e-03,2.864785e-03,2.946431e-03,3.000732e-03,3.558463e-03,3.620864e-03,2.782868e-03,2.830023e-03,2.977053e-03,2.883299e-03,2.931144e-03
1.425000e+02,2.878481e-03,2.925816e-03,2.894790e-03,2.942934e-03,2.883471e-03,2.931039e-03,2.874416e-03,2.921570e-03,2.867483e-03,2.914350e-03,3.013113e-03,3.058768e-03,2.795116e-03,2.842674e-03,2.905850e-03,2.954492e-03,3.205003e-03,3.264501e-03,3.381875e-03,3.454793e-03,2.899843e-03,2.953699e-03,2.816777e-03,2.861482e-03,2.943433e-03,2.997337e-03,3.553993e-03,3.615208e-03,2.780059e-03,2.826924e-03,2.973144e-03,2.880089e-03,2.927594e-03
1.430000e+02,2.875257e-03,2.922251e-03,2.891511e-03,2.939309e-03,2.880231e-03,2.927457e-03,2.871204e-03,2.918019e-03,2.864291e-03,2.910821e-03,3.009196e-03,3.054421e-03,2.792257e-03,2.839522e-03,2.902528e-03,2.950812e-03,3.201321e-03,3.260129e-03,3.378429e-03,3.450438e-03,2.897008e-03,2.950495e-03,2.813759e-03,2.858170e-03,2.940424e-03,2.993930e-03,3.549494e-03,3.609520e-03,2.777241e-03,2.823817e-03,2.969224e-03,2.876870e-03,2.924034e-03
1.435000e+02,2.872024e-03,2.918677e-03,2.888223e-03,2.935673e-03,2.876982e-03,2.923865e-03,2.867984e-03,2.914458e-03,2.861090e-03,2.907282e-03,3.005268e-03,3.050062e-03,2.789390e-03,2.836360e-03,2.899197e-03,2.947123e-03,3.197623e-03,3.255740e-03,3.374961e-03,3.446058e-03,2.894164e-03,2.947281e-03,2.810731e-03,2.854849e-03,2.937404e-03,2.990512e-03,3.544965e-03,3.603800e-03,2.774416e-03,2.820702e-03,2.965295e-03,2.873642e-03,2.920465e-03
1.440000e+02,2.868782e-03,2.915093e-03,2.884925e-03,2.932028e-03,2.873724e-03,2.920264e-03,2.864754e-03,2.910888e-03,2.857879e-03,2.903734e-03,3.001330e-03,3.045693e-03,2.786514e-03,2.833190e-03,2.895857e-03,2.943423e-03,3.193908e-03,3.251333e-03,3.371470e-03,3.441653e-03,2.891310e-03,2.944056e-03,2.807695e-03,2.851519e-03,2.934374e-03,2.987082e-03,3.540406e-03,3.598048e-03,2.771582e-03,2.817578e-03,2.961356e-03,2.870404e-03,2.916886e-03
1.445000e+02,2.865531e-03,2.911500e-03,2.881618e-03,2.928374e-03,2.870457e-03,2.916653e-03,2.861515e-03,2.907309e-03,2.854660e-03,2.900176e-03,2.997381e-03,3.041313e-03,2.783630e-03,2.830011e-03,2.892507e-03,2.939714e-03,3.190176e-03,3.246909e-03,3.367955e-03,3.437222e-03,2.888445e-03,2.940820e-03,2.804650e-03,2.848180e-03,2.931334e-03,2.983641e-03,3.535818e-03,3.592264e-03,2.768740e-03,2.814445e-03,2.957407e-03,2.867158e-03,2.913298e-03
1.450000e+02,2.862271e-03,2.907898e-03,2.878302e-03,2.924710e-03,2.867181e-03,2.913033e-03,2.858267e-03,2.903720e-03,2.851432e-03,2.896609e-03,2.993421e-03,3.036922e-03,2.780738e-03,2.826823e-03,2.889148e-03,2.935995e-03,3.186429e-03,3.242468e-03,3.364418e-03,3.432767e-03,2.885571e-03,2.937573e-03,2.801597e-03,2.844833e-03,2.928283e-03,2.980189e-03,3.531199e-03,3.586447e-03,2.765890e-03,2.811304e-03,2.953449e-03,2.863902e-03,2.909700e-03
1.455000e+02,2.859001e-03,2.904286e-03,2.874976e-03,2.921036e-03,2.863895e-03,2.909403e-03,2.855010e-03,2.900122e-03,2.848195e-03,2.893033e-03,2.989450e-03,3.032520e-03,2.777838e-03,2.823627e-03,2.885780e-03,2.932267e-03,3.182664e-03,3.238010e-03,3.360858e-03,3.428286e-03,2.882687e-03,2.934316e-03,2.798536e-03,2.841476e-03,2.925221e-03,2.976725e-03,3.526551e-03,3.580599e-03,2.763032e-03,2.808154e-03,2.949480e-03,2.860637e-03,2.906093e-03
1.460000e+02,2.855722e-03,2.900665e-03,2.871642e-03,2.917353e-03,2.860600e-03,2.905764e-03,2.851744e-03,2.896515e-03,2.844948e-03,2.889447e-03,2.985469e-03,3.028108e-03,2.774929e-03,2.820422e-03,2.882402e-03,2.928528e-03,3.178883e-03,3.233534e-03,3.357275e-03,3.423779e-03,2.879793e-03,2.931048e-03,2.795465e-03,2.838111e-03,2.922149e-03,2.973250e-03,3.521872e-03,3.574719e-03,2.760166e-03,2.804996e-03,2.945503e-03,2.857362e-03,2.902476e-03
1.465000e+02,2.852435e-03,2.897034e-03,2.868298e-03,2.913660e-03,2.857296e-03,2.902115e-03,2.848469e-03,2.892898e-03,2.841693e-03,2.885852e-03,2.981478e-03,3.023684e-03,2.772012e-03,2.817209e-03,2.879015e-03,2.924781e-03,3.175086e-03,3.229041e-03,3.353669e-03,3.419248e-03,2.876890e-03,2.927769e-03,2.792387e-03,2.834737e-03,2.919067e-03,2.969764e-03,3.517164e-03,3.568807e-03,2.757291e-03,2.801830e-03,2.941515e-03,2.854079e-03,2.898850e-03
1.470000e+02,2.849138e-03,2.893394e-03,2.864944e-03,2.909958e-03,2.853983e-03,2.898457e-03,2.845184e-03,2.889272e-03,2.838429e-03,2.882248e-03,2.977476e-03,3.019250e-03,2.769087e-03,2.813987e-03,2.875618e-03,2.921023e-03,3.171272e-03,3.224531e-03,3.350039e-03,3.414691e-03,2.873976e-03,2.924480e-03,2.789300e-03,2.831354e-03,2.915974e-03,2.966266e-03,3.512425e-03,3.562863e-03,2.754409e-03,2.798655e-03,2.937518e-03,2.850787e-03,2.895215e-03
1.475000e+02,2.845832e-03,2.889745e-03,2.861582e-03,2.906246e-03,2.850661e-03,2.894790e-03,2.841891e-03,2.885636e-03,2.835155e-03,2.878635e-03,2.973463e-03,3.014806e-03,2.766154e-03,2.810757e-03,2.872212e-03,2.917256e-03,3.167442e-03,3.220004e-03,3.346387e-03,3.410109e-03,2.871052e-03,2.921180e-03,2.786204e-03,2.827963e-03,2.912870e-03,2.962757e-03,3.507657e-03,3.556886e-03,2.751518e-03,2.795472e-03,2.933511e-03,2.847486e-03,2.891570e-03
1.480000e+02,2.842517e-03,2.886086e-03,2.858210e-03,2.902525e-03,2.847330e-03,2.891113e-03,2.838589e-03,2.881992e-03,2.831873e-03,2.875012e-03,2.969440e-03,3.010351e-03,2.763212e-03,2.807518e-03,2.868798e-03,2.913480e-03,3.163595e-03,3.215459e-03,3.342711e-03,3.405501e-03,2.868119e-03,2.917870e-03,2.783100e-03,2.824563e-03,2.909756e-03,2.959237e-03,3.502858e-03,3.550878e-03,2.748619e-03,2.792280e-03,2.929495e-03,2.844175e-03,2.887916e-03
1.485000e+02,2.839193e-03,2.882418e-03,2.854830e-03,2.898794e-03,2.843989e-03,2.887427e-03,2.835278e-03,2.878338e-03,2.828582e-03,2.871381e-03,2.965407e-03,3.005885e-03,2.760262e-03,2.804271e-03,2.865373e-03,2.909694e-03,3.159731e-03,3.210898e-03,3.339012e-03,3.400869e-03,2.865176e-03,2.914548e-03,2.779988e-03,2.821154e-03,2.906632e-03,2.955706e-03,3.498029e-03,3.544838e-03,2.745713e-03,2.789080e-03,2.925470e-03,2.840856e-03,2.884253e-03
1.490000e+02,2.835861e-03,2.878741e-03,2.851440e-03,2.895054e-03,2.840640e-03,2.883732e-03,2.831958e-03,2.874675e-03,2.825282e-03,2.867740e-03,2.961363e-03,3.001409e-03,2.757304e-03,2.801015e-03,2.861940e-03,2.905899e-03,3.155852e-03,3.206319e-03,3.335289e-03,3.396210e-03,2.862222e-03,2.911216e-03,2.776867e-03,2.817737e-03,2.903497e-03,2.952163e-03,3.493170e-03,3.538766e-03,2.742798e-03,2.785872e-03,2.921435e-03,2.837528e-03,2.880580e-03
1.495000e+02,2.832519e-03,2.875055e-03,2.848041e-03,2.891305e-03,2.837282e-03,2.880028e-03,2.828629e-03,2.871003e-03,2.821973e-03,2.864090e-03,2.957309e-03,2.996923e-03,2.754339e-03,2.797751e-03,2.858498e-03,2.902094e-03,3.151955e-03,3.201723e-03,3.331543e-03,3.391527e-03,2.859259e-03,2.907874e-03,2.773738e-03,2.814311e-03,2.900352e-03,2.948609e-03,3.488281e-03,3.532662e-03,2.739875e-03,2.782655e-03,2.917390e-03,2.834191e-03,2.876899e-03
1.500000e+02,2.829168e-03,2.871360e-03,2.844633e-03,2.887547e-03,2.833915e-03,2.876315e-03,2.825291e-03,2.867322e-03,2.818656e-03,2.860431e-03,2.953244e-03,2.992426e-03,2.751364e-03,2.794479e-03,2.855046e-03,2.898280e-03,3.148042e-03,3.197111e-03,3.327774e-03,3.386818e-03,2.856286e-03,2.904521e-03,2.770600e-03,2.810877e-03,2.897196e-03,2.945044e-03,3.483361e-03,3.526526e-03,2.736944e-03,2.779431e-03,2.913337e-03,2.830844e-03,2.873208e-03
1.505000e+02,2.825809e-03,2.867655e-03,2.841216e-03,2.883779e-03,2.830539e-03,2.872592e-03,2.821944e-03,2.863631e-03,2.815330e-03,2.856764e-03,2.949170e-03,2.987919e-03,2.748382e-03,2.791198e-03,2.851586e-03,2.894457e-03,3.144113e-03,3.192481e-03,3.323981e-03,3.382083e-03,2.853303e-03,2.901157e-03,2.767455e-03,2.807434e-03,2.894030e-03,2.941468e-03,3.478411e-03,3.520358e-03,2.734006e-03,2.776198e-03,2.909274e-03,2.827489e-03,2.869508e-03
1.510000e+02,2.822441e-03,2.863942e-03,2.837790e-03,2.880002e-03,2.827154e-03,2.868860e-03,2.818589e-03,2.859932e-03,2.811995e-03,2.853087e-03,2.945085e-03,2.983401e-03,2.745392e-03,2.787909e-03,2.848116e-03,2.890624e-03,3.140167e-03,3.187834e-03,3.320165e-03,3.377323e-03,2.850311e-03,2.897783e-03,2.764301e-03,2.803982e-03,2.890853e-03,2.937880e-03,3.473431e-03,3.514159e-03,2.731059e-03,2.772957e-03,2.905202e-03,2.824125e-03,2.865800e-03
1.515000e+02,2.819063e-03,2.860220e-03,2.834355e-03,2.876216e-03,2.823760e-03,2.865119e-03,2.815225e-03,2.856224e-03,2.808651e-03,2.849401e-03,2.940989e-03,2.978873e-03,2.742394e-03,2.784612e-03,2.844637e-03,2.886782e-03,3.136205e-03,3.183171e-03,3.316325e-03,3.372538e-03,2.847308e-03,2.894398e-03,2.761138e-03,2.800522e-03,2.887666e-03,2.934282e-03,3.468420e-03,3.507927e-03,2.728105e-03,2.769707e-03,2.901120e-03,2.820753e-03,2.862082e-03
1.520000e+02,2.815678e-03,2.856488e-03,2.830911e-03,2.872420e-03,2.820358e-03,2.861370e-03,2.811852e-03,2.852507e-03,2.805298e-03,2.845706e-03,2.936884e-03,2.974336e-03,2.739388e-03,2.781306e-03,2.841149e-03,2.882931e-03,3.132226e-03,3.178490e-03,3.312462e-03,3.367727e-03,2.844296e-03,2.891002e-03,2.757968e-03,2.797054e-03,2.884468e-03,2.930672e-03,3.463379e-03,3.501664e-03,2.725142e-03,2.766450e-03,2.897030e-03,2.817371e-03,2.858355e-03
1.525000e+02,2.812283e-03,2.852748e-03,2.827459e-03,2.868616e-03,2.816946e-03,2.857611e-03,2.808470e-03,2.848781e-03,2.801937e-03,2.842003e-03,2.932769e-03,2.969788e-03,2.736374e-03,2.777992e-03,2.837653e-03,2.879071e-03,3.128231e-03,3.173793e-03,3.308574e-03,3.362891e-03,2.841274e-03,2.887596e-03,2.754789e-03,2.793578e-03,2.881260e-03,2.927051e-03,3.458308e-03,3.495369e-03,2.722172e-03,2.763184e-03,2.892930e-03,2.813981e-03,2.854619e-03
1.530000e+02,2.808879e-03,2.848999e-03,2.823997e-03,2.864803e-03,2.813526e-03,2.853843e-03,2.805080e-03,2.845046e-03,2.798567e-03,2.838291e-03,2.928643e-03,2.965230e-03,2.733351e-03,2.774670e-03,2.834147e-03,2.875202e-03,3.124220e-03,3.169078e-03,3.304664e-03,3.358029e-03,2.838242e-03,2.884180e-03,2.751602e-03,2.790093e-03,2.878041e-03,2.923419e-03,3.453206e-03,3.489042e-03,2.719194e-03,2.759911e-03,2.888822e-03,2.810582e-03,2.850874e-03
1.535000e+02,2.805467e-03,2.845240e-03,2.820527e-03,2.860980e-03,2.810097e-03,2.850066e-03,2.801681e-03,2.841302e-03,2.795189e-03,2.834570e-03,2.924508e-03,2.960661e-03,2.730321e-03,2.771340e-03,2.830632e-03,2.871323e-03,3.120192e-03,3.164347e-03,3.300729e-03,3.353142e-03,2.835200e-03,2.880753e-03,2.748407e-03,2.786599e-03,2.874812e-03,2.919775e-03,3.448074e-03,3.482684e-03,2.716208e-03,2.756629e-03,2.884704e-03,2.807174e-03,2.847120e-03
1.540000e+02,2.802047e-03,2.841473e-03,2.817047e-03,2.857149e-03,2.806659e-03,2.846281e-03,2.798273e-03,2.837549e-03,2.791802e-03,2.830840e-03,2.920362e-03,2.956083e-03,2.727283e-03,2.768002e-03,2.827109e-03,2.867435e-03,3.116147e-03,3.159599e-03,3.296771e-03,3.348229e-03,2.832148e-03,2.877315e-03,2.745204e-03,2.783098e-03,2.871573e-03,2.916121e-03,3.442911e-03,3.476294e-03,2.713214e-03,2.753339e-03,2.880577e-03,2.803758e-03,2.843358e-03
1.545000e+02,2.798617e-03,2.837697e-03,2.813559e-03,2.853308e-03,2.803213e-03,2.842486e-03,2.794856e-03,2.833788e-03,2.788406e-03,2.827101e-03,2.916207e-03,2.951495e-03,2.724237e-03,2.764655e-03,2.823577e-03,2.863539e-03,3.112086e-03,3.154834e-03,3.292789e-03,3.343291e-03,2.829087e-03,2.873867e-03,2.741993e-03,2.779588e-03,2.868323e-03,2.912456e-03,3.437718e-03,3.469873e-03,2.710212e-03,2.750041e-03,2.876441e-03,2.800333e-03,2.839586e-03
1.550000e+02,2.795179e-03,2.833913e-03,2.810062e-03,2.849459e-03,2.799758e-03,2.838683e-03,2.791431e-03,2.830018e-03,2.785002e-03,2.823354e-03,2.912042e-03,2.946898e-03,2.721184e-03,2.761300e-03,2.820035e-03,2.859633e-03,3.108009e-03,3.150053e-03,3.288783e-03,3.338328e-03,2.826015e-03,2.870409e-03,2.738774e-03,2.776070e-03,2.865063e-03,2.908779e-03,3.432494e-03,3.463419e-03,2.707203e-03,2.746736e-03,2.872297e-03,2.796899e-03,2.835806e-03
1.555000e+02,2.791732e-03,2.830119e-03,2.806556e-03,2.845601e-03,2.796294e-03,2.834871e-03,2.787998e-03,2.826239e-03,2.781589e-03,2.819598e-03,2.907866e-03,2.942290e-03,2.718122e-03,2.757938e-03,2.816485e-03,2.855719e-03,3.103915e-03,3.145254e-03,3.284753e-03,3.333339e-03,2.822934e-03,2.866940e-03,2.735546e-03,2.772543e-03,2.861793e-03,2.905092e-03,3.427239e-03,3.456935e-03,2.704186e-03,2.743422e-03,2.868144e-03,2.793456e-03,2.832017e-03
1.560000e+02,2.788277e-03,2.826317e-03,2.803042e-03,2.841733e-03,2.792822e-03,2.831050e-03,2.784556e-03,2.822451e-03,2.778168e-03,2.815833e-03,2.903681e-03,2.937673e-03,2.715053e-03,2.754567e-03,2.812927e-03,2.851795e-03,3.099805e-03,3.140439e-03,3.280699e-03,3.328324e-03,2.819843e-03,2.863461e-03,2.732311e-03,2.769009e-03,2.858512e-03,2.901393e-03,3.421954e-03,3.450419e-03,2.701161e-03,2.740100e-03,2.863981e-03,2.790005e-03,2.828219e-03
1.565000e+02,2.784813e-03,2.822507e-03,2.799519e-03,2.837857e-03,2.789341e-03,2.827220e-03,2.781105e-03,2.818655e-03,2.774738e-03,2.812060e-03,2.899486e-03,2.933045e-03,2.711975e-03,2.751188e-03,2.809359e-03,2.847863e-03,3.095679e-03,3.135608e-03,3.276622e-03,3.323284e-03,2.816742e-03,2.859971e-03,2.729068e-03,2.765466e-03,2.855220e-03,2.897684e-03,3.416639e-03,3.443871e-03,2.698129e-03,2.736771e-03,2.859810e-03,2.786546e-03,2.824413e-03
1.570000e+02,2.781341e-03,2.818687e-03,2.795987e-03,2.833973e-03,2.785851e-03,2.823382e-03,2.777646e-03,2.814850e-03,2.771300e-03,2.808278e-03,2.895282e-03,2.928409e-03,2.708890e-03,2.747802e-03,2.805783e-03,2.843922e-03,3.091536e-03,3.130759e-03,3.272520e-03,3.318219e-03,2.813632e-03,2.856471e-03,2.725816e-03,2.761915e-03,2.851919e-03,2.893963e-03,3.411293e-03,3.437292e-03,2.695089e-03,2.733433e-03,2.855631e-03,2.783078e-03,2.820598e-03
1.575000e+02,2.777860e-03,2.814859e-03,2.792447e-03,2.830079e-03,2.782353e-03,2.819535e-03,2.774178e-03,2.811037e-03,2.767853e-03,2.804488e-03,2.891067e-03,2.923762e-03,2.705797e-03,2.744407e-03,2.802198e-03,2.839972e-03,3.087377e-03,3.125894e-03,3.268394e-03,3.313128e-03,2.810512e-03,2.852960e-03,2.722557e-03,2.758357e-03,2.848607e-03,2.890232e-03,3.405916e-03,3.430682e-03,2.692041e-03,2.730088e-03,2.851442e-03,2.779601e-03,2.816774e-03
1.580000e+02,2.774371e-03,2.811023e-03,2.788898e-03,2.826177e-03,2.778847e-03,2.815680e-03,2.770702e-03,2.807215e-03,2.764398e-03,2.800689e-03,2.886843e-03,2.919106e-03,2.702697e-03,2.741004e-03,2.798604e-03,2.836013e-03,3.083202e-03,3.121013e-03,3.264245e-03,3.308012e-03,2.807381e-03,2.849439e-03,2.719290e-03,2.754790e-03,2.845284e-03,2.886489e-03,3.400509e-03,3.424041e-03,2.688985e-03,2.726735e-03,2.847245e-03,2.776116e-03,2.812942e-03
1.585000e+02,2.770873e-03,2.807177e-03,2.785340e-03,2.822266e-03,2.775332e-03,2.811816e-03,2.767218e-03,2.803384e-03,2.760935e-03,2.796882e-03,2.882610e-03,2.914440e-03,2.699588e-03,2.737594e-03,2.795002e-03,2.832045e-03,3.079010e-03,3.116115e-03,3.260071e-03,3.302870e-03,2.804242e-03,2.845907e-03,2.716015e-03,2.751215e-03,2.841951e-03,2.882736e-03,3.395071e-03,3.417368e-03,2.685922e-03,2.723374e-03,2.843040e-03,2.772622e-03,2.809101e-03
1.590000e+02,2.767367e-03,2.803324e-03,2.781774e-03,2.818346e-03,2.771808e-03,2.807943e-03,2.763725e-03,2.799545e-03,2.757464e-03,2.793066e-03,2.878366e-03,2.909765e-03,2.696472e-03,2.734176e-03,2.791391e-03,2.828069e-03,3.074802e-03,3.111201e-03,3.255873e-03,3.297703e-03,2.801092e-03,2.842366e-03,2.712732e-03,2.747632e-03,2.838608e-03,2.878971e-03,3.389603e-03,3.410664e-03,2.682852e-03,2.720006e-03,2.838825e-03,2.769120e-03,2.805251e-03
1.595000e+02,2.763852e-03,2.799462e-03,2.778199e-03,2.814418e-03,2.768277e-03,2.804062e-03,2.760224e-03,2.795698e-03,2.753984e-03,2.789242e-03,2.874114e-03,2.905081e-03,2.693349e-03,2.730749e-03,2.787772e-03,2.824084e-03,3.070578e-03,3.106270e-03,3.251652e-03,3.292510e-03,2.797933e-03,2.838814e-03,2.709441e-03,2.744041e-03,2.835255e-03,2.875196e-03,3.384104e-03,3.403930e-03,2.679773e-03,2.716630e-03,2.834603e-03,2.765610e-03,2.801394e-03
1.600000e+02,2.760329e-03,2.795591e-03,2.774616e-03,2.810481e-03,2.764736e-03,2.800172e-03,2.756715e-03,2.791842e-03,2.750495e-03,2.785410e-03,2.869851e-03,2.900387e-03,2.690217e-03,2.727315e-03,2.784144e-03,2.820091e-03,3.066337e-03,3.101323e-03,3.247406e-03,3.287292e-03,2.794763e-03,2.835251e-03,2.706142e-03,2.740443e-03,2.831891e-03,2.871410e-03,3.378574e-03,3.397164e-03,2.676688e-03,2.713246e-03,2.830371e-03,2.762091e-03,2.797527e-03
1.605000e+02,2.756798e-03,2.791712e-03,2.771024e-03,2.806536e-03,2.761188e-03,2.796274e-03,2.753197e-03,2.787978e-03,2.746999e-03,2.781569e-03,2.865579e-03,2.895684e-03,2.687078e-03,2.723874e-03,2.780508e-03,2.816089e-03,3.062080e-03,3.096359e-03,3.243136e-03,3.282049e-03,2.791585e-03,2.831678e-03,2.702836e-03,2.736836e-03,2.828517e-03,2.867613e-03,3.373014e-03,3.390367e-03,2.673594e-03,2.709854e-03,2.826132e-03,2.758564e-03,2.793653e-03
1.610000e+02,2.753258e-03,2.787825e-03,2.767424e-03,2.802582e-03,2.757631e-03,2.792368e-03,2.749671e-03,2.784106e-03,2.743494e-03,2.777720e-03,2.861298e-03,2.890972e-03,2.683932e-03,2.720424e-03,2.776863e-03,2.812078e-03,3.057807e-03,3.091379e-03,3.238841e-03,3.276780e-03,2.788396e-03,2.828095e-03,2.699521e-03,2.733222e-03,2.825133e-03,2.863805e-03,3.367424e-03,3.383540e-03,2.670494e-03,2.706455e-03,2.821884e-03,2.755029e-03,2.789769e-03
1.615000e+02,2.749711e-03,2.783930e-03,2.763816e-03,2.798620e-03,2.754065e-03,2.788453e-03,2.746137e-03,2.780225e-03,2.739982e-03,2.773863e-03,2.857008e-03,2.886250e-03,2.680777e-03,2.716967e-03,2.773209e-03,2.808059e-03,3.053518e-03,3.086383e-03,3.234523e-03,3.271487e-03,2.785198e-03,2.824502e-03,2.696199e-03,2.729599e-03,2.821738e-03,2.859986e-03,3.361802e-03,3.376681e-03,2.667385e-03,2.703048e-03,2.817628e-03,2.751485e-03,2.785878e-03
1.620000e+02,2.746155e-03,2.780026e-03,2.760199e-03,2.794649e-03,2.750492e-03,2.784530e-03,2.742594e-03,2.776336e-03,2.736461e-03,2.769998e-03,2.852708e-03,2.881519e-03,2.677616e-03,2.713502e-03,2.769547e-03,2.804031e-03,3.049212e-03,3.081370e-03,3.230180e-03,3.266167e-03,2.781989e-03,2.820898e-03,2.692870e-03,2.725969e-03,2.818333e-03,2.856157e-03,3.356151e-03,3.369792e-03,2.664270e-03,2.699633e-03,2.813363e-03,2.747933e-03,2.781978e-03
1.625000e+02,2.742590e-03,2.776114e-03,2.756574e-03,2.790670e-03,2.746910e-03,2.780598e-03,2.739043e-03,2.772439e-03,2.732931e-03,2.766124e-03,2.848398e-03,2.876779e-03,2.674446e-03,2.710029e-03,2.765877e-03,2.799995e-03,3.044891e-03,3.076342e-03,3.225813e-03,3.260823e-03,2.778772e-03,2.817285e-03,2.689532e-03,2.722331e-03,2.814918e-03,2.852316e-03,3.350469e-03,3.362873e-03,2.661146e-03,2.696211e-03,2.809090e-03,2.744373e-03,2.778070e-03
1.630000e+02,2.739018e-03,2.772193e-03,2.752940e-03,2.786683e-03,2.743320e-03,2.776659e-03,2.735485e-03,2.768533e-03,2.729394e-03,2.762242e-03,2.844080e-03,2.872031e-03,2.671269e-03,2.706549e-03,2.762199e-03,2.795951e-03,3.040553e-03,3.071297e-03,3.221422e-03,3.255453e-03,2.775544e-03,2.813661e-03,2.686187e-03,2.718686e-03,2.811492e-03,2.848465e-03,3.344756e-03,3.355923e-03,2.658016e-03,2.692782e-03,2.804809e-03,2.740805e-03,2.774154e-03
1.635000e+02,2.735437e-03,2.768265e-03,2.749298e-03,2.782687e-03,2.739722e-03,2.772711e-03,2.731918e-03,2.764620e-03,2.725849e-03,2.758353e-03,2.839752e-03,2.867273e-03,2.668085e-03,2.703061e-03,2.758512e-03,2.791898e-03,3.036199e-03,3.066236e-03,3.217007e-03,3.250058e-03,2.772307e-03,2.810026e-03,2.682834e-03,2.715033e-03,2.808056e-03,2.844603e-03,3.339012e-03,3.348942e-03,2.654878e-03,2.689344e-03,2.800520e-03,2.737228e-03,2.770230e-03
1.640000e+02,2.731849e-03,2.764328e-03,2.745648e-03,2.778683e-03,2.736115e-03,2.768755e-03,2.728343e-03,2.760698e-03,2.722296e-03,2.754455e-03,2.835415e-03,2.862506e-03,2.664893e-03,2.699566e-03,2.754816e-03,2.787837e-03,3.031829e-03,3.061159e-03,3.212567e-03,3.244638e-03,2.769060e-03,2.806382e-03,2.679474e-03,2.711372e-03,2.804610e-03,2.840731e-03,3.333239e-03,3.341931e-03,2.651733e-03,2.685900e-03,2.796223e-03,2.733644e-03,2.766297e-03
1.645000e+02,2.728252e-03,2.760383e-03,2.741990e-03,2.774671e-03,2.732501e-03,2.764791e-03,2.724760e-03,2.756769e-03,2.718734e-03,2.750549e-03,2.831069e-03,2.857730e-03,2.661694e-03,2.696063e-03,2.751113e-03,2.783767e-03,3.027443e-03,3.056066e-03,3.208103e-03,3.239192e-03,2.765804e-03,2.802727e-03,2.676106e-03,2.707703e-03,2.801154e-03,2.836847e-03,3.327434e-03,3.334890e-03,2.648580e-03,2.682448e-03,2.791917e-03,2.730051e-03,2.762356e-03
1.650000e+02,2.724647e-03,2.756431e-03,2.738323e-03,2.770651e-03,2.728878e-03,2.760818e-03,2.721169e-03,2.752831e-03,2.715165e-03,2.746635e-03,2.826714e-03,2.852945e-03,2.658487e-03,2.692552e-03,2.747401e-03,2.779690e-03,3.023040e-03,3.050957e-03,3.203615e-03,3.233721e-03,2.762537e-03,2.799062e-03,2.672731e-03,2.704027e-03,2.797688e-03,2.832953e-03,3.321600e-03,3.327818e-03,2.645420e-03,2.678989e-03,2.787604e-03,2.726450e-03,2.758408e-03
1.655000e+02,2.721034e-03,2.752470e-03,2.734649e-03,2.766622e-03,2.725247e-03,2.756838e-03,2.717569e-03,2.748885e-03,2.711588e-03,2.742713e-03,2.822350e-03,2.848152e-03,2.655273e-03,2.689034e-03,2.743681e-03,2.775604e-03,3.018622e-03,3.045832e-03,3.199103e-03,3.228226e-03,2.759261e-03,2.795387e-03,2.669348e-03,2.700344e-03,2.794211e-03,2.829049e-03,3.315735e-03,3.320716e-03,2.642253e-03,2.675522e-03,2.783283e-03,2.722841e-03,2.754451e-03
1.660000e+02,2.717413e-03,2.748501e-03,2.730966e-03,2.762585e-03,2.721609e-03,2.752850e-03,2.713962e-03,2.744931e-03,2.708003e-03,2.738784e-03,2.817977e-03,2.843350e-03,2.652052e-03,2.685509e-03,2.739953e-03,2.771510e-03,3.014188e-03,3.040691e-03,3.194566e-03,3.222705e-03,2.755976e-03,2.791702e-03,2.665957e-03,2.696653e-03,2.790724e-03,2.825133e-03,3.309839e-03,3.313585e-03,2.639078e-03,2.672048e-03,2.778953e-03,2.719224e-03,2.750486e-03
1.665000e+02,2.713784e-03,2.744524e-03,2.727275e-03,2.758540e-03,2.717962e-03,2.748853e-03,2.710347e-03,2.740970e-03,2.704409e-03,2.734846e-03,2.813594e-03,2.838539e-03,2.648823e-03,2.681976e-03,2.736217e-03,2.767408e-03,3.009738e-03,3.035534e-03,3.190005e-03,3.217159e-03,2.752681e-03,2.788007e-03,2.662559e-03,2.692954e-03,2.787227e-03,2.821207e-03,3.303914e-03,3.306423e-03,2.635896e-03,2.668566e-03,2.774616e-03,2.715600e-03,2.746513e-03
1.670000e+02,2.710148e-03,2.740539e-03,2.723576e-03,2.754488e-03,2.714307e-03,2.744849e-03,2.706724e-03,2.737000e-03,2.700809e-03,2.730901e-03,2.809203e-03,2.833720e-03,2.645587e-03,2.678435e-03,2.732473e-03,2.763298e-03,3.005271e-03,3.030362e-03,3.185419e-03,3.211588e-03,2.749376e-03,2.784302e-03,2.659154e-03,2.689248e-03,2.783720e-03,2.817271e-03,3.297957e-03,3.299232e-03,2.632707e-03,2.665077e-03,2.770271e-03,2.711967e-03,2.742532e-03
1.675000e+02,2.706503e-03,2.736547e-03,2.719869e-03,2.750427e-03,2.710644e-03,2.740837e-03,2.703094e-03,2.733023e-03,2.697200e-03,2.726948e-03,2.804803e-03,2.828892e-03,2.642343e-03,2.674888e-03,2.728720e-03,2.759179e-03,3.000789e-03,3.025174e-03,3.180809e-03,3.205992e-03,2.746061e-03,2.780587e-03,2.655741e-03,2.685534e-03,2.780202e-03,2.813324e-03,3.291971e-03,3.292010e-03,2.629511e-03,2.661581e-03,2.765918e-03,2.708326e-03,2.738544e-03
1.680000e+02,2.702850e-03,2.732547e-03,2.716153e-03,2.746358e-03,2.706974e-03,2.736816e-03,2.699455e-03,2.729038e-03,2.693583e-03,2.722987e-03,2.800394e-03,2.824055e-03,2.639092e-03,2.671333e-03,2.724960e-03,2.755053e-03,2.996291e-03,3.019970e-03,3.176175e-03,3.200371e-03,2.742737e-03,2.776861e-03,2.652321e-03,2.681813e-03,2.776674e-03,2.809366e-03,3.285954e-03,3.284760e-03,2.626308e-03,2.658078e-03,2.761558e-03,2.704677e-03,2.734547e-03
1.685000e+02,2.699190e-03,2.728538e-03,2.712430e-03,2.742281e-03,2.703295e-03,2.732789e-03,2.695808e-03,2.725045e-03,2.689959e-03,2.719018e-03,2.795977e-03,2.819210e-03,2.635834e-03,2.667770e-03,2.721191e-03,2.750919e-03,2.991777e-03,3.014750e-03,3.171517e-03,3.194725e-03,2.739404e-03,2.773126e-03,2.648893e-03,2.678085e-03,2.773137e-03,2.805398e-03,3.279907e-03,3.277479e-03,2.623097e-03,2.654568e-03,2.757189e-03,2.701021e-03,2.730543e-03
1.690000e+02,2.695522e-03,2.724522e-03,2.708699e-03,2.738196e-03,2.699609e-03,2.728753e-03,2.692154e-03,2.721044e-03,2.686327e-03,2.715042e-03,2.791550e-03,2.814357e-03,2.632569e-03,2.664201e-03,2.717415e-03,2.746777e-03,2.987247e-03,3.009515e-03,3.166834e-03,3.189054e-03,2.736060e-03,2.769381e-03,2.645458e-03,2.674350e-03,2.769589e-03,2.801419e-03,3.273830e-03,3.270170e-03,2.619879e-03,2.651050e-03,2.752813e-03,2.697356e-03,2.726531e-03
1.695000e+02,2.691845e-03,2.720499e-03,2.704960e-03,2.734104e-03,2.695915e-03,2.724709e-03,2.688492e-03,2.717036e-03,2.682687e-03,2.711058e-03,2.787115e-03,2.809495e-03,2.629297e-03,2.660624e-03,2.713630e-03,2.742627e-03,2.982701e-03,3.004264e-03,3.162126e-03,3.183358e-03,2.732708e-03,2.765625e-03,2.642016e-03,2.670607e-03,2.766031e-03,2.797430e-03,3.267723e-03,3.262830e-03,2.616655e-03,2.647525e-03,2.748430e-03,2.693684e-03,2.722511e-03
1.700000e+02,2.688162e-03,2.716467e-03,2.701213e-03,2.730004e-03,2.692213e-03,2.720658e-03,2.684822e-03,2.713020e-03,2.679039e-03,2.707066e-03,2.782672e-03,2.804625e-03,2.626017e-03,2.657040e-03,2.709838e-03,2.738469e-03,2.978140e-03,2.998998e-03,3.157395e-03,3.177638e-03,2.729345e-03,2.761860e-03,2.638567e-03,2.666857e-03,2.762462e-03,2.793430e-03,3.261586e-03,3.255462e-03,2.613423e-03,2.643993e-03,2.744039e-03,2.690004e-03,2.718484e-03
1.705000e+02,2.684470e-03,2.712428e-03,2.697459e-03,2.725895e-03,2.688503e-03,2.716599e-03,2.681145e-03,2.708996e-03,2.675384e-03,2.703067e-03,2.778219e-03,2.799747e-03,2.622730e-03,2.653448e-03,2.706037e-03,2.734303e-03,2.973563e-03,2.993716e-03,3.152639e-03,3.171893e-03,2.725973e-03,2.758085e-03,2.635110e-03,2.663099e-03,2.758884e-03,2.789420e-03,3.255418e-03,3.248065e-03,2.610184e-03,2.640454e-03,2.739640e-03,2.686317e-03,2.714448e-03
1.710000e+02,2.680771e-03,2.708382e-03,2.693696e-03,2.721780e-03,2.684785e-03,2.712532e-03,2.677460e-03,2.704965e-03,2.671721e-03,2.699060e-03,2.773758e-03,2.794860e-03,2.619436e-03,2.649850e-03,2.702229e-03,2.730130e-03,2.968969e-03,2.988419e-03,3.147859e-03,3.166123e-03,2.722592e-03,2.754299e-03,2.631646e-03,2.659335e-03,2.755296e-03,2.785399e-03,3.249221e-03,3.240638e-03,2.606938e-03,2.636908e-03,2.735234e-03,2.682621e-03,2.710406e-03
1.715000e+02,2.677064e-03,2.704327e-03,2.689926e-03,2.717656e-03,2.681060e-03,2.708458e-03,2.673767e-03,2.700927e-03,2.668051e-03,2.695046e-03,2.769289e-03,2.789965e-03,2.616135e-03,2.646244e-03,2.698413e-03,2.725949e-03,2.964361e-03,2.983106e-03,3.143054e-03,3.160328e-03,2.719201e-03,2.750504e-03,2.628175e-03,2.655563e-03,2.751697e-03,2.781369e-03,3.242994e-03,3.233183e-03,2.603685e-03,2.633355e-03,2.730821e-03,2.678918e-03,2.706355e-03
1.720000e+02,2.673349e-03,2.700266e-03,2.686148e-03,2.713525e-03,2.677327e-03,2.704376e-03,2.670066e-03,2.696880e-03,2.664373e-03,2.691024e-03,2.764811e-03,2.785063e-03,2.612827e-03,2.642632e-03,2.694590e-03,2.721760e-03,2.959736e-03,2.977778e-03,3.138225e-03,3.154509e-03,2.715800e-03,2.746699e-03,2.624696e-03,2.651784e-03,2.748089e-03,2.777327e-03,3.236736e-03,3.225699e-03,2.600425e-03,2.629795e-03,2.726400e-03,2.675207e-03,2.702297e-03
1.725000e+02,2.669627e-03,2.696197e-03,2.682362e-03,2.709386e-03,2.673587e-03,2.700287e-03,2.666359e-03,2.692827e-03,2.660687e-03,2.686995e-03,2.760325e-03,2.780152e-03,2.609512e-03,2.639012e-03,2.690758e-03,2.717563e-03,2.955096e-03,2.972435e-03,3.133372e-03,3.148665e-03,2.712390e-03,2.742884e-03,2.621211e-03,2.647998e-03,2.744470e-03,2.773276e-03,3.230449e-03,3.218187e-03,2.597158e-03,2.626228e-03,2.721971e-03,2.671489e-03,2.698232e-03
1.730000e+02,2.665897e-03,2.692120e-03,2.678568e-03,2.705239e-03,2.669839e-03,2.696190e-03,2.662643e-03,2.688765e-03,2.656994e-03,2.682958e-03,2.755830e-03,2.775233e-03,2.606190e-03,2.635385e-03,2.686919e-03,2.713359e-03,2.950440e-03,2.967077e-03,3.128494e-03,3.142797e-03,2.708970e-03,2.739060e-03,2.617718e-03,2.644206e-03,2.740842e-03,2.769214e-03,3.224132e-03,3.210646e-03,2.593884e-03,2.622654e-03,2.717536e-03,2.667763e-03,2.694159e-03
1.735000e+02,2.662160e-03,2.688036e-03,2.674767e-03,2.701085e-03,2.666083e-03,2.692086e-03,2.658920e-03,2.684697e-03,2.653294e-03,2.678915e-03,2.751327e-03,2.770307e-03,2.602860e-03,2.631751e-03,2.683072e-03,2.709148e-03,2.945769e-03,2.961704e-03,3.123592e-03,3.136904e-03,2.705541e-03,2.735225e-03,2.614218e-03,2.640406e-03,2.737203e-03,2.765141e-03,3.217786e-03,3.203076e-03,2.590603e-03,2.619073e-03,2.713093e-03,2.664029e-03,2.690078e-03
1.740000e+02,2.658415e-03,2.683944e-03,2.670958e-03,2.696924e-03,2.662320e-03,2.687974e-03,2.655189e-03,2.680621e-03,2.649586e-03,2.674863e-03,2.746816e-03,2.765372e-03,2.599524e-03,2.628110e-03,2.679217e-03,2.704928e-03,2.941082e-03,2.956315e-03,3.118666e-03,3.130987e-03,2.702102e-03,2.731381e-03,2.610711e-03,2.636599e-03,2.733555e-03,2.761059e-03,3.211409e-03,3.195479e-03,2.587316e-03,2.615486e-03,2.708643e-03,2.660288e-03,2.685991e-03
1.745000e+02,2.654663e-03,2.679845e-03,2.667142e-03,2.692755e-03,2.658549e-03,2.683855e-03,2.651451e-03,2.676538e-03,2.645871e-03,2.670805e-03,2.742296e-03,2.760430e-03,2.596181e-03,2.624463e-03,2.675355e-03,2.700702e-03,2.936380e-03,2.950912e-03,3.113715e-03,3.125046e-03,2.698654e-03,2.727527e-03,2.607198e-03,2.632785e-03,2.729896e-03,2.756966e-03,3.205003e-03,3.187853e-03,2.584021e-03,2.611891e-03,2.704186e-03,2.656540e-03,2.681895e-03
1.750000e+02,2.650903e-03,2.675739e-03,2.663318e-03,2.688579e-03,2.654770e-03,2.679729e-03,2.647706e-03,2.672447e-03,2.642148e-03,2.666739e-03,2.737768e-03,2.755480e-03,2.592831e-03,2.620808e-03,2.671485e-03,2.696468e-03,2.931662e-03,2.945493e-03,3.108741e-03,3.119080e-03,2.695197e-03,2.723663e-03,2.603677e-03,2.628964e-03,2.726228e-03,2.752863e-03,3.198568e-03,3.180199e-03,2.580720e-03,2.608290e-03,2.699722e-03,2.652784e-03,2.677793e-03
1.755000e+02,2.647136e-03,2.671626e-03,2.659486e-03,2.684395e-03,2.650985e-03,2.675595e-03,2.643953e-03,2.668350e-03,2.638418e-03,2.662667e-03,2.733232e-03,2.750522e-03,2.589474e-03,2.617147e-03,2.667608e-03,2.692226e-03,2.926928e-03,2.940060e-03,3.103742e-03,3.113090e-03,2.691730e-03,2.719789e-03,2.600149e-03,2.625137e-03,2.722549e-03,2.748750e-03,3.192103e-03,3.172518e-03,2.577411e-03,2.604681e-03,2.695250e-03,2.649020e-03,2.673683e-03
1.760000e+02,2.643362e-03,2.667505e-03,2.655647e-03,2.680204e-03,2.647192e-03,2.671454e-03,2.640193e-03,2.664245e-03,2.634681e-03,2.658587e-03,2.728688e-03,2.745557e-03,2.586110e-03,2.613478e-03,2.663723e-03,2.687977e-03,2.922180e-03,2.934612e-03,3.098718e-03,3.107076e-03,2.688253e-03,2.715906e-03,2.596614e-03,2.621302e-03,2.718861e-03,2.744627e-03,3.185609e-03,3.164808e-03,2.574097e-03,2.601067e-03,2.690772e-03,2.645249e-03,2.669566e-03
1.765000e+02,2.639580e-03,2.663378e-03,2.651800e-03,2.676005e-03,2.643391e-03,2.667306e-03,2.636426e-03,2.660133e-03,2.630936e-03,2.654499e-03,2.724136e-03,2.740584e-03,2.582739e-03,2.609803e-03,2.659831e-03,2.683721e-03,2.917416e-03,2.929149e-03,3.093671e-03,3.101037e-03,2.684768e-03,2.712013e-03,2.593073e-03,2.617461e-03,2.715162e-03,2.740493e-03,3.179085e-03,3.157072e-03,2.570775e-03,2.597445e-03,2.686287e-03,2.641471e-03,2.665442e-03
1.770000e+02,2.635790e-03,2.659243e-03,2.647946e-03,2.671800e-03,2.639583e-03,2.663151e-03,2.632651e-03,2.656014e-03,2.627184e-03,2.650405e-03,2.719576e-03,2.735603e-03,2.579361e-03,2.606121e-03,2.655931e-03,2.679458e-03,2.912636e-03,2.923671e-03,3.088599e-03,3.094975e-03,2.681272e-03,2.708111e-03,2.589524e-03,2.613613e-03,2.711454e-03,2.736350e-03,3.172532e-03,3.149307e-03,2.567446e-03,2.593817e-03,2.681795e-03,2.637686e-03,2.661311e-03
1.775000e+02,2.631994e-03,2.655101e-03,2.644085e-03,2.667587e-03,2.635768e-03,2.658988e-03,2.628869e-03,2.651887e-03,2.623425e-03,2.646304e-03,2.715007e-03,2.730615e-03,2.575977e-03,2.602432e-03,2.652024e-03,2.675187e-03,2.907841e-03,2.918179e-03,3.083503e-03,3.088889e-03,2.677768e-03,2.704198e-03,2.585969e-03,2.609758e-03,2.707736e-03,2.732196e-03,3.165950e-03,3.141516e-03,2.564111e-03,2.590182e-03,2.677296e-03,2.633893e-03,2.657172e-03
1.780000e+02,2.628190e-03,2.650951e-03,2.640216e-03,2.663367e-03,2.631945e-03,2.654819e-03,2.625080e-03,2.647754e-03,2.619659e-03,2.642196e-03,2.710431e-03,2.725620e-03,2.572585e-03,2.598737e-03,2.648109e-03,2.670909e-03,2.903031e-03,2.912672e-03,3.078383e-03,3.082779e-03,2.674254e-03,2.700277e-03,2.582407e-03,2.605897e-03,2.704008e-03,2.728033e-03,3.159338e-03,3.133697e-03,2.560769e-03,2.586540e-03,2.672790e-03,2.630093e-03,2.653027e-03
1.785000e+02,2.624379e-03,2.646795e-03,2.636340e-03,2.659139e-03,2.628116e-03,2.650642e-03,2.621283e-03,2.643614e-03,2.615886e-03,2.638081e-03,2.705847e-03,2.720617e-03,2.569188e-03,2.595035e-03,2.644187e-03,2.666624e-03,2.898206e-03,2.907150e-03,3.073239e-03,3.076645e-03,2.670730e-03,2.696345e-03,2.578838e-03,2.602029e-03,2.700270e-03,2.723859e-03,3.152698e-03,3.125851e-03,2.557421e-03,2.582892e-03,2.668277e-03,2.626285e-03,2.648874e-03
1.790000e+02,2.620561e-03,2.642632e-03,2.632456e-03,2.654905e-03,2.624279e-03,2.646459e-03,2.617480e-03,2.639467e-03,2.612105e-03,2.633959e-03,2.701255e-03,2.715607e-03,2.565783e-03,2.591326e-03,2.640258e-03,2.662332e-03,2.893365e-03,2.901614e-03,3.068071e-03,3.070487e-03,2.667198e-03,2.692404e-03,2.575262e-03,2.598154e-03,2.696522e-03,2.719675e-03,3.146029e-03,3.117979e-03,2.554066e-03,2.579237e-03,2.663758e-03,2.622471e-03,2.644714e-03
1.795000e+02,2.616736e-03,2.638462e-03,2.628565e-03,2.650664e-03,2.620434e-03,2.642268e-03,2.613669e-03,2.635312e-03,2.608317e-03,2.629830e-03,2.696656e-03,2.710590e-03,2.562371e-03,2.587611e-03,2.636321e-03,2.658033e-03,2.888510e-03,2.896064e-03,3.062878e-03,3.064305e-03,2.663656e-03,2.688454e-03,2.571679e-03,2.594272e-03,2.692765e-03,2.715482e-03,3.139331e-03,3.110080e-03,2.550704e-03,2.575576e-03,2.659232e-03,2.618649e-03,2.640548e-03
1.800000e+02,2.612903e-03,2.634285e-03,2.624667e-03,2.646415e-03,2.616583e-03,2.638070e-03,2.609851e-03,2.631151e-03,2.604523e-03,2.625694e-03,2.692048e-03,2.705565e-03,2.558953e-03,2.583889e-03,2.632377e-03,2.653727e-03,2.883639e-03,2.890499e-03,3.057662e-03,3.058100e-03,2.660104e-03,2.684494e-03,2.568090e-03,2.590385e-03,2.688997e-03,2.711278e-03,3.132604e-03,3.102154e-03,2.547336e-03,2.571908e-03,2.654699e-03,2.614820e-03,2.636374e-03
1.805000e+02,2.609064e-03,2.630101e-03,2.620762e-03,2.642160e-03,2.612725e-03,2.633866e-03,2.606026e-03,2.626984e-03,2.600721e-03,2.621551e-03,2.687433e-03,2.700534e-03,2.555528e-03,2.580160e-03,2.628426e-03,2.649414e-03,2.878753e-03,2.884920e-03,3.052421e-03,3.051871e-03,2.656543e-03,2.680524e-03,2.564494e-03,2.586490e-03,2.685220e-03,2.707065e-03,3.125848e-03,3.094202e-03,2.543961e-03,2.568234e-03,2.650160e-03,2.610984e-03,2.632194e-03
1.810000e+02,2.605217e-03,2.625911e-03,2.616850e-03,2.637897e-03,2.608859e-03,2.629655e-03,2.602194e-03,2.622809e-03,2.596912e-03,2.617402e-03,2.682811e-03,2.695495e-03,2.552097e-03,2.576425e-03,2.624468e-03,2.645094e-03,2.873853e-03,2.879327e-03,3.047157e-03,3.045619e-03,2.652973e-03,2.676545e-03,2.560892e-03,2.582589e-03,2.681433e-03,2.702842e-03,3.119064e-03,3.086224e-03,2.540579e-03,2.564553e-03,2.645614e-03,2.607141e-03,2.628007e-03
1.815000e+02,2.601363e-03,2.621713e-03,2.612930e-03,2.633628e-03,2.604986e-03,2.625437e-03,2.598355e-03,2.618627e-03,2.593097e-03,2.613246e-03,2.678180e-03,2.690449e-03,2.548659e-03,2.572683e-03,2.620502e-03,2.640767e-03,2.868937e-03,2.873720e-03,3.041868e-03,3.039344e-03,2.649394e-03,2.672557e-03,2.557282e-03,2.578682e-03,2.677637e-03,2.698609e-03,3.112251e-03,3.078219e-03,2.537191e-03,2.560866e-03,2.641062e-03,2.603291e-03,2.623813e-03
1.820000e+02,2.597503e-03,2.617509e-03,2.609003e-03,2.629352e-03,2.601107e-03,2.621212e-03,2.594509e-03,2.614439e-03,2.589274e-03,2.609083e-03,2.673543e-03,2.685397e-03,2.545215e-03,2.568935e-03,2.616530e-03,2.636433e-03,2.864006e-03,2.868098e-03,3.036556e-03,3.033045e-03,2.645806e-03,2.668559e-03,2.553667e-03,2.574768e-03,2.673830e-03,2.694366e-03,3.105410e-03,3.070189e-03,2.533797e-03,2.557172e-03,2.636503e-03,2.599434e-03,2.619612e-03
1.825000e+02,2.593635e-03,2.613298e-03,2.605070e-03,2.625069e-03,2.597220e-03,2.616980e-03,2.590657e-03,2.610245e-03,2.585445e-03,2.604914e-03,2.668897e-03,2.680337e-03,2.541763e-03,2.565181e-03,2.612550e-03,2.632093e-03,2.859061e-03,2.862463e-03,3.031220e-03,3.026723e-03,2.642208e-03,2.664552e-03,2.550044e-03,2.570848e-03,2.670014e-03,2.690113e-03,3.098540e-03,3.062133e-03,2.530396e-03,2.553473e-03,2.631938e-03,2.595570e-03,2.615404e-03
1.830000e+02,2.589761e-03,2.609081e-03,2.601129e-03,2.620779e-03,2.593326e-03,2.612742e-03,2.586797e-03,2.606043e-03,2.581608e-03,2.600738e-03,2.664244e-03,2.675271e-03,2.538306e-03,2.561420e-03,2.608564e-03,2.627745e-03,2.854100e-03,2.856813e-03,3.025860e-03,3.020377e-03,2.638601e-03,2.660536e-03,2.546416e-03,2.566922e-03,2.666188e-03,2.685851e-03,3.091642e-03,3.054052e-03,2.526989e-03,2.549766e-03,2.627366e-03,2.591699e-03,2.611190e-03
1.835000e+02,2.585879e-03,2.604857e-03,2.597181e-03,2.616483e-03,2.589426e-03,2.608497e-03,2.582930e-03,2.601835e-03,2.577765e-03,2.596555e-03,2.659584e-03,2.670197e-03,2.534842e-03,2.557653e-03,2.604570e-03,2.623391e-03,2.849125e-03,2.851150e-03,3.020476e-03,3.014009e-03,2.634985e-03,2.656510e-03,2.542780e-03,2.562989e-03,2.662353e-03,2.681579e-03,3.084716e-03,3.045945e-03,2.523575e-03,2.546054e-03,2.622789e-03,2.587821e-03,2.606969e-03
1.840000e+02,2.581991e-03,2.600626e-03,2.593226e-03,2.612180e-03,2.585518e-03,2.604245e-03,2.579057e-03,2.597620e-03,2.573915e-03,2.592366e-03,2.654917e-03,2.665117e-03,2.531371e-03,2.553879e-03,2.600569e-03,2.619030e-03,2.844135e-03,2.845473e-03,3.015068e-03,3.007618e-03,2.631359e-03,2.652475e-03,2.539138e-03,2.559050e-03,2.658507e-03,2.677297e-03,3.077762e-03,3.037813e-03,2.520155e-03,2.542335e-03,2.618205e-03,2.583936e-03,2.602742e-03
1.845000e+02,2.578096e-03,2.596389e-03,2.589265e-03,2.607870e-03,2.581604e-03,2.599987e-03,2.575177e-03,2.593399e-03,2.570059e-03,2.588171e-03,2.650242e-03,2.660031e-03,2.527894e-03,2.550099e-03,2.596562e-03,2.614663e-03,2.839131e-03,2.839782e-03,3.009636e-03,3.001203e-03,2.627725e-03,2.648431e-03,2.535490e-03,2.555105e-03,2.654653e-03,2.673005e-03,3.070780e-03,3.029656e-03,2.516729e-03,2.538611e-03,2.613614e-03,2.580044e-03,2.598508e-03
1.850000e+02,2.574194e-03,2.592145e-03,2.585296e-03,2.603554e-03,2.577683e-03,2.595722e-03,2.571290e-03,2.589172e-03,2.566195e-03,2.583969e-03,2.645560e-03,2.654938e-03,2.524411e-03,2.546313e-03,2.592547e-03,2.610289e-03,2.834111e-03,2.834078e-03,3.004181e-03,2.994766e-03,2.624081e-03,2.644377e-03,2.531836e-03,2.551153e-03,2.650788e-03,2.668704e-03,3.063771e-03,3.021474e-03,2.513296e-03,2.534880e-03,2.609018e-03,2.576146e-03,2.594267e-03
1.855000e+02,2.570286e-03,2.587895e-03,2.581320e-03,2.599231e-03,2.573755e-03,2.591451e-03,2.567396e-03,2.584938e-03,2.562325e-03,2.579761e-03,2.640870e-03,2.649838e-03,2.520921e-03,2.542521e-03,2.588526e-03,2.605908e-03,2.829077e-03,2.828359e-03,2.998702e-03,2.988307e-03,2.620428e-03,2.640314e-03,2.528175e-03,2.547196e-03,2.646914e-03,2.664394e-03,3.056733e-03,3.013267e-03,2.509857e-03,2.531142e-03,2.604415e-03,2.572240e-03,2.590020e-03
1.860000e+02,2.566370e-03,2.583638e-03,2.577338e-03,2.594901e-03,2.569821e-03,2.587173e-03,2.563496e-03,2.580697e-03,2.558449e-03,2.575546e-03,2.636174e-03,2.644732e-03,2.517425e-03,2.538722e-03,2.584498e-03,2.601521e-03,2.824029e-03,2.822628e-03,2.993200e-03,2.981824e-03,2.616766e-03,2.636242e-03,2.524507e-03,2.543232e-03,2.643030e-03,2.660074e-03,3.049668e-03,3.005036e-03,2.506412e-03,2.527399e-03,2.599807e-03,2.568329e-03,2.585767e-03
1.865000e+02,2.562448e-03,2.579375e-03,2.573349e-03,2.590565e-03,2.565879e-03,2.582889e-03,2.559589e-03,2.576451e-03,2.554565e-03,2.571325e-03,2.631470e-03,2.639619e-03,2.513922e-03,2.534917e-03,2.580463e-03,2.597128e-03,2.818966e-03,2.816883e-03,2.987674e-03,2.975319e-03,2.613095e-03,2.632161e-03,2.520834e-03,2.539262e-03,2.639137e-03,2.655744e-03,3.042576e-03,2.996781e-03,2.502960e-03,2.523650e-03,2.595192e-03,2.564410e-03,2.581507e-03
1.870000e+02,2.558520e-03,2.575106e-03,2.569353e-03,2.586223e-03,2.561931e-03,2.578599e-03,2.555675e-03,2.572198e-03,2.550675e-03,2.567098e-03,2.626760e-03,2.634500e-03,2.510413e-03,2.531106e-03,2.576421e-03,2.592728e-03,2.813889e-03,2.811124e-03,2.982124e-03,2.968792e-03,2.609415e-03,2.628071e-03,2.517154e-03,2.535286e-03,2.635235e-03,2.651405e-03,3.035456e-03,2.988501e-03,2.499503e-03,2.519894e-03,2.590572e-03,2.560484e-03,2.577241e-03
1.875000e+02,2.554584e-03,2.570830e-03,2.565350e-03,2.581874e-03,2.557976e-03,2.574302e-03,2.551755e-03,2.567938e-03,2.546779e-03,2.562864e-03,2.622042e-03,2.629375e-03,2.506898e-03,2.527289e-03,2.572373e-03,2.588321e-03,2.808797e-03,2.805352e-03,2.976551e-03,2.962242e-03,2.605726e-03,2.623972e-03,2.513467e-03,2.531305e-03,2.631322e-03,2.647056e-03,3.028309e-03,2.980197e-03,2.496039e-03,2.516133e-03,2.585946e-03,2.556552e-03,2.572968e-03
1.880000e+02,2.550642e-03,2.566548e-03,2.561341e-03,2.577519e-03,2.554015e-03,2.569999e-03,2.547828e-03,2.563673e-03,2.542876e-03,2.558624e-03,2.617317e-03,2.624243e-03,2.503377e-03,2.523466e-03,2.568318e-03,2.583909e-03,2.803691e-03,2.799567e-03,2.970954e-03,2.955670e-03,2.602027e-03,2.619863e-03,2.509775e-03,2.527317e-03,2.627401e-03,2.642698e-03,3.021135e-03,2.971870e-03,2.492569e-03,2.512366e-03,2.581313e-03,2.552614e-03,2.568689e-03
1.885000e+02,2.546694e-03,2.562260e-03,2.557325e-03,2.573157e-03,2.550047e-03,2.565690e-03,2.543894e-03,2.559401e-03,2.538966e-03,2.554379e-03,2.612586e-03,2.619105e-03,2.499849e-03,2.519637e-03,2.564256e-03,2.579490e-03,2.798570e-03,2.793769e-03,2.965334e-03,2.949076e-03,2.598320e-03,2.615746e-03,2.506076e-03,2.523323e-03,2.623470e-03,2.638331e-03,3.013934e-03,2.963519e-03,2.489093e-03,2.508592e-03,2.576675e-03,2.548669e-03,2.564404e-03
1.890000e+02,2.542739e-03,2.557966e-03,2.553302e-03,2.568790e-03,2.546073e-03,2.561374e-03,2.539955e-03,2.555123e-03,2.535050e-03,2.550127e-03,2.607847e-03,2.613961e-03,2.496316e-03,2.515802e-03,2.560188e-03,2.575065e-03,2.793436e-03,2.787957e-03,2.959691e-03,2.942460e-03,2.594604e-03,2.611619e-03,2.502372e-03,2.519323e-03,2.619529e-03,2.633954e-03,3.006706e-03,2.955145e-03,2.485610e-03,2.504813e-03,2.572031e-03,2.544717e-03,2.560113e-03
1.895000e+02,2.538778e-03,2.553665e-03,2.549273e-03,2.564416e-03,2.542092e-03,2.557053e-03,2.536008e-03,2.550839e-03,2.531128e-03,2.545869e-03,2.603102e-03,2.608811e-03,2.492776e-03,2.511961e-03,2.556113e-03,2.570633e-03,2.788287e-03,2.782133e-03,2.954025e-03,2.935822e-03,2.590878e-03,2.607484e-03,2.498661e-03,2.515318e-03,2.615579e-03,2.629568e-03,2.999451e-03,2.946747e-03,2.482122e-03,2.501028e-03,2.567382e-03,2.540759e-03,2.555816e-03
1.900000e+02,2.534810e-03,2.549359e-03,2.545238e-03,2.560035e-03,2.538104e-03,2.552725e-03,2.532056e-03,2.546549e-03,2.527199e-03,2.541605e-03,2.598350e-03,2.603655e-03,2.489230e-03,2.508114e-03,2.552032e-03,2.566196e-03,2.783124e-03,2.776296e-03,2.948335e-03,2.929162e-03,2.587144e-03,2.603340e-03,2.494944e-03,2.511307e-03,2.611619e-03,2.625173e-03,2.992170e-03,2.938327e-03,2.478628e-03,2.497237e-03,2.562727e-03,2.536794e-03,2.551512e-03
1.905000e+02,2.530836e-03,2.545046e-03,2.541195e-03,2.555649e-03,2.534110e-03,2.548391e-03,2.528096e-03,2.542253e-03,2.523264e-03,2.537335e-03,2.593591e-03,2.598493e-03,2.485678e-03,2.504261e-03,2.547944e-03,2.561752e-03,2.777947e-03,2.770446e-03,2.942622e-03,2.922480e-03,2.583401e-03,2.599187e-03,2.491221e-03,2.507290e-03,2.607651e-03,2.620769e-03,2.984862e-03,2.929884e-03,2.475127e-03,2.493440e-03,2.558066e-03,2.532823e-03,2.547203e-03
1.910000e+02,2.526855e-03,2.540728e-03,2.537146e-03,2.551257e-03,2.530110e-03,2.544051e-03,2.524131e-03,2.537951e-03,2.519323e-03,2.533059e-03,2.588826e-03,2.593325e-03,2.482119e-03,2.500402e-03,2.543849e-03,2.557302e-03,2.772756e-03,2.764583e-03,2.936886e-03,2.915777e-03,2.579648e-03,2.595025e-03,2.487492e-03,2.503267e-03,2.603672e-03,2.616355e-03,2.977528e-03,2.921418e-03,2.471621e-03,2.489637e-03,2.553399e-03,2.528846e-03,2.542887e-03
1.915000e+02,2.522868e-03,2.536403e-03,2.533091e-03,2.546858e-03,2.526104e-03,2.539706e-03,2.520159e-03,2.533643e-03,2.515375e-03,2.528777e-03,2.584054e-03,2.588151e-03,2.478555e-03,2.496538e-03,2.539748e-03,2.552846e-03,2.767551e-03,2.758707e-03,2.931128e-03,2.909052e-03,2.575887e-03,2.590854e-03,2.483757e-03,2.499238e-03,2.599685e-03,2.611933e-03,2.970167e-03,2.912929e-03,2.468109e-03,2.485829e-03,2.548727e-03,2.524862e-03,2.538566e-03
1.920000e+02,2.518875e-03,2.532073e-03,2.529030e-03,2.542454e-03,2.522091e-03,2.535354e-03,2.516181e-03,2.529329e-03,2.511421e-03,2.524489e-03,2.579275e-03,2.582972e-03,2.474985e-03,2.492667e-03,2.535641e-03,2.548385e-03,2.762332e-03,2.752819e-03,2.925346e-03,2.902306e-03,2.572117e-03,2.586674e-03,2.480015e-03,2.495204e-03,2.595688e-03,2.607501e-03,2.962781e-03,2.904419e-03,2.464590e-03,2.482015e-03,2.544050e-03,2.520872e-03,2.534238e-03
1.925000e+02,2.514875e-03,2.527736e-03,2.524962e-03,2.538043e-03,2.518071e-03,2.530996e-03,2.512197e-03,2.525009e-03,2.507461e-03,2.520196e-03,2.574490e-03,2.577787e-03,2.471409e-03,2.488791e-03,2.531528e-03,2.543917e-03,2.757099e-03,2.746918e-03,2.919541e-03,2.895538e-03,2.568338e-03,2.582485e-03,2.476269e-03,2.491164e-03,2.591682e-03,2.603060e-03,2.955368e-03,2.895887e-03,2.461066e-03,2.478195e-03,2.539367e-03,2.516875e-03,2.529905e-03
1.930000e+02,2.510869e-03,2.523394e-03,2.520887e-03,2.533627e-03,2.514046e-03,2.526633e-03,2.508206e-03,2.520684e-03,2.503495e-03,2.515896e-03,2.569699e-03,2.572596e-03,2.467826e-03,2.484909e-03,2.527408e-03,2.539443e-03,2.751852e-03,2.741004e-03,2.913713e-03,2.888750e-03,2.564551e-03,2.578288e-03,2.472516e-03,2.487119e-03,2.587667e-03,2.598610e-03,2.947930e-03,2.887332e-03,2.457536e-03,2.474370e-03,2.534679e-03,2.512873e-03,2.525566e-03
1.935000e+02,2.506857e-03,2.519046e-03,2.516807e-03,2.529204e-03,2.510014e-03,2.522263e-03,2.504210e-03,2.516352e-03,2.499522e-03,2.511591e-03,2.564901e-03,2.567399e-03,2.464238e-03,2.481021e-03,2.523282e-03,2.534964e-03,2.746592e-03,2.735079e-03,2.907863e-03,2.881940e-03,2.560754e-03,2.574082e-03,2.468757e-03,2.483068e-03,2.583642e-03,2.594151e-03,2.940466e-03,2.878757e-03,2.454000e-03,2.470539e-03,2.529986e-03,2.508864e-03,2.521221e-03
1.940000e+02,2.502839e-03,2.514693e-03,2.512720e-03,2.524776e-03,2.505976e-03,2.517888e-03,2.500207e-03,2.512015e-03,2.495544e-03,2.507281e-03,2.560096e-03,2.562197e-03,2.460644e-03,2.477128e-03,2.519149e-03,2.530479e-03,2.741318e-03,2.729141e-03,2.901990e-03,2.875109e-03,2.556949e-03,2.569868e-03,2.464992e-03,2.479011e-03,2.579608e-03,2.589683e-03,2.932976e-03,2.870159e-03,2.450458e-03,2.466702e-03,2.525287e-03,2.504849e-03,2.516870e-03
1.945000e+02,2.498815e-03,2.510333e-03,2.508627e-03,2.520342e-03,2.501932e-03,2.513507e-03,2.496198e-03,2.507673e-03,2.491559e-03,2.502964e-03,2.555286e-03,2.556989e-03,2.457044e-03,2.473229e-03,2.515011e-03,2.525988e-03,2.736030e-03,2.723191e-03,2.896094e-03,2.868257e-03,2.553134e-03,2.565644e-03,2.461222e-03,2.474949e-03,2.575565e-03,2.585206e-03,2.925462e-03,2.861541e-03,2.446911e-03,2.462860e-03,2.520583e-03,2.500828e-03,2.512514e-03
1.950000e+02,2.494785e-03,2.505968e-03,2.504527e-03,2.515903e-03,2.497882e-03,2.509121e-03,2.492183e-03,2.503324e-03,2.487569e-03,2.498642e-03,2.550469e-03,2.551776e-03,2.453438e-03,2.469325e-03,2.510866e-03,2.521491e-03,2.730729e-03,2.717228e-03,2.890176e-03,2.861385e-03,2.549311e-03,2.561413e-03,2.457446e-03,2.470882e-03,2.571513e-03,2.580720e-03,2.917922e-03,2.852902e-03,2.443358e-03,2.459012e-03,2.515874e-03,2.496800e-03,2.508151e-03
1.955000e+02,2.490748e-03,2.501598e-03,2.500422e-03,2.511457e-03,2.493825e-03,2.504729e-03,2.488162e-03,2.498970e-03,2.483572e-03,2.494315e-03,2.545646e-03,2.546558e-03,2.449827e-03,2.465415e-03,2.506715e-03,2.516989e-03,2.725414e-03,2.711254e-03,2.884235e-03,2.854492e-03,2.545480e-03,2.557172e-03,2.453664e-03,2.466809e-03,2.567452e-03,2.576226e-03,2.910357e-03,2.844242e-03,2.439799e-03,2.455159e-03,2.511159e-03,2.492767e-03,2.503784e-03
1.960000e+02,2.486706e-03,2.497222e-03,2.496310e-03,2.507006e-03,2.489763e-03,2.500331e-03,2.484135e-03,2.494611e-03,2.479569e-03,2.489982e-03,2.540817e-03,2.541334e-03,2.446209e-03,2.461499e-03,2.502558e-03,2.512481e-03,2.720086e-03,2.705267e-03,2.878272e-03,2.847579e-03,2.541639e-03,2.552923e-03,2.449876e-03,2.462730e-03,2.563382e-03,2.571723e-03,2.902767e-03,2.835562e-03,2.436234e-03,2.451301e-03,2.506440e-03,2.488728e-03,2.499410e-03
1.965000e+02,2.482657e-03,2.492840e-03,2.492193e-03,2.502549e-03,2.485695e-03,2.495927e-03,2.480102e-03,2.490246e-03,2.475561e-03,2.485643e-03,2.535981e-03,2.536105e-03,2.442586e-03,2.457578e-03,2.498395e-03,2.507967e-03,2.714745e-03,2.699269e-03,2.872286e-03,2.840645e-03,2.537790e-03,2.548666e-03,2.446083e-03,2.458647e-03,2.559302e-03,2.567211e-03,2.895152e-03,2.826861e-03,2.432663e-03,2.447437e-03,2.501716e-03,2.484682e-03,2.495031e-03
1.970000e+02,2.478603e-03,2.488453e-03,2.488069e-03,2.498087e-03,2.481620e-03,2.491519e-03,2.476063e-03,2.485875e-03,2.471547e-03,2.481299e-03,2.531140e-03,2.530871e-03,2.438957e-03,2.453651e-03,2.494226e-03,2.503448e-03,2.709390e-03,2.693259e-03,2.866278e-03,2.833691e-03,2.533932e-03,2.544400e-03,2.442284e-03,2.454558e-03,2.555214e-03,2.562690e-03,2.887513e-03,2.818140e-03,2.429087e-03,2.443567e-03,2.496986e-03,2.480631e-03,2.490647e-03
1.975000e+02,2.474543e-03,2.484060e-03,2.483939e-03,2.493619e-03,2.477540e-03,2.487104e-03,2.472018e-03,2.481499e-03,2.467526e-03,2.476950e-03,2.526292e-03,2.525632e-03,2.435323e-03,2.449719e-03,2.490051e-03,2.498923e-03,2.704022e-03,2.687237e-03,2.860248e-03,2.826717e-03,2.530066e-03,2.540125e-03,2.438479e-03,2.450464e-03,2.551117e-03,2.558160e-03,2.879849e-03,2.809400e-03,2.425506e-03,2.439693e-03,2.492252e-03,2.476573e-03,2.486257e-03
1.980000e+02,2.470477e-03,2.479662e-03,2.479804e-03,2.489146e-03,2.473454e-03,2.482684e-03,2.467968e-03,2.477118e-03,2.463500e-03,2.472595e-03,2.521439e-03,2.520387e-03,2.431682e-03,2.445782e-03,2.485870e-03,2.494393e-03,2.698641e-03,2.681204e-03,2.854196e-03,2.819722e-03,2.526191e-03,2.535843e-03,2.434669e-03,2.446364e-03,2.547010e-03,2.553622e-03,2.872161e-03,2.800639e-03,2.421918e-03,2.435813e-03,2.487513e-03,2.472510e-03,2.481861e-03
1.985000e+02,2.466405e-03,2.475259e-03,2.475662e-03,2.484667e-03,2.469362e-03,2.478259e-03,2.463911e-03,2.472731e-03,2.459469e-03,2.468235e-03,2.516580e-03,2.515138e-03,2.428036e-03,2.441839e-03,2.481683e-03,2.489858e-03,2.693246e-03,2.675159e-03,2.848122e-03,2.812708e-03,2.522307e-03,2.531552e-03,2.430854e-03,2.442260e-03,2.542895e-03,2.549075e-03,2.864449e-03,2.791860e-03,2.418326e-03,2.431927e-03,2.482769e-03,2.468441e-03,2.477461e-03
1.990000e+02,2.462327e-03,2.470850e-03,2.471514e-03,2.480183e-03,2.465264e-03,2.473829e-03,2.459849e-03,2.468339e-03,2.455431e-03,2.463870e-03,2.511715e-03,2.509884e-03,2.424385e-03,2.437891e-03,2.477491e-03,2.485317e-03,2.687839e-03,2.669102e-03,2.842026e-03,2.805675e-03,2.518415e-03,2.527252e-03,2.427032e-03,2.438150e-03,2.538770e-03,2.544520e-03,2.856713e-03,2.783061e-03,2.414727e-03,2.428037e-03,2.478020e-03,2.464366e-03,2.473055e-03
1.995000e+02,2.458244e-03,2.466436e-03,2.467361e-03,2.475693e-03,2.461160e-03,2.469393e-03,2.455781e-03,2.463942e-03,2.451388e-03,2.459499e-03,2.506844e-03,2.504624e-03,2.420728e-03,2.433938e-03,2.473292e-03,2.480771e-03,2.682419e-03,2.663034e-03,2.835908e-03,2.798621e-03,2.514514e-03,2.522944e-03,2.423206e-03,2.434035e-03,2.534637e-03,2.539957e-03,2.848953e-03,2.774244e-03,2.411123e-03,2.424141e-03,2.473267e-03,2.460286e-03,2.468643e-03
2.000000e+02,2.454154e-03,2.462016e-03,2.463202e-03,2.471199e-03,2.457051e-03,2.464952e-03,2.451708e-03,2.459540e-03,2.447339e-03,2.455123e-03,2.501967e-03,2.499360e-03,2.417065e-03,2.429979e-03,2.469088e-03,2.476220e-03,2.676985e-03,2.656955e-03,2.829768e-03,2.791549e-03,2.510605e-03,2.518629e-03,2.419374e-03,2.429916e-03,2.530495e-03,2.535384e-03,2.841170e-03,2.765407e-03,2.407514e-03,2.420240e-03,2.468509e-03,2.456199e-03,2.464227e-03
2.005000e+02,2.450059e-03,2.457592e-03,2.459037e-03,2.466698e-03,2.452936e-03,2.460506e-03,2.447628e-03,2.455132e-03,2.443284e-03,2.450743e-03,2.497085e-03,2.494092e-03,2.413397e-03,2.426015e-03,2.464878e-03,2.471663e-03,2.671539e-03,2.650865e-03,2.823607e-03,2.784456e-03,2.506687e-03,2.514304e-03,2.415536e-03,2.425791e-03,2.526344e-03,2.530804e-03,2.833363e-03,2.756553e-03,2.403899e-03,2.416334e-03,2.463746e-03,2.452107e-03,2.459805e-03
2.010000e+02,2.445959e-03,2.453162e-03,2.454866e-03,2.462193e-03,2.448815e-03,2.456054e-03,2.443544e-03,2.450720e-03,2.439224e-03,2.446357e-03,2.492197e-03,2.488818e-03,2.409723e-03,2.422047e-03,2.460662e-03,2.467101e-03,2.666080e-03,2.644763e-03,2.817424e-03,2.777345e-03,2.502761e-03,2.509972e-03,2.411693e-03,2.421661e-03,2.522185e-03,2.526215e-03,2.825533e-03,2.747680e-03,2.400279e-03,2.412423e-03,2.458978e-03,2.448010e-03,2.455378e-03
2.015000e+02,2.441853e-03,2.448728e-03,2.450690e-03,2.457682e-03,2.444689e-03,2.451598e-03,2.439453e-03,2.446302e-03,2.435159e-03,2.441966e-03,2.487303e-03,2.483540e-03,2.406044e-03,2.418072e-03,2.456441e-03,2.462535e-03,2.660609e-03,2.638651e-03,2.811220e-03,2.770215e-03,2.498826e-03,2.505632e-03,2.407845e-03,2.417526e-03,2.518016e-03,2.521618e-03,2.817680e-03,2.738789e-03,2.396653e-03,2.408507e-03,2.454207e-03,2.443906e-03,2.450946e-03
2.020000e+02,2.437741e-03,2.444288e-03,2.446508e-03,2.453167e-03,2.440557e-03,2.447136e-03,2.435357e-03,2.441879e-03,2.431087e-03,2.437570e-03,2.482404e-03,2.478257e-03,2.402359e-03,2.414093e-03,2.452214e-03,2.457963e-03,2.655124e-03,2.632527e-03,2.804994e-03,2.763065e-03,2.494883e-03,2.501283e-03,2.403991e-03,2.413386e-03,2.513839e-03,2.517012e-03,2.809804e-03,2.729880e-03,2.393022e-03,2.404586e-03,2.449430e-03,2.439797e-03,2.446508e-03
2.025000e+02,2.433624e-03,2.439843e-03,2.442320e-03,2.448646e-03,2.436419e-03,2.442669e-03,2.431255e-03,2.437451e-03,2.427011e-03,2.433169e-03,2.477500e-03,2.472970e-03,2.398669e-03,2.410109e-03,2.447981e-03,2.453386e-03,2.649627e-03,2.626393e-03,2.798747e-03,2.755897e-03,2.490931e-03,2.496926e-03,2.400133e-03,2.409242e-03,2.509653e-03,2.512398e-03,2.801905e-03,2.720954e-03,2.389386e-03,2.400659e-03,2.444649e-03,2.435683e-03,2.442066e-03
2.030000e+02,2.429501e-03,2.435394e-03,2.438127e-03,2.444120e-03,2.432276e-03,2.438198e-03,2.427148e-03,2.433019e-03,2.422928e-03,2.428763e-03,2.472590e-03,2.467678e-03,2.394974e-03,2.406120e-03,2.443743e-03,2.448804e-03,2.644118e-03,2.620248e-03,2.792478e-03,2.748711e-03,2.486971e-03,2.492562e-03,2.396268e-03,2.405092e-03,2.505458e-03,2.507776e-03,2.793984e-03,2.712011e-03,2.385744e-03,2.396728e-03,2.439864e-03,2.431563e-03,2.437619e-03
2.035000e+02,2.425373e-03,2.430939e-03,2.433928e-03,2.439589e-03,2.428127e-03,2.433721e-03,2.423036e-03,2.428581e-03,2.418841e-03,2.424352e-03,2.467675e-03,2.462382e-03,2.391273e-03,2.402125e-03,2.439499e-03,2.444217e-03,2.638596e-03,2.614092e-03,2.786189e-03,2.741505e-03,2.483003e-03,2.488189e-03,2.392399e-03,2.400938e-03,2.501255e-03,2.503146e-03,2.786040e-03,2.703050e-03,2.382097e-03,2.392792e-03,2.435075e-03,2.427437e-03,2.433167e-03
2.040000e+02,2.421239e-03,2.426479e-03,2.429723e-03,2.435053e-03,2.423973e-03,2.429240e-03,2.418918e-03,2.424138e-03,2.414748e-03,2.419937e-03,2.462754e-03,2.457082e-03,2.387567e-03,2.398126e-03,2.435250e-03,2.439625e-03,2.633062e-03,2.607926e-03,2.779878e-03,2.734282e-03,2.479026e-03,2.483809e-03,2.388525e-03,2.396779e-03,2.497043e-03,2.498508e-03,2.778075e-03,2.694073e-03,2.378445e-03,2.388851e-03,2.430281e-03,2.423306e-03,2.428710e-03
2.045000e+02,2.417100e-03,2.422015e-03,2.425513e-03,2.430513e-03,2.419814e-03,2.424753e-03,2.414795e-03,2.419691e-03,2.410650e-03,2.415516e-03,2.457828e-03,2.451777e-03,2.383855e-03,2.394122e-03,2.430996e-03,2.435029e-03,2.627516e-03,2.601749e-03,2.773547e-03,2.727040e-03,2.475041e-03,2.479420e-03,2.384645e-03,2.392616e-03,2.492822e-03,2.493861e-03,2.770087e-03,2.685079e-03,2.374788e-03,2.384905e-03,2.425483e-03,2.419170e-03,2.424248e-03
2.050000e+02,2.412956e-03,2.417546e-03,2.421298e-03,2.425967e-03,2.415649e-03,2.420262e-03,2.410666e-03,2.415239e-03,2.406546e-03,2.411091e-03,2.452897e-03,2.446468e-03,2.380139e-03,2.390113e-03,2.426736e-03,2.430427e-03,2.621957e-03,2.595562e-03,2.767194e-03,2.719780e-03,2.471048e-03,2.475024e-03,2.380760e-03,2.388447e-03,2.488593e-03,2.489207e-03,2.762077e-03,2.676069e-03,2.371126e-03,2.380954e-03,2.420681e-03,2.415028e-03,2.419781e-03
2.055000e+02,2.408806e-03,2.413072e-03,2.417077e-03,2.421416e-03,2.411479e-03,2.415766e-03,2.406532e-03,2.410782e-03,2.402437e-03,2.406661e-03,2.447961e-03,2.441155e-03,2.376417e-03,2.386099e-03,2.422471e-03,2.425821e-03,2.616386e-03,2.589365e-03,2.760821e-03,2.712502e-03,2.467047e-03,2.470620e-03,2.376870e-03,2.384274e-03,2.484356e-03,2.484545e-03,2.754046e-03,2.667043e-03,2.367458e-03,2.376999e-03,2.415875e-03,2.410881e-03,2.415309e-03
2.060000e+02,2.404651e-03,2.408593e-03,2.412851e-03,2.416861e-03,2.407303e-03,2.411265e-03,2.402393e-03,2.406320e-03,2.398323e-03,2.402227e-03,2.443019e-03,2.435838e-03,2.372690e-03,2.382080e-03,2.418200e-03,2.421210e-03,2.610803e-03,2.583157e-03,2.754428e-03,2.705207e-03,2.463037e-03,2.466208e-03,2.372976e-03,2.380097e-03,2.480109e-03,2.479875e-03,2.745994e-03,2.658001e-03,2.363785e-03,2.373039e-03,2.411064e-03,2.406729e-03,2.410833e-03
2.065000e+02,2.400491e-03,2.404110e-03,2.408620e-03,2.412301e-03,2.403123e-03,2.406760e-03,2.398249e-03,2.401854e-03,2.394204e-03,2.397788e-03,2.438073e-03,2.430517e-03,2.368957e-03,2.378056e-03,2.413924e-03,2.416594e-03,2.605209e-03,2.576939e-03,2.748014e-03,2.697893e-03,2.459020e-03,2.461788e-03,2.369076e-03,2.375915e-03,2.475855e-03,2.475197e-03,2.737920e-03,2.648944e-03,2.360107e-03,2.369074e-03,2.406250e-03,2.402571e-03,2.406352e-03
2.070000e+02,2.396325e-03,2.399622e-03,2.404383e-03,2.407736e-03,2.398937e-03,2.402250e-03,2.394099e-03,2.397384e-03,2.390080e-03,2.393344e-03,2.433122e-03,2.425191e-03,2.365220e-03,2.374028e-03,2.409643e-03,2.411974e-03,2.599602e-03,2.570711e-03,2.741579e-03,2.690563e-03,2.454994e-03,2.457361e-03,2.365171e-03,2.371728e-03,2.471592e-03,2.470511e-03,2.729825e-03,2.639871e-03,2.356424e-03,2.365104e-03,2.401432e-03,2.398408e-03,2.401866e-03
2.075000e+02,2.392155e-03,2.395130e-03,2.400141e-03,2.403167e-03,2.394746e-03,2.397735e-03,2.389945e-03,2.392908e-03,2.385950e-03,2.388896e-03,2.428165e-03,2.419862e-03,2.361478e-03,2.369995e-03,2.405357e-03,2.407350e-03,2.593983e-03,2.564474e-03,2.735124e-03,2.683215e-03,2.450960e-03,2.452926e-03,2.361261e-03,2.367537e-03,2.467321e-03,2.465817e-03,2.721710e-03,2.630784e-03,2.352736e-03,2.361130e-03,2.396609e-03,2.394240e-03,2.397376e-03
2.080000e+02,2.387979e-03,2.390633e-03,2.395894e-03,2.398593e-03,2.390549e-03,2.393216e-03,2.385785e-03,2.388428e-03,2.381816e-03,2.384443e-03,2.423204e-03,2.414529e-03,2.357730e-03,2.365957e-03,2.401066e-03,2.402720e-03,2.588353e-03,2.558226e-03,2.728649e-03,2.675850e-03,2.446917e-03,2.448483e-03,2.357346e-03,2.363341e-03,2.463041e-03,2.461116e-03,2.713574e-03,2.621681e-03,2.349043e-03,2.357151e-03,2.391783e-03,2.390067e-03,2.392881e-03
2.085000e+02,2.383798e-03,2.386131e-03,2.391642e-03,2.394015e-03,2.386348e-03,2.388692e-03,2.381620e-03,2.383944e-03,2.377676e-03,2.379986e-03,2.418238e-03,2.409193e-03,2.353978e-03,2.361915e-03,2.396769e-03,2.398087e-03,2.582711e-03,2.551969e-03,2.722154e-03,2.668468e-03,2.442867e-03,2.444033e-03,2.353427e-03,2.359141e-03,2.458753e-03,2.456407e-03,2.705417e-03,2.612565e-03,2.345346e-03,2.353167e-03,2.386953e-03,2.385889e-03,2.388382e-03
2.090000e+02,2.379612e-03,2.381625e-03,2.387384e-03,2.389432e-03,2.382141e-03,2.384164e-03,2.377450e-03,2.379455e-03,2.373532e-03,2.375525e-03,2.413267e-03,2.403852e-03,2.350220e-03,2.357868e-03,2.392468e-03,2.393448e-03,2.577057e-03,2.545702e-03,2.715639e-03,2.661069e-03,2.438809e-03,2.439575e-03,2.349502e-03,2.354937e-03,2.454456e-03,2.451690e-03,2.697241e-03,2.603433e-03,2.341643e-03,2.349179e-03,2.382120e-03,2.381706e-03,2.383879e-03
2.095000e+02,2.375422e-03,2.377115e-03,2.383122e-03,2.384844e-03,2.377930e-03,2.379632e-03,2.373275e-03,2.374962e-03,2.369382e-03,2.371059e-03,2.408292e-03,2.398508e-03,2.346457e-03,2.353816e-03,2.388161e-03,2.388806e-03,2.571392e-03,2.539426e-03,2.709104e-03,2.653653e-03,2.434743e-03,2.435110e-03,2.345573e-03,2.350728e-03,2.450152e-03,2.446966e-03,2.689044e-03,2.594288e-03,2.337935e-03,2.345187e-03,2.377282e-03,2.377517e-03,2.379370e-03
2.100000e+02,2.371226e-03,2.372600e-03,2.378854e-03,2.380252e-03,2.373713e-03,2.375095e-03,2.369096e-03,2.370465e-03,2.365228e-03,2.366589e-03,2.403311e-03,2.393160e-03,2.342690e-03,2.349760e-03,2.383850e-03,2.384159e-03,2.565715e-03,2.533140e-03,2.702549e-03,2.646221e-03,2.430669e-03,2.430638e-03,2.341639e-03,2.346515e-03,2.445839e-03,2.442234e-03,2.680828e-03,2.585130e-03,2.334222e-03,2.341190e-03,2.372441e-03,2.373324e-03,2.374858e-03
2.105000e+02,2.367025e-03,2.368081e-03,2.374582e-03,2.375656e-03,2.369492e-03,2.370553e-03,2.364911e-03,2.365963e-03,2.361069e-03,2.362114e-03,2.398326e-03,2.387809e-03,2.338917e-03,2.345700e-03,2.379533e-03,2.379508e-03,2.560027e-03,2.526845e-03,2.695975e-03,2.638772e-03,2.426587e-03,2.426158e-03,2.337701e-03,2.342298e-03,2.441518e-03,2.437495e-03,2.672592e-03,2.575957e-03,2.330505e-03,2.337188e-03,2.367596e-03,2.369126e-03,2.370341e-03
2.110000e+02,2.362819e-03,2.363558e-03,2.370304e-03,2.371055e-03,2.365266e-03,2.366008e-03,2.360721e-03,2.361457e-03,2.356904e-03,2.357636e-03,2.393337e-03,2.382454e-03,2.335140e-03,2.341635e-03,2.375212e-03,2.374852e-03,2.554328e-03,2.520541e-03,2.689381e-03,2.631307e-03,2.422497e-03,2.421670e-03,2.333757e-03,2.338077e-03,2.437189e-03,2.432748e-03,2.664336e-03,2.566772e-03,2.326782e-03,2.333183e-03,2.362748e-03,2.364923e-03,2.365820e-03
2.115000e+02,2.358609e-03,2.359031e-03,2.366022e-03,2.366450e-03,2.361034e-03,2.361458e-03,2.356527e-03,2.356947e-03,2.352735e-03,2.353153e-03,2.388343e-03,2.377096e-03,2.331358e-03,2.337565e-03,2.370886e-03,2.370193e-03,2.548617e-03,2.514227e-03,2.682767e-03,2.623826e-03,2.418399e-03,2.417176e-03,2.329809e-03,2.333851e-03,2.432852e-03,2.427994e-03,2.656062e-03,2.557573e-03,2.323055e-03,2.329172e-03,2.357896e-03,2.360715e-03,2.361295e-03
2.120000e+02,2.354394e-03,2.354499e-03,2.361734e-03,2.361841e-03,2.356798e-03,2.356904e-03,2.352328e-03,2.352433e-03,2.348562e-03,2.348666e-03,2.383345e-03,2.371734e-03,2.327571e-03,2.333492e-03,2.366555e-03,2.365529e-03,2.542896e-03,2.507905e-03,2.676135e-03,2.616330e-03,2.414293e-03,2.412674e-03,2.325856e-03,2.329622e-03,2.428507e-03,2.423233e-03,2.647768e-03,2.548362e-03,2.319324e-03,2.325158e-03,2.353041e-03,2.356502e-03,2.356765e-03
2.125000e+02,2.350174e-03,2.349963e-03,2.357442e-03,2.357228e-03,2.352557e-03,2.352346e-03,2.348124e-03,2.347914e-03,2.344383e-03,2.344175e-03,2.378342e-03,2.366370e-03,2.323779e-03,2.329413e-03,2.362219e-03,2.360861e-03,2.537163e-03,2.501574e-03,2.669483e-03,2.608817e-03,2.410180e-03,2.408165e-03,2.321899e-03,2.325388e-03,2.424153e-03,2.418464e-03,2.639456e-03,2.539139e-03,2.315587e-03,2.321139e-03,2.348182e-03,2.352284e-03,2.352231e-03
2.130000e+02,2.345949e-03,2.345423e-03,2.353145e-03,2.352610e-03,2.348312e-03,2.347784e-03,2.343915e-03,2.343392e-03,2.340200e-03,2.339680e-03,2.373335e-03,2.361002e-03,2.319983e-03,2.325331e-03,2.357878e-03,2.356189e-03,2.531419e-03,2.495233e-03,2.662812e-03,2.601289e-03,2.406058e-03,2.403648e-03,2.317937e-03,2.321150e-03,2.419792e-03,2.413689e-03,2.631125e-03,2.529903e-03,2.311846e-03,2.317116e-03,2.343320e-03,2.348062e-03,2.347694e-03
2.135000e+02,2.341719e-03,2.340879e-03,2.348843e-03,2.347989e-03,2.344062e-03,2.343217e-03,2.339702e-03,2.338865e-03,2.336012e-03,2.335181e-03,2.368323e-03,2.355630e-03,2.316181e-03,2.321244e-03,2.353533e-03,2.351514e-03,2.525665e-03,2.488884e-03,2.656123e-03,2.593746e-03,2.401929e-03,2.399125e-03,2.313971e-03,2.316908e-03,2.415423e-03,2.408906e-03,2.622777e-03,2.520656e-03,2.308100e-03,2.313089e-03,2.338455e-03,2.343835e-03,2.343152e-03
2.140000e+02,2.337485e-03,2.336332e-03,2.344536e-03,2.343363e-03,2.339807e-03,2.338647e-03,2.335484e-03,2.334335e-03,2.331820e-03,2.330678e-03,2.363308e-03,2.350256e-03,2.312375e-03,2.317153e-03,2.349183e-03,2.346834e-03,2.519899e-03,2.482527e-03,2.649414e-03,2.586187e-03,2.397792e-03,2.394595e-03,2.310000e-03,2.312663e-03,2.411046e-03,2.404116e-03,2.614410e-03,2.511397e-03,2.304349e-03,2.309057e-03,2.333586e-03,2.339603e-03,2.338606e-03
2.145000e+02,2.333247e-03,2.331780e-03,2.340225e-03,2.338733e-03,2.335547e-03,2.334073e-03,2.331261e-03,2.329800e-03,2.327623e-03,2.326171e-03,2.358288e-03,2.344879e-03,2.308565e-03,2.313058e-03,2.344829e-03,2.342150e-03,2.514123e-03,2.476161e-03,2.642687e-03,2.578613e-03,2.393648e-03,2.390057e-03,2.306024e-03,2.308413e-03,2.406661e-03,2.399318e-03,2.606025e-03,2.502127e-03,2.300594e-03,2.305022e-03,2.328715e-03,2.335366e-03,2.334056e-03
2.150000e+02,2.329003e-03,2.327224e-03,2.335909e-03,2.334100e-03,2.331283e-03,2.329495e-03,2.327034e-03,2.325262e-03,2.323422e-03,2.321660e-03,2.353264e-03,2.339498e-03,2.304749e-03,2.308958e-03,2.340469e-03,2.337462e-03,2.508336e-03,2.469786e-03,2.635942e-03,2.571025e-03,2.389496e-03,2.385513e-03,2.302045e-03,2.304159e-03,2.402268e-03,2.394514e-03,2.597622e-03,2.492845e-03,2.296834e-03,2.300982e-03,2.323840e-03,2.331125e-03,2.329502e-03
2.155000e+02,2.324755e-03,2.322665e-03,2.331589e-03,2.329462e-03,2.327014e-03,2.324913e-03,2.322803e-03,2.320720e-03,2.319216e-03,2.317145e-03,2.348236e-03,2.334115e-03,2.300930e-03,2.304855e-03,2.336106e-03,2.332771e-03,2.502539e-03,2.463403e-03,2.629178e-03,2.563421e-03,2.385336e-03,2.380961e-03,2.298061e-03,2.299902e-03,2.397867e-03,2.389703e-03,2.589203e-03,2.483553e-03,2.293070e-03,2.296938e-03,2.318962e-03,2.326880e-03,2.324945e-03
2.160000e+02,2.320503e-03,2.318101e-03,2.327264e-03,2.324821e-03,2.322741e-03,2.320327e-03,2.318566e-03,2.316174e-03,2.315005e-03,2.312627e-03,2.343204e-03,2.328729e-03,2.297105e-03,2.300747e-03,2.331738e-03,2.328076e-03,2.496731e-03,2.457012e-03,2.622396e-03,2.555803e-03,2.381169e-03,2.376403e-03,2.294072e-03,2.295641e-03,2.393459e-03,2.384885e-03,2.580766e-03,2.474250e-03,2.289301e-03,2.292890e-03,2.314080e-03,2.322630e-03,2.320383e-03
2.165000e+02,2.316246e-03,2.313534e-03,2.322934e-03,2.320175e-03,2.318463e-03,2.315737e-03,2.314326e-03,2.311624e-03,2.310790e-03,2.308105e-03,2.338168e-03,2.323340e-03,2.293276e-03,2.296635e-03,2.327365e-03,2.323377e-03,2.490913e-03,2.450613e-03,2.615595e-03,2.548171e-03,2.376994e-03,2.371838e-03,2.290079e-03,2.291376e-03,2.389043e-03,2.380060e-03,2.572312e-03,2.464937e-03,2.285528e-03,2.288839e-03,2.309196e-03,2.318375e-03,2.315818e-03
2.170000e+02,2.311985e-03,2.308963e-03,2.318600e-03,2.315526e-03,2.314180e-03,2.311144e-03,2.310081e-03,2.307070e-03,2.306571e-03,2.303579e-03,2.333128e-03,2.317948e-03,2.289443e-03,2.292520e-03,2.322988e-03,2.318674e-03,2.485084e-03,2.444206e-03,2.608777e-03,2.540525e-03,2.372812e-03,2.367266e-03,2.286082e-03,2.287107e-03,2.384619e-03,2.375229e-03,2.563841e-03,2.455615e-03,2.281751e-03,2.284783e-03,2.304309e-03,2.314116e-03,2.311249e-03
2.175000e+02,2.307720e-03,2.304389e-03,2.314261e-03,2.310873e-03,2.309894e-03,2.306547e-03,2.305832e-03,2.302513e-03,2.302348e-03,2.299050e-03,2.328085e-03,2.312554e-03,2.285605e-03,2.288400e-03,2.318607e-03,2.313968e-03,2.479246e-03,2.437791e-03,2.601941e-03,2.532864e-03,2.368622e-03,2.362687e-03,2.282081e-03,2.282835e-03,2.380188e-03,2.370390e-03,2.555354e-03,2.446282e-03,2.277968e-03,2.280723e-03,2.299419e-03,2.309853e-03,2.306676e-03
2.180000e+02,2.303450e-03,2.299810e-03,2.309918e-03,2.306217e-03,2.305603e-03,2.301946e-03,2.301578e-03,2.297953e-03,2.298120e-03,2.294516e-03,2.323037e-03,2.307157e-03,2.281762e-03,2.284276e-03,2.314221e-03,2.309258e-03,2.473397e-03,2.431368e-03,2.595087e-03,2.525190e-03,2.364425e-03,2.358101e-03,2.278075e-03,2.278559e-03,2.375749e-03,2.365545e-03,2.546851e-03,2.436940e-03,2.274182e-03,2.276660e-03,2.294526e-03,2.305585e-03,2.302100e-03
2.185000e+02,2.299175e-03,2.295229e-03,2.305571e-03,2.301557e-03,2.301308e-03,2.297341e-03,2.297320e-03,2.293388e-03,2.293888e-03,2.289980e-03,2.317986e-03,2.301758e-03,2.277915e-03,2.280149e-03,2.309831e-03,2.304545e-03,2.467538e-03,2.424937e-03,2.588215e-03,2.517502e-03,2.360221e-03,2.353509e-03,2.274066e-03,2.274279e-03,2.371302e-03,2.360694e-03,2.538332e-03,2.427589e-03,2.270391e-03,2.272592e-03,2.289631e-03,2.301313e-03,2.297520e-03
2.190000e+02,2.294897e-03,2.290643e-03,2.301219e-03,2.296893e-03,2.297008e-03,2.292733e-03,2.293058e-03,2.288821e-03,2.289651e-03,2.285440e-03,2.312931e-03,2.296356e-03,2.274064e-03,2.276017e-03,2.305437e-03,2.299828e-03,2.461669e-03,2.418499e-03,2.581326e-03,2.509801e-03,2.356009e-03,2.348911e-03,2.270052e-03,2.269996e-03,2.366848e-03,2.355835e-03,2.529797e-03,2.418229e-03,2.266596e-03,2.268521e-03,2.284732e-03,2.297036e-03,2.292936e-03
2.195000e+02,2.290614e-03,2.286055e-03,2.296863e-03,2.292226e-03,2.292704e-03,2.288122e-03,2.288791e-03,2.284249e-03,2.285411e-03,2.280896e-03,2.307873e-03,2.290951e-03,2.270209e-03,2.271882e-03,2.301039e-03,2.295108e-03,2.455791e-03,2.412053e-03,2.574420e-03,2.502086e-03,2.351790e-03,2.344305e-03,2.266034e-03,2.265709e-03,2.362387e-03,2.350971e-03,2.521246e-03,2.408861e-03,2.262797e-03,2.264446e-03,2.279831e-03,2.292756e-03,2.288349e-03
2.200000e+02,2.286327e-03,2.281462e-03,2.292503e-03,2.287555e-03,2.288396e-03,2.283507e-03,2.284521e-03,2.279675e-03,2.281166e-03,2.276349e-03,2.302810e-03,2.285544e-03,2.266349e-03,2.267743e-03,2.296636e-03,2.290384e-03,2.449902e-03,2.405600e-03,2.567496e-03,2.494358e-03,2.347563e-03,2.339694e-03,2.262012e-03,2.261419e-03,2.357918e-03,2.346099e-03,2.512681e-03,2.399484e-03,2.258993e-03,2.260367e-03,2.274927e-03,2.288471e-03,2.283759e-03
2.205000e+02,2.282036e-03,2.276867e-03,2.288139e-03,2.282880e-03,2.284084e-03,2.278889e-03,2.280246e-03,2.275096e-03,2.276918e-03,2.271799e-03,2.297745e-03,2.280135e-03,2.262485e-03,2.263600e-03,2.292230e-03,2.285657e-03,2.444004e-03,2.399140e-03,2.560556e-03,2.486617e-03,2.343329e-03,2.335075e-03,2.257986e-03,2.257125e-03,2.353442e-03,2.341222e-03,2.504100e-03,2.390100e-03,2.255185e-03,2.256285e-03,2.270021e-03,2.284182e-03,2.279165e-03
2.210000e+02,2.277741e-03,2.272268e-03,2.283770e-03,2.278203e-03,2.279768e-03,2.274267e-03,2.275968e-03,2.270515e-03,2.272665e-03,2.267245e-03,2.292676e-03,2.274724e-03,2.258616e-03,2.259454e-03,2.287819e-03,2.280927e-03,2.438096e-03,2.392672e-03,2.553599e-03,2.478864e-03,2.339088e-03,2.330451e-03,2.253956e-03,2.252828e-03,2.348958e-03,2.336338e-03,2.495504e-03,2.380707e-03,2.251373e-03,2.252198e-03,2.265112e-03,2.279889e-03,2.274567e-03
2.215000e+02,2.273442e-03,2.267665e-03,2.279397e-03,2.273522e-03,2.275447e-03,2.269642e-03,2.271685e-03,2.265930e-03,2.268408e-03,2.262688e-03,2.287603e-03,2.269310e-03,2.254744e-03,2.255303e-03,2.283404e-03,2.276193e-03,2.432179e-03,2.386198e-03,2.546625e-03,2.471098e-03,2.334840e-03,2.325820e-03,2.249922e-03,2.248528e-03,2.344467e-03,2.331448e-03,2.486894e-03,2.371308e-03,2.247557e-03,2.248109e-03,2.260201e-03,2.275592e-03,2.269967e-03
2.220000e+02,2.269139e-03,2.263060e-03,2.275020e-03,2.268837e-03,2.271123e-03,2.265014e-03,2.267398e-03,2.261342e-03,2.264147e-03,2.258128e-03,2.282527e-03,2.263895e-03,2.250867e-03,2.251149e-03,2.278985e-03,2.271457e-03,2.426252e-03,2.379716e-03,2.539634e-03,2.463319e-03,2.330585e-03,2.321183e-03,2.245884e-03,2.244224e-03,2.339969e-03,2.326551e-03,2.478270e-03,2.361901e-03,2.243737e-03,2.244015e-03,2.255287e-03,2.271291e-03,2.265363e-03
2.225000e+02,2.264832e-03,2.258451e-03,2.270639e-03,2.264150e-03,2.266794e-03,2.260382e-03,2.263107e-03,2.256751e-03,2.259882e-03,2.253565e-03,2.277448e-03,2.258477e-03,2.246986e-03,2.246992e-03,2.274563e-03,2.266717e-03,2.420316e-03,2.373228e-03,2.532627e-03,2.455529e-03,2.326323e-03,2.316539e-03,2.241842e-03,2.239917e-03,2.335464e-03,2.321649e-03,2.469631e-03,2.352487e-03,2.239912e-03,2.239918e-03,2.250371e-03,2.266985e-03,2.260756e-03
2.230000e+02,2.260520e-03,2.253839e-03,2.266255e-03,2.259459e-03,2.262462e-03,2.255748e-03,2.258813e-03,2.252157e-03,2.255614e-03,2.248998e-03,2.272366e-03,2.253057e-03,2.243101e-03,2.242831e-03,2.270136e-03,2.261974e-03,2.414371e-03,2.366733e-03,2.525603e-03,2.447726e-03,2.322053e-03,2.311889e-03,2.237796e-03,2.235607e-03,2.330951e-03,2.316740e-03,2.460979e-03,2.343067e-03,2.236084e-03,2.235818e-03,2.245452e-03,2.262676e-03,2.256145e-03
2.235000e+02,2.256205e-03,2.249224e-03,2.261866e-03,2.254765e-03,2.258126e-03,2.251110e-03,2.254514e-03,2.247559e-03,2.251341e-03,2.244429e-03,2.267281e-03,2.247636e-03,2.239212e-03,2.238666e-03,2.265706e-03,2.257228e-03,2.408417e-03,2.360231e-03,2.518564e-03,2.439912e-03,2.317777e-03,2.307233e-03,2.233747e-03,2.231293e-03,2.326432e-03,2.311825e-03,2.452313e-03,2.333640e-03,2.232251e-03,2.231714e-03,2.240531e-03,2.258363e-03,2.251532e-03
2.240000e+02,2.251887e-03,2.244606e-03,2.257473e-03,2.250067e-03,2.253786e-03,2.246469e-03,2.250212e-03,2.242958e-03,2.247065e-03,2.239856e-03,2.262192e-03,2.242212e-03,2.235319e-03,2.234498e-03,2.261272e-03,2.252479e-03,2.402453e-03,2.353723e-03,2.511508e-03,2.432085e-03,2.313493e-03,2.302571e-03,2.229693e-03,2.226977e-03,2.321905e-03,2.306904e-03,2.443634e-03,2.324208e-03,2.228415e-03,2.227606e-03,2.235608e-03,2.254046e-03,2.246915e-03
2.245000e+02,2.247564e-03,2.239984e-03,2.253076e-03,2.245367e-03,2.249442e-03,2.241825e-03,2.245905e-03,2.238355e-03,2.242785e-03,2.235280e-03,2.257100e-03,2.236787e-03,2.231421e-03,2.230326e-03,2.256834e-03,2.247727e-03,2.396481e-03,2.347208e-03,2.504437e-03,2.424248e-03,2.309203e-03,2.297903e-03,2.225636e-03,2.222657e-03,2.317372e-03,2.301978e-03,2.434942e-03,2.314769e-03,2.224574e-03,2.223495e-03,2.230683e-03,2.249726e-03,2.242295e-03
2.250000e+02,2.243237e-03,2.235360e-03,2.248676e-03,2.240664e-03,2.245094e-03,2.237178e-03,2.241595e-03,2.233748e-03,2.238501e-03,2.230702e-03,2.252006e-03,2.231360e-03,2.227520e-03,2.226151e-03,2.252392e-03,2.242972e-03,2.390500e-03,2.340688e-03,2.497350e-03,2.416399e-03,2.304906e-03,2.293229e-03,2.221576e-03,2.218334e-03,2.312831e-03,2.297045e-03,2.426237e-03,2.305326e-03,2.220730e-03,2.219381e-03,2.225755e-03,2.245401e-03,2.237673e-03
2.255000e+02,2.238907e-03,2.230733e-03,2.244272e-03,2.235957e-03,2.240742e-03,2.232528e-03,2.237282e-03,2.229139e-03,2.234214e-03,2.226120e-03,2.246908e-03,2.225932e-03,2.223615e-03,2.221973e-03,2.247947e-03,2.238214e-03,2.384510e-03,2.334160e-03,2.490247e-03,2.408539e-03,2.300602e-03,2.288549e-03,2.217511e-03,2.214008e-03,2.308284e-03,2.292107e-03,2.417519e-03,2.295877e-03,2.216882e-03,2.215264e-03,2.220826e-03,2.241073e-03,2.233047e-03
2.260000e+02,2.234573e-03,2.226103e-03,2.239863e-03,2.231248e-03,2.236387e-03,2.227875e-03,2.232964e-03,2.224526e-03,2.229923e-03,2.221536e-03,2.241807e-03,2.220501e-03,2.219706e-03,2.217791e-03,2.243498e-03,2.233454e-03,2.378511e-03,2.327627e-03,2.483129e-03,2.400668e-03,2.296291e-03,2.283864e-03,2.213443e-03,2.209680e-03,2.303729e-03,2.287163e-03,2.408790e-03,2.286423e-03,2.213030e-03,2.211143e-03,2.215894e-03,2.236741e-03,2.228418e-03
2.265000e+02,2.230236e-03,2.221470e-03,2.235452e-03,2.226536e-03,2.232028e-03,2.223219e-03,2.228643e-03,2.219911e-03,2.225628e-03,2.216948e-03,2.236704e-03,2.215069e-03,2.215793e-03,2.213606e-03,2.239045e-03,2.228690e-03,2.372504e-03,2.321088e-03,2.475996e-03,2.392787e-03,2.291973e-03,2.279172e-03,2.209372e-03,2.205348e-03,2.299168e-03,2.282213e-03,2.400048e-03,2.276965e-03,2.209174e-03,2.207019e-03,2.210960e-03,2.232405e-03,2.223787e-03
2.270000e+02,2.225895e-03,2.216834e-03,2.231036e-03,2.221821e-03,2.227665e-03,2.218560e-03,2.224319e-03,2.215293e-03,2.221329e-03,2.212358e-03,2.231598e-03,2.209636e-03,2.211876e-03,2.209418e-03,2.234589e-03,2.223924e-03,2.366488e-03,2.314543e-03,2.468848e-03,2.384895e-03,2.287649e-03,2.274474e-03,2.205296e-03,2.201013e-03,2.294600e-03,2.277257e-03,2.391294e-03,2.267503e-03,2.205314e-03,2.202891e-03,2.206025e-03,2.228066e-03,2.219152e-03
2.275000e+02,2.221550e-03,2.212196e-03,2.226617e-03,2.217103e-03,2.223299e-03,2.213899e-03,2.219991e-03,2.210672e-03,2.217028e-03,2.207766e-03,2.226489e-03,2.204201e-03,2.207956e-03,2.205226e-03,2.230129e-03,2.219156e-03,2.360464e-03,2.307992e-03,2.461685e-03,2.376993e-03,2.283318e-03,2.269771e-03,2.201218e-03,2.196675e-03,2.290025e-03,2.272296e-03,2.382529e-03,2.258036e-03,2.201450e-03,2.198761e-03,2.201087e-03,2.223723e-03,2.214515e-03
2.280000e+02,2.217202e-03,2.207555e-03,2.222195e-03,2.212382e-03,2.218930e-03,2.209235e-03,2.215659e-03,2.206049e-03,2.212722e-03,2.203170e-03,2.221378e-03,2.198765e-03,2.204031e-03,2.201031e-03,2.225666e-03,2.214384e-03,2.354432e-03,2.301436e-03,2.454507e-03,2.369080e-03,2.278980e-03,2.265062e-03,2.197135e-03,2.192335e-03,2.285444e-03,2.267330e-03,2.373752e-03,2.248566e-03,2.197583e-03,2.194627e-03,2.196148e-03,2.219376e-03,2.209875e-03
2.285000e+02,2.212850e-03,2.202911e-03,2.217768e-03,2.207659e-03,2.214556e-03,2.204568e-03,2.211324e-03,2.201423e-03,2.208413e-03,2.198572e-03,2.216263e-03,2.193328e-03,2.200103e-03,2.196833e-03,2.221199e-03,2.209610e-03,2.348391e-03,2.294874e-03,2.447315e-03,2.361158e-03,2.274636e-03,2.260348e-03,2.193050e-03,2.187992e-03,2.280856e-03,2.262358e-03,2.364965e-03,2.239093e-03,2.193712e-03,2.190490e-03,2.191207e-03,2.215026e-03,2.205233e-03
2.290000e+02,2.208495e-03,2.198264e-03,2.213339e-03,2.202933e-03,2.210180e-03,2.199899e-03,2.206985e-03,2.196794e-03,2.204101e-03,2.193971e-03,2.211147e-03,2.187889e-03,2.196171e-03,2.192632e-03,2.216729e-03,2.204834e-03,2.342343e-03,2.288307e-03,2.440108e-03,2.353226e-03,2.270285e-03,2.255628e-03,2.188961e-03,2.183646e-03,2.276261e-03,2.257380e-03,2.356167e-03,2.229616e-03,2.189838e-03,2.186350e-03,2.186264e-03,2.210673e-03,2.200588e-03
2.295000e+02,2.204136e-03,2.193615e-03,2.208906e-03,2.198204e-03,2.205800e-03,2.195226e-03,2.202643e-03,2.192162e-03,2.199785e-03,2.189368e-03,2.206027e-03,2.182449e-03,2.192236e-03,2.188428e-03,2.212256e-03,2.200055e-03,2.336286e-03,2.281734e-03,2.432887e-03,2.345285e-03,2.265928e-03,2.250902e-03,2.184868e-03,2.179297e-03,2.271660e-03,2.252397e-03,2.347358e-03,2.220137e-03,2.185959e-03,2.182207e-03,2.181320e-03,2.206316e-03,2.195940e-03
2.300000e+02,2.199774e-03,2.188963e-03,2.204469e-03,2.193473e-03,2.201416e-03,2.190552e-03,2.198298e-03,2.187528e-03,2.195467e-03,2.184762e-03,2.200906e-03,2.177008e-03,2.188296e-03,2.184221e-03,2.207779e-03,2.195274e-03,2.330222e-03,2.275156e-03,2.425652e-03,2.337334e-03,2.261564e-03,2.246171e-03,2.180773e-03,2.174946e-03,2.267053e-03,2.247409e-03,2.338539e-03,2.210655e-03,2.182078e-03,2.178062e-03,2.176374e-03,2.201956e-03,2.191289e-03
2.305000e+02,2.195409e-03,2.184309e-03,2.200029e-03,2.188739e-03,2.197029e-03,2.185875e-03,2.193950e-03,2.182892e-03,2.191144e-03,2.180154e-03,2.195782e-03,2.171566e-03,2.184354e-03,2.180011e-03,2.203299e-03,2.190490e-03,2.324149e-03,2.268574e-03,2.418403e-03,2.329374e-03,2.257193e-03,2.241434e-03,2.176673e-03,2.170592e-03,2.262438e-03,2.242416e-03,2.329710e-03,2.201171e-03,2.178192e-03,2.173913e-03,2.171426e-03,2.197592e-03,2.186637e-03
2.310000e+02,2.191040e-03,2.179653e-03,2.195586e-03,2.184003e-03,2.192639e-03,2.181195e-03,2.189598e-03,2.178253e-03,2.186819e-03,2.175543e-03,2.190655e-03,2.166123e-03,2.180407e-03,2.175798e-03,2.198816e-03,2.185704e-03,2.318069e-03,2.261986e-03,2.411140e-03,2.321406e-03,2.252817e-03,2.236693e-03,2.172571e-03,2.166235e-03,2.257818e-03,2.237418e-03,2.320872e-03,2.191685e-03,2.174303e-03,2.169761e-03,2.166477e-03,2.193225e-03,2.181981e-03
2.315000e+02,2.186669e-03,2.174994e-03,2.191139e-03,2.179264e-03,2.188246e-03,2.176513e-03,2.185243e-03,2.173612e-03,2.182490e-03,2.170930e-03,2.185527e-03,2.160679e-03,2.176457e-03,2.171581e-03,2.194330e-03,2.180916e-03,2.311981e-03,2.255393e-03,2.403864e-03,2.313428e-03,2.248434e-03,2.231945e-03,2.168466e-03,2.161876e-03,2.253191e-03,2.232414e-03,2.312024e-03,2.182197e-03,2.170411e-03,2.165606e-03,2.161526e-03,2.188855e-03,2.177323e-03
2.320000e+02,2.182294e-03,2.170332e-03,2.186689e-03,2.174523e-03,2.183849e-03,2.171829e-03,2.180884e-03,2.168969e-03,2.178158e-03,2.166315e-03,2.180396e-03,2.155234e-03,2.172504e-03,2.167362e-03,2.189840e-03,2.176125e-03,2.305886e-03,2.248796e-03,2.396574e-03,2.305442e-03,2.244044e-03,2.227193e-03,2.164357e-03,2.157515e-03,2.248558e-03,2.227406e-03,2.303167e-03,2.172708e-03,2.166515e-03,2.161448e-03,2.156574e-03,2.184481e-03,2.172663e-03
2.325000e+02,2.177916e-03,2.165669e-03,2.182236e-03,2.169780e-03,2.179450e-03,2.167142e-03,2.176523e-03,2.164323e-03,2.173823e-03,2.161697e-03,2.175263e-03,2.149788e-03,2.168547e-03,2.163140e-03,2.185348e-03,2.171333e-03,2.299784e-03,2.242194e-03,2.389271e-03,2.297448e-03,2.239649e-03,2.222436e-03,2.160245e-03,2.153151e-03,2.243919e-03,2.222393e-03,2.294301e-03,2.163218e-03,2.162616e-03,2.157288e-03,2.151621e-03,2.180105e-03,2.168001e-03
2.330000e+02,2.173534e-03,2.161003e-03,2.177780e-03,2.165034e-03,2.175047e-03,2.162454e-03,2.172158e-03,2.159675e-03,2.169485e-03,2.157077e-03,2.170128e-03,2.144342e-03,2.164586e-03,2.158916e-03,2.180852e-03,2.166538e-03,2.293674e-03,2.235587e-03,2.381955e-03,2.289446e-03,2.235247e-03,2.217673e-03,2.156130e-03,2.148784e-03,2.239273e-03,2.217374e-03,2.285426e-03,2.153727e-03,2.158713e-03,2.153125e-03,2.146666e-03,2.175725e-03,2.163336e-03
2.335000e+02,2.169150e-03,2.156335e-03,2.173320e-03,2.160286e-03,2.170641e-03,2.157762e-03,2.167791e-03,2.155024e-03,2.165144e-03,2.152455e-03,2.164991e-03,2.138895e-03,2.160622e-03,2.154688e-03,2.176354e-03,2.161741e-03,2.287557e-03,2.228976e-03,2.374626e-03,2.281435e-03,2.230839e-03,2.212905e-03,2.152012e-03,2.144415e-03,2.234622e-03,2.212351e-03,2.276543e-03,2.144236e-03,2.154807e-03,2.148959e-03,2.141710e-03,2.171342e-03,2.158669e-03
2.340000e+02,2.164762e-03,2.151665e-03,2.168858e-03,2.155536e-03,2.166232e-03,2.153069e-03,2.163420e-03,2.150372e-03,2.160800e-03,2.147831e-03,2.159852e-03,2.133447e-03,2.156655e-03,2.150458e-03,2.171852e-03,2.156942e-03,2.281433e-03,2.222361e-03,2.367284e-03,2.273418e-03,2.226425e-03,2.208132e-03,2.147890e-03,2.140044e-03,2.229964e-03,2.207323e-03,2.267652e-03,2.134744e-03,2.150897e-03,2.144790e-03,2.136752e-03,2.166956e-03,2.154000e-03
2.345000e+02,2.160372e-03,2.146992e-03,2.164393e-03,2.150784e-03,2.161820e-03,2.148374e-03,2.159046e-03,2.145717e-03,2.156453e-03,2.143205e-03,2.154711e-03,2.127999e-03,2.152685e-03,2.146225e-03,2.167348e-03,2.152141e-03,2.275302e-03,2.215742e-03,2.359930e-03,2.265392e-03,2.222005e-03,2.203355e-03,2.143766e-03,2.135670e-03,2.225300e-03,2.202291e-03,2.258753e-03,2.125253e-03,2.146984e-03,2.140619e-03,2.131794e-03,2.162568e-03,2.149329e-03
2.350000e+02,2.155979e-03,2.142318e-03,2.159925e-03,2.146029e-03,2.157405e-03,2.143676e-03,2.154670e-03,2.141061e-03,2.152103e-03,2.138576e-03,2.149568e-03,2.122550e-03,2.148711e-03,2.141989e-03,2.162841e-03,2.147338e-03,2.269164e-03,2.209119e-03,2.352563e-03,2.257359e-03,2.217578e-03,2.198572e-03,2.139639e-03,2.131295e-03,2.220631e-03,2.197254e-03,2.249847e-03,2.115762e-03,2.143068e-03,2.136445e-03,2.126834e-03,2.158176e-03,2.144655e-03
2.355000e+02,2.151583e-03,2.137641e-03,2.155455e-03,2.141273e-03,2.152987e-03,2.138977e-03,2.150290e-03,2.136402e-03,2.147750e-03,2.133946e-03,2.144423e-03,2.117101e-03,2.144734e-03,2.137751e-03,2.158331e-03,2.142534e-03,2.263019e-03,2.202491e-03,2.345184e-03,2.249320e-03,2.213146e-03,2.193784e-03,2.135509e-03,2.126917e-03,2.215955e-03,2.192212e-03,2.240933e-03,2.106272e-03,2.139149e-03,2.132269e-03,2.121874e-03,2.153781e-03,2.139980e-03
2.360000e+02,2.147183e-03,2.132963e-03,2.150982e-03,2.136515e-03,2.148566e-03,2.134275e-03,2.145908e-03,2.131742e-03,2.143394e-03,2.129314e-03,2.139276e-03,2.111651e-03,2.140753e-03,2.133510e-03,2.153818e-03,2.137727e-03,2.256867e-03,2.195860e-03,2.337794e-03,2.241273e-03,2.208708e-03,2.188992e-03,2.131376e-03,2.122536e-03,2.211274e-03,2.187166e-03,2.232013e-03,2.096783e-03,2.135227e-03,2.128089e-03,2.116912e-03,2.149383e-03,2.135302e-03
2.365000e+02,2.142782e-03,2.128282e-03,2.146507e-03,2.131755e-03,2.144142e-03,2.129572e-03,2.141523e-03,2.127079e-03,2.139036e-03,2.124679e-03,2.134128e-03,2.106201e-03,2.136770e-03,2.129267e-03,2.149302e-03,2.132919e-03,2.250709e-03,2.189226e-03,2.330391e-03,2.233220e-03,2.204264e-03,2.184195e-03,2.127240e-03,2.118154e-03,2.206586e-03,2.182115e-03,2.223085e-03,2.087295e-03,2.131301e-03,2.123908e-03,2.111949e-03,2.144983e-03,2.130623e-03
2.370000e+02,2.138377e-03,2.123600e-03,2.142029e-03,2.126993e-03,2.139716e-03,2.124866e-03,2.137135e-03,2.122415e-03,2.134674e-03,2.120043e-03,2.128978e-03,2.100751e-03,2.132783e-03,2.125021e-03,2.144784e-03,2.128108e-03,2.244544e-03,2.182587e-03,2.322977e-03,2.225160e-03,2.199814e-03,2.179394e-03,2.123101e-03,2.113770e-03,2.201893e-03,2.177060e-03,2.214152e-03,2.077808e-03,2.127372e-03,2.119724e-03,2.106986e-03,2.140579e-03,2.125941e-03
2.375000e+02,2.133969e-03,2.118916e-03,2.137550e-03,2.122229e-03,2.135287e-03,2.120159e-03,2.132744e-03,2.117748e-03,2.130310e-03,2.115405e-03,2.123827e-03,2.095301e-03,2.128793e-03,2.120773e-03,2.140263e-03,2.123297e-03,2.238374e-03,2.175945e-03,2.315551e-03,2.217094e-03,2.195358e-03,2.174587e-03,2.118960e-03,2.109383e-03,2.197195e-03,2.172000e-03,2.205212e-03,2.068324e-03,2.123441e-03,2.115537e-03,2.102021e-03,2.136173e-03,2.121258e-03
2.380000e+02,2.129559e-03,2.114230e-03,2.133068e-03,2.117463e-03,2.130855e-03,2.115450e-03,2.128351e-03,2.113080e-03,2.125944e-03,2.110766e-03,2.118674e-03,2.089850e-03,2.124800e-03,2.116522e-03,2.135740e-03,2.118483e-03,2.232196e-03,2.169300e-03,2.308114e-03,2.209022e-03,2.190897e-03,2.169777e-03,2.114816e-03,2.104995e-03,2.192490e-03,2.166937e-03,2.196266e-03,2.058842e-03,2.119506e-03,2.111348e-03,2.097056e-03,2.131764e-03,2.116573e-03
2.385000e+02,2.125146e-03,2.109542e-03,2.128583e-03,2.112696e-03,2.126420e-03,2.110739e-03,2.123955e-03,2.108411e-03,2.121574e-03,2.106124e-03,2.113520e-03,2.084399e-03,2.120804e-03,2.112268e-03,2.131214e-03,2.113668e-03,2.226013e-03,2.162652e-03,2.300665e-03,2.200944e-03,2.186430e-03,2.164961e-03,2.110669e-03,2.100604e-03,2.187780e-03,2.161869e-03,2.187314e-03,2.049362e-03,2.115568e-03,2.107157e-03,2.092090e-03,2.127353e-03,2.111886e-03
2.390000e+02,2.120731e-03,2.104853e-03,2.124097e-03,2.107928e-03,2.121983e-03,2.106027e-03,2.119556e-03,2.103739e-03,2.117202e-03,2.101481e-03,2.108364e-03,2.078949e-03,2.116804e-03,2.108013e-03,2.126685e-03,2.108851e-03,2.219823e-03,2.156000e-03,2.293206e-03,2.192861e-03,2.181957e-03,2.160142e-03,2.106519e-03,2.096212e-03,2.183065e-03,2.156797e-03,2.178358e-03,2.039885e-03,2.111627e-03,2.102963e-03,2.087123e-03,2.122939e-03,2.107198e-03
2.395000e+02,2.116313e-03,2.100162e-03,2.119608e-03,2.103157e-03,2.117543e-03,2.101313e-03,2.115155e-03,2.099066e-03,2.112828e-03,2.096836e-03,2.103206e-03,2.073498e-03,2.112802e-03,2.103755e-03,2.122154e-03,2.104033e-03,2.213628e-03,2.149346e-03,2.285736e-03,2.184772e-03,2.177479e-03,2.155317e-03,2.102367e-03,2.091817e-03,2.178344e-03,2.151721e-03,2.169396e-03,2.030411e-03,2.107683e-03,2.098768e-03,2.082156e-03,2.118522e-03,2.102508e-03
2.400000e+02,2.111892e-03,2.095469e-03,2.115117e-03,2.098386e-03,2.113101e-03,2.096597e-03,2.110751e-03,2.094391e-03,2.108451e-03,2.092190e-03,2.098048e-03,2.068048e-03,2.108797e-03,2.099495e-03,2.117621e-03,2.099214e-03,2.207426e-03,2.142688e-03,2.278256e-03,2.176678e-03,2.172995e-03,2.150489e-03,2.098212e-03,2.087421e-03,2.173618e-03,2.146641e-03,2.160429e-03,2.020940e-03,2.103736e-03,2.094569e-03,2.077187e-03,2.114103e-03,2.097816e-03
2.405000e+02,2.107469e-03,2.090775e-03,2.110624e-03,2.093613e-03,2.108656e-03,2.091879e-03,2.106345e-03,2.089715e-03,2.104072e-03,2.087542e-03,2.092888e-03,2.062597e-03,2.104789e-03,2.095232e-03,2.113085e-03,2.094393e-03,2.201219e-03,2.136028e-03,2.270765e-03,2.168579e-03,2.168506e-03,2.145656e-03,2.094054e-03,2.083023e-03,2.168886e-03,2.141558e-03,2.151458e-03,2.011473e-03,2.099786e-03,2.090369e-03,2.072219e-03,2.109681e-03,2.093122e-03
2.410000e+02,2.103044e-03,2.086080e-03,2.106129e-03,2.088838e-03,2.104209e-03,2.087161e-03,2.101937e-03,2.085037e-03,2.099690e-03,2.082893e-03,2.087727e-03,2.057147e-03,2.100778e-03,2.090968e-03,2.108547e-03,2.089570e-03,2.195007e-03,2.129365e-03,2.263264e-03,2.160475e-03,2.164011e-03,2.140819e-03,2.089894e-03,2.078623e-03,2.164149e-03,2.136470e-03,2.142482e-03,2.002010e-03,2.095834e-03,2.086166e-03,2.067250e-03,2.105257e-03,2.088428e-03
2.415000e+02,2.098616e-03,2.081382e-03,2.101633e-03,2.084062e-03,2.099759e-03,2.082440e-03,2.097526e-03,2.080358e-03,2.095305e-03,2.078242e-03,2.082565e-03,2.051698e-03,2.096764e-03,2.086701e-03,2.104006e-03,2.084747e-03,2.188788e-03,2.122700e-03,2.255753e-03,2.152366e-03,2.159511e-03,2.135978e-03,2.085732e-03,2.074222e-03,2.159406e-03,2.131378e-03,2.133503e-03,1.992551e-03,2.091879e-03,2.081962e-03,2.062280e-03,2.100830e-03,2.083731e-03
2.420000e+02,2.094186e-03,2.076684e-03,2.097134e-03,2.079285e-03,2.095307e-03,2.077718e-03,2.093112e-03,2.075677e-03,2.090919e-03,2.073589e-03,2.077402e-03,2.046248e-03,2.092747e-03,2.082432e-03,2.099463e-03,2.079922e-03,2.182565e-03,2.116032e-03,2.248232e-03,2.144253e-03,2.155005e-03,2.131133e-03,2.081567e-03,2.069819e-03,2.154659e-03,2.126283e-03,2.124520e-03,1.983096e-03,2.087920e-03,2.077755e-03,2.057310e-03,2.096401e-03,2.079033e-03
2.425000e+02,2.089753e-03,2.071984e-03,2.092633e-03,2.074507e-03,2.090852e-03,2.072995e-03,2.088697e-03,2.070995e-03,2.086530e-03,2.068936e-03,2.072238e-03,2.040799e-03,2.088728e-03,2.078161e-03,2.094919e-03,2.075096e-03,2.176336e-03,2.109362e-03,2.240701e-03,2.136136e-03,2.150494e-03,2.126284e-03,2.077400e-03,2.065414e-03,2.149906e-03,2.121185e-03,2.115534e-03,1.973646e-03,2.083959e-03,2.073546e-03,2.052339e-03,2.091970e-03,2.074334e-03
2.430000e+02,2.085318e-03,2.067282e-03,2.088130e-03,2.069727e-03,2.086396e-03,2.068271e-03,2.084279e-03,2.066312e-03,2.082139e-03,2.064281e-03,2.067073e-03,2.035351e-03,2.084706e-03,2.073888e-03,2.090372e-03,2.070268e-03,2.170101e-03,2.102690e-03,2.233161e-03,2.128016e-03,2.145978e-03,2.121431e-03,2.073230e-03,2.061007e-03,2.145148e-03,2.116082e-03,2.106544e-03,1.964202e-03,2.079996e-03,2.069335e-03,2.047369e-03,2.087536e-03,2.069633e-03
2.435000e+02,2.080881e-03,2.062580e-03,2.083625e-03,2.064946e-03,2.081937e-03,2.063545e-03,2.079859e-03,2.061627e-03,2.077745e-03,2.059624e-03,2.061907e-03,2.029903e-03,2.080681e-03,2.069612e-03,2.085822e-03,2.065440e-03,2.163862e-03,2.096016e-03,2.225612e-03,2.119891e-03,2.141457e-03,2.116574e-03,2.069058e-03,2.056599e-03,2.140386e-03,2.110977e-03,2.097552e-03,1.954763e-03,2.076029e-03,2.065122e-03,2.042398e-03,2.083100e-03,2.064931e-03
2.440000e+02,2.076442e-03,2.057876e-03,2.079119e-03,2.060164e-03,2.077475e-03,2.058818e-03,2.075436e-03,2.056941e-03,2.073350e-03,2.054967e-03,2.056740e-03,2.024455e-03,2.076653e-03,2.065335e-03,2.081271e-03,2.060610e-03,2.157617e-03,2.089340e-03,2.218054e-03,2.111763e-03,2.136930e-03,2.111714e-03,2.064884e-03,2.052190e-03,2.135618e-03,2.105867e-03,2.088557e-03,1.945329e-03,2.072060e-03,2.060907e-03,2.037426e-03,2.078662e-03,2.060228e-03
2.445000e+02,2.072000e-03,2.053171e-03,2.074611e-03,2.055381e-03,2.073012e-03,2.054089e-03,2.071012e-03,2.052254e-03,2.068952e-03,2.050308e-03,2.051572e-03,2.019009e-03,2.072623e-03,2.061056e-03,2.076718e-03,2.055780e-03,2.151368e-03,2.082662e-03,2.210487e-03,2.103631e-03,2.132398e-03,2.106849e-03,2.060707e-03,2.047779e-03,2.130845e-03,2.100755e-03,2.079560e-03,1.935901e-03,2.068089e-03,2.056691e-03,2.032455e-03,2.074221e-03,2.055523e-03
2.450000e+02,2.067557e-03,2.048465e-03,2.070101e-03,2.050598e-03,2.068547e-03,2.049360e-03,2.066585e-03,2.047566e-03,2.064553e-03,2.045648e-03,2.046404e-03,2.013563e-03,2.068590e-03,2.056775e-03,2.072163e-03,2.050948e-03,2.145114e-03,2.075982e-03,2.202911e-03,2.095497e-03,2.127862e-03,2.101981e-03,2.056528e-03,2.043366e-03,2.126068e-03,2.095639e-03,2.070560e-03,1.926480e-03,2.064114e-03,2.052472e-03,2.027484e-03,2.069779e-03,2.050818e-03
2.455000e+02,2.063111e-03,2.043757e-03,2.065590e-03,2.045813e-03,2.064079e-03,2.044630e-03,2.062157e-03,2.042876e-03,2.060151e-03,2.040988e-03,2.041234e-03,2.008117e-03,2.064554e-03,2.052492e-03,2.067605e-03,2.046116e-03,2.138855e-03,2.069300e-03,2.195326e-03,2.087360e-03,2.123320e-03,2.097109e-03,2.052347e-03,2.038953e-03,2.121285e-03,2.090520e-03,2.061559e-03,1.917065e-03,2.060138e-03,2.048252e-03,2.022512e-03,2.065334e-03,2.046111e-03
2.460000e+02,2.058664e-03,2.039049e-03,2.061076e-03,2.041027e-03,2.059609e-03,2.039898e-03,2.057726e-03,2.038186e-03,2.055747e-03,2.036326e-03,2.036065e-03,2.002673e-03,2.060516e-03,2.048208e-03,2.063046e-03,2.041283e-03,2.132592e-03,2.062618e-03,2.187734e-03,2.079220e-03,2.118774e-03,2.092233e-03,2.048164e-03,2.034537e-03,2.116498e-03,2.085397e-03,2.052557e-03,1.907657e-03,2.056158e-03,2.044029e-03,2.017540e-03,2.060888e-03,2.041403e-03
2.465000e+02,2.054214e-03,2.034339e-03,2.056561e-03,2.036241e-03,2.055138e-03,2.035165e-03,2.053293e-03,2.033494e-03,2.051341e-03,2.031663e-03,2.030894e-03,1.997230e-03,2.056475e-03,2.043921e-03,2.058485e-03,2.036449e-03,2.126324e-03,2.055934e-03,2.180133e-03,2.071077e-03,2.114222e-03,2.087354e-03,2.043979e-03,2.030121e-03,2.111707e-03,2.080272e-03,2.043554e-03,1.898256e-03,2.052177e-03,2.039805e-03,2.012569e-03,2.056439e-03,2.036694e-03
2.470000e+02,2.049762e-03,2.029629e-03,2.052045e-03,2.031454e-03,2.050664e-03,2.030432e-03,2.048859e-03,2.028802e-03,2.046933e-03,2.026999e-03,2.025724e-03,1.991787e-03,2.052432e-03,2.039633e-03,2.053923e-03,2.031614e-03,2.120052e-03,2.049248e-03,2.172524e-03,2.062932e-03,2.109666e-03,2.082472e-03,2.039791e-03,2.025703e-03,2.106910e-03,2.075144e-03,2.034549e-03,1.888862e-03,2.048192e-03,2.035579e-03,2.007597e-03,2.051988e-03,2.031984e-03
2.475000e+02,2.045309e-03,2.024918e-03,2.047527e-03,2.026666e-03,2.046189e-03,2.025697e-03,2.044422e-03,2.024109e-03,2.042524e-03,2.022334e-03,2.020552e-03,1.986346e-03,2.048387e-03,2.035343e-03,2.049358e-03,2.026778e-03,2.113775e-03,2.042562e-03,2.164908e-03,2.054786e-03,2.105105e-03,2.077586e-03,2.035602e-03,2.021284e-03,2.102110e-03,2.070012e-03,2.025544e-03,1.879476e-03,2.044206e-03,2.031352e-03,2.002626e-03,2.047536e-03,2.027274e-03
2.480000e+02,2.040854e-03,2.020206e-03,2.043008e-03,2.021877e-03,2.041712e-03,2.020962e-03,2.039984e-03,2.019415e-03,2.038113e-03,2.017668e-03,2.015381e-03,1.980905e-03,2.044339e-03,2.031051e-03,2.044792e-03,2.021942e-03,2.107495e-03,2.035874e-03,2.157284e-03,2.046637e-03,2.100539e-03,2.072697e-03,2.031410e-03,2.016864e-03,2.097304e-03,2.064878e-03,2.016539e-03,1.870098e-03,2.040217e-03,2.027123e-03,1.997655e-03,2.043081e-03,2.022562e-03
2.485000e+02,2.036396e-03,2.015493e-03,2.038487e-03,2.017088e-03,2.037232e-03,2.016226e-03,2.035544e-03,2.014720e-03,2.033699e-03,2.013002e-03,2.010209e-03,1.975466e-03,2.040288e-03,2.026758e-03,2.040224e-03,2.017105e-03,2.101210e-03,2.029186e-03,2.149653e-03,2.038487e-03,2.095968e-03,2.067804e-03,2.027217e-03,2.012442e-03,2.092494e-03,2.059741e-03,2.007534e-03,1.860728e-03,2.036225e-03,2.022892e-03,1.992684e-03,2.038625e-03,2.017849e-03
2.490000e+02,2.031938e-03,2.010779e-03,2.033965e-03,2.012298e-03,2.032752e-03,2.011489e-03,2.031102e-03,2.010024e-03,2.029284e-03,2.008334e-03,2.005037e-03,1.970028e-03,2.036235e-03,2.022463e-03,2.035655e-03,2.012267e-03,2.094922e-03,2.022497e-03,2.142014e-03,2.030336e-03,2.091393e-03,2.062909e-03,2.023022e-03,2.008020e-03,2.087680e-03,2.054602e-03,1.998529e-03,1.851367e-03,2.032232e-03,2.018660e-03,1.987713e-03,2.034167e-03,2.013136e-03
2.495000e+02,2.027477e-03,2.006064e-03,2.029441e-03,2.007508e-03,2.028269e-03,2.006751e-03,2.026658e-03,2.005327e-03,2.024868e-03,2.003666e-03,1.999864e-03,1.964591e-03,2.032180e-03,2.018167e-03,2.031084e-03,2.007429e-03,2.088629e-03,2.015807e-03,2.134369e-03,2.022183e-03,2.086813e-03,2.058010e-03,2.018825e-03,2.003596e-03,2.082862e-03,2.049459e-03,1.989524e-03,1.842014e-03,2.028236e-03,2.014426e-03,1.982743e-03,2.029707e-03,2.008422e-03
2.500000e+02,2.023015e-03,2.001349e-03,2.024916e-03,2.002717e-03,2.023785e-03,2.002012e-03,2.022213e-03,2.000630e-03,2.020449e-03,1.998998e-03,1.994692e-03,1.959156e-03,2.028123e-03,2.013869e-03,2.026511e-03,2.002591e-03,2.082333e-03,2.009117e-03,2.126717e-03,2.014030e-03,2.082229e-03,2.053108e-03,2.014625e-03,1.999171e-03,2.078039e-03,2.044314e-03,1.980521e-03,1.832670e-03,2.024237e-03,2.010191e-03,1.977773e-03,2.025246e-03,2.003707e-03
2.505000e+02,2.018551e-03,1.996633e-03,2.020390e-03,1.997926e-03,2.019298e-03,1.997273e-03,2.017766e-03,1.995932e-03,2.016029e-03,1.994328e-03,1.989519e-03,1.953721e-03,2.024064e-03,2.009570e-03,2.021937e-03,1.997752e-03,2.076034e-03,2.002426e-03,2.119059e-03,2.005875e-03,2.077640e-03,2.048203e-03,2.010425e-03,1.994746e-03,2.073212e-03,2.039167e-03,1.971518e-03,1.823336e-03,2.020237e-03,2.005954e-03,1.972803e-03,2.020783e-03,1.998991e-03
2.510000e+02,2.014085e-03,1.991917e-03,2.015862e-03,1.993134e-03,2.014811e-03,1.992534e-03,2.013317e-03,1.991234e-03,2.011608e-03,1.989658e-03,1.984346e-03,1.948289e-03,2.020002e-03,2.005269e-03,2.017361e-03,1.992913e-03,2.069730e-03,1.995735e-03,2.111394e-03,1.997721e-03,2.073047e-03,2.043295e-03,2.006222e-03,1.990319e-03,2.068381e-03,2.034017e-03,1.962517e-03,1.814012e-03,2.016234e-03,2.001716e-03,1.967834e-03,2.016318e-03,1.994275e-03
2.515000e+02,2.009618e-03,1.987200e-03,2.011333e-03,1.988342e-03,2.010322e-03,1.987793e-03,2.008867e-03,1.986535e-03,2.007185e-03,1.984988e-03,1.979173e-03,1.942858e-03,2.015938e-03,2.000967e-03,2.012784e-03,1.988073e-03,2.063424e-03,1.989044e-03,2.103723e-03,1.989566e-03,2.068450e-03,2.038385e-03,2.002018e-03,1.985891e-03,2.063546e-03,2.028864e-03,1.953517e-03,1.804697e-03,2.012230e-03,1.997476e-03,1.962865e-03,2.011852e-03,1.989559e-03
2.520000e+02,2.005149e-03,1.982483e-03,2.006803e-03,1.983550e-03,2.005831e-03,1.983053e-03,2.004416e-03,1.981835e-03,2.002760e-03,1.980317e-03,1.974001e-03,1.937428e-03,2.011872e-03,1.996663e-03,2.008206e-03,1.983233e-03,2.057114e-03,1.982353e-03,2.096046e-03,1.981410e-03,2.063848e-03,2.033471e-03,1.997812e-03,1.981463e-03,2.058707e-03,2.023710e-03,1.944520e-03,1.795392e-03,2.008223e-03,1.993235e-03,1.957897e-03,2.007384e-03,1.984841e-03
2.525000e+02,2.000679e-03,1.977765e-03,2.002272e-03,1.978757e-03,2.001339e-03,1.978311e-03,1.999962e-03,1.977135e-03,1.998334e-03,1.975645e-03,1.968828e-03,1.932000e-03,2.007804e-03,1.992358e-03,2.003627e-03,1.978393e-03,2.050801e-03,1.975661e-03,2.088363e-03,1.973255e-03,2.059242e-03,2.028555e-03,1.993604e-03,1.977034e-03,2.053864e-03,2.018553e-03,1.935525e-03,1.786098e-03,2.004214e-03,1.988993e-03,1.952930e-03,2.002914e-03,1.980124e-03
2.530000e+02,1.996207e-03,1.973046e-03,1.997740e-03,1.973965e-03,1.996845e-03,1.973570e-03,1.995508e-03,1.972435e-03,1.993906e-03,1.970974e-03,1.963656e-03,1.926574e-03,2.003733e-03,1.988052e-03,1.999046e-03,1.973552e-03,2.044485e-03,1.968970e-03,2.080675e-03,1.965101e-03,2.054632e-03,2.023636e-03,1.989394e-03,1.972604e-03,2.049017e-03,2.013394e-03,1.926532e-03,1.776815e-03,2.000203e-03,1.984750e-03,1.947963e-03,1.998443e-03,1.975405e-03
2.535000e+02,1.991735e-03,1.968327e-03,1.993207e-03,1.969172e-03,1.992350e-03,1.968828e-03,1.991052e-03,1.967734e-03,1.989478e-03,1.966301e-03,1.958483e-03,1.921149e-03,1.999661e-03,1.983744e-03,1.994464e-03,1.968712e-03,2.038166e-03,1.962280e-03,2.072981e-03,1.956947e-03,2.050018e-03,2.018714e-03,1.985183e-03,1.968173e-03,2.044166e-03,2.008233e-03,1.917542e-03,1.767543e-03,1.996190e-03,1.980505e-03,1.942997e-03,1.993971e-03,1.970687e-03
2.540000e+02,1.987260e-03,1.963608e-03,1.988673e-03,1.964379e-03,1.987854e-03,1.964085e-03,1.986595e-03,1.963033e-03,1.985047e-03,1.961629e-03,1.953311e-03,1.915727e-03,1.995587e-03,1.979436e-03,1.989880e-03,1.963871e-03,2.031845e-03,1.955590e-03,2.065283e-03,1.948794e-03,2.045399e-03,2.013790e-03,1.980971e-03,1.963741e-03,2.039312e-03,2.003070e-03,1.908555e-03,1.758281e-03,1.992175e-03,1.976259e-03,1.938032e-03,1.989497e-03,1.965968e-03
2.545000e+02,1.982785e-03,1.958889e-03,1.984138e-03,1.959586e-03,1.983356e-03,1.959343e-03,1.982136e-03,1.958332e-03,1.980616e-03,1.956956e-03,1.948140e-03,1.910306e-03,1.991511e-03,1.975126e-03,1.985296e-03,1.959031e-03,2.025520e-03,1.948900e-03,2.057579e-03,1.940641e-03,2.040777e-03,2.008863e-03,1.976757e-03,1.959309e-03,2.034454e-03,1.997904e-03,1.899571e-03,1.749032e-03,1.988158e-03,1.972012e-03,1.933068e-03,1.985023e-03,1.961249e-03
2.550000e+02,1.978308e-03,1.954170e-03,1.979601e-03,1.954794e-03,1.978857e-03,1.954600e-03,1.977676e-03,1.953630e-03,1.976183e-03,1.952283e-03,1.942969e-03,1.904887e-03,1.987432e-03,1.970815e-03,1.980711e-03,1.954190e-03,2.019193e-03,1.942211e-03,2.049871e-03,1.932490e-03,2.036151e-03,2.003934e-03,1.972541e-03,1.954877e-03,2.029592e-03,1.992737e-03,1.890591e-03,1.739794e-03,1.984139e-03,1.967764e-03,1.928104e-03,1.980546e-03,1.956529e-03
2.555000e+02,1.973830e-03,1.949450e-03,1.975064e-03,1.950001e-03,1.974357e-03,1.949857e-03,1.973215e-03,1.948929e-03,1.971749e-03,1.947610e-03,1.937798e-03,1.899470e-03,1.983352e-03,1.966503e-03,1.976124e-03,1.949349e-03,2.012864e-03,1.935523e-03,2.042158e-03,1.924341e-03,2.031520e-03,1.999002e-03,1.968325e-03,1.950443e-03,2.024726e-03,1.987569e-03,1.881615e-03,1.730568e-03,1.980119e-03,1.963515e-03,1.923141e-03,1.976069e-03,1.951810e-03
2.560000e+02,1.969350e-03,1.944730e-03,1.970527e-03,1.945209e-03,1.969856e-03,1.945114e-03,1.968753e-03,1.944227e-03,1.967314e-03,1.942936e-03,1.932628e-03,1.894055e-03,1.979270e-03,1.962190e-03,1.971536e-03,1.944509e-03,2.006532e-03,1.928835e-03,2.034441e-03,1.916193e-03,2.026886e-03,1.994068e-03,1.964106e-03,1.946009e-03,2.019858e-03,1.982398e-03,1.872643e-03,1.721355e-03,1.976096e-03,1.959264e-03,1.918180e-03,1.971590e-03,1.947090e-03
2.565000e+02,1.964870e-03,1.940010e-03,1.965988e-03,1.940416e-03,1.965353e-03,1.940370e-03,1.964290e-03,1.939525e-03,1.962878e-03,1.938263e-03,1.927458e-03,1.888642e-03,1.975187e-03,1.957875e-03,1.966948e-03,1.939668e-03,2.000198e-03,1.922149e-03,2.026720e-03,1.908046e-03,2.022248e-03,1.989132e-03,1.959887e-03,1.941575e-03,2.014985e-03,1.977226e-03,1.863676e-03,1.712154e-03,1.972072e-03,1.955013e-03,1.913219e-03,1.967110e-03,1.942370e-03
2.570000e+02,1.960388e-03,1.935290e-03,1.961448e-03,1.935624e-03,1.960849e-03,1.935627e-03,1.959825e-03,1.934823e-03,1.958441e-03,1.933589e-03,1.922289e-03,1.883231e-03,1.971101e-03,1.953560e-03,1.962359e-03,1.934828e-03,1.993862e-03,1.915464e-03,2.018995e-03,1.899902e-03,2.017607e-03,1.984194e-03,1.955665e-03,1.937140e-03,2.010110e-03,1.972052e-03,1.854713e-03,1.702967e-03,1.968046e-03,1.950761e-03,1.908260e-03,1.962629e-03,1.937650e-03
2.575000e+02,1.955906e-03,1.930570e-03,1.956908e-03,1.930832e-03,1.956345e-03,1.930884e-03,1.955360e-03,1.930121e-03,1.954002e-03,1.928916e-03,1.917121e-03,1.877822e-03,1.967014e-03,1.949244e-03,1.957768e-03,1.929988e-03,1.987523e-03,1.908780e-03,2.011266e-03,1.891761e-03,2.012961e-03,1.979253e-03,1.951443e-03,1.932704e-03,2.005231e-03,1.966877e-03,1.845755e-03,1.693792e-03,1.964018e-03,1.946507e-03,1.903301e-03,1.958147e-03,1.932930e-03
2.580000e+02,1.951422e-03,1.925850e-03,1.952367e-03,1.926041e-03,1.951839e-03,1.926140e-03,1.950894e-03,1.925419e-03,1.949563e-03,1.924242e-03,1.911953e-03,1.872416e-03,1.962925e-03,1.944927e-03,1.953177e-03,1.925148e-03,1.981183e-03,1.902098e-03,2.003533e-03,1.883621e-03,2.008312e-03,1.974311e-03,1.947220e-03,1.928269e-03,2.000349e-03,1.961700e-03,1.836803e-03,1.684631e-03,1.959989e-03,1.942253e-03,1.898344e-03,1.953664e-03,1.928210e-03
2.585000e+02,1.946938e-03,1.921130e-03,1.947826e-03,1.921250e-03,1.947332e-03,1.921397e-03,1.946426e-03,1.920717e-03,1.945122e-03,1.919569e-03,1.906787e-03,1.867012e-03,1.958834e-03,1.940609e-03,1.948585e-03,1.920309e-03,1.974841e-03,1.895417e-03,1.995798e-03,1.875485e-03,2.003660e-03,1.969366e-03,1.942995e-03,1.923833e-03,1.995463e-03,1.956522e-03,1.827856e-03,1.675483e-03,1.955958e-03,1.937998e-03,1.893388e-03,1.949180e-03,1.923490e-03
2.590000e+02,1.942452e-03,1.916410e-03,1.943284e-03,1.916459e-03,1.942825e-03,1.916654e-03,1.941958e-03,1.916015e-03,1.940681e-03,1.914896e-03,1.901621e-03,1.861611e-03,1.954742e-03,1.936291e-03,1.943993e-03,1.915470e-03,1.968498e-03,1.888737e-03,1.988059e-03,1.867351e-03,1.999004e-03,1.964420e-03,1.938769e-03,1.919396e-03,1.990575e-03,1.951342e-03,1.818915e-03,1.666349e-03,1.951925e-03,1.933742e-03,1.888433e-03,1.944695e-03,1.918770e-03
2.595000e+02,1.937966e-03,1.911690e-03,1.938741e-03,1.911669e-03,1.938316e-03,1.911911e-03,1.937489e-03,1.911313e-03,1.936239e-03,1.910223e-03,1.896456e-03,1.856212e-03,1.950648e-03,1.931971e-03,1.939400e-03,1.910631e-03,1.962152e-03,1.882059e-03,1.980317e-03,1.859221e-03,1.994344e-03,1.959472e-03,1.934542e-03,1.914960e-03,1.985683e-03,1.946162e-03,1.809980e-03,1.657230e-03,1.947891e-03,1.929486e-03,1.883479e-03,1.940209e-03,1.914050e-03
2.600000e+02,1.933479e-03,1.906971e-03,1.934198e-03,1.906879e-03,1.933807e-03,1.907169e-03,1.933019e-03,1.906612e-03,1.931796e-03,1.905550e-03,1.891292e-03,1.850815e-03,1.946553e-03,1.927651e-03,1.934806e-03,1.905793e-03,1.955806e-03,1.875384e-03,1.972573e-03,1.851094e-03,1.989682e-03,1.954522e-03,1.930314e-03,1.910523e-03,1.980789e-03,1.940980e-03,1.801052e-03,1.648125e-03,1.943855e-03,1.925229e-03,1.878527e-03,1.935722e-03,1.909331e-03
2.605000e+02,1.928991e-03,1.902252e-03,1.929654e-03,1.902090e-03,1.929297e-03,1.902426e-03,1.928548e-03,1.901911e-03,1.927352e-03,1.900877e-03,1.886129e-03,1.845421e-03,1.942456e-03,1.923330e-03,1.930211e-03,1.900956e-03,1.949457e-03,1.868710e-03,1.964826e-03,1.842970e-03,1.985015e-03,1.949570e-03,1.926085e-03,1.906086e-03,1.975891e-03,1.935797e-03,1.792130e-03,1.639034e-03,1.939818e-03,1.920971e-03,1.873576e-03,1.931235e-03,1.904612e-03
2.610000e+02,1.924502e-03,1.897533e-03,1.925110e-03,1.897302e-03,1.924786e-03,1.897684e-03,1.924076e-03,1.897210e-03,1.922908e-03,1.896205e-03,1.880967e-03,1.840030e-03,1.938357e-03,1.919008e-03,1.925616e-03,1.896119e-03,1.943108e-03,1.862038e-03,1.957077e-03,1.834850e-03,1.980346e-03,1.944616e-03,1.921854e-03,1.901648e-03,1.970991e-03,1.930613e-03,1.783215e-03,1.629959e-03,1.935779e-03,1.916712e-03,1.868627e-03,1.926747e-03,1.899893e-03
2.615000e+02,1.920013e-03,1.892815e-03,1.920566e-03,1.892515e-03,1.920275e-03,1.892942e-03,1.919604e-03,1.892510e-03,1.918463e-03,1.891533e-03,1.875806e-03,1.834641e-03,1.934257e-03,1.914686e-03,1.921021e-03,1.891282e-03,1.936758e-03,1.855368e-03,1.949326e-03,1.826735e-03,1.975673e-03,1.939661e-03,1.917623e-03,1.897211e-03,1.966088e-03,1.925428e-03,1.774308e-03,1.620899e-03,1.931739e-03,1.912453e-03,1.863679e-03,1.922257e-03,1.895174e-03
2.620000e+02,1.915523e-03,1.888097e-03,1.916021e-03,1.887728e-03,1.915762e-03,1.888201e-03,1.915131e-03,1.887810e-03,1.914017e-03,1.886861e-03,1.870646e-03,1.829255e-03,1.930156e-03,1.910363e-03,1.916425e-03,1.886446e-03,1.930406e-03,1.848701e-03,1.941573e-03,1.818623e-03,1.970997e-03,1.934705e-03,1.913391e-03,1.892774e-03,1.961182e-03,1.920242e-03,1.765408e-03,1.611854e-03,1.927697e-03,1.908193e-03,1.858733e-03,1.917768e-03,1.890456e-03
2.625000e+02,1.911032e-03,1.883379e-03,1.911476e-03,1.882942e-03,1.911250e-03,1.883460e-03,1.910657e-03,1.883110e-03,1.909571e-03,1.882190e-03,1.865488e-03,1.823872e-03,1.926053e-03,1.906040e-03,1.911828e-03,1.881611e-03,1.924054e-03,1.842036e-03,1.933819e-03,1.810516e-03,1.966319e-03,1.929747e-03,1.909158e-03,1.888336e-03,1.956274e-03,1.915055e-03,1.756515e-03,1.602825e-03,1.923654e-03,1.903932e-03,1.853788e-03,1.913277e-03,1.885738e-03
2.630000e+02,1.906541e-03,1.878662e-03,1.906930e-03,1.878157e-03,1.906737e-03,1.878720e-03,1.906183e-03,1.878411e-03,1.905124e-03,1.877520e-03,1.860331e-03,1.818491e-03,1.921949e-03,1.901716e-03,1.907231e-03,1.876777e-03,1.917701e-03,1.835374e-03,1.926063e-03,1.802413e-03,1.961637e-03,1.924787e-03,1.904924e-03,1.883899e-03,1.951363e-03,1.909868e-03,1.747631e-03,1.593812e-03,1.919609e-03,1.899671e-03,1.848845e-03,1.908786e-03,1.881020e-03
2.635000e+02,1.902049e-03,1.873945e-03,1.902384e-03,1.873372e-03,1.902223e-03,1.873980e-03,1.901708e-03,1.873712e-03,1.900676e-03,1.872850e-03,1.855175e-03,1.813114e-03,1.917843e-03,1.897392e-03,1.902634e-03,1.871944e-03,1.911347e-03,1.828714e-03,1.918305e-03,1.794316e-03,1.956952e-03,1.919827e-03,1.900689e-03,1.879461e-03,1.946450e-03,1.904680e-03,1.738755e-03,1.584816e-03,1.915564e-03,1.895410e-03,1.843903e-03,1.904295e-03,1.876304e-03
2.640000e+02,1.897556e-03,1.869229e-03,1.897838e-03,1.868589e-03,1.897710e-03,1.869241e-03,1.897233e-03,1.869014e-03,1.896228e-03,1.868180e-03,1.850021e-03,1.807739e-03,1.913737e-03,1.893067e-03,1.898037e-03,1.867111e-03,1.904992e-03,1.822058e-03,1.910547e-03,1.786223e-03,1.952264e-03,1.914865e-03,1.896453e-03,1.875024e-03,1.941534e-03,1.899492e-03,1.729887e-03,1.575836e-03,1.911517e-03,1.891148e-03,1.838964e-03,1.899803e-03,1.871587e-03
2.645000e+02,1.893064e-03,1.864514e-03,1.893292e-03,1.863807e-03,1.893196e-03,1.864503e-03,1.892758e-03,1.864317e-03,1.891779e-03,1.863511e-03,1.844868e-03,1.802368e-03,1.909629e-03,1.888741e-03,1.893439e-03,1.862279e-03,1.898638e-03,1.815404e-03,1.902788e-03,1.778136e-03,1.947573e-03,1.909902e-03,1.892217e-03,1.870587e-03,1.936615e-03,1.894302e-03,1.721029e-03,1.566872e-03,1.907469e-03,1.886886e-03,1.834026e-03,1.895310e-03,1.866872e-03
2.650000e+02,1.888570e-03,1.859799e-03,1.888746e-03,1.859026e-03,1.888683e-03,1.859765e-03,1.888281e-03,1.859620e-03,1.887330e-03,1.858843e-03,1.839716e-03,1.796999e-03,1.905519e-03,1.884416e-03,1.888841e-03,1.857449e-03,1.892282e-03,1.808753e-03,1.895028e-03,1.770054e-03,1.942880e-03,1.904937e-03,1.887980e-03,1.866150e-03,1.931695e-03,1.889113e-03,1.712179e-03,1.557925e-03,1.903419e-03,1.882623e-03,1.829090e-03,1.890817e-03,1.862157e-03
2.655000e+02,1.884077e-03,1.855085e-03,1.884200e-03,1.854246e-03,1.884169e-03,1.855028e-03,1.883805e-03,1.854924e-03,1.882881e-03,1.854176e-03,1.834566e-03,1.791634e-03,1.901409e-03,1.880090e-03,1.884243e-03,1.852619e-03,1.885927e-03,1.802105e-03,1.887268e-03,1.761978e-03,1.938184e-03,1.899972e-03,1.883742e-03,1.861713e-03,1.926772e-03,1.883923e-03,1.703339e-03,1.548996e-03,1.899369e-03,1.878360e-03,1.824155e-03,1.886324e-03,1.857442e-03
2.660000e+02,1.879583e-03,1.850372e-03,1.879653e-03,1.849468e-03,1.879655e-03,1.850292e-03,1.879328e-03,1.850229e-03,1.878432e-03,1.849509e-03,1.829418e-03,1.786272e-03,1.897297e-03,1.875764e-03,1.879645e-03,1.847790e-03,1.879571e-03,1.795460e-03,1.879508e-03,1.753907e-03,1.933485e-03,1.895006e-03,1.879504e-03,1.857277e-03,1.921847e-03,1.878733e-03,1.694509e-03,1.540084e-03,1.895317e-03,1.874097e-03,1.819223e-03,1.881830e-03,1.852729e-03
2.665000e+02,1.875089e-03,1.845660e-03,1.875107e-03,1.844690e-03,1.875141e-03,1.845557e-03,1.874851e-03,1.845535e-03,1.873982e-03,1.844843e-03,1.824272e-03,1.780913e-03,1.893185e-03,1.871437e-03,1.875047e-03,1.842963e-03,1.873216e-03,1.788819e-03,1.871748e-03,1.745843e-03,1.928783e-03,1.890038e-03,1.875265e-03,1.852841e-03,1.916920e-03,1.873543e-03,1.685688e-03,1.531190e-03,1.891264e-03,1.869833e-03,1.814293e-03,1.877336e-03,1.848016e-03
2.670000e+02,1.870594e-03,1.840948e-03,1.870561e-03,1.839914e-03,1.870627e-03,1.840823e-03,1.870374e-03,1.840841e-03,1.869532e-03,1.840178e-03,1.819127e-03,1.775557e-03,1.889071e-03,1.867110e-03,1.870449e-03,1.838136e-03,1.866861e-03,1.782182e-03,1.863987e-03,1.737785e-03,1.924079e-03,1.885070e-03,1.871025e-03,1.848405e-03,1.911991e-03,1.868352e-03,1.676878e-03,1.522314e-03,1.887210e-03,1.865570e-03,1.809364e-03,1.872842e-03,1.843304e-03
2.675000e+02,1.866100e-03,1.836238e-03,1.866015e-03,1.835139e-03,1.866113e-03,1.836090e-03,1.865896e-03,1.836148e-03,1.865081e-03,1.835514e-03,1.813984e-03,1.770205e-03,1.884957e-03,1.862784e-03,1.865851e-03,1.833311e-03,1.860505e-03,1.775547e-03,1.856228e-03,1.729734e-03,1.919373e-03,1.880101e-03,1.866785e-03,1.843969e-03,1.907059e-03,1.863162e-03,1.668078e-03,1.513456e-03,1.883156e-03,1.861306e-03,1.804438e-03,1.868347e-03,1.838593e-03
2.680000e+02,1.861605e-03,1.831528e-03,1.861468e-03,1.830366e-03,1.861600e-03,1.831358e-03,1.861419e-03,1.831457e-03,1.860631e-03,1.830850e-03,1.808843e-03,1.764856e-03,1.880843e-03,1.858457e-03,1.861253e-03,1.828487e-03,1.854151e-03,1.768917e-03,1.848469e-03,1.721689e-03,1.914664e-03,1.875132e-03,1.862545e-03,1.839534e-03,1.902127e-03,1.857971e-03,1.659289e-03,1.504616e-03,1.879100e-03,1.857042e-03,1.799514e-03,1.863852e-03,1.833883e-03
2.685000e+02,1.857110e-03,1.826819e-03,1.856923e-03,1.825593e-03,1.857086e-03,1.826626e-03,1.856941e-03,1.826766e-03,1.856180e-03,1.826188e-03,1.803704e-03,1.759511e-03,1.876727e-03,1.854130e-03,1.856655e-03,1.823664e-03,1.847796e-03,1.762291e-03,1.840710e-03,1.713652e-03,1.909953e-03,1.870161e-03,1.858304e-03,1.835100e-03,1.897192e-03,1.852781e-03,1.650510e-03,1.495795e-03,1.875043e-03,1.852778e-03,1.794592e-03,1.859357e-03,1.829174e-03
2.690000e+02,1.852615e-03,1.822112e-03,1.852377e-03,1.820823e-03,1.852573e-03,1.821897e-03,1.852463e-03,1.822076e-03,1.851730e-03,1.821527e-03,1.798567e-03,1.754169e-03,1.872611e-03,1.849803e-03,1.852057e-03,1.818843e-03,1.841442e-03,1.755668e-03,1.832953e-03,1.705621e-03,1.905239e-03,1.865190e-03,1.854062e-03,1.830665e-03,1.892256e-03,1.847590e-03,1.641743e-03,1.486993e-03,1.870985e-03,1.848513e-03,1.789672e-03,1.854862e-03,1.824465e-03
2.695000e+02,1.848120e-03,1.817405e-03,1.847831e-03,1.816053e-03,1.848060e-03,1.817168e-03,1.847985e-03,1.817388e-03,1.847279e-03,1.816867e-03,1.793431e-03,1.748830e-03,1.868495e-03,1.845476e-03,1.847459e-03,1.814023e-03,1.835089e-03,1.749049e-03,1.825197e-03,1.697598e-03,1.900523e-03,1.860219e-03,1.849820e-03,1.826232e-03,1.887319e-03,1.842401e-03,1.632988e-03,1.478210e-03,1.866927e-03,1.844249e-03,1.784754e-03,1.850367e-03,1.819758e-03
2.700000e+02,1.843625e-03,1.812700e-03,1.843286e-03,1.811286e-03,1.843548e-03,1.812440e-03,1.843507e-03,1.812700e-03,1.842828e-03,1.812208e-03,1.788298e-03,1.743496e-03,1.864377e-03,1.841149e-03,1.842862e-03,1.809204e-03,1.828737e-03,1.742435e-03,1.817443e-03,1.689582e-03,1.895805e-03,1.855247e-03,1.845578e-03,1.821799e-03,1.882380e-03,1.837211e-03,1.624244e-03,1.469446e-03,1.862867e-03,1.839985e-03,1.779839e-03,1.845872e-03,1.815052e-03
2.705000e+02,1.839130e-03,1.807995e-03,1.838741e-03,1.806519e-03,1.839035e-03,1.807714e-03,1.839030e-03,1.808014e-03,1.838377e-03,1.807550e-03,1.783167e-03,1.738165e-03,1.860260e-03,1.836822e-03,1.838265e-03,1.804387e-03,1.822386e-03,1.735825e-03,1.809690e-03,1.681574e-03,1.891085e-03,1.850275e-03,1.841336e-03,1.817366e-03,1.877440e-03,1.832022e-03,1.615512e-03,1.460702e-03,1.858807e-03,1.835721e-03,1.774926e-03,1.841377e-03,1.810347e-03
2.710000e+02,1.834635e-03,1.803292e-03,1.834197e-03,1.801755e-03,1.834523e-03,1.802989e-03,1.834552e-03,1.803329e-03,1.833927e-03,1.802893e-03,1.778038e-03,1.732838e-03,1.856142e-03,1.832496e-03,1.833668e-03,1.799571e-03,1.816035e-03,1.729219e-03,1.801939e-03,1.673574e-03,1.886363e-03,1.845302e-03,1.837093e-03,1.812935e-03,1.872498e-03,1.826833e-03,1.606792e-03,1.451978e-03,1.854746e-03,1.831457e-03,1.770016e-03,1.836883e-03,1.805644e-03
2.715000e+02,1.830140e-03,1.798590e-03,1.829653e-03,1.796992e-03,1.830012e-03,1.798265e-03,1.830074e-03,1.798645e-03,1.829476e-03,1.798237e-03,1.772912e-03,1.727514e-03,1.852023e-03,1.828170e-03,1.829072e-03,1.794757e-03,1.809686e-03,1.722618e-03,1.794190e-03,1.665582e-03,1.881639e-03,1.840329e-03,1.832850e-03,1.808503e-03,1.867556e-03,1.821645e-03,1.598085e-03,1.443273e-03,1.850684e-03,1.827193e-03,1.765108e-03,1.832388e-03,1.800941e-03
2.720000e+02,1.825646e-03,1.793890e-03,1.825109e-03,1.792230e-03,1.825500e-03,1.793543e-03,1.825597e-03,1.793962e-03,1.825026e-03,1.793583e-03,1.767787e-03,1.722195e-03,1.847904e-03,1.823843e-03,1.824476e-03,1.789944e-03,1.803338e-03,1.716022e-03,1.786444e-03,1.657599e-03,1.876913e-03,1.835356e-03,1.828607e-03,1.804073e-03,1.862612e-03,1.816457e-03,1.589391e-03,1.434589e-03,1.846622e-03,1.822929e-03,1.760202e-03,1.827893e-03,1.796240e-03
2.725000e+02,1.821152e-03,1.789191e-03,1.820566e-03,1.787471e-03,1.820990e-03,1.788822e-03,1.821120e-03,1.789281e-03,1.820576e-03,1.788930e-03,1.762665e-03,1.716879e-03,1.843784e-03,1.819518e-03,1.819881e-03,1.785133e-03,1.796991e-03,1.709430e-03,1.778700e-03,1.649624e-03,1.872185e-03,1.830383e-03,1.824363e-03,1.799643e-03,1.857667e-03,1.811271e-03,1.580710e-03,1.425925e-03,1.842558e-03,1.818665e-03,1.755299e-03,1.823399e-03,1.791540e-03
2.730000e+02,1.816657e-03,1.784493e-03,1.816023e-03,1.782713e-03,1.816480e-03,1.784103e-03,1.816643e-03,1.784601e-03,1.816126e-03,1.784279e-03,1.757546e-03,1.711567e-03,1.839664e-03,1.815192e-03,1.815286e-03,1.780324e-03,1.790646e-03,1.702843e-03,1.770958e-03,1.641658e-03,1.867455e-03,1.825410e-03,1.820120e-03,1.795215e-03,1.852721e-03,1.806085e-03,1.572042e-03,1.417282e-03,1.838495e-03,1.814402e-03,1.750398e-03,1.818904e-03,1.786841e-03
2.735000e+02,1.812164e-03,1.779796e-03,1.811481e-03,1.777957e-03,1.811970e-03,1.779386e-03,1.812166e-03,1.779922e-03,1.811677e-03,1.779629e-03,1.752428e-03,1.706259e-03,1.835544e-03,1.810867e-03,1.810692e-03,1.775517e-03,1.784303e-03,1.696261e-03,1.763220e-03,1.633700e-03,1.862723e-03,1.820437e-03,1.815876e-03,1.790787e-03,1.847774e-03,1.800899e-03,1.563387e-03,1.408660e-03,1.834430e-03,1.810139e-03,1.745500e-03,1.814411e-03,1.782144e-03
2.740000e+02,1.807670e-03,1.775101e-03,1.806940e-03,1.773203e-03,1.807461e-03,1.774670e-03,1.807690e-03,1.775245e-03,1.807228e-03,1.774980e-03,1.747314e-03,1.700956e-03,1.831424e-03,1.806543e-03,1.806098e-03,1.770711e-03,1.777961e-03,1.689684e-03,1.755485e-03,1.625752e-03,1.857990e-03,1.815463e-03,1.811633e-03,1.786360e-03,1.842826e-03,1.795715e-03,1.554746e-03,1.400059e-03,1.830365e-03,1.805876e-03,1.740605e-03,1.809917e-03,1.777449e-03
2.745000e+02,1.803177e-03,1.770408e-03,1.802399e-03,1.768451e-03,1.802953e-03,1.769955e-03,1.803214e-03,1.770570e-03,1.802779e-03,1.770333e-03,1.742201e-03,1.695656e-03,1.827303e-03,1.802219e-03,1.801505e-03,1.765907e-03,1.771621e-03,1.683113e-03,1.747753e-03,1.617814e-03,1.853255e-03,1.810490e-03,1.807389e-03,1.781933e-03,1.837877e-03,1.790532e-03,1.546120e-03,1.391479e-03,1.826300e-03,1.801614e-03,1.735712e-03,1.805424e-03,1.772754e-03
2.750000e+02,1.798685e-03,1.765716e-03,1.797859e-03,1.763700e-03,1.798445e-03,1.765243e-03,1.798739e-03,1.765896e-03,1.798331e-03,1.765687e-03,1.737092e-03,1.690361e-03,1.823182e-03,1.797895e-03,1.796912e-03,1.761105e-03,1.765283e-03,1.676546e-03,1.740024e-03,1.609885e-03,1.848519e-03,1.805518e-03,1.803146e-03,1.777508e-03,1.832928e-03,1.785350e-03,1.537507e-03,1.382921e-03,1.822234e-03,1.797352e-03,1.730822e-03,1.800931e-03,1.768062e-03
2.755000e+02,1.794193e-03,1.761026e-03,1.793320e-03,1.758952e-03,1.793938e-03,1.760532e-03,1.794264e-03,1.761223e-03,1.793883e-03,1.761043e-03,1.731985e-03,1.685070e-03,1.819061e-03,1.793572e-03,1.792321e-03,1.756305e-03,1.758947e-03,1.669985e-03,1.732299e-03,1.601965e-03,1.843781e-03,1.800545e-03,1.798902e-03,1.773084e-03,1.827978e-03,1.780169e-03,1.528909e-03,1.374385e-03,1.818167e-03,1.793090e-03,1.725935e-03,1.796439e-03,1.763371e-03
2.760000e+02,1.789701e-03,1.756337e-03,1.788781e-03,1.754206e-03,1.789432e-03,1.755823e-03,1.789789e-03,1.756553e-03,1.789436e-03,1.756401e-03,1.726881e-03,1.679783e-03,1.814940e-03,1.789249e-03,1.787730e-03,1.751507e-03,1.752613e-03,1.663430e-03,1.724578e-03,1.594056e-03,1.839042e-03,1.795573e-03,1.794659e-03,1.768661e-03,1.823027e-03,1.774990e-03,1.520326e-03,1.365870e-03,1.814100e-03,1.788829e-03,1.721051e-03,1.791947e-03,1.758681e-03
2.765000e+02,1.785210e-03,1.751650e-03,1.784243e-03,1.749461e-03,1.784926e-03,1.751115e-03,1.785315e-03,1.751884e-03,1.784989e-03,1.751760e-03,1.721779e-03,1.674500e-03,1.810818e-03,1.784927e-03,1.783140e-03,1.746711e-03,1.746281e-03,1.656880e-03,1.716862e-03,1.586157e-03,1.834301e-03,1.790601e-03,1.790415e-03,1.764239e-03,1.818076e-03,1.769811e-03,1.511758e-03,1.357378e-03,1.810033e-03,1.784568e-03,1.716170e-03,1.787455e-03,1.753994e-03
2.770000e+02,1.780720e-03,1.746965e-03,1.779706e-03,1.744719e-03,1.780422e-03,1.746410e-03,1.780842e-03,1.747216e-03,1.780543e-03,1.747121e-03,1.716681e-03,1.669222e-03,1.806697e-03,1.780606e-03,1.778551e-03,1.741917e-03,1.739952e-03,1.650336e-03,1.709149e-03,1.578268e-03,1.829559e-03,1.785630e-03,1.786172e-03,1.759818e-03,1.813124e-03,1.764634e-03,1.503205e-03,1.348908e-03,1.805965e-03,1.780308e-03,1.711291e-03,1.782965e-03,1.749308e-03
2.775000e+02,1.776230e-03,1.742282e-03,1.775170e-03,1.739979e-03,1.775918e-03,1.741706e-03,1.776369e-03,1.742551e-03,1.776097e-03,1.742484e-03,1.711585e-03,1.663949e-03,1.802575e-03,1.776285e-03,1.773963e-03,1.737125e-03,1.733625e-03,1.643798e-03,1.701441e-03,1.570389e-03,1.824816e-03,1.780659e-03,1.781929e-03,1.755398e-03,1.808172e-03,1.759459e-03,1.494667e-03,1.340460e-03,1.801897e-03,1.776048e-03,1.706416e-03,1.778475e-03,1.744623e-03
2.780000e+02,1.771741e-03,1.737600e-03,1.770635e-03,1.735241e-03,1.771415e-03,1.737005e-03,1.771897e-03,1.737887e-03,1.771652e-03,1.737848e-03,1.706492e-03,1.658679e-03,1.798453e-03,1.771965e-03,1.769375e-03,1.732336e-03,1.727301e-03,1.637266e-03,1.693738e-03,1.562522e-03,1.820071e-03,1.775689e-03,1.777687e-03,1.750979e-03,1.803219e-03,1.754285e-03,1.486145e-03,1.332036e-03,1.797829e-03,1.771789e-03,1.701544e-03,1.773985e-03,1.739941e-03
2.785000e+02,1.767252e-03,1.732920e-03,1.766101e-03,1.730506e-03,1.766914e-03,1.732305e-03,1.767426e-03,1.733225e-03,1.767208e-03,1.733215e-03,1.701403e-03,1.653415e-03,1.794332e-03,1.767646e-03,1.764789e-03,1.727548e-03,1.720979e-03,1.630740e-03,1.686040e-03,1.554665e-03,1.815326e-03,1.770720e-03,1.773445e-03,1.746562e-03,1.798267e-03,1.749113e-03,1.477639e-03,1.323634e-03,1.793760e-03,1.767531e-03,1.696674e-03,1.769496e-03,1.735260e-03
2.790000e+02,1.762765e-03,1.728243e-03,1.761568e-03,1.725772e-03,1.762413e-03,1.727608e-03,1.762956e-03,1.728565e-03,1.762765e-03,1.728583e-03,1.696316e-03,1.648155e-03,1.790210e-03,1.763328e-03,1.760204e-03,1.722763e-03,1.714661e-03,1.624220e-03,1.678347e-03,1.546819e-03,1.810579e-03,1.765751e-03,1.769203e-03,1.742146e-03,1.793314e-03,1.743942e-03,1.469150e-03,1.315255e-03,1.789692e-03,1.763273e-03,1.691808e-03,1.765009e-03,1.730581e-03
2.795000e+02,1.758279e-03,1.723567e-03,1.757036e-03,1.721041e-03,1.757913e-03,1.722912e-03,1.758486e-03,1.723907e-03,1.758322e-03,1.723953e-03,1.691232e-03,1.642899e-03,1.786089e-03,1.759011e-03,1.755620e-03,1.717980e-03,1.708345e-03,1.617707e-03,1.670659e-03,1.538985e-03,1.805832e-03,1.760783e-03,1.764963e-03,1.737731e-03,1.788360e-03,1.738773e-03,1.460676e-03,1.306900e-03,1.785623e-03,1.759016e-03,1.686945e-03,1.760522e-03,1.725905e-03
2.800000e+02,1.753794e-03,1.718893e-03,1.752505e-03,1.716312e-03,1.753414e-03,1.718219e-03,1.754017e-03,1.719251e-03,1.753881e-03,1.719326e-03,1.686151e-03,1.637649e-03,1.781967e-03,1.754694e-03,1.751037e-03,1.713199e-03,1.702032e-03,1.611199e-03,1.662977e-03,1.531162e-03,1.801084e-03,1.755816e-03,1.760724e-03,1.733318e-03,1.783407e-03,1.733606e-03,1.452220e-03,1.298569e-03,1.781553e-03,1.754760e-03,1.682085e-03,1.756036e-03,1.721230e-03
2.805000e+02,1.749310e-03,1.714221e-03,1.747975e-03,1.711586e-03,1.748917e-03,1.713528e-03,1.749549e-03,1.714597e-03,1.749440e-03,1.714700e-03,1.681074e-03,1.632403e-03,1.777846e-03,1.750379e-03,1.746455e-03,1.708421e-03,1.695723e-03,1.604699e-03,1.655301e-03,1.523351e-03,1.796336e-03,1.750851e-03,1.756485e-03,1.728906e-03,1.778454e-03,1.728441e-03,1.443780e-03,1.290261e-03,1.777484e-03,1.750505e-03,1.677228e-03,1.751551e-03,1.716557e-03
2.810000e+02,1.744827e-03,1.709552e-03,1.743446e-03,1.706862e-03,1.744421e-03,1.708839e-03,1.745082e-03,1.709945e-03,1.745000e-03,1.710076e-03,1.676000e-03,1.627162e-03,1.773725e-03,1.746064e-03,1.741874e-03,1.703645e-03,1.689417e-03,1.598205e-03,1.647630e-03,1.515552e-03,1.791587e-03,1.745886e-03,1.752248e-03,1.724496e-03,1.773501e-03,1.723278e-03,1.435357e-03,1.281976e-03,1.773415e-03,1.746250e-03,1.672375e-03,1.747068e-03,1.711886e-03
2.815000e+02,1.740345e-03,1.704884e-03,1.738919e-03,1.702141e-03,1.739925e-03,1.704153e-03,1.740616e-03,1.705295e-03,1.740561e-03,1.705454e-03,1.670929e-03,1.621925e-03,1.769604e-03,1.741751e-03,1.737295e-03,1.698872e-03,1.683114e-03,1.591718e-03,1.639966e-03,1.507765e-03,1.786837e-03,1.740922e-03,1.748011e-03,1.720088e-03,1.768548e-03,1.718117e-03,1.426952e-03,1.273717e-03,1.769346e-03,1.741996e-03,1.667525e-03,1.742586e-03,1.707218e-03
2.820000e+02,1.735864e-03,1.700219e-03,1.734393e-03,1.697422e-03,1.735432e-03,1.699469e-03,1.736151e-03,1.700648e-03,1.736123e-03,1.700835e-03,1.665862e-03,1.616694e-03,1.765483e-03,1.737438e-03,1.732716e-03,1.694101e-03,1.676815e-03,1.585237e-03,1.632308e-03,1.499990e-03,1.782087e-03,1.735959e-03,1.743776e-03,1.715681e-03,1.763595e-03,1.712958e-03,1.418564e-03,1.265481e-03,1.765276e-03,1.737743e-03,1.662678e-03,1.738105e-03,1.702552e-03
2.825000e+02,1.731385e-03,1.695556e-03,1.729868e-03,1.692705e-03,1.730939e-03,1.694787e-03,1.731687e-03,1.696002e-03,1.731686e-03,1.696218e-03,1.660797e-03,1.611468e-03,1.761363e-03,1.733127e-03,1.728140e-03,1.689333e-03,1.670519e-03,1.578764e-03,1.624657e-03,1.492228e-03,1.777336e-03,1.730998e-03,1.739542e-03,1.711275e-03,1.758642e-03,1.707801e-03,1.410194e-03,1.257270e-03,1.761207e-03,1.733492e-03,1.657835e-03,1.733625e-03,1.697888e-03
2.830000e+02,1.726907e-03,1.690896e-03,1.725344e-03,1.687991e-03,1.726448e-03,1.690108e-03,1.727224e-03,1.691359e-03,1.727250e-03,1.691602e-03,1.655737e-03,1.606246e-03,1.757243e-03,1.728817e-03,1.723564e-03,1.684567e-03,1.664227e-03,1.572297e-03,1.617012e-03,1.484478e-03,1.772585e-03,1.726038e-03,1.735309e-03,1.706872e-03,1.753690e-03,1.702647e-03,1.401842e-03,1.249083e-03,1.757138e-03,1.729241e-03,1.652995e-03,1.729146e-03,1.693226e-03
2.835000e+02,1.722431e-03,1.686237e-03,1.720822e-03,1.683280e-03,1.721958e-03,1.685431e-03,1.722762e-03,1.686718e-03,1.722815e-03,1.686990e-03,1.650680e-03,1.601030e-03,1.753123e-03,1.724508e-03,1.718990e-03,1.679804e-03,1.657939e-03,1.565838e-03,1.609374e-03,1.476741e-03,1.767834e-03,1.721080e-03,1.731077e-03,1.702470e-03,1.748738e-03,1.697495e-03,1.393509e-03,1.240921e-03,1.753068e-03,1.724991e-03,1.648158e-03,1.724669e-03,1.688566e-03
2.840000e+02,1.717956e-03,1.681582e-03,1.716301e-03,1.678572e-03,1.717469e-03,1.680757e-03,1.718302e-03,1.682079e-03,1.718382e-03,1.682379e-03,1.645626e-03,1.595819e-03,1.749004e-03,1.720200e-03,1.714418e-03,1.675044e-03,1.651654e-03,1.559386e-03,1.601744e-03,1.469017e-03,1.763082e-03,1.716123e-03,1.726846e-03,1.698070e-03,1.743787e-03,1.692345e-03,1.385194e-03,1.232785e-03,1.748999e-03,1.720742e-03,1.643326e-03,1.720193e-03,1.683909e-03
2.845000e+02,1.713482e-03,1.676928e-03,1.711782e-03,1.673866e-03,1.712982e-03,1.676085e-03,1.713842e-03,1.677443e-03,1.713949e-03,1.677771e-03,1.640576e-03,1.590613e-03,1.744885e-03,1.715893e-03,1.709847e-03,1.670286e-03,1.645374e-03,1.552942e-03,1.594120e-03,1.461306e-03,1.758331e-03,1.711167e-03,1.722617e-03,1.693672e-03,1.738836e-03,1.687198e-03,1.376897e-03,1.224673e-03,1.744930e-03,1.716494e-03,1.638496e-03,1.715719e-03,1.679255e-03
2.850000e+02,1.709010e-03,1.672277e-03,1.707264e-03,1.669163e-03,1.708496e-03,1.671416e-03,1.709384e-03,1.672809e-03,1.709518e-03,1.673165e-03,1.635529e-03,1.585412e-03,1.740766e-03,1.711588e-03,1.705277e-03,1.665531e-03,1.639098e-03,1.546505e-03,1.586505e-03,1.453608e-03,1.753579e-03,1.706213e-03,1.718388e-03,1.689275e-03,1.733886e-03,1.682053e-03,1.368619e-03,1.216587e-03,1.740862e-03,1.712247e-03,1.633671e-03,1.711246e-03,1.674603e-03
2.855000e+02,1.704539e-03,1.667629e-03,1.702748e-03,1.664462e-03,1.704012e-03,1.666749e-03,1.704927e-03,1.668178e-03,1.705088e-03,1.668562e-03,1.630487e-03,1.580217e-03,1.736648e-03,1.707284e-03,1.700709e-03,1.660779e-03,1.632826e-03,1.540075e-03,1.578897e-03,1.445924e-03,1.748827e-03,1.701261e-03,1.714161e-03,1.684881e-03,1.728936e-03,1.676911e-03,1.360361e-03,1.208526e-03,1.736793e-03,1.708002e-03,1.628849e-03,1.706774e-03,1.669953e-03
2.860000e+02,1.700070e-03,1.662983e-03,1.698233e-03,1.659765e-03,1.699530e-03,1.662086e-03,1.700472e-03,1.663549e-03,1.700660e-03,1.663961e-03,1.625448e-03,1.575026e-03,1.732530e-03,1.702981e-03,1.696143e-03,1.656030e-03,1.626559e-03,1.533654e-03,1.571297e-03,1.438254e-03,1.744075e-03,1.696310e-03,1.709936e-03,1.680489e-03,1.723987e-03,1.671772e-03,1.352121e-03,1.200491e-03,1.732725e-03,1.703757e-03,1.624031e-03,1.702304e-03,1.665306e-03
2.865000e+02,1.695602e-03,1.658340e-03,1.693720e-03,1.655070e-03,1.695049e-03,1.657424e-03,1.696018e-03,1.658922e-03,1.696233e-03,1.659363e-03,1.620413e-03,1.569841e-03,1.728413e-03,1.698680e-03,1.691578e-03,1.651284e-03,1.620296e-03,1.527240e-03,1.563705e-03,1.430598e-03,1.739323e-03,1.691362e-03,1.705712e-03,1.676099e-03,1.719039e-03,1.666635e-03,1.343902e-03,1.192482e-03,1.728657e-03,1.699514e-03,1.619216e-03,1.697836e-03,1.660661e-03
2.870000e+02,1.691136e-03,1.653700e-03,1.689209e-03,1.650379e-03,1.690569e-03,1.652766e-03,1.691565e-03,1.654299e-03,1.691807e-03,1.654767e-03,1.615381e-03,1.564662e-03,1.724297e-03,1.694381e-03,1.687015e-03,1.646540e-03,1.614037e-03,1.520834e-03,1.556121e-03,1.422955e-03,1.734571e-03,1.686415e-03,1.701489e-03,1.671710e-03,1.714092e-03,1.661501e-03,1.335702e-03,1.184499e-03,1.724590e-03,1.695272e-03,1.614406e-03,1.693369e-03,1.656020e-03
2.875000e+02,1.686672e-03,1.649062e-03,1.684699e-03,1.645690e-03,1.686092e-03,1.648111e-03,1.687114e-03,1.649677e-03,1.687383e-03,1.650174e-03,1.610354e-03,1.559488e-03,1.720181e-03,1.690082e-03,1.682454e-03,1.641800e-03,1.607783e-03,1.514436e-03,1.548546e-03,1.415327e-03,1.729820e-03,1.681470e-03,1.697268e-03,1.667324e-03,1.709146e-03,1.656371e-03,1.327522e-03,1.176542e-03,1.720522e-03,1.691032e-03,1.609599e-03,1.688904e-03,1.651380e-03
2.880000e+02,1.682209e-03,1.644427e-03,1.680191e-03,1.641004e-03,1.681616e-03,1.643458e-03,1.682664e-03,1.645059e-03,1.682960e-03,1.645583e-03,1.605331e-03,1.554320e-03,1.716066e-03,1.685786e-03,1.677895e-03,1.637063e-03,1.601534e-03,1.508046e-03,1.540980e-03,1.407714e-03,1.725069e-03,1.676527e-03,1.693048e-03,1.662940e-03,1.704201e-03,1.651243e-03,1.319362e-03,1.168611e-03,1.716456e-03,1.686792e-03,1.604796e-03,1.684441e-03,1.646744e-03
2.885000e+02,1.677749e-03,1.639794e-03,1.675685e-03,1.636322e-03,1.677141e-03,1.638809e-03,1.678216e-03,1.640443e-03,1.678539e-03,1.640995e-03,1.600311e-03,1.549157e-03,1.711951e-03,1.681491e-03,1.673337e-03,1.632329e-03,1.595290e-03,1.501664e-03,1.533422e-03,1.400115e-03,1.720318e-03,1.671586e-03,1.688829e-03,1.658558e-03,1.699257e-03,1.646118e-03,1.311222e-03,1.160707e-03,1.712389e-03,1.682554e-03,1.599997e-03,1.679979e-03,1.642110e-03
2.890000e+02,1.673289e-03,1.635165e-03,1.671181e-03,1.631642e-03,1.672669e-03,1.634162e-03,1.673769e-03,1.635830e-03,1.674119e-03,1.636410e-03,1.595296e-03,1.543999e-03,1.707837e-03,1.677197e-03,1.668781e-03,1.627598e-03,1.589051e-03,1.495290e-03,1.525874e-03,1.392530e-03,1.715567e-03,1.666647e-03,1.684613e-03,1.654178e-03,1.694314e-03,1.640997e-03,1.303104e-03,1.152830e-03,1.708323e-03,1.678318e-03,1.595202e-03,1.675519e-03,1.637479e-03
2.895000e+02,1.668832e-03,1.630538e-03,1.666678e-03,1.626965e-03,1.668198e-03,1.629518e-03,1.669324e-03,1.631219e-03,1.669701e-03,1.631828e-03,1.590285e-03,1.538848e-03,1.703724e-03,1.672905e-03,1.664228e-03,1.622870e-03,1.582818e-03,1.488926e-03,1.518335e-03,1.384961e-03,1.710817e-03,1.661711e-03,1.680397e-03,1.649801e-03,1.689372e-03,1.635878e-03,1.295005e-03,1.144979e-03,1.704258e-03,1.674083e-03,1.590411e-03,1.671061e-03,1.632851e-03
2.900000e+02,1.664377e-03,1.625915e-03,1.662177e-03,1.622292e-03,1.663730e-03,1.624878e-03,1.664881e-03,1.626612e-03,1.665285e-03,1.627248e-03,1.585277e-03,1.533702e-03,1.699612e-03,1.668615e-03,1.659676e-03,1.618145e-03,1.576589e-03,1.482569e-03,1.510805e-03,1.377407e-03,1.706067e-03,1.656777e-03,1.676184e-03,1.645426e-03,1.684432e-03,1.630763e-03,1.286928e-03,1.137155e-03,1.700193e-03,1.669849e-03,1.585624e-03,1.666604e-03,1.628226e-03
2.905000e+02,1.659923e-03,1.621294e-03,1.657679e-03,1.617622e-03,1.659263e-03,1.620240e-03,1.660439e-03,1.622007e-03,1.660870e-03,1.622672e-03,1.580275e-03,1.528562e-03,1.695500e-03,1.664326e-03,1.655126e-03,1.613423e-03,1.570366e-03,1.476221e-03,1.503285e-03,1.369868e-03,1.701318e-03,1.651845e-03,1.671972e-03,1.641054e-03,1.679493e-03,1.625652e-03,1.278872e-03,1.129359e-03,1.696129e-03,1.665617e-03,1.580841e-03,1.662150e-03,1.623604e-03
2.910000e+02,1.655472e-03,1.616677e-03,1.653182e-03,1.612955e-03,1.654798e-03,1.615606e-03,1.655999e-03,1.617406e-03,1.656457e-03,1.618098e-03,1.575276e-03,1.523427e-03,1.691390e-03,1.660040e-03,1.650578e-03,1.608705e-03,1.564148e-03,1.469882e-03,1.495775e-03,1.362344e-03,1.696570e-03,1.646915e-03,1.667762e-03,1.636684e-03,1.674555e-03,1.620543e-03,1.270838e-03,1.121589e-03,1.692065e-03,1.661387e-03,1.576062e-03,1.657697e-03,1.618985e-03
2.915000e+02,1.651022e-03,1.612062e-03,1.648687e-03,1.608291e-03,1.650335e-03,1.610975e-03,1.651561e-03,1.612807e-03,1.652046e-03,1.613527e-03,1.570282e-03,1.518299e-03,1.687280e-03,1.655755e-03,1.646032e-03,1.603990e-03,1.557935e-03,1.463552e-03,1.488275e-03,1.354836e-03,1.691822e-03,1.641988e-03,1.663553e-03,1.632316e-03,1.669619e-03,1.615438e-03,1.262824e-03,1.113847e-03,1.688002e-03,1.657158e-03,1.571288e-03,1.653247e-03,1.614369e-03
2.920000e+02,1.646575e-03,1.607451e-03,1.644194e-03,1.603631e-03,1.645874e-03,1.606347e-03,1.647125e-03,1.608211e-03,1.647637e-03,1.608959e-03,1.565292e-03,1.513176e-03,1.683171e-03,1.651472e-03,1.641489e-03,1.599279e-03,1.551729e-03,1.457231e-03,1.480785e-03,1.347344e-03,1.687075e-03,1.637064e-03,1.659346e-03,1.627951e-03,1.664684e-03,1.610337e-03,1.254833e-03,1.106133e-03,1.683940e-03,1.652930e-03,1.566517e-03,1.648798e-03,1.609756e-03
2.925000e+02,1.642129e-03,1.602842e-03,1.639704e-03,1.598974e-03,1.641416e-03,1.601723e-03,1.642690e-03,1.603618e-03,1.643229e-03,1.604394e-03,1.560306e-03,1.508060e-03,1.679063e-03,1.647191e-03,1.636947e-03,1.594571e-03,1.545528e-03,1.450918e-03,1.473305e-03,1.339868e-03,1.682329e-03,1.632142e-03,1.655141e-03,1.623588e-03,1.659751e-03,1.605239e-03,1.246864e-03,1.098446e-03,1.679878e-03,1.648705e-03,1.561751e-03,1.644352e-03,1.605146e-03
2.930000e+02,1.637686e-03,1.598237e-03,1.635215e-03,1.594320e-03,1.636959e-03,1.597102e-03,1.638258e-03,1.599028e-03,1.638824e-03,1.599832e-03,1.555325e-03,1.502949e-03,1.674956e-03,1.642911e-03,1.632408e-03,1.589866e-03,1.539333e-03,1.444615e-03,1.465836e-03,1.332408e-03,1.677584e-03,1.627223e-03,1.650938e-03,1.619228e-03,1.654820e-03,1.600146e-03,1.238916e-03,1.090787e-03,1.675817e-03,1.644481e-03,1.556989e-03,1.639907e-03,1.600540e-03
2.935000e+02,1.633244e-03,1.593635e-03,1.630729e-03,1.589670e-03,1.632504e-03,1.592484e-03,1.633827e-03,1.594442e-03,1.634420e-03,1.595273e-03,1.550348e-03,1.497845e-03,1.670850e-03,1.638634e-03,1.627871e-03,1.585165e-03,1.533144e-03,1.438321e-03,1.458378e-03,1.324964e-03,1.672840e-03,1.622306e-03,1.646737e-03,1.614871e-03,1.649891e-03,1.595055e-03,1.230991e-03,1.083156e-03,1.671757e-03,1.640258e-03,1.552232e-03,1.635465e-03,1.595936e-03
2.940000e+02,1.628805e-03,1.589037e-03,1.626245e-03,1.585023e-03,1.628052e-03,1.587870e-03,1.629399e-03,1.589858e-03,1.630018e-03,1.590718e-03,1.545376e-03,1.492746e-03,1.666744e-03,1.634359e-03,1.623336e-03,1.580467e-03,1.526961e-03,1.432036e-03,1.450931e-03,1.317536e-03,1.668097e-03,1.617393e-03,1.642537e-03,1.610516e-03,1.644963e-03,1.589969e-03,1.223089e-03,1.075553e-03,1.667698e-03,1.636038e-03,1.547479e-03,1.631025e-03,1.591336e-03
2.945000e+02,1.624368e-03,1.584441e-03,1.621763e-03,1.580380e-03,1.623602e-03,1.583259e-03,1.624972e-03,1.585278e-03,1.625619e-03,1.586165e-03,1.540409e-03,1.487654e-03,1.662640e-03,1.630086e-03,1.618803e-03,1.575773e-03,1.520784e-03,1.425761e-03,1.443495e-03,1.310125e-03,1.663355e-03,1.612482e-03,1.638340e-03,1.606163e-03,1.640037e-03,1.584887e-03,1.215209e-03,1.067979e-03,1.663640e-03,1.631819e-03,1.542730e-03,1.626587e-03,1.586739e-03
2.950000e+02,1.619934e-03,1.579849e-03,1.617284e-03,1.575740e-03,1.619154e-03,1.578651e-03,1.620548e-03,1.580701e-03,1.621221e-03,1.581616e-03,1.535446e-03,1.482568e-03,1.658538e-03,1.625815e-03,1.614273e-03,1.571083e-03,1.514614e-03,1.419495e-03,1.436070e-03,1.302731e-03,1.658613e-03,1.607574e-03,1.634144e-03,1.601814e-03,1.635114e-03,1.579808e-03,1.207352e-03,1.060432e-03,1.659582e-03,1.627602e-03,1.537986e-03,1.622151e-03,1.582145e-03
2.955000e+02,1.615501e-03,1.575261e-03,1.612806e-03,1.571104e-03,1.614708e-03,1.574048e-03,1.616126e-03,1.576127e-03,1.616825e-03,1.577070e-03,1.530488e-03,1.477488e-03,1.654436e-03,1.621546e-03,1.609745e-03,1.566396e-03,1.508449e-03,1.413239e-03,1.428657e-03,1.295354e-03,1.653874e-03,1.602669e-03,1.629950e-03,1.597467e-03,1.630192e-03,1.574734e-03,1.199518e-03,1.052914e-03,1.655525e-03,1.623387e-03,1.533246e-03,1.617717e-03,1.577555e-03
2.960000e+02,1.611071e-03,1.570676e-03,1.608331e-03,1.566471e-03,1.610265e-03,1.569447e-03,1.611706e-03,1.571557e-03,1.612432e-03,1.572527e-03,1.525534e-03,1.472414e-03,1.650335e-03,1.617279e-03,1.605220e-03,1.561713e-03,1.502292e-03,1.406993e-03,1.421255e-03,1.287994e-03,1.649135e-03,1.597768e-03,1.625759e-03,1.593123e-03,1.625272e-03,1.569664e-03,1.191708e-03,1.045425e-03,1.651470e-03,1.619174e-03,1.528511e-03,1.613286e-03,1.572968e-03
2.965000e+02,1.606644e-03,1.566094e-03,1.603859e-03,1.561843e-03,1.605824e-03,1.564851e-03,1.607289e-03,1.566990e-03,1.608041e-03,1.567988e-03,1.520586e-03,1.467347e-03,1.646236e-03,1.613014e-03,1.600697e-03,1.557034e-03,1.496141e-03,1.400756e-03,1.413865e-03,1.280651e-03,1.644398e-03,1.592869e-03,1.621569e-03,1.588782e-03,1.620355e-03,1.564598e-03,1.183920e-03,1.037964e-03,1.647415e-03,1.614963e-03,1.523780e-03,1.608857e-03,1.568384e-03
2.970000e+02,1.602218e-03,1.561516e-03,1.599389e-03,1.557217e-03,1.601386e-03,1.560258e-03,1.602874e-03,1.562426e-03,1.603652e-03,1.563452e-03,1.515642e-03,1.462286e-03,1.642138e-03,1.608752e-03,1.596177e-03,1.552359e-03,1.489996e-03,1.394530e-03,1.406488e-03,1.273325e-03,1.639662e-03,1.587973e-03,1.617381e-03,1.584444e-03,1.615440e-03,1.559536e-03,1.176157e-03,1.030532e-03,1.643361e-03,1.610753e-03,1.519054e-03,1.604431e-03,1.563805e-03
2.975000e+02,1.597796e-03,1.556941e-03,1.594921e-03,1.552596e-03,1.596950e-03,1.555668e-03,1.598462e-03,1.557866e-03,1.599265e-03,1.558919e-03,1.510703e-03,1.457231e-03,1.638041e-03,1.604492e-03,1.591659e-03,1.547687e-03,1.483859e-03,1.388313e-03,1.399122e-03,1.266017e-03,1.634928e-03,1.583081e-03,1.613196e-03,1.580109e-03,1.610527e-03,1.554479e-03,1.168417e-03,1.023130e-03,1.639309e-03,1.606546e-03,1.514333e-03,1.600007e-03,1.559228e-03
2.980000e+02,1.593375e-03,1.552370e-03,1.590456e-03,1.547978e-03,1.592516e-03,1.551083e-03,1.594052e-03,1.553310e-03,1.594880e-03,1.554390e-03,1.505770e-03,1.452183e-03,1.633945e-03,1.600234e-03,1.587143e-03,1.543019e-03,1.477728e-03,1.382106e-03,1.391769e-03,1.258727e-03,1.630195e-03,1.578192e-03,1.609013e-03,1.575777e-03,1.605616e-03,1.549426e-03,1.160701e-03,1.015756e-03,1.635257e-03,1.602341e-03,1.509616e-03,1.595585e-03,1.554655e-03
2.985000e+02,1.588957e-03,1.547803e-03,1.585994e-03,1.543364e-03,1.588085e-03,1.546501e-03,1.589644e-03,1.548757e-03,1.590498e-03,1.549864e-03,1.500842e-03,1.447142e-03,1.629851e-03,1.595979e-03,1.582631e-03,1.538355e-03,1.471605e-03,1.375910e-03,1.384428e-03,1.251454e-03,1.625463e-03,1.573307e-03,1.604832e-03,1.571448e-03,1.600708e-03,1.544377e-03,1.153009e-03,1.008411e-03,1.631207e-03,1.598138e-03,1.504904e-03,1.591166e-03,1.550086e-03
2.990000e+02,1.584542e-03,1.543239e-03,1.581534e-03,1.538754e-03,1.583657e-03,1.541923e-03,1.585239e-03,1.544207e-03,1.586118e-03,1.545342e-03,1.495918e-03,1.442107e-03,1.625758e-03,1.591726e-03,1.578121e-03,1.533695e-03,1.465488e-03,1.369723e-03,1.377101e-03,1.244199e-03,1.620734e-03,1.568425e-03,1.600653e-03,1.567122e-03,1.595803e-03,1.539333e-03,1.145341e-03,1.001096e-03,1.627157e-03,1.593936e-03,1.500197e-03,1.586749e-03,1.545521e-03
2.995000e+02,1.580129e-03,1.538679e-03,1.577077e-03,1.534148e-03,1.579231e-03,1.537349e-03,1.580837e-03,1.539661e-03,1.581741e-03,1.540823e-03,1.491000e-03,1.437078e-03,1.621666e-03,1.587476e-03,1.573614e-03,1.529039e-03,1.459379e-03,1.363548e-03,1.369786e-03,1.236963e-03,1.616006e-03,1.563546e-03,1.596476e-03,1.562799e-03,1.590900e-03,1.534294e-03,1.137698e-03,9.938098e-04,1.623109e-03,1.589738e-03,1.495495e-03,1.582335e-03,1.540959e-03
3.000000e+02,1.575719e-03,1.534123e-03,1.572622e-03,1.529546e-03,1.574808e-03,1.532779e-03,1.576437e-03,1.535119e-03,1.577366e-03,1.536308e-03,1.486087e-03,1.432057e-03,1.617576e-03,1.583228e-03,1.569109e-03,1.524387e-03,1.453277e-03,1.357382e-03,1.362484e-03,1.229744e-03,1.611280e-03,1.558671e-03,1.592302e-03,1.558479e-03,1.585999e-03,1.529259e-03,1.130079e-03,9.865534e-04,1.619062e-03,1.585541e-03,1.490797e-03,1.577924e-03,1.536401e-03
3.005000e+02,1.571312e-03,1.529571e-03,1.568170e-03,1.524948e-03,1.570387e-03,1.528212e-03,1.572040e-03,1.530581e-03,1.572993e-03,1.531797e-03,1.481180e-03,1.427042e-03,1.613488e-03,1.578982e-03,1.564607e-03,1.519739e-03,1.447182e-03,1.351227e-03,1.355195e-03,1.222544e-03,1.606555e-03,1.553800e-03,1.588130e-03,1.554162e-03,1.581102e-03,1.524229e-03,1.122485e-03,9.793265e-04,1.615017e-03,1.581346e-03,1.486104e-03,1.573515e-03,1.531847e-03
3.010000e+02,1.566907e-03,1.525022e-03,1.563721e-03,1.520354e-03,1.565969e-03,1.523650e-03,1.567646e-03,1.526046e-03,1.568623e-03,1.527289e-03,1.476278e-03,1.422034e-03,1.609401e-03,1.574739e-03,1.560108e-03,1.515096e-03,1.441095e-03,1.345083e-03,1.347920e-03,1.215363e-03,1.601833e-03,1.548932e-03,1.583960e-03,1.549849e-03,1.576207e-03,1.519204e-03,1.114916e-03,9.721294e-04,1.610973e-03,1.577154e-03,1.481417e-03,1.569109e-03,1.527296e-03
3.015000e+02,1.562505e-03,1.520478e-03,1.559275e-03,1.515763e-03,1.561554e-03,1.519091e-03,1.563254e-03,1.521515e-03,1.564256e-03,1.522785e-03,1.471381e-03,1.417032e-03,1.605315e-03,1.570499e-03,1.555612e-03,1.510456e-03,1.435015e-03,1.338950e-03,1.340659e-03,1.208200e-03,1.597112e-03,1.544068e-03,1.579793e-03,1.545539e-03,1.571315e-03,1.514183e-03,1.107371e-03,9.649620e-04,1.606930e-03,1.572964e-03,1.476734e-03,1.564706e-03,1.522750e-03
3.020000e+02,1.558106e-03,1.515937e-03,1.554831e-03,1.511177e-03,1.557142e-03,1.514537e-03,1.558865e-03,1.516988e-03,1.559891e-03,1.518285e-03,1.466489e-03,1.412038e-03,1.601231e-03,1.566261e-03,1.551119e-03,1.505820e-03,1.428944e-03,1.332827e-03,1.333411e-03,1.201056e-03,1.592394e-03,1.539208e-03,1.575628e-03,1.541232e-03,1.566426e-03,1.509168e-03,1.099852e-03,9.578246e-04,1.602888e-03,1.568776e-03,1.472056e-03,1.560305e-03,1.518207e-03
3.025000e+02,1.553709e-03,1.511400e-03,1.550390e-03,1.506595e-03,1.552733e-03,1.509987e-03,1.554479e-03,1.512465e-03,1.555529e-03,1.513788e-03,1.461603e-03,1.407050e-03,1.597148e-03,1.562025e-03,1.546629e-03,1.501189e-03,1.422880e-03,1.326715e-03,1.326177e-03,1.193931e-03,1.587677e-03,1.534352e-03,1.571465e-03,1.536928e-03,1.561539e-03,1.504157e-03,1.092359e-03,9.507172e-04,1.598848e-03,1.564591e-03,1.467384e-03,1.555907e-03,1.513668e-03
3.030000e+02,1.549316e-03,1.506867e-03,1.545953e-03,1.502017e-03,1.548326e-03,1.505440e-03,1.550095e-03,1.507945e-03,1.551169e-03,1.509296e-03,1.456723e-03,1.402070e-03,1.593067e-03,1.557793e-03,1.542142e-03,1.496562e-03,1.416824e-03,1.320615e-03,1.318957e-03,1.186826e-03,1.582963e-03,1.529500e-03,1.567305e-03,1.532628e-03,1.556656e-03,1.499152e-03,1.084891e-03,9.436398e-04,1.594809e-03,1.560408e-03,1.462716e-03,1.551512e-03,1.509133e-03
3.035000e+02,1.544925e-03,1.502339e-03,1.541518e-03,1.497444e-03,1.543922e-03,1.500898e-03,1.545715e-03,1.503430e-03,1.546812e-03,1.504807e-03,1.451848e-03,1.397096e-03,1.588988e-03,1.553563e-03,1.537658e-03,1.491940e-03,1.410775e-03,1.314525e-03,1.311752e-03,1.179739e-03,1.578251e-03,1.524652e-03,1.563148e-03,1.528332e-03,1.551776e-03,1.494151e-03,1.077448e-03,9.365927e-04,1.590771e-03,1.556227e-03,1.458054e-03,1.547120e-03,1.504603e-03
3.040000e+02,1.540537e-03,1.497814e-03,1.537086e-03,1.492874e-03,1.539522e-03,1.496360e-03,1.541337e-03,1.498919e-03,1.542458e-03,1.500322e-03,1.446979e-03,1.392129e-03,1.584911e-03,1.549336e-03,1.533177e-03,1.487321e-03,1.404735e-03,1.308447e-03,1.304561e-03,1.172672e-03,1.573541e-03,1.519808e-03,1.558993e-03,1.524038e-03,1.546899e-03,1.489156e-03,1.070031e-03,9.295758e-04,1.586736e-03,1.552049e-03,1.453396e-03,1.542731e-03,1.500076e-03
3.045000e+02,1.536152e-03,1.493294e-03,1.532657e-03,1.488309e-03,1.535124e-03,1.491826e-03,1.536963e-03,1.494411e-03,1.538107e-03,1.495841e-03,1.442115e-03,1.387170e-03,1.580835e-03,1.545111e-03,1.528698e-03,1.482707e-03,1.398704e-03,1.302379e-03,1.297384e-03,1.165624e-03,1.568833e-03,1.514968e-03,1.554840e-03,1.519749e-03,1.542026e-03,1.484166e-03,1.062640e-03,9.225893e-04,1.582701e-03,1.547873e-03,1.448744e-03,1.538345e-03,1.495553e-03
3.050000e+02,1.531771e-03,1.488777e-03,1.528231e-03,1.483748e-03,1.530729e-03,1.487297e-03,1.532591e-03,1.489908e-03,1.533759e-03,1.491364e-03,1.437257e-03,1.382217e-03,1.576761e-03,1.540889e-03,1.524224e-03,1.478098e-03,1.392680e-03,1.296323e-03,1.290222e-03,1.158596e-03,1.564128e-03,1.510132e-03,1.550690e-03,1.515463e-03,1.537155e-03,1.479181e-03,1.055276e-03,9.156332e-04,1.578668e-03,1.543700e-03,1.444097e-03,1.533961e-03,1.491035e-03
3.055000e+02,1.527392e-03,1.484265e-03,1.523808e-03,1.479191e-03,1.526337e-03,1.482772e-03,1.528223e-03,1.485409e-03,1.529413e-03,1.486891e-03,1.432405e-03,1.377272e-03,1.572688e-03,1.536670e-03,1.519752e-03,1.473493e-03,1.386665e-03,1.290279e-03,1.283075e-03,1.151588e-03,1.559425e-03,1.505300e-03,1.546543e-03,1.511180e-03,1.532288e-03,1.474202e-03,1.047937e-03,9.087076e-04,1.574637e-03,1.539529e-03,1.439456e-03,1.529581e-03,1.486521e-03
3.060000e+02,1.523016e-03,1.479757e-03,1.519389e-03,1.474639e-03,1.521949e-03,1.478251e-03,1.523857e-03,1.480914e-03,1.525070e-03,1.482422e-03,1.427558e-03,1.372334e-03,1.568618e-03,1.532454e-03,1.515283e-03,1.468892e-03,1.380658e-03,1.284246e-03,1.275944e-03,1.144599e-03,1.554725e-03,1.500473e-03,1.542399e-03,1.506901e-03,1.527425e-03,1.469228e-03,1.040625e-03,9.018126e-04,1.570607e-03,1.535361e-03,1.434819e-03,1.525204e-03,1.482011e-03
3.065000e+02,1.518644e-03,1.475254e-03,1.514972e-03,1.470091e-03,1.517563e-03,1.473734e-03,1.519495e-03,1.476423e-03,1.520731e-03,1.477957e-03,1.422717e-03,1.367403e-03,1.564549e-03,1.528241e-03,1.510818e-03,1.464296e-03,1.374660e-03,1.278225e-03,1.268827e-03,1.137631e-03,1.550027e-03,1.495650e-03,1.538257e-03,1.502626e-03,1.522565e-03,1.464259e-03,1.033339e-03,8.949483e-04,1.566580e-03,1.531196e-03,1.430188e-03,1.520830e-03,1.477505e-03
3.070000e+02,1.514274e-03,1.470755e-03,1.510559e-03,1.465548e-03,1.513181e-03,1.469222e-03,1.515136e-03,1.471937e-03,1.516394e-03,1.473497e-03,1.417883e-03,1.362480e-03,1.560482e-03,1.524031e-03,1.506356e-03,1.459704e-03,1.368671e-03,1.272215e-03,1.261726e-03,1.130683e-03,1.545332e-03,1.490832e-03,1.534118e-03,1.498355e-03,1.517708e-03,1.459296e-03,1.026080e-03,8.881148e-04,1.562553e-03,1.527033e-03,1.425563e-03,1.516459e-03,1.473004e-03
3.075000e+02,1.509908e-03,1.466260e-03,1.506149e-03,1.461009e-03,1.508802e-03,1.464714e-03,1.510779e-03,1.467454e-03,1.512060e-03,1.469040e-03,1.413054e-03,1.357563e-03,1.556418e-03,1.519824e-03,1.501897e-03,1.455117e-03,1.362690e-03,1.266217e-03,1.254640e-03,1.123755e-03,1.540640e-03,1.486018e-03,1.529981e-03,1.494087e-03,1.512855e-03,1.454339e-03,1.018847e-03,8.813121e-04,1.558529e-03,1.522873e-03,1.420944e-03,1.512091e-03,1.468507e-03
3.080000e+02,1.505545e-03,1.461770e-03,1.501742e-03,1.456474e-03,1.504426e-03,1.460211e-03,1.506427e-03,1.462976e-03,1.507729e-03,1.464588e-03,1.408231e-03,1.352655e-03,1.552355e-03,1.515619e-03,1.497442e-03,1.450535e-03,1.356718e-03,1.260231e-03,1.247570e-03,1.116847e-03,1.535950e-03,1.481209e-03,1.525848e-03,1.489823e-03,1.508006e-03,1.449387e-03,1.011642e-03,8.745403e-04,1.554506e-03,1.518716e-03,1.416330e-03,1.507726e-03,1.464015e-03
3.085000e+02,1.501185e-03,1.457284e-03,1.497339e-03,1.451945e-03,1.500053e-03,1.455712e-03,1.502077e-03,1.458503e-03,1.503402e-03,1.460140e-03,1.403414e-03,1.347753e-03,1.548294e-03,1.511418e-03,1.492990e-03,1.445958e-03,1.350755e-03,1.254257e-03,1.240516e-03,1.109960e-03,1.531263e-03,1.476405e-03,1.521717e-03,1.485563e-03,1.503160e-03,1.444441e-03,1.004463e-03,8.677994e-04,1.550485e-03,1.514561e-03,1.411722e-03,1.503365e-03,1.459526e-03
3.090000e+02,1.496829e-03,1.452803e-03,1.492939e-03,1.447419e-03,1.495684e-03,1.451218e-03,1.497730e-03,1.454033e-03,1.499077e-03,1.455696e-03,1.398603e-03,1.342859e-03,1.544235e-03,1.507219e-03,1.488542e-03,1.441385e-03,1.344802e-03,1.248295e-03,1.233478e-03,1.103093e-03,1.526579e-03,1.471605e-03,1.517589e-03,1.481307e-03,1.498319e-03,1.439500e-03,9.973113e-04,8.610896e-04,1.546466e-03,1.510409e-03,1.407119e-03,1.499007e-03,1.455043e-03
3.095000e+02,1.492475e-03,1.448326e-03,1.488542e-03,1.442899e-03,1.491318e-03,1.446728e-03,1.493387e-03,1.449568e-03,1.494756e-03,1.451257e-03,1.393798e-03,1.337973e-03,1.540178e-03,1.503024e-03,1.484097e-03,1.436817e-03,1.338857e-03,1.242345e-03,1.226456e-03,1.096248e-03,1.521898e-03,1.466810e-03,1.513464e-03,1.477055e-03,1.493481e-03,1.434566e-03,9.901869e-04,8.544109e-04,1.542448e-03,1.506260e-03,1.402523e-03,1.494652e-03,1.450564e-03
3.100000e+02,1.488126e-03,1.443854e-03,1.484149e-03,1.438383e-03,1.486955e-03,1.442243e-03,1.489048e-03,1.445108e-03,1.490438e-03,1.446821e-03,1.388999e-03,1.333094e-03,1.536123e-03,1.498832e-03,1.479655e-03,1.432253e-03,1.332921e-03,1.236407e-03,1.219451e-03,1.089423e-03,1.517220e-03,1.462019e-03,1.509342e-03,1.472807e-03,1.488647e-03,1.429637e-03,9.830899e-04,8.477633e-04,1.538433e-03,1.502114e-03,1.397932e-03,1.490300e-03,1.446089e-03
3.105000e+02,1.483779e-03,1.439386e-03,1.479759e-03,1.433871e-03,1.482596e-03,1.437763e-03,1.484711e-03,1.440652e-03,1.486123e-03,1.442391e-03,1.384206e-03,1.328223e-03,1.532070e-03,1.494643e-03,1.475217e-03,1.427695e-03,1.326995e-03,1.230482e-03,1.212462e-03,1.082619e-03,1.512545e-03,1.457234e-03,1.505223e-03,1.468563e-03,1.483817e-03,1.424714e-03,9.760204e-04,8.411470e-04,1.534419e-03,1.497970e-03,1.393347e-03,1.485952e-03,1.441619e-03
3.110000e+02,1.479436e-03,1.434923e-03,1.475373e-03,1.429365e-03,1.478240e-03,1.433287e-03,1.480378e-03,1.436201e-03,1.481811e-03,1.437964e-03,1.379420e-03,1.323359e-03,1.528020e-03,1.490457e-03,1.470783e-03,1.423141e-03,1.321079e-03,1.224569e-03,1.205489e-03,1.075836e-03,1.507873e-03,1.452453e-03,1.501106e-03,1.464323e-03,1.478991e-03,1.419798e-03,9.689784e-04,8.345619e-04,1.530408e-03,1.493830e-03,1.388768e-03,1.481607e-03,1.437154e-03
3.115000e+02,1.475097e-03,1.430465e-03,1.470990e-03,1.424863e-03,1.473888e-03,1.428816e-03,1.476049e-03,1.431754e-03,1.477503e-03,1.433543e-03,1.374640e-03,1.318503e-03,1.523971e-03,1.486274e-03,1.466352e-03,1.418592e-03,1.315171e-03,1.218668e-03,1.198533e-03,1.069075e-03,1.503204e-03,1.447678e-03,1.496993e-03,1.460088e-03,1.474170e-03,1.414887e-03,9.619641e-04,8.280081e-04,1.526398e-03,1.489692e-03,1.384195e-03,1.477266e-03,1.432694e-03
3.120000e+02,1.470761e-03,1.426011e-03,1.466611e-03,1.420366e-03,1.469539e-03,1.424349e-03,1.471723e-03,1.427312e-03,1.473198e-03,1.429125e-03,1.369866e-03,1.313654e-03,1.519925e-03,1.482095e-03,1.461925e-03,1.414048e-03,1.309274e-03,1.212780e-03,1.191594e-03,1.062335e-03,1.498539e-03,1.442907e-03,1.492883e-03,1.455856e-03,1.469352e-03,1.409982e-03,9.549776e-04,8.214858e-04,1.522390e-03,1.485558e-03,1.379628e-03,1.472928e-03,1.428238e-03
3.125000e+02,1.466428e-03,1.421562e-03,1.462235e-03,1.415874e-03,1.465194e-03,1.419888e-03,1.467401e-03,1.422874e-03,1.468896e-03,1.424712e-03,1.365098e-03,1.308814e-03,1.515881e-03,1.477919e-03,1.457502e-03,1.409509e-03,1.303386e-03,1.206904e-03,1.184672e-03,1.055616e-03,1.493876e-03,1.438142e-03,1.488776e-03,1.451628e-03,1.464539e-03,1.405084e-03,9.480190e-04,8.149948e-04,1.518385e-03,1.481426e-03,1.375067e-03,1.468594e-03,1.423786e-03
3.130000e+02,1.462099e-03,1.417118e-03,1.457863e-03,1.411386e-03,1.460853e-03,1.415431e-03,1.463082e-03,1.418441e-03,1.464598e-03,1.420304e-03,1.360337e-03,1.303981e-03,1.511839e-03,1.473746e-03,1.453083e-03,1.404976e-03,1.297508e-03,1.201041e-03,1.177768e-03,1.048919e-03,1.489217e-03,1.433382e-03,1.484672e-03,1.447405e-03,1.459730e-03,1.400191e-03,9.410884e-04,8.085354e-04,1.514381e-03,1.477298e-03,1.370512e-03,1.464263e-03,1.419340e-03
3.135000e+02,1.457774e-03,1.412679e-03,1.453495e-03,1.406904e-03,1.456515e-03,1.410979e-03,1.458766e-03,1.414013e-03,1.460303e-03,1.415900e-03,1.355582e-03,1.299156e-03,1.507800e-03,1.469576e-03,1.448667e-03,1.400447e-03,1.291639e-03,1.195191e-03,1.170880e-03,1.042243e-03,1.484562e-03,1.428627e-03,1.480571e-03,1.443185e-03,1.454925e-03,1.395305e-03,9.341859e-04,8.021075e-04,1.510380e-03,1.473172e-03,1.365963e-03,1.459936e-03,1.414898e-03
3.140000e+02,1.453452e-03,1.408245e-03,1.449130e-03,1.402426e-03,1.452180e-03,1.406532e-03,1.454455e-03,1.409590e-03,1.456012e-03,1.411501e-03,1.350834e-03,1.294339e-03,1.503762e-03,1.465410e-03,1.444255e-03,1.395923e-03,1.285781e-03,1.189353e-03,1.164010e-03,1.035590e-03,1.479910e-03,1.423877e-03,1.476474e-03,1.438970e-03,1.450125e-03,1.390425e-03,9.273116e-04,7.957111e-04,1.506381e-03,1.469050e-03,1.361420e-03,1.455613e-03,1.410462e-03
3.145000e+02,1.449135e-03,1.403815e-03,1.444769e-03,1.397954e-03,1.447850e-03,1.402090e-03,1.450147e-03,1.405171e-03,1.451724e-03,1.407107e-03,1.346092e-03,1.289529e-03,1.499727e-03,1.461247e-03,1.439847e-03,1.391404e-03,1.279933e-03,1.183528e-03,1.157158e-03,1.028958e-03,1.475261e-03,1.419132e-03,1.472379e-03,1.434759e-03,1.445330e-03,1.385552e-03,9.204656e-04,7.893463e-04,1.502384e-03,1.464931e-03,1.356884e-03,1.451293e-03,1.406030e-03
3.150000e+02,1.444820e-03,1.399391e-03,1.440412e-03,1.393486e-03,1.443523e-03,1.397652e-03,1.445843e-03,1.400757e-03,1.447440e-03,1.402717e-03,1.341356e-03,1.284728e-03,1.495695e-03,1.457088e-03,1.435442e-03,1.386891e-03,1.274094e-03,1.177717e-03,1.150323e-03,1.022348e-03,1.470616e-03,1.414393e-03,1.468288e-03,1.430553e-03,1.440539e-03,1.380685e-03,9.136481e-04,7.830133e-04,1.498389e-03,1.460815e-03,1.352353e-03,1.446977e-03,1.401603e-03
3.155000e+02,1.440510e-03,1.394971e-03,1.436059e-03,1.389024e-03,1.439200e-03,1.393220e-03,1.441542e-03,1.396348e-03,1.443159e-03,1.398332e-03,1.336627e-03,1.279935e-03,1.491665e-03,1.452932e-03,1.431042e-03,1.382382e-03,1.268266e-03,1.171918e-03,1.143507e-03,1.015760e-03,1.465975e-03,1.409660e-03,1.464200e-03,1.426350e-03,1.435752e-03,1.375825e-03,9.068590e-04,7.767118e-04,1.494396e-03,1.456702e-03,1.347829e-03,1.442665e-03,1.397181e-03
3.160000e+02,1.436203e-03,1.390557e-03,1.431710e-03,1.384566e-03,1.434881e-03,1.388793e-03,1.437245e-03,1.391944e-03,1.438882e-03,1.393952e-03,1.331905e-03,1.275149e-03,1.487637e-03,1.448779e-03,1.426646e-03,1.377879e-03,1.262449e-03,1.166133e-03,1.136708e-03,1.009194e-03,1.461337e-03,1.404931e-03,1.460115e-03,1.422152e-03,1.430970e-03,1.370971e-03,9.000985e-04,7.704422e-04,1.490406e-03,1.452592e-03,1.343311e-03,1.438356e-03,1.392764e-03
3.165000e+02,1.431900e-03,1.386147e-03,1.427364e-03,1.380114e-03,1.430565e-03,1.384371e-03,1.432952e-03,1.387545e-03,1.434609e-03,1.389577e-03,1.327190e-03,1.270372e-03,1.483612e-03,1.444630e-03,1.422253e-03,1.373381e-03,1.256641e-03,1.160360e-03,1.129927e-03,1.002651e-03,1.456703e-03,1.400209e-03,1.456034e-03,1.417959e-03,1.426193e-03,1.366123e-03,8.933668e-04,7.642043e-04,1.486418e-03,1.448486e-03,1.338799e-03,1.434051e-03,1.388351e-03
3.170000e+02,1.427601e-03,1.381743e-03,1.423022e-03,1.375667e-03,1.426254e-03,1.379954e-03,1.428663e-03,1.383151e-03,1.430339e-03,1.385206e-03,1.322481e-03,1.265603e-03,1.479590e-03,1.440484e-03,1.417865e-03,1.368889e-03,1.250845e-03,1.154601e-03,1.123165e-03,9.961301e-04,1.452073e-03,1.395492e-03,1.451956e-03,1.413769e-03,1.421421e-03,1.361283e-03,8.866638e-04,7.579981e-04,1.482432e-03,1.444383e-03,1.334293e-03,1.429750e-03,1.383944e-03
3.175000e+02,1.423306e-03,1.377343e-03,1.418685e-03,1.371225e-03,1.421946e-03,1.375542e-03,1.424378e-03,1.378762e-03,1.426074e-03,1.380841e-03,1.317778e-03,1.260842e-03,1.475570e-03,1.436342e-03,1.413481e-03,1.364401e-03,1.245058e-03,1.148855e-03,1.116421e-03,9.896315e-04,1.447447e-03,1.390780e-03,1.447881e-03,1.409585e-03,1.416654e-03,1.356449e-03,8.799896e-04,7.518238e-04,1.478449e-03,1.440283e-03,1.329794e-03,1.425453e-03,1.379542e-03
3.180000e+02,1.419015e-03,1.372949e-03,1.414351e-03,1.366788e-03,1.417642e-03,1.371135e-03,1.420097e-03,1.374378e-03,1.421811e-03,1.376480e-03,1.313083e-03,1.256089e-03,1.471552e-03,1.432204e-03,1.409101e-03,1.359920e-03,1.239283e-03,1.143123e-03,1.109696e-03,9.831555e-04,1.442825e-03,1.386074e-03,1.443810e-03,1.405404e-03,1.411891e-03,1.351622e-03,8.733444e-04,7.456814e-04,1.474468e-03,1.436187e-03,1.325301e-03,1.421160e-03,1.375146e-03
3.185000e+02,1.414728e-03,1.368560e-03,1.410022e-03,1.362357e-03,1.413343e-03,1.366733e-03,1.415819e-03,1.369999e-03,1.417553e-03,1.372124e-03,1.308394e-03,1.251344e-03,1.467537e-03,1.428069e-03,1.404725e-03,1.355443e-03,1.233518e-03,1.137404e-03,1.102989e-03,9.767022e-04,1.438206e-03,1.381374e-03,1.439742e-03,1.401228e-03,1.407134e-03,1.346801e-03,8.667282e-04,7.395708e-04,1.470489e-03,1.432094e-03,1.320815e-03,1.416871e-03,1.370754e-03
3.190000e+02,1.410445e-03,1.364176e-03,1.405696e-03,1.357930e-03,1.409047e-03,1.362337e-03,1.411546e-03,1.365625e-03,1.413299e-03,1.367773e-03,1.303713e-03,1.246608e-03,1.463525e-03,1.423938e-03,1.400353e-03,1.350972e-03,1.227763e-03,1.131698e-03,1.096301e-03,9.702716e-04,1.433592e-03,1.376680e-03,1.435678e-03,1.397057e-03,1.402381e-03,1.341988e-03,8.601412e-04,7.334921e-04,1.466513e-03,1.428004e-03,1.316335e-03,1.412586e-03,1.366367e-03
3.195000e+02,1.406165e-03,1.359797e-03,1.401375e-03,1.353509e-03,1.404755e-03,1.357946e-03,1.407277e-03,1.361256e-03,1.409048e-03,1.363428e-03,1.299038e-03,1.241879e-03,1.459515e-03,1.419811e-03,1.395985e-03,1.346506e-03,1.222020e-03,1.126007e-03,1.089632e-03,9.638638e-04,1.428982e-03,1.371991e-03,1.431617e-03,1.392890e-03,1.397634e-03,1.337181e-03,8.535833e-04,7.274453e-04,1.462539e-03,1.423918e-03,1.311861e-03,1.408305e-03,1.361986e-03
3.200000e+02,1.401890e-03,1.355423e-03,1.397057e-03,1.349094e-03,1.400468e-03,1.353560e-03,1.403011e-03,1.356893e-03,1.404802e-03,1.359087e-03,1.294370e-03,1.237159e-03,1.455508e-03,1.415687e-03,1.391622e-03,1.342046e-03,1.216288e-03,1.120328e-03,1.082982e-03,9.574789e-04,1.424376e-03,1.367309e-03,1.427560e-03,1.388728e-03,1.392892e-03,1.332381e-03,8.470546e-04,7.214305e-04,1.458568e-03,1.419835e-03,1.307394e-03,1.404027e-03,1.357610e-03
3.205000e+02,1.397619e-03,1.351055e-03,1.392744e-03,1.344684e-03,1.396184e-03,1.349179e-03,1.398750e-03,1.352534e-03,1.400559e-03,1.354751e-03,1.289709e-03,1.232448e-03,1.451504e-03,1.411567e-03,1.387263e-03,1.337591e-03,1.210567e-03,1.114664e-03,1.076351e-03,9.511171e-04,1.419774e-03,1.362632e-03,1.423506e-03,1.384570e-03,1.388155e-03,1.327589e-03,8.405553e-04,7.154476e-04,1.454600e-03,1.415756e-03,1.302934e-03,1.399754e-03,1.353239e-03
3.210000e+02,1.393352e-03,1.346692e-03,1.388435e-03,1.340279e-03,1.391905e-03,1.344804e-03,1.394493e-03,1.348181e-03,1.396320e-03,1.350421e-03,1.285055e-03,1.227745e-03,1.447503e-03,1.407451e-03,1.382908e-03,1.333142e-03,1.204857e-03,1.109013e-03,1.069740e-03,9.447783e-04,1.415176e-03,1.357961e-03,1.419456e-03,1.380417e-03,1.383423e-03,1.322803e-03,8.340854e-04,7.094967e-04,1.450634e-03,1.411681e-03,1.298480e-03,1.395485e-03,1.348873e-03
3.215000e+02,1.389090e-03,1.342335e-03,1.384130e-03,1.335879e-03,1.387630e-03,1.340434e-03,1.390240e-03,1.343833e-03,1.392086e-03,1.346095e-03,1.280408e-03,1.223050e-03,1.443504e-03,1.403338e-03,1.378558e-03,1.328699e-03,1.199158e-03,1.103377e-03,1.063147e-03,9.384627e-04,1.410583e-03,1.353297e-03,1.415409e-03,1.376269e-03,1.378696e-03,1.318024e-03,8.276450e-04,7.035777e-04,1.446671e-03,1.407609e-03,1.294032e-03,1.391221e-03,1.344513e-03
3.220000e+02,1.384831e-03,1.337983e-03,1.379830e-03,1.331485e-03,1.383359e-03,1.336069e-03,1.385991e-03,1.339491e-03,1.387855e-03,1.341775e-03,1.275768e-03,1.218364e-03,1.439508e-03,1.399230e-03,1.374212e-03,1.324261e-03,1.193470e-03,1.097754e-03,1.056575e-03,9.321704e-04,1.405994e-03,1.348638e-03,1.411366e-03,1.372125e-03,1.373975e-03,1.313253e-03,8.212341e-04,6.976908e-04,1.442710e-03,1.403540e-03,1.289591e-03,1.386960e-03,1.340158e-03
3.225000e+02,1.380577e-03,1.333636e-03,1.375534e-03,1.327097e-03,1.379092e-03,1.331710e-03,1.381747e-03,1.335154e-03,1.383629e-03,1.337460e-03,1.271135e-03,1.213686e-03,1.435515e-03,1.395125e-03,1.369870e-03,1.319829e-03,1.187794e-03,1.092145e-03,1.050022e-03,9.259014e-04,1.401409e-03,1.343986e-03,1.407327e-03,1.367986e-03,1.369260e-03,1.308489e-03,8.148529e-04,6.918358e-04,1.438752e-03,1.399476e-03,1.285157e-03,1.382703e-03,1.335809e-03
3.230000e+02,1.376327e-03,1.329294e-03,1.371242e-03,1.322714e-03,1.374830e-03,1.327357e-03,1.377506e-03,1.330822e-03,1.379406e-03,1.333150e-03,1.266509e-03,1.209016e-03,1.431525e-03,1.391024e-03,1.365533e-03,1.315402e-03,1.182129e-03,1.086550e-03,1.043489e-03,9.196558e-04,1.396829e-03,1.339340e-03,1.403291e-03,1.363852e-03,1.364550e-03,1.303732e-03,8.085012e-04,6.860128e-04,1.434797e-03,1.395414e-03,1.280729e-03,1.378451e-03,1.331465e-03
3.235000e+02,1.372081e-03,1.324959e-03,1.366955e-03,1.318337e-03,1.370572e-03,1.323009e-03,1.373270e-03,1.326496e-03,1.375188e-03,1.328846e-03,1.261890e-03,1.204356e-03,1.427537e-03,1.386927e-03,1.361200e-03,1.310981e-03,1.176476e-03,1.080970e-03,1.036975e-03,9.134337e-04,1.392254e-03,1.334700e-03,1.399260e-03,1.359722e-03,1.359845e-03,1.298982e-03,8.021793e-04,6.802219e-04,1.430845e-03,1.391357e-03,1.276308e-03,1.374203e-03,1.327126e-03
3.240000e+02,1.367840e-03,1.320628e-03,1.362672e-03,1.313965e-03,1.366318e-03,1.318666e-03,1.369039e-03,1.322175e-03,1.370974e-03,1.324547e-03,1.257279e-03,1.199704e-03,1.423553e-03,1.382834e-03,1.356872e-03,1.306566e-03,1.170834e-03,1.075403e-03,1.030482e-03,9.072351e-04,1.387683e-03,1.330066e-03,1.395232e-03,1.355597e-03,1.355146e-03,1.294240e-03,7.958872e-04,6.744630e-04,1.426895e-03,1.387303e-03,1.271894e-03,1.369960e-03,1.322793e-03
3.245000e+02,1.363603e-03,1.316303e-03,1.358393e-03,1.309599e-03,1.362069e-03,1.314329e-03,1.364811e-03,1.317860e-03,1.366764e-03,1.320253e-03,1.252675e-03,1.195060e-03,1.419572e-03,1.378745e-03,1.352549e-03,1.302157e-03,1.165204e-03,1.069851e-03,1.024009e-03,9.010602e-04,1.383117e-03,1.325439e-03,1.391207e-03,1.351478e-03,1.350453e-03,1.289505e-03,7.896250e-04,6.687361e-04,1.422949e-03,1.383254e-03,1.267487e-03,1.365721e-03,1.318465e-03
3.250000e+02,1.359370e-03,1.311984e-03,1.354119e-03,1.305239e-03,1.357824e-03,1.309998e-03,1.360588e-03,1.313551e-03,1.362559e-03,1.315964e-03,1.248078e-03,1.190425e-03,1.415593e-03,1.374660e-03,1.348230e-03,1.297754e-03,1.159585e-03,1.064313e-03,1.017556e-03,8.949090e-04,1.378555e-03,1.320818e-03,1.387187e-03,1.347362e-03,1.345765e-03,1.284778e-03,7.833926e-04,6.630411e-04,1.419005e-03,1.379208e-03,1.263086e-03,1.361486e-03,1.314143e-03
3.255000e+02,1.355142e-03,1.307671e-03,1.349849e-03,1.300884e-03,1.353584e-03,1.305672e-03,1.356370e-03,1.309247e-03,1.358357e-03,1.311681e-03,1.243489e-03,1.185799e-03,1.411618e-03,1.370579e-03,1.343915e-03,1.293356e-03,1.153979e-03,1.058790e-03,1.011123e-03,8.887816e-04,1.373998e-03,1.316203e-03,1.383170e-03,1.343252e-03,1.341083e-03,1.280058e-03,7.771902e-04,6.573782e-04,1.415065e-03,1.375165e-03,1.258692e-03,1.357255e-03,1.309827e-03
3.260000e+02,1.350918e-03,1.303363e-03,1.345584e-03,1.296535e-03,1.349348e-03,1.301352e-03,1.352155e-03,1.304948e-03,1.354160e-03,1.307404e-03,1.238907e-03,1.181182e-03,1.407646e-03,1.366502e-03,1.339606e-03,1.288964e-03,1.148384e-03,1.053281e-03,1.004710e-03,8.826781e-04,1.369446e-03,1.311595e-03,1.379158e-03,1.339147e-03,1.336407e-03,1.275346e-03,7.710177e-04,6.517473e-04,1.411127e-03,1.371127e-03,1.254305e-03,1.353029e-03,1.305516e-03
3.265000e+02,1.346699e-03,1.299060e-03,1.341324e-03,1.292192e-03,1.345116e-03,1.297037e-03,1.347946e-03,1.300655e-03,1.349968e-03,1.303132e-03,1.234332e-03,1.176573e-03,1.403676e-03,1.362430e-03,1.335301e-03,1.284579e-03,1.142802e-03,1.047786e-03,9.983187e-04,8.765984e-04,1.364899e-03,1.306993e-03,1.375149e-03,1.335047e-03,1.331737e-03,1.270641e-03,7.648754e-04,6.461484e-04,1.407193e-03,1.367093e-03,1.249925e-03,1.348808e-03,1.301211e-03
3.270000e+02,1.342484e-03,1.294764e-03,1.337068e-03,1.287854e-03,1.340890e-03,1.292729e-03,1.343741e-03,1.296368e-03,1.345780e-03,1.298865e-03,1.229765e-03,1.171973e-03,1.399710e-03,1.358361e-03,1.331001e-03,1.280199e-03,1.137231e-03,1.042306e-03,9.919475e-04,8.705428e-04,1.360357e-03,1.302398e-03,1.371144e-03,1.330951e-03,1.327073e-03,1.265944e-03,7.587631e-04,6.405815e-04,1.403261e-03,1.363062e-03,1.245552e-03,1.344591e-03,1.296911e-03
3.275000e+02,1.338274e-03,1.290473e-03,1.332817e-03,1.283522e-03,1.336667e-03,1.288426e-03,1.339540e-03,1.292087e-03,1.341596e-03,1.294604e-03,1.225205e-03,1.167382e-03,1.395747e-03,1.354296e-03,1.326705e-03,1.275825e-03,1.131673e-03,1.036841e-03,9.855971e-04,8.645112e-04,1.355820e-03,1.297810e-03,1.367143e-03,1.326861e-03,1.322415e-03,1.261255e-03,7.526809e-04,6.350466e-04,1.399333e-03,1.359036e-03,1.241185e-03,1.340379e-03,1.292618e-03
3.280000e+02,1.334068e-03,1.286187e-03,1.328570e-03,1.279197e-03,1.332450e-03,1.284128e-03,1.335344e-03,1.287811e-03,1.337416e-03,1.290348e-03,1.220652e-03,1.162800e-03,1.391788e-03,1.350236e-03,1.322415e-03,1.271457e-03,1.126127e-03,1.031390e-03,9.792674e-04,8.585037e-04,1.351288e-03,1.293228e-03,1.363146e-03,1.322775e-03,1.317763e-03,1.256573e-03,7.466289e-04,6.295436e-04,1.395408e-03,1.355013e-03,1.236826e-03,1.336171e-03,1.288330e-03
3.285000e+02,1.329867e-03,1.281908e-03,1.324329e-03,1.274877e-03,1.328237e-03,1.279837e-03,1.331153e-03,1.283541e-03,1.333242e-03,1.286098e-03,1.216108e-03,1.158227e-03,1.387831e-03,1.346180e-03,1.318129e-03,1.267095e-03,1.120593e-03,1.025954e-03,9.729588e-04,8.525204e-04,1.346761e-03,1.288653e-03,1.359153e-03,1.318695e-03,1.313117e-03,1.251899e-03,7.406071e-04,6.240726e-04,1.391486e-03,1.350995e-03,1.232473e-03,1.331968e-03,1.284047e-03
3.290000e+02,1.325671e-03,1.277634e-03,1.320091e-03,1.270563e-03,1.324029e-03,1.275552e-03,1.326966e-03,1.279277e-03,1.329071e-03,1.281854e-03,1.211570e-03,1.153663e-03,1.383878e-03,1.342128e-03,1.313848e-03,1.262739e-03,1.115071e-03,1.020533e-03,9.666712e-04,8.465614e-04,1.342239e-03,1.284085e-03,1.355165e-03,1.314619e-03,1.308477e-03,1.247233e-03,7.346156e-04,6.186335e-04,1.387567e-03,1.346980e-03,1.228128e-03,1.327769e-03,1.279771e-03
3.295000e+02,1.321480e-03,1.273367e-03,1.315859e-03,1.266255e-03,1.319825e-03,1.271272e-03,1.322784e-03,1.275019e-03,1.324906e-03,1.277615e-03,1.207041e-03,1.149107e-03,1.379928e-03,1.338080e-03,1.309572e-03,1.258390e-03,1.109562e-03,1.015127e-03,9.604047e-04,8.406266e-04,1.337722e-03,1.279524e-03,1.351180e-03,1.310549e-03,1.303844e-03,1.242575e-03,7.286543e-04,6.132263e-04,1.383651e-03,1.342970e-03,1.223789e-03,1.323575e-03,1.275500e-03
3.300000e+02,1.317293e-03,1.269105e-03,1.311632e-03,1.261953e-03,1.315626e-03,1.266998e-03,1.318607e-03,1.270766e-03,1.320744e-03,1.273382e-03,1.202519e-03,1.144561e-03,1.375981e-03,1.334037e-03,1.305301e-03,1.254046e-03,1.104065e-03,1.009735e-03,9.541594e-04,8.347162e-04,1.333210e-03,1.274969e-03,1.347199e-03,1.306484e-03,1.299216e-03,1.237925e-03,7.227234e-04,6.078510e-04,1.379739e-03,1.338964e-03,1.219458e-03,1.319386e-03,1.271235e-03
3.305000e+02,1.313111e-03,1.264849e-03,1.307409e-03,1.257657e-03,1.311432e-03,1.262730e-03,1.314434e-03,1.266520e-03,1.316588e-03,1.269155e-03,1.198004e-03,1.140024e-03,1.372037e-03,1.329998e-03,1.301035e-03,1.249709e-03,1.098581e-03,1.004359e-03,9.479355e-04,8.288302e-04,1.328704e-03,1.270421e-03,1.343223e-03,1.302424e-03,1.294595e-03,1.233283e-03,7.168228e-04,6.025075e-04,1.375830e-03,1.334962e-03,1.215134e-03,1.315201e-03,1.266976e-03
3.310000e+02,1.308933e-03,1.260599e-03,1.303191e-03,1.253367e-03,1.307243e-03,1.258468e-03,1.310266e-03,1.262279e-03,1.312436e-03,1.264934e-03,1.193498e-03,1.135496e-03,1.368097e-03,1.325963e-03,1.296774e-03,1.245378e-03,1.093110e-03,9.989972e-04,9.417329e-04,8.229687e-04,1.324203e-03,1.265881e-03,1.339250e-03,1.298369e-03,1.289980e-03,1.228648e-03,7.109526e-04,5.971960e-04,1.371924e-03,1.330964e-03,1.210816e-03,1.311022e-03,1.262723e-03
3.315000e+02,1.304761e-03,1.256355e-03,1.298978e-03,1.249083e-03,1.303058e-03,1.254213e-03,1.306103e-03,1.258044e-03,1.308289e-03,1.260718e-03,1.188999e-03,1.130976e-03,1.364160e-03,1.321933e-03,1.292518e-03,1.241053e-03,1.087651e-03,9.936508e-04,9.355519e-04,8.171316e-04,1.319707e-03,1.261347e-03,1.335282e-03,1.294319e-03,1.285372e-03,1.224022e-03,7.051128e-04,5.919162e-04,1.368021e-03,1.326970e-03,1.206506e-03,1.306847e-03,1.258476e-03
3.320000e+02,1.300593e-03,1.252117e-03,1.294770e-03,1.244805e-03,1.298879e-03,1.249963e-03,1.301945e-03,1.253815e-03,1.304146e-03,1.256508e-03,1.184508e-03,1.126466e-03,1.360227e-03,1.317907e-03,1.288267e-03,1.236735e-03,1.082205e-03,9.883195e-04,9.293925e-04,8.113192e-04,1.315217e-03,1.256820e-03,1.331318e-03,1.290275e-03,1.280770e-03,1.219404e-03,6.993035e-04,5.866682e-04,1.364122e-03,1.322980e-03,1.202203e-03,1.302677e-03,1.254235e-03
3.325000e+02,1.296431e-03,1.247885e-03,1.290567e-03,1.240533e-03,1.294704e-03,1.245719e-03,1.297792e-03,1.249592e-03,1.300009e-03,1.252304e-03,1.180024e-03,1.121965e-03,1.356297e-03,1.313886e-03,1.284021e-03,1.232422e-03,1.076772e-03,9.830033e-04,9.232548e-04,8.055314e-04,1.310732e-03,1.252300e-03,1.327358e-03,1.286236e-03,1.276175e-03,1.214794e-03,6.935246e-04,5.814520e-04,1.360226e-03,1.318995e-03,1.197908e-03,1.298512e-03,1.250000e-03
3.330000e+02,1.292273e-03,1.243659e-03,1.286369e-03,1.236267e-03,1.290535e-03,1.241481e-03,1.293643e-03,1.245376e-03,1.295876e-03,1.248106e-03,1.175549e-03,1.117473e-03,1.352370e-03,1.309869e-03,1.279781e-03,1.228116e-03,1.071351e-03,9.777024e-04,9.171388e-04,7.997682e-04,1.306253e-03,1.247788e-03,1.323403e-03,1.282202e-03,1.271586e-03,1.210192e-03,6.877761e-04,5.762675e-04,1.356334e-03,1.315014e-03,1.193619e-03,1.294351e-03,1.245771e-03
3.335000e+02,1.288120e-03,1.239439e-03,1.282176e-03,1.232008e-03,1.286370e-03,1.237250e-03,1.289500e-03,1.241165e-03,1.291748e-03,1.243913e-03,1.171081e-03,1.112991e-03,1.348447e-03,1.305856e-03,1.275545e-03,1.223817e-03,1.065944e-03,9.724167e-04,9.110447e-04,7.940298e-04,1.301780e-03,1.243282e-03,1.319452e-03,1.278173e-03,1.267004e-03,1.205598e-03,6.820582e-04,5.711147e-04,1.352445e-03,1.311038e-03,1.189338e-03,1.290196e-03,1.241548e-03
3.340000e+02,1.283972e-03,1.235225e-03,1.277988e-03,1.227755e-03,1.282210e-03,1.233024e-03,1.285361e-03,1.236960e-03,1.287624e-03,1.239727e-03,1.166622e-03,1.108517e-03,1.344528e-03,1.301848e-03,1.271315e-03,1.219523e-03,1.060549e-03,9.671463e-04,9.049726e-04,7.883161e-04,1.297312e-03,1.238784e-03,1.315505e-03,1.274150e-03,1.262429e-03,1.201013e-03,6.763708e-04,5.659936e-04,1.348560e-03,1.307066e-03,1.185064e-03,1.286046e-03,1.237331e-03
3.345000e+02,1.279829e-03,1.231017e-03,1.273806e-03,1.223508e-03,1.278056e-03,1.228805e-03,1.281227e-03,1.232762e-03,1.283506e-03,1.235546e-03,1.162170e-03,1.104053e-03,1.340612e-03,1.297844e-03,1.267090e-03,1.215236e-03,1.055168e-03,9.618913e-04,8.989225e-04,7.826272e-04,1.292850e-03,1.234293e-03,1.311563e-03,1.270132e-03,1.257860e-03,1.196436e-03,6.707138e-04,5.609041e-04,1.344678e-03,1.303098e-03,1.180797e-03,1.281900e-03,1.233120e-03
3.350000e+02,1.275691e-03,1.226816e-03,1.269628e-03,1.219267e-03,1.273906e-03,1.224592e-03,1.277099e-03,1.228569e-03,1.279392e-03,1.231372e-03,1.157726e-03,1.099598e-03,1.336700e-03,1.293846e-03,1.262870e-03,1.210956e-03,1.049800e-03,9.566518e-04,8.928945e-04,7.769631e-04,1.288393e-03,1.229810e-03,1.307625e-03,1.266119e-03,1.253298e-03,1.191867e-03,6.650875e-04,5.558462e-04,1.340799e-03,1.299134e-03,1.176538e-03,1.277760e-03,1.228916e-03
3.355000e+02,1.271559e-03,1.222620e-03,1.265455e-03,1.215033e-03,1.269762e-03,1.220385e-03,1.272975e-03,1.224383e-03,1.275284e-03,1.227204e-03,1.153290e-03,1.095152e-03,1.332791e-03,1.289851e-03,1.258655e-03,1.206682e-03,1.044445e-03,9.514276e-04,8.868886e-04,7.713240e-04,1.283942e-03,1.225333e-03,1.303691e-03,1.262112e-03,1.248743e-03,1.187307e-03,6.594916e-04,5.508198e-04,1.336924e-03,1.295175e-03,1.172286e-03,1.273625e-03,1.224717e-03
3.360000e+02,1.267431e-03,1.218431e-03,1.261288e-03,1.210805e-03,1.265622e-03,1.216184e-03,1.268857e-03,1.220203e-03,1.271181e-03,1.223041e-03,1.148862e-03,1.090716e-03,1.328886e-03,1.285862e-03,1.254446e-03,1.202415e-03,1.039104e-03,9.462190e-04,8.809051e-04,7.657098e-04,1.279498e-03,1.220864e-03,1.299762e-03,1.258110e-03,1.244195e-03,1.182755e-03,6.539264e-04,5.458250e-04,1.333053e-03,1.291221e-03,1.168041e-03,1.269494e-03,1.220525e-03
3.365000e+02,1.263308e-03,1.214248e-03,1.257126e-03,1.206583e-03,1.261488e-03,1.211990e-03,1.264744e-03,1.216029e-03,1.267083e-03,1.218885e-03,1.144443e-03,1.086289e-03,1.324984e-03,1.281876e-03,1.250242e-03,1.198154e-03,1.033775e-03,9.410260e-04,8.749439e-04,7.601205e-04,1.275059e-03,1.216403e-03,1.295837e-03,1.254114e-03,1.239654e-03,1.178212e-03,6.483917e-04,5.408616e-04,1.329185e-03,1.287271e-03,1.163804e-03,1.265369e-03,1.216339e-03
3.370000e+02,1.259191e-03,1.210072e-03,1.252969e-03,1.202367e-03,1.257359e-03,1.207802e-03,1.260635e-03,1.211862e-03,1.262989e-03,1.214735e-03,1.140031e-03,1.081872e-03,1.321086e-03,1.277896e-03,1.246044e-03,1.193899e-03,1.028460e-03,9.358485e-04,8.690051e-04,7.545562e-04,1.270625e-03,1.211948e-03,1.291916e-03,1.250123e-03,1.235119e-03,1.173677e-03,6.428875e-04,5.359296e-04,1.325321e-03,1.283326e-03,1.159574e-03,1.261249e-03,1.212159e-03
3.375000e+02,1.255079e-03,1.205901e-03,1.248817e-03,1.198158e-03,1.253235e-03,1.203620e-03,1.256532e-03,1.207701e-03,1.258901e-03,1.210591e-03,1.135628e-03,1.077463e-03,1.317192e-03,1.273920e-03,1.241851e-03,1.189652e-03,1.023159e-03,9.306867e-04,8.630888e-04,7.490170e-04,1.266198e-03,1.207502e-03,1.288001e-03,1.246137e-03,1.230592e-03,1.169150e-03,6.374139e-04,5.310290e-04,1.321461e-03,1.279385e-03,1.155351e-03,1.257134e-03,1.207986e-03
3.380000e+02,1.250972e-03,1.201737e-03,1.244671e-03,1.193956e-03,1.249116e-03,1.199445e-03,1.252435e-03,1.203546e-03,1.254819e-03,1.206453e-03,1.131232e-03,1.073064e-03,1.313302e-03,1.269949e-03,1.237663e-03,1.185410e-03,1.017871e-03,9.255406e-04,8.571951e-04,7.435028e-04,1.261777e-03,1.203063e-03,1.284089e-03,1.242158e-03,1.226072e-03,1.164632e-03,6.319710e-04,5.261597e-04,1.317604e-03,1.275448e-03,1.151136e-03,1.253025e-03,1.203819e-03
3.385000e+02,1.246870e-03,1.197580e-03,1.240530e-03,1.189760e-03,1.245003e-03,1.195276e-03,1.248342e-03,1.199397e-03,1.250741e-03,1.202321e-03,1.126845e-03,1.068675e-03,1.309416e-03,1.265983e-03,1.233481e-03,1.181176e-03,1.012597e-03,9.204102e-04,8.513240e-04,7.380137e-04,1.257362e-03,1.198631e-03,1.280183e-03,1.238183e-03,1.221558e-03,1.160123e-03,6.265585e-04,5.213217e-04,1.313751e-03,1.271517e-03,1.146929e-03,1.248920e-03,1.199658e-03
3.390000e+02,1.242774e-03,1.193428e-03,1.236395e-03,1.185570e-03,1.240895e-03,1.191113e-03,1.244255e-03,1.195255e-03,1.246669e-03,1.198196e-03,1.122466e-03,1.064295e-03,1.305533e-03,1.262022e-03,1.229305e-03,1.176948e-03,1.007336e-03,9.152955e-04,8.454756e-04,7.325498e-04,1.252953e-03,1.194207e-03,1.276281e-03,1.234214e-03,1.217052e-03,1.155623e-03,6.211767e-04,5.165149e-04,1.309902e-03,1.267590e-03,1.142729e-03,1.244821e-03,1.195503e-03
3.395000e+02,1.238682e-03,1.189284e-03,1.232264e-03,1.181387e-03,1.236792e-03,1.186957e-03,1.240173e-03,1.191119e-03,1.242601e-03,1.194077e-03,1.118095e-03,1.059925e-03,1.301654e-03,1.258065e-03,1.225134e-03,1.172727e-03,1.002089e-03,9.101967e-04,8.396500e-04,7.271110e-04,1.248551e-03,1.189791e-03,1.272383e-03,1.230251e-03,1.212554e-03,1.151131e-03,6.158254e-04,5.117392e-04,1.306056e-03,1.263667e-03,1.138536e-03,1.240728e-03,1.191355e-03
3.400000e+02,1.234597e-03,1.185145e-03,1.228140e-03,1.177211e-03,1.232695e-03,1.182807e-03,1.236096e-03,1.186989e-03,1.238540e-03,1.189964e-03,1.113733e-03,1.055564e-03,1.297779e-03,1.254113e-03,1.220968e-03,1.168513e-03,9.968560e-04,9.051138e-04,8.338472e-04,7.216974e-04,1.244154e-03,1.185382e-03,1.268490e-03,1.226294e-03,1.208062e-03,1.146648e-03,6.105047e-04,5.069947e-04,1.302214e-03,1.259749e-03,1.134351e-03,1.236639e-03,1.187214e-03
3.405000e+02,1.230516e-03,1.181013e-03,1.224020e-03,1.173041e-03,1.228603e-03,1.178664e-03,1.232025e-03,1.182866e-03,1.234483e-03,1.185858e-03,1.109379e-03,1.051213e-03,1.293908e-03,1.250166e-03,1.216809e-03,1.164305e-03,9.916366e-04,9.000467e-04,8.280674e-04,7.163091e-04,1.239764e-03,1.180981e-03,1.264602e-03,1.222342e-03,1.203578e-03,1.142173e-03,6.052145e-04,5.022813e-04,1.298377e-03,1.255836e-03,1.130174e-03,1.232556e-03,1.183079e-03
3.410000e+02,1.226441e-03,1.176888e-03,1.219907e-03,1.168878e-03,1.224517e-03,1.174527e-03,1.227959e-03,1.178750e-03,1.230432e-03,1.181757e-03,1.105033e-03,1.046871e-03,1.290040e-03,1.246224e-03,1.212654e-03,1.160104e-03,9.864311e-04,8.949956e-04,8.223105e-04,7.109459e-04,1.235380e-03,1.176588e-03,1.260719e-03,1.218395e-03,1.199101e-03,1.137708e-03,5.999548e-04,4.975988e-04,1.294543e-03,1.251928e-03,1.126005e-03,1.228478e-03,1.178950e-03
3.415000e+02,1.222372e-03,1.172769e-03,1.215798e-03,1.164721e-03,1.220436e-03,1.170397e-03,1.223898e-03,1.174640e-03,1.226386e-03,1.177664e-03,1.100695e-03,1.042539e-03,1.286177e-03,1.242287e-03,1.208506e-03,1.155910e-03,9.812396e-04,8.899605e-04,8.165766e-04,7.056081e-04,1.231002e-03,1.172203e-03,1.256840e-03,1.214455e-03,1.194631e-03,1.133251e-03,5.947257e-04,4.929473e-04,1.290712e-03,1.248025e-03,1.121842e-03,1.224406e-03,1.174828e-03
3.420000e+02,1.218307e-03,1.168656e-03,1.211696e-03,1.160571e-03,1.216360e-03,1.166274e-03,1.219843e-03,1.170536e-03,1.222346e-03,1.173576e-03,1.096366e-03,1.038216e-03,1.282318e-03,1.238355e-03,1.204363e-03,1.151723e-03,9.760620e-04,8.849414e-04,8.108659e-04,7.002955e-04,1.226631e-03,1.167825e-03,1.252966e-03,1.210520e-03,1.190169e-03,1.128803e-03,5.895271e-04,4.883267e-04,1.286886e-03,1.244126e-03,1.117688e-03,1.220339e-03,1.170712e-03
3.425000e+02,1.214249e-03,1.164551e-03,1.207598e-03,1.156428e-03,1.212290e-03,1.162157e-03,1.215793e-03,1.166439e-03,1.218311e-03,1.169495e-03,1.092046e-03,1.033903e-03,1.278462e-03,1.234428e-03,1.200226e-03,1.147542e-03,9.708985e-04,8.799383e-04,8.051783e-04,6.950082e-04,1.222266e-03,1.163455e-03,1.249097e-03,1.206591e-03,1.185714e-03,1.124364e-03,5.843590e-04,4.837368e-04,1.283064e-03,1.240232e-03,1.113541e-03,1.216278e-03,1.166603e-03
3.430000e+02,1.210196e-03,1.160451e-03,1.203507e-03,1.152291e-03,1.208226e-03,1.158047e-03,1.211749e-03,1.162349e-03,1.214281e-03,1.165421e-03,1.087734e-03,1.029600e-03,1.274611e-03,1.230506e-03,1.196095e-03,1.143369e-03,9.657490e-04,8.749514e-04,7.995139e-04,6.897462e-04,1.217908e-03,1.159094e-03,1.245232e-03,1.202667e-03,1.181267e-03,1.119934e-03,5.792214e-04,4.791778e-04,1.279246e-03,1.236343e-03,1.109402e-03,1.212222e-03,1.162501e-03
3.435000e+02,1.206148e-03,1.156359e-03,1.199421e-03,1.148161e-03,1.204167e-03,1.153943e-03,1.207710e-03,1.158265e-03,1.210257e-03,1.161353e-03,1.083430e-03,1.025306e-03,1.270764e-03,1.226588e-03,1.191969e-03,1.139202e-03,9.606137e-04,8.699805e-04,7.938727e-04,6.845096e-04,1.213556e-03,1.154740e-03,1.241373e-03,1.198749e-03,1.176828e-03,1.115513e-03,5.741142e-04,4.746494e-04,1.275431e-03,1.232459e-03,1.105271e-03,1.208171e-03,1.158405e-03
3.440000e+02,1.202106e-03,1.152273e-03,1.195341e-03,1.144038e-03,1.200113e-03,1.149846e-03,1.203677e-03,1.154188e-03,1.206238e-03,1.157291e-03,1.079135e-03,1.021022e-03,1.266920e-03,1.222676e-03,1.187850e-03,1.135043e-03,9.554927e-04,8.650259e-04,7.882549e-04,6.792983e-04,1.209211e-03,1.150394e-03,1.237518e-03,1.194837e-03,1.172396e-03,1.111101e-03,5.690375e-04,4.701516e-04,1.271621e-03,1.228580e-03,1.101147e-03,1.204126e-03,1.154315e-03
3.445000e+02,1.198069e-03,1.148194e-03,1.191266e-03,1.139922e-03,1.196066e-03,1.145756e-03,1.199650e-03,1.150117e-03,1.202225e-03,1.153236e-03,1.074848e-03,1.016748e-03,1.263081e-03,1.218769e-03,1.183736e-03,1.130890e-03,9.503858e-04,8.600874e-04,7.826605e-04,6.741124e-04,1.204873e-03,1.146056e-03,1.233668e-03,1.190931e-03,1.167971e-03,1.106698e-03,5.639912e-04,4.656844e-04,1.267814e-03,1.224706e-03,1.097032e-03,1.200087e-03,1.150233e-03
3.450000e+02,1.194039e-03,1.144121e-03,1.187197e-03,1.135812e-03,1.192024e-03,1.141672e-03,1.195628e-03,1.146053e-03,1.198218e-03,1.149188e-03,1.070570e-03,1.012484e-03,1.259246e-03,1.214867e-03,1.179628e-03,1.126745e-03,9.452933e-04,8.551652e-04,7.770895e-04,6.689519e-04,1.200541e-03,1.141726e-03,1.229823e-03,1.187031e-03,1.163554e-03,1.102304e-03,5.589753e-04,4.612477e-04,1.264012e-03,1.220837e-03,1.092924e-03,1.196054e-03,1.146157e-03
3.455000e+02,1.190013e-03,1.140055e-03,1.183134e-03,1.131709e-03,1.187987e-03,1.137596e-03,1.191611e-03,1.141996e-03,1.194216e-03,1.145146e-03,1.066300e-03,1.008229e-03,1.255415e-03,1.210970e-03,1.175526e-03,1.122606e-03,9.402151e-04,8.502592e-04,7.715419e-04,6.638167e-04,1.196216e-03,1.137405e-03,1.225983e-03,1.183137e-03,1.159146e-03,1.097919e-03,5.539898e-04,4.568414e-04,1.260214e-03,1.216973e-03,1.088823e-03,1.192026e-03,1.142088e-03
3.460000e+02,1.185994e-03,1.135996e-03,1.179077e-03,1.127613e-03,1.183957e-03,1.133526e-03,1.187601e-03,1.137945e-03,1.190220e-03,1.141111e-03,1.062039e-03,1.003984e-03,1.251589e-03,1.207078e-03,1.171430e-03,1.118474e-03,9.351514e-04,8.453695e-04,7.660179e-04,6.587070e-04,1.191897e-03,1.133091e-03,1.222148e-03,1.179248e-03,1.154744e-03,1.093543e-03,5.490346e-04,4.524654e-04,1.256420e-03,1.213113e-03,1.084731e-03,1.188003e-03,1.138025e-03
3.465000e+02,1.181980e-03,1.131944e-03,1.175025e-03,1.123525e-03,1.179932e-03,1.129462e-03,1.183596e-03,1.133902e-03,1.186229e-03,1.137082e-03,1.057787e-03,9.997495e-04,1.247766e-03,1.203191e-03,1.167340e-03,1.114350e-03,9.301021e-04,8.404962e-04,7.605175e-04,6.536227e-04,1.187585e-03,1.128786e-03,1.218318e-03,1.175366e-03,1.150351e-03,1.089177e-03,5.441097e-04,4.481197e-04,1.252630e-03,1.209259e-03,1.080647e-03,1.183987e-03,1.133969e-03
3.470000e+02,1.177972e-03,1.127898e-03,1.170980e-03,1.119442e-03,1.175912e-03,1.125406e-03,1.179596e-03,1.129865e-03,1.182245e-03,1.133061e-03,1.053543e-03,9.955243e-04,1.243948e-03,1.199310e-03,1.163255e-03,1.110232e-03,9.250673e-04,8.356393e-04,7.550407e-04,6.485638e-04,1.183280e-03,1.124489e-03,1.214492e-03,1.171489e-03,1.145965e-03,1.084819e-03,5.392151e-04,4.438042e-04,1.248844e-03,1.205410e-03,1.076570e-03,1.179976e-03,1.129920e-03
3.475000e+02,1.173970e-03,1.123859e-03,1.166940e-03,1.115367e-03,1.171899e-03,1.121356e-03,1.175603e-03,1.125834e-03,1.178265e-03,1.129045e-03,1.049308e-03,9.913090e-04,1.240134e-03,1.195434e-03,1.159177e-03,1.106122e-03,9.200470e-04,8.307987e-04,7.495875e-04,6.435304e-04,1.178982e-03,1.120200e-03,1.210672e-03,1.167618e-03,1.141588e-03,1.080471e-03,5.343507e-04,4.395188e-04,1.245063e-03,1.201566e-03,1.072501e-03,1.175971e-03,1.125878e-03
3.480000e+02,1.169973e-03,1.119828e-03,1.162906e-03,1.111299e-03,1.167892e-03,1.117314e-03,1.171615e-03,1.121811e-03,1.174292e-03,1.125037e-03,1.045082e-03,9.871035e-04,1.236324e-03,1.191563e-03,1.155105e-03,1.102019e-03,9.150414e-04,8.259746e-04,7.441581e-04,6.385224e-04,1.174691e-03,1.115919e-03,1.206857e-03,1.163754e-03,1.137218e-03,1.076132e-03,5.295166e-04,4.352634e-04,1.241286e-03,1.197727e-03,1.068440e-03,1.171971e-03,1.121843e-03
3.485000e+02,1.165983e-03,1.115803e-03,1.158878e-03,1.107238e-03,1.163890e-03,1.113278e-03,1.167633e-03,1.117795e-03,1.170324e-03,1.121035e-03,1.040865e-03,9.829080e-04,1.232519e-03,1.187697e-03,1.151039e-03,1.097923e-03,9.100504e-04,8.211669e-04,7.387524e-04,6.335398e-04,1.170407e-03,1.111646e-03,1.203047e-03,1.159895e-03,1.132856e-03,1.071803e-03,5.247126e-04,4.310380e-04,1.237513e-03,1.193894e-03,1.064387e-03,1.167978e-03,1.117814e-03
3.490000e+02,1.161998e-03,1.111784e-03,1.154856e-03,1.103184e-03,1.159894e-03,1.109249e-03,1.163657e-03,1.113785e-03,1.166362e-03,1.117040e-03,1.036656e-03,9.787223e-04,1.228718e-03,1.183836e-03,1.146979e-03,1.093834e-03,9.050741e-04,8.163757e-04,7.333705e-04,6.285826e-04,1.166130e-03,1.107382e-03,1.199242e-03,1.156042e-03,1.128503e-03,1.067483e-03,5.199387e-04,4.268424e-04,1.233744e-03,1.190065e-03,1.060343e-03,1.163990e-03,1.113793e-03
3.495000e+02,1.158019e-03,1.107773e-03,1.150840e-03,1.099137e-03,1.155904e-03,1.105227e-03,1.159687e-03,1.109782e-03,1.162406e-03,1.113052e-03,1.032456e-03,9.745467e-04,1.224921e-03,1.179981e-03,1.142926e-03,1.089753e-03,9.001126e-04,8.116011e-04,7.280124e-04,6.236509e-04,1.161860e-03,1.103126e-03,1.195442e-03,1.152196e-03,1.124157e-03,1.063172e-03,5.151950e-04,4.226767e-04,1.229979e-03,1.186242e-03,1.056306e-03,1.160008e-03,1.109778e-03
3.500000e+02,1.154046e-03,1.103769e-03,1.146830e-03,1.095097e-03,1.151920e-03,1.101213e-03,1.155722e-03,1.105786e-03,1.158456e-03,1.109071e-03,1.028265e-03,9.703809e-04,1.221129e-03,1.176131e-03,1.138878e-03,1.085679e-03,8.951658e-04,8.068429e-04,7.226782e-04,6.187447e-04,1.157597e-03,1.098879e-03,1.191647e-03,1.148355e-03,1.119819e-03,1.058870e-03,5.104813e-04,4.185407e-04,1.226219e-03,1.182424e-03,1.052277e-03,1.156032e-03,1.105770e-03
3.505000e+02,1.150079e-03,1.099772e-03,1.142826e-03,1.091064e-03,1.147942e-03,1.097205e-03,1.151764e-03,1.101797e-03,1.154512e-03,1.105097e-03,1.024083e-03,9.662252e-04,1.217341e-03,1.172287e-03,1.134837e-03,1.081612e-03,8.902339e-04,8.021014e-04,7.173679e-04,6.138638e-04,1.153341e-03,1.094640e-03,1.187858e-03,1.144521e-03,1.115490e-03,1.054578e-03,5.057976e-04,4.144343e-04,1.222463e-03,1.178611e-03,1.048256e-03,1.152062e-03,1.101770e-03
3.510000e+02,1.146117e-03,1.095781e-03,1.138828e-03,1.087038e-03,1.143970e-03,1.093204e-03,1.147811e-03,1.097815e-03,1.150573e-03,1.101129e-03,1.019909e-03,9.620794e-04,1.213557e-03,1.168448e-03,1.130802e-03,1.077552e-03,8.853168e-04,7.973764e-04,7.120815e-04,6.090084e-04,1.149092e-03,1.090410e-03,1.184074e-03,1.140692e-03,1.111169e-03,1.050296e-03,5.011439e-04,4.103574e-04,1.218712e-03,1.174803e-03,1.044243e-03,1.148098e-03,1.097776e-03
3.515000e+02,1.142162e-03,1.091798e-03,1.134836e-03,1.083019e-03,1.140004e-03,1.089210e-03,1.143865e-03,1.093840e-03,1.146641e-03,1.097168e-03,1.015745e-03,9.579436e-04,1.209778e-03,1.164614e-03,1.126773e-03,1.073500e-03,8.804146e-04,7.926681e-04,7.068191e-04,6.041785e-04,1.144851e-03,1.086187e-03,1.180294e-03,1.136870e-03,1.106856e-03,1.046023e-03,4.965201e-04,4.063100e-04,1.214965e-03,1.171001e-03,1.040238e-03,1.144139e-03,1.093789e-03
3.520000e+02,1.138213e-03,1.087822e-03,1.130850e-03,1.079007e-03,1.136044e-03,1.085223e-03,1.139924e-03,1.089872e-03,1.142714e-03,1.093214e-03,1.011589e-03,9.538179e-04,1.206004e-03,1.160786e-03,1.122750e-03,1.069455e-03,8.755274e-04,7.879764e-04,7.015807e-04,5.993740e-04,1.140616e-03,1.081974e-03,1.176520e-03,1.133054e-03,1.102551e-03,1.041759e-03,4.919261e-04,4.022920e-04,1.211222e-03,1.167204e-03,1.036241e-03,1.140187e-03,1.089809e-03
3.525000e+02,1.134270e-03,1.083852e-03,1.126870e-03,1.075003e-03,1.132090e-03,1.081244e-03,1.135989e-03,1.085911e-03,1.138793e-03,1.089268e-03,1.007443e-03,9.497022e-04,1.202234e-03,1.156963e-03,1.118734e-03,1.065417e-03,8.706553e-04,7.833014e-04,6.963664e-04,5.945948e-04,1.136389e-03,1.077769e-03,1.172752e-03,1.129244e-03,1.098254e-03,1.037505e-03,4.873620e-04,3.983033e-04,1.207484e-03,1.163413e-03,1.032253e-03,1.136241e-03,1.085836e-03
3.530000e+02,1.130333e-03,1.079890e-03,1.122897e-03,1.071006e-03,1.128142e-03,1.077271e-03,1.132061e-03,1.081957e-03,1.134879e-03,1.085328e-03,1.003305e-03,9.455966e-04,1.198468e-03,1.153145e-03,1.114724e-03,1.061387e-03,8.657981e-04,7.786431e-04,6.911760e-04,5.898411e-04,1.132170e-03,1.073572e-03,1.168988e-03,1.125440e-03,1.093966e-03,1.033260e-03,4.828277e-04,3.943437e-04,1.203750e-03,1.159627e-03,1.028272e-03,1.132301e-03,1.081871e-03
3.535000e+02,1.126402e-03,1.075935e-03,1.118930e-03,1.067016e-03,1.124200e-03,1.073306e-03,1.128138e-03,1.078011e-03,1.130970e-03,1.081395e-03,9.991763e-04,9.415011e-04,1.194707e-03,1.149334e-03,1.110720e-03,1.057364e-03,8.609560e-04,7.740015e-04,6.860098e-04,5.851128e-04,1.127957e-03,1.069385e-03,1.165230e-03,1.121642e-03,1.089686e-03,1.029025e-03,4.783231e-04,3.904132e-04,1.200021e-03,1.155846e-03,1.024300e-03,1.128367e-03,1.077912e-03
3.540000e+02,1.122477e-03,1.071987e-03,1.114968e-03,1.063033e-03,1.120265e-03,1.069347e-03,1.124222e-03,1.074071e-03,1.127068e-03,1.077469e-03,9.950567e-04,9.374157e-04,1.190951e-03,1.145527e-03,1.106723e-03,1.053349e-03,8.561291e-04,7.693767e-04,6.808677e-04,5.804099e-04,1.123752e-03,1.065205e-03,1.161477e-03,1.117851e-03,1.085414e-03,1.024800e-03,4.738481e-04,3.865118e-04,1.196296e-03,1.152071e-03,1.020335e-03,1.124439e-03,1.073961e-03
3.545000e+02,1.118558e-03,1.068047e-03,1.111014e-03,1.059058e-03,1.116335e-03,1.065396e-03,1.120311e-03,1.070138e-03,1.123171e-03,1.073550e-03,9.909460e-04,9.333404e-04,1.187199e-03,1.141726e-03,1.102732e-03,1.049341e-03,8.513173e-04,7.647686e-04,6.757497e-04,5.757324e-04,1.119554e-03,1.061035e-03,1.157730e-03,1.114066e-03,1.081151e-03,1.020584e-03,4.694028e-04,3.826393e-04,1.192576e-03,1.148301e-03,1.016379e-03,1.120517e-03,1.070016e-03
3.550000e+02,1.114645e-03,1.064113e-03,1.107065e-03,1.055089e-03,1.112412e-03,1.061453e-03,1.116407e-03,1.066213e-03,1.119281e-03,1.069639e-03,9.868445e-04,9.292752e-04,1.183452e-03,1.137931e-03,1.098748e-03,1.045340e-03,8.465207e-04,7.601773e-04,6.706559e-04,5.710802e-04,1.115364e-03,1.056873e-03,1.153988e-03,1.110287e-03,1.076897e-03,1.016378e-03,4.649870e-04,3.787955e-04,1.188861e-03,1.144536e-03,1.012431e-03,1.116601e-03,1.066079e-03
3.555000e+02,1.110739e-03,1.060187e-03,1.103123e-03,1.051129e-03,1.108495e-03,1.057516e-03,1.112509e-03,1.062295e-03,1.115396e-03,1.065734e-03,9.827519e-04,9.252202e-04,1.179710e-03,1.134141e-03,1.094770e-03,1.041347e-03,8.417394e-04,7.556029e-04,6.655863e-04,5.664534e-04,1.111182e-03,1.052720e-03,1.150251e-03,1.106514e-03,1.072650e-03,1.012182e-03,4.606007e-04,3.749805e-04,1.185150e-03,1.140778e-03,1.008492e-03,1.112692e-03,1.062149e-03
3.560000e+02,1.106839e-03,1.056267e-03,1.099187e-03,1.047175e-03,1.104584e-03,1.053586e-03,1.108617e-03,1.058383e-03,1.111518e-03,1.061836e-03,9.786686e-04,9.211754e-04,1.175972e-03,1.130357e-03,1.090798e-03,1.037362e-03,8.369733e-04,7.510452e-04,6.605409e-04,5.618519e-04,1.107006e-03,1.048575e-03,1.146520e-03,1.102748e-03,1.068413e-03,1.007995e-03,4.562439e-04,3.711942e-04,1.181443e-03,1.137024e-03,1.004560e-03,1.108788e-03,1.058226e-03
3.565000e+02,1.102945e-03,1.052355e-03,1.095257e-03,1.043229e-03,1.100679e-03,1.049664e-03,1.104732e-03,1.054479e-03,1.107646e-03,1.057946e-03,9.745943e-04,9.171407e-04,1.172239e-03,1.126579e-03,1.086833e-03,1.033384e-03,8.322225e-04,7.465044e-04,6.555197e-04,5.572757e-04,1.102839e-03,1.044440e-03,1.142794e-03,1.098988e-03,1.064184e-03,1.003818e-03,4.519164e-04,3.674363e-04,1.177742e-03,1.133277e-03,1.000637e-03,1.104891e-03,1.054311e-03
3.570000e+02,1.099057e-03,1.048451e-03,1.091334e-03,1.039290e-03,1.096781e-03,1.045749e-03,1.100852e-03,1.050583e-03,1.103781e-03,1.054063e-03,9.705291e-04,9.131163e-04,1.168511e-03,1.122806e-03,1.082875e-03,1.029414e-03,8.274871e-04,7.419804e-04,6.505227e-04,5.527248e-04,1.098679e-03,1.040313e-03,1.139074e-03,1.095234e-03,1.059963e-03,9.996506e-04,4.476182e-04,3.637069e-04,1.174045e-03,1.129534e-03,9.967222e-04,1.101000e-03,1.050402e-03
3.575000e+02,1.095175e-03,1.044553e-03,1.087417e-03,1.035359e-03,1.092889e-03,1.041842e-03,1.096979e-03,1.046693e-03,1.099921e-03,1.050187e-03,9.664732e-04,9.091020e-04,1.164787e-03,1.119039e-03,1.078923e-03,1.025451e-03,8.227671e-04,7.374734e-04,6.455500e-04,5.481992e-04,1.094526e-03,1.036195e-03,1.135359e-03,1.091487e-03,1.055751e-03,9.954931e-04,4.433493e-04,3.600058e-04,1.170352e-03,1.125798e-03,9.928155e-04,1.097116e-03,1.046501e-03
3.580000e+02,1.091300e-03,1.040663e-03,1.083506e-03,1.031435e-03,1.089004e-03,1.037942e-03,1.093112e-03,1.042811e-03,1.096068e-03,1.046318e-03,9.624264e-04,9.050980e-04,1.161068e-03,1.115277e-03,1.074978e-03,1.021496e-03,8.180624e-04,7.329832e-04,6.406016e-04,5.436988e-04,1.090382e-03,1.032086e-03,1.131649e-03,1.087746e-03,1.051548e-03,9.913455e-04,4.391096e-04,3.563330e-04,1.166665e-03,1.122067e-03,9.889171e-04,1.093237e-03,1.042607e-03
3.585000e+02,1.087431e-03,1.036780e-03,1.079602e-03,1.027518e-03,1.085124e-03,1.034049e-03,1.089252e-03,1.038936e-03,1.092221e-03,1.042456e-03,9.583888e-04,9.011043e-04,1.157355e-03,1.111522e-03,1.071039e-03,1.017549e-03,8.133733e-04,7.285099e-04,6.356774e-04,5.392237e-04,1.086245e-03,1.027985e-03,1.127945e-03,1.084012e-03,1.047354e-03,9.872077e-04,4.348989e-04,3.526882e-04,1.162982e-03,1.118341e-03,9.850271e-04,1.089365e-03,1.038721e-03
3.590000e+02,1.083569e-03,1.032905e-03,1.075704e-03,1.023609e-03,1.081251e-03,1.030163e-03,1.085397e-03,1.035069e-03,1.088380e-03,1.038601e-03,9.543605e-04,8.971208e-04,1.153645e-03,1.107772e-03,1.067107e-03,1.013609e-03,8.086996e-04,7.240536e-04,6.307775e-04,5.347738e-04,1.082116e-03,1.023894e-03,1.124247e-03,1.080284e-03,1.043168e-03,9.830797e-04,4.307174e-04,3.490715e-04,1.159304e-03,1.114622e-03,9.811453e-04,1.085500e-03,1.034842e-03
3.595000e+02,1.079713e-03,1.029037e-03,1.071813e-03,1.019707e-03,1.077385e-03,1.026285e-03,1.081549e-03,1.031208e-03,1.084546e-03,1.034754e-03,9.503414e-04,8.931476e-04,1.149941e-03,1.104027e-03,1.063182e-03,1.009677e-03,8.040414e-04,7.196142e-04,6.259020e-04,5.303491e-04,1.077994e-03,1.019811e-03,1.120554e-03,1.076562e-03,1.038991e-03,9.789615e-04,4.265648e-04,3.454827e-04,1.155630e-03,1.110908e-03,9.772720e-04,1.081640e-03,1.030970e-03
3.600000e+02,1.075863e-03,1.025176e-03,1.067929e-03,1.015813e-03,1.073525e-03,1.022415e-03,1.077708e-03,1.027355e-03,1.080717e-03,1.030914e-03,9.463316e-04,8.891847e-04,1.146242e-03,1.100289e-03,1.059263e-03,1.005753e-03,7.993988e-04,7.151918e-04,6.210508e-04,5.259495e-04,1.073880e-03,1.015738e-03,1.116867e-03,1.072847e-03,1.034822e-03,9.748533e-04,4.224411e-04,3.419218e-04,1.151962e-03,1.107199e-03,9.734069e-04,1.077787e-03,1.027106e-03
3.605000e+02,1.072020e-03,1.021322e-03,1.064051e-03,1.011927e-03,1.069671e-03,1.018551e-03,1.073873e-03,1.023510e-03,1.076896e-03,1.027082e-03,9.423311e-04,8.852321e-04,1.142547e-03,1.096556e-03,1.055351e-03,1.001836e-03,7.947717e-04,7.107864e-04,6.162239e-04,5.215751e-04,1.069775e-03,1.011673e-03,1.113186e-03,1.069138e-03,1.030663e-03,9.707550e-04,4.183462e-04,3.383885e-04,1.148298e-03,1.103497e-03,9.695503e-04,1.073941e-03,1.023248e-03
3.610000e+02,1.068183e-03,1.017476e-03,1.060179e-03,1.008048e-03,1.065824e-03,1.014696e-03,1.070044e-03,1.019672e-03,1.073080e-03,1.023256e-03,9.383399e-04,8.812898e-04,1.138858e-03,1.092829e-03,1.051446e-03,9.979273e-04,7.901603e-04,7.063979e-04,6.114213e-04,5.172258e-04,1.065677e-03,1.007618e-03,1.109510e-03,1.065436e-03,1.026512e-03,9.666666e-04,4.142801e-04,3.348829e-04,1.144639e-03,1.099800e-03,9.657021e-04,1.070101e-03,1.019399e-03
3.615000e+02,1.064353e-03,1.013638e-03,1.056314e-03,1.004176e-03,1.061984e-03,1.010847e-03,1.066222e-03,1.015841e-03,1.069271e-03,1.019439e-03,9.343580e-04,8.773578e-04,1.135173e-03,1.089108e-03,1.047548e-03,9.940263e-04,7.855645e-04,7.020264e-04,6.066430e-04,5.129015e-04,1.061587e-03,1.003571e-03,1.105839e-03,1.061740e-03,1.022371e-03,9.625882e-04,4.102427e-04,3.314047e-04,1.140985e-03,1.096109e-03,9.618622e-04,1.066267e-03,1.015557e-03
3.620000e+02,1.060529e-03,1.009807e-03,1.052456e-03,1.000312e-03,1.058149e-03,1.007007e-03,1.062406e-03,1.012018e-03,1.065469e-03,1.015628e-03,9.303855e-04,8.734362e-04,1.131494e-03,1.085393e-03,1.043656e-03,9.901330e-04,7.809843e-04,6.976720e-04,6.018891e-04,5.086023e-04,1.057504e-03,9.995335e-04,1.102175e-03,1.058051e-03,1.018238e-03,9.585197e-04,4.062339e-04,3.279540e-04,1.137336e-03,1.092423e-03,9.580308e-04,1.062440e-03,1.011722e-03
3.625000e+02,1.056711e-03,1.005983e-03,1.048604e-03,9.964559e-04,1.054322e-03,1.003173e-03,1.058597e-03,1.008202e-03,1.061673e-03,1.011825e-03,9.264223e-04,8.695250e-04,1.127819e-03,1.081684e-03,1.039771e-03,9.862475e-04,7.764199e-04,6.933346e-04,5.971596e-04,5.043282e-04,1.053430e-03,9.955050e-04,1.098516e-03,1.054368e-03,1.014114e-03,9.544612e-04,4.022536e-04,3.245305e-04,1.133692e-03,1.088744e-03,9.542079e-04,1.058620e-03,1.007894e-03
3.630000e+02,1.052901e-03,1.002167e-03,1.044759e-03,9.926073e-04,1.050501e-03,9.993475e-04,1.054794e-03,1.004393e-03,1.057883e-03,1.008029e-03,9.224685e-04,8.656241e-04,1.124149e-03,1.077981e-03,1.035893e-03,9.823698e-04,7.718711e-04,6.890142e-04,5.924544e-04,5.000790e-04,1.049364e-03,9.914857e-04,1.094862e-03,1.050692e-03,1.009999e-03,9.504128e-04,3.983018e-04,3.211342e-04,1.130053e-03,1.085070e-03,9.503934e-04,1.054805e-03,1.004075e-03
3.635000e+02,1.049096e-03,9.983586e-04,1.040921e-03,9.887662e-04,1.046687e-03,9.955293e-04,1.050998e-03,1.000593e-03,1.054100e-03,1.004241e-03,9.185242e-04,8.617336e-04,1.120485e-03,1.074283e-03,1.032022e-03,9.785000e-04,7.673382e-04,6.847108e-04,5.877735e-04,4.958547e-04,1.045306e-03,9.874754e-04,1.091215e-03,1.047022e-03,1.005893e-03,9.463743e-04,3.943783e-04,3.177649e-04,1.126418e-03,1.081402e-03,9.465874e-04,1.050998e-03,1.000262e-03
3.640000e+02,1.045299e-03,9.945575e-04,1.037089e-03,9.849329e-04,1.042879e-03,9.917186e-04,1.047208e-03,9.967991e-04,1.050324e-03,1.000460e-03,9.145892e-04,8.578535e-04,1.116825e-03,1.070592e-03,1.028158e-03,9.746381e-04,7.628210e-04,6.804245e-04,5.831170e-04,4.916554e-04,1.041256e-03,9.834743e-04,1.087573e-03,1.043359e-03,1.001796e-03,9.423460e-04,3.904832e-04,3.144226e-04,1.122789e-03,1.077740e-03,9.427899e-04,1.047197e-03,9.964574e-04
3.645000e+02,1.041508e-03,9.907641e-04,1.033264e-03,9.811072e-04,1.039078e-03,9.879156e-04,1.043425e-03,9.930132e-04,1.046554e-03,9.966867e-04,9.106637e-04,8.539839e-04,1.113171e-03,1.066906e-03,1.024300e-03,9.707840e-04,7.583196e-04,6.761553e-04,5.784848e-04,4.874809e-04,1.037214e-03,9.794823e-04,1.083937e-03,1.039703e-03,9.977082e-04,9.383277e-04,3.866163e-04,3.111072e-04,1.119165e-03,1.074084e-03,9.390008e-04,1.043403e-03,9.926602e-04
3.650000e+02,1.037723e-03,9.869781e-04,1.029446e-03,9.772892e-04,1.035283e-03,9.841201e-04,1.039649e-03,9.892349e-04,1.042790e-03,9.929208e-04,9.067477e-04,8.501246e-04,1.109522e-03,1.063227e-03,1.020450e-03,9.669379e-04,7.538340e-04,6.719031e-04,5.738770e-04,4.833313e-04,1.033180e-03,9.754996e-04,1.080307e-03,1.036053e-03,9.936295e-04,9.343194e-04,3.827775e-04,3.078184e-04,1.115546e-03,1.070434e-03,9.352203e-04,1.039615e-03,9.888705e-04
3.655000e+02,1.033945e-03,9.831998e-04,1.025634e-03,9.734790e-04,1.031496e-03,9.803323e-04,1.035879e-03,9.854641e-04,1.039033e-03,9.891625e-04,9.028412e-04,8.462758e-04,1.105877e-03,1.059553e-03,1.016607e-03,9.630997e-04,7.493643e-04,6.676680e-04,5.692935e-04,4.792064e-04,1.029154e-03,9.715260e-04,1.076682e-03,1.032410e-03,9.895598e-04,9.303213e-04,3.789667e-04,3.045563e-04,1.111931e-03,1.066789e-03,9.314484e-04,1.035834e-03,9.850883e-04
3.660000e+02,1.030174e-03,9.794291e-04,1.021830e-03,9.696765e-04,1.027715e-03,9.765521e-04,1.032115e-03,9.817009e-04,1.035283e-03,9.854117e-04,8.989441e-04,8.424374e-04,1.102238e-03,1.055886e-03,1.012770e-03,9.592694e-04,7.449105e-04,6.634500e-04,5.647343e-04,4.751064e-04,1.025137e-03,9.675616e-04,1.073064e-03,1.028774e-03,9.854992e-04,9.263333e-04,3.751839e-04,3.013207e-04,1.108322e-03,1.063151e-03,9.276849e-04,1.032059e-03,9.813138e-04
3.665000e+02,1.026410e-03,9.756660e-04,1.018032e-03,9.658817e-04,1.023940e-03,9.727796e-04,1.028359e-03,9.779453e-04,1.031539e-03,9.816684e-04,8.950566e-04,8.386095e-04,1.098605e-03,1.052224e-03,1.008941e-03,9.554471e-04,7.404725e-04,6.592491e-04,5.601995e-04,4.710310e-04,1.021128e-03,9.636065e-04,1.069451e-03,1.025144e-03,9.814478e-04,9.223555e-04,3.714290e-04,2.981114e-04,1.104718e-03,1.059519e-03,9.239301e-04,1.028292e-03,9.775469e-04
3.670000e+02,1.022652e-03,9.719105e-04,1.014241e-03,9.620947e-04,1.020173e-03,9.690148e-04,1.024609e-03,9.741973e-04,1.027803e-03,9.779327e-04,8.911785e-04,8.347921e-04,1.094976e-03,1.048569e-03,1.005118e-03,9.516328e-04,7.360505e-04,6.550653e-04,5.556889e-04,4.669804e-04,1.017126e-03,9.596607e-04,1.065844e-03,1.021521e-03,9.774055e-04,9.183878e-04,3.677018e-04,2.949285e-04,1.101119e-03,1.055892e-03,9.201838e-04,1.024531e-03,9.737876e-04
3.675000e+02,1.018901e-03,9.681628e-04,1.010457e-03,9.583155e-04,1.016412e-03,9.652577e-04,1.020866e-03,9.704569e-04,1.024072e-03,9.742046e-04,8.873101e-04,8.309851e-04,1.091353e-03,1.044920e-03,1.001303e-03,9.478265e-04,7.316445e-04,6.508985e-04,5.512027e-04,4.629543e-04,1.013134e-03,9.557241e-04,1.062243e-03,1.017905e-03,9.733725e-04,9.144302e-04,3.640023e-04,2.917716e-04,1.097526e-03,1.052272e-03,9.164461e-04,1.020776e-03,9.700360e-04
3.680000e+02,1.015157e-03,9.644226e-04,1.006679e-03,9.545441e-04,1.012658e-03,9.615083e-04,1.017130e-03,9.667242e-04,1.020349e-03,9.704841e-04,8.834512e-04,8.271886e-04,1.087734e-03,1.041277e-03,9.974943e-04,9.440282e-04,7.272544e-04,6.467489e-04,5.467408e-04,4.589529e-04,1.009149e-03,9.517968e-04,1.058648e-03,1.014295e-03,9.693487e-04,9.104829e-04,3.603305e-04,2.886408e-04,1.093937e-03,1.048657e-03,9.127170e-04,1.017029e-03,9.662921e-04
3.685000e+02,1.011420e-03,9.606902e-04,1.002909e-03,9.507806e-04,1.008911e-03,9.577666e-04,1.013400e-03,9.629992e-04,1.016632e-03,9.667712e-04,8.796019e-04,8.234027e-04,1.084121e-03,1.037639e-03,9.936930e-04,9.402380e-04,7.228802e-04,6.426164e-04,5.423031e-04,4.549760e-04,1.005173e-03,9.478789e-04,1.055059e-03,1.010693e-03,9.653342e-04,9.065458e-04,3.566862e-04,2.855359e-04,1.090354e-03,1.045049e-03,9.089965e-04,1.013288e-03,9.625558e-04
3.690000e+02,1.007689e-03,9.569655e-04,9.991456e-04,9.470249e-04,1.005170e-03,9.540327e-04,1.009677e-03,9.592818e-04,1.012922e-03,9.630660e-04,8.757621e-04,8.196272e-04,1.080514e-03,1.034009e-03,9.898989e-04,9.364558e-04,7.185221e-04,6.385010e-04,5.378897e-04,4.510236e-04,1.001205e-03,9.439702e-04,1.051475e-03,1.007096e-03,9.613289e-04,9.026188e-04,3.530692e-04,2.824569e-04,1.086776e-03,1.041446e-03,9.052847e-04,1.009554e-03,9.588272e-04
3.695000e+02,1.003965e-03,9.532486e-04,9.953891e-04,9.432770e-04,1.001437e-03,9.503065e-04,1.005961e-03,9.555722e-04,1.009218e-03,9.593684e-04,8.719320e-04,8.158623e-04,1.076911e-03,1.030384e-03,9.861118e-04,9.326816e-04,7.141801e-04,6.344027e-04,5.335005e-04,4.470957e-04,9.972457e-04,9.400710e-04,1.047898e-03,1.003507e-03,9.573330e-04,8.987022e-04,3.494797e-04,2.794034e-04,1.083203e-03,1.037850e-03,9.015815e-04,1.005827e-03,9.551064e-04
3.700000e+02,1.000248e-03,9.495393e-04,9.916395e-04,9.395371e-04,9.977103e-04,9.465881e-04,1.002252e-03,9.518702e-04,1.005522e-03,9.556785e-04,8.681116e-04,8.121079e-04,1.073314e-03,1.026765e-03,9.823319e-04,9.289156e-04,7.098540e-04,6.303215e-04,5.291356e-04,4.431922e-04,9.932946e-04,9.361811e-04,1.044327e-03,9.999246e-04,9.533464e-04,8.947957e-04,3.459173e-04,2.763756e-04,1.079635e-03,1.034260e-03,8.978869e-04,1.002106e-03,9.513933e-04
3.705000e+02,9.965384e-04,9.458379e-04,9.878969e-04,9.358050e-04,9.939906e-04,9.428776e-04,9.985493e-04,9.481760e-04,1.001832e-03,9.519962e-04,8.643007e-04,8.083640e-04,1.069723e-03,1.023153e-03,9.785592e-04,9.251577e-04,7.055440e-04,6.262575e-04,5.247949e-04,4.393131e-04,9.893520e-04,9.323006e-04,1.040762e-03,9.963489e-04,9.493691e-04,8.908995e-04,3.423821e-04,2.733732e-04,1.076072e-03,1.030676e-03,8.942011e-04,9.983929e-04,9.476880e-04
3.710000e+02,9.928352e-04,9.421442e-04,9.841613e-04,9.320809e-04,9.902778e-04,9.391748e-04,9.948538e-04,9.444896e-04,9.981487e-04,9.483217e-04,8.604995e-04,8.046307e-04,1.066136e-03,1.019547e-03,9.747936e-04,9.214079e-04,7.012501e-04,6.222105e-04,5.204784e-04,4.354582e-04,9.854178e-04,9.284295e-04,1.037202e-03,9.927800e-04,9.454012e-04,8.870136e-04,3.388739e-04,2.703961e-04,1.072515e-03,1.027098e-03,8.905239e-04,9.946862e-04,9.439904e-04
3.715000e+02,9.891389e-04,9.384583e-04,9.804328e-04,9.283646e-04,9.865719e-04,9.354799e-04,9.911651e-04,9.408109e-04,9.944725e-04,9.446549e-04,8.567080e-04,8.009079e-04,1.062556e-03,1.015947e-03,9.710353e-04,9.176662e-04,6.969724e-04,6.181807e-04,5.161860e-04,4.316276e-04,9.814921e-04,9.245679e-04,1.033649e-03,9.892180e-04,9.414427e-04,8.831380e-04,3.353927e-04,2.674442e-04,1.068964e-03,1.023526e-03,8.868554e-04,9.909865e-04,9.403006e-04
3.720000e+02,9.854496e-04,9.347803e-04,9.767113e-04,9.246564e-04,9.828731e-04,9.317929e-04,9.874833e-04,9.371400e-04,9.908032e-04,9.409959e-04,8.529262e-04,7.971957e-04,1.058980e-03,1.012353e-03,9.672842e-04,9.139327e-04,6.927107e-04,6.141680e-04,5.119179e-04,4.278213e-04,9.775750e-04,9.207157e-04,1.030102e-03,9.856628e-04,9.374936e-04,8.792727e-04,3.319384e-04,2.645174e-04,1.065417e-03,1.019960e-03,8.831956e-04,9.872937e-04,9.366187e-04
3.725000e+02,9.817672e-04,9.311100e-04,9.729968e-04,9.209560e-04,9.791811e-04,9.281137e-04,9.838084e-04,9.334769e-04,9.871408e-04,9.373445e-04,8.491541e-04,7.934941e-04,1.055410e-03,1.008766e-03,9.635404e-04,9.102074e-04,6.884651e-04,6.101724e-04,5.076738e-04,4.240391e-04,9.736663e-04,9.168730e-04,1.026561e-03,9.821144e-04,9.335540e-04,8.754177e-04,3.285107e-04,2.616155e-04,1.061876e-03,1.016401e-03,8.795445e-04,9.836078e-04,9.329445e-04
3.730000e+02,9.780917e-04,9.274477e-04,9.692894e-04,9.172637e-04,9.754962e-04,9.244424e-04,9.801405e-04,9.298216e-04,9.834852e-04,9.337010e-04,8.453917e-04,7.898030e-04,1.051845e-03,1.005185e-03,9.598038e-04,9.064903e-04,6.842357e-04,6.061939e-04,5.034539e-04,4.202810e-04,9.697662e-04,9.130397e-04,1.023026e-03,9.785730e-04,9.296238e-04,8.715731e-04,3.251098e-04,2.587385e-04,1.058340e-03,1.012848e-03,8.759021e-04,9.799289e-04,9.292782e-04
3.735000e+02,9.744233e-04,9.237931e-04,9.655892e-04,9.135794e-04,9.718183e-04,9.207790e-04,9.764796e-04,9.261741e-04,9.798366e-04,9.300652e-04,8.416390e-04,7.861226e-04,1.048286e-03,1.001610e-03,9.560746e-04,9.027814e-04,6.800225e-04,6.022325e-04,4.992581e-04,4.165469e-04,9.658747e-04,9.092159e-04,1.019497e-03,9.750384e-04,9.257031e-04,8.677387e-04,3.217354e-04,2.558861e-04,1.054810e-03,1.009301e-03,8.722685e-04,9.762569e-04,9.256197e-04
3.740000e+02,9.707618e-04,9.201465e-04,9.618960e-04,9.099031e-04,9.681475e-04,9.171235e-04,9.728256e-04,9.225345e-04,9.761949e-04,9.264373e-04,8.378961e-04,7.824527e-04,1.044733e-03,9.980413e-04,9.523526e-04,8.990807e-04,6.758254e-04,5.982883e-04,4.950863e-04,4.128368e-04,9.619918e-04,9.054017e-04,1.015974e-03,9.715108e-04,9.217920e-04,8.639147e-04,3.183874e-04,2.530584e-04,1.051285e-03,1.005760e-03,8.686437e-04,9.725920e-04,9.219691e-04
3.745000e+02,9.671074e-04,9.165077e-04,9.582100e-04,9.062348e-04,9.644837e-04,9.134759e-04,9.691786e-04,9.189028e-04,9.725602e-04,9.228171e-04,8.341630e-04,7.787934e-04,1.041184e-03,9.944792e-04,9.486380e-04,8.953882e-04,6.716445e-04,5.943611e-04,4.909385e-04,4.091507e-04,9.581175e-04,9.015970e-04,1.012457e-03,9.679901e-04,9.178903e-04,8.601011e-04,3.150658e-04,2.502551e-04,1.047765e-03,1.002225e-03,8.650276e-04,9.689340e-04,9.183264e-04
3.750000e+02,9.634600e-04,9.128769e-04,9.545312e-04,9.025745e-04,9.608269e-04,9.098363e-04,9.655386e-04,9.152789e-04,9.689324e-04,9.192048e-04,8.304396e-04,7.751448e-04,1.037642e-03,9.909234e-04,9.449308e-04,8.917041e-04,6.674798e-04,5.904511e-04,4.868148e-04,4.054885e-04,9.542519e-04,8.978018e-04,1.008947e-03,9.644763e-04,9.139982e-04,8.562979e-04,3.117704e-04,2.474761e-04,1.044251e-03,9.986968e-04,8.614203e-04,9.652831e-04,9.146916e-04
3.755000e+02,9.598197e-04,9.092540e-04,9.508595e-04,8.989223e-04,9.571773e-04,9.062046e-04,9.619057e-04,9.116629e-04,9.653116e-04,9.156003e-04,8.267260e-04,7.715068e-04,1.034105e-03,9.873740e-04,9.412309e-04,8.880281e-04,6.633313e-04,5.865581e-04,4.827150e-04,4.018501e-04,9.503949e-04,8.940161e-04,1.005442e-03,9.609695e-04,9.101157e-04,8.525050e-04,3.085012e-04,2.447214e-04,1.040743e-03,9.951748e-04,8.578217e-04,9.616392e-04,9.110648e-04
3.760000e+02,9.561864e-04,9.056390e-04,9.471951e-04,8.952782e-04,9.535348e-04,9.025810e-04,9.582798e-04,9.080549e-04,9.616979e-04,9.120037e-04,8.230221e-04,7.678794e-04,1.030573e-03,9.838310e-04,9.375384e-04,8.843605e-04,6.591991e-04,5.826822e-04,4.786392e-04,3.982354e-04,9.465467e-04,8.902401e-04,1.001944e-03,9.574696e-04,9.062427e-04,8.487226e-04,3.052580e-04,2.419907e-04,1.037240e-03,9.916591e-04,8.542320e-04,9.580024e-04,9.074458e-04
3.765000e+02,9.525602e-04,9.020319e-04,9.435378e-04,8.916422e-04,9.498994e-04,8.989653e-04,9.546609e-04,9.044547e-04,9.580911e-04,9.084150e-04,8.193281e-04,7.642626e-04,1.027048e-03,9.802944e-04,9.338534e-04,8.807012e-04,6.550830e-04,5.788234e-04,4.745873e-04,3.946445e-04,9.427072e-04,8.864736e-04,9.984523e-04,9.539767e-04,9.023794e-04,8.449505e-04,3.020407e-04,2.392840e-04,1.033742e-03,9.881497e-04,8.506511e-04,9.543727e-04,9.038348e-04
3.770000e+02,9.489412e-04,8.984329e-04,9.398878e-04,8.880142e-04,9.462711e-04,8.953576e-04,9.510492e-04,9.008625e-04,9.544914e-04,9.048341e-04,8.156440e-04,7.606565e-04,1.023527e-03,9.767643e-04,9.301757e-04,8.770502e-04,6.509832e-04,5.749817e-04,4.705593e-04,3.910772e-04,9.388764e-04,8.827167e-04,9.949666e-04,9.504908e-04,8.985256e-04,8.411889e-04,2.988493e-04,2.366011e-04,1.030250e-03,9.846466e-04,8.470790e-04,9.507501e-04,9.002317e-04
3.775000e+02,9.453293e-04,8.948418e-04,9.362451e-04,8.843944e-04,9.426501e-04,8.917580e-04,9.474446e-04,8.972783e-04,9.508988e-04,9.012612e-04,8.119696e-04,7.570610e-04,1.020013e-03,9.732406e-04,9.265055e-04,8.734075e-04,6.468997e-04,5.711570e-04,4.665552e-04,3.875334e-04,9.350543e-04,8.789694e-04,9.914872e-04,9.470119e-04,8.946815e-04,8.374377e-04,2.956835e-04,2.339420e-04,1.026763e-03,9.811499e-04,8.435157e-04,9.471347e-04,8.966366e-04
3.780000e+02,9.417245e-04,8.912587e-04,9.326096e-04,8.807827e-04,9.390362e-04,8.881663e-04,9.438471e-04,8.937020e-04,9.473132e-04,8.976961e-04,8.083051e-04,7.534761e-04,1.016504e-03,9.697233e-04,9.228428e-04,8.697732e-04,6.428324e-04,5.673495e-04,4.625749e-04,3.840132e-04,9.312411e-04,8.752318e-04,9.880140e-04,9.435400e-04,8.908471e-04,8.336969e-04,2.925434e-04,2.313064e-04,1.023282e-03,9.776595e-04,8.399613e-04,9.435263e-04,8.930496e-04
3.785000e+02,9.381270e-04,8.876836e-04,9.289815e-04,8.771792e-04,9.354295e-04,8.845828e-04,9.402567e-04,8.901336e-04,9.437348e-04,8.941390e-04,8.046505e-04,7.499020e-04,1.013000e-03,9.662126e-04,9.191876e-04,8.661472e-04,6.387814e-04,5.635589e-04,4.586183e-04,3.805165e-04,9.274367e-04,8.715038e-04,9.845470e-04,9.400752e-04,8.870223e-04,8.299666e-04,2.894288e-04,2.286942e-04,1.019807e-03,9.741756e-04,8.364157e-04,9.399252e-04,8.894705e-04
3.790000e+02,9.345366e-04,8.841165e-04,9.253606e-04,8.735838e-04,9.318301e-04,8.810073e-04,9.366735e-04,8.865733e-04,9.401634e-04,8.905899e-04,8.010057e-04,7.463384e-04,1.009503e-03,9.627083e-04,9.155399e-04,8.625296e-04,6.347467e-04,5.597854e-04,4.546855e-04,3.770432e-04,9.236411e-04,8.677854e-04,9.810864e-04,9.366174e-04,8.832073e-04,8.262467e-04,2.863395e-04,2.261054e-04,1.016337e-03,9.706980e-04,8.328789e-04,9.363312e-04,8.858994e-04
3.795000e+02,9.309534e-04,8.805575e-04,9.217470e-04,8.699966e-04,9.282379e-04,8.774398e-04,9.330975e-04,8.830210e-04,9.365992e-04,8.870487e-04,7.973708e-04,7.427856e-04,1.006011e-03,9.592106e-04,9.118997e-04,8.589204e-04,6.307282e-04,5.560290e-04,4.507764e-04,3.735931e-04,9.198543e-04,8.640767e-04,9.776321e-04,9.331667e-04,8.794019e-04,8.225373e-04,2.832756e-04,2.235398e-04,1.012873e-03,9.672269e-04,8.293510e-04,9.327444e-04,8.823363e-04
3.800000e+02,9.273774e-04,8.770065e-04,9.181409e-04,8.664176e-04,9.246529e-04,8.738805e-04,9.295287e-04,8.794767e-04,9.330422e-04,8.835154e-04,7.937458e-04,7.392434e-04,1.002525e-03,9.557193e-04,9.082671e-04,8.553196e-04,6.267260e-04,5.522895e-04,4.468910e-04,3.701664e-04,9.160764e-04,8.603777e-04,9.741840e-04,9.297230e-04,8.756063e-04,8.188383e-04,2.802368e-04,2.209972e-04,1.009415e-03,9.637622e-04,8.258321e-04,9.291648e-04,8.787813e-04
3.805000e+02,9.238087e-04,8.734636e-04,9.145420e-04,8.628468e-04,9.210752e-04,8.703292e-04,9.259671e-04,8.759404e-04,9.294923e-04,8.799902e-04,7.901307e-04,7.357119e-04,9.990442e-04,9.522347e-04,9.046420e-04,8.517273e-04,6.227402e-04,5.485671e-04,4.430292e-04,3.667628e-04,9.123074e-04,8.566883e-04,9.707424e-04,9.262865e-04,8.718204e-04,8.151499e-04,2.772230e-04,2.184776e-04,1.005962e-03,9.603039e-04,8.223219e-04,9.255924e-04,8.752344e-04
3.810000e+02,9.202472e-04,8.699288e-04,9.109506e-04,8.592842e-04,9.175049e-04,8.667861e-04,9.224127e-04,8.724122e-04,9.259496e-04,8.764730e-04,7.865255e-04,7.321910e-04,9.955696e-04,9.487565e-04,9.010245e-04,8.481433e-04,6.187706e-04,5.448617e-04,4.391910e-04,3.633824e-04,9.085473e-04,8.530087e-04,9.673070e-04,9.228570e-04,8.680443e-04,8.114719e-04,2.742343e-04,2.159808e-04,1.002515e-03,9.568521e-04,8.188207e-04,9.220273e-04,8.716955e-04
3.815000e+02,9.166930e-04,8.664020e-04,9.073665e-04,8.557299e-04,9.139418e-04,8.632511e-04,9.188655e-04,8.688921e-04,9.224141e-04,8.729637e-04,7.829302e-04,7.286809e-04,9.921007e-04,9.452850e-04,8.974146e-04,8.445678e-04,6.148173e-04,5.411733e-04,4.353763e-04,3.600250e-04,9.047961e-04,8.493387e-04,9.638781e-04,9.194346e-04,8.642780e-04,8.078043e-04,2.712703e-04,2.135067e-04,9.990734e-04,9.534068e-04,8.153284e-04,9.184695e-04,8.681647e-04
3.820000e+02,9.131461e-04,8.628834e-04,9.037899e-04,8.521837e-04,9.103860e-04,8.597243e-04,9.153257e-04,8.653800e-04,9.188858e-04,8.694625e-04,7.793449e-04,7.251814e-04,9.886376e-04,9.418200e-04,8.938123e-04,8.410008e-04,6.108804e-04,5.375019e-04,4.315852e-04,3.566907e-04,9.010539e-04,8.456785e-04,9.604555e-04,9.160194e-04,8.605214e-04,8.041473e-04,2.683311e-04,2.110551e-04,9.956377e-04,9.499680e-04,8.118450e-04,9.149190e-04,8.646420e-04
3.825000e+02,9.096065e-04,8.593729e-04,9.002207e-04,8.486459e-04,9.068376e-04,8.562056e-04,9.117931e-04,8.618760e-04,9.153648e-04,8.659693e-04,7.757695e-04,7.216926e-04,9.851804e-04,9.383617e-04,8.902176e-04,8.374422e-04,6.069597e-04,5.338474e-04,4.278175e-04,3.533792e-04,8.973206e-04,8.420280e-04,9.570394e-04,9.126112e-04,8.567747e-04,8.005008e-04,2.654164e-04,2.086260e-04,9.922077e-04,9.465357e-04,8.083705e-04,9.113757e-04,8.611274e-04
3.830000e+02,9.060742e-04,8.558705e-04,8.966590e-04,8.451163e-04,9.032966e-04,8.526950e-04,9.082678e-04,8.583801e-04,9.118510e-04,8.624842e-04,7.722041e-04,7.182145e-04,9.817290e-04,9.349100e-04,8.866306e-04,8.338921e-04,6.030554e-04,5.302099e-04,4.240732e-04,3.500906e-04,8.935963e-04,8.383873e-04,9.536296e-04,9.092103e-04,8.530377e-04,7.968648e-04,2.625263e-04,2.062191e-04,9.887835e-04,9.431100e-04,8.049049e-04,9.078398e-04,8.576210e-04
3.835000e+02,9.025493e-04,8.523762e-04,8.931047e-04,8.415949e-04,8.997629e-04,8.491927e-04,9.047498e-04,8.548923e-04,9.083445e-04,8.590071e-04,7.686486e-04,7.147472e-04,9.782834e-04,9.314649e-04,8.830513e-04,8.303505e-04,5.991674e-04,5.265893e-04,4.203523e-04,3.468248e-04,8.898810e-04,8.347563e-04,9.502263e-04,9.058165e-04,8.493106e-04,7.932393e-04,2.596606e-04,2.038344e-04,9.853651e-04,9.396907e-04,8.014483e-04,9.043112e-04,8.541226e-04
3.840000e+02,8.990317e-04,8.488901e-04,8.895579e-04,8.380819e-04,8.962367e-04,8.456985e-04,9.012391e-04,8.514126e-04,9.048453e-04,8.555381e-04,7.651031e-04,7.112905e-04,9.748438e-04,9.280265e-04,8.794796e-04,8.268175e-04,5.952957e-04,5.229856e-04,4.166547e-04,3.435817e-04,8.861748e-04,8.311350e-04,9.468294e-04,9.024298e-04,8.455934e-04,7.896244e-04,2.568191e-04,2.014718e-04,9.819524e-04,9.362780e-04,7.980006e-04,9.007899e-04,8.506325e-04
3.845000e+02,8.955215e-04,8.454121e-04,8.860186e-04,8.345772e-04,8.927178e-04,8.422126e-04,8.977358e-04,8.479410e-04,9.013533e-04,8.520772e-04,7.615675e-04,7.078445e-04,9.714100e-04,9.245947e-04,8.759157e-04,8.232929e-04,5.914403e-04,5.193989e-04,4.129804e-04,3.403613e-04,8.824775e-04,8.275235e-04,9.434390e-04,8.990503e-04,8.418860e-04,7.860199e-04,2.540017e-04,1.991310e-04,9.785456e-04,9.328719e-04,7.945619e-04,8.972760e-04,8.471504e-04
3.850000e+02,8.920187e-04,8.419424e-04,8.824868e-04,8.310807e-04,8.892063e-04,8.387348e-04,8.942398e-04,8.444776e-04,8.978687e-04,8.486243e-04,7.580420e-04,7.044092e-04,9.679821e-04,9.211696e-04,8.723594e-04,8.197769e-04,5.876012e-04,5.158291e-04,4.093294e-04,3.371634e-04,8.787893e-04,8.239218e-04,9.400551e-04,8.956781e-04,8.381885e-04,7.824260e-04,2.512084e-04,1.968120e-04,9.751446e-04,9.294724e-04,7.911321e-04,8.937695e-04,8.436766e-04
3.855000e+02,8.885233e-04,8.384808e-04,8.789625e-04,8.275927e-04,8.857023e-04,8.352653e-04,8.907513e-04,8.410224e-04,8.943914e-04,8.451796e-04,7.545264e-04,7.009846e-04,9.645602e-04,9.177513e-04,8.688109e-04,8.162694e-04,5.837785e-04,5.122761e-04,4.057015e-04,3.339880e-04,8.751102e-04,8.203299e-04,9.366777e-04,8.923130e-04,8.345008e-04,7.788426e-04,2.484390e-04,1.945147e-04,9.717494e-04,9.260795e-04,7.877113e-04,8.902704e-04,8.402109e-04
3.860000e+02,8.850353e-04,8.350274e-04,8.754458e-04,8.241129e-04,8.822058e-04,8.318040e-04,8.872701e-04,8.375753e-04,8.909215e-04,8.417430e-04,7.510209e-04,6.975708e-04,9.611442e-04,9.143396e-04,8.652702e-04,8.127705e-04,5.799721e-04,5.087400e-04,4.020968e-04,3.308351e-04,8.714402e-04,8.167477e-04,9.333067e-04,8.889551e-04,8.308231e-04,7.752698e-04,2.456933e-04,1.922389e-04,9.683601e-04,9.226932e-04,7.842995e-04,8.867787e-04,8.367534e-04
3.865000e+02,8.815547e-04,8.315822e-04,8.719367e-04,8.206415e-04,8.787167e-04,8.283510e-04,8.837963e-04,8.341364e-04,8.874589e-04,8.383145e-04,7.475253e-04,6.941676e-04,9.577342e-04,9.109347e-04,8.617372e-04,8.092802e-04,5.761819e-04,5.052208e-04,3.985151e-04,3.277044e-04,8.677792e-04,8.131754e-04,9.299423e-04,8.856045e-04,8.271553e-04,7.717075e-04,2.429714e-04,1.899844e-04,9.649766e-04,9.193135e-04,7.808966e-04,8.832944e-04,8.333041e-04
3.870000e+02,8.780816e-04,8.281453e-04,8.684351e-04,8.171785e-04,8.752351e-04,8.249063e-04,8.803299e-04,8.307057e-04,8.840037e-04,8.348942e-04,7.440398e-04,6.907752e-04,9.543301e-04,9.075365e-04,8.582120e-04,8.057984e-04,5.724081e-04,5.017183e-04,3.949564e-04,3.245961e-04,8.641274e-04,8.096129e-04,9.265844e-04,8.822611e-04,8.234974e-04,7.681557e-04,2.402730e-04,1.877512e-04,9.615991e-04,9.159405e-04,7.775028e-04,8.798176e-04,8.298631e-04
3.875000e+02,8.746160e-04,8.247165e-04,8.649411e-04,8.137238e-04,8.717611e-04,8.214698e-04,8.768710e-04,8.272832e-04,8.805559e-04,8.314820e-04,7.405643e-04,6.873934e-04,9.509321e-04,9.041450e-04,8.546945e-04,8.023252e-04,5.686507e-04,4.982327e-04,3.914208e-04,3.215099e-04,8.604847e-04,8.060602e-04,9.232330e-04,8.789249e-04,8.198494e-04,7.646145e-04,2.375980e-04,1.855392e-04,9.582275e-04,9.125741e-04,7.741179e-04,8.763482e-04,8.264302e-04
3.880000e+02,8.711578e-04,8.212961e-04,8.614547e-04,8.102775e-04,8.682945e-04,8.180416e-04,8.734195e-04,8.238689e-04,8.771155e-04,8.280780e-04,7.370988e-04,6.840224e-04,9.475400e-04,9.007603e-04,8.511849e-04,7.988607e-04,5.649095e-04,4.947639e-04,3.879080e-04,3.184459e-04,8.568511e-04,8.025173e-04,9.198882e-04,8.755960e-04,8.162114e-04,7.610839e-04,2.349464e-04,1.833481e-04,9.548618e-04,9.092144e-04,7.707420e-04,8.728863e-04,8.230056e-04
3.885000e+02,8.677071e-04,8.178838e-04,8.579760e-04,8.068396e-04,8.648354e-04,8.146217e-04,8.699755e-04,8.204628e-04,8.736825e-04,8.246821e-04,7.336434e-04,6.806621e-04,9.441540e-04,8.973824e-04,8.476831e-04,7.954047e-04,5.611846e-04,4.913119e-04,3.844181e-04,3.154039e-04,8.532267e-04,7.989842e-04,9.165500e-04,8.722744e-04,8.125833e-04,7.575638e-04,2.323180e-04,1.811779e-04,9.515020e-04,9.058614e-04,7.673751e-04,8.694318e-04,8.195893e-04
3.890000e+02,8.642640e-04,8.144799e-04,8.545049e-04,8.034101e-04,8.613840e-04,8.112100e-04,8.665390e-04,8.170649e-04,8.702569e-04,8.212945e-04,7.301980e-04,6.773125e-04,9.407741e-04,8.940114e-04,8.441892e-04,7.919574e-04,5.574760e-04,4.878766e-04,3.809511e-04,3.123839e-04,8.496115e-04,7.954610e-04,9.132184e-04,8.689600e-04,8.089652e-04,7.540542e-04,2.297126e-04,1.790284e-04,9.481482e-04,9.025151e-04,7.640173e-04,8.659849e-04,8.161812e-04
3.895000e+02,8.608283e-04,8.110842e-04,8.510414e-04,7.999891e-04,8.579400e-04,8.078068e-04,8.631100e-04,8.136753e-04,8.668388e-04,8.179150e-04,7.267627e-04,6.739736e-04,9.374002e-04,8.906471e-04,8.407031e-04,7.885187e-04,5.537838e-04,4.844580e-04,3.775067e-04,3.093857e-04,8.460055e-04,7.919476e-04,9.098934e-04,8.656529e-04,8.053571e-04,7.505553e-04,2.271302e-04,1.768995e-04,9.448004e-04,8.991755e-04,7.606684e-04,8.625455e-04,8.127813e-04
3.900000e+02,8.574002e-04,8.076968e-04,8.475856e-04,7.965764e-04,8.545037e-04,8.044118e-04,8.596884e-04,8.102940e-04,8.634282e-04,8.145437e-04,7.233374e-04,6.706455e-04,9.340324e-04,8.872896e-04,8.372249e-04,7.850886e-04,5.501078e-04,4.810562e-04,3.740851e-04,3.064093e-04,8.424086e-04,7.884441e-04,9.065749e-04,8.623531e-04,8.017589e-04,7.470668e-04,2.245706e-04,1.747910e-04,9.414586e-04,8.958426e-04,7.573286e-04,8.591136e-04,8.093898e-04
3.905000e+02,8.539797e-04,8.043177e-04,8.441375e-04,7.931722e-04,8.510749e-04,8.010252e-04,8.562744e-04,8.069209e-04,8.600250e-04,8.111807e-04,7.199222e-04,6.673281e-04,9.306707e-04,8.839390e-04,8.337545e-04,7.816672e-04,5.464481e-04,4.776710e-04,3.706861e-04,3.034547e-04,8.388210e-04,7.849504e-04,9.032631e-04,8.590606e-04,7.981708e-04,7.435890e-04,2.220338e-04,1.727029e-04,9.381228e-04,8.925164e-04,7.539978e-04,8.556893e-04,8.060065e-04
3.910000e+02,8.505667e-04,8.009468e-04,8.406971e-04,7.897764e-04,8.476537e-04,7.976469e-04,8.528680e-04,8.035561e-04,8.566293e-04,8.078258e-04,7.165171e-04,6.640213e-04,9.273151e-04,8.805952e-04,8.302921e-04,7.782545e-04,5.428047e-04,4.743025e-04,3.673097e-04,3.005217e-04,8.352426e-04,7.814665e-04,8.999580e-04,8.557755e-04,7.945927e-04,7.401217e-04,2.195195e-04,1.706350e-04,9.347930e-04,8.891970e-04,7.506761e-04,8.522725e-04,8.026316e-04
3.915000e+02,8.471613e-04,7.975844e-04,8.372643e-04,7.863891e-04,8.442402e-04,7.942769e-04,8.494690e-04,8.001995e-04,8.532411e-04,8.044792e-04,7.131220e-04,6.607253e-04,9.239657e-04,8.772583e-04,8.268376e-04,7.748504e-04,5.391775e-04,4.709507e-04,3.639558e-04,2.976103e-04,8.316735e-04,7.779926e-04,8.966595e-04,8.524976e-04,7.910245e-04,7.366649e-04,2.170277e-04,1.685872e-04,9.314692e-04,8.858844e-04,7.473633e-04,8.488633e-04,7.992649e-04
3.920000e+02,8.437634e-04,7.942302e-04,8.338393e-04,7.830103e-04,8.408342e-04,7.909154e-04,8.460777e-04,7.968513e-04,8.498605e-04,8.011408e-04,7.097370e-04,6.574400e-04,9.206223e-04,8.739283e-04,8.233910e-04,7.714551e-04,5.355666e-04,4.676155e-04,3.606244e-04,2.947204e-04,8.281135e-04,7.745285e-04,8.933676e-04,8.492271e-04,7.874664e-04,7.332188e-04,2.145583e-04,1.665593e-04,9.281515e-04,8.825785e-04,7.440597e-04,8.454617e-04,7.959066e-04
3.925000e+02,8.403732e-04,7.908843e-04,8.304221e-04,7.796399e-04,8.374360e-04,7.875622e-04,8.426939e-04,7.935113e-04,8.464874e-04,7.978107e-04,7.063622e-04,6.541655e-04,9.172852e-04,8.706051e-04,8.199523e-04,7.680684e-04,5.319720e-04,4.642969e-04,3.573154e-04,2.918518e-04,8.245629e-04,7.710743e-04,8.900825e-04,8.459639e-04,7.839183e-04,7.297832e-04,2.121111e-04,1.645512e-04,9.248399e-04,8.792795e-04,7.407650e-04,8.420677e-04,7.925566e-04
3.930000e+02,8.369906e-04,7.875468e-04,8.270126e-04,7.762780e-04,8.340453e-04,7.842173e-04,8.393177e-04,7.901797e-04,8.431218e-04,7.944888e-04,7.029974e-04,6.509016e-04,9.139542e-04,8.672889e-04,8.165216e-04,7.646904e-04,5.283936e-04,4.609949e-04,3.540287e-04,2.890046e-04,8.210215e-04,7.676299e-04,8.868040e-04,8.427081e-04,7.803803e-04,7.263581e-04,2.096859e-04,1.625629e-04,9.215344e-04,8.759872e-04,7.374795e-04,8.386813e-04,7.892149e-04
3.935000e+02,8.336157e-04,7.842177e-04,8.236108e-04,7.729246e-04,8.306624e-04,7.808809e-04,8.359491e-04,7.868564e-04,8.397638e-04,7.911752e-04,6.996427e-04,6.476485e-04,9.106294e-04,8.639796e-04,8.130989e-04,7.613212e-04,5.248315e-04,4.577094e-04,3.507643e-04,2.861786e-04,8.174895e-04,7.641955e-04,8.835322e-04,8.394597e-04,7.768523e-04,7.229437e-04,2.072828e-04,1.605940e-04,9.182350e-04,8.727017e-04,7.342030e-04,8.353025e-04,7.858816e-04
3.940000e+02,8.302484e-04,7.808969e-04,8.202169e-04,7.695797e-04,8.272871e-04,7.775529e-04,8.325881e-04,7.835414e-04,8.364133e-04,7.878699e-04,6.962981e-04,6.444060e-04,9.073109e-04,8.606772e-04,8.096842e-04,7.579606e-04,5.212856e-04,4.544405e-04,3.475221e-04,2.833738e-04,8.139667e-04,7.607709e-04,8.802672e-04,8.362186e-04,7.733344e-04,7.195398e-04,2.049015e-04,1.586446e-04,9.149417e-04,8.694231e-04,7.309355e-04,8.319314e-04,7.825566e-04
3.945000e+02,8.268887e-04,7.775844e-04,8.168307e-04,7.662434e-04,8.239195e-04,7.742333e-04,8.292348e-04,7.802347e-04,8.330704e-04,7.845729e-04,6.929636e-04,6.411743e-04,9.039985e-04,8.573817e-04,8.062774e-04,7.546088e-04,5.177559e-04,4.511881e-04,3.443020e-04,2.805900e-04,8.104532e-04,7.573562e-04,8.770088e-04,8.329849e-04,7.698265e-04,7.161464e-04,2.025420e-04,1.567144e-04,9.116545e-04,8.661513e-04,7.276771e-04,8.285679e-04,7.792400e-04
3.950000e+02,8.235367e-04,7.742804e-04,8.134523e-04,7.629155e-04,8.205597e-04,7.709220e-04,8.258891e-04,7.769364e-04,8.297351e-04,7.812841e-04,6.896392e-04,6.379533e-04,9.006924e-04,8.540932e-04,8.028787e-04,7.512658e-04,5.142424e-04,4.479522e-04,3.411041e-04,2.778272e-04,8.069490e-04,7.539514e-04,8.737572e-04,8.297585e-04,7.663287e-04,7.127637e-04,2.002040e-04,1.548034e-04,9.083735e-04,8.628864e-04,7.244278e-04,8.252121e-04,7.759317e-04
3.955000e+02,8.201924e-04,7.709847e-04,8.100817e-04,7.595962e-04,8.172075e-04,7.676193e-04,8.225510e-04,7.736464e-04,8.264075e-04,7.780037e-04,6.863249e-04,6.347429e-04,8.973926e-04,8.508117e-04,7.994879e-04,7.479314e-04,5.107451e-04,4.447327e-04,3.379281e-04,2.750853e-04,8.034542e-04,7.505566e-04,8.705124e-04,8.265396e-04,7.628409e-04,7.093915e-04,1.978876e-04,1.529115e-04,9.050986e-04,8.596283e-04,7.211876e-04,8.218639e-04,7.726319e-04
3.960000e+02,8.168558e-04,7.676974e-04,8.067190e-04,7.562854e-04,8.138631e-04,7.643249e-04,8.192206e-04,7.703648e-04,8.230874e-04,7.747316e-04,6.830208e-04,6.315433e-04,8.940990e-04,8.475371e-04,7.961052e-04,7.446059e-04,5.072640e-04,4.415297e-04,3.347741e-04,2.723643e-04,7.999687e-04,7.471716e-04,8.672743e-04,8.233281e-04,7.593633e-04,7.060298e-04,1.955925e-04,1.510384e-04,9.018299e-04,8.563771e-04,7.179564e-04,8.185234e-04,7.693404e-04
3.965000e+02,8.135269e-04,7.644186e-04,8.033641e-04,7.529831e-04,8.105264e-04,7.610390e-04,8.158979e-04,7.670916e-04,8.197750e-04,7.714677e-04,6.797268e-04,6.283544e-04,8.908117e-04,8.442695e-04,7.927306e-04,7.412891e-04,5.037990e-04,4.383430e-04,3.316419e-04,2.696639e-04,7.964926e-04,7.437965e-04,8.640430e-04,8.201240e-04,7.558957e-04,7.026787e-04,1.933186e-04,1.491841e-04,8.985674e-04,8.531328e-04,7.147343e-04,8.151907e-04,7.660573e-04
3.970000e+02,8.102057e-04,7.611481e-04,8.000170e-04,7.496894e-04,8.071975e-04,7.577615e-04,8.125829e-04,7.638267e-04,8.164702e-04,7.682122e-04,6.764429e-04,6.251762e-04,8.875307e-04,8.410089e-04,7.893640e-04,7.379811e-04,5.003503e-04,4.351728e-04,3.285316e-04,2.669842e-04,7.930258e-04,7.404313e-04,8.608184e-04,8.169272e-04,7.524382e-04,6.993382e-04,1.910659e-04,1.473485e-04,8.953111e-04,8.498954e-04,7.115213e-04,8.118656e-04,7.627826e-04
3.975000e+02,8.068922e-04,7.578860e-04,7.966778e-04,7.464042e-04,8.038763e-04,7.544925e-04,8.092756e-04,7.605702e-04,8.131731e-04,7.649651e-04,6.731691e-04,6.220086e-04,8.842560e-04,8.377554e-04,7.860055e-04,7.346818e-04,4.969176e-04,4.320188e-04,3.254430e-04,2.643250e-04,7.895684e-04,7.370760e-04,8.576007e-04,8.137380e-04,7.489908e-04,6.960082e-04,1.888341e-04,1.455313e-04,8.920611e-04,8.466649e-04,7.083174e-04,8.085483e-04,7.595163e-04
3.980000e+02,8.035865e-04,7.546324e-04,7.933465e-04,7.431276e-04,8.005630e-04,7.512320e-04,8.059760e-04,7.573221e-04,8.098836e-04,7.617263e-04,6.699054e-04,6.188518e-04,8.809877e-04,8.345088e-04,7.826550e-04,7.313913e-04,4.935011e-04,4.288813e-04,3.223761e-04,2.616863e-04,7.861204e-04,7.337306e-04,8.543897e-04,8.105561e-04,7.455535e-04,6.926888e-04,1.866232e-04,1.437325e-04,8.888173e-04,8.434413e-04,7.051226e-04,8.052387e-04,7.562585e-04
3.985000e+02,8.002885e-04,7.513872e-04,7.900231e-04,7.398596e-04,7.972574e-04,7.479799e-04,8.026841e-04,7.540824e-04,8.066018e-04,7.584958e-04,6.666519e-04,6.157056e-04,8.777257e-04,8.312693e-04,7.793127e-04,7.281097e-04,4.901008e-04,4.257600e-04,3.193308e-04,2.590680e-04,7.826818e-04,7.303951e-04,8.511856e-04,8.073817e-04,7.421263e-04,6.893799e-04,1.844330e-04,1.419520e-04,8.855797e-04,8.402246e-04,7.019369e-04,8.019368e-04,7.530091e-04
3.990000e+02,7.969983e-04,7.481504e-04,7.867075e-04,7.366002e-04,7.939596e-04,7.447363e-04,7.993999e-04,7.508511e-04,8.033277e-04,7.552736e-04,6.634085e-04,6.125702e-04,8.744700e-04,8.280368e-04,7.759784e-04,7.248368e-04,4.867165e-04,4.226549e-04,3.163070e-04,2.564700e-04,7.792525e-04,7.270696e-04,8.479883e-04,8.042148e-04,7.387093e-04,6.860816e-04,1.822634e-04,1.401895e-04,8.823484e-04,8.370149e-04,6.987602e-04,7.986428e-04,7.497681e-04
3.995000e+02,7.937159e-04,7.449221e-04,7.833999e-04,7.333493e-04,7.906696e-04,7.415012e-04,7.961235e-04,7.476282e-04,8.000613e-04,7.520599e-04,6.601753e-04,6.094454e-04,8.712207e-04,8.248114e-04,7.726523e-04,7.215728e-04,4.833483e-04,4.195661e-04,3.133047e-04,2.538922e-04,7.758327e-04,7.237539e-04,8.447979e-04,8.010553e-04,7.353023e-04,6.827938e-04,1.801143e-04,1.384451e-04,8.791233e-04,8.338121e-04,6.955927e-04,7.953564e-04,7.465355e-04
4.000000e+02,7.904412e-04,7.417022e-04,7.801002e-04,7.301071e-04,7.873875e-04,7.382746e-04,7.928549e-04,7.444137e-04,7.968026e-04,7.488545e-04,6.569522e-04,6.063313e-04,8.679778e-04,8.215930e-04,7.693343e-04,7.183175e-04,4.799962e-04,4.164936e-04,3.103238e-04,2.513345e-04,7.724222e-04,7.204482e-04,8.416142e-04,7.979032e-04,7.319054e-04,6.795166e-04,1.779856e-04,1.367185e-04,8.759046e-04,8.306163e-04,6.924343e-04,7.920779e-04,7.433114e-04
4.005000e+02,7.871744e-04,7.384908e-04,7.768084e-04,7.268734e-04,7.841132e-04,7.350565e-04,7.895940e-04,7.412077e-04,7.935516e-04,7.456574e-04,6.537392e-04,6.032278e-04,8.647413e-04,8.183817e-04,7.660244e-04,7.150711e-04,4.766601e-04,4.134371e-04,3.073642e-04,2.487968e-04,7.690212e-04,7.171524e-04,8.384375e-04,7.947586e-04,7.285187e-04,6.762499e-04,1.758771e-04,1.350097e-04,8.726922e-04,8.274274e-04,6.892849e-04,7.888071e-04,7.400958e-04
4.010000e+02,7.839153e-04,7.352878e-04,7.735246e-04,7.236484e-04,7.808467e-04,7.318469e-04,7.863409e-04,7.380101e-04,7.903084e-04,7.424688e-04,6.505364e-04,6.001350e-04,8.615112e-04,8.151775e-04,7.627227e-04,7.118335e-04,4.733401e-04,4.103969e-04,3.044259e-04,2.462790e-04,7.656296e-04,7.138665e-04,8.352676e-04,7.916215e-04,7.251421e-04,6.729938e-04,1.737887e-04,1.333184e-04,8.694860e-04,8.242456e-04,6.861447e-04,7.855442e-04,7.368886e-04
4.015000e+02,7.806641e-04,7.320933e-04,7.702487e-04,7.204320e-04,7.775881e-04,7.286458e-04,7.830955e-04,7.348209e-04,7.870728e-04,7.392885e-04,6.473437e-04,5.970529e-04,8.582876e-04,8.119804e-04,7.594292e-04,7.086047e-04,4.700361e-04,4.073727e-04,3.015087e-04,2.437811e-04,7.622475e-04,7.105905e-04,8.321046e-04,7.884919e-04,7.217756e-04,6.697481e-04,1.717203e-04,1.316446e-04,8.662863e-04,8.210707e-04,6.830136e-04,7.822891e-04,7.336898e-04
4.020000e+02,7.774207e-04,7.289073e-04,7.669807e-04,7.172241e-04,7.743374e-04,7.254532e-04,7.798580e-04,7.316402e-04,7.838451e-04,7.361166e-04,6.441611e-04,5.939815e-04,8.550703e-04,8.087904e-04,7.561438e-04,7.053848e-04,4.667481e-04,4.043647e-04,2.986126e-04,2.413030e-04,7.588747e-04,7.073244e-04,8.289485e-04,7.853698e-04,7.184193e-04,6.665130e-04,1.696718e-04,1.299882e-04,8.630928e-04,8.179029e-04,6.798916e-04,7.790418e-04,7.304996e-04
4.025000e+02,7.741852e-04,7.257297e-04,7.637208e-04,7.140250e-04,7.710945e-04,7.222691e-04,7.766283e-04,7.284679e-04,7.806251e-04,7.329532e-04,6.409887e-04,5.909207e-04,8.518596e-04,8.056076e-04,7.528666e-04,7.021737e-04,4.634760e-04,4.013727e-04,2.957376e-04,2.388445e-04,7.555115e-04,7.040682e-04,8.257992e-04,7.822552e-04,7.150730e-04,6.632884e-04,1.676429e-04,1.283490e-04,8.599057e-04,8.147420e-04,6.767787e-04,7.758023e-04,7.273178e-04
4.030000e+02,7.709574e-04,7.225607e-04,7.604688e-04,7.108344e-04,7.678595e-04,7.190936e-04,7.734064e-04,7.253040e-04,7.774129e-04,7.297981e-04,6.378265e-04,5.878705e-04,8.486553e-04,8.024318e-04,7.495976e-04,6.989715e-04,4.602200e-04,3.983967e-04,2.928834e-04,2.364056e-04,7.521576e-04,7.008219e-04,8.226569e-04,7.791480e-04,7.117369e-04,6.600744e-04,1.656337e-04,1.267269e-04,8.567250e-04,8.115882e-04,6.736749e-04,7.725706e-04,7.241445e-04
4.035000e+02,7.677376e-04,7.194001e-04,7.572248e-04,7.076525e-04,7.646324e-04,7.159266e-04,7.701923e-04,7.221487e-04,7.742084e-04,7.266514e-04,6.346744e-04,5.848310e-04,8.454574e-04,7.992632e-04,7.463368e-04,6.957782e-04,4.569799e-04,3.954367e-04,2.900502e-04,2.339861e-04,7.488133e-04,6.975856e-04,8.195215e-04,7.760484e-04,7.084110e-04,6.568708e-04,1.636440e-04,1.251217e-04,8.535507e-04,8.084414e-04,6.705802e-04,7.693469e-04,7.209797e-04
4.040000e+02,7.645256e-04,7.162480e-04,7.539888e-04,7.044792e-04,7.614133e-04,7.127681e-04,7.669861e-04,7.190018e-04,7.710118e-04,7.235132e-04,6.315324e-04,5.818021e-04,8.422661e-04,7.961017e-04,7.430842e-04,6.925937e-04,4.537557e-04,3.924926e-04,2.872377e-04,2.315861e-04,7.454784e-04,6.943591e-04,8.163930e-04,7.729563e-04,7.050952e-04,6.536778e-04,1.616736e-04,1.235333e-04,8.503828e-04,8.053016e-04,6.674947e-04,7.661309e-04,7.178234e-04
4.045000e+02,7.613215e-04,7.131045e-04,7.507609e-04,7.013146e-04,7.582020e-04,7.096182e-04,7.637877e-04,7.158633e-04,7.678229e-04,7.203833e-04,6.284006e-04,5.787838e-04,8.390813e-04,7.929474e-04,7.398398e-04,6.894180e-04,4.505474e-04,3.895645e-04,2.844460e-04,2.292054e-04,7.421529e-04,6.911426e-04,8.132715e-04,7.698717e-04,7.017895e-04,6.504952e-04,1.597224e-04,1.219617e-04,8.472212e-04,8.021689e-04,6.644182e-04,7.629229e-04,7.146756e-04
4.050000e+02,7.581253e-04,7.099694e-04,7.475409e-04,6.981586e-04,7.549987e-04,7.064768e-04,7.605972e-04,7.127334e-04,7.646418e-04,7.172619e-04,6.252789e-04,5.757762e-04,8.359029e-04,7.898003e-04,7.366036e-04,6.862513e-04,4.473550e-04,3.866522e-04,2.816749e-04,2.268438e-04,7.388369e-04,6.879360e-04,8.101569e-04,7.667946e-04,6.984939e-04,6.473232e-04,1.577903e-04,1.204067e-04,8.440661e-04,7.990433e-04,6.613509e-04,7.597227e-04,7.115362e-04
4.055000e+02,7.549369e-04,7.068429e-04,7.443290e-04,6.950113e-04,7.518033e-04,7.033440e-04,7.574145e-04,7.096119e-04,7.614686e-04,7.141489e-04,6.221674e-04,5.727792e-04,8.327312e-04,7.866603e-04,7.333757e-04,6.830934e-04,4.441785e-04,3.837559e-04,2.789243e-04,2.245014e-04,7.355304e-04,6.847392e-04,8.070493e-04,7.637251e-04,6.952085e-04,6.441616e-04,1.558772e-04,1.188681e-04,8.409175e-04,7.959247e-04,6.582927e-04,7.565304e-04,7.084054e-04
4.060000e+02,7.517565e-04,7.037249e-04,7.411251e-04,6.918726e-04,7.486158e-04,7.002197e-04,7.542397e-04,7.064989e-04,7.583032e-04,7.110444e-04,6.190660e-04,5.697928e-04,8.295659e-04,7.835275e-04,7.301561e-04,6.799444e-04,4.410178e-04,3.808753e-04,2.761943e-04,2.221780e-04,7.322334e-04,6.815524e-04,8.039486e-04,7.606631e-04,6.919332e-04,6.410105e-04,1.539829e-04,1.173458e-04,8.377753e-04,7.928132e-04,6.552436e-04,7.533460e-04,7.052832e-04
4.065000e+02,7.485840e-04,7.006153e-04,7.379293e-04,6.887426e-04,7.454363e-04,6.971040e-04,7.510728e-04,7.033943e-04,7.551456e-04,7.079483e-04,6.159747e-04,5.668170e-04,8.264072e-04,7.804019e-04,7.269447e-04,6.768043e-04,4.378730e-04,3.780105e-04,2.734846e-04,2.198735e-04,7.289459e-04,6.783755e-04,8.008549e-04,7.576086e-04,6.886681e-04,6.378699e-04,1.521074e-04,1.158397e-04,8.346395e-04,7.897088e-04,6.522036e-04,7.501696e-04,7.021694e-04
4.070000e+02,7.454194e-04,6.975144e-04,7.347415e-04,6.856213e-04,7.422647e-04,6.939969e-04,7.479138e-04,7.002983e-04,7.519959e-04,7.048606e-04,6.128936e-04,5.638518e-04,8.232551e-04,7.772835e-04,7.237415e-04,6.736731e-04,4.347439e-04,3.751615e-04,2.707953e-04,2.175879e-04,7.256679e-04,6.752085e-04,7.977681e-04,7.545617e-04,6.854131e-04,6.347397e-04,1.502505e-04,1.143497e-04,8.315102e-04,7.866115e-04,6.491727e-04,7.470010e-04,6.990641e-04
4.075000e+02,7.422627e-04,6.944219e-04,7.315618e-04,6.825087e-04,7.391012e-04,6.908983e-04,7.447627e-04,6.972108e-04,7.488540e-04,7.017814e-04,6.098227e-04,5.608971e-04,8.201095e-04,7.741723e-04,7.205467e-04,6.705508e-04,4.316306e-04,3.723282e-04,2.681262e-04,2.153210e-04,7.223993e-04,6.720513e-04,7.946884e-04,7.515223e-04,6.821682e-04,6.316201e-04,1.484120e-04,1.128757e-04,8.283874e-04,7.835213e-04,6.461510e-04,7.438404e-04,6.959674e-04
4.080000e+02,7.391140e-04,6.913380e-04,7.283901e-04,6.794047e-04,7.359456e-04,6.878083e-04,7.416194e-04,6.941318e-04,7.457200e-04,6.987106e-04,6.067619e-04,5.579531e-04,8.169706e-04,7.710684e-04,7.173601e-04,6.674373e-04,4.285331e-04,3.695105e-04,2.654773e-04,2.130728e-04,7.191403e-04,6.689041e-04,7.916157e-04,7.484905e-04,6.789335e-04,6.285108e-04,1.465919e-04,1.114175e-04,8.252711e-04,7.804382e-04,6.431383e-04,7.406877e-04,6.928792e-04
4.085000e+02,7.359732e-04,6.882626e-04,7.252266e-04,6.763094e-04,7.327979e-04,6.847269e-04,7.384841e-04,6.910613e-04,7.425938e-04,6.956483e-04,6.037112e-04,5.550197e-04,8.138382e-04,7.679716e-04,7.141818e-04,6.643328e-04,4.254513e-04,3.667085e-04,2.628484e-04,2.108431e-04,7.158907e-04,6.657667e-04,7.885499e-04,7.454663e-04,6.757089e-04,6.254121e-04,1.447899e-04,1.099750e-04,8.221613e-04,7.773623e-04,6.401348e-04,7.375429e-04,6.897996e-04
4.090000e+02,7.328404e-04,6.851958e-04,7.220711e-04,6.732229e-04,7.296583e-04,6.816541e-04,7.353568e-04,6.879993e-04,7.394756e-04,6.925944e-04,6.006706e-04,5.520968e-04,8.107125e-04,7.648821e-04,7.110118e-04,6.612372e-04,4.223852e-04,3.639221e-04,2.602395e-04,2.086319e-04,7.126507e-04,6.626392e-04,7.854912e-04,7.424496e-04,6.724945e-04,6.223237e-04,1.430061e-04,1.085481e-04,8.190580e-04,7.742934e-04,6.371404e-04,7.344061e-04,6.867285e-04
4.095000e+02,7.297155e-04,6.821375e-04,7.189237e-04,6.701450e-04,7.265267e-04,6.785899e-04,7.322373e-04,6.849458e-04,7.363652e-04,6.895490e-04,5.976402e-04,5.491844e-04,8.075933e-04,7.617998e-04,7.078501e-04,6.581505e-04,4.193347e-04,3.611513e-04,2.576506e-04,2.064391e-04,7.094201e-04,6.595216e-04,7.824395e-04,7.394405e-04,6.692902e-04,6.192458e-04,1.412403e-04,1.071366e-04,8.159612e-04,7.712317e-04,6.341551e-04,7.312773e-04,6.836659e-04
4.100000e+02,7.265986e-04,6.790877e-04,7.157845e-04,6.670758e-04,7.234031e-04,6.755343e-04,7.291258e-04,6.819008e-04,7.332627e-04,6.865121e-04,5.946199e-04,5.462826e-04,8.044809e-04,7.587248e-04,7.046968e-04,6.550727e-04,4.163000e-04,3.583960e-04,2.550815e-04,2.042645e-04,7.061991e-04,6.564139e-04,7.793948e-04,7.364389e-04,6.660960e-04,6.161783e-04,1.394923e-04,1.057404e-04,8.128710e-04,7.681772e-04,6.311789e-04,7.281564e-04,6.806119e-04
4.105000e+02,7.234897e-04,6.760466e-04,7.126533e-04,6.640153e-04,7.202875e-04,6.724872e-04,7.260222e-04,6.788643e-04,7.301681e-04,6.834836e-04,5.916098e-04,5.433914e-04,8.013750e-04,7.556571e-04,7.015517e-04,6.520039e-04,4.132808e-04,3.556562e-04,2.525321e-04,2.021081e-04,7.029875e-04,6.533161e-04,7.763571e-04,7.334449e-04,6.629119e-04,6.131213e-04,1.377620e-04,1.043595e-04,8.097873e-04,7.651298e-04,6.282118e-04,7.250435e-04,6.775664e-04
4.110000e+02,7.203888e-04,6.730139e-04,7.095303e-04,6.609635e-04,7.171799e-04,6.694488e-04,7.229266e-04,6.758364e-04,7.270814e-04,6.804636e-04,5.886097e-04,5.405107e-04,7.982758e-04,7.525966e-04,6.984150e-04,6.489439e-04,4.102773e-04,3.529319e-04,2.500024e-04,1.999698e-04,6.997855e-04,6.502281e-04,7.733265e-04,7.304586e-04,6.597380e-04,6.100746e-04,1.360493e-04,1.029937e-04,8.067102e-04,7.620896e-04,6.252539e-04,7.219386e-04,6.745295e-04
4.115000e+02,7.172958e-04,6.699898e-04,7.064154e-04,6.579204e-04,7.140804e-04,6.664189e-04,7.198390e-04,6.728170e-04,7.240026e-04,6.774521e-04,5.856198e-04,5.376405e-04,7.951833e-04,7.495434e-04,6.952867e-04,6.458929e-04,4.072893e-04,3.502230e-04,2.474923e-04,1.978495e-04,6.965930e-04,6.471500e-04,7.703030e-04,7.274797e-04,6.565742e-04,6.070383e-04,1.343540e-04,1.016428e-04,8.036396e-04,7.590565e-04,6.223050e-04,7.188416e-04,6.715012e-04
4.120000e+02,7.142109e-04,6.669743e-04,7.033086e-04,6.548860e-04,7.109888e-04,6.633977e-04,7.167593e-04,6.698061e-04,7.209317e-04,6.744490e-04,5.826400e-04,5.347809e-04,7.920975e-04,7.464975e-04,6.921666e-04,6.428508e-04,4.043169e-04,3.475294e-04,2.450017e-04,1.957470e-04,6.934100e-04,6.440817e-04,7.672865e-04,7.245085e-04,6.534205e-04,6.040125e-04,1.326761e-04,1.003068e-04,8.005757e-04,7.560306e-04,6.193653e-04,7.157527e-04,6.684814e-04
4.125000e+02,7.111339e-04,6.639674e-04,7.002100e-04,6.518603e-04,7.079054e-04,6.603850e-04,7.136876e-04,6.668037e-04,7.178688e-04,6.714544e-04,5.796703e-04,5.319317e-04,7.890183e-04,7.434588e-04,6.890550e-04,6.398177e-04,4.013600e-04,3.448512e-04,2.425305e-04,1.936624e-04,6.902365e-04,6.410233e-04,7.642770e-04,7.215449e-04,6.502769e-04,6.009970e-04,1.310155e-04,9.898544e-05,7.975183e-04,7.530119e-04,6.164346e-04,7.126717e-04,6.654701e-04
4.130000e+02,7.080650e-04,6.609690e-04,6.971195e-04,6.488433e-04,7.048300e-04,6.573810e-04,7.106239e-04,6.638099e-04,7.148137e-04,6.684683e-04,5.767108e-04,5.290931e-04,7.859459e-04,7.404275e-04,6.859517e-04,6.367934e-04,3.984186e-04,3.421883e-04,2.400786e-04,1.915955e-04,6.870726e-04,6.379747e-04,7.612747e-04,7.185889e-04,6.471435e-04,5.979919e-04,1.293719e-04,9.767873e-05,7.944675e-04,7.500004e-04,6.135131e-04,7.095988e-04,6.624675e-04
4.135000e+02,7.050041e-04,6.579792e-04,6.940372e-04,6.458351e-04,7.017626e-04,6.543856e-04,7.075682e-04,6.608246e-04,7.117667e-04,6.654907e-04,5.737613e-04,5.262649e-04,7.828802e-04,7.374034e-04,6.828567e-04,6.337781e-04,3.954926e-04,3.395407e-04,2.376460e-04,1.895462e-04,6.839181e-04,6.349360e-04,7.582794e-04,7.156404e-04,6.440201e-04,5.949971e-04,1.277453e-04,9.638651e-05,7.914234e-04,7.469960e-04,6.106006e-04,7.065339e-04,6.594734e-04
4.140000e+02,7.019512e-04,6.549979e-04,6.909630e-04,6.428355e-04,6.987033e-04,6.513988e-04,7.045204e-04,6.578479e-04,7.087275e-04,6.625216e-04,5.708220e-04,5.234472e-04,7.798212e-04,7.343867e-04,6.797701e-04,6.307718e-04,3.925821e-04,3.369083e-04,2.352325e-04,1.875144e-04,6.807732e-04,6.319072e-04,7.552912e-04,7.126996e-04,6.409069e-04,5.920127e-04,1.261355e-04,9.510864e-05,7.883859e-04,7.439989e-04,6.076973e-04,7.034770e-04,6.564878e-04
4.145000e+02,6.989063e-04,6.520252e-04,6.878970e-04,6.398447e-04,6.956521e-04,6.484206e-04,7.014807e-04,6.548797e-04,7.056964e-04,6.595610e-04,5.678927e-04,5.206400e-04,7.767689e-04,7.313773e-04,6.766920e-04,6.277743e-04,3.896870e-04,3.342911e-04,2.328381e-04,1.855000e-04,6.776378e-04,6.288881e-04,7.523101e-04,7.097664e-04,6.378038e-04,5.890387e-04,1.245425e-04,9.384502e-05,7.853550e-04,7.410090e-04,6.048030e-04,7.004281e-04,6.535109e-04
4.150000e+02,6.958695e-04,6.490611e-04,6.848392e-04,6.368626e-04,6.926090e-04,6.454510e-04,6.984489e-04,6.519200e-04,7.026732e-04,6.566088e-04,5.649736e-04,5.178433e-04,7.737233e-04,7.283752e-04,6.736221e-04,6.247859e-04,3.868073e-04,3.316890e-04,2.304627e-04,1.835029e-04,6.745119e-04,6.258789e-04,7.493361e-04,7.068408e-04,6.347108e-04,5.860750e-04,1.229661e-04,9.259552e-05,7.823307e-04,7.380263e-04,6.019179e-04,6.973873e-04,6.505425e-04
4.155000e+02,6.928408e-04,6.461056e-04,6.817896e-04,6.338893e-04,6.895739e-04,6.424901e-04,6.954252e-04,6.489689e-04,6.996579e-04,6.536652e-04,5.620645e-04,5.150570e-04,7.706846e-04,7.253805e-04,6.705607e-04,6.218063e-04,3.839430e-04,3.291020e-04,2.281061e-04,1.815231e-04,6.713955e-04,6.228795e-04,7.463692e-04,7.039228e-04,6.316278e-04,5.831216e-04,1.214061e-04,9.136003e-05,7.793131e-04,7.350509e-04,5.990418e-04,6.943545e-04,6.475827e-04
4.160000e+02,6.898200e-04,6.431587e-04,6.787481e-04,6.309246e-04,6.865469e-04,6.395377e-04,6.924095e-04,6.460263e-04,6.966506e-04,6.507300e-04,5.591655e-04,5.122811e-04,7.676525e-04,7.223931e-04,6.675077e-04,6.188357e-04,3.810939e-04,3.265300e-04,2.257684e-04,1.795604e-04,6.682886e-04,6.198899e-04,7.434094e-04,7.010124e-04,6.285550e-04,5.801785e-04,1.198625e-04,9.013842e-05,7.763022e-04,7.320826e-04,5.961748e-04,6.913297e-04,6.446314e-04
4.165000e+02,6.868074e-04,6.402203e-04,6.757149e-04,6.279687e-04,6.835281e-04,6.365940e-04,6.894018e-04,6.430923e-04,6.936513e-04,6.478034e-04,5.562766e-04,5.095157e-04,7.646273e-04,7.194130e-04,6.644631e-04,6.158741e-04,3.782602e-04,3.239731e-04,2.234494e-04,1.776148e-04,6.651913e-04,6.169101e-04,7.404567e-04,6.981096e-04,6.254923e-04,5.772457e-04,1.183351e-04,8.893058e-05,7.732979e-04,7.291217e-04,5.933170e-04,6.883130e-04,6.416888e-04
4.170000e+02,6.838027e-04,6.372905e-04,6.726898e-04,6.250215e-04,6.805173e-04,6.336589e-04,6.864022e-04,6.401668e-04,6.906600e-04,6.448852e-04,5.533978e-04,5.067607e-04,7.616088e-04,7.164403e-04,6.614269e-04,6.129213e-04,3.754417e-04,3.214312e-04,2.211491e-04,1.756860e-04,6.621034e-04,6.139402e-04,7.375111e-04,6.952145e-04,6.224396e-04,5.743232e-04,1.168239e-04,8.773639e-05,7.703003e-04,7.261679e-04,5.904681e-04,6.853044e-04,6.387547e-04
4.175000e+02,6.808062e-04,6.343693e-04,6.696730e-04,6.220830e-04,6.775146e-04,6.307325e-04,6.834106e-04,6.372499e-04,6.876766e-04,6.419755e-04,5.505291e-04,5.040161e-04,7.585971e-04,7.134749e-04,6.583991e-04,6.099776e-04,3.726384e-04,3.189042e-04,2.188673e-04,1.737741e-04,6.590251e-04,6.109800e-04,7.345727e-04,6.923269e-04,6.193970e-04,5.714110e-04,1.153286e-04,8.655574e-05,7.673094e-04,7.232214e-04,5.876284e-04,6.823038e-04,6.358292e-04
4.180000e+02,6.778177e-04,6.314567e-04,6.666643e-04,6.191533e-04,6.745200e-04,6.278146e-04,6.804270e-04,6.343415e-04,6.847013e-04,6.390744e-04,5.476704e-04,5.012819e-04,7.555922e-04,7.105169e-04,6.553797e-04,6.070428e-04,3.698503e-04,3.163921e-04,2.166039e-04,1.718790e-04,6.559563e-04,6.080296e-04,7.316414e-04,6.894470e-04,6.163645e-04,5.685091e-04,1.138492e-04,8.538850e-05,7.643252e-04,7.202822e-04,5.847978e-04,6.793113e-04,6.329123e-04
4.185000e+02,6.748373e-04,6.285526e-04,6.636639e-04,6.162323e-04,6.715336e-04,6.249054e-04,6.774515e-04,6.314417e-04,6.817339e-04,6.361817e-04,5.448218e-04,4.985581e-04,7.525942e-04,7.075663e-04,6.523687e-04,6.041169e-04,3.670774e-04,3.138948e-04,2.143590e-04,1.700005e-04,6.528970e-04,6.050890e-04,7.287173e-04,6.865747e-04,6.133420e-04,5.656174e-04,1.123855e-04,8.423457e-05,7.613477e-04,7.173502e-04,5.819762e-04,6.763268e-04,6.300039e-04
4.190000e+02,6.718650e-04,6.256572e-04,6.606717e-04,6.133200e-04,6.685553e-04,6.220048e-04,6.744840e-04,6.285504e-04,6.787746e-04,6.332975e-04,5.419832e-04,4.958447e-04,7.496029e-04,7.046230e-04,6.493662e-04,6.012000e-04,3.643196e-04,3.114123e-04,2.121323e-04,1.681386e-04,6.498472e-04,6.021581e-04,7.258002e-04,6.837101e-04,6.103296e-04,5.627359e-04,1.109375e-04,8.309383e-05,7.583770e-04,7.144254e-04,5.791637e-04,6.733505e-04,6.271042e-04
4.195000e+02,6.689007e-04,6.227703e-04,6.576877e-04,6.104165e-04,6.655851e-04,6.191128e-04,6.715245e-04,6.256677e-04,6.758232e-04,6.304218e-04,5.391547e-04,4.931416e-04,7.466185e-04,7.016871e-04,6.463721e-04,5.982920e-04,3.615769e-04,3.089447e-04,2.099238e-04,1.662931e-04,6.468069e-04,5.992370e-04,7.228904e-04,6.808530e-04,6.073273e-04,5.598648e-04,1.095050e-04,8.196616e-05,7.554129e-04,7.115080e-04,5.763602e-04,6.703822e-04,6.242130e-04
4.200000e+02,6.659446e-04,6.198920e-04,6.547119e-04,6.075216e-04,6.626230e-04,6.162295e-04,6.685732e-04,6.227935e-04,6.728799e-04,6.275547e-04,5.363363e-04,4.904489e-04,7.436409e-04,6.987586e-04,6.433864e-04,5.953929e-04,3.588493e-04,3.064917e-04,2.077334e-04,1.644640e-04,6.437761e-04,5.963257e-04,7.199877e-04,6.780036e-04,6.043350e-04,5.570038e-04,1.080878e-04,8.085144e-05,7.524556e-04,7.085978e-04,5.735658e-04,6.674220e-04,6.213305e-04
4.205000e+02,6.629965e-04,6.170223e-04,6.517444e-04,6.046356e-04,6.596690e-04,6.133548e-04,6.656299e-04,6.199279e-04,6.699446e-04,6.246960e-04,5.335278e-04,4.877665e-04,7.406701e-04,6.958375e-04,6.404092e-04,5.925029e-04,3.561367e-04,3.040534e-04,2.055610e-04,1.626511e-04,6.407548e-04,5.934241e-04,7.170921e-04,6.751619e-04,6.013527e-04,5.541530e-04,1.066859e-04,7.974958e-05,7.495051e-04,7.056949e-04,5.707805e-04,6.644699e-04,6.184565e-04
4.210000e+02,6.600566e-04,6.141612e-04,6.487851e-04,6.017582e-04,6.567232e-04,6.104887e-04,6.626946e-04,6.170708e-04,6.670173e-04,6.218458e-04,5.307294e-04,4.850945e-04,7.377062e-04,6.929238e-04,6.374405e-04,5.896217e-04,3.534391e-04,3.016297e-04,2.034065e-04,1.608545e-04,6.377430e-04,5.905323e-04,7.142037e-04,6.723277e-04,5.983805e-04,5.513125e-04,1.052992e-04,7.866044e-05,7.465613e-04,7.027993e-04,5.680042e-04,6.615259e-04,6.155910e-04
4.215000e+02,6.571247e-04,6.113087e-04,6.458340e-04,5.988896e-04,6.537856e-04,6.076312e-04,6.597674e-04,6.142223e-04,6.640980e-04,6.190041e-04,5.279411e-04,4.824328e-04,7.347492e-04,6.900175e-04,6.344801e-04,5.867495e-04,3.507564e-04,2.992206e-04,2.012699e-04,1.590738e-04,6.347407e-04,5.876501e-04,7.113225e-04,6.695012e-04,5.954183e-04,5.484821e-04,1.039274e-04,7.758392e-05,7.436242e-04,6.999110e-04,5.652370e-04,6.585900e-04,6.127342e-04
4.220000e+02,6.542010e-04,6.084647e-04,6.428912e-04,5.960297e-04,6.508561e-04,6.047824e-04,6.568483e-04,6.113823e-04,6.611867e-04,6.161710e-04,5.251627e-04,4.797813e-04,7.317990e-04,6.871186e-04,6.315283e-04,5.838863e-04,3.480887e-04,2.968261e-04,1.991510e-04,1.573092e-04,6.317479e-04,5.847778e-04,7.084485e-04,6.666824e-04,5.924661e-04,5.456619e-04,1.025706e-04,7.651991e-05,7.406939e-04,6.970300e-04,5.624788e-04,6.556622e-04,6.098860e-04
4.225000e+02,6.512853e-04,6.056293e-04,6.399566e-04,5.931786e-04,6.479347e-04,6.019422e-04,6.539373e-04,6.085509e-04,6.582835e-04,6.133463e-04,5.223943e-04,4.771402e-04,7.288557e-04,6.842271e-04,6.285849e-04,5.810320e-04,3.454359e-04,2.944461e-04,1.970498e-04,1.555605e-04,6.287646e-04,5.819151e-04,7.055816e-04,6.638711e-04,5.895239e-04,5.428519e-04,1.012286e-04,7.546830e-05,7.377704e-04,6.941563e-04,5.597296e-04,6.527425e-04,6.070463e-04
4.230000e+02,6.483778e-04,6.028026e-04,6.370303e-04,5.903361e-04,6.450215e-04,5.991106e-04,6.510344e-04,6.057280e-04,6.553883e-04,6.105301e-04,5.196360e-04,4.745094e-04,7.259193e-04,6.813430e-04,6.256499e-04,5.781866e-04,3.427979e-04,2.920805e-04,1.949661e-04,1.538275e-04,6.257907e-04,5.790621e-04,7.027219e-04,6.610675e-04,5.865918e-04,5.400520e-04,9.990120e-05,7.442896e-05,7.348537e-04,6.912899e-04,5.569895e-04,6.498309e-04,6.042152e-04
4.235000e+02,6.454784e-04,5.999844e-04,6.341123e-04,5.875024e-04,6.421164e-04,5.962877e-04,6.481395e-04,6.029137e-04,6.525011e-04,6.077224e-04,5.168876e-04,4.718888e-04,7.229897e-04,6.784664e-04,6.227234e-04,5.753502e-04,3.401748e-04,2.897293e-04,1.928999e-04,1.521102e-04,6.228264e-04,5.762188e-04,6.998694e-04,6.582716e-04,5.836696e-04,5.372622e-04,9.858837e-05,7.340180e-05,7.319438e-04,6.884308e-04,5.542584e-04,6.469274e-04,6.013927e-04
4.240000e+02,6.425871e-04,5.971747e-04,6.312025e-04,5.846775e-04,6.392195e-04,5.934733e-04,6.452528e-04,6.001079e-04,6.496220e-04,6.049232e-04,5.141493e-04,4.692785e-04,7.200671e-04,6.755971e-04,6.198054e-04,5.725227e-04,3.375665e-04,2.873925e-04,1.908511e-04,1.504085e-04,6.198715e-04,5.733852e-04,6.970241e-04,6.554833e-04,5.807574e-04,5.344826e-04,9.728998e-05,7.238671e-05,7.290406e-04,6.855790e-04,5.515363e-04,6.440321e-04,5.985788e-04
4.245000e+02,6.397039e-04,5.943737e-04,6.283009e-04,5.818612e-04,6.363308e-04,5.906676e-04,6.423741e-04,5.973107e-04,6.467509e-04,6.021325e-04,5.114209e-04,4.666784e-04,7.171514e-04,6.727353e-04,6.168959e-04,5.697042e-04,3.349729e-04,2.850700e-04,1.888196e-04,1.487223e-04,6.169261e-04,5.705613e-04,6.941860e-04,6.527026e-04,5.778552e-04,5.317131e-04,9.600589e-05,7.138356e-05,7.261443e-04,6.827346e-04,5.488233e-04,6.411448e-04,5.957735e-04
4.250000e+02,6.368289e-04,5.915812e-04,6.254077e-04,5.790537e-04,6.334502e-04,5.878705e-04,6.395035e-04,5.945220e-04,6.438879e-04,5.993503e-04,5.087025e-04,4.640885e-04,7.142426e-04,6.698809e-04,6.139948e-04,5.668946e-04,3.323940e-04,2.827618e-04,1.868052e-04,1.470515e-04,6.139901e-04,5.677471e-04,6.913551e-04,6.499295e-04,5.749630e-04,5.289537e-04,9.473601e-05,7.039226e-05,7.232548e-04,6.798974e-04,5.461192e-04,6.382657e-04,5.929768e-04
4.255000e+02,6.339620e-04,5.887974e-04,6.225227e-04,5.762549e-04,6.305778e-04,5.850821e-04,6.366410e-04,5.917419e-04,6.410329e-04,5.965766e-04,5.059940e-04,4.615089e-04,7.113407e-04,6.670340e-04,6.111022e-04,5.640940e-04,3.298298e-04,2.804678e-04,1.848080e-04,1.453960e-04,6.110636e-04,5.649425e-04,6.885314e-04,6.471641e-04,5.720807e-04,5.262044e-04,9.348020e-05,6.941270e-05,7.203721e-04,6.770676e-04,5.434242e-04,6.353947e-04,5.901886e-04
4.260000e+02,6.311032e-04,5.860221e-04,6.196459e-04,5.734648e-04,6.277136e-04,5.823022e-04,6.337867e-04,5.889703e-04,6.381859e-04,5.938114e-04,5.032955e-04,4.589394e-04,7.084458e-04,6.641945e-04,6.082181e-04,5.613023e-04,3.272802e-04,2.781880e-04,1.828278e-04,1.437557e-04,6.081466e-04,5.621475e-04,6.857149e-04,6.444064e-04,5.692084e-04,5.234651e-04,9.223835e-05,6.844476e-05,7.174963e-04,6.742451e-04,5.407382e-04,6.325319e-04,5.874090e-04
4.265000e+02,6.282525e-04,5.832553e-04,6.167775e-04,5.706835e-04,6.248575e-04,5.795310e-04,6.309404e-04,5.862073e-04,6.353471e-04,5.910547e-04,5.006070e-04,4.563802e-04,7.055578e-04,6.613624e-04,6.053424e-04,5.585195e-04,3.247452e-04,2.759224e-04,1.808645e-04,1.421305e-04,6.052390e-04,5.593622e-04,6.829056e-04,6.416563e-04,5.663460e-04,5.207359e-04,9.101036e-05,6.748834e-05,7.146272e-04,6.714300e-04,5.380611e-04,6.296772e-04,5.846380e-04
4.270000e+02,6.254100e-04,5.804972e-04,6.139173e-04,5.679109e-04,6.220096e-04,5.767684e-04,6.281022e-04,5.834528e-04,6.325162e-04,5.883065e-04,4.979283e-04,4.538311e-04,7.026767e-04,6.585378e-04,6.024753e-04,5.557456e-04,3.222248e-04,2.736708e-04,1.789181e-04,1.405204e-04,6.023409e-04,5.565865e-04,6.801035e-04,6.389138e-04,5.634935e-04,5.180168e-04,8.979609e-05,6.654334e-05,7.117651e-04,6.686222e-04,5.353931e-04,6.268306e-04,5.818755e-04
4.275000e+02,6.225756e-04,5.777476e-04,6.110654e-04,5.651470e-04,6.191699e-04,5.740144e-04,6.252721e-04,5.807068e-04,6.296935e-04,5.855668e-04,4.952597e-04,4.512922e-04,6.998026e-04,6.557206e-04,5.996166e-04,5.529807e-04,3.197190e-04,2.714332e-04,1.769884e-04,1.389251e-04,5.994522e-04,5.538205e-04,6.773086e-04,6.361790e-04,5.606510e-04,5.153076e-04,8.859544e-05,6.560964e-05,7.089097e-04,6.658217e-04,5.327340e-04,6.239921e-04,5.791217e-04
4.280000e+02,6.197494e-04,5.750066e-04,6.082217e-04,5.623918e-04,6.163384e-04,5.712690e-04,6.224502e-04,5.779694e-04,6.268787e-04,5.828355e-04,4.926009e-04,4.487634e-04,6.969354e-04,6.529109e-04,5.967664e-04,5.502247e-04,3.172276e-04,2.692097e-04,1.750753e-04,1.373447e-04,5.965730e-04,5.510640e-04,6.745210e-04,6.334518e-04,5.578184e-04,5.126085e-04,8.740830e-05,6.468714e-05,7.060612e-04,6.630286e-04,5.300839e-04,6.211618e-04,5.763764e-04
4.285000e+02,6.169313e-04,5.722741e-04,6.053864e-04,5.596453e-04,6.135151e-04,5.685322e-04,6.196363e-04,5.752405e-04,6.240721e-04,5.801127e-04,4.899520e-04,4.462448e-04,6.940752e-04,6.501086e-04,5.939247e-04,5.474777e-04,3.147507e-04,2.670001e-04,1.731788e-04,1.357790e-04,5.937031e-04,5.483172e-04,6.717405e-04,6.307322e-04,5.549957e-04,5.099194e-04,8.623454e-05,6.377574e-05,7.032196e-04,6.602428e-04,5.274428e-04,6.183397e-04,5.736396e-04
4.290000e+02,6.141213e-04,5.695502e-04,6.025593e-04,5.569075e-04,6.106999e-04,5.658040e-04,6.168306e-04,5.725201e-04,6.212735e-04,5.773984e-04,4.873131e-04,4.437362e-04,6.912220e-04,6.473138e-04,5.910915e-04,5.447395e-04,3.122882e-04,2.648044e-04,1.712988e-04,1.342279e-04,5.908427e-04,5.455799e-04,6.689673e-04,6.280203e-04,5.521829e-04,5.072403e-04,8.507406e-05,6.287533e-05,7.003849e-04,6.574644e-04,5.248106e-04,6.155256e-04,5.709115e-04
4.295000e+02,6.113195e-04,5.668349e-04,5.997405e-04,5.541785e-04,6.078929e-04,5.630845e-04,6.140330e-04,5.698083e-04,6.184830e-04,5.746926e-04,4.846840e-04,4.412378e-04,6.883757e-04,6.445265e-04,5.882668e-04,5.420103e-04,3.098400e-04,2.626225e-04,1.694351e-04,1.326914e-04,5.879917e-04,5.428522e-04,6.662013e-04,6.253160e-04,5.493800e-04,5.045711e-04,8.392674e-05,6.198581e-05,6.975570e-04,6.546933e-04,5.221874e-04,6.127198e-04,5.681919e-04
4.300000e+02,6.085259e-04,5.641281e-04,5.969300e-04,5.514581e-04,6.050941e-04,5.603735e-04,6.112435e-04,5.671050e-04,6.157005e-04,5.719953e-04,4.820648e-04,4.387495e-04,6.855364e-04,6.417466e-04,5.854506e-04,5.392900e-04,3.074062e-04,2.604544e-04,1.675877e-04,1.311693e-04,5.851502e-04,5.401340e-04,6.634426e-04,6.226193e-04,5.465870e-04,5.019119e-04,8.279247e-05,6.110707e-05,6.947360e-04,6.519296e-04,5.195732e-04,6.099220e-04,5.654808e-04
4.305000e+02,6.057404e-04,5.614299e-04,5.941278e-04,5.487464e-04,6.023035e-04,5.576711e-04,6.084621e-04,5.644102e-04,6.129262e-04,5.693064e-04,4.794555e-04,4.362712e-04,6.827042e-04,6.389742e-04,5.826429e-04,5.365786e-04,3.049867e-04,2.583001e-04,1.657565e-04,1.296616e-04,5.823180e-04,5.374254e-04,6.606911e-04,6.199303e-04,5.438038e-04,4.992626e-04,8.167114e-05,6.023902e-05,6.919219e-04,6.491733e-04,5.169679e-04,6.071324e-04,5.627783e-04
4.310000e+02,6.029630e-04,5.587403e-04,5.913339e-04,5.460435e-04,5.995211e-04,5.549774e-04,6.056888e-04,5.617239e-04,6.101598e-04,5.666260e-04,4.768561e-04,4.338030e-04,6.798789e-04,6.362093e-04,5.798437e-04,5.338761e-04,3.025814e-04,2.561596e-04,1.639414e-04,1.281681e-04,5.794952e-04,5.347264e-04,6.579468e-04,6.172489e-04,5.410305e-04,4.966233e-04,8.056263e-05,5.938154e-05,6.891147e-04,6.464243e-04,5.143715e-04,6.043510e-04,5.600844e-04
4.315000e+02,6.001938e-04,5.560592e-04,5.885483e-04,5.433492e-04,5.967469e-04,5.522922e-04,6.029237e-04,5.590462e-04,6.074016e-04,5.639541e-04,4.742665e-04,4.313448e-04,6.770606e-04,6.334518e-04,5.770529e-04,5.311826e-04,3.001904e-04,2.540326e-04,1.621423e-04,1.266888e-04,5.766818e-04,5.320369e-04,6.552097e-04,6.145752e-04,5.382670e-04,4.939939e-04,7.946684e-05,5.853453e-05,6.863144e-04,6.436826e-04,5.117841e-04,6.015777e-04,5.573990e-04
4.320000e+02,5.974327e-04,5.533866e-04,5.857709e-04,5.406637e-04,5.939809e-04,5.496156e-04,6.001667e-04,5.563769e-04,6.046514e-04,5.612906e-04,4.716867e-04,4.288967e-04,6.742493e-04,6.307019e-04,5.742707e-04,5.284979e-04,2.978135e-04,2.519193e-04,1.603591e-04,1.252235e-04,5.738778e-04,5.293568e-04,6.524799e-04,6.119091e-04,5.355133e-04,4.913743e-04,7.838365e-05,5.769791e-05,6.835210e-04,6.409484e-04,5.092055e-04,5.988126e-04,5.547222e-04
4.325000e+02,5.946798e-04,5.507226e-04,5.830019e-04,5.379868e-04,5.912231e-04,5.469476e-04,5.974178e-04,5.537162e-04,6.019093e-04,5.586356e-04,4.691168e-04,4.264586e-04,6.714450e-04,6.279593e-04,5.714970e-04,5.258221e-04,2.954507e-04,2.498195e-04,1.585917e-04,1.237722e-04,5.710832e-04,5.266863e-04,6.497573e-04,6.092506e-04,5.327695e-04,4.887647e-04,7.731295e-05,5.687156e-05,6.807345e-04,6.382215e-04,5.066359e-04,5.960556e-04,5.520539e-04
4.330000e+02,5.919351e-04,5.480671e-04,5.802411e-04,5.353186e-04,5.884734e-04,5.442882e-04,5.946770e-04,5.510640e-04,5.991753e-04,5.559890e-04,4.665566e-04,4.240304e-04,6.686478e-04,6.252243e-04,5.687317e-04,5.231552e-04,2.931021e-04,2.477333e-04,1.568400e-04,1.223348e-04,5.682979e-04,5.240253e-04,6.470420e-04,6.065997e-04,5.300355e-04,4.861649e-04,7.625463e-05,5.605538e-05,6.779549e-04,6.355020e-04,5.040752e-04,5.933068e-04,5.493942e-04
4.335000e+02,5.891985e-04,5.454202e-04,5.774887e-04,5.326591e-04,5.857320e-04,5.416373e-04,5.919443e-04,5.484203e-04,5.964493e-04,5.533509e-04,4.640063e-04,4.216123e-04,6.658575e-04,6.224968e-04,5.659750e-04,5.204972e-04,2.907674e-04,2.456605e-04,1.551040e-04,1.209111e-04,5.655220e-04,5.213738e-04,6.443339e-04,6.039565e-04,5.273113e-04,4.835750e-04,7.520859e-05,5.524928e-05,6.751822e-04,6.327898e-04,5.015234e-04,5.905661e-04,5.467430e-04
4.340000e+02,5.864700e-04,5.427818e-04,5.747445e-04,5.300083e-04,5.829987e-04,5.389950e-04,5.892198e-04,5.457851e-04,5.937314e-04,5.507213e-04,4.614658e-04,4.192041e-04,6.630743e-04,6.197767e-04,5.632268e-04,5.178481e-04,2.884468e-04,2.436011e-04,1.533835e-04,1.195011e-04,5.627555e-04,5.187317e-04,6.416331e-04,6.013209e-04,5.245968e-04,4.809948e-04,7.417471e-05,5.445316e-05,6.724165e-04,6.300850e-04,4.989805e-04,5.878336e-04,5.441003e-04
4.345000e+02,5.837497e-04,5.401519e-04,5.720086e-04,5.273662e-04,5.802737e-04,5.363614e-04,5.865033e-04,5.431584e-04,5.910216e-04,5.481001e-04,4.589351e-04,4.168058e-04,6.602981e-04,6.170641e-04,5.604870e-04,5.152079e-04,2.861402e-04,2.415551e-04,1.516785e-04,1.181048e-04,5.599983e-04,5.160991e-04,6.389395e-04,5.986929e-04,5.218922e-04,4.784246e-04,7.315289e-05,5.366691e-05,6.696576e-04,6.273876e-04,4.964464e-04,5.851092e-04,5.414662e-04
4.350000e+02,5.810376e-04,5.375306e-04,5.692810e-04,5.247327e-04,5.775568e-04,5.337362e-04,5.837951e-04,5.405402e-04,5.883199e-04,5.454873e-04,4.564142e-04,4.144175e-04,6.575290e-04,6.143590e-04,5.577558e-04,5.125766e-04,2.838475e-04,2.395224e-04,1.499888e-04,1.167219e-04,5.572504e-04,5.134759e-04,6.362531e-04,5.960725e-04,5.191973e-04,4.758641e-04,7.214302e-05,5.289045e-05,6.669058e-04,6.246976e-04,4.939213e-04,5.823930e-04,5.388406e-04
4.355000e+02,5.783336e-04,5.349178e-04,5.665617e-04,5.221079e-04,5.748481e-04,5.311197e-04,5.810949e-04,5.379305e-04,5.856262e-04,5.428830e-04,4.539030e-04,4.120391e-04,6.547669e-04,6.116614e-04,5.550330e-04,5.099541e-04,2.815686e-04,2.375029e-04,1.483143e-04,1.153524e-04,5.545118e-04,5.108622e-04,6.335740e-04,5.934598e-04,5.165121e-04,4.733133e-04,7.114499e-05,5.212367e-05,6.641608e-04,6.220150e-04,4.914050e-04,5.796849e-04,5.362235e-04
4.360000e+02,5.756378e-04,5.323135e-04,5.638507e-04,5.194917e-04,5.721477e-04,5.285117e-04,5.784028e-04,5.353292e-04,5.829406e-04,5.402871e-04,4.514016e-04,4.096706e-04,6.520119e-04,6.089713e-04,5.523188e-04,5.073405e-04,2.793036e-04,2.354967e-04,1.466551e-04,1.139963e-04,5.517826e-04,5.082579e-04,6.309022e-04,5.908546e-04,5.138367e-04,4.707724e-04,7.015869e-05,5.136648e-05,6.614228e-04,6.193397e-04,4.888975e-04,5.769850e-04,5.336149e-04
4.365000e+02,5.729501e-04,5.297177e-04,5.611480e-04,5.168843e-04,5.694554e-04,5.259122e-04,5.757189e-04,5.327365e-04,5.802631e-04,5.376996e-04,4.489099e-04,4.073120e-04,6.492639e-04,6.062887e-04,5.496130e-04,5.047358e-04,2.770524e-04,2.335036e-04,1.450109e-04,1.126533e-04,5.490627e-04,5.056629e-04,6.282376e-04,5.882571e-04,5.111711e-04,4.682412e-04,6.918401e-05,5.061878e-05,6.586918e-04,6.166718e-04,4.863990e-04,5.742932e-04,5.310149e-04
4.370000e+02,5.702705e-04,5.271304e-04,5.584536e-04,5.142854e-04,5.667713e-04,5.233213e-04,5.730431e-04,5.301522e-04,5.775936e-04,5.351206e-04,4.464279e-04,4.049633e-04,6.465229e-04,6.036135e-04,5.469158e-04,5.021399e-04,2.748150e-04,2.315237e-04,1.433816e-04,1.113235e-04,5.463521e-04,5.030774e-04,6.255803e-04,5.856672e-04,5.085151e-04,4.657198e-04,6.822086e-05,4.988047e-05,6.559677e-04,6.140113e-04,4.839092e-04,5.716096e-04,5.284233e-04
4.375000e+02,5.675992e-04,5.245516e-04,5.557675e-04,5.116953e-04,5.640954e-04,5.207390e-04,5.703754e-04,5.275764e-04,5.749323e-04,5.325499e-04,4.439557e-04,4.026244e-04,6.437890e-04,6.009459e-04,5.442270e-04,4.995529e-04,2.725912e-04,2.295568e-04,1.417673e-04,1.100067e-04,5.436507e-04,5.005012e-04,6.229302e-04,5.830849e-04,5.058688e-04,4.632080e-04,6.726913e-05,4.915147e-05,6.532505e-04,6.113582e-04,4.814283e-04,5.689342e-04,5.258403e-04
4.380000e+02,5.649359e-04,5.219813e-04,5.530897e-04,5.091137e-04,5.614277e-04,5.181651e-04,5.677158e-04,5.250090e-04,5.722790e-04,5.299877e-04,4.414931e-04,4.002953e-04,6.410622e-04,5.982858e-04,5.415468e-04,4.969747e-04,2.703811e-04,2.276029e-04,1.401678e-04,1.087029e-04,5.409587e-04,4.979344e-04,6.202873e-04,5.805102e-04,5.032322e-04,4.607060e-04,6.632870e-05,4.843168e-05,6.505403e-04,6.087125e-04,4.789562e-04,5.662669e-04,5.232658e-04
4.385000e+02,5.622809e-04,5.194195e-04,5.504201e-04,5.065408e-04,5.587681e-04,5.155999e-04,5.650644e-04,5.224501e-04,5.696337e-04,5.274339e-04,4.390403e-04,3.979761e-04,6.383425e-04,5.956331e-04,5.388750e-04,4.944054e-04,2.681847e-04,2.256620e-04,1.385830e-04,1.074119e-04,5.382759e-04,4.953770e-04,6.176517e-04,5.779432e-04,5.006053e-04,4.582136e-04,6.539949e-05,4.772100e-05,6.478371e-04,6.060741e-04,4.764929e-04,5.636077e-04,5.206997e-04
4.390000e+02,5.596339e-04,5.168662e-04,5.477589e-04,5.039765e-04,5.561168e-04,5.130431e-04,5.624210e-04,5.198997e-04,5.669966e-04,5.248885e-04,4.365971e-04,3.956666e-04,6.356298e-04,5.929879e-04,5.362117e-04,4.918449e-04,2.660018e-04,2.237340e-04,1.370128e-04,1.061336e-04,5.356024e-04,4.928289e-04,6.150234e-04,5.753837e-04,4.979881e-04,4.557309e-04,6.448137e-05,4.701934e-05,6.451409e-04,6.034432e-04,4.740384e-04,5.609567e-04,5.181422e-04
4.395000e+02,5.569951e-04,5.143214e-04,5.451059e-04,5.014209e-04,5.534737e-04,5.104949e-04,5.597858e-04,5.173577e-04,5.643674e-04,5.223516e-04,4.341636e-04,3.933669e-04,6.329242e-04,5.903503e-04,5.335569e-04,4.892933e-04,2.638324e-04,2.218189e-04,1.354571e-04,1.048680e-04,5.329381e-04,4.902901e-04,6.124023e-04,5.728318e-04,4.953805e-04,4.532579e-04,6.357426e-05,4.632662e-05,6.424516e-04,6.008196e-04,4.715927e-04,5.583139e-04,5.155931e-04
4.400000e+02,5.543645e-04,5.117851e-04,5.424612e-04,4.988739e-04,5.508387e-04,5.079552e-04,5.571587e-04,5.148242e-04,5.617464e-04,5.198230e-04,4.317397e-04,3.910770e-04,6.302256e-04,5.877201e-04,5.309106e-04,4.867504e-04,2.616766e-04,2.199165e-04,1.339158e-04,1.036150e-04,5.302831e-04,4.877606e-04,6.097885e-04,5.702875e-04,4.927825e-04,4.507945e-04,6.267804e-05,4.564273e-05,6.397693e-04,5.982034e-04,4.691558e-04,5.556791e-04,5.130525e-04
4.405000e+02,5.517420e-04,5.092572e-04,5.398248e-04,4.963355e-04,5.482119e-04,5.054240e-04,5.545397e-04,5.122991e-04,5.591334e-04,5.173027e-04,4.293255e-04,3.887969e-04,6.275342e-04,5.850974e-04,5.282728e-04,4.842164e-04,2.595342e-04,2.180269e-04,1.323889e-04,1.023745e-04,5.276373e-04,4.852404e-04,6.071819e-04,5.677508e-04,4.901941e-04,4.483407e-04,6.179262e-05,4.496759e-05,6.370940e-04,5.955946e-04,4.667277e-04,5.530526e-04,5.105204e-04
4.410000e+02,5.491277e-04,5.067378e-04,5.371967e-04,4.938057e-04,5.455933e-04,5.029013e-04,5.519289e-04,5.097824e-04,5.565285e-04,5.147909e-04,4.269209e-04,3.865264e-04,6.248498e-04,5.824823e-04,5.256435e-04,4.816912e-04,2.574051e-04,2.161501e-04,1.308762e-04,1.011464e-04,5.250008e-04,4.827295e-04,6.045826e-04,5.652217e-04,4.876154e-04,4.458965e-04,6.091789e-05,4.430110e-05,6.344257e-04,5.929932e-04,4.643083e-04,5.504342e-04,5.079968e-04
4.415000e+02,5.465214e-04,5.042269e-04,5.345769e-04,4.912845e-04,5.429829e-04,5.003871e-04,5.493261e-04,5.072742e-04,5.539317e-04,5.122875e-04,4.245260e-04,3.842657e-04,6.221726e-04,5.798746e-04,5.230226e-04,4.791748e-04,2.552895e-04,2.142859e-04,1.293777e-04,9.993053e-05,5.223734e-04,4.802279e-04,6.019905e-04,5.627001e-04,4.850463e-04,4.434619e-04,6.005375e-05,4.364318e-05,6.317643e-04,5.903992e-04,4.618977e-04,5.478239e-04,5.054816e-04
4.420000e+02,5.439234e-04,5.017244e-04,5.319653e-04,4.887719e-04,5.403807e-04,4.978814e-04,5.467314e-04,5.047744e-04,5.513429e-04,5.097924e-04,4.221406e-04,3.820146e-04,6.195024e-04,5.772744e-04,5.204102e-04,4.766672e-04,2.531871e-04,2.124343e-04,1.278932e-04,9.872690e-05,5.197553e-04,4.777355e-04,5.994057e-04,5.601862e-04,4.824867e-04,4.410368e-04,5.920010e-05,4.299374e-05,6.291099e-04,5.878125e-04,4.594959e-04,5.452217e-04,5.029749e-04
4.425000e+02,5.413334e-04,4.992303e-04,5.293620e-04,4.862680e-04,5.377867e-04,4.953842e-04,5.441449e-04,5.022830e-04,5.487621e-04,5.073057e-04,4.197648e-04,3.797733e-04,6.168393e-04,5.746817e-04,5.178063e-04,4.741684e-04,2.510980e-04,2.105952e-04,1.264227e-04,9.753539e-05,5.171463e-04,4.752524e-04,5.968282e-04,5.576798e-04,4.799367e-04,4.386213e-04,5.835685e-05,4.235269e-05,6.264626e-04,5.852333e-04,4.571028e-04,5.426277e-04,5.004766e-04
4.430000e+02,5.387516e-04,4.967447e-04,5.267670e-04,4.837726e-04,5.352008e-04,4.928955e-04,5.415664e-04,4.998000e-04,5.461895e-04,5.048273e-04,4.173986e-04,3.775416e-04,6.141833e-04,5.720965e-04,5.152109e-04,4.716784e-04,2.490221e-04,2.087687e-04,1.249660e-04,9.635590e-05,5.145465e-04,4.727784e-04,5.942578e-04,5.551810e-04,4.773962e-04,4.362153e-04,5.752389e-05,4.171994e-05,6.238222e-04,5.826614e-04,4.547184e-04,5.400419e-04,4.979868e-04
4.435000e+02,5.361780e-04,4.942676e-04,5.241803e-04,4.812857e-04,5.326231e-04,4.904153e-04,5.389961e-04,4.973254e-04,5.436248e-04,5.023573e-04,4.150419e-04,3.753195e-04,6.115344e-04,5.695188e-04,5.126240e-04,4.691972e-04,2.469594e-04,2.069545e-04,1.235232e-04,9.518836e-05,5.119559e-04,4.703137e-04,5.916948e-04,5.526898e-04,4.748653e-04,4.338189e-04,5.670112e-05,4.109541e-05,6.211888e-04,5.800969e-04,4.523427e-04,5.374641e-04,4.955054e-04
4.440000e+02,5.336124e-04,4.917988e-04,5.216018e-04,4.788075e-04,5.300535e-04,4.879435e-04,5.364338e-04,4.948592e-04,5.410682e-04,4.998957e-04,4.126948e-04,3.731070e-04,6.088927e-04,5.669486e-04,5.100455e-04,4.667247e-04,2.449099e-04,2.051528e-04,1.220940e-04,9.403266e-05,5.093745e-04,4.678582e-04,5.891390e-04,5.502061e-04,4.723439e-04,4.314319e-04,5.588844e-05,4.047900e-05,6.185625e-04,5.775398e-04,4.499757e-04,5.348945e-04,4.930325e-04
4.445000e+02,5.310550e-04,4.893385e-04,5.190316e-04,4.763378e-04,5.274922e-04,4.854803e-04,5.338797e-04,4.924015e-04,5.385197e-04,4.974423e-04,4.103572e-04,3.709042e-04,6.062580e-04,5.643859e-04,5.074755e-04,4.642610e-04,2.428734e-04,2.033635e-04,1.206785e-04,9.288872e-05,5.068022e-04,4.654119e-04,5.865904e-04,5.477300e-04,4.698320e-04,4.290544e-04,5.508577e-05,3.987064e-05,6.159431e-04,5.749901e-04,4.476174e-04,5.323330e-04,4.905680e-04
4.450000e+02,5.285057e-04,4.868867e-04,5.164696e-04,4.738767e-04,5.249389e-04,4.830254e-04,5.313336e-04,4.899520e-04,5.359792e-04,4.949974e-04,4.080292e-04,3.687109e-04,6.036304e-04,5.618307e-04,5.049139e-04,4.618061e-04,2.408499e-04,2.015864e-04,1.192764e-04,9.175646e-05,5.042390e-04,4.629747e-04,5.840491e-04,5.452614e-04,4.673296e-04,4.266863e-04,5.429299e-05,3.927023e-05,6.133307e-04,5.724477e-04,4.452678e-04,5.297797e-04,4.881119e-04
4.455000e+02,5.259646e-04,4.844432e-04,5.139159e-04,4.714241e-04,5.223939e-04,4.805790e-04,5.287956e-04,4.875110e-04,5.334468e-04,4.925607e-04,4.057106e-04,3.665272e-04,6.010100e-04,5.592829e-04,5.023609e-04,4.593599e-04,2.388394e-04,1.998216e-04,1.178878e-04,9.063577e-05,5.016849e-04,4.605466e-04,5.815151e-04,5.428004e-04,4.648366e-04,4.243277e-04,5.351002e-05,3.867769e-05,6.107254e-04,5.699128e-04,4.429269e-04,5.272345e-04,4.856642e-04
4.460000e+02,5.234315e-04,4.820081e-04,5.113705e-04,4.689801e-04,5.198570e-04,4.781411e-04,5.262657e-04,4.850784e-04,5.309223e-04,4.901324e-04,4.034015e-04,3.643530e-04,5.983967e-04,5.567427e-04,4.998162e-04,4.569225e-04,2.368419e-04,1.980689e-04,1.165125e-04,8.952658e-05,4.991400e-04,4.581277e-04,5.789882e-04,5.403470e-04,4.623532e-04,4.219785e-04,5.273675e-05,3.809294e-05,6.081270e-04,5.673852e-04,4.405947e-04,5.246974e-04,4.832249e-04
4.465000e+02,5.209066e-04,4.795814e-04,5.088333e-04,4.665446e-04,5.173283e-04,4.757116e-04,5.237439e-04,4.826541e-04,5.284060e-04,4.877124e-04,4.011019e-04,3.621883e-04,5.957904e-04,5.542099e-04,4.972800e-04,4.544938e-04,2.348572e-04,1.963284e-04,1.151504e-04,8.842879e-05,4.966042e-04,4.557179e-04,5.764687e-04,5.379011e-04,4.598791e-04,4.196387e-04,5.197310e-05,3.751589e-05,6.055357e-04,5.648650e-04,4.382711e-04,5.221684e-04,4.807941e-04
4.470000e+02,5.183898e-04,4.771631e-04,5.063044e-04,4.641177e-04,5.148077e-04,4.732905e-04,5.212302e-04,4.802381e-04,5.258976e-04,4.853007e-04,3.988117e-04,3.600332e-04,5.931913e-04,5.516847e-04,4.947523e-04,4.520738e-04,2.328854e-04,1.946000e-04,1.138015e-04,8.734232e-05,4.940774e-04,4.533173e-04,5.739564e-04,5.354627e-04,4.574145e-04,4.173083e-04,5.121896e-05,3.694647e-05,6.029514e-04,5.623522e-04,4.359561e-04,5.196475e-04,4.783716e-04
4.475000e+02,5.158810e-04,4.747532e-04,5.037838e-04,4.616993e-04,5.122953e-04,4.708779e-04,5.187246e-04,4.778306e-04,5.233973e-04,4.828972e-04,3.965310e-04,3.578875e-04,5.905993e-04,5.491669e-04,4.922330e-04,4.496626e-04,2.309264e-04,1.928836e-04,1.124656e-04,8.626708e-05,4.915597e-04,4.509257e-04,5.714513e-04,5.330318e-04,4.549593e-04,4.149872e-04,5.047424e-05,3.638458e-05,6.003741e-04,5.598468e-04,4.336498e-04,5.171347e-04,4.759575e-04
4.480000e+02,5.133804e-04,4.723517e-04,5.012713e-04,4.592894e-04,5.097910e-04,4.684736e-04,5.162270e-04,4.754313e-04,5.209050e-04,4.805021e-04,3.942598e-04,3.557513e-04,5.880145e-04,5.466566e-04,4.897222e-04,4.472601e-04,2.289802e-04,1.911792e-04,1.111428e-04,8.520299e-05,4.890511e-04,4.485431e-04,5.689534e-04,5.306085e-04,4.525135e-04,4.126755e-04,4.973886e-05,3.583014e-05,5.978038e-04,5.573487e-04,4.313521e-04,5.146301e-04,4.735518e-04
4.485000e+02,5.108879e-04,4.699585e-04,4.987671e-04,4.568880e-04,5.072948e-04,4.660778e-04,5.137375e-04,4.730404e-04,5.184207e-04,4.781153e-04,3.919979e-04,3.536246e-04,5.854367e-04,5.441538e-04,4.872198e-04,4.448662e-04,2.270466e-04,1.894868e-04,1.098327e-04,8.414995e-05,4.865516e-04,4.461696e-04,5.664628e-04,5.281927e-04,4.500771e-04,4.103731e-04,4.901271e-05,3.528309e-05,5.952405e-04,5.548580e-04,4.290629e-04,5.121335e-04,4.711544e-04
4.490000e+02,5.084035e-04,4.675737e-04,4.962712e-04,4.544951e-04,5.048068e-04,4.636904e-04,5.112561e-04,4.706578e-04,5.159445e-04,4.757367e-04,3.897454e-04,3.515073e-04,5.828661e-04,5.416585e-04,4.847258e-04,4.424811e-04,2.251257e-04,1.878062e-04,1.085355e-04,8.310788e-05,4.840611e-04,4.438052e-04,5.639794e-04,5.257844e-04,4.476501e-04,4.080800e-04,4.829570e-05,3.474332e-05,5.926843e-04,5.523747e-04,4.267824e-04,5.096450e-04,4.687654e-04
4.495000e+02,5.059272e-04,4.651973e-04,4.937834e-04,4.521107e-04,5.023269e-04,4.613114e-04,5.087827e-04,4.682836e-04,5.134762e-04,4.733664e-04,3.875023e-04,3.493993e-04,5.803026e-04,5.391706e-04,4.822402e-04,4.401047e-04,2.232174e-04,1.861374e-04,1.072510e-04,8.207669e-05,4.815796e-04,4.414498e-04,5.615033e-04,5.233837e-04,4.452324e-04,4.057962e-04,4.758774e-05,3.421077e-05,5.901350e-04,5.498988e-04,4.245105e-04,5.071647e-04,4.663848e-04
4.500000e+02,5.034590e-04,4.628291e-04,4.913039e-04,4.497348e-04,4.998552e-04,4.589407e-04,5.063174e-04,4.659176e-04,5.110160e-04,4.710044e-04,3.852686e-04,3.473008e-04,5.777463e-04,5.366902e-04,4.797631e-04,4.377369e-04,2.213217e-04,1.844804e-04,1.059790e-04,8.105630e-05,4.791071e-04,4.391034e-04,5.590344e-04,5.209904e-04,4.428240e-04,4.035216e-04,4.688875e-05,3.368536e-05,5.875928e-04,5.474302e-04,4.222472e-04,5.046924e-04,4.640125e-04
4.505000e+02,5.009988e-04,4.604694e-04,4.888327e-04,4.473674e-04,4.973916e-04,4.565784e-04,5.038601e-04,4.635600e-04,5.085638e-04,4.686506e-04,3.830442e-04,3.452116e-04,5.751971e-04,5.342173e-04,4.772944e-04,4.353778e-04,2.194385e-04,1.828351e-04,1.047196e-04,8.004662e-05,4.766436e-04,4.367660e-04,5.565727e-04,5.186047e-04,4.404250e-04,4.012563e-04,4.619862e-05,3.316700e-05,5.850577e-04,5.449690e-04,4.199924e-04,5.022282e-04,4.616486e-04
4.510000e+02,4.985467e-04,4.581179e-04,4.863696e-04,4.450084e-04,4.949360e-04,4.542245e-04,5.014109e-04,4.612106e-04,5.061196e-04,4.663051e-04,3.808292e-04,3.431318e-04,5.726549e-04,5.317519e-04,4.748341e-04,4.330274e-04,2.175678e-04,1.812014e-04,1.034726e-04,7.904757e-05,4.741891e-04,4.344375e-04,5.541183e-04,5.162264e-04,4.380353e-04,3.990003e-04,4.551727e-05,3.265563e-05,5.825295e-04,5.425151e-04,4.177461e-04,4.997721e-04,4.592929e-04
4.515000e+02,4.961028e-04,4.557748e-04,4.839148e-04,4.426579e-04,4.924887e-04,4.518790e-04,4.989697e-04,4.588696e-04,5.036833e-04,4.639678e-04,3.786234e-04,3.410613e-04,5.701200e-04,5.292940e-04,4.723822e-04,4.306856e-04,2.157094e-04,1.795794e-04,1.022380e-04,7.805906e-05,4.717436e-04,4.321180e-04,5.516710e-04,5.138556e-04,4.356548e-04,3.967534e-04,4.484461e-05,3.215115e-05,5.800084e-04,5.400687e-04,4.155084e-04,4.973241e-04,4.569457e-04
4.520000e+02,4.936668e-04,4.534400e-04,4.814681e-04,4.403159e-04,4.900494e-04,4.495418e-04,4.965366e-04,4.565368e-04,5.012551e-04,4.616387e-04,3.764270e-04,3.390002e-04,5.675921e-04,5.268435e-04,4.699387e-04,4.283525e-04,2.138635e-04,1.779689e-04,1.010156e-04,7.708100e-05,4.693070e-04,4.298075e-04,5.492310e-04,5.114923e-04,4.332836e-04,3.945157e-04,4.418055e-05,3.165350e-05,5.774943e-04,5.376295e-04,4.132792e-04,4.948841e-04,4.546067e-04
4.525000e+02,4.912390e-04,4.511135e-04,4.790297e-04,4.379823e-04,4.876182e-04,4.472130e-04,4.941115e-04,4.542123e-04,4.988348e-04,4.593179e-04,3.742399e-04,3.369483e-04,5.650714e-04,5.244005e-04,4.675037e-04,4.260280e-04,2.120298e-04,1.763700e-04,9.980537e-05,7.611332e-05,4.668794e-04,4.275059e-04,5.467983e-04,5.091365e-04,4.309217e-04,3.922872e-04,4.352500e-05,3.116259e-05,5.749872e-04,5.351978e-04,4.110585e-04,4.924522e-04,4.522760e-04
4.530000e+02,4.888192e-04,4.487952e-04,4.765995e-04,4.356571e-04,4.851951e-04,4.448925e-04,4.916945e-04,4.518960e-04,4.964226e-04,4.570053e-04,3.720620e-04,3.349056e-04,5.625578e-04,5.219649e-04,4.650770e-04,4.237121e-04,2.102085e-04,1.747825e-04,9.860722e-05,7.515593e-05,4.644608e-04,4.252132e-04,5.443727e-04,5.067882e-04,4.285690e-04,3.900679e-04,4.287787e-05,3.067836e-05,5.724872e-04,5.327734e-04,4.088464e-04,4.900284e-04,4.499536e-04
4.535000e+02,4.864075e-04,4.464853e-04,4.741774e-04,4.333404e-04,4.827802e-04,4.425803e-04,4.892854e-04,4.495880e-04,4.940183e-04,4.547008e-04,3.698934e-04,3.328722e-04,5.600514e-04,5.195368e-04,4.626587e-04,4.214048e-04,2.083993e-04,1.732064e-04,9.742105e-05,7.420874e-05,4.620510e-04,4.229293e-04,5.419543e-04,5.044473e-04,4.262256e-04,3.878577e-04,4.223908e-05,3.020072e-05,5.699941e-04,5.303563e-04,4.066427e-04,4.876127e-04,4.476396e-04
4.540000e+02,4.840038e-04,4.441836e-04,4.717636e-04,4.310320e-04,4.803733e-04,4.402764e-04,4.868844e-04,4.472883e-04,4.916220e-04,4.524046e-04,3.677340e-04,3.308481e-04,5.575521e-04,5.171162e-04,4.602487e-04,4.191062e-04,2.066023e-04,1.716416e-04,9.624677e-05,7.327167e-05,4.596502e-04,4.206544e-04,5.395432e-04,5.021139e-04,4.238913e-04,3.856566e-04,4.160854e-05,2.972961e-05,5.675082e-04,5.279466e-04,4.044475e-04,4.852049e-04,4.453338e-04
4.545000e+02,4.816081e-04,4.418902e-04,4.693579e-04,4.287321e-04,4.779745e-04,4.379808e-04,4.844914e-04,4.449968e-04,4.892336e-04,4.501166e-04,3.655838e-04,3.288331e-04,5.550599e-04,5.147030e-04,4.578472e-04,4.168161e-04,2.048175e-04,1.700881e-04,9.508431e-05,7.234464e-05,4.572582e-04,4.183883e-04,5.371392e-04,4.997880e-04,4.215662e-04,3.834645e-04,4.098616e-05,2.926494e-05,5.650292e-04,5.255442e-04,4.022607e-04,4.828053e-04,4.430362e-04
4.550000e+02,4.792205e-04,4.396051e-04,4.669605e-04,4.264406e-04,4.755838e-04,4.356936e-04,4.821064e-04,4.427135e-04,4.868532e-04,4.478367e-04,3.634428e-04,3.268273e-04,5.525749e-04,5.122972e-04,4.554540e-04,4.145347e-04,2.030447e-04,1.685459e-04,9.393358e-05,7.142757e-05,4.548751e-04,4.161311e-04,5.347425e-04,4.974695e-04,4.192503e-04,3.812816e-04,4.037186e-05,2.880665e-05,5.625573e-04,5.231492e-04,4.000824e-04,4.804137e-04,4.407470e-04
4.555000e+02,4.768410e-04,4.373282e-04,4.645711e-04,4.241575e-04,4.732011e-04,4.334146e-04,4.797294e-04,4.404384e-04,4.844808e-04,4.455650e-04,3.613110e-04,3.248307e-04,5.500970e-04,5.098990e-04,4.530692e-04,4.122618e-04,2.012840e-04,1.670149e-04,9.279448e-05,7.052038e-05,4.525009e-04,4.138827e-04,5.323530e-04,4.951584e-04,4.169435e-04,3.791077e-04,3.976556e-05,2.835466e-05,5.600924e-04,5.207615e-04,3.979126e-04,4.780301e-04,4.384660e-04
4.560000e+02,4.744695e-04,4.350596e-04,4.621900e-04,4.218828e-04,4.708266e-04,4.311439e-04,4.773605e-04,4.381715e-04,4.821163e-04,4.433014e-04,3.591884e-04,3.228432e-04,5.476262e-04,5.075081e-04,4.506928e-04,4.099975e-04,1.995352e-04,1.654950e-04,9.166693e-05,6.962297e-05,4.501355e-04,4.116430e-04,5.299706e-04,4.928548e-04,4.146459e-04,3.769428e-04,3.916716e-05,2.790891e-05,5.576345e-04,5.183812e-04,3.957511e-04,4.756545e-04,4.361932e-04
4.565000e+02,4.721059e-04,4.327991e-04,4.598170e-04,4.196164e-04,4.684600e-04,4.288815e-04,4.749995e-04,4.359129e-04,4.797597e-04,4.410460e-04,3.570750e-04,3.208649e-04,5.451625e-04,5.051247e-04,4.483247e-04,4.077417e-04,1.977984e-04,1.639861e-04,9.055084e-05,6.873528e-05,4.477790e-04,4.094122e-04,5.275955e-04,4.905586e-04,4.123574e-04,3.747870e-04,3.857658e-05,2.746931e-05,5.551837e-04,5.160082e-04,3.935981e-04,4.732870e-04,4.339287e-04
4.570000e+02,4.697505e-04,4.305469e-04,4.574522e-04,4.173584e-04,4.661016e-04,4.266273e-04,4.726465e-04,4.336624e-04,4.774111e-04,4.387988e-04,3.549706e-04,3.188956e-04,5.427060e-04,5.027488e-04,4.459649e-04,4.054945e-04,1.960734e-04,1.624883e-04,8.944613e-05,6.785721e-05,4.454313e-04,4.071902e-04,5.252275e-04,4.882698e-04,4.100779e-04,3.726401e-04,3.799375e-05,2.703580e-05,5.527399e-04,5.136425e-04,3.914535e-04,4.709275e-04,4.316724e-04
4.575000e+02,4.674030e-04,4.283030e-04,4.550955e-04,4.151087e-04,4.637512e-04,4.243814e-04,4.703014e-04,4.314201e-04,4.750705e-04,4.365597e-04,3.528754e-04,3.169355e-04,5.402566e-04,5.003802e-04,4.436135e-04,4.032558e-04,1.943602e-04,1.610015e-04,8.835271e-05,6.698869e-05,4.430924e-04,4.049769e-04,5.228668e-04,4.859884e-04,4.078076e-04,3.705022e-04,3.741857e-05,2.660831e-05,5.503031e-04,5.112841e-04,3.893172e-04,4.685761e-04,4.294243e-04
4.580000e+02,4.650635e-04,4.260672e-04,4.527470e-04,4.128674e-04,4.614088e-04,4.221438e-04,4.679644e-04,4.291860e-04,4.727377e-04,4.343287e-04,3.507893e-04,3.149843e-04,5.378144e-04,4.980191e-04,4.412705e-04,4.010257e-04,1.926589e-04,1.595256e-04,8.727050e-05,6.612965e-05,4.407623e-04,4.027723e-04,5.205132e-04,4.837145e-04,4.055463e-04,3.683733e-04,3.685098e-05,2.618676e-05,5.478733e-04,5.089331e-04,3.871893e-04,4.662326e-04,4.271844e-04
4.585000e+02,4.627320e-04,4.238396e-04,4.504066e-04,4.106344e-04,4.590745e-04,4.199143e-04,4.656353e-04,4.269600e-04,4.704129e-04,4.321058e-04,3.487122e-04,3.130423e-04,5.353793e-04,4.956655e-04,4.389357e-04,3.988041e-04,1.909692e-04,1.580606e-04,8.619940e-05,6.527999e-05,4.384410e-04,4.005765e-04,5.181668e-04,4.814479e-04,4.032941e-04,3.662533e-04,3.629087e-05,2.577110e-05,5.454506e-04,5.065894e-04,3.850698e-04,4.638971e-04,4.249527e-04
4.590000e+02,4.604086e-04,4.216202e-04,4.480743e-04,4.084098e-04,4.567482e-04,4.176931e-04,4.633142e-04,4.247422e-04,4.680960e-04,4.298910e-04,3.466443e-04,3.111092e-04,5.329513e-04,4.933192e-04,4.366093e-04,3.965909e-04,1.892913e-04,1.566064e-04,8.513934e-05,6.443963e-05,4.361284e-04,3.983893e-04,5.158275e-04,4.791887e-04,4.010509e-04,3.641422e-04,3.573818e-05,2.536124e-05,5.430349e-04,5.042530e-04,3.829587e-04,4.615696e-04,4.227292e-04
4.595000e+02,4.580931e-04,4.194089e-04,4.457502e-04,4.061934e-04,4.544300e-04,4.154801e-04,4.610011e-04,4.225325e-04,4.657870e-04,4.276843e-04,3.445853e-04,3.091851e-04,5.305304e-04,4.909804e-04,4.342912e-04,3.943863e-04,1.876250e-04,1.551629e-04,8.409023e-05,6.360851e-05,4.338246e-04,3.962109e-04,5.134955e-04,4.769370e-04,3.988167e-04,3.620400e-04,3.519283e-05,2.495713e-05,5.406263e-04,5.019239e-04,3.808558e-04,4.592502e-04,4.205139e-04
4.600000e+02,4.557856e-04,4.172059e-04,4.434341e-04,4.039854e-04,4.521197e-04,4.132753e-04,4.586958e-04,4.203310e-04,4.634859e-04,4.254856e-04,3.425354e-04,3.072700e-04,5.281167e-04,4.886490e-04,4.319813e-04,3.921902e-04,1.859702e-04,1.537301e-04,8.305199e-05,6.278654e-05,4.315296e-04,3.940411e-04,5.111706e-04,4.746926e-04,3.965915e-04,3.599466e-04,3.465473e-05,2.455870e-05,5.382246e-04,4.996021e-04,3.787613e-04,4.569387e-04,4.183067e-04
4.605000e+02,4.534860e-04,4.150109e-04,4.411262e-04,4.017856e-04,4.498175e-04,4.110787e-04,4.563986e-04,4.181376e-04,4.611927e-04,4.232951e-04,3.404945e-04,3.053638e-04,5.257101e-04,4.863250e-04,4.296798e-04,3.900025e-04,1.843270e-04,1.523080e-04,8.202453e-05,6.197364e-05,4.292432e-04,3.918800e-04,5.088528e-04,4.724555e-04,3.943752e-04,3.578621e-04,3.412381e-05,2.416587e-05,5.358300e-04,4.972876e-04,3.766751e-04,4.546351e-04,4.161077e-04
4.610000e+02,4.511945e-04,4.128242e-04,4.388264e-04,3.995941e-04,4.475233e-04,4.088903e-04,4.541093e-04,4.159523e-04,4.589074e-04,4.211126e-04,3.384626e-04,3.034666e-04,5.233106e-04,4.840084e-04,4.273866e-04,3.878233e-04,1.826952e-04,1.508966e-04,8.100776e-05,6.116974e-05,4.269655e-04,3.897275e-04,5.065422e-04,4.702259e-04,3.921680e-04,3.557865e-04,3.359998e-05,2.377858e-05,5.334424e-04,4.949804e-04,3.745971e-04,4.523396e-04,4.139169e-04
4.615000e+02,4.489108e-04,4.106455e-04,4.365347e-04,3.974109e-04,4.452371e-04,4.067101e-04,4.518279e-04,4.137751e-04,4.566300e-04,4.189382e-04,3.364396e-04,3.015782e-04,5.209183e-04,4.816992e-04,4.251017e-04,3.856525e-04,1.810749e-04,1.494956e-04,8.000161e-05,6.037475e-05,4.246966e-04,3.875836e-04,5.042388e-04,4.680036e-04,3.899696e-04,3.537196e-04,3.308318e-05,2.339677e-05,5.310618e-04,4.926805e-04,3.725275e-04,4.500520e-04,4.117342e-04
4.620000e+02,4.466352e-04,4.084750e-04,4.342511e-04,3.952360e-04,4.429589e-04,4.045380e-04,4.495544e-04,4.116059e-04,4.543604e-04,4.167718e-04,3.344257e-04,2.996988e-04,5.185330e-04,4.793974e-04,4.228250e-04,3.834902e-04,1.794660e-04,1.481052e-04,7.900598e-05,5.958859e-05,4.224363e-04,3.854483e-04,5.019425e-04,4.657886e-04,3.877802e-04,3.516616e-04,3.257331e-05,2.302038e-05,5.286882e-04,4.903879e-04,3.704661e-04,4.477724e-04,4.095596e-04
4.625000e+02,4.443675e-04,4.063125e-04,4.319755e-04,3.930693e-04,4.406886e-04,4.023740e-04,4.472888e-04,4.094449e-04,4.520987e-04,4.146134e-04,3.324206e-04,2.978282e-04,5.161549e-04,4.771030e-04,4.205566e-04,3.813363e-04,1.778684e-04,1.467252e-04,7.802081e-05,5.881120e-05,4.201846e-04,3.833216e-04,4.996534e-04,4.635810e-04,3.855997e-04,3.496123e-04,3.207031e-05,2.264933e-05,5.263217e-04,4.881026e-04,3.684129e-04,4.455007e-04,4.073931e-04
4.630000e+02,4.421077e-04,4.041582e-04,4.297080e-04,3.909108e-04,4.384264e-04,4.002182e-04,4.450312e-04,4.072919e-04,4.498449e-04,4.124631e-04,3.304245e-04,2.959664e-04,5.137839e-04,4.748160e-04,4.182964e-04,3.791908e-04,1.762821e-04,1.453555e-04,7.704600e-05,5.804250e-05,4.179416e-04,3.812034e-04,4.973714e-04,4.613807e-04,3.834280e-04,3.475717e-04,3.157410e-05,2.228356e-05,5.239622e-04,4.858246e-04,3.663680e-04,4.432369e-04,4.052347e-04
4.635000e+02,4.398559e-04,4.020120e-04,4.274486e-04,3.887606e-04,4.361721e-04,3.980706e-04,4.427814e-04,4.051470e-04,4.475989e-04,4.103207e-04,3.284372e-04,2.941135e-04,5.114201e-04,4.725363e-04,4.160446e-04,3.770538e-04,1.747070e-04,1.439963e-04,7.608146e-05,5.728240e-05,4.157073e-04,3.790938e-04,4.950965e-04,4.591877e-04,3.812653e-04,3.455399e-04,3.108461e-05,2.192301e-05,5.216096e-04,4.835538e-04,3.643313e-04,4.409811e-04,4.030844e-04
4.640000e+02,4.376119e-04,3.998738e-04,4.251973e-04,3.866186e-04,4.339257e-04,3.959310e-04,4.405396e-04,4.030101e-04,4.453608e-04,4.081864e-04,3.264589e-04,2.922693e-04,5.090633e-04,4.702641e-04,4.138009e-04,3.749251e-04,1.731430e-04,1.426473e-04,7.512713e-05,5.653084e-05,4.134815e-04,3.769927e-04,4.928287e-04,4.570021e-04,3.791113e-04,3.435167e-04,3.060175e-05,2.156762e-05,5.192641e-04,4.812903e-04,3.623028e-04,4.387332e-04,4.009422e-04
4.645000e+02,4.353759e-04,3.977437e-04,4.229540e-04,3.844848e-04,4.316874e-04,3.937995e-04,4.383056e-04,4.008813e-04,4.431305e-04,4.060600e-04,3.244893e-04,2.904340e-04,5.067137e-04,4.679992e-04,4.115655e-04,3.728048e-04,1.715902e-04,1.413085e-04,7.418292e-05,5.578774e-05,4.112643e-04,3.749001e-04,4.905681e-04,4.548238e-04,3.769662e-04,3.415023e-04,3.012546e-05,2.121732e-05,5.169256e-04,4.790341e-04,3.602825e-04,4.364933e-04,3.988081e-04
4.650000e+02,4.331479e-04,3.956217e-04,4.207187e-04,3.823591e-04,4.294569e-04,3.916762e-04,4.360795e-04,3.987605e-04,4.409080e-04,4.039416e-04,3.225287e-04,2.886073e-04,5.043711e-04,4.657417e-04,4.093383e-04,3.706928e-04,1.700485e-04,1.399799e-04,7.324874e-05,5.505301e-05,4.090558e-04,3.728160e-04,4.883146e-04,4.526527e-04,3.748299e-04,3.394965e-04,2.965566e-05,2.087206e-05,5.145942e-04,4.767851e-04,3.582703e-04,4.342612e-04,3.966820e-04
4.655000e+02,4.309277e-04,3.935077e-04,4.184915e-04,3.802417e-04,4.272344e-04,3.895609e-04,4.338613e-04,3.966477e-04,4.386934e-04,4.018312e-04,3.205768e-04,2.867894e-04,5.020357e-04,4.634915e-04,4.071193e-04,3.685893e-04,1.685178e-04,1.386615e-04,7.232451e-05,5.432660e-05,4.068557e-04,3.707404e-04,4.860682e-04,4.504890e-04,3.727024e-04,3.374994e-04,2.919228e-05,2.053177e-05,5.122697e-04,4.745434e-04,3.562664e-04,4.320371e-04,3.945640e-04
4.660000e+02,4.287154e-04,3.914017e-04,4.162723e-04,3.781324e-04,4.250199e-04,3.874537e-04,4.316509e-04,3.945429e-04,4.364866e-04,3.997288e-04,3.186338e-04,2.849802e-04,4.997074e-04,4.612487e-04,4.049086e-04,3.664940e-04,1.669981e-04,1.373531e-04,7.141016e-05,5.360841e-05,4.046643e-04,3.686732e-04,4.838289e-04,4.483325e-04,3.705837e-04,3.355109e-04,2.873524e-05,2.019639e-05,5.099522e-04,4.723089e-04,3.542705e-04,4.298209e-04,3.924540e-04
4.665000e+02,4.265109e-04,3.893038e-04,4.140612e-04,3.760313e-04,4.228132e-04,3.853546e-04,4.294484e-04,3.924461e-04,4.342875e-04,3.976342e-04,3.166995e-04,2.831797e-04,4.973862e-04,4.590132e-04,4.027060e-04,3.644071e-04,1.654893e-04,1.360547e-04,7.050560e-05,5.289839e-05,4.024813e-04,3.666145e-04,4.815967e-04,4.461833e-04,3.684737e-04,3.335309e-04,2.828448e-05,1.986587e-05,5.076417e-04,4.700817e-04,3.522828e-04,4.276125e-04,3.903521e-04
4.670000e+02,4.243144e-04,3.872139e-04,4.118580e-04,3.739383e-04,4.206145e-04,3.832635e-04,4.272537e-04,3.903572e-04,4.320963e-04,3.955476e-04,3.147740e-04,2.813878e-04,4.950721e-04,4.567851e-04,4.005117e-04,3.623286e-04,1.639913e-04,1.347663e-04,6.961076e-05,5.219646e-05,4.003069e-04,3.645641e-04,4.793716e-04,4.440414e-04,3.663724e-04,3.315596e-04,2.783992e-05,1.954013e-05,5.053383e-04,4.678617e-04,3.503032e-04,4.254120e-04,3.882582e-04
4.675000e+02,4.221257e-04,3.851319e-04,4.096629e-04,3.718535e-04,4.184237e-04,3.811804e-04,4.250669e-04,3.882764e-04,4.299129e-04,3.934690e-04,3.128573e-04,2.796046e-04,4.927651e-04,4.545643e-04,3.983255e-04,3.602583e-04,1.625042e-04,1.334878e-04,6.872554e-05,5.150253e-05,3.981409e-04,3.625222e-04,4.771536e-04,4.419068e-04,3.642798e-04,3.295968e-04,2.740149e-05,1.921913e-05,5.030418e-04,4.656490e-04,3.483318e-04,4.232194e-04,3.861722e-04
4.680000e+02,4.199449e-04,3.830580e-04,4.074757e-04,3.697768e-04,4.162408e-04,3.791054e-04,4.228879e-04,3.862035e-04,4.277372e-04,3.913982e-04,3.109492e-04,2.778300e-04,4.904652e-04,4.523509e-04,3.961475e-04,3.581963e-04,1.610279e-04,1.322192e-04,6.784988e-05,5.081655e-05,3.959835e-04,3.604886e-04,4.749427e-04,4.397794e-04,3.621960e-04,3.276426e-04,2.696912e-05,1.890281e-05,5.007523e-04,4.634434e-04,3.463684e-04,4.210347e-04,3.840943e-04
4.685000e+02,4.177719e-04,3.809920e-04,4.052965e-04,3.677082e-04,4.140658e-04,3.770383e-04,4.207167e-04,3.841385e-04,4.255694e-04,3.893353e-04,3.090499e-04,2.760639e-04,4.881724e-04,4.501448e-04,3.939776e-04,3.561426e-04,1.595623e-04,1.309604e-04,6.698370e-05,5.013844e-05,3.938345e-04,3.584634e-04,4.727388e-04,4.376592e-04,3.601208e-04,3.256968e-04,2.654274e-05,1.859110e-05,4.984698e-04,4.612451e-04,3.444130e-04,4.188578e-04,3.820243e-04
4.690000e+02,4.156068e-04,3.789340e-04,4.031253e-04,3.656477e-04,4.118986e-04,3.749793e-04,4.185534e-04,3.820815e-04,4.234093e-04,3.872803e-04,3.071593e-04,2.743065e-04,4.858867e-04,4.479460e-04,3.918160e-04,3.540972e-04,1.581073e-04,1.297113e-04,6.612691e-05,4.946812e-05,3.916940e-04,3.564465e-04,4.705420e-04,4.355463e-04,3.580543e-04,3.237596e-04,2.612228e-05,1.828395e-05,4.961943e-04,4.590540e-04,3.424657e-04,4.166887e-04,3.799623e-04
4.695000e+02,4.134495e-04,3.768839e-04,4.009621e-04,3.635953e-04,4.097394e-04,3.729283e-04,4.163978e-04,3.800323e-04,4.212569e-04,3.852332e-04,3.052773e-04,2.725575e-04,4.836080e-04,4.457545e-04,3.896624e-04,3.520600e-04,1.566630e-04,1.284720e-04,6.527943e-05,4.880552e-05,3.895618e-04,3.544380e-04,4.683523e-04,4.334405e-04,3.559964e-04,3.218308e-04,2.570768e-05,1.798130e-05,4.939258e-04,4.568701e-04,3.405265e-04,4.145275e-04,3.779083e-04
4.700000e+02,4.113001e-04,3.748418e-04,3.988068e-04,3.615509e-04,4.075879e-04,3.708852e-04,4.142501e-04,3.779911e-04,4.191123e-04,3.831939e-04,3.034039e-04,2.708171e-04,4.813365e-04,4.435704e-04,3.875170e-04,3.500311e-04,1.552292e-04,1.272423e-04,6.444120e-05,4.815059e-05,3.874381e-04,3.524377e-04,4.661697e-04,4.313420e-04,3.539471e-04,3.199105e-04,2.529887e-05,1.768311e-05,4.916643e-04,4.546935e-04,3.385953e-04,4.123742e-04,3.758622e-04
4.705000e+02,4.091584e-04,3.728076e-04,3.966595e-04,3.595146e-04,4.054444e-04,3.688501e-04,4.121101e-04,3.759578e-04,4.169754e-04,3.811625e-04,3.015392e-04,2.690852e-04,4.790720e-04,4.413935e-04,3.853797e-04,3.480104e-04,1.538060e-04,1.260222e-04,6.361212e-05,4.750323e-05,3.853228e-04,3.504458e-04,4.639941e-04,4.292508e-04,3.519064e-04,3.179986e-04,2.489577e-05,1.738930e-05,4.894097e-04,4.525240e-04,3.366721e-04,4.102286e-04,3.738240e-04
4.710000e+02,4.070246e-04,3.707813e-04,3.945201e-04,3.574864e-04,4.033087e-04,3.668230e-04,4.099779e-04,3.739324e-04,4.148463e-04,3.791390e-04,2.996831e-04,2.673618e-04,4.768146e-04,4.392240e-04,3.832506e-04,3.459979e-04,1.523932e-04,1.248116e-04,6.279213e-05,4.686339e-05,3.832159e-04,3.484621e-04,4.618255e-04,4.271667e-04,3.498743e-04,3.160951e-04,2.449832e-05,1.709983e-05,4.871621e-04,4.503617e-04,3.347569e-04,4.080909e-04,3.717938e-04
4.715000e+02,4.048985e-04,3.687629e-04,3.923886e-04,3.554662e-04,4.011808e-04,3.648038e-04,4.078534e-04,3.719148e-04,4.127249e-04,3.771232e-04,2.978356e-04,2.656468e-04,4.745643e-04,4.370617e-04,3.811295e-04,3.439936e-04,1.509908e-04,1.236105e-04,6.198115e-05,4.623099e-05,3.811174e-04,3.464866e-04,4.596640e-04,4.250897e-04,3.478507e-04,3.142001e-04,2.410646e-05,1.681465e-05,4.849215e-04,4.482066e-04,3.328496e-04,4.059609e-04,3.697714e-04
4.720000e+02,4.027803e-04,3.667524e-04,3.902651e-04,3.534540e-04,3.990608e-04,3.627925e-04,4.057368e-04,3.699051e-04,4.106112e-04,3.751153e-04,2.959966e-04,2.639402e-04,4.723211e-04,4.349067e-04,3.790166e-04,3.419976e-04,1.495988e-04,1.224189e-04,6.117909e-05,4.560596e-05,3.790272e-04,3.445194e-04,4.575095e-04,4.230200e-04,3.458357e-04,3.123133e-04,2.372012e-05,1.653369e-05,4.826879e-04,4.460586e-04,3.309504e-04,4.038388e-04,3.677570e-04
4.725000e+02,4.006698e-04,3.647498e-04,3.881495e-04,3.514498e-04,3.969485e-04,3.607892e-04,4.036278e-04,3.679033e-04,4.085052e-04,3.731151e-04,2.941662e-04,2.622421e-04,4.700849e-04,4.327590e-04,3.769117e-04,3.400096e-04,1.482171e-04,1.212367e-04,6.038589e-05,4.498824e-05,3.769453e-04,3.425603e-04,4.553620e-04,4.209574e-04,3.438292e-04,3.104350e-04,2.333924e-05,1.625691e-05,4.804612e-04,4.439179e-04,3.290590e-04,4.017244e-04,3.657504e-04
4.730000e+02,3.985671e-04,3.627550e-04,3.860418e-04,3.494537e-04,3.948441e-04,3.587937e-04,4.015267e-04,3.659092e-04,4.064068e-04,3.711227e-04,2.923443e-04,2.605523e-04,4.678558e-04,4.306185e-04,3.748149e-04,3.380299e-04,1.468457e-04,1.200638e-04,5.960146e-05,4.437776e-05,3.748717e-04,3.406095e-04,4.532216e-04,4.189020e-04,3.418312e-04,3.085649e-04,2.296374e-05,1.598424e-05,4.782415e-04,4.417843e-04,3.271756e-04,3.996178e-04,3.637517e-04
4.735000e+02,3.964722e-04,3.607681e-04,3.839419e-04,3.474655e-04,3.927475e-04,3.568061e-04,3.994332e-04,3.639230e-04,4.043162e-04,3.691381e-04,2.905309e-04,2.588708e-04,4.656337e-04,4.284853e-04,3.727262e-04,3.360583e-04,1.454845e-04,1.189002e-04,5.882573e-05,4.377444e-05,3.728065e-04,3.386668e-04,4.510881e-04,4.168538e-04,3.398417e-04,3.067031e-04,2.259358e-05,1.571565e-05,4.760287e-04,4.396578e-04,3.253001e-04,3.975190e-04,3.617609e-04
4.740000e+02,3.943850e-04,3.587890e-04,3.818500e-04,3.454853e-04,3.906586e-04,3.548264e-04,3.973475e-04,3.619446e-04,4.022333e-04,3.671613e-04,2.887260e-04,2.571977e-04,4.634188e-04,4.263594e-04,3.706455e-04,3.340948e-04,1.441334e-04,1.177458e-04,5.805863e-05,4.317822e-05,3.707495e-04,3.367323e-04,4.489617e-04,4.148127e-04,3.378606e-04,3.048497e-04,2.222867e-05,1.545108e-05,4.738229e-04,4.375386e-04,3.234325e-04,3.954279e-04,3.597779e-04
4.745000e+02,3.923055e-04,3.568177e-04,3.797659e-04,3.435130e-04,3.885776e-04,3.528546e-04,3.952694e-04,3.599740e-04,4.001580e-04,3.651922e-04,2.869295e-04,2.555329e-04,4.612108e-04,4.242407e-04,3.685729e-04,3.321395e-04,1.427925e-04,1.166006e-04,5.730008e-05,4.258904e-05,3.687008e-04,3.348059e-04,4.468423e-04,4.127787e-04,3.358880e-04,3.030044e-04,2.186897e-05,1.519047e-05,4.716240e-04,4.354264e-04,3.215728e-04,3.933446e-04,3.578027e-04
4.750000e+02,3.902338e-04,3.548543e-04,3.776897e-04,3.415487e-04,3.865043e-04,3.508906e-04,3.931991e-04,3.580112e-04,3.980903e-04,3.632309e-04,2.851415e-04,2.538764e-04,4.590099e-04,4.221293e-04,3.665083e-04,3.301923e-04,1.414616e-04,1.154646e-04,5.655001e-05,4.200682e-05,3.666603e-04,3.328876e-04,4.447298e-04,4.107518e-04,3.339238e-04,3.011675e-04,2.151440e-05,1.493378e-05,4.694321e-04,4.333214e-04,3.197210e-04,3.912690e-04,3.558354e-04
4.755000e+02,3.881698e-04,3.528986e-04,3.756213e-04,3.395923e-04,3.844388e-04,3.489345e-04,3.911365e-04,3.560561e-04,3.960303e-04,3.612773e-04,2.833619e-04,2.522282e-04,4.568161e-04,4.200251e-04,3.644517e-04,3.282531e-04,1.401408e-04,1.143376e-04,5.580834e-05,4.143151e-05,3.646280e-04,3.309774e-04,4.426244e-04,4.087320e-04,3.319680e-04,2.993387e-04,2.116491e-05,1.468095e-05,4.672471e-04,4.312235e-04,3.178770e-04,3.892011e-04,3.538758e-04
4.760000e+02,3.861135e-04,3.509508e-04,3.735608e-04,3.376438e-04,3.823810e-04,3.469862e-04,3.890815e-04,3.541088e-04,3.939780e-04,3.593313e-04,2.815907e-04,2.505882e-04,4.546293e-04,4.179281e-04,3.624032e-04,3.263221e-04,1.388298e-04,1.132196e-04,5.507500e-05,4.086302e-05,3.626040e-04,3.290752e-04,4.405259e-04,4.067194e-04,3.300205e-04,2.975181e-04,2.082043e-05,1.443194e-05,4.650691e-04,4.291328e-04,3.160408e-04,3.871410e-04,3.519241e-04
4.765000e+02,3.840649e-04,3.490107e-04,3.715081e-04,3.357033e-04,3.803309e-04,3.450457e-04,3.870343e-04,3.521693e-04,3.919332e-04,3.573931e-04,2.798279e-04,2.489564e-04,4.524495e-04,4.158384e-04,3.603626e-04,3.243991e-04,1.375288e-04,1.121106e-04,5.434991e-05,4.030131e-05,3.605881e-04,3.271811e-04,4.384344e-04,4.047138e-04,3.280814e-04,2.957057e-04,2.048091e-05,1.418669e-05,4.628980e-04,4.270491e-04,3.142125e-04,3.850885e-04,3.499801e-04
4.770000e+02,3.820240e-04,3.470784e-04,3.694633e-04,3.337706e-04,3.782886e-04,3.431129e-04,3.849946e-04,3.502375e-04,3.898961e-04,3.554626e-04,2.780734e-04,2.473327e-04,4.502767e-04,4.137559e-04,3.583301e-04,3.224841e-04,1.362377e-04,1.110106e-04,5.363300e-05,3.974629e-05,3.585804e-04,3.252951e-04,4.363498e-04,4.027153e-04,3.261507e-04,2.939015e-04,2.014629e-05,1.394516e-05,4.607338e-04,4.249726e-04,3.123919e-04,3.830438e-04,3.480439e-04
4.775000e+02,3.799908e-04,3.451538e-04,3.674262e-04,3.318458e-04,3.762540e-04,3.411880e-04,3.829627e-04,3.483133e-04,3.878666e-04,3.535397e-04,2.763273e-04,2.457173e-04,4.481110e-04,4.116805e-04,3.563055e-04,3.205772e-04,1.349563e-04,1.099194e-04,5.292421e-05,3.919792e-05,3.565809e-04,3.234171e-04,4.342722e-04,4.007239e-04,3.242283e-04,2.921054e-04,1.981649e-05,1.370730e-05,4.585766e-04,4.229031e-04,3.105792e-04,3.810067e-04,3.461154e-04
4.780000e+02,3.779652e-04,3.432369e-04,3.653970e-04,3.299289e-04,3.742271e-04,3.392708e-04,3.809383e-04,3.463969e-04,3.858447e-04,3.516245e-04,2.745895e-04,2.441100e-04,4.459523e-04,4.096124e-04,3.542889e-04,3.186784e-04,1.336847e-04,1.088370e-04,5.222345e-05,3.865612e-05,3.545895e-04,3.215470e-04,4.322016e-04,3.987395e-04,3.223142e-04,2.903173e-04,1.949148e-05,1.347306e-05,4.564262e-04,4.208408e-04,3.087742e-04,3.789773e-04,3.441947e-04
4.785000e+02,3.759473e-04,3.413278e-04,3.633755e-04,3.280198e-04,3.722079e-04,3.373614e-04,3.789216e-04,3.444882e-04,3.838303e-04,3.497169e-04,2.728600e-04,2.425108e-04,4.438006e-04,4.075514e-04,3.522803e-04,3.167875e-04,1.324229e-04,1.077634e-04,5.153065e-05,3.812082e-05,3.526063e-04,3.196849e-04,4.301379e-04,3.967622e-04,3.204083e-04,2.885374e-04,1.917118e-05,1.324240e-05,4.542828e-04,4.187855e-04,3.069769e-04,3.769556e-04,3.422817e-04
4.790000e+02,3.739370e-04,3.394263e-04,3.613619e-04,3.261186e-04,3.701964e-04,3.354598e-04,3.769126e-04,3.425872e-04,3.818236e-04,3.478169e-04,2.711387e-04,2.409197e-04,4.416559e-04,4.054977e-04,3.502796e-04,3.149046e-04,1.311706e-04,1.066985e-04,5.084575e-05,3.759198e-05,3.506311e-04,3.178308e-04,4.280811e-04,3.947919e-04,3.185107e-04,2.867656e-04,1.885554e-05,1.301526e-05,4.521463e-04,4.167374e-04,3.051874e-04,3.749415e-04,3.403764e-04
4.795000e+02,3.719344e-04,3.375326e-04,3.593559e-04,3.242251e-04,3.681926e-04,3.335658e-04,3.749111e-04,3.406938e-04,3.798244e-04,3.459246e-04,2.694257e-04,2.393366e-04,4.395183e-04,4.034511e-04,3.482868e-04,3.130297e-04,1.299280e-04,1.056423e-04,5.016867e-05,3.706951e-05,3.486640e-04,3.159846e-04,4.260312e-04,3.928286e-04,3.166214e-04,2.850017e-04,1.854451e-05,1.279160e-05,4.500167e-04,4.146962e-04,3.034056e-04,3.729351e-04,3.384788e-04
4.800000e+02,3.699395e-04,3.356465e-04,3.573578e-04,3.223395e-04,3.661964e-04,3.316796e-04,3.729172e-04,3.388080e-04,3.778327e-04,3.440399e-04,2.677209e-04,2.377616e-04,4.373876e-04,4.014117e-04,3.463020e-04,3.111628e-04,1.286949e-04,1.045947e-04,4.949934e-05,3.655337e-05,3.467050e-04,3.141463e-04,4.239883e-04,3.908724e-04,3.147402e-04,2.832459e-04,1.823802e-05,1.257137e-05,4.478940e-04,4.126622e-04,3.016315e-04,3.709363e-04,3.365889e-04
4.805000e+02,3.679521e-04,3.337681e-04,3.553674e-04,3.204617e-04,3.642079e-04,3.298011e-04,3.709309e-04,3.369299e-04,3.758486e-04,3.421627e-04,2.660243e-04,2.361947e-04,4.352639e-04,3.993794e-04,3.443250e-04,3.093038e-04,1.274713e-04,1.035557e-04,4.883769e-05,3.604348e-05,3.447540e-04,3.123160e-04,4.219522e-04,3.889231e-04,3.128673e-04,2.814981e-04,1.793602e-05,1.235453e-05,4.457782e-04,4.106352e-04,2.998651e-04,3.689451e-04,3.347067e-04
4.810000e+02,3.659723e-04,3.318974e-04,3.533847e-04,3.185917e-04,3.622270e-04,3.279302e-04,3.689522e-04,3.350594e-04,3.738720e-04,3.402931e-04,2.643359e-04,2.346357e-04,4.331472e-04,3.973543e-04,3.423560e-04,3.074527e-04,1.262572e-04,1.025252e-04,4.818366e-05,3.553979e-05,3.428111e-04,3.104935e-04,4.199231e-04,3.869809e-04,3.110025e-04,2.797583e-04,1.763845e-05,1.214104e-05,4.436692e-04,4.086152e-04,2.981063e-04,3.669616e-04,3.328321e-04
4.815000e+02,3.640001e-04,3.300342e-04,3.514097e-04,3.167294e-04,3.602538e-04,3.260671e-04,3.669811e-04,3.331965e-04,3.719030e-04,3.384311e-04,2.626557e-04,2.330847e-04,4.310375e-04,3.953363e-04,3.403949e-04,3.056096e-04,1.250525e-04,1.015032e-04,4.753716e-05,3.504223e-05,3.408762e-04,3.086788e-04,4.179009e-04,3.850457e-04,3.091459e-04,2.780264e-04,1.734526e-05,1.193085e-05,4.415672e-04,4.066023e-04,2.963552e-04,3.649856e-04,3.309652e-04
4.820000e+02,3.620356e-04,3.281787e-04,3.494425e-04,3.148749e-04,3.582881e-04,3.242116e-04,3.650175e-04,3.313412e-04,3.699414e-04,3.365766e-04,2.609836e-04,2.315416e-04,4.289348e-04,3.933254e-04,3.384416e-04,3.037743e-04,1.238571e-04,1.004895e-04,4.689814e-05,3.455075e-05,3.389493e-04,3.068720e-04,4.158855e-04,3.831174e-04,3.072975e-04,2.763025e-04,1.705639e-05,1.172391e-05,4.394720e-04,4.045964e-04,2.946117e-04,3.630172e-04,3.291059e-04
4.825000e+02,3.600785e-04,3.263308e-04,3.474830e-04,3.130281e-04,3.563301e-04,3.223637e-04,3.630614e-04,3.294935e-04,3.679873e-04,3.347297e-04,2.593197e-04,2.300064e-04,4.268391e-04,3.913217e-04,3.364962e-04,3.019470e-04,1.226710e-04,9.948428e-05,4.626652e-05,3.406527e-05,3.370303e-04,3.050730e-04,4.138770e-04,3.811961e-04,3.054571e-04,2.745865e-04,1.677180e-05,1.152018e-05,4.373837e-04,4.025976e-04,2.928759e-04,3.610564e-04,3.272541e-04
4.830000e+02,3.581291e-04,3.244905e-04,3.455311e-04,3.111890e-04,3.543797e-04,3.205235e-04,3.611129e-04,3.276534e-04,3.660408e-04,3.328903e-04,2.576638e-04,2.284792e-04,4.247503e-04,3.893251e-04,3.345587e-04,3.001275e-04,1.214942e-04,9.848733e-05,4.564223e-05,3.358575e-05,3.351193e-04,3.032818e-04,4.118754e-04,3.792817e-04,3.036248e-04,2.728783e-04,1.649142e-05,1.131962e-05,4.353023e-04,4.006057e-04,2.911476e-04,3.591032e-04,3.254100e-04
4.835000e+02,3.561872e-04,3.226578e-04,3.435869e-04,3.093576e-04,3.524369e-04,3.186908e-04,3.591719e-04,3.258207e-04,3.641017e-04,3.310583e-04,2.560160e-04,2.269598e-04,4.226685e-04,3.873356e-04,3.326290e-04,2.983159e-04,1.203266e-04,9.749864e-05,4.502522e-05,3.311213e-05,3.332163e-04,3.014984e-04,4.098806e-04,3.773743e-04,3.018007e-04,2.711781e-04,1.621520e-05,1.112219e-05,4.332277e-04,3.986209e-04,2.894269e-04,3.571575e-04,3.235735e-04
4.840000e+02,3.542528e-04,3.208326e-04,3.416504e-04,3.075339e-04,3.505016e-04,3.168658e-04,3.572384e-04,3.239957e-04,3.621700e-04,3.292339e-04,2.543762e-04,2.254483e-04,4.205936e-04,3.853532e-04,3.307071e-04,2.965121e-04,1.191681e-04,9.651817e-05,4.441540e-05,3.264433e-05,3.313211e-04,2.997227e-04,4.078927e-04,3.754738e-04,2.999845e-04,2.694856e-04,1.594309e-05,1.092785e-05,4.311600e-04,3.966430e-04,2.877138e-04,3.552193e-04,3.217446e-04
4.845000e+02,3.523259e-04,3.190150e-04,3.397216e-04,3.057179e-04,3.485739e-04,3.150484e-04,3.553124e-04,3.221781e-04,3.602458e-04,3.274169e-04,2.527445e-04,2.239446e-04,4.185257e-04,3.833779e-04,3.287930e-04,2.947162e-04,1.180188e-04,9.554586e-05,4.381271e-05,3.218231e-05,3.294339e-04,2.979548e-04,4.059116e-04,3.735802e-04,2.981764e-04,2.678011e-04,1.567504e-05,1.073654e-05,4.290991e-04,3.946722e-04,2.860082e-04,3.532887e-04,3.199232e-04
4.850000e+02,3.504066e-04,3.172049e-04,3.378004e-04,3.039096e-04,3.466538e-04,3.132385e-04,3.533939e-04,3.203681e-04,3.583291e-04,3.256074e-04,2.511208e-04,2.224487e-04,4.164647e-04,3.814097e-04,3.268868e-04,2.929280e-04,1.168784e-04,9.458167e-05,4.321709e-05,3.172600e-05,3.275546e-04,2.961946e-04,4.039373e-04,3.716935e-04,2.963763e-04,2.661243e-04,1.541100e-05,1.054824e-05,4.270451e-04,3.927083e-04,2.843102e-04,3.513656e-04,3.181093e-04
4.855000e+02,3.484948e-04,3.154023e-04,3.358868e-04,3.021089e-04,3.447411e-04,3.114362e-04,3.514828e-04,3.185655e-04,3.564198e-04,3.238054e-04,2.495051e-04,2.209605e-04,4.144107e-04,3.794485e-04,3.249883e-04,2.911477e-04,1.157471e-04,9.362554e-05,4.262847e-05,3.127536e-05,3.256831e-04,2.944420e-04,4.019699e-04,3.698137e-04,2.945842e-04,2.644553e-04,1.515091e-05,1.036289e-05,4.249979e-04,3.907513e-04,2.826196e-04,3.494500e-04,3.163030e-04
4.860000e+02,3.465904e-04,3.136073e-04,3.339808e-04,3.003159e-04,3.428361e-04,3.096414e-04,3.495792e-04,3.167704e-04,3.545178e-04,3.220107e-04,2.478973e-04,2.194801e-04,4.123636e-04,3.774944e-04,3.230976e-04,2.893751e-04,1.146247e-04,9.267742e-05,4.204678e-05,3.083031e-05,3.238195e-04,2.926972e-04,4.000092e-04,3.679408e-04,2.928001e-04,2.627940e-04,1.489473e-05,1.018047e-05,4.229575e-04,3.888014e-04,2.809366e-04,3.475420e-04,3.145042e-04
4.865000e+02,3.446935e-04,3.118197e-04,3.320825e-04,2.985304e-04,3.409385e-04,3.078542e-04,3.476831e-04,3.149828e-04,3.526233e-04,3.202235e-04,2.462975e-04,2.180075e-04,4.103234e-04,3.755474e-04,3.212147e-04,2.876103e-04,1.135113e-04,9.173728e-05,4.147195e-05,3.039080e-05,3.219637e-04,2.909600e-04,3.980554e-04,3.660748e-04,2.910239e-04,2.611405e-04,1.464240e-05,1.000093e-05,4.209240e-04,3.868584e-04,2.792610e-04,3.456413e-04,3.127129e-04
4.870000e+02,3.428041e-04,3.100396e-04,3.301917e-04,2.967526e-04,3.390484e-04,3.060744e-04,3.457944e-04,3.132026e-04,3.507362e-04,3.184437e-04,2.447056e-04,2.165425e-04,4.082902e-04,3.736074e-04,3.193395e-04,2.858533e-04,1.124067e-04,9.080504e-05,4.090393e-05,2.995677e-05,3.201157e-04,2.892304e-04,3.961084e-04,3.642157e-04,2.892557e-04,2.594947e-04,1.439388e-05,9.824225e-06,4.188973e-04,3.849223e-04,2.775929e-04,3.437482e-04,3.109290e-04
4.875000e+02,3.409222e-04,3.082669e-04,3.283085e-04,2.949823e-04,3.371658e-04,3.043022e-04,3.439131e-04,3.114298e-04,3.488565e-04,3.166712e-04,2.431216e-04,2.150852e-04,4.062638e-04,3.716744e-04,3.174720e-04,2.841040e-04,1.113108e-04,8.988068e-05,4.034265e-05,2.952818e-05,3.182755e-04,2.875085e-04,3.941682e-04,3.623633e-04,2.874953e-04,2.578566e-04,1.414911e-05,9.650325e-06,4.168774e-04,3.829932e-04,2.759322e-04,3.418625e-04,3.091526e-04
4.880000e+02,3.390477e-04,3.065017e-04,3.264329e-04,2.932197e-04,3.352907e-04,3.025374e-04,3.420393e-04,3.096645e-04,3.469841e-04,3.149062e-04,2.415455e-04,2.136356e-04,4.042444e-04,3.697485e-04,3.156123e-04,2.823623e-04,1.102238e-04,8.896414e-05,3.978804e-05,2.910496e-05,3.164430e-04,2.857942e-04,3.922347e-04,3.605179e-04,2.857429e-04,2.562262e-04,1.390805e-05,9.479187e-06,4.148643e-04,3.810709e-04,2.742789e-04,3.399843e-04,3.073837e-04
4.885000e+02,3.371806e-04,3.047440e-04,3.245648e-04,2.914645e-04,3.334231e-04,3.007801e-04,3.401728e-04,3.079066e-04,3.451191e-04,3.131485e-04,2.399772e-04,2.121935e-04,4.022318e-04,3.678296e-04,3.137603e-04,2.806284e-04,1.091454e-04,8.805536e-05,3.924004e-05,2.868705e-05,3.146184e-04,2.840874e-04,3.903080e-04,3.586792e-04,2.839983e-04,2.546034e-04,1.367065e-05,9.310774e-06,4.128580e-04,3.791556e-04,2.726331e-04,3.381135e-04,3.056222e-04
4.890000e+02,3.353209e-04,3.029936e-04,3.227043e-04,2.897169e-04,3.315629e-04,2.990303e-04,3.383137e-04,3.061560e-04,3.432614e-04,3.113981e-04,2.384168e-04,2.107591e-04,4.002262e-04,3.659177e-04,3.119160e-04,2.789022e-04,1.080757e-04,8.715430e-05,3.869858e-05,2.827441e-05,3.128014e-04,2.823882e-04,3.883880e-04,3.568474e-04,2.822615e-04,2.529882e-04,1.343687e-05,9.145049e-06,4.108585e-04,3.772472e-04,2.709946e-04,3.362501e-04,3.038682e-04
4.895000e+02,3.334686e-04,3.012506e-04,3.208513e-04,2.879769e-04,3.297102e-04,2.972879e-04,3.364620e-04,3.044128e-04,3.414111e-04,3.096551e-04,2.368641e-04,2.093323e-04,3.982274e-04,3.640127e-04,3.100794e-04,2.771837e-04,1.070146e-04,8.626092e-05,3.816360e-05,2.786697e-05,3.109922e-04,2.806965e-04,3.864748e-04,3.550224e-04,2.805326e-04,2.513807e-04,1.320664e-05,8.981973e-06,4.088657e-04,3.753457e-04,2.693635e-04,3.343942e-04,3.021215e-04
4.900000e+02,3.316238e-04,2.995151e-04,3.190058e-04,2.862443e-04,3.278648e-04,2.955529e-04,3.346177e-04,3.026770e-04,3.395681e-04,3.079193e-04,2.353193e-04,2.079130e-04,3.962355e-04,3.621148e-04,3.082504e-04,2.754728e-04,1.059620e-04,8.537516e-05,3.763504e-05,2.746468e-05,3.091907e-04,2.790124e-04,3.845684e-04,3.532041e-04,2.788115e-04,2.497807e-04,1.297994e-05,8.821511e-06,4.068798e-04,3.734511e-04,2.677398e-04,3.325456e-04,3.003822e-04
4.905000e+02,3.297863e-04,2.977868e-04,3.171678e-04,2.845193e-04,3.260269e-04,2.938253e-04,3.327807e-04,3.009485e-04,3.377324e-04,3.061909e-04,2.337822e-04,2.065012e-04,3.942505e-04,3.602239e-04,3.064291e-04,2.737695e-04,1.049179e-04,8.449698e-05,3.711284e-05,2.706749e-05,3.073969e-04,2.773357e-04,3.826687e-04,3.513927e-04,2.770982e-04,2.481883e-04,1.275670e-05,8.663625e-06,4.049006e-04,3.715634e-04,2.661233e-04,3.307044e-04,2.986503e-04
4.910000e+02,3.279561e-04,2.960660e-04,3.153374e-04,2.828017e-04,3.241964e-04,2.921051e-04,3.309511e-04,2.992273e-04,3.359039e-04,3.044697e-04,2.322528e-04,2.050970e-04,3.922723e-04,3.583399e-04,3.046154e-04,2.720738e-04,1.038823e-04,8.362632e-05,3.659694e-05,2.667535e-05,3.056107e-04,2.756665e-04,3.807757e-04,3.495880e-04,2.753926e-04,2.466035e-04,1.253690e-05,8.508279e-06,4.029282e-04,3.696825e-04,2.645142e-04,3.288706e-04,2.969258e-04
4.915000e+02,3.261334e-04,2.943525e-04,3.135144e-04,2.810916e-04,3.223733e-04,2.903922e-04,3.291287e-04,2.975135e-04,3.340828e-04,3.027558e-04,2.307312e-04,2.037002e-04,3.903010e-04,3.564629e-04,3.028094e-04,2.703858e-04,1.028551e-04,8.276314e-05,3.608726e-05,2.628820e-05,3.038322e-04,2.740048e-04,3.788894e-04,3.477900e-04,2.736948e-04,2.450261e-04,1.232047e-05,8.355439e-06,4.009625e-04,3.678085e-04,2.629124e-04,3.270441e-04,2.952086e-04
4.920000e+02,3.243179e-04,2.926463e-04,3.116988e-04,2.793889e-04,3.205576e-04,2.886868e-04,3.273137e-04,2.958069e-04,3.322689e-04,3.010492e-04,2.292172e-04,2.023108e-04,3.883366e-04,3.545928e-04,3.010110e-04,2.687053e-04,1.018363e-04,8.190739e-05,3.558376e-05,2.590598e-05,3.020613e-04,2.723505e-04,3.770098e-04,3.459988e-04,2.720047e-04,2.434563e-04,1.210738e-05,8.205068e-06,3.990036e-04,3.659413e-04,2.613179e-04,3.252250e-04,2.934988e-04
4.925000e+02,3.225098e-04,2.909474e-04,3.098907e-04,2.776937e-04,3.187492e-04,2.869886e-04,3.255060e-04,2.941076e-04,3.304623e-04,2.993498e-04,2.277110e-04,2.009289e-04,3.863790e-04,3.527297e-04,2.992202e-04,2.670324e-04,1.008258e-04,8.105902e-05,3.508637e-05,2.552865e-05,3.002980e-04,2.707037e-04,3.751368e-04,3.442144e-04,2.703223e-04,2.418939e-04,1.189758e-05,8.057132e-06,3.970514e-04,3.640810e-04,2.597306e-04,3.234133e-04,2.917962e-04
4.930000e+02,3.207090e-04,2.892558e-04,3.080901e-04,2.760058e-04,3.169482e-04,2.852978e-04,3.237056e-04,2.924156e-04,3.286629e-04,2.976576e-04,2.262123e-04,1.995544e-04,3.844282e-04,3.508734e-04,2.974370e-04,2.653670e-04,9.982349e-05,8.021799e-05,3.459503e-05,2.515616e-05,2.985422e-04,2.690642e-04,3.732706e-04,3.424366e-04,2.686475e-04,2.403390e-04,1.169103e-05,7.911597e-06,3.951060e-04,3.622275e-04,2.581506e-04,3.216088e-04,2.901009e-04
4.935000e+02,3.189155e-04,2.875714e-04,3.062969e-04,2.743254e-04,3.151545e-04,2.836143e-04,3.219124e-04,2.907308e-04,3.268708e-04,2.959726e-04,2.247213e-04,1.981872e-04,3.824843e-04,3.490242e-04,2.956614e-04,2.637092e-04,9.882943e-05,7.938425e-05,3.410968e-05,2.478844e-05,2.967941e-04,2.674321e-04,3.714111e-04,3.406656e-04,2.669805e-04,2.387915e-04,1.148769e-05,7.768428e-06,3.931673e-04,3.603808e-04,2.565778e-04,3.198117e-04,2.884130e-04
4.940000e+02,3.171293e-04,2.858943e-04,3.045111e-04,2.726524e-04,3.133681e-04,2.819381e-04,3.201265e-04,2.890533e-04,3.250858e-04,2.942948e-04,2.232379e-04,1.968274e-04,3.805471e-04,3.471818e-04,2.938933e-04,2.620589e-04,9.784353e-05,7.855775e-05,3.363026e-05,2.442546e-05,2.950535e-04,2.658073e-04,3.695581e-04,3.389013e-04,2.653211e-04,2.372515e-04,1.128750e-05,7.627591e-06,3.912353e-04,3.585409e-04,2.550121e-04,3.180218e-04,2.867323e-04
4.945000e+02,3.153504e-04,2.842245e-04,3.027327e-04,2.709867e-04,3.115891e-04,2.802692e-04,3.183479e-04,2.873829e-04,3.233081e-04,2.926242e-04,2.217621e-04,1.954750e-04,3.786168e-04,3.453463e-04,2.921327e-04,2.604161e-04,9.686574e-05,7.773844e-05,3.315671e-05,2.406716e-05,2.933204e-04,2.641899e-04,3.677119e-04,3.371436e-04,2.636692e-04,2.357188e-04,1.109044e-05,7.489055e-06,3.893100e-04,3.567079e-04,2.534537e-04,3.162392e-04,2.850588e-04
4.950000e+02,3.135787e-04,2.825619e-04,3.009616e-04,2.693284e-04,3.098173e-04,2.786075e-04,3.165764e-04,2.857198e-04,3.215376e-04,2.909607e-04,2.202938e-04,1.941298e-04,3.766933e-04,3.435177e-04,2.903797e-04,2.587808e-04,9.589602e-05,7.692628e-05,3.268897e-05,2.371348e-05,2.915948e-04,2.625798e-04,3.658723e-04,3.353926e-04,2.620250e-04,2.341935e-04,1.089645e-05,7.352785e-06,3.873915e-04,3.548816e-04,2.519025e-04,3.144639e-04,2.833926e-04
4.955000e+02,3.118143e-04,2.809065e-04,2.991980e-04,2.676774e-04,3.080528e-04,2.769531e-04,3.148122e-04,2.840639e-04,3.197742e-04,2.893043e-04,2.188331e-04,1.927919e-04,3.747766e-04,3.416960e-04,2.886343e-04,2.571530e-04,9.493432e-05,7.612121e-05,3.222699e-05,2.336439e-05,2.898767e-04,2.609770e-04,3.640393e-04,3.336483e-04,2.603884e-04,2.326755e-04,1.070550e-05,7.218749e-06,3.854796e-04,3.530621e-04,2.503583e-04,3.126959e-04,2.817336e-04
4.960000e+02,3.100571e-04,2.792583e-04,2.974417e-04,2.660337e-04,3.062956e-04,2.753059e-04,3.130553e-04,2.824151e-04,3.180180e-04,2.876551e-04,2.173798e-04,1.914612e-04,3.728667e-04,3.398811e-04,2.868963e-04,2.555325e-04,9.398058e-05,7.532320e-05,3.177070e-05,2.301982e-05,2.881661e-04,2.593815e-04,3.622129e-04,3.319106e-04,2.587593e-04,2.311649e-04,1.051755e-05,7.086916e-06,3.835744e-04,3.512493e-04,2.488214e-04,3.109351e-04,2.800818e-04
4.965000e+02,3.083071e-04,2.776173e-04,2.956927e-04,2.643973e-04,3.045457e-04,2.736660e-04,3.113055e-04,2.807734e-04,3.162689e-04,2.860130e-04,2.159341e-04,1.901378e-04,3.709635e-04,3.380731e-04,2.851658e-04,2.539196e-04,9.303476e-05,7.453219e-05,3.132006e-05,2.267974e-05,2.864630e-04,2.577932e-04,3.603932e-04,3.301795e-04,2.571378e-04,2.296616e-04,1.033255e-05,6.957253e-06,3.816759e-04,3.494433e-04,2.472915e-04,3.091815e-04,2.784372e-04
4.970000e+02,3.065643e-04,2.759834e-04,2.939511e-04,2.627682e-04,3.028030e-04,2.720332e-04,3.095628e-04,2.791389e-04,3.145270e-04,2.843780e-04,2.144958e-04,1.888216e-04,3.690671e-04,3.362719e-04,2.834428e-04,2.523140e-04,9.209682e-05,7.374815e-05,3.087499e-05,2.234409e-05,2.847672e-04,2.562122e-04,3.585800e-04,3.284551e-04,2.555237e-04,2.281655e-04,1.015046e-05,6.829729e-06,3.797840e-04,3.476440e-04,2.457687e-04,3.074351e-04,2.767997e-04
4.975000e+02,3.048287e-04,2.743567e-04,2.922168e-04,2.611464e-04,3.010675e-04,2.704076e-04,3.078274e-04,2.775115e-04,3.127922e-04,2.827500e-04,2.130649e-04,1.875125e-04,3.671775e-04,3.344776e-04,2.817272e-04,2.507159e-04,9.116670e-05,7.297101e-05,3.043545e-05,2.201282e-05,2.830789e-04,2.546384e-04,3.567734e-04,3.267372e-04,2.539172e-04,2.266767e-04,9.971252e-06,6.704314e-06,3.778989e-04,3.458515e-04,2.442530e-04,3.056959e-04,2.751694e-04
4.980000e+02,3.031003e-04,2.727371e-04,2.904898e-04,2.595318e-04,2.993392e-04,2.687892e-04,3.060991e-04,2.758913e-04,3.110645e-04,2.811292e-04,2.116415e-04,1.862106e-04,3.652946e-04,3.326901e-04,2.800191e-04,2.491251e-04,9.024436e-05,7.220075e-05,3.000138e-05,2.168588e-05,2.813980e-04,2.530718e-04,3.549734e-04,3.250260e-04,2.523181e-04,2.251952e-04,9.794876e-06,6.580976e-06,3.760204e-04,3.440657e-04,2.427443e-04,3.039639e-04,2.735463e-04
4.985000e+02,3.013791e-04,2.711246e-04,2.887701e-04,2.579245e-04,2.976181e-04,2.671779e-04,3.043779e-04,2.742781e-04,3.093439e-04,2.795153e-04,2.102255e-04,1.849159e-04,3.634185e-04,3.309094e-04,2.783184e-04,2.475417e-04,8.932975e-05,7.143730e-05,2.957272e-05,2.136324e-05,2.797245e-04,2.515123e-04,3.531800e-04,3.233213e-04,2.507265e-04,2.237208e-04,9.621296e-06,6.459686e-06,3.741485e-04,3.422866e-04,2.412427e-04,3.022391e-04,2.719303e-04
4.990000e+02,2.996650e-04,2.695192e-04,2.870576e-04,2.563243e-04,2.959043e-04,2.655737e-04,3.026639e-04,2.726719e-04,3.076304e-04,2.779085e-04,2.088168e-04,1.836282e-04,3.615491e-04,3.291355e-04,2.766251e-04,2.459656e-04,8.842282e-05,7.068062e-05,2.914941e-05,2.104483e-05,2.780583e-04,2.499600e-04,3.513931e-04,3.216232e-04,2.491423e-04,2.222537e-04,9.450475e-06,6.340413e-06,3.722833e-04,3.405143e-04,2.397481e-04,3.005215e-04,2.703213e-04
4.995000e+02,2.979581e-04,2.679209e-04,2.853524e-04,2.547314e-04,2.941975e-04,2.639767e-04,3.009569e-04,2.710729e-04,3.059239e-04,2.763087e-04,2.074155e-04,1.823476e-04,3.596865e-04,3.273684e-04,2.749393e-04,2.443968e-04,8.752353e-05,6.993068e-05,2.873141e-05,2.073062e-05,2.763995e-04,2.484149e-04,3.496128e-04,3.199317e-04,2.475655e-04,2.207937e-04,9.282373e-06,6.223129e-06,3.704247e-04,3.387486e-04,2.382605e-04,2.988109e-04,2.687195e-04
5.000000e+02,2.962582e-04,2.663297e-04,2.836545e-04,2.531457e-04,2.924980e-04,2.623868e-04,2.992571e-04,2.694808e-04,3.042245e-04,2.747159e-04,2.060214e-04,1.810740e-04,3.578306e-04,3.256081e-04,2.732608e-04,2.428354e-04,8.663182e-05,6.918742e-05,2.831866e-05,2.042055e-05,2.747479e-04,2.468768e-04,3.478390e-04,3.182467e-04,2.459961e-04,2.193409e-04,9.116954e-06,6.107803e-06,3.685727e-04,3.369896e-04,2.367799e-04,2.971076e-04,2.671247e-04
5.005000e+02,2.945655e-04,2.647455e-04,2.819638e-04,2.515671e-04,2.908056e-04,2.608039e-04,2.975643e-04,2.678958e-04,3.025322e-04,2.731300e-04,2.046347e-04,1.798075e-04,3.559813e-04,3.238546e-04,2.715897e-04,2.412813e-04,8.574765e-05,6.845080e-05,2.791110e-05,2.011459e-05,2.731037e-04,2.453459e-04,3.460717e-04,3.165682e-04,2.444341e-04,2.178952e-04,8.954180e-06,5.994408e-06,3.667273e-04,3.352372e-04,2.353063e-04,2.954113e-04,2.655370e-04
5.010000e+02,2.928799e-04,2.631683e-04,2.802803e-04,2.499957e-04,2.891203e-04,2.592281e-04,2.958786e-04,2.663178e-04,3.008468e-04,2.715512e-04,2.032553e-04,1.785479e-04,3.541388e-04,3.221078e-04,2.699259e-04,2.397344e-04,8.487098e-05,6.772077e-05,2.750867e-05,1.981268e-05,2.714667e-04,2.438220e-04,3.443110e-04,3.148962e-04,2.428794e-04,2.164566e-04,8.794015e-06,5.882915e-06,3.648886e-04,3.334915e-04,2.338395e-04,2.937221e-04,2.639563e-04
5.015000e+02,2.912014e-04,2.615982e-04,2.786040e-04,2.484314e-04,2.874421e-04,2.576594e-04,2.942000e-04,2.647468e-04,2.991685e-04,2.699792e-04,2.018831e-04,1.772953e-04,3.523030e-04,3.203677e-04,2.682695e-04,2.381948e-04,8.400175e-05,6.699728e-05,2.711133e-05,1.951477e-05,2.698370e-04,2.423052e-04,3.425567e-04,3.132308e-04,2.413320e-04,2.150251e-04,8.636421e-06,5.773296e-06,3.630564e-04,3.317525e-04,2.323797e-04,2.920400e-04,2.623827e-04
5.020000e+02,2.895299e-04,2.600350e-04,2.769349e-04,2.468742e-04,2.857711e-04,2.560976e-04,2.925284e-04,2.631827e-04,2.974972e-04,2.684142e-04,2.005181e-04,1.760497e-04,3.504739e-04,3.186344e-04,2.666204e-04,2.366624e-04,8.313992e-05,6.628031e-05,2.671902e-05,1.922084e-05,2.682146e-04,2.407954e-04,3.408089e-04,3.115718e-04,2.397920e-04,2.136007e-04,8.481364e-06,5.665523e-06,3.612308e-04,3.300201e-04,2.309268e-04,2.903650e-04,2.608160e-04
5.025000e+02,2.878655e-04,2.584789e-04,2.752729e-04,2.453241e-04,2.841071e-04,2.545429e-04,2.908638e-04,2.616256e-04,2.958328e-04,2.668561e-04,1.991604e-04,1.748110e-04,3.486514e-04,3.169078e-04,2.649786e-04,2.351373e-04,8.228545e-05,6.556978e-05,2.633170e-05,1.893082e-05,2.665994e-04,2.392926e-04,3.390676e-04,3.099193e-04,2.382592e-04,2.121833e-04,8.328808e-06,5.559568e-06,3.594119e-04,3.282943e-04,2.294808e-04,2.886971e-04,2.592564e-04
5.030000e+02,2.862081e-04,2.569297e-04,2.736182e-04,2.437811e-04,2.824502e-04,2.529952e-04,2.892063e-04,2.600754e-04,2.941754e-04,2.653049e-04,1.978098e-04,1.735792e-04,3.468356e-04,3.151879e-04,2.633441e-04,2.336193e-04,8.143828e-05,6.486567e-05,2.594929e-05,1.864468e-05,2.649913e-04,2.377968e-04,3.373328e-04,3.082733e-04,2.367337e-04,2.107729e-04,8.178717e-06,5.455406e-06,3.575994e-04,3.265752e-04,2.280417e-04,2.870362e-04,2.577037e-04
5.035000e+02,2.845577e-04,2.553874e-04,2.719705e-04,2.422452e-04,2.808003e-04,2.514545e-04,2.875557e-04,2.585322e-04,2.925250e-04,2.637606e-04,1.964664e-04,1.723542e-04,3.450265e-04,3.134748e-04,2.617169e-04,2.321085e-04,8.059837e-05,6.416793e-05,2.557177e-05,1.836237e-05,2.633905e-04,2.363080e-04,3.356044e-04,3.066337e-04,2.352154e-04,2.093696e-04,8.031057e-06,5.353008e-06,3.557936e-04,3.248626e-04,2.266094e-04,2.853823e-04,2.561580e-04
5.040000e+02,2.829144e-04,2.538521e-04,2.703300e-04,2.407163e-04,2.791575e-04,2.499208e-04,2.859121e-04,2.569959e-04,2.908815e-04,2.622232e-04,1.951301e-04,1.711361e-04,3.432240e-04,3.117683e-04,2.600970e-04,2.306049e-04,7.976567e-05,6.347652e-05,2.519906e-05,1.808385e-05,2.617968e-04,2.348261e-04,3.338825e-04,3.050006e-04,2.337043e-04,2.079732e-04,7.885794e-06,5.252349e-06,3.539943e-04,3.231567e-04,2.251839e-04,2.837355e-04,2.546192e-04
5.045000e+02,2.812780e-04,2.523237e-04,2.686966e-04,2.391945e-04,2.775218e-04,2.483940e-04,2.842755e-04,2.554664e-04,2.892449e-04,2.606926e-04,1.938009e-04,1.699249e-04,3.414282e-04,3.100684e-04,2.584842e-04,2.291085e-04,7.894014e-05,6.279138e-05,2.483113e-05,1.780908e-05,2.602103e-04,2.333512e-04,3.321670e-04,3.033738e-04,2.322005e-04,2.065838e-04,7.742893e-06,5.153402e-06,3.522015e-04,3.214573e-04,2.237653e-04,2.820956e-04,2.530873e-04
5.050000e+02,2.796486e-04,2.508021e-04,2.670703e-04,2.376797e-04,2.758930e-04,2.468741e-04,2.826458e-04,2.539438e-04,2.876153e-04,2.591688e-04,1.924788e-04,1.687204e-04,3.396389e-04,3.083753e-04,2.568788e-04,2.276192e-04,7.812174e-05,6.211249e-05,2.446791e-05,1.753801e-05,2.586309e-04,2.318832e-04,3.304579e-04,3.017535e-04,2.307038e-04,2.052013e-04,7.602321e-06,5.056143e-06,3.504153e-04,3.197644e-04,2.223534e-04,2.804627e-04,2.515623e-04
5.055000e+02,2.780262e-04,2.492875e-04,2.654511e-04,2.361718e-04,2.742712e-04,2.453611e-04,2.810231e-04,2.524281e-04,2.859925e-04,2.576518e-04,1.911638e-04,1.675227e-04,3.378563e-04,3.066888e-04,2.552805e-04,2.261370e-04,7.731041e-05,6.143978e-05,2.410937e-05,1.727060e-05,2.570585e-04,2.304221e-04,3.287553e-04,3.001396e-04,2.292143e-04,2.038257e-04,7.464046e-06,4.960545e-06,3.486356e-04,3.180782e-04,2.209483e-04,2.788368e-04,2.500442e-04
5.060000e+02,2.764107e-04,2.477797e-04,2.638390e-04,2.346710e-04,2.726564e-04,2.438550e-04,2.794073e-04,2.509192e-04,2.843767e-04,2.561416e-04,1.898558e-04,1.663317e-04,3.360804e-04,3.050089e-04,2.536895e-04,2.246619e-04,7.650611e-05,6.077322e-05,2.375545e-05,1.700681e-05,2.554933e-04,2.289678e-04,3.270590e-04,2.985321e-04,2.277319e-04,2.024570e-04,7.328033e-06,4.866583e-06,3.468624e-04,3.163984e-04,2.195500e-04,2.772179e-04,2.485330e-04
5.065000e+02,2.748022e-04,2.462788e-04,2.622339e-04,2.331771e-04,2.710486e-04,2.423558e-04,2.777984e-04,2.494171e-04,2.827676e-04,2.546382e-04,1.885548e-04,1.651475e-04,3.343110e-04,3.033357e-04,2.521056e-04,2.231938e-04,7.570879e-05,6.011277e-05,2.340610e-05,1.674659e-05,2.539352e-04,2.275204e-04,3.253691e-04,2.969309e-04,2.262566e-04,2.010952e-04,7.194252e-06,4.774233e-06,3.450957e-04,3.147253e-04,2.181583e-04,2.756059e-04,2.470287e-04
5.070000e+02,2.732006e-04,2.447847e-04,2.606358e-04,2.316901e-04,2.694478e-04,2.408635e-04,2.761964e-04,2.479218e-04,2.811655e-04,2.531416e-04,1.872608e-04,1.639699e-04,3.325482e-04,3.016691e-04,2.505289e-04,2.217328e-04,7.491841e-05,5.945839e-05,2.306127e-05,1.648991e-05,2.523841e-04,2.260798e-04,3.236856e-04,2.953361e-04,2.247885e-04,1.997402e-04,7.062669e-06,4.683470e-06,3.433355e-04,3.130586e-04,2.167734e-04,2.740008e-04,2.455311e-04
5.075000e+02,2.716059e-04,2.432973e-04,2.590448e-04,2.302101e-04,2.678538e-04,2.393780e-04,2.746012e-04,2.464333e-04,2.795701e-04,2.516517e-04,1.859738e-04,1.627990e-04,3.307920e-04,3.000091e-04,2.489593e-04,2.202789e-04,7.413493e-05,5.881002e-05,2.272091e-05,1.623673e-05,2.508400e-04,2.246461e-04,3.220085e-04,2.937477e-04,2.233274e-04,1.983921e-04,6.933254e-06,4.594271e-06,3.415818e-04,3.113984e-04,2.153952e-04,2.724026e-04,2.440404e-04
5.080000e+02,2.700180e-04,2.418168e-04,2.574608e-04,2.287370e-04,2.662668e-04,2.378993e-04,2.730130e-04,2.449516e-04,2.779816e-04,2.501685e-04,1.846937e-04,1.616348e-04,3.290423e-04,2.983557e-04,2.473969e-04,2.188320e-04,7.335829e-05,5.816762e-05,2.238498e-05,1.598699e-05,2.493029e-04,2.232191e-04,3.203377e-04,2.921655e-04,2.218733e-04,1.970508e-04,6.805975e-06,4.506611e-06,3.398346e-04,3.097448e-04,2.140237e-04,2.708114e-04,2.425565e-04
5.085000e+02,2.684371e-04,2.403431e-04,2.558837e-04,2.272708e-04,2.646867e-04,2.364275e-04,2.714315e-04,2.434766e-04,2.763999e-04,2.486920e-04,1.834206e-04,1.604771e-04,3.272993e-04,2.967088e-04,2.458416e-04,2.173921e-04,7.258846e-05,5.753117e-05,2.205342e-05,1.574068e-05,2.477728e-04,2.217989e-04,3.186732e-04,2.905897e-04,2.204263e-04,1.957163e-04,6.680801e-06,4.420466e-06,3.380938e-04,3.080976e-04,2.126588e-04,2.692270e-04,2.410794e-04
5.090000e+02,2.668630e-04,2.388761e-04,2.543137e-04,2.258114e-04,2.631135e-04,2.349624e-04,2.698570e-04,2.420083e-04,2.748250e-04,2.472222e-04,1.821543e-04,1.593261e-04,3.255628e-04,2.950686e-04,2.442934e-04,2.159591e-04,7.182538e-05,5.690060e-05,2.172619e-05,1.549774e-05,2.462497e-04,2.203855e-04,3.170151e-04,2.890202e-04,2.189863e-04,1.943885e-04,6.557702e-06,4.335814e-06,3.363595e-04,3.064569e-04,2.113005e-04,2.676495e-04,2.396091e-04
5.095000e+02,2.652957e-04,2.374159e-04,2.527506e-04,2.243589e-04,2.615472e-04,2.335041e-04,2.682892e-04,2.405468e-04,2.732569e-04,2.457591e-04,1.808949e-04,1.581816e-04,3.238328e-04,2.934348e-04,2.427523e-04,2.145332e-04,7.106902e-05,5.627588e-05,2.140324e-05,1.525813e-05,2.447336e-04,2.189788e-04,3.153633e-04,2.874569e-04,2.175533e-04,1.930675e-04,6.436647e-06,4.252632e-06,3.346317e-04,3.048226e-04,2.099489e-04,2.660788e-04,2.381454e-04
5.100000e+02,2.637353e-04,2.359624e-04,2.511944e-04,2.229133e-04,2.599877e-04,2.320526e-04,2.667282e-04,2.390920e-04,2.716955e-04,2.443027e-04,1.796423e-04,1.570437e-04,3.221093e-04,2.918077e-04,2.412182e-04,2.131142e-04,7.031933e-05,5.565697e-05,2.108453e-05,1.502182e-05,2.432243e-04,2.175788e-04,3.137178e-04,2.859000e-04,2.161273e-04,1.917532e-04,6.317607e-06,4.170898e-06,3.329102e-04,3.031948e-04,2.086039e-04,2.645150e-04,2.366886e-04
5.105000e+02,2.621817e-04,2.345156e-04,2.496452e-04,2.214744e-04,2.584351e-04,2.306078e-04,2.651740e-04,2.376438e-04,2.701409e-04,2.428529e-04,1.783966e-04,1.559123e-04,3.203924e-04,2.901870e-04,2.396912e-04,2.117021e-04,6.957626e-05,5.504382e-05,2.077000e-05,1.478876e-05,2.417220e-04,2.161855e-04,3.120786e-04,2.843493e-04,2.147082e-04,1.904456e-04,6.200553e-06,4.090588e-06,3.311953e-04,3.015735e-04,2.072654e-04,2.629579e-04,2.352384e-04
5.110000e+02,2.606349e-04,2.330755e-04,2.481029e-04,2.200424e-04,2.568893e-04,2.291697e-04,2.636266e-04,2.362023e-04,2.685930e-04,2.414097e-04,1.771577e-04,1.547874e-04,3.186820e-04,2.885729e-04,2.381713e-04,2.102969e-04,6.883977e-05,5.443640e-05,2.045961e-05,1.455893e-05,2.402266e-04,2.147989e-04,3.104457e-04,2.828048e-04,2.132961e-04,1.891447e-04,6.085455e-06,4.011680e-06,3.294867e-04,2.999585e-04,2.059335e-04,2.614077e-04,2.337950e-04
5.115000e+02,2.590949e-04,2.316420e-04,2.465674e-04,2.186171e-04,2.553504e-04,2.277384e-04,2.620860e-04,2.347675e-04,2.670518e-04,2.399731e-04,1.759255e-04,1.536689e-04,3.169781e-04,2.869653e-04,2.366583e-04,2.088986e-04,6.810982e-05,5.383465e-05,2.015332e-05,1.433227e-05,2.387381e-04,2.134189e-04,3.088190e-04,2.812666e-04,2.118909e-04,1.878505e-04,5.972285e-06,3.934154e-06,3.277845e-04,2.983500e-04,2.046081e-04,2.598643e-04,2.323582e-04
5.120000e+02,2.575616e-04,2.302152e-04,2.450389e-04,2.171987e-04,2.538182e-04,2.263137e-04,2.605520e-04,2.333393e-04,2.655173e-04,2.385431e-04,1.747001e-04,1.525569e-04,3.152807e-04,2.853642e-04,2.351524e-04,2.075072e-04,6.738636e-05,5.323855e-05,1.985108e-05,1.410876e-05,2.372564e-04,2.120456e-04,3.071986e-04,2.797345e-04,2.104925e-04,1.865629e-04,5.861014e-06,3.857988e-06,3.260888e-04,2.967479e-04,2.032893e-04,2.583277e-04,2.309281e-04
5.125000e+02,2.560351e-04,2.287951e-04,2.435172e-04,2.157869e-04,2.522928e-04,2.248957e-04,2.590248e-04,2.319176e-04,2.639895e-04,2.371197e-04,1.734814e-04,1.514513e-04,3.135898e-04,2.837696e-04,2.336535e-04,2.061226e-04,6.666935e-05,5.264804e-05,1.955285e-05,1.388836e-05,2.357815e-04,2.106788e-04,3.055845e-04,2.782087e-04,2.091010e-04,1.852819e-04,5.751615e-06,3.783160e-06,3.243994e-04,2.951521e-04,2.019769e-04,2.567978e-04,2.295046e-04
5.130000e+02,2.545153e-04,2.273815e-04,2.420024e-04,2.143819e-04,2.507742e-04,2.234843e-04,2.575044e-04,2.305026e-04,2.624684e-04,2.357028e-04,1.722695e-04,1.503521e-04,3.119053e-04,2.821814e-04,2.321615e-04,2.047449e-04,6.595875e-05,5.206309e-05,1.925857e-05,1.367102e-05,2.343135e-04,2.093187e-04,3.039765e-04,2.766891e-04,2.077164e-04,1.840075e-04,5.644059e-06,3.709649e-06,3.227164e-04,2.935628e-04,2.006710e-04,2.552746e-04,2.280877e-04
5.135000e+02,2.530022e-04,2.259746e-04,2.404944e-04,2.129836e-04,2.492623e-04,2.220796e-04,2.559906e-04,2.290942e-04,2.609539e-04,2.342925e-04,1.710642e-04,1.492592e-04,3.102273e-04,2.805997e-04,2.306765e-04,2.033740e-04,6.525450e-05,5.148366e-05,1.896821e-05,1.345672e-05,2.328522e-04,2.079651e-04,3.023748e-04,2.751757e-04,2.063386e-04,1.827397e-04,5.538319e-06,3.637436e-06,3.210397e-04,2.919798e-04,1.993716e-04,2.537582e-04,2.266775e-04
5.140000e+02,2.514959e-04,2.245742e-04,2.389933e-04,2.115920e-04,2.477572e-04,2.206814e-04,2.544835e-04,2.276923e-04,2.594461e-04,2.328887e-04,1.698655e-04,1.481727e-04,3.085557e-04,2.790244e-04,2.291984e-04,2.020099e-04,6.455657e-05,5.090971e-05,1.868172e-05,1.324541e-05,2.313977e-04,2.066181e-04,3.007793e-04,2.736684e-04,2.049676e-04,1.814784e-04,5.434369e-06,3.566499e-06,3.193695e-04,2.904031e-04,1.980786e-04,2.522485e-04,2.252738e-04
5.145000e+02,2.499962e-04,2.231804e-04,2.374989e-04,2.102071e-04,2.462588e-04,2.192899e-04,2.529830e-04,2.262969e-04,2.579449e-04,2.314914e-04,1.686735e-04,1.470925e-04,3.068906e-04,2.774556e-04,2.277273e-04,2.006525e-04,6.386492e-05,5.034118e-05,1.839906e-05,1.303706e-05,2.299500e-04,2.052776e-04,2.991900e-04,2.721672e-04,2.036034e-04,1.802237e-04,5.332182e-06,3.496819e-06,3.177055e-04,2.888328e-04,1.967921e-04,2.507455e-04,2.238768e-04
5.150000e+02,2.485032e-04,2.217932e-04,2.360113e-04,2.088289e-04,2.447671e-04,2.179050e-04,2.514892e-04,2.249081e-04,2.564502e-04,2.301005e-04,1.674881e-04,1.460187e-04,3.052319e-04,2.758931e-04,2.262630e-04,1.993020e-04,6.317949e-05,4.977805e-05,1.812019e-05,1.283164e-05,2.285090e-04,2.039437e-04,2.976069e-04,2.706722e-04,2.022459e-04,1.789755e-04,5.231731e-06,3.428376e-06,3.160479e-04,2.872688e-04,1.955119e-04,2.492491e-04,2.224862e-04
5.155000e+02,2.470169e-04,2.204124e-04,2.345305e-04,2.074572e-04,2.432821e-04,2.165266e-04,2.500020e-04,2.235258e-04,2.549622e-04,2.287162e-04,1.663093e-04,1.449510e-04,3.035797e-04,2.743371e-04,2.248056e-04,1.979581e-04,6.250026e-05,4.922028e-05,1.784506e-05,1.262910e-05,2.270748e-04,2.026162e-04,2.960299e-04,2.691834e-04,2.008952e-04,1.777338e-04,5.132991e-06,3.361150e-06,3.143966e-04,2.857111e-04,1.942381e-04,2.477595e-04,2.211023e-04
5.160000e+02,2.455372e-04,2.190382e-04,2.330565e-04,2.060923e-04,2.418037e-04,2.151547e-04,2.485215e-04,2.221500e-04,2.534808e-04,2.273382e-04,1.651371e-04,1.438896e-04,3.019338e-04,2.727875e-04,2.233551e-04,1.966210e-04,6.182717e-05,4.866782e-05,1.757362e-05,1.242942e-05,2.256472e-04,2.012952e-04,2.944591e-04,2.677006e-04,1.995512e-04,1.764986e-04,5.035935e-06,3.295122e-06,3.127517e-04,2.841597e-04,1.929707e-04,2.462765e-04,2.197248e-04
5.165000e+02,2.440641e-04,2.176705e-04,2.315892e-04,2.047339e-04,2.403320e-04,2.137894e-04,2.470475e-04,2.207806e-04,2.520059e-04,2.259667e-04,1.639713e-04,1.428344e-04,3.002944e-04,2.712443e-04,2.219115e-04,1.952906e-04,6.116018e-05,4.812063e-05,1.730585e-05,1.223256e-05,2.242263e-04,1.999807e-04,2.928945e-04,2.662239e-04,1.982140e-04,1.752698e-04,4.940539e-06,3.230273e-06,3.111130e-04,2.826146e-04,1.917096e-04,2.448001e-04,2.183538e-04
5.170000e+02,2.425976e-04,2.163093e-04,2.301286e-04,2.033821e-04,2.388670e-04,2.124306e-04,2.455802e-04,2.194177e-04,2.505375e-04,2.246017e-04,1.628121e-04,1.417855e-04,2.986613e-04,2.697074e-04,2.204747e-04,1.939669e-04,6.049925e-05,4.757868e-05,1.704169e-05,1.203849e-05,2.228121e-04,1.986726e-04,2.913360e-04,2.647533e-04,1.968834e-04,1.740474e-04,4.846778e-06,3.166584e-06,3.094807e-04,2.810758e-04,1.904548e-04,2.433303e-04,2.169894e-04
5.175000e+02,2.411377e-04,2.149545e-04,2.286747e-04,2.020368e-04,2.374086e-04,2.110783e-04,2.441193e-04,2.180612e-04,2.490757e-04,2.232430e-04,1.616594e-04,1.407426e-04,2.970346e-04,2.681769e-04,2.190447e-04,1.926498e-04,5.984434e-05,4.704193e-05,1.678110e-05,1.184717e-05,2.214045e-04,1.973709e-04,2.897836e-04,2.632887e-04,1.955595e-04,1.728315e-04,4.754626e-06,3.104038e-06,3.078546e-04,2.795433e-04,1.892064e-04,2.418671e-04,2.156314e-04
5.180000e+02,2.396844e-04,2.136062e-04,2.272275e-04,2.006981e-04,2.359567e-04,2.097325e-04,2.426651e-04,2.167111e-04,2.476204e-04,2.218907e-04,1.605132e-04,1.397059e-04,2.954142e-04,2.666527e-04,2.176215e-04,1.913394e-04,5.919541e-05,4.651032e-05,1.652405e-05,1.165856e-05,2.200036e-04,1.960756e-04,2.882373e-04,2.618302e-04,1.942422e-04,1.716220e-04,4.664059e-06,3.042614e-06,3.062347e-04,2.780169e-04,1.879642e-04,2.404105e-04,2.142798e-04
5.185000e+02,2.382377e-04,2.122642e-04,2.257869e-04,1.993660e-04,2.345115e-04,2.083931e-04,2.412174e-04,2.153675e-04,2.461716e-04,2.205447e-04,1.593733e-04,1.386754e-04,2.938002e-04,2.651348e-04,2.162051e-04,1.900356e-04,5.855241e-05,4.598384e-05,1.627049e-05,1.147264e-05,2.186092e-04,1.947867e-04,2.866971e-04,2.603777e-04,1.929315e-04,1.704188e-04,4.575054e-06,2.982297e-06,3.046212e-04,2.764968e-04,1.867283e-04,2.389605e-04,2.129347e-04
5.190000e+02,2.367975e-04,2.109287e-04,2.243531e-04,1.980403e-04,2.330729e-04,2.070601e-04,2.397762e-04,2.140302e-04,2.447293e-04,2.192051e-04,1.582399e-04,1.376509e-04,2.921926e-04,2.636233e-04,2.147955e-04,1.887384e-04,5.791530e-05,4.546243e-05,1.602039e-05,1.128937e-05,2.172215e-04,1.935041e-04,2.851630e-04,2.589312e-04,1.916275e-04,1.692219e-04,4.487586e-06,2.923067e-06,3.030139e-04,2.749830e-04,1.854986e-04,2.375171e-04,2.115959e-04
5.195000e+02,2.353638e-04,2.095996e-04,2.229258e-04,1.967212e-04,2.316408e-04,2.057336e-04,2.383415e-04,2.126992e-04,2.432934e-04,2.178718e-04,1.571129e-04,1.366325e-04,2.905913e-04,2.621180e-04,2.133926e-04,1.874478e-04,5.728404e-05,4.494606e-05,1.577370e-05,1.110872e-05,2.158403e-04,1.922279e-04,2.836349e-04,2.574908e-04,1.903300e-04,1.680314e-04,4.401632e-06,2.864908e-06,3.014128e-04,2.734753e-04,1.842751e-04,2.360801e-04,2.102636e-04
5.200000e+02,2.339367e-04,2.082768e-04,2.215052e-04,1.954085e-04,2.302152e-04,2.044134e-04,2.369132e-04,2.113746e-04,2.418640e-04,2.165448e-04,1.559923e-04,1.356201e-04,2.889963e-04,2.606190e-04,2.119965e-04,1.861638e-04,5.665859e-05,4.443469e-05,1.553038e-05,1.093066e-05,2.144656e-04,1.909579e-04,2.821129e-04,2.560563e-04,1.890391e-04,1.668473e-04,4.317169e-06,2.807801e-06,2.998180e-04,2.719739e-04,1.830579e-04,2.346497e-04,2.089377e-04
5.205000e+02,2.325160e-04,2.069604e-04,2.200912e-04,1.941023e-04,2.287962e-04,2.030997e-04,2.354915e-04,2.100564e-04,2.404410e-04,2.152241e-04,1.548780e-04,1.346137e-04,2.874076e-04,2.591264e-04,2.106070e-04,1.848863e-04,5.603891e-05,4.392829e-05,1.529039e-05,1.075515e-05,2.130975e-04,1.896943e-04,2.805970e-04,2.546278e-04,1.877547e-04,1.656693e-04,4.234174e-06,2.751731e-06,2.982293e-04,2.704786e-04,1.818468e-04,2.332258e-04,2.076181e-04
5.210000e+02,2.311018e-04,2.056503e-04,2.186838e-04,1.928025e-04,2.273837e-04,2.017923e-04,2.340762e-04,2.087444e-04,2.390244e-04,2.139097e-04,1.537700e-04,1.336134e-04,2.858252e-04,2.576399e-04,2.092243e-04,1.836153e-04,5.542495e-05,4.342680e-05,1.505370e-05,1.058217e-05,2.117359e-04,1.884370e-04,2.790870e-04,2.532053e-04,1.864769e-04,1.644977e-04,4.152625e-06,2.696680e-06,2.966469e-04,2.689895e-04,1.806419e-04,2.318084e-04,2.063048e-04
5.215000e+02,2.296941e-04,2.043465e-04,2.172830e-04,1.915092e-04,2.259777e-04,2.004912e-04,2.326674e-04,2.074387e-04,2.376142e-04,2.126015e-04,1.526683e-04,1.326190e-04,2.842490e-04,2.561597e-04,2.078482e-04,1.823509e-04,5.481668e-05,4.293021e-05,1.482027e-05,1.041167e-05,2.103807e-04,1.871859e-04,2.775831e-04,2.517887e-04,1.852056e-04,1.633323e-04,4.072499e-06,2.642632e-06,2.950707e-04,2.675065e-04,1.794432e-04,2.303974e-04,2.049979e-04
5.220000e+02,2.282928e-04,2.030491e-04,2.158887e-04,1.902222e-04,2.245782e-04,1.991965e-04,2.312649e-04,2.061393e-04,2.362104e-04,2.112995e-04,1.515729e-04,1.316305e-04,2.826792e-04,2.546858e-04,2.064789e-04,1.810929e-04,5.421405e-05,4.243845e-05,1.459005e-05,1.024364e-05,2.090321e-04,1.859411e-04,2.760852e-04,2.503780e-04,1.839407e-04,1.621731e-04,3.993774e-06,2.589571e-06,2.935006e-04,2.660297e-04,1.782505e-04,2.289929e-04,2.036973e-04
5.225000e+02,2.268980e-04,2.017579e-04,2.145009e-04,1.889416e-04,2.231851e-04,1.979081e-04,2.298689e-04,2.048462e-04,2.348130e-04,2.100038e-04,1.504837e-04,1.306479e-04,2.811156e-04,2.532181e-04,2.051161e-04,1.798414e-04,5.361703e-05,4.195151e-05,1.436301e-05,1.007804e-05,2.076899e-04,1.847024e-04,2.745933e-04,2.489733e-04,1.826823e-04,1.610202e-04,3.916428e-06,2.537480e-06,2.919367e-04,2.645590e-04,1.770640e-04,2.275949e-04,2.024029e-04
5.230000e+02,2.255095e-04,2.004729e-04,2.131197e-04,1.876674e-04,2.217985e-04,1.966259e-04,2.284793e-04,2.035593e-04,2.334219e-04,2.087143e-04,1.494008e-04,1.296713e-04,2.795583e-04,2.517565e-04,2.037600e-04,1.785964e-04,5.302557e-05,4.146935e-05,1.413912e-05,9.914838e-06,2.063541e-04,1.834700e-04,2.731074e-04,2.475745e-04,1.814303e-04,1.598734e-04,3.840440e-06,2.486343e-06,2.903790e-04,2.630945e-04,1.758835e-04,2.262032e-04,2.011149e-04
5.235000e+02,2.241275e-04,1.991942e-04,2.117450e-04,1.863996e-04,2.204183e-04,1.953501e-04,2.270960e-04,2.022786e-04,2.320371e-04,2.074309e-04,1.483241e-04,1.287005e-04,2.780072e-04,2.503012e-04,2.024105e-04,1.773578e-04,5.243963e-05,4.099191e-05,1.391834e-05,9.754005e-06,2.050247e-04,1.822438e-04,2.716274e-04,2.461815e-04,1.801848e-04,1.587328e-04,3.765790e-06,2.436145e-06,2.888274e-04,2.616360e-04,1.747091e-04,2.248180e-04,1.998330e-04
5.240000e+02,2.227518e-04,1.979217e-04,2.103767e-04,1.851380e-04,2.190445e-04,1.940804e-04,2.257191e-04,2.010041e-04,2.306587e-04,2.061537e-04,1.472535e-04,1.277355e-04,2.764623e-04,2.488520e-04,2.010676e-04,1.761256e-04,5.185918e-05,4.051918e-05,1.370062e-05,9.595512e-06,2.037017e-04,1.810237e-04,2.701534e-04,2.447944e-04,1.789457e-04,1.575983e-04,3.692455e-06,2.386871e-06,2.872820e-04,2.601836e-04,1.735408e-04,2.234391e-04,1.985575e-04
5.245000e+02,2.213825e-04,1.966554e-04,2.090150e-04,1.838828e-04,2.176771e-04,1.928171e-04,2.243485e-04,1.997358e-04,2.292866e-04,2.048827e-04,1.461891e-04,1.267764e-04,2.749237e-04,2.474090e-04,1.997312e-04,1.748998e-04,5.128416e-05,4.005110e-05,1.348593e-05,9.439329e-06,2.023851e-04,1.798097e-04,2.686853e-04,2.434132e-04,1.777129e-04,1.564700e-04,3.620416e-06,2.338505e-06,2.857426e-04,2.587373e-04,1.723784e-04,2.220667e-04,1.972881e-04
5.250000e+02,2.200196e-04,1.953954e-04,2.076597e-04,1.826339e-04,2.163161e-04,1.915599e-04,2.229842e-04,1.984736e-04,2.279207e-04,2.036177e-04,1.451308e-04,1.258230e-04,2.733912e-04,2.459722e-04,1.984014e-04,1.736804e-04,5.071455e-05,3.958765e-05,1.327424e-05,9.285427e-06,2.010749e-04,1.786019e-04,2.672231e-04,2.420378e-04,1.764866e-04,1.553477e-04,3.549652e-06,2.291032e-06,2.842094e-04,2.572971e-04,1.712221e-04,2.207005e-04,1.960249e-04
5.255000e+02,2.186630e-04,1.941414e-04,2.063108e-04,1.813912e-04,2.149614e-04,1.903089e-04,2.216263e-04,1.972176e-04,2.265612e-04,2.023589e-04,1.440786e-04,1.248755e-04,2.718649e-04,2.445415e-04,1.970782e-04,1.724673e-04,5.015031e-05,3.912879e-05,1.306551e-05,9.133777e-06,1.997710e-04,1.774002e-04,2.657669e-04,2.406683e-04,1.752665e-04,1.542316e-04,3.480144e-06,2.244438e-06,2.826823e-04,2.558629e-04,1.700718e-04,2.193407e-04,1.947679e-04
5.260000e+02,2.173127e-04,1.928936e-04,2.049684e-04,1.801548e-04,2.136131e-04,1.890641e-04,2.202746e-04,1.959677e-04,2.252078e-04,2.011062e-04,1.430325e-04,1.239336e-04,2.703448e-04,2.431169e-04,1.957615e-04,1.712606e-04,4.959139e-05,3.867448e-05,1.285971e-05,8.984350e-06,1.984734e-04,1.762046e-04,2.643165e-04,2.393045e-04,1.740528e-04,1.531215e-04,3.411870e-06,2.198708e-06,2.811613e-04,2.544347e-04,1.689274e-04,2.179873e-04,1.935170e-04
5.265000e+02,2.159686e-04,1.916520e-04,2.036323e-04,1.789247e-04,2.122711e-04,1.878255e-04,2.189293e-04,1.947239e-04,2.238607e-04,1.998595e-04,1.419925e-04,1.229975e-04,2.688309e-04,2.416984e-04,1.944512e-04,1.700602e-04,4.903775e-05,3.822469e-05,1.265680e-05,8.837118e-06,1.971821e-04,1.750150e-04,2.628721e-04,2.379466e-04,1.728454e-04,1.520174e-04,3.344813e-06,2.153828e-06,2.796463e-04,2.530125e-04,1.677890e-04,2.166401e-04,1.922723e-04
5.270000e+02,2.146309e-04,1.904165e-04,2.023027e-04,1.777007e-04,2.109354e-04,1.865930e-04,2.175901e-04,1.934862e-04,2.225198e-04,1.986189e-04,1.409585e-04,1.220671e-04,2.673231e-04,2.402860e-04,1.931475e-04,1.688661e-04,4.848935e-05,3.777937e-05,1.245674e-05,8.692054e-06,1.958971e-04,1.738315e-04,2.614335e-04,2.365944e-04,1.716442e-04,1.509194e-04,3.278952e-06,2.109783e-06,2.781375e-04,2.515964e-04,1.666565e-04,2.152992e-04,1.910337e-04
5.275000e+02,2.132994e-04,1.891870e-04,2.009794e-04,1.764830e-04,2.096060e-04,1.853667e-04,2.162572e-04,1.922546e-04,2.211852e-04,1.973843e-04,1.399305e-04,1.211423e-04,2.658215e-04,2.388797e-04,1.918502e-04,1.676782e-04,4.794617e-05,3.733850e-05,1.225950e-05,8.549128e-06,1.946183e-04,1.726540e-04,2.600007e-04,2.352480e-04,1.704494e-04,1.498274e-04,3.214269e-06,2.066559e-06,2.766346e-04,2.501863e-04,1.655298e-04,2.139646e-04,1.898012e-04
5.280000e+02,2.119742e-04,1.879636e-04,1.996624e-04,1.752714e-04,2.082829e-04,1.841464e-04,2.149306e-04,1.910290e-04,2.198567e-04,1.961557e-04,1.389085e-04,1.202232e-04,2.643260e-04,2.374795e-04,1.905594e-04,1.664966e-04,4.740815e-05,3.690204e-05,1.206505e-05,8.408315e-06,1.933458e-04,1.714825e-04,2.585738e-04,2.339074e-04,1.692608e-04,1.487414e-04,3.150745e-06,2.024144e-06,2.751378e-04,2.487821e-04,1.644091e-04,2.126363e-04,1.885748e-04
5.285000e+02,2.106552e-04,1.867463e-04,1.983518e-04,1.740660e-04,2.069661e-04,1.829322e-04,2.136101e-04,1.898095e-04,2.185343e-04,1.949331e-04,1.378924e-04,1.193097e-04,2.628366e-04,2.360853e-04,1.892750e-04,1.653213e-04,4.687526e-05,3.646995e-05,1.187335e-05,8.269586e-06,1.920795e-04,1.703170e-04,2.571528e-04,2.325725e-04,1.680784e-04,1.476613e-04,3.088362e-06,1.982522e-06,2.736471e-04,2.473839e-04,1.632943e-04,2.113142e-04,1.873545e-04
5.290000e+02,2.093424e-04,1.855350e-04,1.970475e-04,1.728667e-04,2.056555e-04,1.817241e-04,2.122958e-04,1.885960e-04,2.172182e-04,1.937165e-04,1.368823e-04,1.184018e-04,2.613534e-04,2.346972e-04,1.879970e-04,1.641521e-04,4.634746e-05,3.604219e-05,1.168438e-05,8.132915e-06,1.908194e-04,1.691574e-04,2.557375e-04,2.312433e-04,1.669022e-04,1.465871e-04,3.027101e-06,1.941682e-06,2.721623e-04,2.459916e-04,1.621853e-04,2.099983e-04,1.861402e-04
5.295000e+02,2.080358e-04,1.843298e-04,1.957496e-04,1.716735e-04,2.043511e-04,1.805221e-04,2.109877e-04,1.873884e-04,2.159081e-04,1.925059e-04,1.358781e-04,1.174995e-04,2.598762e-04,2.333151e-04,1.867255e-04,1.629892e-04,4.582471e-05,3.561874e-05,1.149808e-05,7.998276e-06,1.895655e-04,1.680039e-04,2.543281e-04,2.299198e-04,1.657321e-04,1.455189e-04,2.966944e-06,1.901609e-06,2.706836e-04,2.446053e-04,1.610821e-04,2.086886e-04,1.849319e-04
5.300000e+02,2.067354e-04,1.831305e-04,1.944579e-04,1.704865e-04,2.030529e-04,1.793261e-04,2.096857e-04,1.861869e-04,2.146042e-04,1.913012e-04,1.348798e-04,1.166027e-04,2.584051e-04,2.319390e-04,1.854603e-04,1.618324e-04,4.530697e-05,3.519956e-05,1.131444e-05,7.865641e-06,1.883178e-04,1.668562e-04,2.529245e-04,2.286021e-04,1.645683e-04,1.444566e-04,2.907873e-06,1.862292e-06,2.692108e-04,2.432249e-04,1.599847e-04,2.073851e-04,1.837297e-04
5.305000e+02,2.054412e-04,1.819373e-04,1.931724e-04,1.693055e-04,2.017609e-04,1.781360e-04,2.083899e-04,1.849913e-04,2.133063e-04,1.901024e-04,1.338873e-04,1.157114e-04,2.569400e-04,2.305689e-04,1.842014e-04,1.606818e-04,4.479421e-05,3.478460e-05,1.113343e-05,7.734985e-06,1.870762e-04,1.657145e-04,2.515266e-04,2.272900e-04,1.634106e-04,1.434002e-04,2.849872e-06,1.823716e-06,2.677441e-04,2.418504e-04,1.588931e-04,2.060878e-04,1.825334e-04
5.310000e+02,2.041530e-04,1.807499e-04,1.918932e-04,1.681306e-04,2.004751e-04,1.769520e-04,2.071002e-04,1.838016e-04,2.120146e-04,1.889095e-04,1.329007e-04,1.148257e-04,2.554811e-04,2.292047e-04,1.829489e-04,1.595374e-04,4.428639e-05,3.437385e-05,1.095500e-05,7.606282e-06,1.858407e-04,1.645786e-04,2.501345e-04,2.259835e-04,1.622590e-04,1.423496e-04,2.792923e-06,1.785870e-06,2.662833e-04,2.404819e-04,1.578072e-04,2.047966e-04,1.813431e-04
5.315000e+02,2.028711e-04,1.795686e-04,1.906203e-04,1.669618e-04,1.991955e-04,1.757740e-04,2.058166e-04,1.826179e-04,2.107289e-04,1.877226e-04,1.319199e-04,1.139454e-04,2.540281e-04,2.278466e-04,1.817027e-04,1.583990e-04,4.378347e-05,3.396726e-05,1.077912e-05,7.479507e-06,1.846113e-04,1.634486e-04,2.487481e-04,2.246828e-04,1.611135e-04,1.413049e-04,2.737008e-06,1.748742e-06,2.648284e-04,2.391191e-04,1.567271e-04,2.035115e-04,1.801588e-04
5.320000e+02,2.015952e-04,1.783931e-04,1.893536e-04,1.657989e-04,1.979220e-04,1.746019e-04,2.045391e-04,1.814401e-04,2.094493e-04,1.865414e-04,1.309449e-04,1.130705e-04,2.525812e-04,2.264944e-04,1.804629e-04,1.572668e-04,4.328542e-05,3.356480e-05,1.060577e-05,7.354634e-06,1.833881e-04,1.623245e-04,2.473675e-04,2.233876e-04,1.599742e-04,1.402660e-04,2.682112e-06,1.712318e-06,2.633795e-04,2.377623e-04,1.556528e-04,2.022326e-04,1.789804e-04
5.325000e+02,2.003254e-04,1.772236e-04,1.880930e-04,1.646421e-04,1.966546e-04,1.734357e-04,2.032677e-04,1.802681e-04,2.081757e-04,1.853662e-04,1.299757e-04,1.122011e-04,2.511403e-04,2.251481e-04,1.792293e-04,1.561406e-04,4.279219e-05,3.316644e-05,1.043492e-05,7.231639e-06,1.821709e-04,1.612062e-04,2.459926e-04,2.220981e-04,1.588408e-04,1.392329e-04,2.628217e-06,1.676587e-06,2.619365e-04,2.364113e-04,1.545841e-04,2.009598e-04,1.778079e-04
5.330000e+02,1.990617e-04,1.760599e-04,1.868386e-04,1.634913e-04,1.953933e-04,1.722755e-04,2.020023e-04,1.791021e-04,2.069081e-04,1.841967e-04,1.290122e-04,1.113371e-04,2.497054e-04,2.238078e-04,1.780020e-04,1.550205e-04,4.230374e-05,3.277214e-05,1.026653e-05,7.110497e-06,1.809598e-04,1.600937e-04,2.446234e-04,2.208142e-04,1.577136e-04,1.382056e-04,2.575308e-06,1.641537e-06,2.604995e-04,2.350662e-04,1.535211e-04,1.996930e-04,1.766413e-04
5.335000e+02,1.978040e-04,1.749022e-04,1.855904e-04,1.623464e-04,1.941381e-04,1.711211e-04,2.007429e-04,1.779418e-04,2.056465e-04,1.830331e-04,1.280544e-04,1.104785e-04,2.482766e-04,2.224733e-04,1.767809e-04,1.539064e-04,4.182006e-05,3.238187e-05,1.010057e-05,6.991183e-06,1.797546e-04,1.589870e-04,2.432599e-04,2.195358e-04,1.565923e-04,1.371841e-04,2.523367e-06,1.607156e-06,2.590683e-04,2.337268e-04,1.524638e-04,1.984324e-04,1.754806e-04
5.340000e+02,1.965524e-04,1.737503e-04,1.843484e-04,1.612075e-04,1.928890e-04,1.699727e-04,1.994896e-04,1.767874e-04,2.043909e-04,1.818753e-04,1.271024e-04,1.096252e-04,2.468536e-04,2.211448e-04,1.755661e-04,1.527984e-04,4.134108e-05,3.199559e-05,9.937010e-06,6.873673e-06,1.785556e-04,1.578861e-04,2.419021e-04,2.182631e-04,1.554771e-04,1.361683e-04,2.472380e-06,1.573434e-06,2.576430e-04,2.323933e-04,1.514121e-04,1.971777e-04,1.743257e-04
5.345000e+02,1.953068e-04,1.726042e-04,1.831125e-04,1.600745e-04,1.916459e-04,1.688301e-04,1.982423e-04,1.756388e-04,2.031413e-04,1.807232e-04,1.261560e-04,1.087772e-04,2.454367e-04,2.198221e-04,1.743574e-04,1.516963e-04,4.086679e-05,3.161328e-05,9.775824e-06,6.757943e-06,1.773625e-04,1.567910e-04,2.405499e-04,2.169959e-04,1.543679e-04,1.351582e-04,2.422331e-06,1.540358e-06,2.562237e-04,2.310656e-04,1.503661e-04,1.959291e-04,1.731767e-04
5.350000e+02,1.940673e-04,1.714639e-04,1.818826e-04,1.589475e-04,1.904088e-04,1.676933e-04,1.970009e-04,1.744961e-04,2.018976e-04,1.795769e-04,1.252153e-04,1.079346e-04,2.440257e-04,2.185053e-04,1.731550e-04,1.506003e-04,4.039714e-05,3.123490e-05,9.616980e-06,6.643971e-06,1.761754e-04,1.557016e-04,2.392034e-04,2.157342e-04,1.532646e-04,1.341539e-04,2.373204e-06,1.507917e-06,2.548102e-04,2.297437e-04,1.493257e-04,1.946866e-04,1.720335e-04
5.355000e+02,1.928337e-04,1.703294e-04,1.806589e-04,1.578263e-04,1.891778e-04,1.665624e-04,1.957655e-04,1.733590e-04,2.006598e-04,1.784364e-04,1.242802e-04,1.070972e-04,2.426207e-04,2.171944e-04,1.719587e-04,1.495102e-04,3.993209e-05,3.086041e-05,9.460448e-06,6.531731e-06,1.749942e-04,1.546179e-04,2.378626e-04,2.144781e-04,1.521673e-04,1.331552e-04,2.324985e-06,1.476101e-06,2.534025e-04,2.284275e-04,1.482908e-04,1.934500e-04,1.708962e-04
5.360000e+02,1.916061e-04,1.692007e-04,1.794412e-04,1.567110e-04,1.879528e-04,1.654373e-04,1.945361e-04,1.722278e-04,1.994280e-04,1.773015e-04,1.233507e-04,1.062651e-04,2.412215e-04,2.158893e-04,1.707686e-04,1.484260e-04,3.947161e-05,3.048978e-05,9.306200e-06,6.421202e-06,1.738190e-04,1.535400e-04,2.365273e-04,2.132275e-04,1.510759e-04,1.321622e-04,2.277657e-06,1.444899e-06,2.520007e-04,2.271171e-04,1.472615e-04,1.922194e-04,1.697646e-04
5.365000e+02,1.903844e-04,1.680778e-04,1.782296e-04,1.556016e-04,1.867338e-04,1.643180e-04,1.933126e-04,1.711022e-04,1.982020e-04,1.761724e-04,1.224268e-04,1.054382e-04,2.398283e-04,2.145900e-04,1.695847e-04,1.473477e-04,3.901567e-05,3.012299e-05,9.154206e-06,6.312361e-06,1.726497e-04,1.524677e-04,2.351977e-04,2.119823e-04,1.499904e-04,1.311748e-04,2.231207e-06,1.414300e-06,2.506047e-04,2.258124e-04,1.462378e-04,1.909947e-04,1.686388e-04
5.370000e+02,1.891687e-04,1.669606e-04,1.770241e-04,1.544980e-04,1.855207e-04,1.632044e-04,1.920950e-04,1.699824e-04,1.969819e-04,1.750490e-04,1.215084e-04,1.046165e-04,2.384410e-04,2.132966e-04,1.684069e-04,1.462754e-04,3.856423e-05,2.976000e-05,9.004439e-06,6.205184e-06,1.714864e-04,1.514011e-04,2.338737e-04,2.107427e-04,1.489109e-04,1.301931e-04,2.185620e-06,1.384293e-06,2.492145e-04,2.245134e-04,1.452196e-04,1.897760e-04,1.675187e-04
5.375000e+02,1.879588e-04,1.658491e-04,1.758245e-04,1.534002e-04,1.843136e-04,1.620966e-04,1.908833e-04,1.688683e-04,1.957677e-04,1.739312e-04,1.205956e-04,1.038000e-04,2.370596e-04,2.120089e-04,1.672351e-04,1.452089e-04,3.811726e-05,2.940078e-05,8.856869e-06,6.099650e-06,1.703289e-04,1.503401e-04,2.325552e-04,2.095085e-04,1.478372e-04,1.292169e-04,2.140881e-06,1.354868e-06,2.478302e-04,2.232202e-04,1.442068e-04,1.885633e-04,1.664043e-04
5.380000e+02,1.867549e-04,1.647433e-04,1.746310e-04,1.523083e-04,1.831124e-04,1.609945e-04,1.896775e-04,1.677599e-04,1.945593e-04,1.728190e-04,1.196883e-04,1.029887e-04,2.356841e-04,2.107270e-04,1.660695e-04,1.441483e-04,3.767471e-05,2.904529e-05,8.711469e-06,5.995736e-06,1.691772e-04,1.492847e-04,2.312424e-04,2.082798e-04,1.467693e-04,1.282464e-04,2.096977e-06,1.326015e-06,2.464516e-04,2.219326e-04,1.431996e-04,1.873564e-04,1.652957e-04
5.385000e+02,1.855569e-04,1.636432e-04,1.734434e-04,1.512221e-04,1.819171e-04,1.598981e-04,1.884775e-04,1.666571e-04,1.933568e-04,1.717125e-04,1.187865e-04,1.021825e-04,2.343144e-04,2.094509e-04,1.649099e-04,1.430935e-04,3.723655e-05,2.869350e-05,8.568211e-06,5.893420e-06,1.680315e-04,1.482350e-04,2.299350e-04,2.070565e-04,1.457073e-04,1.272814e-04,2.053894e-06,1.297725e-06,2.450788e-04,2.206508e-04,1.421979e-04,1.861554e-04,1.641928e-04
5.390000e+02,1.843647e-04,1.625488e-04,1.722618e-04,1.501416e-04,1.807277e-04,1.588074e-04,1.872834e-04,1.655600e-04,1.921600e-04,1.706116e-04,1.178901e-04,1.013814e-04,2.329506e-04,2.081805e-04,1.637563e-04,1.420446e-04,3.680276e-05,2.834539e-05,8.427067e-06,5.792682e-06,1.668915e-04,1.471909e-04,2.286333e-04,2.058387e-04,1.446511e-04,1.263220e-04,2.011617e-06,1.269986e-06,2.437117e-04,2.193746e-04,1.412015e-04,1.849603e-04,1.630955e-04
5.395000e+02,1.831784e-04,1.614600e-04,1.710862e-04,1.490669e-04,1.795442e-04,1.577224e-04,1.860951e-04,1.644685e-04,1.909691e-04,1.695163e-04,1.169992e-04,1.005855e-04,2.315926e-04,2.069158e-04,1.626088e-04,1.410014e-04,3.637328e-05,2.800092e-05,8.288011e-06,5.693499e-06,1.657574e-04,1.461523e-04,2.273370e-04,2.046262e-04,1.436007e-04,1.253681e-04,1.970133e-06,1.242790e-06,2.423505e-04,2.181040e-04,1.402107e-04,1.837711e-04,1.620039e-04
5.400000e+02,1.819980e-04,1.603768e-04,1.699165e-04,1.479980e-04,1.783666e-04,1.566431e-04,1.849127e-04,1.633826e-04,1.897839e-04,1.684266e-04,1.161137e-04,9.979454e-05,2.302404e-04,2.056569e-04,1.614673e-04,1.399641e-04,3.594810e-05,2.766005e-05,8.151016e-06,5.595851e-06,1.646291e-04,1.451193e-04,2.260463e-04,2.034192e-04,1.425561e-04,1.244197e-04,1.929429e-06,1.216126e-06,2.409949e-04,2.168391e-04,1.392252e-04,1.825877e-04,1.609179e-04
5.405000e+02,1.808233e-04,1.592993e-04,1.687527e-04,1.469347e-04,1.771948e-04,1.555694e-04,1.837360e-04,1.623023e-04,1.886045e-04,1.673424e-04,1.152336e-04,9.900866e-05,2.288941e-04,2.044037e-04,1.603318e-04,1.389325e-04,3.552717e-05,2.732277e-05,8.016054e-06,5.499716e-06,1.635065e-04,1.440918e-04,2.247610e-04,2.022175e-04,1.415173e-04,1.234768e-04,1.889492e-06,1.189986e-06,2.396451e-04,2.155798e-04,1.382451e-04,1.814101e-04,1.598376e-04
5.410000e+02,1.796544e-04,1.582273e-04,1.675948e-04,1.458772e-04,1.760288e-04,1.545013e-04,1.825651e-04,1.612276e-04,1.874308e-04,1.662637e-04,1.143589e-04,9.822780e-05,2.275535e-04,2.031562e-04,1.592023e-04,1.379066e-04,3.511046e-05,2.698904e-05,7.883101e-06,5.405074e-06,1.623898e-04,1.430699e-04,2.234813e-04,2.010212e-04,1.404842e-04,1.225394e-04,1.850309e-06,1.164361e-06,2.383010e-04,2.143261e-04,1.372704e-04,1.802384e-04,1.587628e-04
5.415000e+02,1.784913e-04,1.571609e-04,1.664428e-04,1.448253e-04,1.748686e-04,1.534388e-04,1.813999e-04,1.601584e-04,1.862629e-04,1.651906e-04,1.134895e-04,9.745194e-05,2.262188e-04,2.019143e-04,1.580787e-04,1.368865e-04,3.469794e-05,2.665882e-05,7.752129e-06,5.311905e-06,1.612787e-04,1.420534e-04,2.222070e-04,1.998302e-04,1.394568e-04,1.216074e-04,1.811867e-06,1.139240e-06,2.369626e-04,2.130780e-04,1.363010e-04,1.790724e-04,1.576937e-04
5.420000e+02,1.773340e-04,1.561001e-04,1.652966e-04,1.437790e-04,1.737143e-04,1.523819e-04,1.802405e-04,1.590947e-04,1.851006e-04,1.641230e-04,1.126255e-04,9.668105e-05,2.248898e-04,2.006781e-04,1.569611e-04,1.358720e-04,3.428957e-05,2.633209e-05,7.623114e-06,5.220188e-06,1.601734e-04,1.410424e-04,2.209382e-04,1.986446e-04,1.384351e-04,1.206808e-04,1.774154e-06,1.114615e-06,2.356299e-04,2.118355e-04,1.353369e-04,1.779122e-04,1.566301e-04
5.425000e+02,1.761824e-04,1.550448e-04,1.641563e-04,1.427384e-04,1.725656e-04,1.513305e-04,1.790868e-04,1.580366e-04,1.839441e-04,1.630608e-04,1.117667e-04,9.591511e-05,2.235665e-04,1.994476e-04,1.558493e-04,1.348633e-04,3.388533e-05,2.600882e-05,7.496029e-06,5.129903e-06,1.590738e-04,1.400369e-04,2.196748e-04,1.974642e-04,1.374191e-04,1.197597e-04,1.737156e-06,1.090478e-06,2.343028e-04,2.105985e-04,1.343782e-04,1.767578e-04,1.555720e-04
5.430000e+02,1.750366e-04,1.539950e-04,1.630218e-04,1.417033e-04,1.714228e-04,1.502847e-04,1.779388e-04,1.569839e-04,1.827932e-04,1.620041e-04,1.109132e-04,9.515410e-05,2.222490e-04,1.982227e-04,1.547435e-04,1.338602e-04,3.348516e-05,2.568898e-05,7.370850e-06,5.041031e-06,1.579798e-04,1.390369e-04,2.184168e-04,1.962892e-04,1.364088e-04,1.188440e-04,1.700863e-06,1.066819e-06,2.329814e-04,2.093671e-04,1.334247e-04,1.756090e-04,1.545195e-04
5.435000e+02,1.738964e-04,1.529508e-04,1.618931e-04,1.406739e-04,1.702857e-04,1.492444e-04,1.767966e-04,1.559368e-04,1.816479e-04,1.609529e-04,1.100650e-04,9.439799e-05,2.209373e-04,1.970034e-04,1.536435e-04,1.328627e-04,3.308905e-05,2.537253e-05,7.247551e-06,4.953552e-06,1.568916e-04,1.380422e-04,2.171643e-04,1.951195e-04,1.354041e-04,1.179336e-04,1.665261e-06,1.043630e-06,2.316657e-04,2.081413e-04,1.324765e-04,1.744660e-04,1.534724e-04
5.440000e+02,1.727620e-04,1.519119e-04,1.607702e-04,1.396501e-04,1.691543e-04,1.482096e-04,1.756599e-04,1.548950e-04,1.805083e-04,1.599070e-04,1.092220e-04,9.364676e-05,2.196312e-04,1.957897e-04,1.525494e-04,1.318709e-04,3.269696e-05,2.505945e-05,7.126108e-06,4.867447e-06,1.558090e-04,1.370530e-04,2.159172e-04,1.939550e-04,1.344051e-04,1.170286e-04,1.630340e-06,1.020902e-06,2.303556e-04,2.069209e-04,1.315336e-04,1.733287e-04,1.524309e-04
5.445000e+02,1.716332e-04,1.508786e-04,1.596531e-04,1.386318e-04,1.680286e-04,1.471803e-04,1.745290e-04,1.538588e-04,1.793743e-04,1.588666e-04,1.083843e-04,9.290039e-05,2.183309e-04,1.945816e-04,1.514612e-04,1.308846e-04,3.230886e-05,2.474971e-05,7.006496e-06,4.782697e-06,1.547320e-04,1.360691e-04,2.146754e-04,1.927958e-04,1.334117e-04,1.161290e-04,1.596087e-06,9.986279e-07,2.290511e-04,2.057061e-04,1.305959e-04,1.721971e-04,1.513948e-04
5.450000e+02,1.705101e-04,1.498507e-04,1.585417e-04,1.376190e-04,1.669086e-04,1.461565e-04,1.734036e-04,1.528279e-04,1.782460e-04,1.578316e-04,1.075517e-04,9.215885e-05,2.170362e-04,1.933790e-04,1.503787e-04,1.299040e-04,3.192471e-05,2.444328e-05,6.888692e-06,4.699283e-06,1.536606e-04,1.350907e-04,2.134390e-04,1.916418e-04,1.324238e-04,1.152346e-04,1.562491e-06,9.767987e-07,2.277522e-04,2.044967e-04,1.296634e-04,1.710712e-04,1.503642e-04
5.455000e+02,1.693926e-04,1.488282e-04,1.574361e-04,1.366117e-04,1.657943e-04,1.451381e-04,1.722839e-04,1.518025e-04,1.771232e-04,1.568019e-04,1.067242e-04,9.142212e-05,2.157472e-04,1.921821e-04,1.493021e-04,1.289289e-04,3.154448e-05,2.414013e-05,6.772671e-06,4.617187e-06,1.525949e-04,1.341176e-04,2.122080e-04,1.904930e-04,1.314416e-04,1.143456e-04,1.529540e-06,9.554065e-07,2.264590e-04,2.032929e-04,1.287360e-04,1.699509e-04,1.493390e-04
5.460000e+02,1.682807e-04,1.478111e-04,1.563362e-04,1.356100e-04,1.646856e-04,1.441252e-04,1.711698e-04,1.507824e-04,1.760059e-04,1.557776e-04,1.059019e-04,9.069017e-05,2.144639e-04,1.909906e-04,1.482313e-04,1.279593e-04,3.116814e-05,2.384023e-05,6.658411e-06,4.536390e-06,1.515347e-04,1.331498e-04,2.109823e-04,1.893495e-04,1.304649e-04,1.134618e-04,1.497224e-06,9.344434e-07,2.251713e-04,2.020944e-04,1.278139e-04,1.688362e-04,1.483192e-04
5.465000e+02,1.671745e-04,1.467994e-04,1.552419e-04,1.346137e-04,1.635825e-04,1.431176e-04,1.700612e-04,1.497677e-04,1.748942e-04,1.547586e-04,1.050848e-04,8.996299e-05,2.131862e-04,1.898047e-04,1.471662e-04,1.269953e-04,3.079566e-05,2.354356e-05,6.545886e-06,4.456873e-06,1.504800e-04,1.321873e-04,2.097620e-04,1.882111e-04,1.294937e-04,1.125833e-04,1.465531e-06,9.139016e-07,2.238891e-04,2.009015e-04,1.268969e-04,1.677271e-04,1.473048e-04
5.470000e+02,1.660738e-04,1.457931e-04,1.541534e-04,1.336229e-04,1.624851e-04,1.421155e-04,1.689583e-04,1.487583e-04,1.737881e-04,1.537449e-04,1.042727e-04,8.924055e-05,2.119142e-04,1.886243e-04,1.461068e-04,1.260368e-04,3.042700e-05,2.325008e-05,6.435076e-06,4.378620e-06,1.494310e-04,1.312302e-04,2.085469e-04,1.870779e-04,1.285280e-04,1.117100e-04,1.434451e-06,8.937736e-07,2.226125e-04,1.997139e-04,1.259850e-04,1.666237e-04,1.462958e-04
5.475000e+02,1.649787e-04,1.447921e-04,1.530705e-04,1.326375e-04,1.613932e-04,1.411187e-04,1.678608e-04,1.477543e-04,1.726874e-04,1.527365e-04,1.034657e-04,8.852283e-05,2.106478e-04,1.874494e-04,1.450532e-04,1.250837e-04,3.006214e-05,2.295976e-05,6.325955e-06,4.301611e-06,1.483874e-04,1.302783e-04,2.073372e-04,1.859499e-04,1.275679e-04,1.108420e-04,1.403973e-06,8.740516e-07,2.213415e-04,1.985318e-04,1.250783e-04,1.655258e-04,1.452922e-04
5.480000e+02,1.638891e-04,1.437964e-04,1.519933e-04,1.316575e-04,1.603069e-04,1.401273e-04,1.667689e-04,1.467556e-04,1.715923e-04,1.517334e-04,1.026637e-04,8.780981e-05,2.093870e-04,1.862800e-04,1.440053e-04,1.241361e-04,2.970103e-05,2.267258e-05,6.218503e-06,4.225831e-06,1.473494e-04,1.293317e-04,2.061327e-04,1.848271e-04,1.266132e-04,1.099791e-04,1.374087e-06,8.547284e-07,2.200760e-04,1.973551e-04,1.241766e-04,1.644335e-04,1.442938e-04
5.485000e+02,1.628051e-04,1.428061e-04,1.509217e-04,1.306830e-04,1.592262e-04,1.391412e-04,1.656825e-04,1.457621e-04,1.705026e-04,1.507356e-04,1.018668e-04,8.710145e-05,2.081317e-04,1.851160e-04,1.429631e-04,1.231940e-04,2.934366e-05,2.238852e-05,6.112697e-06,4.151261e-06,1.463168e-04,1.283903e-04,2.049336e-04,1.837093e-04,1.256640e-04,1.091214e-04,1.344782e-06,8.357967e-07,2.188160e-04,1.961837e-04,1.232800e-04,1.633467e-04,1.433008e-04
5.490000e+02,1.617266e-04,1.418210e-04,1.498557e-04,1.297138e-04,1.581510e-04,1.381604e-04,1.646016e-04,1.447739e-04,1.694184e-04,1.497430e-04,1.010749e-04,8.639775e-05,2.068821e-04,1.839575e-04,1.419266e-04,1.222573e-04,2.898999e-05,2.210753e-05,6.008514e-06,4.077884e-06,1.452897e-04,1.274542e-04,2.037396e-04,1.825967e-04,1.247202e-04,1.082689e-04,1.316048e-06,8.172492e-07,2.175614e-04,1.950178e-04,1.223885e-04,1.622654e-04,1.423131e-04
5.495000e+02,1.606536e-04,1.408413e-04,1.487953e-04,1.287499e-04,1.570814e-04,1.371849e-04,1.635262e-04,1.437910e-04,1.683396e-04,1.487556e-04,1.002879e-04,8.569868e-05,2.056380e-04,1.828044e-04,1.408957e-04,1.213260e-04,2.863998e-05,2.182960e-05,5.905933e-06,4.005683e-06,1.442681e-04,1.265232e-04,2.025509e-04,1.814892e-04,1.237819e-04,1.074216e-04,1.287874e-06,7.990789e-07,2.163124e-04,1.938572e-04,1.215019e-04,1.611896e-04,1.413307e-04
5.500000e+02,1.595861e-04,1.398667e-04,1.477404e-04,1.277915e-04,1.560172e-04,1.362148e-04,1.624563e-04,1.428133e-04,1.672663e-04,1.477734e-04,9.950593e-05,8.500420e-05,2.043995e-04,1.816567e-04,1.398705e-04,1.204000e-04,2.829361e-05,2.155469e-05,5.804932e-06,3.934642e-06,1.432519e-04,1.255975e-04,2.013675e-04,1.803868e-04,1.228489e-04,1.065794e-04,1.260252e-06,7.812789e-07,2.150689e-04,1.927019e-04,1.206204e-04,1.601194e-04,1.403536e-04
5.505000e+02,1.585240e-04,1.388974e-04,1.466912e-04,1.268383e-04,1.549586e-04,1.352498e-04,1.613917e-04,1.418409e-04,1.661983e-04,1.467964e-04,9.872887e-05,8.431431e-05,2.031665e-04,1.805145e-04,1.388508e-04,1.194794e-04,2.795085e-05,2.128279e-05,5.705490e-06,3.864744e-06,1.422412e-04,1.246769e-04,2.001892e-04,1.792894e-04,1.219214e-04,1.057422e-04,1.233172e-06,7.638423e-07,2.138308e-04,1.915519e-04,1.197439e-04,1.590546e-04,1.393816e-04
5.510000e+02,1.574674e-04,1.379333e-04,1.456474e-04,1.258905e-04,1.539054e-04,1.342901e-04,1.603326e-04,1.408736e-04,1.651358e-04,1.458246e-04,9.795673e-05,8.362898e-05,2.019391e-04,1.793776e-04,1.378368e-04,1.185642e-04,2.761166e-05,2.101386e-05,5.607586e-06,3.795973e-06,1.412358e-04,1.237615e-04,1.990162e-04,1.781971e-04,1.209992e-04,1.049102e-04,1.206623e-06,7.467624e-07,2.125981e-04,1.904073e-04,1.188724e-04,1.579952e-04,1.384150e-04
5.515000e+02,1.564161e-04,1.369745e-04,1.446092e-04,1.249479e-04,1.528577e-04,1.333357e-04,1.592789e-04,1.399115e-04,1.640786e-04,1.448579e-04,9.718948e-05,8.294819e-05,2.007171e-04,1.782461e-04,1.368283e-04,1.176543e-04,2.727602e-05,2.074787e-05,5.511198e-06,3.728313e-06,1.402358e-04,1.228513e-04,1.978483e-04,1.771098e-04,1.200824e-04,1.040833e-04,1.180597e-06,7.300326e-07,2.113709e-04,1.892680e-04,1.180058e-04,1.569413e-04,1.374535e-04
5.520000e+02,1.553704e-04,1.360208e-04,1.435765e-04,1.240106e-04,1.518154e-04,1.323864e-04,1.582306e-04,1.389546e-04,1.630268e-04,1.438963e-04,9.642709e-05,8.227191e-05,1.995007e-04,1.771200e-04,1.358254e-04,1.167497e-04,2.694389e-05,2.048480e-05,5.416307e-06,3.661747e-06,1.392412e-04,1.219461e-04,1.966857e-04,1.760276e-04,1.191709e-04,1.032614e-04,1.155084e-06,7.136464e-07,2.101491e-04,1.881339e-04,1.171442e-04,1.558928e-04,1.364972e-04
5.525000e+02,1.543299e-04,1.350722e-04,1.425492e-04,1.230786e-04,1.507785e-04,1.314423e-04,1.571877e-04,1.380028e-04,1.619803e-04,1.429398e-04,9.566955e-05,8.160013e-05,1.982897e-04,1.759992e-04,1.348281e-04,1.158504e-04,2.661525e-05,2.022463e-05,5.322891e-06,3.596261e-06,1.382519e-04,1.210461e-04,1.955281e-04,1.749504e-04,1.182647e-04,1.024445e-04,1.130075e-06,6.975975e-07,2.089327e-04,1.870051e-04,1.162875e-04,1.548497e-04,1.355461e-04
5.530000e+02,1.532949e-04,1.341288e-04,1.415274e-04,1.221517e-04,1.497470e-04,1.305034e-04,1.561501e-04,1.370561e-04,1.609391e-04,1.419885e-04,9.491683e-05,8.093281e-05,1.970842e-04,1.748838e-04,1.338362e-04,1.149563e-04,2.629006e-05,1.996732e-05,5.230931e-06,3.531838e-06,1.372680e-04,1.201511e-04,1.943757e-04,1.738781e-04,1.173639e-04,1.016326e-04,1.105561e-06,6.818794e-07,2.077217e-04,1.858816e-04,1.154356e-04,1.538120e-04,1.346001e-04
5.535000e+02,1.522652e-04,1.331905e-04,1.405111e-04,1.212301e-04,1.487209e-04,1.295697e-04,1.551178e-04,1.361145e-04,1.599033e-04,1.410422e-04,9.416891e-05,8.026994e-05,1.958842e-04,1.737736e-04,1.328499e-04,1.140675e-04,2.596830e-05,1.971285e-05,5.140406e-06,3.468463e-06,1.362894e-04,1.192612e-04,1.932285e-04,1.728109e-04,1.164683e-04,1.008257e-04,1.081534e-06,6.664861e-07,2.065160e-04,1.847633e-04,1.145887e-04,1.527796e-04,1.336592e-04
5.540000e+02,1.512409e-04,1.322574e-04,1.395002e-04,1.203137e-04,1.477001e-04,1.286410e-04,1.540909e-04,1.351780e-04,1.588727e-04,1.401010e-04,9.342577e-05,7.961150e-05,1.946896e-04,1.726688e-04,1.318690e-04,1.131839e-04,2.564993e-05,1.946120e-05,5.051298e-06,3.406121e-06,1.353161e-04,1.183764e-04,1.920863e-04,1.717486e-04,1.155779e-04,1.000238e-04,1.057984e-06,6.514115e-07,2.053157e-04,1.836502e-04,1.137466e-04,1.517526e-04,1.327235e-04
5.545000e+02,1.502219e-04,1.313293e-04,1.384947e-04,1.194025e-04,1.466848e-04,1.277175e-04,1.530693e-04,1.342466e-04,1.578474e-04,1.391647e-04,9.268739e-05,7.895745e-05,1.935004e-04,1.715692e-04,1.308936e-04,1.123055e-04,2.533493e-05,1.921233e-05,4.963586e-06,3.344798e-06,1.343481e-04,1.174966e-04,1.909493e-04,1.706912e-04,1.146929e-04,9.922691e-05,1.034903e-06,6.366496e-07,2.041208e-04,1.825423e-04,1.129093e-04,1.507309e-04,1.317929e-04
5.550000e+02,1.492081e-04,1.304062e-04,1.374946e-04,1.184964e-04,1.456747e-04,1.267991e-04,1.520529e-04,1.333202e-04,1.568273e-04,1.382336e-04,9.195374e-05,7.830780e-05,1.923166e-04,1.704749e-04,1.299237e-04,1.114323e-04,2.502327e-05,1.896623e-05,4.877250e-06,3.284478e-06,1.333853e-04,1.166218e-04,1.898173e-04,1.696388e-04,1.138130e-04,9.843491e-05,1.012283e-06,6.221944e-07,2.029312e-04,1.814396e-04,1.120769e-04,1.497146e-04,1.308673e-04
5.555000e+02,1.481997e-04,1.294883e-04,1.364999e-04,1.175954e-04,1.446699e-04,1.258857e-04,1.510418e-04,1.323989e-04,1.558125e-04,1.373074e-04,9.122480e-05,7.766249e-05,1.911383e-04,1.693858e-04,1.289591e-04,1.105643e-04,2.471491e-05,1.872286e-05,4.792273e-06,3.225146e-06,1.324278e-04,1.157520e-04,1.886904e-04,1.685913e-04,1.129383e-04,9.764783e-05,9.901150e-07,6.080403e-07,2.017469e-04,1.803421e-04,1.112492e-04,1.487035e-04,1.299468e-04
5.560000e+02,1.471965e-04,1.285753e-04,1.355105e-04,1.166996e-04,1.436705e-04,1.249774e-04,1.500360e-04,1.314826e-04,1.548029e-04,1.363862e-04,9.050054e-05,7.702153e-05,1.899653e-04,1.683020e-04,1.280000e-04,1.097014e-04,2.440984e-05,1.848221e-05,4.708635e-06,3.166789e-06,1.314755e-04,1.148872e-04,1.875685e-04,1.675487e-04,1.120689e-04,9.686565e-05,9.683912e-07,5.941815e-07,2.005680e-04,1.792497e-04,1.104264e-04,1.476977e-04,1.290314e-04
5.565000e+02,1.461986e-04,1.276674e-04,1.345265e-04,1.158088e-04,1.426763e-04,1.240741e-04,1.490354e-04,1.305712e-04,1.537984e-04,1.354699e-04,8.978096e-05,7.638488e-05,1.887977e-04,1.672234e-04,1.270463e-04,1.088436e-04,2.410802e-05,1.824424e-05,4.626318e-06,3.109392e-06,1.305284e-04,1.140273e-04,1.864517e-04,1.665110e-04,1.112046e-04,9.608835e-05,9.471035e-07,5.806124e-07,1.993943e-04,1.781625e-04,1.096082e-04,1.466971e-04,1.281209e-04
5.570000e+02,1.452059e-04,1.267644e-04,1.335478e-04,1.149232e-04,1.416873e-04,1.231759e-04,1.480399e-04,1.296649e-04,1.527992e-04,1.345586e-04,8.906602e-05,7.575253e-05,1.876354e-04,1.661501e-04,1.260979e-04,1.079909e-04,2.380942e-05,1.800893e-05,4.545303e-06,3.052941e-06,1.295865e-04,1.131724e-04,1.853399e-04,1.654781e-04,1.103454e-04,9.531591e-05,9.262440e-07,5.673276e-07,1.982259e-04,1.770804e-04,1.087949e-04,1.457018e-04,1.272155e-04
5.575000e+02,1.442184e-04,1.258665e-04,1.325744e-04,1.140425e-04,1.407036e-04,1.222826e-04,1.470497e-04,1.287634e-04,1.518051e-04,1.336522e-04,8.835570e-05,7.512444e-05,1.864785e-04,1.650819e-04,1.251549e-04,1.071433e-04,2.351401e-05,1.777626e-05,4.465572e-06,2.997422e-06,1.286498e-04,1.123225e-04,1.842332e-04,1.644502e-04,1.094914e-04,9.454832e-05,9.058049e-07,5.543216e-07,1.970627e-04,1.760035e-04,1.079862e-04,1.447117e-04,1.263150e-04
5.580000e+02,1.432361e-04,1.249734e-04,1.316062e-04,1.131670e-04,1.397251e-04,1.213944e-04,1.460647e-04,1.278670e-04,1.508162e-04,1.327508e-04,8.764998e-05,7.450061e-05,1.853269e-04,1.640188e-04,1.242172e-04,1.063008e-04,2.322177e-05,1.754621e-05,4.387107e-06,2.942821e-06,1.277183e-04,1.114774e-04,1.831314e-04,1.634270e-04,1.086425e-04,9.378555e-05,8.857786e-07,5.415892e-07,1.959048e-04,1.749316e-04,1.071823e-04,1.437268e-04,1.254195e-04
5.585000e+02,1.422590e-04,1.240854e-04,1.306434e-04,1.122964e-04,1.387519e-04,1.205111e-04,1.450848e-04,1.269754e-04,1.498324e-04,1.318542e-04,8.694884e-05,7.388100e-05,1.841806e-04,1.629610e-04,1.232848e-04,1.054633e-04,2.293267e-05,1.731874e-05,4.309890e-06,2.889125e-06,1.267919e-04,1.106372e-04,1.820346e-04,1.624087e-04,1.077987e-04,9.302759e-05,8.661575e-07,5.291251e-07,1.947522e-04,1.738648e-04,1.063830e-04,1.427471e-04,1.245290e-04
5.590000e+02,1.412871e-04,1.232022e-04,1.296857e-04,1.114309e-04,1.377838e-04,1.196327e-04,1.441100e-04,1.260887e-04,1.488536e-04,1.309625e-04,8.625226e-05,7.326560e-05,1.830396e-04,1.619082e-04,1.223578e-04,1.046309e-04,2.264668e-05,1.709383e-05,4.233905e-06,2.836321e-06,1.258706e-04,1.098019e-04,1.809428e-04,1.613952e-04,1.069600e-04,9.227441e-05,8.469342e-07,5.169242e-07,1.936047e-04,1.728031e-04,1.055885e-04,1.417726e-04,1.236434e-04
5.595000e+02,1.403202e-04,1.223239e-04,1.287333e-04,1.105703e-04,1.368208e-04,1.187592e-04,1.431404e-04,1.252070e-04,1.478800e-04,1.300756e-04,8.556021e-05,7.265438e-05,1.819039e-04,1.608606e-04,1.214359e-04,1.038035e-04,2.236377e-05,1.687146e-05,4.159132e-06,2.784395e-06,1.249544e-04,1.089715e-04,1.798559e-04,1.603865e-04,1.061263e-04,9.152600e-05,8.281015e-07,5.049814e-07,1.924625e-04,1.717464e-04,1.047985e-04,1.408032e-04,1.227627e-04
5.600000e+02,1.393585e-04,1.214506e-04,1.277862e-04,1.097147e-04,1.358631e-04,1.178907e-04,1.421759e-04,1.243300e-04,1.469115e-04,1.291936e-04,8.487267e-05,7.204733e-05,1.807735e-04,1.598182e-04,1.205194e-04,1.029810e-04,2.208392e-05,1.665161e-05,4.085556e-06,2.733334e-06,1.240434e-04,1.081459e-04,1.787740e-04,1.593825e-04,1.052977e-04,9.078234e-05,8.096522e-07,4.932918e-07,1.913254e-04,1.706948e-04,1.040132e-04,1.398390e-04,1.218868e-04
5.605000e+02,1.384020e-04,1.205820e-04,1.268442e-04,1.088641e-04,1.349104e-04,1.170271e-04,1.412165e-04,1.234580e-04,1.459480e-04,1.283163e-04,8.418963e-05,7.144442e-05,1.796483e-04,1.587808e-04,1.196081e-04,1.021635e-04,2.180710e-05,1.643425e-05,4.013159e-06,2.683126e-06,1.231374e-04,1.073251e-04,1.776970e-04,1.583834e-04,1.044741e-04,9.004342e-05,7.915791e-07,4.818505e-07,1.901936e-04,1.696482e-04,1.032325e-04,1.388798e-04,1.210159e-04
5.610000e+02,1.374505e-04,1.197184e-04,1.259074e-04,1.080184e-04,1.339629e-04,1.161683e-04,1.402621e-04,1.225907e-04,1.449895e-04,1.274439e-04,8.351105e-05,7.084563e-05,1.785284e-04,1.577485e-04,1.187020e-04,1.013510e-04,2.153328e-05,1.621936e-05,3.941925e-06,2.633758e-06,1.222364e-04,1.065091e-04,1.766248e-04,1.573890e-04,1.036556e-04,8.930920e-05,7.738755e-07,4.706527e-07,1.890669e-04,1.686066e-04,1.024564e-04,1.379258e-04,1.201498e-04
5.615000e+02,1.365040e-04,1.188595e-04,1.249757e-04,1.071775e-04,1.330204e-04,1.153143e-04,1.393128e-04,1.217283e-04,1.440361e-04,1.265763e-04,8.283692e-05,7.025094e-05,1.774137e-04,1.567212e-04,1.178011e-04,1.005433e-04,2.126244e-05,1.600692e-05,3.871838e-06,2.585217e-06,1.213406e-04,1.056979e-04,1.755576e-04,1.563993e-04,1.028420e-04,8.857968e-05,7.565344e-07,4.596937e-07,1.879453e-04,1.675700e-04,1.016848e-04,1.369768e-04,1.192885e-04
5.620000e+02,1.355626e-04,1.180055e-04,1.240492e-04,1.063416e-04,1.320831e-04,1.144652e-04,1.383685e-04,1.208706e-04,1.430877e-04,1.257134e-04,8.216722e-05,6.966032e-05,1.763042e-04,1.556991e-04,1.169053e-04,9.974064e-05,2.099454e-05,1.579689e-05,3.802879e-06,2.537490e-06,1.204497e-04,1.048915e-04,1.744953e-04,1.554143e-04,1.020333e-04,8.785484e-05,7.395491e-07,4.489689e-07,1.868289e-04,1.665383e-04,1.009178e-04,1.360329e-04,1.184321e-04
5.625000e+02,1.346263e-04,1.171562e-04,1.231278e-04,1.055106e-04,1.311508e-04,1.136209e-04,1.374292e-04,1.200178e-04,1.421442e-04,1.248552e-04,8.150193e-05,6.907377e-05,1.751999e-04,1.546819e-04,1.160148e-04,9.894281e-05,2.072957e-05,1.558927e-05,3.735035e-06,2.490566e-06,1.195638e-04,1.040899e-04,1.734378e-04,1.544340e-04,1.012297e-04,8.713465e-05,7.229131e-07,4.384737e-07,1.857176e-04,1.655117e-04,1.001553e-04,1.350941e-04,1.175805e-04
5.630000e+02,1.336950e-04,1.163118e-04,1.222115e-04,1.046844e-04,1.302235e-04,1.127814e-04,1.364949e-04,1.191696e-04,1.412057e-04,1.240018e-04,8.084101e-05,6.849124e-05,1.741007e-04,1.536698e-04,1.151294e-04,9.814986e-05,2.046749e-05,1.538402e-05,3.668288e-06,2.444433e-06,1.186830e-04,1.032930e-04,1.723852e-04,1.534585e-04,1.004310e-04,8.641909e-05,7.066197e-07,4.282037e-07,1.846114e-04,1.644900e-04,9.939737e-05,1.341602e-04,1.167336e-04
5.635000e+02,1.327686e-04,1.154720e-04,1.213003e-04,1.038630e-04,1.293012e-04,1.119467e-04,1.355656e-04,1.183262e-04,1.402722e-04,1.231531e-04,8.018446e-05,6.791274e-05,1.730068e-04,1.526626e-04,1.142491e-04,9.736175e-05,2.020828e-05,1.518112e-05,3.602624e-06,2.399078e-06,1.178071e-04,1.025008e-04,1.713374e-04,1.524876e-04,9.963714e-05,8.570816e-05,6.906627e-07,4.181544e-07,1.835103e-04,1.634732e-04,9.864390e-05,1.332314e-04,1.158915e-04
5.640000e+02,1.318473e-04,1.146370e-04,1.203941e-04,1.030464e-04,1.283840e-04,1.111167e-04,1.346413e-04,1.174875e-04,1.393436e-04,1.223091e-04,7.953225e-05,6.733822e-05,1.719180e-04,1.516605e-04,1.133739e-04,9.657848e-05,1.995192e-05,1.498055e-05,3.538025e-06,2.354491e-06,1.169361e-04,1.017133e-04,1.702945e-04,1.515213e-04,9.884823e-05,8.500183e-05,6.750358e-07,4.083217e-07,1.824143e-04,1.624613e-04,9.789491e-05,1.323075e-04,1.150541e-04
5.645000e+02,1.309309e-04,1.138068e-04,1.194930e-04,1.022347e-04,1.274718e-04,1.102915e-04,1.337219e-04,1.166536e-04,1.384199e-04,1.214697e-04,7.888435e-05,6.676768e-05,1.708343e-04,1.506633e-04,1.125037e-04,9.580001e-05,1.969837e-05,1.478229e-05,3.474478e-06,2.310658e-06,1.160701e-04,1.009304e-04,1.692563e-04,1.505597e-04,9.806420e-05,8.430007e-05,6.597328e-07,3.987011e-07,1.813233e-04,1.614543e-04,9.715037e-05,1.313887e-04,1.142215e-04
5.650000e+02,1.300195e-04,1.129812e-04,1.185970e-04,1.014277e-04,1.265645e-04,1.094710e-04,1.328074e-04,1.158243e-04,1.375011e-04,1.206350e-04,7.824076e-05,6.620108e-05,1.697558e-04,1.496711e-04,1.116387e-04,9.502633e-05,1.944761e-05,1.458632e-05,3.411967e-06,2.267570e-06,1.152091e-04,1.001523e-04,1.682230e-04,1.496027e-04,9.728503e-05,8.360288e-05,6.447475e-07,3.892886e-07,1.802374e-04,1.604522e-04,9.641027e-05,1.304748e-04,1.133936e-04
5.655000e+02,1.291129e-04,1.121603e-04,1.177059e-04,1.006255e-04,1.256621e-04,1.086552e-04,1.318979e-04,1.149996e-04,1.365872e-04,1.198050e-04,7.760144e-05,6.563842e-05,1.686823e-04,1.486839e-04,1.107787e-04,9.425743e-05,1.919962e-05,1.439261e-05,3.350477e-06,2.225214e-06,1.143529e-04,9.937879e-05,1.671944e-04,1.486504e-04,9.651071e-05,8.291024e-05,6.300741e-07,3.800801e-07,1.791566e-04,1.594550e-04,9.567459e-05,1.295658e-04,1.125703e-04
5.660000e+02,1.282113e-04,1.113440e-04,1.168198e-04,9.982798e-05,1.247647e-04,1.078441e-04,1.309932e-04,1.141796e-04,1.356782e-04,1.189795e-04,7.696637e-05,6.507967e-05,1.676140e-04,1.477015e-04,1.099237e-04,9.349327e-05,1.895438e-05,1.420114e-05,3.289993e-06,2.183579e-06,1.135016e-04,9.860993e-05,1.661706e-04,1.477026e-04,9.574122e-05,8.222212e-05,6.157066e-07,3.710715e-07,1.780807e-04,1.584626e-04,9.494331e-05,1.286617e-04,1.117518e-04
5.665000e+02,1.273146e-04,1.105324e-04,1.159387e-04,9.903521e-05,1.238723e-04,1.070376e-04,1.300934e-04,1.133642e-04,1.347739e-04,1.181586e-04,7.633554e-05,6.452480e-05,1.665508e-04,1.467241e-04,1.090738e-04,9.273385e-05,1.871185e-05,1.401189e-05,3.230500e-06,2.142655e-06,1.126552e-04,9.784568e-05,1.651515e-04,1.467594e-04,9.497654e-05,8.153850e-05,6.016393e-07,3.622590e-07,1.770099e-04,1.574751e-04,9.421641e-05,1.277626e-04,1.109378e-04
5.670000e+02,1.264228e-04,1.097254e-04,1.150626e-04,9.824715e-05,1.229847e-04,1.062358e-04,1.291985e-04,1.125535e-04,1.338746e-04,1.173423e-04,7.570892e-05,6.397381e-05,1.654926e-04,1.457515e-04,1.082288e-04,9.197913e-05,1.847200e-05,1.382484e-05,3.171984e-06,2.102431e-06,1.118137e-04,9.708604e-05,1.641372e-04,1.458208e-04,9.421664e-05,8.085938e-05,5.878664e-07,3.536385e-07,1.759440e-04,1.564924e-04,9.349387e-05,1.268683e-04,1.101285e-04
5.675000e+02,1.255358e-04,1.089231e-04,1.141914e-04,9.746378e-05,1.221020e-04,1.054386e-04,1.283084e-04,1.117473e-04,1.329800e-04,1.165306e-04,7.508649e-05,6.342666e-05,1.644394e-04,1.447839e-04,1.073888e-04,9.122911e-05,1.823483e-05,1.363997e-05,3.114432e-06,2.062895e-06,1.109770e-04,9.633097e-05,1.631276e-04,1.448867e-04,9.346153e-05,8.018472e-05,5.743825e-07,3.452064e-07,1.748832e-04,1.555145e-04,9.277568e-05,1.259789e-04,1.093239e-04
5.680000e+02,1.246536e-04,1.081253e-04,1.133251e-04,9.668507e-05,1.212241e-04,1.046461e-04,1.274231e-04,1.109457e-04,1.320902e-04,1.157234e-04,7.446824e-05,6.288334e-05,1.633913e-04,1.438211e-04,1.065537e-04,9.048377e-05,1.800030e-05,1.345725e-05,3.057828e-06,2.024037e-06,1.101451e-04,9.558048e-05,1.621226e-04,1.439572e-04,9.271117e-05,7.951452e-05,5.611819e-07,3.369589e-07,1.738273e-04,1.545414e-04,9.206180e-05,1.250943e-04,1.085238e-04
5.685000e+02,1.237763e-04,1.073321e-04,1.124638e-04,9.591101e-05,1.203511e-04,1.038581e-04,1.265426e-04,1.101486e-04,1.312052e-04,1.149208e-04,7.385413e-05,6.234382e-05,1.623483e-04,1.428631e-04,1.057236e-04,8.974307e-05,1.776838e-05,1.327666e-05,3.002158e-06,1.985848e-06,1.093181e-04,9.483452e-05,1.611224e-04,1.430322e-04,9.196554e-05,7.884874e-05,5.482594e-07,3.288922e-07,1.727763e-04,1.535731e-04,9.135224e-05,1.242146e-04,1.077283e-04
5.690000e+02,1.229038e-04,1.065434e-04,1.116073e-04,9.514157e-05,1.194829e-04,1.030747e-04,1.256669e-04,1.093561e-04,1.303249e-04,1.141226e-04,7.324415e-05,6.180809e-05,1.613102e-04,1.419100e-04,1.048984e-04,8.900702e-05,1.753906e-05,1.309819e-05,2.947410e-06,1.948316e-06,1.084958e-04,9.409311e-05,1.601269e-04,1.421117e-04,9.122464e-05,7.818738e-05,5.356096e-07,3.210028e-07,1.717303e-04,1.526095e-04,9.064696e-05,1.233396e-04,1.069373e-04
5.695000e+02,1.220360e-04,1.057593e-04,1.107556e-04,9.437675e-05,1.186196e-04,1.022958e-04,1.247960e-04,1.085681e-04,1.294494e-04,1.133290e-04,7.263828e-05,6.127613e-05,1.602771e-04,1.409617e-04,1.040781e-04,8.827557e-05,1.731231e-05,1.292181e-05,2.893570e-06,1.911432e-06,1.076783e-04,9.335620e-05,1.591360e-04,1.411957e-04,9.048844e-05,7.753041e-05,5.232272e-07,3.132872e-07,1.706892e-04,1.516507e-04,8.994595e-05,1.224695e-04,1.061510e-04
5.700000e+02,1.211731e-04,1.049796e-04,1.099089e-04,9.361652e-05,1.177610e-04,1.015215e-04,1.239298e-04,1.077846e-04,1.285786e-04,1.125398e-04,7.203649e-05,6.074791e-05,1.592490e-04,1.400182e-04,1.032626e-04,8.754873e-05,1.708810e-05,1.274751e-05,2.840623e-06,1.875184e-06,1.068656e-04,9.262379e-05,1.581497e-04,1.402841e-04,8.975692e-05,7.687782e-05,5.111072e-07,3.057418e-07,1.696530e-04,1.506966e-04,8.924920e-05,1.216042e-04,1.053691e-04
5.705000e+02,1.203149e-04,1.042045e-04,1.090669e-04,9.286086e-05,1.169072e-04,1.007517e-04,1.230683e-04,1.070055e-04,1.277125e-04,1.117550e-04,7.143877e-05,6.022341e-05,1.582259e-04,1.390795e-04,1.024521e-04,8.682645e-05,1.686642e-05,1.257525e-05,2.788557e-06,1.839565e-06,1.060576e-04,9.189586e-05,1.571681e-04,1.393771e-04,8.903007e-05,7.622959e-05,4.992446e-07,2.983633e-07,1.686217e-04,1.497473e-04,8.855667e-05,1.207436e-04,1.045917e-04
5.710000e+02,1.194614e-04,1.034339e-04,1.082298e-04,9.210976e-05,1.160582e-04,9.998640e-05,1.222116e-04,1.062310e-04,1.268511e-04,1.109747e-04,7.084510e-05,5.970262e-05,1.572077e-04,1.381456e-04,1.016463e-04,8.610874e-05,1.664723e-05,1.240503e-05,2.737360e-06,1.804563e-06,1.052543e-04,9.117240e-05,1.561911e-04,1.384744e-04,8.830786e-05,7.558570e-05,4.876342e-07,2.911483e-07,1.675952e-04,1.488026e-04,8.786836e-05,1.198877e-04,1.038188e-04
5.715000e+02,1.186126e-04,1.026677e-04,1.073975e-04,9.136319e-05,1.152139e-04,9.922559e-05,1.213596e-04,1.054608e-04,1.259944e-04,1.101988e-04,7.025545e-05,5.918551e-05,1.561944e-04,1.372164e-04,1.008454e-04,8.539556e-05,1.643052e-05,1.223682e-05,2.687017e-06,1.770170e-06,1.044558e-04,9.045338e-05,1.552188e-04,1.375762e-04,8.759029e-05,7.494612e-05,4.762714e-07,2.840934e-07,1.665737e-04,1.478626e-04,8.718424e-05,1.190366e-04,1.030504e-04
5.720000e+02,1.177685e-04,1.019060e-04,1.065699e-04,9.062114e-05,1.143743e-04,9.846924e-05,1.205122e-04,1.046951e-04,1.251423e-04,1.094273e-04,6.966981e-05,5.867207e-05,1.551861e-04,1.362920e-04,1.000493e-04,8.468691e-05,1.621626e-05,1.207059e-05,2.637516e-06,1.736375e-06,1.036619e-04,8.973879e-05,1.542510e-04,1.366824e-04,8.687732e-05,7.431085e-05,4.651513e-07,2.771955e-07,1.655569e-04,1.469273e-04,8.650431e-05,1.181902e-04,1.022865e-04
5.725000e+02,1.169291e-04,1.011486e-04,1.057471e-04,8.988359e-05,1.135394e-04,9.771733e-05,1.196695e-04,1.039338e-04,1.242948e-04,1.086602e-04,6.908815e-05,5.816228e-05,1.541827e-04,1.353722e-04,9.925793e-05,8.398275e-05,1.600442e-05,1.190634e-05,2.588846e-06,1.703169e-06,1.028727e-04,8.902861e-05,1.532877e-04,1.357931e-04,8.616896e-05,7.367986e-05,4.542691e-07,2.704513e-07,1.645450e-04,1.459967e-04,8.582853e-05,1.173484e-04,1.015269e-04
5.730000e+02,1.160944e-04,1.003957e-04,1.049291e-04,8.915053e-05,1.127092e-04,9.696985e-05,1.188315e-04,1.031769e-04,1.234520e-04,1.078975e-04,6.851045e-05,5.765610e-05,1.531841e-04,1.344572e-04,9.847136e-05,8.328307e-05,1.579499e-05,1.174404e-05,2.540992e-06,1.670544e-06,1.020882e-04,8.832283e-05,1.523291e-04,1.349081e-04,8.546516e-05,7.305313e-05,4.436204e-07,2.638579e-07,1.635380e-04,1.450707e-04,8.515688e-05,1.165114e-04,1.007718e-04
5.735000e+02,1.152643e-04,9.964720e-05,1.041157e-04,8.842192e-05,1.118837e-04,9.622679e-05,1.179980e-04,1.024244e-04,1.226137e-04,1.071391e-04,6.793669e-05,5.715354e-05,1.521905e-04,1.335469e-04,9.768953e-05,8.258786e-05,1.558795e-05,1.158368e-05,2.493944e-06,1.638489e-06,1.013083e-04,8.762143e-05,1.513749e-04,1.340274e-04,8.476593e-05,7.243065e-05,4.332005e-07,2.574119e-07,1.625357e-04,1.441493e-04,8.448937e-05,1.156789e-04,1.000211e-04
5.740000e+02,1.144388e-04,9.890305e-05,1.033071e-04,8.769776e-05,1.110628e-04,9.548811e-05,1.171692e-04,1.016762e-04,1.217801e-04,1.063850e-04,6.736686e-05,5.665455e-05,1.512017e-04,1.326413e-04,9.691243e-05,8.189708e-05,1.538326e-05,1.142522e-05,2.447688e-06,1.606997e-06,1.005330e-04,8.692439e-05,1.504253e-04,1.331512e-04,8.407123e-05,7.181240e-05,4.230049e-07,2.511106e-07,1.615382e-04,1.432325e-04,8.382595e-05,1.148512e-04,9.927476e-05
5.745000e+02,1.136180e-04,9.816325e-05,1.025032e-04,8.697803e-05,1.102465e-04,9.475381e-05,1.163450e-04,1.009323e-04,1.209510e-04,1.056352e-04,6.680093e-05,5.615914e-05,1.502177e-04,1.317403e-04,9.614003e-05,8.121073e-05,1.518091e-05,1.126866e-05,2.402214e-06,1.576058e-06,9.976238e-05,8.623169e-05,1.494803e-04,1.322792e-04,8.338106e-05,7.119836e-05,4.130293e-07,2.449509e-07,1.605455e-04,1.423203e-04,8.316662e-05,1.140280e-04,9.853278e-05
5.750000e+02,1.128017e-04,9.742778e-05,1.017039e-04,8.626271e-05,1.094349e-04,9.402386e-05,1.155253e-04,1.001928e-04,1.201264e-04,1.048897e-04,6.623888e-05,5.566726e-05,1.492386e-04,1.308439e-04,9.537233e-05,8.052878e-05,1.498087e-05,1.111397e-05,2.357508e-06,1.545663e-06,9.899633e-05,8.554332e-05,1.485397e-04,1.314116e-04,8.269539e-05,7.058850e-05,4.032694e-07,2.389299e-07,1.595576e-04,1.414127e-04,8.251136e-05,1.132094e-04,9.779515e-05
5.755000e+02,1.119900e-04,9.669663e-05,1.009093e-04,8.555177e-05,1.086278e-04,9.329825e-05,1.147102e-04,9.945759e-05,1.193064e-04,1.041485e-04,6.568069e-05,5.517892e-05,1.482643e-04,1.299522e-04,9.460929e-05,7.985122e-05,1.478313e-05,1.096114e-05,2.313561e-06,1.515804e-06,9.823486e-05,8.485927e-05,1.476036e-04,1.305483e-04,8.201420e-05,6.998281e-05,3.937210e-07,2.330448e-07,1.585744e-04,1.405096e-04,8.186015e-05,1.123955e-04,9.706184e-05
5.760000e+02,1.111828e-04,9.596978e-05,1.001193e-04,8.484521e-05,1.078254e-04,9.257696e-05,1.138997e-04,9.872664e-05,1.184909e-04,1.034116e-04,6.512635e-05,5.469408e-05,1.472948e-04,1.290652e-04,9.385090e-05,7.917802e-05,1.458766e-05,1.081014e-05,2.270359e-06,1.486472e-06,9.747795e-05,8.417950e-05,1.466720e-04,1.296893e-04,8.133749e-05,6.938128e-05,3.843798e-07,2.272928e-07,1.575959e-04,1.396111e-04,8.121297e-05,1.115860e-04,9.633284e-05
5.765000e+02,1.103802e-04,9.524721e-05,9.933396e-05,8.414301e-05,1.070275e-04,9.185998e-05,1.130936e-04,9.799995e-05,1.176798e-04,1.026789e-04,6.457582e-05,5.421272e-05,1.463300e-04,1.281827e-04,9.309715e-05,7.850917e-05,1.439443e-05,1.066096e-05,2.227893e-06,1.457659e-06,9.672558e-05,8.350401e-05,1.457448e-04,1.288346e-04,8.066522e-05,6.878388e-05,3.752418e-07,2.216711e-07,1.566222e-04,1.387172e-04,8.056981e-05,1.107812e-04,9.560814e-05
5.770000e+02,1.095822e-04,9.452890e-05,9.855319e-05,8.344513e-05,1.062341e-04,9.114727e-05,1.122921e-04,9.727752e-05,1.168733e-04,1.019504e-04,6.402910e-05,5.373484e-05,1.453701e-04,1.273048e-04,9.234801e-05,7.784465e-05,1.420344e-05,1.051358e-05,2.186150e-06,1.429357e-06,9.597774e-05,8.283279e-05,1.448221e-04,1.279841e-04,7.999738e-05,6.819060e-05,3.663030e-07,2.161771e-07,1.556531e-04,1.378277e-04,7.993064e-05,1.099808e-04,9.488770e-05
5.775000e+02,1.087886e-04,9.381484e-05,9.777700e-05,8.275158e-05,1.054453e-04,9.043884e-05,1.114951e-04,9.655931e-05,1.160712e-04,1.012261e-04,6.348615e-05,5.326040e-05,1.444149e-04,1.264314e-04,9.160347e-05,7.718444e-05,1.401465e-05,1.036798e-05,2.145120e-06,1.401557e-06,9.523442e-05,8.216580e-05,1.439038e-04,1.271379e-04,7.933396e-05,6.760141e-05,3.575594e-07,2.108081e-07,1.546888e-04,1.369428e-04,7.929544e-05,1.091850e-04,9.417151e-05
5.780000e+02,1.079995e-04,9.310500e-05,9.700538e-05,8.206233e-05,1.046610e-04,8.973465e-05,1.107025e-04,9.584531e-05,1.152736e-04,1.005060e-04,6.294697e-05,5.278939e-05,1.434644e-04,1.255626e-04,9.086350e-05,7.652852e-05,1.382804e-05,1.022414e-05,2.104791e-06,1.374252e-06,9.449559e-05,8.150305e-05,1.429899e-04,1.262960e-04,7.867493e-05,6.701630e-05,3.490072e-07,2.055615e-07,1.537291e-04,1.360623e-04,7.866421e-05,1.083937e-04,9.345957e-05
5.785000e+02,1.072149e-04,9.239938e-05,9.623830e-05,8.137736e-05,1.038811e-04,8.903469e-05,1.099143e-04,9.513551e-05,1.144803e-04,9.979007e-05,6.241153e-05,5.232179e-05,1.425187e-04,1.246984e-04,9.012809e-05,7.587687e-05,1.364360e-05,1.008205e-05,2.065154e-06,1.347434e-06,9.376125e-05,8.084450e-05,1.420805e-04,1.254582e-04,7.802028e-05,6.643525e-05,3.406426e-07,2.004348e-07,1.527740e-04,1.351863e-04,7.803691e-05,1.076068e-04,9.275184e-05
5.790000e+02,1.064347e-04,9.169794e-05,9.547575e-05,8.069665e-05,1.031058e-04,8.833895e-05,1.091307e-04,9.442988e-05,1.136915e-04,9.907829e-05,6.187981e-05,5.185758e-05,1.415777e-04,1.238387e-04,8.939722e-05,7.522947e-05,1.346130e-05,9.941681e-06,2.026197e-06,1.321094e-06,9.303136e-05,8.019015e-05,1.411754e-04,1.246247e-04,7.736999e-05,6.585824e-05,3.324617e-07,1.954254e-07,1.518237e-04,1.343148e-04,7.741355e-05,1.068244e-04,9.204831e-05
5.795000e+02,1.056590e-04,9.100069e-05,9.471771e-05,8.002019e-05,1.023349e-04,8.764740e-05,1.083514e-04,9.372841e-05,1.129071e-04,9.837064e-05,6.135180e-05,5.139674e-05,1.406414e-04,1.229834e-04,8.867088e-05,7.458630e-05,1.328112e-05,9.803023e-06,1.987910e-06,1.295226e-06,9.230593e-05,7.953997e-05,1.402747e-04,1.237953e-04,7.672404e-05,6.528525e-05,3.244611e-07,1.905310e-07,1.508779e-04,1.334477e-04,7.679408e-05,1.060465e-04,9.134897e-05
5.800000e+02,1.048877e-04,9.030758e-05,9.396415e-05,7.934795e-05,1.015684e-04,8.696002e-05,1.075765e-04,9.303109e-05,1.121271e-04,9.766711e-05,6.082746e-05,5.093926e-05,1.397097e-04,1.221327e-04,8.794903e-05,7.394735e-05,1.310305e-05,9.666057e-06,1.950282e-06,1.269820e-06,9.158493e-05,7.889395e-05,1.393783e-04,1.229702e-04,7.608241e-05,6.471626e-05,3.166369e-07,1.857491e-07,1.499368e-04,1.325850e-04,7.617851e-05,1.052729e-04,9.065379e-05
5.805000e+02,1.041207e-04,8.961862e-05,9.321508e-05,7.867993e-05,1.008063e-04,8.627681e-05,1.068060e-04,9.233788e-05,1.113514e-04,9.696768e-05,6.030679e-05,5.048510e-05,1.387828e-04,1.212864e-04,8.723167e-05,7.331259e-05,1.292705e-05,9.530764e-06,1.913305e-06,1.244871e-06,9.086834e-05,7.825208e-05,1.384863e-04,1.221492e-04,7.544508e-05,6.415126e-05,3.089858e-07,1.810774e-07,1.490002e-04,1.317268e-04,7.556680e-05,1.045038e-04,8.996276e-05
5.810000e+02,1.033582e-04,8.893378e-05,9.247046e-05,7.801609e-05,1.000487e-04,8.559774e-05,1.060399e-04,9.164878e-05,1.105800e-04,9.627232e-05,5.978976e-05,5.003427e-05,1.378605e-04,1.204446e-04,8.651877e-05,7.268201e-05,1.275311e-05,9.397127e-06,1.876966e-06,1.220371e-06,9.015616e-05,7.761433e-05,1.375986e-04,1.213323e-04,7.481205e-05,6.359022e-05,3.015042e-07,1.765136e-07,1.480683e-04,1.308729e-04,7.495895e-05,1.037391e-04,8.927586e-05
5.815000e+02,1.026000e-04,8.825304e-05,9.173028e-05,7.735644e-05,9.929543e-05,8.492279e-05,1.052781e-04,9.096377e-05,1.098130e-04,9.558104e-05,5.927636e-05,4.958672e-05,1.369428e-04,1.196073e-04,8.581033e-05,7.205559e-05,1.258121e-05,9.265129e-06,1.841257e-06,1.196311e-06,8.944835e-05,7.698069e-05,1.367152e-04,1.205196e-04,7.418327e-05,6.303313e-05,2.941886e-07,1.720553e-07,1.471409e-04,1.300234e-04,7.435493e-05,1.029787e-04,8.859307e-05
5.820000e+02,1.018462e-04,8.757639e-05,9.099452e-05,7.670093e-05,9.854654e-05,8.425195e-05,1.045206e-04,9.028283e-05,1.090502e-04,9.489379e-05,5.876656e-05,4.914246e-05,1.360297e-04,1.187744e-04,8.510631e-05,7.143331e-05,1.241133e-05,9.134754e-06,1.806168e-06,1.172686e-06,8.874492e-05,7.635114e-05,1.358361e-04,1.197110e-04,7.355875e-05,6.247997e-05,2.870359e-07,1.677004e-07,1.462180e-04,1.291783e-04,7.375474e-05,1.022227e-04,8.791437e-05
5.825000e+02,1.010967e-04,8.690381e-05,9.026316e-05,7.604957e-05,9.780200e-05,8.358520e-05,1.037675e-04,8.960595e-05,1.082918e-04,9.421058e-05,5.826034e-05,4.870145e-05,1.351213e-04,1.179459e-04,8.440670e-05,7.081516e-05,1.224345e-05,9.005983e-06,1.771689e-06,1.149488e-06,8.804583e-05,7.572567e-05,1.349613e-04,1.189065e-04,7.293846e-05,6.193072e-05,2.800426e-07,1.634467e-07,1.452998e-04,1.283375e-04,7.315834e-05,1.014711e-04,8.723976e-05
5.830000e+02,1.003515e-04,8.623528e-05,8.953619e-05,7.540233e-05,9.706179e-05,8.292252e-05,1.030186e-04,8.893310e-05,1.075376e-04,9.353138e-05,5.775769e-05,4.826368e-05,1.342174e-04,1.171217e-04,8.371148e-05,7.020110e-05,1.207755e-05,8.878801e-06,1.737811e-06,1.126711e-06,8.735108e-05,7.510425e-05,1.340908e-04,1.181060e-04,7.232238e-05,6.138536e-05,2.732055e-07,1.592920e-07,1.443860e-04,1.275011e-04,7.256572e-05,1.007237e-04,8.656920e-05
5.835000e+02,9.961061e-05,8.557078e-05,8.881359e-05,7.475919e-05,9.632590e-05,8.226389e-05,1.022741e-04,8.826427e-05,1.067877e-04,9.285617e-05,5.725858e-05,4.782913e-05,1.333182e-04,1.163020e-04,8.302063e-05,6.959113e-05,1.191361e-05,8.753191e-06,1.704524e-06,1.104346e-06,8.666065e-05,7.448688e-05,1.332245e-04,1.173097e-04,7.171050e-05,6.084387e-05,2.665215e-07,1.552343e-07,1.434767e-04,1.266689e-04,7.197687e-05,9.998070e-05,8.590269e-05
5.840000e+02,9.887400e-05,8.491030e-05,8.809534e-05,7.412013e-05,9.559431e-05,8.160930e-05,1.015338e-04,8.759944e-05,1.060420e-04,9.218494e-05,5.676300e-05,4.739779e-05,1.324234e-04,1.154866e-04,8.233414e-05,6.898522e-05,1.175161e-05,8.629135e-06,1.671818e-06,1.082388e-06,8.597451e-05,7.387353e-05,1.323625e-04,1.165174e-04,7.110280e-05,6.030624e-05,2.599875e-07,1.512714e-07,1.425720e-04,1.258411e-04,7.139176e-05,9.924195e-05,8.524021e-05
5.845000e+02,9.814164e-05,8.425382e-05,8.738142e-05,7.348515e-05,9.486700e-05,8.095873e-05,1.007977e-04,8.693859e-05,1.053005e-04,9.151767e-05,5.627093e-05,4.696963e-05,1.315333e-04,1.146756e-04,8.165199e-05,6.838336e-05,1.159153e-05,8.506619e-06,1.639686e-06,1.060830e-06,8.529267e-05,7.326419e-05,1.315047e-04,1.157292e-04,7.049925e-05,5.977244e-05,2.536003e-07,1.474014e-07,1.416717e-04,1.250176e-04,7.081039e-05,9.850746e-05,8.458173e-05
5.850000e+02,9.741353e-05,8.360132e-05,8.667182e-05,7.285421e-05,9.414395e-05,8.031216e-05,1.000659e-04,8.628171e-05,1.045633e-04,9.085434e-05,5.578235e-05,4.654463e-05,1.306477e-04,1.138690e-04,8.097415e-05,6.778553e-05,1.143336e-05,8.385625e-06,1.608118e-06,1.039665e-06,8.461509e-05,7.265885e-05,1.306511e-04,1.149450e-04,6.989984e-05,5.924246e-05,2.473570e-07,1.436222e-07,1.407759e-04,1.241983e-04,7.023272e-05,9.777723e-05,8.392724e-05
5.855000e+02,9.668965e-05,8.295279e-05,8.596652e-05,7.222731e-05,9.342515e-05,7.966957e-05,9.933826e-05,8.562878e-05,1.038302e-04,9.019494e-05,5.529724e-05,4.612278e-05,1.297666e-04,1.130666e-04,8.030062e-05,6.719171e-05,1.127706e-05,8.266137e-06,1.577104e-06,1.018887e-06,8.394177e-05,7.205747e-05,1.298017e-04,1.141648e-04,6.930455e-05,5.871628e-05,2.412546e-07,1.399320e-07,1.398846e-04,1.233833e-04,6.965876e-05,9.705124e-05,8.327672e-05
5.860000e+02,9.596997e-05,8.230820e-05,8.526549e-05,7.160442e-05,9.271058e-05,7.903095e-05,9.861483e-05,8.497978e-05,1.031013e-04,8.953944e-05,5.481558e-05,4.570406e-05,1.288900e-04,1.122685e-04,7.963136e-05,6.660188e-05,1.112264e-05,8.148140e-06,1.546637e-06,9.984893e-07,8.327269e-05,7.146006e-05,1.289565e-04,1.133886e-04,6.871337e-05,5.819388e-05,2.352903e-07,1.363287e-07,1.389977e-04,1.225726e-04,6.908847e-05,9.632946e-05,8.263016e-05
5.865000e+02,9.525449e-05,8.166754e-05,8.456873e-05,7.098553e-05,9.200022e-05,7.839628e-05,9.789557e-05,8.433470e-05,1.023765e-04,8.888784e-05,5.433734e-05,4.528846e-05,1.280178e-04,1.114748e-04,7.896637e-05,6.601602e-05,1.097005e-05,8.031618e-06,1.516707e-06,9.784657e-07,8.260783e-05,7.086659e-05,1.281154e-04,1.126164e-04,6.812627e-05,5.767523e-05,2.294612e-07,1.328107e-07,1.381152e-04,1.217660e-04,6.852184e-05,9.561188e-05,8.198754e-05
5.870000e+02,9.454318e-05,8.103080e-05,8.387622e-05,7.037061e-05,9.129406e-05,7.776555e-05,9.718048e-05,8.369352e-05,1.016559e-04,8.824011e-05,5.386253e-05,4.487594e-05,1.271502e-04,1.106853e-04,7.830563e-05,6.543412e-05,1.081929e-05,7.916555e-06,1.487306e-06,9.588100e-07,8.194717e-05,7.027704e-05,1.272785e-04,1.118481e-04,6.754323e-05,5.716033e-05,2.237644e-07,1.293759e-07,1.372371e-04,1.209637e-04,6.795885e-05,9.489848e-05,8.134884e-05
5.875000e+02,9.383602e-05,8.039795e-05,8.318794e-05,6.975966e-05,9.059208e-05,7.713873e-05,9.646952e-05,8.305621e-05,1.009394e-04,8.759624e-05,5.339110e-05,4.446650e-05,1.262870e-04,1.099001e-04,7.764911e-05,6.485615e-05,1.067034e-05,7.802935e-06,1.458426e-06,9.395161e-07,8.129070e-05,6.969140e-05,1.264458e-04,1.110839e-04,6.696425e-05,5.664915e-05,2.181974e-07,1.260226e-07,1.363634e-04,1.201656e-04,6.739949e-05,9.418925e-05,8.071405e-05
5.880000e+02,9.313301e-05,7.976898e-05,8.250386e-05,6.915266e-05,8.989425e-05,7.651580e-05,9.576269e-05,8.242277e-05,1.002269e-04,8.695621e-05,5.292305e-05,4.406012e-05,1.254283e-04,1.091191e-04,7.699680e-05,6.428211e-05,1.052318e-05,7.690743e-06,1.430058e-06,9.205780e-07,8.063840e-05,6.910965e-05,1.256172e-04,1.103235e-04,6.638929e-05,5.614168e-05,2.127573e-07,1.227491e-07,1.354941e-04,1.193717e-04,6.684374e-05,9.348417e-05,8.008314e-05
5.885000e+02,9.243412e-05,7.914387e-05,8.182398e-05,6.854958e-05,8.920057e-05,7.589676e-05,9.505997e-05,8.179318e-05,9.951862e-05,8.632000e-05,5.245836e-05,4.365677e-05,1.245740e-04,1.083423e-04,7.634868e-05,6.371196e-05,1.037780e-05,7.579964e-06,1.402195e-06,9.019897e-07,7.999026e-05,6.853177e-05,1.247927e-04,1.095671e-04,6.581834e-05,5.563790e-05,2.074416e-07,1.195536e-07,1.346292e-04,1.185819e-04,6.629159e-05,9.278322e-05,7.945610e-05
5.890000e+02,9.173934e-05,7.852261e-05,8.114828e-05,6.795042e-05,8.851102e-05,7.528158e-05,9.436134e-05,8.116742e-05,9.881435e-05,8.568760e-05,5.199701e-05,4.325645e-05,1.237241e-04,1.075698e-04,7.570474e-05,6.314570e-05,1.023416e-05,7.470583e-06,1.374827e-06,8.837454e-07,7.934626e-05,6.795776e-05,1.239722e-04,1.088146e-04,6.525139e-05,5.513778e-05,2.022476e-07,1.164344e-07,1.337686e-04,1.177963e-04,6.574300e-05,9.208639e-05,7.883292e-05
5.895000e+02,9.104865e-05,7.790517e-05,8.047674e-05,6.735514e-05,8.782558e-05,7.467024e-05,9.366678e-05,8.054547e-05,9.811413e-05,8.505899e-05,5.153897e-05,4.285913e-05,1.228786e-04,1.068014e-04,7.506495e-05,6.258330e-05,1.009226e-05,7.362584e-06,1.347948e-06,8.658394e-07,7.870638e-05,6.738758e-05,1.231559e-04,1.080660e-04,6.468841e-05,5.464131e-05,1.971728e-07,1.133899e-07,1.329124e-04,1.170148e-04,6.519798e-05,9.139365e-05,7.821357e-05
5.900000e+02,9.036203e-05,7.729155e-05,7.980934e-05,6.676374e-05,8.714423e-05,7.406274e-05,9.297628e-05,7.992731e-05,9.741795e-05,8.443415e-05,5.108424e-05,4.246480e-05,1.220375e-04,1.060373e-04,7.442929e-05,6.202474e-05,9.952083e-06,7.255953e-06,1.321549e-06,8.482660e-07,7.807061e-05,6.682123e-05,1.223437e-04,1.073213e-04,6.412939e-05,5.414847e-05,1.922148e-07,1.104184e-07,1.320604e-04,1.162374e-04,6.465649e-05,9.070500e-05,7.759804e-05
5.905000e+02,8.967946e-05,7.668171e-05,7.914606e-05,6.617620e-05,8.646695e-05,7.345904e-05,9.228982e-05,7.931293e-05,9.672578e-05,8.381306e-05,5.063279e-05,4.207343e-05,1.212008e-04,1.052773e-04,7.379775e-05,6.147001e-05,9.813603e-06,7.150675e-06,1.295622e-06,8.310195e-07,7.743893e-05,6.625868e-05,1.215355e-04,1.065805e-04,6.357430e-05,5.365924e-05,1.873711e-07,1.075183e-07,1.312128e-04,1.154641e-04,6.411853e-05,9.002041e-05,7.698631e-05
5.910000e+02,8.900094e-05,7.607566e-05,7.848689e-05,6.559250e-05,8.579373e-05,7.285914e-05,9.160738e-05,7.870232e-05,9.603760e-05,8.319572e-05,5.018460e-05,4.168502e-05,1.203684e-04,1.045214e-04,7.317032e-05,6.091909e-05,9.676806e-06,7.046735e-06,1.270161e-06,8.140946e-07,7.681133e-05,6.569993e-05,1.207313e-04,1.058435e-04,6.302313e-05,5.317361e-05,1.826393e-07,1.046881e-07,1.303695e-04,1.146950e-04,6.358408e-05,8.933986e-05,7.637837e-05
5.915000e+02,8.832643e-05,7.547336e-05,7.783181e-05,6.501263e-05,8.512456e-05,7.226302e-05,9.092894e-05,7.809545e-05,9.535341e-05,8.258210e-05,4.973966e-05,4.129953e-05,1.195404e-04,1.037697e-04,7.254696e-05,6.037197e-05,9.541675e-06,6.944119e-06,1.245157e-06,7.974857e-07,7.618778e-05,6.514495e-05,1.199312e-04,1.051104e-04,6.247586e-05,5.269155e-05,1.780170e-07,1.019262e-07,1.295304e-04,1.139299e-04,6.305312e-05,8.866335e-05,7.577419e-05
5.920000e+02,8.765593e-05,7.487480e-05,7.718081e-05,6.443656e-05,8.445941e-05,7.167066e-05,9.025450e-05,7.749231e-05,9.467319e-05,8.197218e-05,4.929794e-05,4.091697e-05,1.187167e-04,1.030221e-04,7.192767e-05,5.982861e-05,9.408193e-06,6.842812e-06,1.220603e-06,7.811874e-07,7.556828e-05,6.459373e-05,1.191351e-04,1.043811e-04,6.193247e-05,5.221305e-05,1.735019e-07,9.923118e-08,1.286957e-04,1.131688e-04,6.252563e-05,8.799085e-05,7.517377e-05
5.925000e+02,8.698942e-05,7.427997e-05,7.653386e-05,6.386428e-05,8.379826e-05,7.108205e-05,8.958403e-05,7.689288e-05,9.399691e-05,8.136595e-05,4.885944e-05,4.053730e-05,1.178973e-04,1.022786e-04,7.131243e-05,5.928901e-05,9.276342e-06,6.742800e-06,1.196492e-06,7.651947e-07,7.495280e-05,6.404624e-05,1.183430e-04,1.036556e-04,6.139294e-05,5.173809e-05,1.690918e-07,9.660149e-08,1.278651e-04,1.124119e-04,6.200160e-05,8.732234e-05,7.457708e-05
5.930000e+02,8.632688e-05,7.368885e-05,7.589095e-05,6.329577e-05,8.314111e-05,7.049716e-05,8.891752e-05,7.629714e-05,9.332457e-05,8.076340e-05,4.842413e-05,4.016051e-05,1.170822e-04,1.015392e-04,7.070121e-05,5.875315e-05,9.146106e-06,6.644069e-06,1.172817e-06,7.495022e-07,7.434134e-05,6.350249e-05,1.175548e-04,1.029339e-04,6.085726e-05,5.126664e-05,1.647845e-07,9.403571e-08,1.270388e-04,1.116589e-04,6.148101e-05,8.665782e-05,7.398410e-05
5.935000e+02,8.566829e-05,7.310142e-05,7.525206e-05,6.273102e-05,8.248793e-05,6.991598e-05,8.825494e-05,7.570509e-05,9.265614e-05,8.016450e-05,4.799199e-05,3.978659e-05,1.162714e-04,1.008039e-04,7.009401e-05,5.822101e-05,9.017467e-06,6.546605e-06,1.149570e-06,7.341049e-07,7.373386e-05,6.296244e-05,1.167707e-04,1.022160e-04,6.032540e-05,5.079870e-05,1.605777e-07,9.153242e-08,1.262168e-04,1.109100e-04,6.096384e-05,8.599725e-05,7.339483e-05
5.940000e+02,8.501364e-05,7.251767e-05,7.461718e-05,6.217000e-05,8.183871e-05,6.933850e-05,8.759629e-05,7.511669e-05,9.199161e-05,7.956924e-05,4.756300e-05,3.941551e-05,1.154648e-04,1.000726e-04,6.949080e-05,5.769257e-05,8.890410e-06,6.450394e-06,1.126744e-06,7.189977e-07,7.313037e-05,6.242608e-05,1.159905e-04,1.015019e-04,5.979735e-05,5.033423e-05,1.564693e-07,8.909024e-08,1.253989e-04,1.101650e-04,6.045008e-05,8.534064e-05,7.280924e-05
5.945000e+02,8.436291e-05,7.193758e-05,7.398628e-05,6.161271e-05,8.119342e-05,6.876469e-05,8.694154e-05,7.453194e-05,9.133096e-05,7.897760e-05,4.713715e-05,3.904726e-05,1.146625e-04,9.934542e-05,6.889156e-05,5.716782e-05,8.764918e-06,6.355423e-06,1.104333e-06,7.041757e-07,7.253083e-05,6.189339e-05,1.152142e-04,1.007915e-04,5.927309e-05,4.987324e-05,1.524573e-07,8.670779e-08,1.245852e-04,1.094241e-04,5.993971e-05,8.468795e-05,7.222732e-05
5.950000e+02,8.371609e-05,7.136113e-05,7.335936e-05,6.105912e-05,8.055206e-05,6.819454e-05,8.629069e-05,7.395082e-05,9.067418e-05,7.838957e-05,4.671443e-05,3.868183e-05,1.138645e-04,9.862223e-05,6.829628e-05,5.664673e-05,8.640974e-06,6.261677e-06,1.082330e-06,6.896339e-07,7.193524e-05,6.136436e-05,1.144419e-04,1.000848e-04,5.875260e-05,4.941568e-05,1.485395e-07,8.438376e-08,1.237757e-04,1.086871e-04,5.943271e-05,8.403917e-05,7.164905e-05
5.955000e+02,8.307315e-05,7.078830e-05,7.273639e-05,6.050922e-05,7.991461e-05,6.762804e-05,8.564370e-05,7.337331e-05,9.002125e-05,7.780513e-05,4.629480e-05,3.831919e-05,1.130707e-04,9.790306e-05,6.770494e-05,5.612929e-05,8.518562e-06,6.169143e-06,1.060728e-06,6.753677e-07,7.134358e-05,6.083897e-05,1.136734e-04,9.938194e-05,5.823585e-05,4.896155e-05,1.447140e-07,8.211684e-08,1.229703e-04,1.079540e-04,5.892907e-05,8.339429e-05,7.107441e-05
5.960000e+02,8.243408e-05,7.021908e-05,7.211735e-05,5.996299e-05,7.928105e-05,6.706516e-05,8.500057e-05,7.279939e-05,8.937215e-05,7.722426e-05,4.587826e-05,3.795933e-05,1.122810e-04,9.718789e-05,6.711752e-05,5.561548e-05,8.397667e-06,6.077808e-06,1.039521e-06,6.613722e-07,7.075583e-05,6.031721e-05,1.129089e-04,9.868276e-05,5.772284e-05,4.851083e-05,1.409788e-07,7.990574e-08,1.221691e-04,1.072250e-04,5.842877e-05,8.275329e-05,7.050339e-05
5.965000e+02,8.179887e-05,6.965345e-05,7.150224e-05,5.942041e-05,7.865136e-05,6.650589e-05,8.436128e-05,7.222905e-05,8.872686e-05,7.664695e-05,4.546478e-05,3.760223e-05,1.114956e-04,9.647670e-05,6.653400e-05,5.510528e-05,8.278271e-06,5.987658e-06,1.018702e-06,6.476429e-07,7.017198e-05,5.979905e-05,1.121483e-04,9.798727e-05,5.721354e-05,4.806350e-05,1.373319e-07,7.774921e-08,1.213721e-04,1.064998e-04,5.793179e-05,8.211616e-05,6.993597e-05
5.970000e+02,8.116750e-05,6.909140e-05,7.089103e-05,5.888147e-05,7.802552e-05,6.595022e-05,8.372581e-05,7.166228e-05,8.808538e-05,7.607318e-05,4.505435e-05,3.724788e-05,1.107143e-04,9.576948e-05,6.595437e-05,5.459868e-05,8.160360e-06,5.898680e-06,9.982642e-07,6.341750e-07,6.959200e-05,5.928448e-05,1.113915e-04,9.729546e-05,5.670794e-05,4.761955e-05,1.337715e-07,7.564603e-08,1.205791e-04,1.057786e-04,5.743813e-05,8.148286e-05,6.937213e-05
5.975000e+02,8.053994e-05,6.853291e-05,7.028370e-05,5.834615e-05,7.740353e-05,6.539812e-05,8.309415e-05,7.109905e-05,8.744768e-05,7.550293e-05,4.464696e-05,3.689626e-05,1.099373e-04,9.506621e-05,6.537861e-05,5.409565e-05,8.043918e-06,5.810862e-06,9.782019e-07,6.209642e-07,6.901589e-05,5.877348e-05,1.106387e-04,9.660734e-05,5.620601e-05,4.717894e-05,1.302956e-07,7.359499e-08,1.197903e-04,1.050612e-04,5.694775e-05,8.085340e-05,6.881186e-05
5.980000e+02,7.991619e-05,6.797797e-05,6.968025e-05,5.781444e-05,7.678536e-05,6.484958e-05,8.246628e-05,7.053935e-05,8.681374e-05,7.493619e-05,4.424258e-05,3.654735e-05,1.091643e-04,9.436688e-05,6.480670e-05,5.359619e-05,7.928929e-06,5.724190e-06,9.585086e-07,6.080059e-07,6.844363e-05,5.826605e-05,1.098896e-04,9.592287e-05,5.570774e-05,4.674167e-05,1.269025e-07,7.159491e-08,1.190055e-04,1.043477e-04,5.646065e-05,8.022775e-05,6.825514e-05
5.985000e+02,7.929623e-05,6.742654e-05,6.908065e-05,5.728631e-05,7.617099e-05,6.430459e-05,8.184219e-05,6.998316e-05,8.618356e-05,7.437294e-05,4.384119e-05,3.620113e-05,1.083955e-04,9.367148e-05,6.423863e-05,5.310027e-05,7.815377e-06,5.638652e-06,9.391784e-07,5.952958e-07,6.787519e-05,5.776215e-05,1.091444e-04,9.524204e-05,5.521311e-05,4.630771e-05,1.235903e-07,6.964464e-08,1.182248e-04,1.036381e-04,5.597681e-05,7.960589e-05,6.770196e-05
5.990000e+02,7.868004e-05,6.687863e-05,6.848488e-05,5.676175e-05,7.556042e-05,6.376312e-05,8.122184e-05,6.943047e-05,8.555711e-05,7.381317e-05,4.344278e-05,3.585759e-05,1.076308e-04,9.297999e-05,6.367437e-05,5.260788e-05,7.703249e-06,5.554234e-06,9.202050e-07,5.828295e-07,6.731057e-05,5.726177e-05,1.084030e-04,9.456485e-05,5.472209e-05,4.587705e-05,1.203573e-07,6.774304e-08,1.174482e-04,1.029324e-04,5.549621e-05,7.898782e-05,6.715229e-05
5.995000e+02,7.806760e-05,6.633421e-05,6.789293e-05,5.624074e-05,7.495362e-05,6.322516e-05,8.060524e-05,6.888126e-05,8.493437e-05,7.325686e-05,4.304734e-05,3.551672e-05,1.068703e-04,9.229239e-05,6.311390e-05,5.211899e-05,7.592527e-06,5.470925e-06,9.015826e-07,5.706029e-07,6.674975e-05,5.676491e-05,1.076654e-04,9.389127e-05,5.423468e-05,4.544967e-05,1.172018e-07,6.588902e-08,1.166756e-04,1.022305e-04,5.501884e-05,7.837351e-05,6.660613e-05
6.000000e+02,7.745890e-05,6.579327e-05,6.730479e-05,5.572327e-05,7.435057e-05,6.269070e-05,7.999237e-05,6.833551e-05,8.431534e-05,7.270399e-05,4.265483e-05,3.517849e-05,1.061138e-04,9.160866e-05,6.255722e-05,5.163359e-05,7.483198e-06,5.388711e-06,8.833054e-07,5.586117e-07,6.619271e-05,5.627153e-05,1.069316e-04,9.322130e-05,5.375085e-05,4.502555e-05,1.141220e-07,6.408148e-08,1.159071e-04,1.015324e-04,5.454468e-05,7.776294e-05,6.606345e-05
6.005000e+02,7.685393e-05,6.525579e-05,6.672043e-05,5.520932e-05,7.375127e-05,6.215972e-05,7.938320e-05,6.779321e-05,8.370000e-05,7.215454e-05,4.226526e-05,3.484289e-05,1.053613e-04,9.092880e-05,6.200430e-05,5.115167e-05,7.375246e-06,5.307581e-06,8.653674e-07,5.468518e-07,6.563943e-05,5.578162e-05,1.062015e-04,9.255492e-05,5.327058e-05,4.460468e-05,1.111164e-07,6.231937e-08,1.151426e-04,1.008381e-04,5.407372e-05,7.715610e-05,6.552424e-05
6.010000e+02,7.625266e-05,6.472176e-05,6.613984e-05,5.469888e-05,7.315569e-05,6.163220e-05,7.877772e-05,6.725434e-05,8.308832e-05,7.160851e-05,4.187860e-05,3.450991e-05,1.046130e-04,9.025279e-05,6.145513e-05,5.067320e-05,7.268656e-06,5.227522e-06,8.477631e-07,5.353192e-07,6.508990e-05,5.529518e-05,1.054753e-04,9.189211e-05,5.279386e-05,4.418702e-05,1.081832e-07,6.060164e-08,1.143820e-04,1.001476e-04,5.360593e-05,7.655298e-05,6.498849e-05
6.015000e+02,7.565508e-05,6.419115e-05,6.556300e-05,5.419192e-05,7.256382e-05,6.110812e-05,7.817592e-05,6.671889e-05,8.248030e-05,7.106588e-05,4.149483e-05,3.417952e-05,1.038687e-04,8.958062e-05,6.090968e-05,5.019818e-05,7.163415e-06,5.148522e-06,8.304868e-07,5.240099e-07,6.454410e-05,5.481217e-05,1.047528e-04,9.123286e-05,5.232066e-05,4.377258e-05,1.053210e-07,5.892727e-08,1.136255e-04,9.946087e-05,5.314131e-05,7.595356e-05,6.445617e-05
6.020000e+02,7.506117e-05,6.366396e-05,6.498990e-05,5.368843e-05,7.197564e-05,6.058748e-05,7.757778e-05,6.618684e-05,8.187591e-05,7.052662e-05,4.111393e-05,3.385172e-05,1.031284e-04,8.891226e-05,6.036795e-05,4.972657e-05,7.059507e-06,5.070569e-06,8.135331e-07,5.129199e-07,6.400202e-05,5.433258e-05,1.040340e-04,9.057716e-05,5.185096e-05,4.336132e-05,1.025281e-07,5.729527e-08,1.128729e-04,9.877791e-05,5.267984e-05,7.535782e-05,6.392727e-05
6.025000e+02,7.447092e-05,6.314016e-05,6.442051e-05,5.318840e-05,7.139113e-05,6.007024e-05,7.698328e-05,6.565817e-05,8.127514e-05,6.999072e-05,4.073590e-05,3.352648e-05,1.023922e-04,8.824771e-05,5.982991e-05,4.925837e-05,6.956918e-06,4.993651e-06,7.968964e-07,5.020454e-07,6.346363e-05,5.385640e-05,1.033189e-04,8.992500e-05,5.138476e-05,4.295323e-05,9.980301e-08,5.570465e-08,1.121243e-04,9.809871e-05,5.222149e-05,7.476574e-05,6.340178e-05
6.030000e+02,7.388431e-05,6.261974e-05,6.385483e-05,5.269181e-05,7.081028e-05,5.955641e-05,7.639241e-05,6.513287e-05,8.067798e-05,6.945817e-05,4.036070e-05,3.320379e-05,1.016599e-04,8.758694e-05,5.929554e-05,4.879356e-05,6.855634e-06,4.917756e-06,7.805713e-07,4.913826e-07,6.292893e-05,5.338362e-05,1.026075e-04,8.927636e-05,5.092202e-05,4.254829e-05,9.714424e-08,5.415447e-08,1.113797e-04,9.742324e-05,5.176626e-05,7.417731e-05,6.287967e-05
6.035000e+02,7.330132e-05,6.210269e-05,6.329284e-05,5.219863e-05,7.023308e-05,5.904595e-05,7.580515e-05,6.461092e-05,8.008441e-05,6.892896e-05,3.998833e-05,3.288363e-05,1.009316e-04,8.692995e-05,5.876484e-05,4.833211e-05,6.755641e-06,4.842873e-06,7.645527e-07,4.809277e-07,6.239789e-05,5.291420e-05,1.018999e-04,8.863122e-05,5.046274e-05,4.214648e-05,9.455030e-08,5.264378e-08,1.106389e-04,9.675149e-05,5.131413e-05,7.359251e-05,6.236094e-05
6.040000e+02,7.272194e-05,6.158899e-05,6.273452e-05,5.170887e-05,6.965950e-05,5.853886e-05,7.522148e-05,6.409231e-05,7.949441e-05,6.840306e-05,3.961878e-05,3.256599e-05,1.002074e-04,8.627672e-05,5.823778e-05,4.787402e-05,6.656924e-06,4.768991e-06,7.488353e-07,4.706771e-07,6.187051e-05,5.244814e-05,1.011959e-04,8.798958e-05,5.000688e-05,4.174779e-05,9.201978e-08,5.117168e-08,1.099021e-04,9.608344e-05,5.086509e-05,7.301133e-05,6.184556e-05
6.045000e+02,7.214616e-05,6.107862e-05,6.217985e-05,5.122249e-05,6.908953e-05,5.803512e-05,7.464139e-05,6.357701e-05,7.890797e-05,6.788045e-05,3.925201e-05,3.225086e-05,9.948702e-05,8.562723e-05,5.771434e-05,4.741927e-05,6.559470e-06,4.696097e-06,7.334140e-07,4.606272e-07,6.134675e-05,5.198542e-05,1.004956e-04,8.735142e-05,4.955444e-05,4.135219e-05,8.955124e-08,4.973725e-08,1.091692e-04,9.541908e-05,5.041911e-05,7.243375e-05,6.133352e-05
6.050000e+02,7.157395e-05,6.057156e-05,6.162881e-05,5.073949e-05,6.852315e-05,5.753472e-05,7.406486e-05,6.306502e-05,7.832506e-05,6.736114e-05,3.888802e-05,3.193821e-05,9.877063e-05,8.498148e-05,5.719451e-05,4.696783e-05,6.463265e-06,4.624180e-06,7.182837e-07,4.507743e-07,6.082661e-05,5.152603e-05,9.979892e-05,8.671672e-05,4.910539e-05,4.095967e-05,8.714332e-08,4.833963e-08,1.084402e-04,9.475840e-05,4.997618e-05,7.185976e-05,6.082481e-05
6.055000e+02,7.100530e-05,6.006781e-05,6.108140e-05,5.025984e-05,6.796035e-05,5.703762e-05,7.349188e-05,6.255632e-05,7.774569e-05,6.684509e-05,3.852679e-05,3.162804e-05,9.805817e-05,8.433943e-05,5.667827e-05,4.651970e-05,6.368295e-06,4.553229e-06,7.034395e-07,4.411149e-07,6.031007e-05,5.106994e-05,9.910590e-05,8.608548e-05,4.865972e-05,4.057021e-05,8.479465e-08,4.697794e-08,1.077150e-04,9.410138e-05,4.953630e-05,7.128933e-05,6.031941e-05
6.060000e+02,7.044019e-05,5.956734e-05,6.053759e-05,4.978354e-05,6.740112e-05,5.654383e-05,7.292243e-05,6.205089e-05,7.716982e-05,6.633229e-05,3.816830e-05,3.132031e-05,9.734963e-05,8.370109e-05,5.616560e-05,4.607485e-05,6.274547e-06,4.483233e-06,6.888764e-07,4.316457e-07,5.979711e-05,5.061714e-05,9.841650e-05,8.545768e-05,4.821740e-05,4.018380e-05,8.250390e-08,4.565136e-08,1.069937e-04,9.344801e-05,4.909943e-05,7.072245e-05,5.981730e-05
6.065000e+02,6.987862e-05,5.907014e-05,5.999738e-05,4.931056e-05,6.684542e-05,5.605333e-05,7.235649e-05,6.154872e-05,7.659744e-05,6.582273e-05,3.781254e-05,3.101503e-05,9.664498e-05,8.306644e-05,5.565649e-05,4.563327e-05,6.182008e-06,4.414181e-06,6.745897e-07,4.223631e-07,5.928772e-05,5.016762e-05,9.773071e-05,8.483330e-05,4.777842e-05,3.980040e-05,8.026978e-08,4.435906e-08,1.062763e-04,9.279826e-05,4.866557e-05,7.015911e-05,5.931847e-05
6.070000e+02,6.932055e-05,5.857619e-05,5.946073e-05,4.884088e-05,6.629326e-05,5.556609e-05,7.179406e-05,6.104979e-05,7.602854e-05,6.531639e-05,3.745948e-05,3.071218e-05,9.594423e-05,8.243545e-05,5.515092e-05,4.519494e-05,6.090663e-06,4.346062e-06,6.605746e-07,4.132639e-07,5.878188e-05,4.972135e-05,9.704853e-05,8.421233e-05,4.734276e-05,3.942001e-05,7.809102e-08,4.310022e-08,1.055626e-04,9.215214e-05,4.823470e-05,6.959929e-05,5.882289e-05
6.075000e+02,6.876598e-05,5.808548e-05,5.892764e-05,4.837451e-05,6.574461e-05,5.508211e-05,7.123510e-05,6.055408e-05,7.546310e-05,6.481326e-05,3.710913e-05,3.041173e-05,9.524734e-05,8.180812e-05,5.464887e-05,4.475985e-05,6.000500e-06,4.278866e-06,6.468264e-07,4.043448e-07,5.827957e-05,4.927832e-05,9.636993e-05,8.359476e-05,4.691039e-05,3.904261e-05,7.596635e-08,4.187406e-08,1.048528e-04,9.150961e-05,4.780681e-05,6.904297e-05,5.833057e-05
6.080000e+02,6.821489e-05,5.759800e-05,5.839808e-05,4.791141e-05,6.519946e-05,5.460137e-05,7.067961e-05,6.006158e-05,7.490111e-05,6.431331e-05,3.676144e-05,3.011368e-05,9.455431e-05,8.118443e-05,5.415032e-05,4.432798e-05,5.911506e-06,4.212580e-06,6.333406e-07,3.956024e-07,5.778077e-05,4.883851e-05,9.569490e-05,8.298058e-05,4.648131e-05,3.866818e-05,7.389457e-08,4.067981e-08,1.041468e-04,9.087068e-05,4.738187e-05,6.849014e-05,5.784147e-05
6.085000e+02,6.766726e-05,5.711372e-05,5.787206e-05,4.745157e-05,6.465779e-05,5.412385e-05,7.012758e-05,5.957228e-05,7.434255e-05,6.381654e-05,3.641642e-05,2.981801e-05,9.386513e-05,8.056437e-05,5.365527e-05,4.389931e-05,5.823668e-06,4.147195e-06,6.201125e-07,3.870337e-07,5.728548e-05,4.840192e-05,9.502342e-05,8.236977e-05,4.605549e-05,3.829671e-05,7.187447e-08,3.951671e-08,1.034446e-04,9.023532e-05,4.695988e-05,6.794079e-05,5.735559e-05
6.090000e+02,6.712308e-05,5.663263e-05,5.734953e-05,4.699497e-05,6.411958e-05,5.364953e-05,6.957897e-05,5.908616e-05,7.378740e-05,6.332294e-05,3.607405e-05,2.952470e-05,9.317977e-05,7.994792e-05,5.316368e-05,4.347382e-05,5.736973e-06,4.082701e-06,6.071377e-07,3.786355e-07,5.679367e-05,4.796851e-05,9.435550e-05,8.176232e-05,4.563291e-05,3.792816e-05,6.990487e-08,3.838402e-08,1.027461e-04,8.960351e-05,4.654082e-05,6.739488e-05,5.687290e-05
6.095000e+02,6.658234e-05,5.615471e-05,5.683050e-05,4.654161e-05,6.358482e-05,5.317841e-05,6.903379e-05,5.860320e-05,7.323566e-05,6.283247e-05,3.573430e-05,2.923374e-05,9.249822e-05,7.933506e-05,5.267555e-05,4.305150e-05,5.651408e-06,4.019086e-06,5.944118e-07,3.704047e-07,5.630532e-05,4.753827e-05,9.369110e-05,8.115821e-05,4.521356e-05,3.756253e-05,6.798464e-08,3.728102e-08,1.020514e-04,8.897526e-05,4.612468e-05,6.685242e-05,5.639340e-05
6.100000e+02,6.604501e-05,5.567996e-05,5.631495e-05,4.609146e-05,6.305350e-05,5.271046e-05,6.849201e-05,5.812338e-05,7.268729e-05,6.234513e-05,3.539717e-05,2.894511e-05,9.182048e-05,7.872579e-05,5.219086e-05,4.263233e-05,5.566961e-06,3.956341e-06,5.819306e-07,3.623382e-07,5.582042e-05,4.711120e-05,9.303022e-05,8.055744e-05,4.479741e-05,3.719980e-05,6.611264e-08,3.620699e-08,1.013605e-04,8.835053e-05,4.571143e-05,6.631339e-05,5.591707e-05
6.105000e+02,6.551108e-05,5.520835e-05,5.580285e-05,4.564450e-05,6.252560e-05,5.224567e-05,6.795362e-05,5.764670e-05,7.214229e-05,6.186091e-05,3.506264e-05,2.865881e-05,9.114652e-05,7.812009e-05,5.170959e-05,4.221630e-05,5.483619e-06,3.894455e-06,5.696896e-07,3.544332e-07,5.533896e-05,4.668726e-05,9.237285e-05,7.995998e-05,4.438445e-05,3.683995e-05,6.428777e-08,3.516125e-08,1.006733e-04,8.772932e-05,4.530107e-05,6.577776e-05,5.544389e-05
6.110000e+02,6.498054e-05,5.473987e-05,5.529420e-05,4.520073e-05,6.200109e-05,5.178403e-05,6.741860e-05,5.717314e-05,7.160065e-05,6.137979e-05,3.473069e-05,2.837481e-05,9.047633e-05,7.751794e-05,5.123172e-05,4.180339e-05,5.401370e-06,3.833418e-06,5.576848e-07,3.466866e-07,5.486091e-05,4.626645e-05,9.171897e-05,7.936583e-05,4.397466e-05,3.648296e-05,6.250895e-08,3.414312e-08,9.998976e-05,8.711161e-05,4.489357e-05,6.524553e-05,5.497385e-05
6.115000e+02,6.445337e-05,5.427450e-05,5.478898e-05,4.476013e-05,6.147998e-05,5.132551e-05,6.688694e-05,5.670268e-05,7.106234e-05,6.090174e-05,3.440130e-05,2.809310e-05,8.980989e-05,7.691933e-05,5.075724e-05,4.139358e-05,5.320202e-06,3.773221e-06,5.459120e-07,3.390955e-07,5.438626e-05,4.584874e-05,9.106857e-05,7.877497e-05,4.356802e-05,3.612882e-05,6.077512e-08,3.315193e-08,9.930996e-05,8.649739e-05,4.448893e-05,6.471667e-05,5.450692e-05
6.120000e+02,6.392955e-05,5.381223e-05,5.428716e-05,4.432268e-05,6.096223e-05,5.087011e-05,6.635862e-05,5.623530e-05,7.052735e-05,6.042677e-05,3.407446e-05,2.781366e-05,8.914720e-05,7.632424e-05,5.028613e-05,4.098686e-05,5.240102e-06,3.713852e-06,5.343672e-07,3.316572e-07,5.391500e-05,4.543412e-05,9.042163e-05,7.818739e-05,4.316450e-05,3.577750e-05,5.908525e-08,3.218704e-08,9.863384e-05,8.588664e-05,4.408713e-05,6.419118e-05,5.404310e-05
6.125000e+02,6.340907e-05,5.335304e-05,5.378874e-05,4.388836e-05,6.044784e-05,5.041781e-05,6.583362e-05,5.577100e-05,6.999566e-05,5.995485e-05,3.375016e-05,2.753648e-05,8.848823e-05,7.573267e-05,4.981838e-05,4.058320e-05,5.161058e-06,3.655303e-06,5.230463e-07,3.243687e-07,5.344710e-05,4.502258e-05,8.977814e-05,7.760308e-05,4.276410e-05,3.542899e-05,5.743833e-08,3.124780e-08,9.796140e-05,8.527935e-05,4.368816e-05,6.366903e-05,5.358238e-05
6.130000e+02,6.289191e-05,5.289692e-05,5.329371e-05,4.345717e-05,5.993679e-05,4.996859e-05,6.531194e-05,5.530975e-05,6.946727e-05,5.948596e-05,3.342838e-05,2.726155e-05,8.783298e-05,7.514459e-05,4.935396e-05,4.018260e-05,5.083059e-06,3.597564e-06,5.119453e-07,3.172274e-07,5.298255e-05,4.461410e-05,8.913809e-05,7.702202e-05,4.236679e-05,3.508328e-05,5.583335e-08,3.033361e-08,9.729261e-05,8.467551e-05,4.329199e-05,6.315021e-05,5.312473e-05
6.135000e+02,6.237806e-05,5.244386e-05,5.280203e-05,4.302908e-05,5.942906e-05,4.952243e-05,6.479355e-05,5.485154e-05,6.894215e-05,5.902010e-05,3.310910e-05,2.698885e-05,8.718143e-05,7.455999e-05,4.889287e-05,3.978504e-05,5.006092e-06,3.540625e-06,5.010605e-07,3.102306e-07,5.252133e-05,4.420866e-05,8.850147e-05,7.644419e-05,4.197256e-05,3.474034e-05,5.426936e-08,2.944385e-08,9.662747e-05,8.407509e-05,4.289862e-05,6.263471e-05,5.267014e-05
6.140000e+02,6.186750e-05,5.199383e-05,5.231371e-05,4.260408e-05,5.892464e-05,4.907933e-05,6.427844e-05,5.439636e-05,6.842029e-05,5.855725e-05,3.279231e-05,2.671837e-05,8.653356e-05,7.397886e-05,4.843508e-05,3.939050e-05,4.930147e-06,3.484476e-06,4.903880e-07,3.033756e-07,5.206343e-05,4.380624e-05,8.786826e-05,7.586960e-05,4.158138e-05,3.440015e-05,5.274538e-08,2.857792e-08,9.596597e-05,8.347810e-05,4.250802e-05,6.212251e-05,5.221859e-05
6.145000e+02,6.136022e-05,5.154682e-05,5.182871e-05,4.218215e-05,5.842351e-05,4.863927e-05,6.376659e-05,5.394419e-05,6.790168e-05,5.809739e-05,3.247799e-05,2.645009e-05,8.588936e-05,7.340118e-05,4.798058e-05,3.899897e-05,4.855211e-06,3.429109e-06,4.799240e-07,2.966597e-07,5.160882e-05,4.340683e-05,8.723845e-05,7.529822e-05,4.119324e-05,3.406270e-05,5.126051e-08,2.773525e-08,9.530807e-05,8.288450e-05,4.212019e-05,6.161359e-05,5.177007e-05
6.150000e+02,6.085620e-05,5.110282e-05,5.134704e-05,4.176328e-05,5.792566e-05,4.820223e-05,6.325799e-05,5.349501e-05,6.738629e-05,5.764050e-05,3.216614e-05,2.618399e-05,8.524882e-05,7.282694e-05,4.752935e-05,3.861042e-05,4.781272e-06,3.374513e-06,4.696648e-07,2.900805e-07,5.115750e-05,4.301041e-05,8.661202e-05,7.473004e-05,4.080812e-05,3.372798e-05,4.981381e-08,2.691527e-08,9.465378e-05,8.229429e-05,4.173511e-05,6.110794e-05,5.132457e-05
6.155000e+02,6.035543e-05,5.066182e-05,5.086866e-05,4.134745e-05,5.743107e-05,4.776819e-05,6.275263e-05,5.304882e-05,6.687412e-05,5.718658e-05,3.185672e-05,2.592008e-05,8.461191e-05,7.225612e-05,4.708137e-05,3.822485e-05,4.708320e-06,3.320679e-06,4.596069e-07,2.836353e-07,5.070944e-05,4.261697e-05,8.598897e-05,7.416504e-05,4.042600e-05,3.339596e-05,4.840441e-08,2.611742e-08,9.400308e-05,8.170746e-05,4.135277e-05,6.060554e-05,5.088207e-05
6.160000e+02,5.985788e-05,5.022379e-05,5.039357e-05,4.093466e-05,5.693973e-05,4.733715e-05,6.225048e-05,5.260559e-05,6.636515e-05,5.673561e-05,3.154973e-05,2.565832e-05,8.397864e-05,7.168871e-05,4.663664e-05,3.784223e-05,4.636344e-06,3.267599e-06,4.497465e-07,2.773218e-07,5.026463e-05,4.222649e-05,8.536927e-05,7.360323e-05,4.004686e-05,3.306662e-05,4.703141e-08,2.534116e-08,9.335596e-05,8.112399e-05,4.097315e-05,6.010638e-05,5.044255e-05
6.165000e+02,5.936355e-05,4.978872e-05,4.992175e-05,4.052487e-05,5.645162e-05,4.690908e-05,6.175154e-05,5.216531e-05,6.585936e-05,5.628757e-05,3.124515e-05,2.539870e-05,8.334898e-05,7.112470e-05,4.619513e-05,3.746255e-05,4.565331e-06,3.215263e-06,4.400803e-07,2.711373e-07,4.982305e-05,4.183894e-05,8.475293e-05,7.304457e-05,3.967068e-05,3.273996e-05,4.569398e-08,2.458597e-08,9.271239e-05,8.054386e-05,4.059624e-05,5.961045e-05,5.000600e-05
6.170000e+02,5.887242e-05,4.935660e-05,4.945318e-05,4.011808e-05,5.596672e-05,4.648398e-05,6.125578e-05,5.172797e-05,6.535674e-05,5.584244e-05,3.094297e-05,2.514122e-05,8.272292e-05,7.056407e-05,4.575682e-05,3.708580e-05,4.495271e-06,3.163662e-06,4.306047e-07,2.650796e-07,4.938468e-05,4.145433e-05,8.413991e-05,7.248906e-05,3.929745e-05,3.241595e-05,4.439127e-08,2.385130e-08,9.207237e-05,7.996706e-05,4.022201e-05,5.911772e-05,4.957241e-05
6.175000e+02,5.838448e-05,4.892741e-05,4.898786e-05,3.971428e-05,5.548502e-05,4.606182e-05,6.076320e-05,5.129355e-05,6.485727e-05,5.540023e-05,3.064317e-05,2.488586e-05,8.210044e-05,7.000680e-05,4.532170e-05,3.671196e-05,4.426154e-06,3.112788e-06,4.213163e-07,2.591463e-07,4.894952e-05,4.107262e-05,8.353022e-05,7.193669e-05,3.892715e-05,3.209457e-05,4.312246e-08,2.313667e-08,9.143588e-05,7.939358e-05,3.985047e-05,5.862818e-05,4.914176e-05
6.180000e+02,5.789970e-05,4.850114e-05,4.852576e-05,3.931344e-05,5.500651e-05,4.564260e-05,6.027377e-05,5.086204e-05,6.436094e-05,5.496090e-05,3.034574e-05,2.463260e-05,8.148153e-05,6.945289e-05,4.488976e-05,3.634102e-05,4.357967e-06,3.062631e-06,4.122117e-07,2.533350e-07,4.851753e-05,4.069381e-05,8.292383e-05,7.138744e-05,3.855975e-05,3.177581e-05,4.188676e-08,2.244158e-08,9.080292e-05,7.882341e-05,3.948159e-05,5.814182e-05,4.871403e-05
6.185000e+02,5.741808e-05,4.807777e-05,4.806686e-05,3.891556e-05,5.453117e-05,4.522629e-05,5.978749e-05,5.043342e-05,6.386773e-05,5.452444e-05,3.005066e-05,2.438143e-05,8.086618e-05,6.890232e-05,4.446098e-05,3.597295e-05,4.290701e-06,3.013182e-06,4.032877e-07,2.476434e-07,4.808871e-05,4.031787e-05,8.232074e-05,7.084131e-05,3.819524e-05,3.145965e-05,4.068336e-08,2.176553e-08,9.017345e-05,7.825652e-05,3.911536e-05,5.765863e-05,4.828921e-05
6.190000e+02,5.693960e-05,4.765729e-05,4.761116e-05,3.852061e-05,5.405899e-05,4.481289e-05,5.930433e-05,5.000767e-05,6.337763e-05,5.409084e-05,2.975792e-05,2.413233e-05,8.025437e-05,6.835506e-05,4.403534e-05,3.560774e-05,4.224344e-06,2.964434e-06,3.945409e-07,2.420694e-07,4.766303e-05,3.994480e-05,8.172093e-05,7.029827e-05,3.783360e-05,3.114607e-05,3.951152e-08,2.110806e-08,8.954748e-05,7.769291e-05,3.875176e-05,5.717858e-05,4.786729e-05
6.195000e+02,5.646424e-05,4.723969e-05,4.715864e-05,3.812859e-05,5.358994e-05,4.440237e-05,5.882428e-05,4.958479e-05,6.289062e-05,5.366009e-05,2.946750e-05,2.388530e-05,7.964609e-05,6.781112e-05,4.361282e-05,3.524538e-05,4.158887e-06,2.916378e-06,3.859683e-07,2.366106e-07,4.724049e-05,3.957457e-05,8.112439e-05,6.975831e-05,3.747482e-05,3.083506e-05,3.837046e-08,2.046870e-08,8.892498e-05,7.713257e-05,3.839078e-05,5.670166e-05,4.744825e-05
6.200000e+02,5.599199e-05,4.682494e-05,4.670928e-05,3.773947e-05,5.312402e-05,4.399472e-05,5.834734e-05,4.916476e-05,6.240670e-05,5.323217e-05,2.917939e-05,2.364032e-05,7.904133e-05,6.727048e-05,4.319341e-05,3.488585e-05,4.094318e-06,2.869005e-06,3.775666e-07,2.312650e-07,4.682106e-05,3.920716e-05,8.053111e-05,6.922143e-05,3.711887e-05,3.052660e-05,3.725947e-08,1.984700e-08,8.830595e-05,7.657547e-05,3.803241e-05,5.622786e-05,4.703208e-05
6.205000e+02,5.552284e-05,4.641304e-05,4.626306e-05,3.735325e-05,5.266120e-05,4.358994e-05,5.787347e-05,4.874756e-05,6.192583e-05,5.280707e-05,2.889358e-05,2.339737e-05,7.844006e-05,6.673312e-05,4.277710e-05,3.452913e-05,4.030628e-06,2.822306e-06,3.693327e-07,2.260303e-07,4.640472e-05,3.884257e-05,7.994107e-05,6.868761e-05,3.676573e-05,3.022067e-05,3.617782e-08,1.924252e-08,8.769037e-05,7.602160e-05,3.767663e-05,5.575715e-05,4.661875e-05
6.210000e+02,5.505676e-05,4.600397e-05,4.581998e-05,3.696991e-05,5.220148e-05,4.318800e-05,5.740267e-05,4.833317e-05,6.144802e-05,5.238477e-05,2.861004e-05,2.315644e-05,7.784228e-05,6.619902e-05,4.236387e-05,3.417522e-05,3.967806e-06,2.776274e-06,3.612636e-07,2.209046e-07,4.599147e-05,3.848077e-05,7.935426e-05,6.815683e-05,3.641539e-05,2.991726e-05,3.512480e-08,1.865481e-08,8.707822e-05,7.547095e-05,3.732343e-05,5.528954e-05,4.620827e-05
6.215000e+02,5.459375e-05,4.559771e-05,4.538001e-05,3.658943e-05,5.174484e-05,4.278888e-05,5.693493e-05,4.792160e-05,6.097324e-05,5.196526e-05,2.832877e-05,2.291753e-05,7.724797e-05,6.566818e-05,4.195369e-05,3.382409e-05,3.905841e-06,2.730901e-06,3.533564e-07,2.158856e-07,4.558128e-05,3.812176e-05,7.877066e-05,6.762909e-05,3.606784e-05,2.961634e-05,3.409973e-08,1.808347e-08,8.646949e-05,7.492352e-05,3.697280e-05,5.482500e-05,4.580060e-05
6.220000e+02,5.413379e-05,4.519425e-05,4.494315e-05,3.621179e-05,5.129127e-05,4.239258e-05,5.647022e-05,4.751281e-05,6.050147e-05,5.154852e-05,2.804974e-05,2.268060e-05,7.665712e-05,6.514058e-05,4.154657e-05,3.347573e-05,3.844725e-06,2.686177e-06,3.456079e-07,2.109715e-07,4.517413e-05,3.776550e-05,7.819028e-05,6.710437e-05,3.572304e-05,2.931791e-05,3.310194e-08,1.752807e-08,8.586417e-05,7.437927e-05,3.662471e-05,5.436351e-05,4.539575e-05
6.225000e+02,5.367686e-05,4.479358e-05,4.450937e-05,3.583700e-05,5.084074e-05,4.199909e-05,5.600853e-05,4.710680e-05,6.003272e-05,5.113453e-05,2.777296e-05,2.244566e-05,7.606972e-05,6.461621e-05,4.114247e-05,3.313012e-05,3.784446e-06,2.642096e-06,3.380154e-07,2.061601e-07,4.477001e-05,3.741199e-05,7.761308e-05,6.658267e-05,3.538099e-05,2.902194e-05,3.213075e-08,1.698821e-08,8.526225e-05,7.383820e-05,3.627916e-05,5.390507e-05,4.499369e-05
6.230000e+02,5.322295e-05,4.439569e-05,4.407866e-05,3.546502e-05,5.039325e-05,4.160837e-05,5.554986e-05,4.670355e-05,5.956695e-05,5.072330e-05,2.749840e-05,2.221269e-05,7.548574e-05,6.409505e-05,4.074139e-05,3.278725e-05,3.724996e-06,2.598649e-06,3.305760e-07,2.014495e-07,4.436891e-05,3.706121e-05,7.703906e-05,6.606395e-05,3.504167e-05,2.872842e-05,3.118554e-08,1.646350e-08,8.466370e-05,7.330030e-05,3.593614e-05,5.344965e-05,4.459440e-05
6.235000e+02,5.277205e-05,4.400055e-05,4.365101e-05,3.509584e-05,4.994878e-05,4.122043e-05,5.509417e-05,4.630305e-05,5.910416e-05,5.031479e-05,2.722604e-05,2.198167e-05,7.490519e-05,6.357708e-05,4.034330e-05,3.244710e-05,3.666363e-06,2.555828e-06,3.232869e-07,1.968379e-07,4.397080e-05,3.671315e-05,7.646821e-05,6.554823e-05,3.470505e-05,2.843734e-05,3.026567e-08,1.595355e-08,8.406852e-05,7.276555e-05,3.559562e-05,5.299725e-05,4.419789e-05
6.240000e+02,5.232413e-05,4.360815e-05,4.322640e-05,3.472946e-05,4.950732e-05,4.083525e-05,5.464147e-05,4.590528e-05,5.864433e-05,4.990900e-05,2.695588e-05,2.175260e-05,7.432803e-05,6.306230e-05,3.994820e-05,3.210966e-05,3.608540e-06,2.513626e-06,3.161453e-07,1.923233e-07,4.357567e-05,3.636778e-05,7.590052e-05,6.503547e-05,3.437112e-05,2.814866e-05,2.937051e-08,1.545798e-08,8.347670e-05,7.223394e-05,3.525759e-05,5.254784e-05,4.380412e-05
6.245000e+02,5.187920e-05,4.321848e-05,4.280482e-05,3.436585e-05,4.906884e-05,4.045281e-05,5.419173e-05,4.551023e-05,5.818744e-05,4.950591e-05,2.668789e-05,2.152545e-05,7.375426e-05,6.255069e-05,3.955607e-05,3.177491e-05,3.551515e-06,2.472035e-06,3.091485e-07,1.879038e-07,4.318350e-05,3.602510e-05,7.533597e-05,6.452568e-05,3.403986e-05,2.786239e-05,2.849948e-08,1.497643e-08,8.288821e-05,7.170545e-05,3.492205e-05,5.210142e-05,4.341309e-05
6.250000e+02,5.143722e-05,4.283153e-05,4.238625e-05,3.400501e-05,4.863334e-05,4.007309e-05,5.374494e-05,4.511788e-05,5.773349e-05,4.910551e-05,2.642208e-05,2.130022e-05,7.318387e-05,6.204224e-05,3.916689e-05,3.144284e-05,3.495280e-06,2.431047e-06,3.022939e-07,1.835776e-07,4.279428e-05,3.568508e-05,7.477454e-05,6.401883e-05,3.371126e-05,2.757850e-05,2.765197e-08,1.450853e-08,8.230305e-05,7.118007e-05,3.458898e-05,5.165796e-05,4.302478e-05
6.255000e+02,5.099819e-05,4.244728e-05,4.197068e-05,3.364691e-05,4.820080e-05,3.969610e-05,5.330108e-05,4.472823e-05,5.728245e-05,4.870779e-05,2.615841e-05,2.107689e-05,7.261684e-05,6.153693e-05,3.878064e-05,3.111343e-05,3.439825e-06,2.390654e-06,2.955787e-07,1.793430e-07,4.240798e-05,3.534771e-05,7.421623e-05,6.351492e-05,3.338529e-05,2.729697e-05,2.682742e-08,1.405394e-08,8.172120e-05,7.065779e-05,3.425836e-05,5.121746e-05,4.263918e-05
6.260000e+02,5.056209e-05,4.206572e-05,4.155808e-05,3.329154e-05,4.777121e-05,3.932180e-05,5.286015e-05,4.434125e-05,5.683432e-05,4.831272e-05,2.589688e-05,2.085546e-05,7.205315e-05,6.103475e-05,3.839732e-05,3.078666e-05,3.385140e-06,2.350850e-06,2.890005e-07,1.751981e-07,4.202460e-05,3.501298e-05,7.366103e-05,6.301393e-05,3.306194e-05,2.701780e-05,2.602525e-08,1.361232e-08,8.114265e-05,7.013860e-05,3.393018e-05,5.077990e-05,4.225627e-05
6.265000e+02,5.012891e-05,4.168682e-05,4.114846e-05,3.293890e-05,4.734455e-05,3.895018e-05,5.242212e-05,4.395693e-05,5.638908e-05,4.792030e-05,2.563748e-05,2.063590e-05,7.149280e-05,6.053568e-05,3.801690e-05,3.046253e-05,3.331217e-06,2.311627e-06,2.825567e-07,1.711412e-07,4.164411e-05,3.468087e-05,7.310892e-05,6.251585e-05,3.274120e-05,2.674096e-05,2.524492e-08,1.318331e-08,8.056739e-05,6.962247e-05,3.360442e-05,5.034526e-05,4.187605e-05
6.270000e+02,4.969863e-05,4.131059e-05,4.074179e-05,3.258895e-05,4.692080e-05,3.858124e-05,5.198698e-05,4.357527e-05,5.594671e-05,4.753052e-05,2.538018e-05,2.041820e-05,7.093577e-05,6.003972e-05,3.763937e-05,3.014102e-05,3.278047e-06,2.272977e-06,2.762447e-07,1.671707e-07,4.126649e-05,3.435135e-05,7.255988e-05,6.202067e-05,3.242303e-05,2.646643e-05,2.448588e-08,1.276661e-08,7.999539e-05,6.910940e-05,3.328108e-05,4.991353e-05,4.149849e-05
6.275000e+02,4.927125e-05,4.093700e-05,4.033805e-05,3.224170e-05,4.649996e-05,3.821496e-05,5.155472e-05,4.319623e-05,5.550720e-05,4.714335e-05,2.512498e-05,2.020236e-05,7.038204e-05,5.954684e-05,3.726471e-05,2.982211e-05,3.225620e-06,2.234894e-06,2.700622e-07,1.632848e-07,4.089174e-05,3.402442e-05,7.201392e-05,6.152838e-05,3.210744e-05,2.619421e-05,2.374762e-08,1.236189e-08,7.942665e-05,6.859937e-05,3.296014e-05,4.948470e-05,4.112358e-05
6.280000e+02,4.884673e-05,4.056605e-05,3.993724e-05,3.189712e-05,4.608201e-05,3.785132e-05,5.112533e-05,4.281982e-05,5.507053e-05,4.675879e-05,2.487187e-05,1.998836e-05,6.983160e-05,5.905704e-05,3.689292e-05,2.950578e-05,3.173928e-06,2.197369e-06,2.640067e-07,1.594819e-07,4.051984e-05,3.370007e-05,7.147101e-05,6.103896e-05,3.179439e-05,2.592427e-05,2.302961e-08,1.196884e-08,7.886116e-05,6.809238e-05,3.264159e-05,4.905875e-05,4.075131e-05
6.285000e+02,4.842507e-05,4.019771e-05,3.953934e-05,3.155521e-05,4.566693e-05,3.749031e-05,5.069878e-05,4.244602e-05,5.463670e-05,4.637682e-05,2.462082e-05,1.977618e-05,6.928445e-05,5.857030e-05,3.652396e-05,2.919203e-05,3.122961e-06,2.160397e-06,2.580758e-07,1.557603e-07,4.015076e-05,3.337826e-05,7.093114e-05,6.055240e-05,3.148387e-05,2.565660e-05,2.233135e-08,1.158715e-08,7.829890e-05,6.758839e-05,3.232541e-05,4.863566e-05,4.038166e-05
6.290000e+02,4.800626e-05,3.983197e-05,3.914433e-05,3.121594e-05,4.525471e-05,3.713192e-05,5.027507e-05,4.207481e-05,5.420568e-05,4.599743e-05,2.437183e-05,1.956582e-05,6.874056e-05,5.808661e-05,3.615784e-05,2.888083e-05,3.072712e-06,2.123970e-06,2.522672e-07,1.521186e-07,3.978449e-05,3.305900e-05,7.039429e-05,6.006869e-05,3.117586e-05,2.539119e-05,2.165234e-08,1.121652e-08,7.773985e-05,6.708742e-05,3.201159e-05,4.821543e-05,4.001462e-05
6.295000e+02,4.759028e-05,3.946882e-05,3.875220e-05,3.087931e-05,4.484533e-05,3.677613e-05,4.985417e-05,4.170618e-05,5.377747e-05,4.562060e-05,2.412488e-05,1.935726e-05,6.819992e-05,5.760595e-05,3.579453e-05,2.857218e-05,3.023170e-06,2.088081e-06,2.465787e-07,1.485551e-07,3.942102e-05,3.274226e-05,6.986047e-05,5.958782e-05,3.087035e-05,2.512801e-05,2.099211e-08,1.085667e-08,7.718401e-05,6.658943e-05,3.170011e-05,4.779804e-05,3.965018e-05
6.300000e+02,4.717712e-05,3.910825e-05,3.836294e-05,3.054529e-05,4.443879e-05,3.642293e-05,4.943609e-05,4.134011e-05,5.335205e-05,4.524632e-05,2.387996e-05,1.915049e-05,6.766251e-05,5.712831e-05,3.543401e-05,2.826606e-05,2.974328e-06,2.052723e-06,2.410078e-07,1.450683e-07,3.906032e-05,3.242802e-05,6.932965e-05,5.910978e-05,3.056732e-05,2.486705e-05,2.035019e-08,1.050731e-08,7.663136e-05,6.609442e-05,3.139097e-05,4.738347e-05,3.928832e-05
6.305000e+02,4.676676e-05,3.875024e-05,3.797653e-05,3.021389e-05,4.403506e-05,3.607230e-05,4.902079e-05,4.097660e-05,5.292940e-05,4.487458e-05,2.363706e-05,1.894550e-05,6.712833e-05,5.665368e-05,3.507628e-05,2.796245e-05,2.926177e-06,2.017889e-06,2.355526e-07,1.416566e-07,3.870238e-05,3.211628e-05,6.880183e-05,5.863455e-05,3.026675e-05,2.460830e-05,1.972611e-08,1.016817e-08,7.608188e-05,6.560237e-05,3.108415e-05,4.697171e-05,3.892903e-05
6.310000e+02,4.635919e-05,3.839478e-05,3.759295e-05,2.988507e-05,4.363414e-05,3.572423e-05,4.860828e-05,4.061562e-05,5.250951e-05,4.450536e-05,2.339616e-05,1.874228e-05,6.659736e-05,5.618204e-05,3.472132e-05,2.766134e-05,2.878709e-06,1.983574e-06,2.302106e-07,1.383187e-07,3.834719e-05,3.180701e-05,6.827698e-05,5.816212e-05,2.996863e-05,2.435174e-05,1.911943e-08,9.838968e-09,7.553557e-05,6.511327e-05,3.077964e-05,4.656274e-05,3.857230e-05
6.315000e+02,4.595440e-05,3.804185e-05,3.721219e-05,2.955883e-05,4.323600e-05,3.537871e-05,4.819852e-05,4.025717e-05,5.209237e-05,4.413865e-05,2.315725e-05,1.854080e-05,6.606959e-05,5.571338e-05,3.436911e-05,2.736271e-05,2.831915e-06,1.949769e-06,2.249799e-07,1.350530e-07,3.799473e-05,3.150020e-05,6.775511e-05,5.769248e-05,2.967293e-05,2.409736e-05,1.852970e-08,9.519447e-09,7.499241e-05,6.462710e-05,3.047742e-05,4.615656e-05,3.821810e-05
6.320000e+02,4.555236e-05,3.769145e-05,3.683425e-05,2.923516e-05,4.284064e-05,3.503573e-05,4.779152e-05,3.990123e-05,5.167797e-05,4.377443e-05,2.292031e-05,1.834107e-05,6.554500e-05,5.524769e-05,3.401964e-05,2.706655e-05,2.785788e-06,1.916469e-06,2.198582e-07,1.318582e-07,3.764497e-05,3.119584e-05,6.723619e-05,5.722562e-05,2.937965e-05,2.384513e-05,1.795650e-08,9.209348e-09,7.445239e-05,6.414386e-05,3.017748e-05,4.575315e-05,3.786644e-05
6.325000e+02,4.515307e-05,3.734355e-05,3.645909e-05,2.891404e-05,4.244803e-05,3.469526e-05,4.738725e-05,3.954779e-05,5.126628e-05,4.341270e-05,2.268534e-05,1.814307e-05,6.502358e-05,5.478495e-05,3.367289e-05,2.677285e-05,2.740318e-06,1.883667e-06,2.148436e-07,1.287328e-07,3.729792e-05,3.089391e-05,6.672021e-05,5.676153e-05,2.908875e-05,2.359505e-05,1.739940e-08,8.908420e-09,7.391548e-05,6.366353e-05,2.987981e-05,4.535248e-05,3.751729e-05
6.330000e+02,4.475651e-05,3.699815e-05,3.608672e-05,2.859545e-05,4.205817e-05,3.435730e-05,4.698571e-05,3.919684e-05,5.085730e-05,4.305344e-05,2.245232e-05,1.794678e-05,6.450532e-05,5.432515e-05,3.332885e-05,2.648159e-05,2.695498e-06,1.851357e-06,2.099340e-07,1.256754e-07,3.695353e-05,3.059438e-05,6.620716e-05,5.630019e-05,2.880024e-05,2.334710e-05,1.685801e-08,8.616417e-09,7.338169e-05,6.318610e-05,2.958439e-05,4.495456e-05,3.717064e-05
6.335000e+02,4.436267e-05,3.665522e-05,3.571711e-05,2.827939e-05,4.167105e-05,3.402184e-05,4.658687e-05,3.884835e-05,5.045101e-05,4.269664e-05,2.222123e-05,1.775220e-05,6.399020e-05,5.386827e-05,3.298750e-05,2.619276e-05,2.651320e-06,1.819532e-06,2.051273e-07,1.226847e-07,3.661181e-05,3.029726e-05,6.569704e-05,5.584160e-05,2.851408e-05,2.310125e-05,1.633191e-08,8.333101e-09,7.285100e-05,6.271155e-05,2.929122e-05,4.455936e-05,3.682648e-05
6.340000e+02,4.397154e-05,3.631477e-05,3.535025e-05,2.796584e-05,4.128664e-05,3.368885e-05,4.619073e-05,3.850233e-05,5.004739e-05,4.234228e-05,2.199207e-05,1.755931e-05,6.347820e-05,5.341431e-05,3.264883e-05,2.590634e-05,2.607777e-06,1.788186e-06,2.004217e-07,1.197594e-07,3.627274e-05,3.000252e-05,6.518982e-05,5.538573e-05,2.823027e-05,2.285751e-05,1.582071e-08,8.058238e-09,7.232339e-05,6.223987e-05,2.900028e-05,4.416688e-05,3.648479e-05
6.345000e+02,4.358309e-05,3.597677e-05,3.498613e-05,2.765478e-05,4.090494e-05,3.335833e-05,4.579727e-05,3.815875e-05,4.964645e-05,4.199035e-05,2.176482e-05,1.736811e-05,6.296933e-05,5.296325e-05,3.231282e-05,2.562231e-05,2.564859e-06,1.757312e-06,1.958152e-07,1.168982e-07,3.593629e-05,2.971015e-05,6.468550e-05,5.493259e-05,2.794879e-05,2.261585e-05,1.532404e-08,7.791599e-09,7.179885e-05,6.177105e-05,2.871156e-05,4.377709e-05,3.614556e-05
6.350000e+02,4.319733e-05,3.564121e-05,3.462473e-05,2.734621e-05,4.052592e-05,3.303026e-05,4.540647e-05,3.781760e-05,4.924815e-05,4.164084e-05,2.153947e-05,1.717857e-05,6.246356e-05,5.251508e-05,3.197946e-05,2.534067e-05,2.522559e-06,1.726906e-06,1.913058e-07,1.140997e-07,3.560246e-05,2.942012e-05,6.418407e-05,5.448215e-05,2.766961e-05,2.237626e-05,1.484152e-08,7.532962e-09,7.127737e-05,6.130508e-05,2.842504e-05,4.338999e-05,3.580878e-05
6.355000e+02,4.281422e-05,3.530808e-05,3.426604e-05,2.704010e-05,4.014959e-05,3.270464e-05,4.501833e-05,3.747887e-05,4.885249e-05,4.129373e-05,2.131601e-05,1.699069e-05,6.196087e-05,5.206978e-05,3.164873e-05,2.506140e-05,2.480871e-06,1.696960e-06,1.868917e-07,1.113628e-07,3.527121e-05,2.913244e-05,6.368550e-05,5.403441e-05,2.739273e-05,2.213872e-05,1.437279e-08,7.282110e-09,7.075893e-05,6.084193e-05,2.814071e-05,4.300555e-05,3.547444e-05
6.360000e+02,4.243377e-05,3.497736e-05,3.391004e-05,2.673645e-05,3.977591e-05,3.238143e-05,4.463283e-05,3.714254e-05,4.845945e-05,4.094901e-05,2.109441e-05,1.680446e-05,6.146127e-05,5.162734e-05,3.132063e-05,2.478449e-05,2.439785e-06,1.667468e-06,1.825712e-07,1.086861e-07,3.494255e-05,2.884707e-05,6.318980e-05,5.358935e-05,2.711813e-05,2.190322e-05,1.391748e-08,7.038832e-09,7.024353e-05,6.038161e-05,2.785856e-05,4.262378e-05,3.514252e-05
6.365000e+02,4.205595e-05,3.464904e-05,3.355673e-05,2.643525e-05,3.940489e-05,3.206065e-05,4.424995e-05,3.680861e-05,4.806902e-05,4.060667e-05,2.087468e-05,1.661987e-05,6.096472e-05,5.118775e-05,3.099512e-05,2.450992e-05,2.399295e-06,1.638425e-06,1.783422e-07,1.060686e-07,3.461645e-05,2.856402e-05,6.269694e-05,5.314697e-05,2.684579e-05,2.166974e-05,1.347525e-08,6.802920e-09,6.973114e-05,5.992409e-05,2.757858e-05,4.224464e-05,3.481300e-05
6.370000e+02,4.168076e-05,3.432312e-05,3.320608e-05,2.613647e-05,3.903650e-05,3.174226e-05,4.386968e-05,3.647705e-05,4.768119e-05,4.026669e-05,2.065680e-05,1.643690e-05,6.047122e-05,5.075099e-05,3.067221e-05,2.423767e-05,2.359393e-06,1.609824e-06,1.742032e-07,1.035089e-07,3.429290e-05,2.828325e-05,6.220692e-05,5.270724e-05,2.657569e-05,2.143827e-05,1.304577e-08,6.574174e-09,6.922175e-05,5.946936e-05,2.730075e-05,4.186813e-05,3.448588e-05
6.375000e+02,4.130817e-05,3.399956e-05,3.285808e-05,2.584011e-05,3.867073e-05,3.142626e-05,4.349202e-05,3.614787e-05,4.729594e-05,3.992906e-05,2.044076e-05,1.625554e-05,5.998077e-05,5.031705e-05,3.035187e-05,2.396774e-05,2.320072e-06,1.581660e-06,1.701524e-07,1.010059e-07,3.397188e-05,2.800476e-05,6.171973e-05,5.227017e-05,2.630782e-05,2.120880e-05,1.262869e-08,6.352397e-09,6.871536e-05,5.901742e-05,2.702506e-05,4.149424e-05,3.416114e-05
6.380000e+02,4.093818e-05,3.367837e-05,3.251273e-05,2.554615e-05,3.830757e-05,3.111263e-05,4.311694e-05,3.582103e-05,4.691326e-05,3.959378e-05,2.022653e-05,1.607578e-05,5.949333e-05,4.988593e-05,3.003410e-05,2.370011e-05,2.281325e-06,1.553928e-06,1.661880e-07,9.855856e-08,3.365337e-05,2.772852e-05,6.123534e-05,5.183574e-05,2.604217e-05,2.098130e-05,1.222370e-08,6.137397e-09,6.821195e-05,5.856824e-05,2.675150e-05,4.112295e-05,3.383877e-05
6.385000e+02,4.057076e-05,3.335953e-05,3.217000e-05,2.525458e-05,3.794700e-05,3.080137e-05,4.274443e-05,3.549654e-05,4.653314e-05,3.926082e-05,2.001412e-05,1.589761e-05,5.900890e-05,4.945759e-05,2.971887e-05,2.343477e-05,2.243144e-06,1.526621e-06,1.623084e-07,9.616562e-08,3.333736e-05,2.745454e-05,6.075376e-05,5.140393e-05,2.577871e-05,2.075577e-05,1.183048e-08,5.928988e-09,6.771150e-05,5.812181e-05,2.648006e-05,4.075425e-05,3.351876e-05
6.390000e+02,4.020592e-05,3.304303e-05,3.182988e-05,2.496539e-05,3.758901e-05,3.049245e-05,4.237448e-05,3.517437e-05,4.615556e-05,3.893017e-05,1.980351e-05,1.572102e-05,5.852747e-05,4.903204e-05,2.940617e-05,2.317170e-05,2.205522e-06,1.499733e-06,1.585119e-07,9.382603e-08,3.302383e-05,2.718278e-05,6.027497e-05,5.097474e-05,2.551743e-05,2.053219e-05,1.144872e-08,5.726986e-09,6.721401e-05,5.767813e-05,2.621073e-05,4.038813e-05,3.320108e-05
6.395000e+02,3.984363e-05,3.272885e-05,3.149236e-05,2.467856e-05,3.723359e-05,3.018587e-05,4.200707e-05,3.485452e-05,4.578051e-05,3.860183e-05,1.959469e-05,1.554599e-05,5.804903e-05,4.860926e-05,2.909599e-05,2.291088e-05,2.168452e-06,1.473260e-06,1.547968e-07,9.153869e-08,3.271277e-05,2.691324e-05,5.979896e-05,5.054815e-05,2.525832e-05,2.031054e-05,1.107811e-08,5.531216e-09,6.671946e-05,5.723718e-05,2.594349e-05,4.002456e-05,3.288574e-05
6.400000e+02,3.948389e-05,3.241698e-05,3.115743e-05,2.439408e-05,3.688073e-05,2.988160e-05,4.164219e-05,3.453697e-05,4.540797e-05,3.827577e-05,1.938764e-05,1.537253e-05,5.757355e-05,4.818924e-05,2.878832e-05,2.265231e-05,2.131927e-06,1.447195e-06,1.511617e-07,8.930254e-08,3.240415e-05,2.664590e-05,5.932571e-05,5.012415e-05,2.500136e-05,2.009082e-05,1.071837e-08,5.341502e-09,6.622783e-05,5.679894e-05,2.567832e-05,3.966355e-05,3.257272e-05
6.405000e+02,3.912667e-05,3.210740e-05,3.082506e-05,2.411194e-05,3.653040e-05,2.957965e-05,4.127984e-05,3.422171e-05,4.503794e-05,3.795199e-05,1.918235e-05,1.520060e-05,5.710103e-05,4.777196e-05,2.848313e-05,2.239598e-05,2.095941e-06,1.421534e-06,1.476049e-07,8.711654e-08,3.209797e-05,2.638075e-05,5.885521e-05,4.970274e-05,2.474653e-05,1.987300e-05,1.036920e-08,5.157676e-09,6.573912e-05,5.636341e-05,2.541523e-05,3.930506e-05,3.226200e-05
6.410000e+02,3.877196e-05,3.180012e-05,3.049526e-05,2.383212e-05,3.618260e-05,2.928000e-05,4.091998e-05,3.390872e-05,4.467040e-05,3.763047e-05,1.897882e-05,1.503021e-05,5.663146e-05,4.735741e-05,2.818042e-05,2.214186e-05,2.060486e-06,1.396270e-06,1.441249e-07,8.497965e-08,3.179420e-05,2.611777e-05,5.838746e-05,4.928390e-05,2.449382e-05,1.965708e-05,1.003033e-08,4.979574e-09,6.525331e-05,5.593057e-05,2.515419e-05,3.894910e-05,3.195357e-05
6.415000e+02,3.841976e-05,3.149510e-05,3.016800e-05,2.355461e-05,3.583732e-05,2.898263e-05,4.056262e-05,3.359800e-05,4.430534e-05,3.731120e-05,1.877702e-05,1.486135e-05,5.616481e-05,4.694558e-05,2.788017e-05,2.188994e-05,2.025555e-06,1.371399e-06,1.407202e-07,8.289087e-08,3.149284e-05,2.585694e-05,5.792244e-05,4.886761e-05,2.424321e-05,1.944303e-05,9.701484e-09,4.807034e-09,6.477039e-05,5.550041e-05,2.489520e-05,3.859565e-05,3.164742e-05
6.420000e+02,3.807004e-05,3.119235e-05,2.984326e-05,2.327941e-05,3.549453e-05,2.868753e-05,4.020774e-05,3.328953e-05,4.394273e-05,3.699417e-05,1.857695e-05,1.469400e-05,5.570109e-05,4.653645e-05,2.758237e-05,2.164021e-05,1.991143e-06,1.346915e-06,1.373893e-07,8.084922e-08,3.119386e-05,2.559826e-05,5.746014e-05,4.845388e-05,2.399469e-05,1.923086e-05,9.382389e-09,4.639901e-09,6.429034e-05,5.507291e-05,2.463823e-05,3.824469e-05,3.134354e-05
6.425000e+02,3.772280e-05,3.089184e-05,2.952105e-05,2.300649e-05,3.515424e-05,2.839469e-05,3.985533e-05,3.298330e-05,4.358258e-05,3.667936e-05,1.837859e-05,1.452814e-05,5.524027e-05,4.613002e-05,2.728700e-05,2.139266e-05,1.957241e-06,1.322814e-06,1.341307e-07,7.885371e-08,3.089725e-05,2.534170e-05,5.700055e-05,4.804268e-05,2.374824e-05,1.902053e-05,9.072786e-09,4.478022e-09,6.381316e-05,5.464807e-05,2.438329e-05,3.789622e-05,3.104191e-05
6.430000e+02,3.737802e-05,3.059357e-05,2.920134e-05,2.273584e-05,3.481641e-05,2.810409e-05,3.950536e-05,3.267930e-05,4.322487e-05,3.636677e-05,1.818194e-05,1.436378e-05,5.478234e-05,4.572627e-05,2.699404e-05,2.114728e-05,1.923845e-06,1.299089e-06,1.309430e-07,7.690341e-08,3.060300e-05,2.508726e-05,5.654365e-05,4.763401e-05,2.350385e-05,1.881204e-05,8.772421e-09,4.321247e-09,6.333882e-05,5.422586e-05,2.413036e-05,3.755021e-05,3.074252e-05
6.435000e+02,3.703569e-05,3.029752e-05,2.888412e-05,2.246745e-05,3.448105e-05,2.781573e-05,3.915784e-05,3.237751e-05,4.286958e-05,3.605637e-05,1.798698e-05,1.420090e-05,5.432730e-05,4.532518e-05,2.670350e-05,2.090404e-05,1.890947e-06,1.275736e-06,1.278248e-07,7.499737e-08,3.031108e-05,2.483491e-05,5.608944e-05,4.722785e-05,2.326150e-05,1.860537e-05,8.481046e-09,4.169433e-09,6.286733e-05,5.380629e-05,2.387942e-05,3.720665e-05,3.044536e-05
6.440000e+02,3.669580e-05,3.000368e-05,2.856938e-05,2.220131e-05,3.414814e-05,2.752959e-05,3.881274e-05,3.207792e-05,4.251670e-05,3.574817e-05,1.779370e-05,1.403949e-05,5.387512e-05,4.492675e-05,2.641534e-05,2.066295e-05,1.858541e-06,1.252750e-06,1.247748e-07,7.313467e-08,3.002149e-05,2.458465e-05,5.563791e-05,4.682419e-05,2.302118e-05,1.840052e-05,8.198418e-09,4.022437e-09,6.239866e-05,5.338933e-05,2.363047e-05,3.686554e-05,3.015042e-05
6.445000e+02,3.635833e-05,2.971204e-05,2.825710e-05,2.193741e-05,3.381766e-05,2.724566e-05,3.847006e-05,3.178052e-05,4.216623e-05,3.544214e-05,1.760209e-05,1.387954e-05,5.342579e-05,4.453097e-05,2.612956e-05,2.042397e-05,1.826620e-06,1.230126e-06,1.217915e-07,7.131442e-08,2.973420e-05,2.433646e-05,5.518903e-05,4.642303e-05,2.278287e-05,1.819746e-05,7.924300e-09,3.880123e-09,6.193280e-05,5.297498e-05,2.338349e-05,3.652686e-05,2.985768e-05
6.450000e+02,3.602327e-05,2.942258e-05,2.794728e-05,2.167573e-05,3.348960e-05,2.696392e-05,3.812978e-05,3.148530e-05,4.181813e-05,3.513828e-05,1.741214e-05,1.372104e-05,5.297931e-05,4.413781e-05,2.584615e-05,2.018711e-05,1.795179e-06,1.207858e-06,1.188736e-07,6.953574e-08,2.944920e-05,2.409032e-05,5.474281e-05,4.602435e-05,2.254655e-05,1.799619e-05,7.658462e-09,3.742356e-09,6.146975e-05,5.256322e-05,2.313847e-05,3.619060e-05,2.956713e-05
6.455000e+02,3.569060e-05,2.913530e-05,2.763989e-05,2.141625e-05,3.316395e-05,2.668437e-05,3.779188e-05,3.119225e-05,4.147242e-05,3.483656e-05,1.722383e-05,1.356397e-05,5.253565e-05,4.374727e-05,2.556508e-05,1.995234e-05,1.764211e-06,1.185943e-06,1.160198e-07,6.779776e-08,2.916648e-05,2.384622e-05,5.429923e-05,4.562814e-05,2.231222e-05,1.779668e-05,7.400678e-09,3.609005e-09,6.100948e-05,5.215403e-05,2.289540e-05,3.585674e-05,2.927876e-05
6.460000e+02,3.536032e-05,2.885018e-05,2.733493e-05,2.115898e-05,3.284070e-05,2.640699e-05,3.745636e-05,3.090134e-05,4.112906e-05,3.453699e-05,1.703715e-05,1.340833e-05,5.209481e-05,4.335933e-05,2.528635e-05,1.971966e-05,1.733709e-06,1.164375e-06,1.132289e-07,6.609962e-08,2.888601e-05,2.360415e-05,5.385828e-05,4.523439e-05,2.207986e-05,1.759893e-05,7.150728e-09,3.479943e-09,6.055198e-05,5.174742e-05,2.265427e-05,3.552526e-05,2.899256e-05
6.465000e+02,3.503242e-05,2.856720e-05,2.703237e-05,2.090389e-05,3.251983e-05,2.613176e-05,3.712320e-05,3.061258e-05,4.078805e-05,3.423954e-05,1.685210e-05,1.325411e-05,5.165677e-05,4.297399e-05,2.500994e-05,1.948904e-05,1.703669e-06,1.143150e-06,1.104996e-07,6.444050e-08,2.860779e-05,2.336410e-05,5.341994e-05,4.484309e-05,2.184945e-05,1.740293e-05,6.908399e-09,3.355047e-09,6.009725e-05,5.134336e-05,2.241507e-05,3.519617e-05,2.870851e-05
6.470000e+02,3.470687e-05,2.828636e-05,2.673222e-05,2.065098e-05,3.220133e-05,2.585869e-05,3.679239e-05,3.032594e-05,4.044937e-05,3.394421e-05,1.666866e-05,1.310130e-05,5.122152e-05,4.259122e-05,2.473584e-05,1.926049e-05,1.674083e-06,1.122262e-06,1.078306e-07,6.281958e-08,2.833181e-05,2.312604e-05,5.298421e-05,4.445423e-05,2.162098e-05,1.720866e-05,6.673480e-09,3.234195e-09,5.964526e-05,5.094184e-05,2.217778e-05,3.486944e-05,2.842660e-05
6.475000e+02,3.438366e-05,2.800765e-05,2.643446e-05,2.040022e-05,3.188519e-05,2.558775e-05,3.646392e-05,3.004142e-05,4.011302e-05,3.365098e-05,1.648682e-05,1.294988e-05,5.078905e-05,4.221103e-05,2.446403e-05,1.903398e-05,1.644947e-06,1.101708e-06,1.052207e-07,6.123605e-08,2.805803e-05,2.288996e-05,5.255107e-05,4.406779e-05,2.139443e-05,1.701610e-05,6.445768e-09,3.117269e-09,5.919601e-05,5.054285e-05,2.194239e-05,3.454507e-05,2.814683e-05
6.480000e+02,3.406279e-05,2.773105e-05,2.613906e-05,2.015161e-05,3.157139e-05,2.531893e-05,3.613777e-05,2.975900e-05,3.977898e-05,3.335985e-05,1.630657e-05,1.279985e-05,5.035935e-05,4.183338e-05,2.419450e-05,1.880950e-05,1.616253e-06,1.081482e-06,1.026687e-07,5.968912e-08,2.778645e-05,2.265586e-05,5.212052e-05,4.368377e-05,2.116980e-05,1.682525e-05,6.225065e-09,3.004156e-09,5.874949e-05,5.014638e-05,2.170890e-05,3.422303e-05,2.786917e-05
6.485000e+02,3.374424e-05,2.745655e-05,2.584603e-05,1.990514e-05,3.125992e-05,2.505222e-05,3.581394e-05,2.947868e-05,3.944723e-05,3.307079e-05,1.612790e-05,1.265120e-05,4.993239e-05,4.145829e-05,2.392725e-05,1.858705e-05,1.587997e-06,1.061580e-06,1.001735e-07,5.817803e-08,2.751706e-05,2.242371e-05,5.169255e-05,4.330216e-05,2.094705e-05,1.663609e-05,6.011176e-09,2.894743e-09,5.830568e-05,4.975241e-05,2.147729e-05,3.390332e-05,2.759362e-05
6.490000e+02,3.342800e-05,2.718414e-05,2.555534e-05,1.966080e-05,3.095078e-05,2.478762e-05,3.549240e-05,2.920044e-05,3.911777e-05,3.278380e-05,1.595079e-05,1.250391e-05,4.950818e-05,4.108572e-05,2.366224e-05,1.836659e-05,1.560172e-06,1.041998e-06,9.773393e-08,5.670202e-08,2.724983e-05,2.219350e-05,5.126713e-05,4.292294e-05,2.072620e-05,1.644861e-05,5.803911e-09,2.788922e-09,5.786457e-05,4.936094e-05,2.124754e-05,3.358592e-05,2.732017e-05
6.495000e+02,3.311405e-05,2.691380e-05,2.526699e-05,1.941856e-05,3.064394e-05,2.452509e-05,3.517315e-05,2.892426e-05,3.879059e-05,3.249887e-05,1.577524e-05,1.235798e-05,4.908669e-05,4.071567e-05,2.339948e-05,1.814814e-05,1.532773e-06,1.022731e-06,9.534880e-08,5.526034e-08,2.698476e-05,2.196523e-05,5.084426e-05,4.254611e-05,2.050720e-05,1.626279e-05,5.603088e-09,2.686588e-09,5.742615e-05,4.897195e-05,2.101966e-05,3.327083e-05,2.704879e-05
6.500000e+02,3.280238e-05,2.664553e-05,2.498096e-05,1.917843e-05,3.033939e-05,2.426465e-05,3.485617e-05,2.865014e-05,3.846566e-05,3.221598e-05,1.560124e-05,1.221340e-05,4.866792e-05,4.034813e-05,2.313894e-05,1.793166e-05,1.505794e-06,1.003775e-06,9.301704e-08,5.385226e-08,2.672182e-05,2.173887e-05,5.042394e-05,4.217165e-05,2.029007e-05,1.607863e-05,5.408525e-09,2.587636e-09,5.699040e-05,4.858543e-05,2.079362e-05,3.295802e-05,2.677949e-05
6.505000e+02,3.249299e-05,2.637931e-05,2.469724e-05,1.894038e-05,3.003712e-05,2.400626e-05,3.454146e-05,2.837807e-05,3.814298e-05,3.193512e-05,1.542877e-05,1.207015e-05,4.825185e-05,3.998308e-05,2.288062e-05,1.771715e-05,1.479230e-06,9.851250e-07,9.073755e-08,5.247707e-08,2.646101e-05,2.151441e-05,5.000614e-05,4.179955e-05,2.007477e-05,1.589611e-05,5.220047e-09,2.491967e-09,5.655732e-05,4.820137e-05,2.056942e-05,3.264750e-05,2.651225e-05
6.510000e+02,3.218585e-05,2.611513e-05,2.441582e-05,1.870441e-05,2.973713e-05,2.374993e-05,3.422899e-05,2.810803e-05,3.782254e-05,3.165628e-05,1.525782e-05,1.192823e-05,4.783848e-05,3.962051e-05,2.262450e-05,1.750460e-05,1.453075e-06,9.667775e-07,8.850927e-08,5.113408e-08,2.620231e-05,2.129183e-05,4.959086e-05,4.142981e-05,1.986130e-05,1.571522e-05,5.037484e-09,2.399483e-09,5.612688e-05,4.781975e-05,2.034704e-05,3.233923e-05,2.624705e-05
6.515000e+02,3.188096e-05,2.585298e-05,2.413668e-05,1.847050e-05,2.943939e-05,2.349563e-05,3.391877e-05,2.784001e-05,3.750432e-05,3.137946e-05,1.508838e-05,1.178762e-05,4.742777e-05,3.926041e-05,2.237057e-05,1.729399e-05,1.427324e-06,9.487280e-07,8.633114e-08,4.982258e-08,2.594570e-05,2.107114e-05,4.917809e-05,4.106241e-05,1.964964e-05,1.553595e-05,4.860669e-09,2.310090e-09,5.569909e-05,4.744057e-05,2.012648e-05,3.203322e-05,2.598388e-05
6.520000e+02,3.157830e-05,2.559285e-05,2.385981e-05,1.823865e-05,2.914390e-05,2.324336e-05,3.361076e-05,2.757400e-05,3.718831e-05,3.110463e-05,1.492045e-05,1.164833e-05,4.701974e-05,3.890277e-05,2.211881e-05,1.708531e-05,1.401972e-06,9.309724e-07,8.420215e-08,4.854191e-08,2.569116e-05,2.085230e-05,4.876781e-05,4.069734e-05,1.943978e-05,1.535828e-05,4.689439e-09,2.223694e-09,5.527392e-05,4.706381e-05,1.990772e-05,3.172945e-05,2.572274e-05
6.525000e+02,3.127787e-05,2.533472e-05,2.358520e-05,1.800883e-05,2.885063e-05,2.299311e-05,3.330497e-05,2.730999e-05,3.687450e-05,3.083178e-05,1.475401e-05,1.151033e-05,4.661435e-05,3.854758e-05,2.186921e-05,1.687855e-05,1.377012e-06,9.135065e-07,8.212127e-08,4.729141e-08,2.543870e-05,2.063531e-05,4.836002e-05,4.033459e-05,1.923171e-05,1.518220e-05,4.523636e-09,2.140205e-09,5.485136e-05,4.668946e-05,1.969075e-05,3.142790e-05,2.546362e-05
6.530000e+02,3.097964e-05,2.507859e-05,2.331284e-05,1.778104e-05,2.855959e-05,2.274486e-05,3.300138e-05,2.704796e-05,3.656288e-05,3.056092e-05,1.458905e-05,1.137362e-05,4.621161e-05,3.819482e-05,2.162176e-05,1.667369e-05,1.352440e-06,8.963262e-07,8.008752e-08,4.607043e-08,2.518828e-05,2.042016e-05,4.795471e-05,3.997416e-05,1.902541e-05,1.500770e-05,4.363106e-09,2.059536e-09,5.443141e-05,4.631751e-05,1.947556e-05,3.112857e-05,2.520649e-05
6.535000e+02,3.068361e-05,2.482444e-05,2.304271e-05,1.755527e-05,2.827076e-05,2.249861e-05,3.269998e-05,2.678792e-05,3.625343e-05,3.029201e-05,1.442556e-05,1.123819e-05,4.581149e-05,3.784448e-05,2.137644e-05,1.647073e-05,1.328251e-06,8.794275e-07,7.809992e-08,4.487833e-08,2.493989e-05,2.020683e-05,4.755185e-05,3.961602e-05,1.882087e-05,1.483477e-05,4.207699e-09,1.981602e-09,5.401405e-05,4.594795e-05,1.926214e-05,3.083144e-05,2.495135e-05
6.540000e+02,3.038976e-05,2.457226e-05,2.277480e-05,1.733151e-05,2.798411e-05,2.225434e-05,3.240075e-05,2.652983e-05,3.594615e-05,3.002505e-05,1.426353e-05,1.110403e-05,4.541399e-05,3.749656e-05,2.113325e-05,1.626965e-05,1.304439e-06,8.628064e-07,7.615753e-08,4.371449e-08,2.469353e-05,1.999530e-05,4.715145e-05,3.926018e-05,1.861808e-05,1.466339e-05,4.057268e-09,1.906320e-09,5.359926e-05,4.558076e-05,1.905048e-05,3.053650e-05,2.469818e-05
6.545000e+02,3.009809e-05,2.432204e-05,2.250911e-05,1.710973e-05,2.769966e-05,2.201203e-05,3.210369e-05,2.627369e-05,3.564102e-05,2.976004e-05,1.410295e-05,1.097113e-05,4.501910e-05,3.715103e-05,2.089216e-05,1.607043e-05,1.280999e-06,8.464590e-07,7.425939e-08,4.257829e-08,2.444917e-05,1.978557e-05,4.675349e-05,3.890661e-05,1.841701e-05,1.449356e-05,3.911669e-09,1.833609e-09,5.318704e-05,4.521593e-05,1.884057e-05,3.024374e-05,2.444699e-05
6.550000e+02,2.980857e-05,2.407377e-05,2.224561e-05,1.688994e-05,2.741737e-05,2.177168e-05,3.180878e-05,2.601950e-05,3.533802e-05,2.949696e-05,1.394381e-05,1.083947e-05,4.462679e-05,3.680788e-05,2.065317e-05,1.587308e-05,1.257927e-06,8.303815e-07,7.240459e-08,4.146915e-08,2.420681e-05,1.957762e-05,4.635797e-05,3.855531e-05,1.821767e-05,1.432526e-05,3.770765e-09,1.763390e-09,5.277738e-05,4.485345e-05,1.863240e-05,2.995315e-05,2.419774e-05
6.555000e+02,2.952121e-05,2.382744e-05,2.198429e-05,1.667212e-05,2.713724e-05,2.153328e-05,3.151601e-05,2.576724e-05,3.503716e-05,2.923579e-05,1.378610e-05,1.070906e-05,4.423707e-05,3.646712e-05,2.041627e-05,1.567757e-05,1.235218e-06,8.145700e-07,7.059224e-08,4.038647e-08,2.396642e-05,1.937144e-05,4.596486e-05,3.820628e-05,1.802004e-05,1.415849e-05,3.634419e-09,1.695587e-09,5.237025e-05,4.449332e-05,1.842595e-05,2.966471e-05,2.395044e-05
6.560000e+02,2.923598e-05,2.358303e-05,2.172515e-05,1.645626e-05,2.685926e-05,2.129682e-05,3.122537e-05,2.551689e-05,3.473840e-05,2.897653e-05,1.362980e-05,1.057988e-05,4.384991e-05,3.612871e-05,2.018143e-05,1.548389e-05,1.212866e-06,7.990206e-07,6.882144e-08,3.932967e-08,2.372799e-05,1.916702e-05,4.557417e-05,3.785949e-05,1.782410e-05,1.399322e-05,3.502500e-09,1.630127e-09,5.196566e-05,4.413551e-05,1.822122e-05,2.937841e-05,2.370507e-05
6.565000e+02,2.895287e-05,2.334053e-05,2.146817e-05,1.624234e-05,2.658342e-05,2.106227e-05,3.093684e-05,2.526845e-05,3.444176e-05,2.871916e-05,1.347492e-05,1.045193e-05,4.346531e-05,3.579266e-05,1.994866e-05,1.529202e-05,1.190867e-06,7.837297e-07,6.709132e-08,3.829820e-08,2.349151e-05,1.896434e-05,4.518587e-05,3.751494e-05,1.762984e-05,1.382945e-05,3.374879e-09,1.566935e-09,5.156358e-05,4.378002e-05,1.801820e-05,2.909424e-05,2.346162e-05
6.570000e+02,2.867188e-05,2.309994e-05,2.121333e-05,1.603037e-05,2.630969e-05,2.082964e-05,3.065042e-05,2.502191e-05,3.414720e-05,2.846368e-05,1.332143e-05,1.032519e-05,4.308325e-05,3.545894e-05,1.971792e-05,1.510197e-05,1.169215e-06,7.686936e-07,6.540104e-08,3.729149e-08,2.325697e-05,1.876339e-05,4.479996e-05,3.717262e-05,1.743726e-05,1.366716e-05,3.251430e-09,1.505943e-09,5.116401e-05,4.342684e-05,1.781687e-05,2.881220e-05,2.322008e-05
6.575000e+02,2.839298e-05,2.286125e-05,2.096064e-05,1.582031e-05,2.603808e-05,2.059892e-05,3.036609e-05,2.477725e-05,3.385472e-05,2.821007e-05,1.316933e-05,1.019965e-05,4.270372e-05,3.512755e-05,1.948922e-05,1.491372e-05,1.147907e-06,7.539085e-07,6.374976e-08,3.630901e-08,2.302435e-05,1.856416e-05,4.441644e-05,3.683252e-05,1.724632e-05,1.350635e-05,3.132032e-09,1.447082e-09,5.076693e-05,4.307594e-05,1.761722e-05,2.853225e-05,2.298044e-05
6.580000e+02,2.811618e-05,2.262443e-05,2.071007e-05,1.561217e-05,2.576857e-05,2.037008e-05,3.008384e-05,2.453447e-05,3.356431e-05,2.795833e-05,1.301861e-05,1.007531e-05,4.232671e-05,3.479848e-05,1.926254e-05,1.472724e-05,1.126937e-06,7.393710e-07,6.213666e-08,3.535023e-08,2.279364e-05,1.836663e-05,4.403528e-05,3.649463e-05,1.705704e-05,1.334701e-05,3.016566e-09,1.390285e-09,5.037234e-05,4.272734e-05,1.741926e-05,2.825441e-05,2.274268e-05
6.585000e+02,2.784145e-05,2.238948e-05,2.046161e-05,1.540593e-05,2.550114e-05,2.014312e-05,2.980366e-05,2.429355e-05,3.327596e-05,2.770844e-05,1.286926e-05,9.952150e-06,4.195221e-05,3.447171e-05,1.903787e-05,1.454254e-05,1.106301e-06,7.250774e-07,6.056092e-08,3.441462e-08,2.256482e-05,1.817080e-05,4.365648e-05,3.615894e-05,1.686939e-05,1.318911e-05,2.904916e-09,1.335488e-09,4.998021e-05,4.238100e-05,1.722295e-05,2.797864e-05,2.250680e-05
6.590000e+02,2.756879e-05,2.215639e-05,2.021525e-05,1.520158e-05,2.523579e-05,1.991803e-05,2.952554e-05,2.405448e-05,3.298965e-05,2.746038e-05,1.272127e-05,9.830171e-06,4.158020e-05,3.414724e-05,1.881519e-05,1.435960e-05,1.085994e-06,7.110242e-07,5.902178e-08,3.350167e-08,2.233788e-05,1.797665e-05,4.328002e-05,3.582543e-05,1.668335e-05,1.303266e-05,2.796969e-09,1.282628e-09,4.959055e-05,4.203692e-05,1.702830e-05,2.770495e-05,2.227278e-05
6.595000e+02,2.729819e-05,2.192515e-05,1.997098e-05,1.499911e-05,2.497251e-05,1.969479e-05,2.924947e-05,2.381725e-05,3.270538e-05,2.721416e-05,1.257462e-05,9.709361e-06,4.121067e-05,3.382504e-05,1.859450e-05,1.417841e-05,1.066012e-06,6.972079e-07,5.751844e-08,3.261088e-08,2.211280e-05,1.778416e-05,4.290590e-05,3.549411e-05,1.649893e-05,1.287764e-05,2.692617e-09,1.231645e-09,4.920333e-05,4.169509e-05,1.683529e-05,2.743332e-05,2.204061e-05
6.600000e+02,2.702962e-05,2.169574e-05,1.972879e-05,1.479850e-05,2.471127e-05,1.947340e-05,2.897543e-05,2.358185e-05,3.242313e-05,2.696975e-05,1.242931e-05,9.589711e-06,4.084362e-05,3.350512e-05,1.837577e-05,1.399895e-05,1.046350e-06,6.836252e-07,5.605015e-08,3.174177e-08,2.188958e-05,1.759333e-05,4.253411e-05,3.516495e-05,1.631610e-05,1.272404e-05,2.591751e-09,1.182477e-09,4.881855e-05,4.135549e-05,1.664391e-05,2.716373e-05,2.181029e-05
6.605000e+02,2.676309e-05,2.146816e-05,1.948866e-05,1.459976e-05,2.445208e-05,1.925385e-05,2.870341e-05,2.334827e-05,3.214289e-05,2.672715e-05,1.228534e-05,9.471212e-06,4.047903e-05,3.318745e-05,1.815900e-05,1.382122e-05,1.027004e-06,6.702725e-07,5.461617e-08,3.089385e-08,2.166819e-05,1.740415e-05,4.216464e-05,3.483795e-05,1.613485e-05,1.257184e-05,2.494268e-09,1.135069e-09,4.843619e-05,4.101812e-05,1.645416e-05,2.689618e-05,2.158180e-05
6.610000e+02,2.649857e-05,2.124240e-05,1.925059e-05,1.440286e-05,2.419492e-05,1.903612e-05,2.843340e-05,2.311650e-05,3.186465e-05,2.648635e-05,1.214268e-05,9.353855e-06,4.011688e-05,3.287204e-05,1.794417e-05,1.364521e-05,1.007970e-06,6.571466e-07,5.321577e-08,3.006665e-08,2.144864e-05,1.721659e-05,4.179747e-05,3.451311e-05,1.595518e-05,1.242105e-05,2.400066e-09,1.089364e-09,4.805624e-05,4.068297e-05,1.626602e-05,2.663066e-05,2.135513e-05
6.615000e+02,2.623606e-05,2.101844e-05,1.901455e-05,1.420779e-05,2.393977e-05,1.882020e-05,2.816539e-05,2.288652e-05,3.158839e-05,2.624734e-05,1.200133e-05,9.237632e-06,3.975717e-05,3.255885e-05,1.773128e-05,1.347089e-05,9.892423e-07,6.442441e-07,5.184822e-08,2.925971e-08,2.123089e-05,1.703066e-05,4.143260e-05,3.419040e-05,1.577707e-05,1.227164e-05,2.309048e-09,1.045307e-09,4.767869e-05,4.035002e-05,1.607948e-05,2.636715e-05,2.113027e-05
6.620000e+02,2.597555e-05,2.079627e-05,1.878055e-05,1.401455e-05,2.368663e-05,1.860609e-05,2.789937e-05,2.265833e-05,3.131411e-05,2.601010e-05,1.186128e-05,9.122534e-06,3.939988e-05,3.224790e-05,1.752031e-05,1.329827e-05,9.708178e-07,6.315618e-07,5.051283e-08,2.847257e-08,2.101494e-05,1.684633e-05,4.107001e-05,3.386982e-05,1.560050e-05,1.212361e-05,2.221117e-09,1.002846e-09,4.730354e-05,4.001926e-05,1.589454e-05,2.610564e-05,2.090720e-05
6.625000e+02,2.571702e-05,2.057589e-05,1.854857e-05,1.382312e-05,2.343548e-05,1.839376e-05,2.763533e-05,2.243192e-05,3.104180e-05,2.577463e-05,1.172252e-05,9.008552e-06,3.904501e-05,3.193915e-05,1.731124e-05,1.312732e-05,9.526921e-07,6.190965e-07,4.920891e-08,2.770480e-08,2.080078e-05,1.666359e-05,4.070970e-05,3.355136e-05,1.542548e-05,1.197694e-05,2.136181e-09,9.619283e-10,4.693076e-05,3.969068e-05,1.571118e-05,2.584612e-05,2.068593e-05
6.630000e+02,2.546047e-05,2.035728e-05,1.831859e-05,1.363350e-05,2.318632e-05,1.818322e-05,2.737326e-05,2.220727e-05,3.077144e-05,2.554091e-05,1.158505e-05,8.895679e-06,3.869254e-05,3.163261e-05,1.710408e-05,1.295804e-05,9.348608e-07,6.068449e-07,4.793577e-08,2.695596e-08,2.058839e-05,1.648244e-05,4.035165e-05,3.323501e-05,1.525198e-05,1.183164e-05,2.054147e-09,9.225051e-10,4.656034e-05,3.936427e-05,1.552939e-05,2.558858e-05,2.046643e-05
6.635000e+02,2.520587e-05,2.014042e-05,1.809061e-05,1.344567e-05,2.293913e-05,1.797445e-05,2.711314e-05,2.198438e-05,3.050302e-05,2.530893e-05,1.144884e-05,8.783905e-06,3.834246e-05,3.132825e-05,1.689879e-05,1.279042e-05,9.173199e-07,5.948039e-07,4.669277e-08,2.622563e-08,2.037776e-05,1.630286e-05,3.999586e-05,3.292077e-05,1.507999e-05,1.168767e-05,1.974929e-09,8.845277e-10,4.619228e-05,3.904002e-05,1.534916e-05,2.533301e-05,2.024870e-05
6.640000e+02,2.495323e-05,1.992532e-05,1.786462e-05,1.325961e-05,2.269389e-05,1.776744e-05,2.685496e-05,2.176323e-05,3.023654e-05,2.507869e-05,1.131390e-05,8.673222e-06,3.799475e-05,3.102608e-05,1.669538e-05,1.262444e-05,9.000654e-07,5.829704e-07,4.547925e-08,2.551338e-08,2.016888e-05,1.612485e-05,3.964232e-05,3.260861e-05,1.490951e-05,1.154504e-05,1.898439e-09,8.479487e-10,4.582656e-05,3.871792e-05,1.517049e-05,2.507939e-05,2.003273e-05
6.645000e+02,2.470253e-05,1.971197e-05,1.764059e-05,1.307533e-05,2.245061e-05,1.756217e-05,2.659871e-05,2.154381e-05,2.997198e-05,2.485017e-05,1.118021e-05,8.563622e-06,3.764941e-05,3.072607e-05,1.649383e-05,1.246009e-05,8.830931e-07,5.713413e-07,4.429457e-08,2.481882e-08,1.996173e-05,1.594837e-05,3.929101e-05,3.229853e-05,1.474052e-05,1.140374e-05,1.824594e-09,8.127225e-10,4.546318e-05,3.839795e-05,1.499336e-05,2.482772e-05,1.981850e-05
6.650000e+02,2.445376e-05,1.950034e-05,1.741853e-05,1.289281e-05,2.220927e-05,1.735865e-05,2.634439e-05,2.132612e-05,2.970932e-05,2.462337e-05,1.104777e-05,8.455096e-06,3.730642e-05,3.042823e-05,1.629412e-05,1.229737e-05,8.663992e-07,5.599136e-07,4.313811e-08,2.414154e-08,1.975631e-05,1.577344e-05,3.894192e-05,3.199053e-05,1.457301e-05,1.126375e-05,1.753314e-09,7.788046e-10,4.510211e-05,3.808011e-05,1.481776e-05,2.457798e-05,1.960601e-05
6.655000e+02,2.420690e-05,1.929043e-05,1.719842e-05,1.271203e-05,2.196985e-05,1.715685e-05,2.609197e-05,2.111014e-05,2.944856e-05,2.439827e-05,1.091656e-05,8.347637e-06,3.696578e-05,3.013252e-05,1.609625e-05,1.213625e-05,8.499797e-07,5.486843e-07,4.200926e-08,2.348114e-08,1.955259e-05,1.560003e-05,3.859505e-05,3.168459e-05,1.440697e-05,1.112507e-05,1.684518e-09,7.461519e-10,4.474336e-05,3.776439e-05,1.464369e-05,2.433017e-05,1.939524e-05
6.660000e+02,2.396195e-05,1.908222e-05,1.698025e-05,1.253300e-05,2.173235e-05,1.695677e-05,2.584146e-05,2.089586e-05,2.918970e-05,2.417485e-05,1.078657e-05,8.241235e-06,3.662747e-05,2.983895e-05,1.590021e-05,1.197674e-05,8.338307e-07,5.376505e-07,4.090742e-08,2.283725e-08,1.935057e-05,1.542814e-05,3.825039e-05,3.138070e-05,1.424239e-05,1.098768e-05,1.618130e-09,7.147225e-10,4.438690e-05,3.745076e-05,1.447113e-05,2.408427e-05,1.918618e-05
6.665000e+02,2.371890e-05,1.887572e-05,1.676400e-05,1.235569e-05,2.149675e-05,1.675840e-05,2.559283e-05,2.068328e-05,2.893270e-05,2.395313e-05,1.065780e-05,8.135884e-06,3.629148e-05,2.954751e-05,1.570597e-05,1.181881e-05,8.179484e-07,5.268092e-07,3.983199e-08,2.220950e-08,1.915023e-05,1.525774e-05,3.790792e-05,3.107886e-05,1.407926e-05,1.085158e-05,1.554075e-09,6.844758e-10,4.403273e-05,3.713924e-05,1.430007e-05,2.384027e-05,1.897883e-05
6.670000e+02,2.347773e-05,1.867091e-05,1.654967e-05,1.218010e-05,2.126305e-05,1.656172e-05,2.534608e-05,2.047238e-05,2.867758e-05,2.373307e-05,1.053024e-05,8.031574e-06,3.595780e-05,2.925818e-05,1.551354e-05,1.166247e-05,8.023290e-07,5.161575e-07,3.878240e-08,2.159750e-08,1.895156e-05,1.508884e-05,3.756763e-05,3.077905e-05,1.391757e-05,1.071675e-05,1.492281e-09,6.553722e-10,4.368083e-05,3.682979e-05,1.413051e-05,2.359815e-05,1.877317e-05
6.675000e+02,2.323843e-05,1.846777e-05,1.633725e-05,1.200621e-05,2.103122e-05,1.636673e-05,2.510119e-05,2.026315e-05,2.842430e-05,2.351467e-05,1.040388e-05,7.928298e-06,3.562641e-05,2.897095e-05,1.532289e-05,1.150768e-05,7.869688e-07,5.056926e-07,3.775809e-08,2.100091e-08,1.875455e-05,1.492142e-05,3.722953e-05,3.048126e-05,1.375730e-05,1.058319e-05,1.432675e-09,6.273734e-10,4.333120e-05,3.652241e-05,1.396243e-05,2.335792e-05,1.856920e-05
6.680000e+02,2.300099e-05,1.826630e-05,1.612672e-05,1.183402e-05,2.080127e-05,1.617341e-05,2.485816e-05,2.005558e-05,2.817287e-05,2.329793e-05,1.027871e-05,7.826048e-06,3.529732e-05,2.868581e-05,1.513403e-05,1.135446e-05,7.718640e-07,4.954117e-07,3.675850e-08,2.041936e-08,1.855919e-05,1.475547e-05,3.689358e-05,3.018549e-05,1.359845e-05,1.045089e-05,1.375191e-09,6.004424e-10,4.298381e-05,3.621710e-05,1.379583e-05,2.311956e-05,1.836690e-05
6.685000e+02,2.276541e-05,1.806649e-05,1.591807e-05,1.166352e-05,2.057319e-05,1.598176e-05,2.461698e-05,1.984966e-05,2.792328e-05,2.308282e-05,1.015472e-05,7.724816e-06,3.497049e-05,2.840276e-05,1.494693e-05,1.120277e-05,7.570110e-07,4.853120e-07,3.578309e-08,1.985252e-08,1.836546e-05,1.459097e-05,3.655980e-05,2.989172e-05,1.344101e-05,1.031983e-05,1.319760e-09,5.745429e-10,4.263867e-05,3.591383e-05,1.363070e-05,2.288305e-05,1.816626e-05
6.690000e+02,2.253167e-05,1.786833e-05,1.571130e-05,1.149469e-05,2.034695e-05,1.579177e-05,2.437763e-05,1.964538e-05,2.767551e-05,2.286935e-05,1.003190e-05,7.624594e-06,3.464593e-05,2.812177e-05,1.476158e-05,1.105262e-05,7.424063e-07,4.753908e-07,3.483132e-08,1.930005e-08,1.817335e-05,1.442792e-05,3.622816e-05,2.959996e-05,1.328496e-05,1.019001e-05,1.266318e-09,5.496401e-10,4.229577e-05,3.561261e-05,1.346702e-05,2.264838e-05,1.796727e-05
6.695000e+02,2.229975e-05,1.767180e-05,1.550639e-05,1.132753e-05,2.012254e-05,1.560342e-05,2.414010e-05,1.944273e-05,2.742955e-05,2.265750e-05,9.910244e-06,7.525373e-06,3.432362e-05,2.784284e-05,1.457797e-05,1.090400e-05,7.280462e-07,4.656453e-07,3.390268e-08,1.876161e-08,1.798286e-05,1.426631e-05,3.589865e-05,2.931017e-05,1.313030e-05,1.006141e-05,1.214801e-09,5.256999e-10,4.195508e-05,3.531341e-05,1.330479e-05,2.241556e-05,1.776993e-05
6.700000e+02,2.206966e-05,1.747690e-05,1.530332e-05,1.116203e-05,1.989997e-05,1.541671e-05,2.390438e-05,1.924171e-05,2.718539e-05,2.244726e-05,9.789743e-06,7.427147e-06,3.400356e-05,2.756596e-05,1.439609e-05,1.075688e-05,7.139272e-07,4.560730e-07,3.299665e-08,1.823688e-08,1.779396e-05,1.410612e-05,3.557128e-05,2.902237e-05,1.297701e-05,9.934036e-06,1.165148e-09,5.026895e-10,4.161660e-05,3.501623e-05,1.314400e-05,2.218455e-05,1.757421e-05
6.705000e+02,2.184138e-05,1.728362e-05,1.510210e-05,1.099817e-05,1.967922e-05,1.523162e-05,2.367047e-05,1.904230e-05,2.694302e-05,2.223863e-05,9.670387e-06,7.329908e-06,3.368572e-05,2.729111e-05,1.421594e-05,1.061127e-05,7.000459e-07,4.466711e-07,3.211273e-08,1.772554e-08,1.760665e-05,1.394735e-05,3.524602e-05,2.873654e-05,1.282509e-05,9.807869e-06,1.117300e-09,4.805769e-10,4.128031e-05,3.472106e-05,1.298464e-05,2.195537e-05,1.738012e-05
6.710000e+02,2.161489e-05,1.709195e-05,1.490271e-05,1.083594e-05,1.946027e-05,1.504815e-05,2.343834e-05,1.884448e-05,2.670243e-05,2.203158e-05,9.552168e-06,7.233647e-06,3.337010e-05,2.701830e-05,1.403749e-05,1.046714e-05,6.863988e-07,4.374371e-07,3.125044e-08,1.722729e-08,1.742091e-05,1.378998e-05,3.492287e-05,2.845266e-05,1.267452e-05,9.682903e-06,1.071198e-09,4.593311e-10,4.094621e-05,3.442789e-05,1.282669e-05,2.172798e-05,1.718765e-05
6.715000e+02,2.139019e-05,1.690187e-05,1.470513e-05,1.067534e-05,1.924311e-05,1.486629e-05,2.320800e-05,1.864826e-05,2.646361e-05,2.182612e-05,9.435079e-06,7.138358e-06,3.305669e-05,2.674749e-05,1.386074e-05,1.032450e-05,6.729825e-07,4.283683e-07,3.040928e-08,1.674181e-08,1.723673e-05,1.363401e-05,3.460181e-05,2.817074e-05,1.252529e-05,9.559127e-06,1.026786e-09,4.389221e-10,4.061429e-05,3.413670e-05,1.267016e-05,2.150239e-05,1.699677e-05
6.720000e+02,2.116726e-05,1.671338e-05,1.450936e-05,1.051635e-05,1.902775e-05,1.468602e-05,2.297942e-05,1.845362e-05,2.622655e-05,2.162222e-05,9.319109e-06,7.044032e-06,3.274547e-05,2.647870e-05,1.368567e-05,1.018332e-05,6.597936e-07,4.194624e-07,2.958879e-08,1.626882e-08,1.705411e-05,1.347941e-05,3.428285e-05,2.789076e-05,1.237741e-05,9.436533e-06,9.840093e-10,4.193207e-10,4.028454e-05,3.384749e-05,1.251503e-05,2.127858e-05,1.680749e-05
6.725000e+02,2.094611e-05,1.652647e-05,1.431539e-05,1.035897e-05,1.881415e-05,1.450733e-05,2.275261e-05,1.826056e-05,2.599124e-05,2.141989e-05,9.204251e-06,6.950662e-06,3.243645e-05,2.621189e-05,1.351227e-05,1.004361e-05,6.468290e-07,4.107167e-07,2.878851e-08,1.580801e-08,1.687303e-05,1.332619e-05,3.396596e-05,2.761271e-05,1.223084e-05,9.315111e-06,9.428146e-10,4.004988e-10,3.995693e-05,3.356024e-05,1.236129e-05,2.105654e-05,1.661979e-05
6.730000e+02,2.072670e-05,1.634113e-05,1.412320e-05,1.020319e-05,1.860233e-05,1.433022e-05,2.252755e-05,1.806905e-05,2.575767e-05,2.121912e-05,9.090497e-06,6.858241e-06,3.212959e-05,2.594708e-05,1.334054e-05,9.905339e-06,6.340852e-07,4.021287e-07,2.800798e-08,1.535910e-08,1.669348e-05,1.317434e-05,3.365115e-05,2.733658e-05,1.208560e-05,9.194854e-06,9.031504e-10,3.824290e-10,3.963147e-05,3.327495e-05,1.220893e-05,2.083626e-05,1.643367e-05
6.735000e+02,2.050905e-05,1.615734e-05,1.393278e-05,1.004899e-05,1.839225e-05,1.415468e-05,2.230422e-05,1.787910e-05,2.552582e-05,2.101988e-05,8.977837e-06,6.766761e-06,3.182490e-05,2.568423e-05,1.317046e-05,9.768508e-06,6.215590e-07,3.936962e-07,2.724676e-08,1.492182e-08,1.651544e-05,1.302383e-05,3.333839e-05,2.706237e-05,1.194165e-05,9.075752e-06,8.649664e-10,3.650847e-10,3.930814e-05,3.299160e-05,1.205795e-05,2.061773e-05,1.624911e-05
6.740000e+02,2.029312e-05,1.597511e-05,1.374414e-05,9.896361e-06,1.818392e-05,1.398070e-05,2.208262e-05,1.769069e-05,2.529569e-05,2.082218e-05,8.866265e-06,6.676214e-06,3.152236e-05,2.542335e-05,1.300202e-05,9.633104e-06,6.092474e-07,3.854166e-07,2.650441e-08,1.449588e-08,1.633891e-05,1.287466e-05,3.302769e-05,2.679007e-05,1.179901e-05,8.957796e-06,8.282138e-10,3.484403e-10,3.898694e-05,3.271019e-05,1.190833e-05,2.040094e-05,1.606610e-05
6.745000e+02,2.007893e-05,1.579441e-05,1.355724e-05,9.745301e-06,1.797732e-05,1.380826e-05,2.186274e-05,1.750381e-05,2.506727e-05,2.062600e-05,8.755770e-06,6.586594e-06,3.122197e-05,2.516442e-05,1.283521e-05,9.499117e-06,5.971470e-07,3.772876e-07,2.578052e-08,1.408103e-08,1.616387e-05,1.272683e-05,3.271903e-05,2.651966e-05,1.165765e-05,8.840978e-06,7.928454e-10,3.324708e-10,3.866784e-05,3.243071e-05,1.176007e-05,2.018588e-05,1.588463e-05
6.750000e+02,1.986644e-05,1.561525e-05,1.337209e-05,9.595797e-06,1.777245e-05,1.363735e-05,2.164457e-05,1.731846e-05,2.484055e-05,2.043134e-05,8.646346e-06,6.497893e-06,3.092370e-05,2.490744e-05,1.267002e-05,9.366537e-06,5.852549e-07,3.693068e-07,2.507466e-08,1.367700e-08,1.599032e-05,1.258032e-05,3.241240e-05,2.625114e-05,1.151757e-05,8.725289e-06,7.588153e-10,3.171521e-10,3.835084e-05,3.215313e-05,1.161316e-05,1.997254e-05,1.570470e-05
6.755000e+02,1.965567e-05,1.543760e-05,1.318867e-05,9.447838e-06,1.756929e-05,1.346798e-05,2.142809e-05,1.713462e-05,2.461552e-05,2.023819e-05,8.537984e-06,6.410104e-06,3.062756e-05,2.465238e-05,1.250643e-05,9.235352e-06,5.735679e-07,3.614719e-07,2.438642e-08,1.328353e-08,1.581824e-05,1.243511e-05,3.210779e-05,2.598450e-05,1.137876e-05,8.610721e-06,7.260788e-10,3.024609e-10,3.803594e-05,3.187746e-05,1.146758e-05,1.976091e-05,1.552630e-05
6.760000e+02,1.944658e-05,1.526146e-05,1.300698e-05,9.301416e-06,1.736783e-05,1.330012e-05,2.121330e-05,1.695229e-05,2.439216e-05,2.004652e-05,8.430676e-06,6.323219e-06,3.033352e-05,2.439925e-05,1.234445e-05,9.105554e-06,5.620830e-07,3.537807e-07,2.371541e-08,1.290037e-08,1.564762e-05,1.229121e-05,3.180520e-05,2.571973e-05,1.124120e-05,8.497265e-06,6.945926e-10,2.883746e-10,3.772311e-05,3.160369e-05,1.132334e-05,1.955098e-05,1.534941e-05
6.765000e+02,1.923918e-05,1.508683e-05,1.282700e-05,9.156520e-06,1.716806e-05,1.313377e-05,2.100019e-05,1.677145e-05,2.417047e-05,1.985635e-05,8.324414e-06,6.237231e-06,3.004158e-05,2.414803e-05,1.218404e-05,8.977131e-06,5.507972e-07,3.462309e-07,2.306123e-08,1.252729e-08,1.547846e-05,1.214861e-05,3.150461e-05,2.545682e-05,1.110489e-05,8.384912e-06,6.643147e-10,2.748711e-10,3.741235e-05,3.133180e-05,1.118041e-05,1.934274e-05,1.517402e-05
6.770000e+02,1.903345e-05,1.491369e-05,1.264872e-05,9.013142e-06,1.696997e-05,1.296892e-05,2.078875e-05,1.659210e-05,2.395043e-05,1.966765e-05,8.219189e-06,6.152134e-06,2.975173e-05,2.389871e-05,1.202521e-05,8.850074e-06,5.397076e-07,3.388203e-07,2.242350e-08,1.216402e-08,1.531073e-05,1.200728e-05,3.120601e-05,2.519576e-05,1.096983e-05,8.273655e-06,6.352044e-10,2.619292e-10,3.710364e-05,3.106178e-05,1.103880e-05,1.913617e-05,1.500013e-05
6.775000e+02,1.882939e-05,1.474202e-05,1.247213e-05,8.871271e-06,1.677356e-05,1.280556e-05,2.057896e-05,1.641422e-05,2.373205e-05,1.948042e-05,8.114995e-06,6.067919e-06,2.946396e-05,2.365128e-05,1.186794e-05,8.724373e-06,5.288112e-07,3.315466e-07,2.180184e-08,1.181036e-08,1.514443e-05,1.186722e-05,3.090941e-05,2.493655e-05,1.083600e-05,8.163485e-06,6.072220e-10,2.495285e-10,3.679699e-05,3.079362e-05,1.089850e-05,1.893128e-05,1.482773e-05
6.780000e+02,1.862698e-05,1.457184e-05,1.229723e-05,8.730899e-06,1.657880e-05,1.264368e-05,2.037082e-05,1.623781e-05,2.351530e-05,1.929465e-05,8.011823e-06,5.984581e-06,2.917826e-05,2.340574e-05,1.171223e-05,8.600016e-06,5.181051e-07,3.244078e-07,2.119589e-08,1.146605e-08,1.497956e-05,1.172843e-05,3.061477e-05,2.467918e-05,1.070338e-05,8.054394e-06,5.803292e-10,2.376490e-10,3.649237e-05,3.052732e-05,1.075948e-05,1.872804e-05,1.465681e-05
6.785000e+02,1.842621e-05,1.440311e-05,1.212399e-05,8.592015e-06,1.638570e-05,1.248327e-05,2.016432e-05,1.606286e-05,2.330018e-05,1.911032e-05,7.909665e-06,5.902112e-06,2.889461e-05,2.316206e-05,1.155806e-05,8.476996e-06,5.075865e-07,3.174016e-07,2.060528e-08,1.113088e-08,1.481609e-05,1.159089e-05,3.032211e-05,2.442363e-05,1.057199e-05,7.946374e-06,5.544887e-10,2.262715e-10,3.618977e-05,3.026287e-05,1.062176e-05,1.852645e-05,1.448735e-05
6.790000e+02,1.822708e-05,1.423584e-05,1.195242e-05,8.454611e-06,1.619424e-05,1.232433e-05,1.995945e-05,1.588936e-05,2.308667e-05,1.892744e-05,7.808513e-06,5.820505e-06,2.861300e-05,2.292024e-05,1.140542e-05,8.355301e-06,4.972526e-07,3.105261e-07,2.002966e-08,1.080463e-08,1.465402e-05,1.145460e-05,3.003141e-05,2.416990e-05,1.044179e-05,7.839417e-06,5.296643e-10,2.153773e-10,3.588919e-05,3.000024e-05,1.048531e-05,1.832650e-05,1.431935e-05
6.795000e+02,1.802957e-05,1.407002e-05,1.178250e-05,8.318676e-06,1.600441e-05,1.216683e-05,1.975619e-05,1.571730e-05,2.287478e-05,1.874599e-05,7.708361e-06,5.739754e-06,2.833343e-05,2.268028e-05,1.125430e-05,8.234921e-06,4.871007e-07,3.037790e-07,1.946869e-08,1.048708e-08,1.449333e-05,1.131953e-05,2.974265e-05,2.391797e-05,1.031280e-05,7.733514e-06,5.058211e-10,2.049484e-10,3.559062e-05,2.973944e-05,1.035013e-05,1.812818e-05,1.415281e-05
6.800000e+02,1.783367e-05,1.390563e-05,1.161422e-05,8.184202e-06,1.581621e-05,1.201078e-05,1.955454e-05,1.554667e-05,2.266448e-05,1.856596e-05,7.609199e-06,5.659851e-06,2.805589e-05,2.244215e-05,1.110469e-05,8.115848e-06,4.771278e-07,2.971584e-07,1.892203e-08,1.017802e-08,1.433403e-05,1.118570e-05,2.945584e-05,2.366785e-05,1.018498e-05,7.628658e-06,4.829250e-10,1.949673e-10,3.529404e-05,2.948046e-05,1.021621e-05,1.793148e-05,1.398770e-05
6.805000e+02,1.763938e-05,1.374267e-05,1.144757e-05,8.051179e-06,1.562961e-05,1.185616e-05,1.935449e-05,1.537746e-05,2.245577e-05,1.838734e-05,7.511020e-06,5.580789e-06,2.778036e-05,2.220586e-05,1.095658e-05,7.998070e-06,4.673315e-07,2.906622e-07,1.838934e-08,9.877248e-09,1.417609e-05,1.105308e-05,2.917096e-05,2.341953e-05,1.005835e-05,7.524841e-06,4.609431e-10,1.854172e-10,3.499945e-05,2.922327e-05,1.008355e-05,1.773639e-05,1.382403e-05
6.810000e+02,1.744668e-05,1.358112e-05,1.128254e-05,7.919599e-06,1.544462e-05,1.170297e-05,1.915603e-05,1.520966e-05,2.224863e-05,1.821013e-05,7.413817e-06,5.502563e-06,2.750683e-05,2.197139e-05,1.080996e-05,7.881579e-06,4.577089e-07,2.842885e-07,1.787031e-08,9.584560e-09,1.401951e-05,1.092166e-05,2.888800e-05,2.317298e-05,9.932891e-06,7.422056e-06,4.398433e-10,1.762817e-10,3.470683e-05,2.896788e-05,9.952130e-06,1.754289e-05,1.366177e-05
6.815000e+02,1.725557e-05,1.342099e-05,1.111913e-05,7.789452e-06,1.526122e-05,1.155119e-05,1.895914e-05,1.504327e-05,2.204307e-05,1.803431e-05,7.317582e-06,5.425164e-06,2.723530e-05,2.173873e-05,1.066482e-05,7.766364e-06,4.482575e-07,2.780353e-07,1.736461e-08,9.299760e-09,1.386428e-05,1.079144e-05,2.860695e-05,2.292821e-05,9.808591e-06,7.320293e-06,4.195948e-10,1.675451e-10,3.441618e-05,2.871428e-05,9.821946e-06,1.735099e-05,1.350094e-05
6.820000e+02,1.706603e-05,1.326225e-05,1.095731e-05,7.660728e-06,1.507940e-05,1.140082e-05,1.876383e-05,1.487827e-05,2.183907e-05,1.785988e-05,7.222308e-06,5.348587e-06,2.696574e-05,2.150786e-05,1.052114e-05,7.652415e-06,4.389747e-07,2.719006e-07,1.687193e-08,9.022653e-09,1.371038e-05,1.066241e-05,2.832781e-05,2.268521e-05,9.685443e-06,7.219546e-06,4.001674e-10,1.591920e-10,3.412747e-05,2.846245e-05,9.692991e-06,1.716066e-05,1.334150e-05
6.825000e+02,1.687805e-05,1.310491e-05,1.079709e-05,7.533419e-06,1.489916e-05,1.125185e-05,1.857007e-05,1.471465e-05,2.163661e-05,1.768682e-05,7.127987e-06,5.272825e-06,2.669817e-05,2.127879e-05,1.037893e-05,7.539724e-06,4.298578e-07,2.658825e-07,1.639197e-08,8.753053e-09,1.355781e-05,1.053456e-05,2.805057e-05,2.244397e-05,9.563440e-06,7.119808e-06,3.815321e-10,1.512078e-10,3.384072e-05,2.821239e-05,9.565255e-06,1.697191e-05,1.318346e-05
6.830000e+02,1.669164e-05,1.294894e-05,1.063845e-05,7.407516e-06,1.472048e-05,1.110427e-05,1.837786e-05,1.455242e-05,2.143570e-05,1.751514e-05,7.034611e-06,5.197872e-06,2.643255e-05,2.105151e-05,1.023816e-05,7.428281e-06,4.209043e-07,2.599791e-07,1.592444e-08,8.490775e-09,1.340656e-05,1.040788e-05,2.777521e-05,2.220448e-05,9.442574e-06,7.021069e-06,3.636606e-10,1.435782e-10,3.355589e-05,2.796408e-05,9.438731e-06,1.678471e-05,1.302681e-05
6.835000e+02,1.650676e-05,1.279436e-05,1.048139e-05,7.283010e-06,1.454335e-05,1.095806e-05,1.818720e-05,1.439155e-05,2.123631e-05,1.734481e-05,6.942174e-06,5.123719e-06,2.616888e-05,2.082599e-05,1.009883e-05,7.318075e-06,4.121118e-07,2.541887e-07,1.546903e-08,8.235639e-09,1.325662e-05,1.028236e-05,2.750174e-05,2.196674e-05,9.322836e-06,6.923324e-06,3.465256e-10,1.362894e-10,3.327299e-05,2.771752e-05,9.313410e-06,1.659907e-05,1.287153e-05
6.840000e+02,1.632343e-05,1.264113e-05,1.032588e-05,7.159891e-06,1.436777e-05,1.081323e-05,1.799806e-05,1.423204e-05,2.103845e-05,1.717583e-05,6.850668e-06,5.050363e-06,2.590716e-05,2.060223e-05,9.960926e-06,7.209098e-06,4.034778e-07,2.485092e-07,1.502547e-08,7.987469e-09,1.310798e-05,1.015800e-05,2.723013e-05,2.173072e-05,9.204218e-06,6.826565e-06,3.301007e-10,1.293280e-10,3.299200e-05,2.747269e-05,9.189284e-06,1.641497e-05,1.271763e-05
6.845000e+02,1.614162e-05,1.248926e-05,1.017193e-05,7.038152e-06,1.419372e-05,1.066976e-05,1.781045e-05,1.407388e-05,2.084210e-05,1.700820e-05,6.760085e-06,4.977795e-06,2.564737e-05,2.038023e-05,9.824440e-06,7.101340e-06,3.949998e-07,2.429390e-07,1.459347e-08,7.746091e-09,1.296062e-05,1.003477e-05,2.696038e-05,2.149643e-05,9.086712e-06,6.730783e-06,3.143600e-10,1.226812e-10,3.271292e-05,2.722959e-05,9.066346e-06,1.623240e-05,1.256508e-05
6.850000e+02,1.596133e-05,1.233874e-05,1.001952e-05,6.917782e-06,1.402119e-05,1.052764e-05,1.762434e-05,1.391706e-05,2.064726e-05,1.684190e-05,6.670419e-06,4.906009e-06,2.538949e-05,2.015997e-05,9.689359e-06,6.994792e-06,3.866754e-07,2.374762e-07,1.417276e-08,7.511339e-09,1.281455e-05,9.912688e-06,2.669249e-05,2.126386e-05,8.970309e-06,6.635972e-06,2.992789e-10,1.163365e-10,3.243573e-05,2.698821e-05,8.944587e-06,1.605135e-05,1.241389e-05
6.855000e+02,1.578255e-05,1.218956e-05,9.868651e-06,6.798773e-06,1.385019e-05,1.038687e-05,1.743974e-05,1.376158e-05,2.045390e-05,1.667692e-05,6.581662e-06,4.834999e-06,2.513353e-05,1.994144e-05,9.555676e-06,6.889444e-06,3.785023e-07,2.321191e-07,1.376307e-08,7.283047e-09,1.266974e-05,9.791728e-06,2.642644e-05,2.103300e-05,8.855003e-06,6.542125e-06,2.848332e-10,1.102820e-10,3.216042e-05,2.674853e-05,8.823999e-06,1.587181e-05,1.226404e-05
6.860000e+02,1.560526e-05,1.204170e-05,9.719303e-06,6.681117e-06,1.368069e-05,1.024744e-05,1.725663e-05,1.360742e-05,2.026203e-05,1.651327e-05,6.493808e-06,4.764759e-06,2.487948e-05,1.972464e-05,9.423379e-06,6.785287e-06,3.704781e-07,2.268660e-07,1.336415e-08,7.061055e-09,1.252620e-05,9.671886e-06,2.616223e-05,2.080385e-05,8.740785e-06,6.449234e-06,2.709996e-10,1.045061e-10,3.188699e-05,2.651056e-05,8.704575e-06,1.569378e-05,1.211552e-05
6.865000e+02,1.542947e-05,1.189517e-05,9.571469e-06,6.564805e-06,1.351268e-05,1.010933e-05,1.707501e-05,1.345457e-05,2.007164e-05,1.635092e-05,6.406848e-06,4.695283e-06,2.462731e-05,1.950955e-05,9.292459e-06,6.682312e-06,3.626004e-07,2.217150e-07,1.297574e-08,6.845205e-09,1.238390e-05,9.553155e-06,2.589984e-05,2.057638e-05,8.627646e-06,6.357293e-06,2.577556e-10,9.899753e-11,3.161541e-05,2.627427e-05,8.586306e-06,1.551724e-05,1.196833e-05
6.870000e+02,1.525516e-05,1.174995e-05,9.425142e-06,6.449827e-06,1.334616e-05,9.972541e-06,1.689486e-05,1.330304e-05,1.988271e-05,1.618986e-05,6.320777e-06,4.626563e-06,2.437702e-05,1.929616e-05,9.162906e-06,6.580509e-06,3.548670e-07,2.166646e-07,1.259757e-08,6.635343e-09,1.224285e-05,9.435525e-06,2.563927e-05,2.035060e-05,8.515581e-06,6.266293e-06,2.450792e-10,9.374552e-11,3.134570e-05,2.603966e-05,8.469185e-06,1.534219e-05,1.182245e-05
6.875000e+02,1.508232e-05,1.160603e-05,9.280311e-06,6.336176e-06,1.318113e-05,9.837062e-06,1.671618e-05,1.315280e-05,1.969524e-05,1.603011e-05,6.235586e-06,4.558595e-06,2.412860e-05,1.908447e-05,9.034709e-06,6.479869e-06,3.472757e-07,2.117131e-07,1.222942e-08,6.431320e-09,1.210304e-05,9.318989e-06,2.538052e-05,2.012650e-05,8.404580e-06,6.176229e-06,2.329494e-10,8.873964e-11,3.107782e-05,2.580672e-05,8.353204e-06,1.516861e-05,1.167788e-05
6.880000e+02,1.491094e-05,1.146341e-05,9.136967e-06,6.223843e-06,1.301756e-05,9.702886e-06,1.653895e-05,1.300385e-05,1.950921e-05,1.587163e-05,6.151269e-06,4.491372e-06,2.388205e-05,1.887446e-05,8.907859e-06,6.380384e-06,3.398242e-07,2.068588e-07,1.187104e-08,6.232988e-09,1.196444e-05,9.203537e-06,2.512356e-05,1.990407e-05,8.294635e-06,6.087092e-06,2.213457e-10,8.396983e-11,3.081178e-05,2.557544e-05,8.238355e-06,1.499650e-05,1.153461e-05
6.885000e+02,1.474101e-05,1.132208e-05,8.995100e-06,6.112818e-06,1.285545e-05,9.570003e-06,1.636317e-05,1.285619e-05,1.932463e-05,1.571443e-05,6.067820e-06,4.424887e-06,2.363734e-05,1.866613e-05,8.782347e-06,6.282043e-06,3.325104e-07,2.021001e-07,1.152219e-08,6.040203e-09,1.182706e-05,9.089163e-06,2.486840e-05,1.968329e-05,8.185741e-06,5.998877e-06,2.102482e-10,7.942637e-11,3.054757e-05,2.534582e-05,8.124631e-06,1.482585e-05,1.139264e-05
6.890000e+02,1.457252e-05,1.118202e-05,8.854703e-06,6.003095e-06,1.269479e-05,9.438405e-06,1.618883e-05,1.270980e-05,1.914147e-05,1.555849e-05,5.985230e-06,4.359135e-06,2.339448e-05,1.845947e-05,8.658161e-06,6.184839e-06,3.253320e-07,1.974354e-07,1.118265e-08,5.852826e-09,1.169089e-05,8.975857e-06,2.461502e-05,1.946418e-05,8.077888e-06,5.911576e-06,1.996379e-10,7.509992e-11,3.028517e-05,2.511783e-05,8.012023e-06,1.465664e-05,1.125194e-05
6.895000e+02,1.440548e-05,1.104324e-05,8.715764e-06,5.894663e-06,1.253557e-05,9.308084e-06,1.601592e-05,1.256467e-05,1.895973e-05,1.540381e-05,5.903494e-06,4.294109e-06,2.315345e-05,1.825446e-05,8.535293e-06,6.088762e-06,3.182869e-07,1.928631e-07,1.085219e-08,5.670719e-09,1.155592e-05,8.863612e-06,2.436341e-05,1.924670e-05,7.971069e-06,5.825182e-06,1.894961e-10,7.098143e-11,3.002457e-05,2.489149e-05,7.900525e-06,1.448888e-05,1.111252e-05
6.900000e+02,1.423985e-05,1.090572e-05,8.578276e-06,5.787515e-06,1.237779e-05,9.179031e-06,1.584443e-05,1.242081e-05,1.877941e-05,1.525038e-05,5.822605e-06,4.229804e-06,2.291424e-05,1.805111e-05,8.413734e-06,5.993802e-06,3.113731e-07,1.883817e-07,1.053059e-08,5.493749e-09,1.142213e-05,8.752420e-06,2.411358e-05,1.903087e-05,7.865278e-06,5.739689e-06,1.798050e-10,6.706220e-11,2.976577e-05,2.466676e-05,7.790128e-06,1.432254e-05,1.097437e-05
6.905000e+02,1.407565e-05,1.076945e-05,8.442229e-06,5.681642e-06,1.222143e-05,9.051238e-06,1.567435e-05,1.227819e-05,1.860049e-05,1.509820e-05,5.742555e-06,4.166214e-06,2.267684e-05,1.784939e-05,8.293472e-06,5.899952e-06,3.045883e-07,1.839897e-07,1.021763e-08,5.321784e-09,1.128953e-05,8.642273e-06,2.386550e-05,1.881666e-05,7.760505e-06,5.655090e-06,1.705472e-10,6.333383e-11,2.950875e-05,2.444365e-05,7.680826e-06,1.415763e-05,1.083748e-05
6.910000e+02,1.391285e-05,1.063442e-05,8.307614e-06,5.577037e-06,1.206648e-05,8.924696e-06,1.550567e-05,1.213681e-05,1.842296e-05,1.494724e-05,5.663339e-06,4.103333e-06,2.244125e-05,1.764930e-05,8.174499e-06,5.807202e-06,2.979307e-07,1.796855e-07,9.913113e-09,5.154696e-09,1.115810e-05,8.533164e-06,2.361918e-05,1.860408e-05,7.656745e-06,5.571378e-06,1.617060e-10,5.978824e-11,2.925351e-05,2.422214e-05,7.572610e-06,1.399413e-05,1.070183e-05
6.915000e+02,1.375145e-05,1.050064e-05,8.174421e-06,5.473689e-06,1.191295e-05,8.799399e-06,1.533839e-05,1.199666e-05,1.824682e-05,1.479751e-05,5.584949e-06,4.041154e-06,2.220745e-05,1.745083e-05,8.056805e-06,5.715543e-06,2.913981e-07,1.754677e-07,9.616823e-09,4.992362e-09,1.102783e-05,8.425083e-06,2.337460e-05,1.839311e-05,7.553990e-06,5.488546e-06,1.532651e-10,5.641763e-11,2.900004e-05,2.400224e-05,7.465473e-06,1.383203e-05,1.056743e-05
6.920000e+02,1.359144e-05,1.036808e-05,8.042643e-06,5.371593e-06,1.176080e-05,8.675336e-06,1.517249e-05,1.185774e-05,1.807206e-05,1.464900e-05,5.507379e-06,3.979673e-06,2.197543e-05,1.725397e-05,7.940381e-06,5.624967e-06,2.849886e-07,1.713347e-07,9.328561e-09,4.834658e-09,1.089871e-05,8.318024e-06,2.313175e-05,1.818375e-05,7.452233e-06,5.406589e-06,1.452089e-10,5.321449e-11,2.874832e-05,2.378392e-05,7.359407e-06,1.367133e-05,1.043426e-05
6.925000e+02,1.343281e-05,1.023675e-05,7.912270e-06,5.270738e-06,1.161005e-05,8.552501e-06,1.500797e-05,1.172004e-05,1.789866e-05,1.450170e-05,5.430622e-06,3.918883e-06,2.174518e-05,1.705872e-05,7.825216e-06,5.535465e-06,2.787001e-07,1.672852e-07,9.048131e-09,4.681465e-09,1.077074e-05,8.211979e-06,2.289063e-05,1.797599e-05,7.351466e-06,5.325499e-06,1.375223e-10,5.017158e-11,2.849836e-05,2.356717e-05,7.254406e-06,1.351201e-05,1.030231e-05
6.930000e+02,1.327556e-05,1.010662e-05,7.783293e-06,5.171117e-06,1.146068e-05,8.430885e-06,1.484481e-05,1.158355e-05,1.772662e-05,1.435560e-05,5.354672e-06,3.858779e-06,2.151670e-05,1.686506e-05,7.711303e-06,5.447028e-06,2.725308e-07,1.633177e-07,8.775340e-09,4.532667e-09,1.064391e-05,8.106941e-06,2.265123e-05,1.776982e-05,7.251682e-06,5.245270e-06,1.301905e-10,4.728195e-11,2.825012e-05,2.335200e-05,7.150462e-06,1.335407e-05,1.017158e-05
6.935000e+02,1.311967e-05,9.977707e-06,7.655703e-06,5.072722e-06,1.131267e-05,8.310480e-06,1.468302e-05,1.144825e-05,1.755593e-05,1.421069e-05,5.279523e-06,3.799354e-06,2.128997e-05,1.667298e-05,7.598630e-06,5.359647e-06,2.664787e-07,1.594309e-07,8.510001e-09,4.388151e-09,1.051821e-05,8.002901e-06,2.241354e-05,1.756523e-05,7.152875e-06,5.165895e-06,1.231996e-10,4.453888e-11,2.800362e-05,2.313839e-05,7.047568e-06,1.319750e-05,1.004206e-05
6.940000e+02,1.296513e-05,9.849987e-06,7.529492e-06,4.975545e-06,1.116603e-05,8.191278e-06,1.452257e-05,1.131415e-05,1.738659e-05,1.406697e-05,5.205167e-06,3.740604e-06,2.106498e-05,1.648248e-05,7.487190e-06,5.273314e-06,2.605420e-07,1.556232e-07,8.251929e-09,4.247804e-09,1.039363e-05,7.899853e-06,2.217755e-05,1.736221e-05,7.055037e-06,5.087369e-06,1.165357e-10,4.193591e-11,2.775884e-05,2.292634e-05,6.945716e-06,1.304229e-05,9.913746e-06
6.945000e+02,1.281195e-05,9.723457e-06,7.404651e-06,4.879577e-06,1.102074e-05,8.073272e-06,1.436347e-05,1.118123e-05,1.721857e-05,1.392442e-05,5.131599e-06,3.682522e-06,2.084173e-05,1.629354e-05,7.376972e-06,5.188021e-06,2.547187e-07,1.518934e-07,8.000945e-09,4.111519e-09,1.027016e-05,7.797789e-06,2.194326e-05,1.716077e-05,6.958162e-06,5.009685e-06,1.101859e-10,3.946685e-11,2.751576e-05,2.271582e-05,6.844899e-06,1.288843e-05,9.786622e-06
6.950000e+02,1.266010e-05,9.598108e-06,7.281170e-06,4.784811e-06,1.087680e-05,7.956452e-06,1.420569e-05,1.104949e-05,1.705189e-05,1.378305e-05,5.058812e-06,3.625104e-06,2.062021e-05,1.610616e-05,7.267968e-06,5.103758e-06,2.490071e-07,1.482401e-07,7.756872e-09,3.979189e-09,1.014780e-05,7.696701e-06,2.171065e-05,1.696089e-05,6.862242e-06,4.932836e-06,1.041372e-10,3.712571e-11,2.727439e-05,2.250684e-05,6.745110e-06,1.273591e-05,9.660683e-06
6.955000e+02,1.250957e-05,9.473932e-06,7.159042e-06,4.691238e-06,1.073419e-05,7.840812e-06,1.404925e-05,1.091892e-05,1.688652e-05,1.364283e-05,4.986799e-06,3.568342e-06,2.040040e-05,1.592033e-05,7.160168e-06,5.020518e-06,2.434052e-07,1.446620e-07,7.519539e-09,3.850712e-09,1.002654e-05,7.596583e-06,2.147972e-05,1.676256e-05,6.767270e-06,4.856817e-06,9.837754e-11,3.490674e-11,2.703471e-05,2.229939e-05,6.646343e-06,1.258472e-05,9.535921e-06
6.960000e+02,1.236037e-05,9.350922e-06,7.038257e-06,4.598851e-06,1.059291e-05,7.726343e-06,1.389412e-05,1.078951e-05,1.672245e-05,1.350377e-05,4.915556e-06,3.512233e-06,2.018230e-05,1.573604e-05,7.053563e-06,4.938291e-06,2.379114e-07,1.411578e-07,7.288778e-09,3.725985e-09,9.906367e-06,7.497427e-06,2.125046e-05,1.656578e-05,6.673240e-06,4.781621e-06,9.289492e-11,3.280441e-11,2.679671e-05,2.209345e-05,6.548588e-06,1.243486e-05,9.412329e-06
6.965000e+02,1.221249e-05,9.229070e-06,6.918808e-06,4.507642e-06,1.045295e-05,7.613038e-06,1.374029e-05,1.066125e-05,1.655969e-05,1.336586e-05,4.845074e-06,3.456770e-06,1.996589e-05,1.555328e-05,6.948144e-06,4.857070e-06,2.325238e-07,1.377262e-07,7.064425e-09,3.604911e-09,9.787274e-06,7.399225e-06,2.102287e-05,1.637053e-05,6.580146e-06,4.707241e-06,8.767792e-11,3.081341e-11,2.656038e-05,2.188902e-05,6.451841e-06,1.228632e-05,9.289899e-06
6.970000e+02,1.206590e-05,9.108369e-06,6.800685e-06,4.417603e-06,1.031430e-05,7.500889e-06,1.358777e-05,1.053414e-05,1.639822e-05,1.322909e-05,4.775349e-06,3.401949e-06,1.975118e-05,1.537205e-05,6.843902e-06,4.776846e-06,2.272408e-07,1.343659e-07,6.846318e-09,3.487393e-09,9.669256e-06,7.301972e-06,2.079693e-05,1.617682e-05,6.487979e-06,4.633673e-06,8.271552e-11,2.892864e-11,2.632572e-05,2.168610e-05,6.356093e-06,1.213909e-05,9.168622e-06
6.975000e+02,1.192062e-05,8.988809e-06,6.683880e-06,4.328726e-06,1.017695e-05,7.389888e-06,1.343654e-05,1.040817e-05,1.623803e-05,1.309345e-05,4.706374e-06,3.347763e-06,1.953814e-05,1.519232e-05,6.740827e-06,4.697610e-06,2.220605e-07,1.310758e-07,6.634301e-09,3.373337e-09,9.552304e-06,7.205659e-06,2.057263e-05,1.598463e-05,6.396734e-06,4.560910e-06,7.799705e-11,2.714518e-11,2.609271e-05,2.148466e-05,6.261338e-06,1.199315e-05,9.048493e-06
6.980000e+02,1.177662e-05,8.870385e-06,6.568385e-06,4.241003e-06,1.004090e-05,7.280028e-06,1.328658e-05,1.028333e-05,1.607911e-05,1.295893e-05,4.638143e-06,3.294207e-06,1.932678e-05,1.501410e-05,6.638911e-06,4.619355e-06,2.169813e-07,1.278544e-07,6.428221e-09,3.262651e-09,9.436410e-06,7.110281e-06,2.034998e-05,1.579395e-05,6.306404e-06,4.488946e-06,7.351223e-11,2.545832e-11,2.586134e-05,2.128471e-05,6.167569e-06,1.184851e-05,8.929501e-06
6.985000e+02,1.163390e-05,8.753088e-06,6.454190e-06,4.154427e-06,9.906132e-06,7.171300e-06,1.313791e-05,1.015961e-05,1.592147e-05,1.282552e-05,4.570649e-06,3.241276e-06,1.911707e-05,1.483738e-05,6.538146e-06,4.542072e-06,2.120016e-07,1.247007e-07,6.227927e-09,3.155246e-09,9.321567e-06,7.015829e-06,2.012895e-05,1.560479e-05,6.216983e-06,4.417774e-06,6.925117e-11,2.386353e-11,2.563162e-05,2.108623e-05,6.074778e-06,1.170515e-05,8.811641e-06
6.990000e+02,1.149245e-05,8.636911e-06,6.341288e-06,4.068990e-06,9.772640e-06,7.063698e-06,1.299050e-05,1.003700e-05,1.576508e-05,1.269323e-05,4.503888e-06,3.188966e-06,1.890901e-05,1.466214e-05,6.438521e-06,4.465753e-06,2.071196e-07,1.216134e-07,6.033274e-09,3.051033e-09,9.207767e-06,6.922296e-06,1.990955e-05,1.541713e-05,6.128464e-06,4.347390e-06,6.520431e-11,2.235646e-11,2.540352e-05,2.088921e-05,5.982960e-06,1.156306e-05,8.694905e-06
6.995000e+02,1.135226e-05,8.521846e-06,6.229671e-06,3.984683e-06,9.640418e-06,6.957213e-06,1.284434e-05,9.915507e-06,1.560994e-05,1.256204e-05,4.437852e-06,3.137269e-06,1.870260e-05,1.448839e-05,6.340028e-06,4.390390e-06,2.023338e-07,1.185914e-07,5.844118e-09,2.949928e-09,9.095003e-06,6.829677e-06,1.969177e-05,1.523096e-05,6.040840e-06,4.277786e-06,6.136245e-11,2.093295e-11,2.517703e-05,2.069366e-05,5.892106e-06,1.142225e-05,8.579284e-06
7.000000e+02,1.121333e-05,8.407885e-06,6.119329e-06,3.901501e-06,9.509456e-06,6.851838e-06,1.269944e-05,9.795112e-06,1.545604e-05,1.243194e-05,4.372536e-06,3.086182e-06,1.849782e-05,1.431610e-05,6.242659e-06,4.315975e-06,1.976425e-07,1.156335e-07,5.660318e-09,2.851848e-09,8.983267e-06,6.737965e-06,1.947559e-05,1.504628e-05,5.954104e-06,4.208958e-06,5.771670e-11,1.958897e-11,2.495216e-05,2.049955e-05,5.802211e-06,1.128269e-05,8.464772e-06
7.005000e+02,1.107564e-05,8.295022e-06,6.010256e-06,3.819434e-06,9.379747e-06,6.747566e-06,1.255578e-05,9.675809e-06,1.530338e-05,1.230293e-05,4.307934e-06,3.035699e-06,1.829466e-05,1.414527e-05,6.146403e-06,4.242499e-06,1.930443e-07,1.127385e-07,5.481739e-09,2.756710e-09,8.872553e-06,6.647151e-06,1.926101e-05,1.486308e-05,5.868252e-06,4.140899e-06,5.425853e-11,1.832071e-11,2.472889e-05,2.030688e-05,5.713268e-06,1.114438e-05,8.351361e-06
7.010000e+02,1.093919e-05,8.183249e-06,5.902441e-06,3.738476e-06,9.251282e-06,6.644390e-06,1.241335e-05,9.557593e-06,1.515194e-05,1.217499e-05,4.244041e-06,2.985815e-06,1.809312e-05,1.397590e-05,6.051254e-06,4.169955e-06,1.885374e-07,1.099054e-07,5.308247e-09,2.664436e-09,8.762852e-06,6.557231e-06,1.904803e-05,1.468135e-05,5.783276e-06,4.073605e-06,5.097971e-11,1.712446e-11,2.450721e-05,2.011565e-05,5.625269e-06,1.100731e-05,8.239043e-06
7.015000e+02,1.080397e-05,8.072558e-06,5.795878e-06,3.658619e-06,9.124054e-06,6.542301e-06,1.227215e-05,9.440455e-06,1.500172e-05,1.204813e-05,4.180849e-06,2.936525e-06,1.789319e-05,1.380797e-05,5.957202e-06,4.098335e-06,1.841204e-07,1.071329e-07,5.139712e-09,2.574948e-09,8.654157e-06,6.468197e-06,1.883663e-05,1.450108e-05,5.699169e-06,4.007068e-06,4.787230e-11,1.599670e-11,2.428711e-05,1.992584e-05,5.538209e-06,1.087148e-05,8.127812e-06
7.020000e+02,1.066998e-05,7.962942e-06,5.690559e-06,3.579856e-06,8.998053e-06,6.441292e-06,1.213217e-05,9.324387e-06,1.485271e-05,1.192233e-05,4.118354e-06,2.887824e-06,1.769485e-05,1.364148e-05,5.864238e-06,4.027630e-06,1.797917e-07,1.044202e-07,4.976005e-09,2.488170e-09,8.546461e-06,6.380043e-06,1.862681e-05,1.432228e-05,5.615927e-06,3.941283e-06,4.492867e-11,1.493405e-11,2.406858e-05,1.973744e-05,5.452080e-06,1.073687e-05,8.017659e-06
7.025000e+02,1.053720e-05,7.854394e-06,5.586474e-06,3.502178e-06,8.873273e-06,6.341357e-06,1.199339e-05,9.209384e-06,1.470491e-05,1.179759e-05,4.056551e-06,2.839706e-06,1.749810e-05,1.347642e-05,5.772354e-06,3.957833e-06,1.755500e-07,1.017659e-07,4.817002e-09,2.404029e-09,8.439757e-06,6.292761e-06,1.841855e-05,1.414493e-05,5.533542e-06,3.876245e-06,4.214147e-11,1.393326e-11,2.385162e-05,1.955045e-05,5.366876e-06,1.060349e-05,7.908578e-06
7.030000e+02,1.040562e-05,7.746907e-06,5.483616e-06,3.425580e-06,8.749706e-06,6.242488e-06,1.185582e-05,9.095437e-06,1.455830e-05,1.167391e-05,3.995432e-06,2.792168e-06,1.730293e-05,1.331278e-05,5.681541e-06,3.888936e-06,1.713936e-07,9.916916e-08,4.662582e-09,2.322454e-09,8.334039e-06,6.206347e-06,1.821186e-05,1.396902e-05,5.452008e-06,3.811949e-06,3.950364e-11,1.299122e-11,2.363622e-05,1.936486e-05,5.282591e-06,1.047131e-05,7.800561e-06
7.035000e+02,1.027525e-05,7.640473e-06,5.381977e-06,3.350053e-06,8.627342e-06,6.144677e-06,1.171944e-05,8.982540e-06,1.441287e-05,1.155126e-05,3.934992e-06,2.745203e-06,1.710933e-05,1.315055e-05,5.591791e-06,3.820931e-06,1.673212e-07,9.662885e-08,4.512626e-09,2.243372e-09,8.229298e-06,6.120792e-06,1.800673e-05,1.379455e-05,5.371319e-06,3.748388e-06,3.700837e-11,1.210496e-11,2.342236e-05,1.918066e-05,5.199217e-06,1.034033e-05,7.693601e-06
7.040000e+02,1.014606e-05,7.535086e-06,5.281549e-06,3.275590e-06,8.506175e-06,6.047917e-06,1.158424e-05,8.870685e-06,1.426863e-05,1.142965e-05,3.875227e-06,2.698808e-06,1.691729e-05,1.298972e-05,5.503095e-06,3.753811e-06,1.633313e-07,9.414396e-08,4.367018e-09,2.166717e-09,8.125528e-06,6.036092e-06,1.780314e-05,1.362151e-05,5.291469e-06,3.685557e-06,3.464912e-11,1.127163e-11,2.321004e-05,1.899785e-05,5.116749e-06,1.021055e-05,7.587691e-06
7.045000e+02,1.001806e-05,7.430737e-06,5.182324e-06,3.202183e-06,8.386197e-06,5.952202e-06,1.145023e-05,8.759864e-06,1.412555e-05,1.130907e-05,3.816130e-06,2.652976e-06,1.672680e-05,1.283028e-05,5.415445e-06,3.687567e-06,1.594225e-07,9.171346e-08,4.225644e-09,2.092421e-09,8.022722e-06,5.952239e-06,1.760110e-05,1.344990e-05,5.212453e-06,3.623451e-06,3.241960e-11,1.048851e-11,2.299926e-05,1.881640e-05,5.035180e-06,1.008196e-05,7.482824e-06
7.050000e+02,9.891229e-06,7.327420e-06,5.084294e-06,3.129827e-06,8.267399e-06,5.857524e-06,1.131738e-05,8.650072e-06,1.398364e-05,1.118951e-05,3.757695e-06,2.607704e-06,1.653786e-05,1.267224e-05,5.328832e-06,3.622192e-06,1.555935e-07,8.933637e-08,4.088394e-09,2.020420e-09,7.920873e-06,5.869228e-06,1.740058e-05,1.327970e-05,5.134263e-06,3.562064e-06,3.031376e-11,9.752999e-12,2.278999e-05,1.863633e-05,4.954504e-06,9.954544e-06,7.378992e-06
7.055000e+02,9.765568e-06,7.225129e-06,4.987451e-06,3.058513e-06,8.149775e-06,5.763875e-06,1.118570e-05,8.541301e-06,1.384288e-05,1.107096e-05,3.699918e-06,2.562986e-06,1.635046e-05,1.251557e-05,5.243248e-06,3.557678e-06,1.518428e-07,8.701171e-08,3.955160e-09,1.950649e-09,7.819974e-06,5.787051e-06,1.720159e-05,1.311091e-05,5.056895e-06,3.501391e-06,2.832579e-11,9.062596e-12,2.258224e-05,1.845761e-05,4.874713e-06,9.828300e-06,7.276188e-06
7.060000e+02,9.641066e-06,7.123855e-06,4.891788e-06,2.988234e-06,8.033315e-06,5.671250e-06,1.105518e-05,8.433544e-06,1.370327e-05,1.095342e-05,3.642792e-06,2.518818e-06,1.616458e-05,1.236027e-05,5.158685e-06,3.494018e-06,1.481691e-07,8.473849e-08,3.825836e-09,1.883048e-09,7.720018e-06,5.705703e-06,1.700412e-05,1.294352e-05,4.980341e-06,3.441426e-06,2.645011e-11,8.414923e-12,2.237599e-05,1.828025e-05,4.795802e-06,9.703219e-06,7.174406e-06
7.065000e+02,9.517717e-06,7.023592e-06,4.797296e-06,2.918983e-06,7.918013e-06,5.579641e-06,1.092580e-05,8.326794e-06,1.356481e-05,1.083689e-05,3.586313e-06,2.475195e-06,1.598021e-05,1.220634e-05,5.075134e-06,3.431203e-06,1.445711e-07,8.251578e-08,3.700319e-09,1.817554e-09,7.621000e-06,5.625178e-06,1.680817e-05,1.277753e-05,4.904597e-06,3.382164e-06,2.468135e-11,7.807705e-12,2.217124e-05,1.810422e-05,4.717765e-06,9.579294e-06,7.073638e-06
7.070000e+02,9.395511e-06,6.924333e-06,4.703968e-06,2.850754e-06,7.803862e-06,5.489040e-06,1.079756e-05,8.221044e-06,1.342747e-05,1.072135e-05,3.530475e-06,2.432113e-06,1.579736e-05,1.205375e-05,4.992587e-06,3.369227e-06,1.410474e-07,8.034263e-08,3.578508e-09,1.754110e-09,7.522911e-06,5.545470e-06,1.661371e-05,1.261293e-05,4.829656e-06,3.323601e-06,2.301435e-11,7.238770e-12,2.196797e-05,1.792953e-05,4.640595e-06,9.456517e-06,6.973878e-06
7.075000e+02,9.274443e-06,6.826071e-06,4.611797e-06,2.783538e-06,7.690852e-06,5.399441e-06,1.067045e-05,8.116287e-06,1.329126e-05,1.060679e-05,3.475272e-06,2.389565e-06,1.561601e-05,1.190252e-05,4.911036e-06,3.308082e-06,1.375968e-07,7.821811e-08,3.460306e-09,1.692658e-09,7.425746e-06,5.466573e-06,1.642075e-05,1.244972e-05,4.755512e-06,3.265730e-06,2.144418e-11,6.706041e-12,2.176619e-05,1.775617e-05,4.564286e-06,9.334881e-06,6.875118e-06
7.080000e+02,9.154503e-06,6.728800e-06,4.520773e-06,2.717330e-06,7.578977e-06,5.310838e-06,1.054447e-05,8.012517e-06,1.315617e-05,1.049322e-05,3.420700e-06,2.347549e-06,1.543615e-05,1.175262e-05,4.830473e-06,3.247761e-06,1.342180e-07,7.614133e-08,3.345616e-09,1.633142e-09,7.329498e-06,5.388480e-06,1.622928e-05,1.228788e-05,4.682161e-06,3.208546e-06,1.996610e-11,6.207541e-12,2.156587e-05,1.758413e-05,4.488832e-06,9.214378e-06,6.777352e-06
7.085000e+02,9.035686e-06,6.632511e-06,4.430891e-06,2.652122e-06,7.468229e-06,5.223223e-06,1.041960e-05,7.909727e-06,1.302219e-05,1.038061e-05,3.366752e-06,2.306060e-06,1.525777e-05,1.160406e-05,4.750890e-06,3.188255e-06,1.309097e-07,7.411138e-08,3.234345e-09,1.575507e-09,7.234160e-06,5.311185e-06,1.603929e-05,1.212740e-05,4.609595e-06,3.152045e-06,1.857554e-11,5.741379e-12,2.136702e-05,1.741340e-05,4.414227e-06,9.095000e-06,6.680572e-06
7.090000e+02,8.917982e-06,6.537199e-06,4.342142e-06,2.587907e-06,7.358601e-06,5.136589e-06,1.029585e-05,7.807909e-06,1.288932e-05,1.026898e-05,3.313424e-06,2.265092e-06,1.508087e-05,1.145681e-05,4.672278e-06,3.129559e-06,1.276707e-07,7.212738e-08,3.126401e-09,1.519701e-09,7.139725e-06,5.234684e-06,1.585078e-05,1.196829e-05,4.537810e-06,3.096220e-06,1.726815e-11,5.305755e-12,2.116962e-05,1.724397e-05,4.340464e-06,8.976740e-06,6.584773e-06
7.095000e+02,8.801385e-06,6.442858e-06,4.254518e-06,2.524679e-06,7.250085e-06,5.050929e-06,1.017320e-05,7.707057e-06,1.275753e-05,1.015831e-05,3.260711e-06,2.224641e-06,1.490544e-05,1.131088e-05,4.594630e-06,3.071663e-06,1.244999e-07,7.018846e-08,3.021695e-09,1.465671e-09,7.046189e-06,5.158970e-06,1.566373e-05,1.181054e-05,4.466800e-06,3.041068e-06,1.603973e-11,4.898953e-12,2.097366e-05,1.707583e-05,4.267537e-06,8.859590e-06,6.489946e-06
7.100000e+02,8.685887e-06,6.349479e-06,4.168013e-06,2.462430e-06,7.142674e-06,4.966238e-06,1.005164e-05,7.607165e-06,1.262684e-05,1.004859e-05,3.208607e-06,2.184703e-06,1.473147e-05,1.116626e-05,4.517937e-06,3.014562e-06,1.213959e-07,6.829377e-08,2.920140e-09,1.413366e-09,6.953543e-06,5.084036e-06,1.547815e-05,1.165413e-05,4.396558e-06,2.986583e-06,1.488628e-11,4.519336e-12,2.077915e-05,1.690898e-05,4.195441e-06,8.743543e-06,6.396087e-06
7.105000e+02,8.571482e-06,6.257056e-06,4.082618e-06,2.401154e-06,7.036361e-06,4.882507e-06,9.931168e-06,7.508225e-06,1.249723e-05,9.939813e-06,3.157108e-06,2.145274e-06,1.455894e-05,1.102294e-05,4.442192e-06,2.958247e-06,1.183576e-07,6.644247e-08,2.821651e-09,1.362739e-09,6.861782e-06,5.009878e-06,1.529402e-05,1.149907e-05,4.327080e-06,2.932760e-06,1.380395e-11,4.165348e-12,2.058606e-05,1.674342e-05,4.124170e-06,8.628592e-06,6.303186e-06
7.110000e+02,8.458161e-06,6.165583e-06,3.998327e-06,2.340844e-06,6.931137e-06,4.799731e-06,9.811779e-06,7.410232e-06,1.236869e-05,9.831981e-06,3.106207e-06,2.106348e-06,1.438786e-05,1.088090e-05,4.367387e-06,2.902712e-06,1.153838e-07,6.463373e-08,2.726145e-09,1.313739e-09,6.770899e-06,4.936490e-06,1.511133e-05,1.134535e-05,4.258360e-06,2.879593e-06,1.278906e-11,3.835507e-12,2.039439e-05,1.657912e-05,4.053716e-06,8.514730e-06,6.211239e-06
7.115000e+02,8.345918e-06,6.075054e-06,3.915131e-06,2.281493e-06,6.826996e-06,4.717903e-06,9.693464e-06,7.313178e-06,1.224122e-05,9.725081e-06,3.055901e-06,2.067922e-06,1.421821e-05,1.074015e-05,4.293513e-06,2.847949e-06,1.124734e-07,6.286674e-08,2.633542e-09,1.266321e-09,6.680888e-06,4.863866e-06,1.493009e-05,1.119295e-05,4.190392e-06,2.827079e-06,1.183809e-11,3.528401e-12,2.020414e-05,1.641609e-05,3.984075e-06,8.401948e-06,6.120239e-06
7.120000e+02,8.234744e-06,5.985460e-06,3.833024e-06,2.223095e-06,6.723931e-06,4.637016e-06,9.576214e-06,7.217057e-06,1.211481e-05,9.619110e-06,3.006183e-06,2.029991e-06,1.404998e-05,1.060068e-05,4.220564e-06,2.793951e-06,1.096253e-07,6.114069e-08,2.543762e-09,1.220440e-09,6.591744e-06,4.792000e-06,1.475027e-05,1.104188e-05,4.123172e-06,2.775212e-06,1.094766e-11,3.242690e-12,2.001529e-05,1.625432e-05,3.915241e-06,8.290241e-06,6.030178e-06
7.125000e+02,8.124634e-06,5.896797e-06,3.751998e-06,2.165642e-06,6.621934e-06,4.557063e-06,9.460024e-06,7.121862e-06,1.198945e-05,9.514059e-06,2.957050e-06,1.992551e-06,1.388318e-05,1.046248e-05,4.148530e-06,2.740711e-06,1.068383e-07,5.945479e-08,2.456729e-09,1.176050e-09,6.503459e-06,4.720886e-06,1.457189e-05,1.089212e-05,4.056692e-06,2.723986e-06,1.011455e-11,2.977100e-12,1.982783e-05,1.609380e-05,3.847208e-06,8.179599e-06,5.941050e-06
7.130000e+02,8.015580e-06,5.809058e-06,3.672046e-06,2.109129e-06,6.520997e-06,4.478039e-06,9.344885e-06,7.027588e-06,1.186514e-05,9.409922e-06,2.908496e-06,1.955597e-06,1.371778e-05,1.032553e-05,4.077405e-06,2.688223e-06,1.041114e-07,5.780827e-08,2.372366e-09,1.133108e-09,6.416028e-06,4.650520e-06,1.439492e-05,1.074367e-05,3.990949e-06,2.673399e-06,9.335662e-12,2.730418e-12,1.964177e-05,1.593452e-05,3.779969e-06,8.070018e-06,5.852849e-06
7.135000e+02,7.907574e-06,5.722235e-06,3.593161e-06,2.053549e-06,6.421115e-06,4.399936e-06,9.230791e-06,6.934227e-06,1.174186e-05,9.306694e-06,2.860516e-06,1.919126e-06,1.355378e-05,1.018984e-05,4.007181e-06,2.636478e-06,1.014434e-07,5.620036e-08,2.290601e-09,1.091573e-09,6.329444e-06,4.580896e-06,1.421936e-05,1.059653e-05,3.925937e-06,2.623443e-06,8.608054e-12,2.501495e-12,1.945708e-05,1.577647e-05,3.713519e-06,7.961488e-06,5.765569e-06
7.140000e+02,7.800610e-06,5.636323e-06,3.515335e-06,1.998895e-06,6.322280e-06,4.322749e-06,9.117735e-06,6.841773e-06,1.161962e-05,9.204367e-06,2.813106e-06,1.883133e-06,1.339117e-05,1.005539e-05,3.937850e-06,2.585470e-06,9.883336e-08,5.463031e-08,2.211363e-09,1.051402e-09,6.243702e-06,4.512008e-06,1.404521e-05,1.045069e-05,3.861650e-06,2.574116e-06,7.928905e-12,2.289241e-12,1.927377e-05,1.561965e-05,3.647853e-06,7.854004e-06,5.679202e-06
7.145000e+02,7.694680e-06,5.551316e-06,3.438561e-06,1.945161e-06,6.224484e-06,4.246469e-06,9.005709e-06,6.750220e-06,1.149840e-05,9.102935e-06,2.766259e-06,1.847613e-06,1.322995e-05,9.922181e-06,3.869404e-06,2.535192e-06,9.628013e-08,5.309738e-08,2.134581e-09,1.012557e-09,6.158795e-06,4.443850e-06,1.387246e-05,1.030613e-05,3.798083e-06,2.525411e-06,7.295522e-12,2.092618e-12,1.909182e-05,1.546405e-05,3.582964e-06,7.747558e-06,5.593743e-06
7.150000e+02,7.589779e-06,5.467206e-06,3.362833e-06,1.892339e-06,6.127721e-06,4.171093e-06,8.894707e-06,6.659561e-06,1.137820e-05,9.002393e-06,2.719973e-06,1.812563e-06,1.307011e-05,9.790201e-06,3.801836e-06,2.485638e-06,9.378271e-08,5.160084e-08,2.060188e-09,9.749975e-10,6.074719e-06,4.376418e-06,1.370110e-05,1.016286e-05,3.735231e-06,2.477325e-06,6.705333e-12,1.910648e-12,1.891123e-05,1.530967e-05,3.518846e-06,7.642143e-06,5.509185e-06
7.155000e+02,7.485897e-06,5.383988e-06,3.288142e-06,1.840425e-06,6.031983e-06,4.096612e-06,8.784722e-06,6.569791e-06,1.125901e-05,8.902733e-06,2.674241e-06,1.777979e-06,1.291163e-05,9.659445e-06,3.735139e-06,2.436799e-06,9.134009e-08,5.013998e-08,1.988117e-09,9.386865e-10,5.991466e-06,4.309706e-06,1.353112e-05,1.002087e-05,3.673088e-06,2.429852e-06,6.155885e-12,1.742399e-12,1.873199e-05,1.515648e-05,3.455495e-06,7.537752e-06,5.425521e-06
7.160000e+02,7.383030e-06,5.301655e-06,3.214483e-06,1.789411e-06,5.937264e-06,4.023021e-06,8.675746e-06,6.480902e-06,1.114082e-05,8.803950e-06,2.629060e-06,1.743856e-06,1.275452e-05,9.529903e-06,3.669304e-06,2.388670e-06,8.895126e-08,4.871409e-08,1.918304e-09,9.035867e-10,5.909031e-06,4.243709e-06,1.336252e-05,9.880155e-06,3.611650e-06,2.382988e-06,5.644837e-12,1.586991e-12,1.855408e-05,1.500450e-05,3.392905e-06,7.434378e-06,5.342746e-06
7.165000e+02,7.281169e-06,5.220201e-06,3.141848e-06,1.739291e-06,5.843557e-06,3.950313e-06,8.567773e-06,6.392889e-06,1.102363e-05,8.706037e-06,2.584424e-06,1.710190e-06,1.259875e-05,9.401570e-06,3.604324e-06,2.341243e-06,8.661523e-08,4.732247e-08,1.850685e-09,8.696622e-10,5.827407e-06,4.178421e-06,1.319530e-05,9.740703e-06,3.550911e-06,2.336728e-06,5.169957e-12,1.443590e-12,1.837751e-05,1.485370e-05,3.331069e-06,7.332014e-06,5.260853e-06
7.170000e+02,7.180308e-06,5.139619e-06,3.070229e-06,1.690059e-06,5.750855e-06,3.878482e-06,8.460797e-06,6.305746e-06,1.090743e-05,8.608988e-06,2.540329e-06,1.676978e-06,1.244434e-05,9.274437e-06,3.540192e-06,2.294512e-06,8.433103e-08,4.596445e-08,1.785199e-09,8.368779e-10,5.746591e-06,4.113837e-06,1.302943e-05,9.602510e-06,3.490866e-06,2.291068e-06,4.729118e-12,1.311410e-12,1.820227e-05,1.470409e-05,3.269983e-06,7.230654e-06,5.179836e-06
7.175000e+02,7.080440e-06,5.059905e-06,2.999621e-06,1.641709e-06,5.659150e-06,3.807523e-06,8.354809e-06,6.219466e-06,1.079221e-05,8.512798e-06,2.496770e-06,1.644214e-06,1.229125e-05,9.148497e-06,3.476900e-06,2.248470e-06,8.209771e-08,4.463934e-08,1.721786e-09,8.051996e-10,5.666575e-06,4.049952e-06,1.286493e-05,9.465571e-06,3.431510e-06,2.246003e-06,4.320296e-12,1.189704e-12,1.802834e-05,1.455566e-05,3.209641e-06,7.130290e-06,5.099689e-06
7.180000e+02,6.981558e-06,4.981051e-06,2.930016e-06,1.594233e-06,5.568437e-06,3.737427e-06,8.249805e-06,6.134043e-06,1.067797e-05,8.417459e-06,2.453742e-06,1.611897e-06,1.213950e-05,9.023743e-06,3.414442e-06,2.203110e-06,7.991432e-08,4.334650e-08,1.660387e-09,7.745943e-10,5.587353e-06,3.986761e-06,1.270178e-05,9.329879e-06,3.372838e-06,2.201528e-06,3.941562e-12,1.077770e-12,1.785572e-05,1.440839e-05,3.150037e-06,7.030915e-06,5.020405e-06
7.185000e+02,6.883656e-06,4.903051e-06,2.861407e-06,1.547627e-06,5.478708e-06,3.668191e-06,8.145776e-06,6.049471e-06,1.056470e-05,8.322967e-06,2.411241e-06,1.580020e-06,1.198907e-05,8.900168e-06,3.352809e-06,2.158426e-06,7.777993e-08,4.208527e-08,1.600946e-09,7.450296e-10,5.508921e-06,3.924259e-06,1.253997e-05,9.195429e-06,3.314845e-06,2.157640e-06,3.591080e-12,9.749414e-13,1.768441e-05,1.426228e-05,3.091166e-06,6.932524e-06,4.941978e-06
7.190000e+02,6.786727e-06,4.825900e-06,2.793788e-06,1.501883e-06,5.389957e-06,3.599807e-06,8.042716e-06,5.965744e-06,1.045239e-05,8.229314e-06,2.369263e-06,1.548581e-06,1.183995e-05,8.777764e-06,3.291995e-06,2.114411e-06,7.569363e-08,4.085502e-08,1.543406e-09,7.164741e-10,5.431273e-06,3.862441e-06,1.237950e-05,9.062213e-06,3.257525e-06,2.114333e-06,3.267106e-12,8.805926e-13,1.751438e-05,1.411733e-05,3.033022e-06,6.835109e-06,4.864403e-06
7.195000e+02,6.690763e-06,4.749590e-06,2.727151e-06,1.456996e-06,5.302177e-06,3.532269e-06,7.940618e-06,5.882857e-06,1.034104e-05,8.136495e-06,2.327803e-06,1.517575e-06,1.169213e-05,8.656524e-06,3.231991e-06,2.071058e-06,7.365452e-08,3.965511e-08,1.487714e-09,6.888970e-10,5.354402e-06,3.801301e-06,1.222037e-05,8.930227e-06,3.200875e-06,2.071603e-06,2.967982e-12,7.941322e-13,1.734565e-05,1.397353e-05,2.975600e-06,6.738663e-06,4.787674e-06
7.200000e+02,6.595760e-06,4.674118e-06,2.661490e-06,1.412959e-06,5.215361e-06,3.465572e-06,7.839477e-06,5.800802e-06,1.023064e-05,8.044504e-06,2.286856e-06,1.486999e-06,1.154562e-05,8.536442e-06,3.172792e-06,2.028361e-06,7.166170e-08,3.848492e-08,1.433817e-09,6.622688e-10,5.278304e-06,3.740835e-06,1.206255e-05,8.799464e-06,3.144888e-06,2.029446e-06,2.692132e-12,7.150029e-13,1.717819e-05,1.383087e-05,2.918895e-06,6.643180e-06,4.711783e-06
7.205000e+02,6.501709e-06,4.599475e-06,2.596798e-06,1.369767e-06,5.129502e-06,3.399709e-06,7.739284e-06,5.719574e-06,1.012118e-05,7.953336e-06,2.246418e-06,1.456849e-06,1.140039e-05,8.417509e-06,3.114390e-06,1.986314e-06,6.971432e-08,3.734386e-08,1.381663e-09,6.365602e-10,5.202973e-06,3.681037e-06,1.190606e-05,8.669918e-06,3.089561e-06,1.987857e-06,2.438060e-12,6.426802e-13,1.701200e-05,1.368934e-05,2.862902e-06,6.548654e-06,4.636726e-06
7.210000e+02,6.408605e-06,4.525657e-06,2.533069e-06,1.327414e-06,5.044595e-06,3.334675e-06,7.640035e-06,5.639168e-06,1.001266e-05,7.862983e-06,2.206485e-06,1.427120e-06,1.125645e-05,8.299719e-06,3.056777e-06,1.944909e-06,6.781151e-08,3.623132e-08,1.331202e-09,6.117432e-10,5.128404e-06,3.621903e-06,1.175088e-05,8.541584e-06,3.034888e-06,1.946832e-06,2.204349e-12,5.766704e-13,1.684708e-05,1.354893e-05,2.807614e-06,6.455077e-06,4.562496e-06
7.215000e+02,6.316440e-06,4.452657e-06,2.470296e-06,1.285893e-06,4.960631e-06,3.270463e-06,7.541721e-06,5.559577e-06,9.905072e-06,7.773441e-06,2.167051e-06,1.397810e-06,1.111378e-05,8.183066e-06,2.999947e-06,1.904141e-06,6.595242e-08,3.514671e-08,1.282386e-09,5.877903e-10,5.054591e-06,3.563427e-06,1.159701e-05,8.414454e-06,2.980864e-06,1.906367e-06,1.989654e-12,5.165092e-13,1.668341e-05,1.340965e-05,2.753027e-06,6.362443e-06,4.489087e-06
7.220000e+02,6.225209e-06,4.380469e-06,2.408472e-06,1.245198e-06,4.877606e-06,3.207068e-06,7.444338e-06,5.480795e-06,9.798406e-06,7.684704e-06,2.128114e-06,1.368914e-06,1.097238e-05,8.067540e-06,2.943892e-06,1.864003e-06,6.413622e-08,3.408945e-08,1.235166e-09,5.646749e-10,4.981528e-06,3.505606e-06,1.144443e-05,8.288524e-06,2.927484e-06,1.866457e-06,1.792700e-12,4.617602e-13,1.652099e-05,1.327147e-05,2.699136e-06,6.270745e-06,4.416494e-06
7.225000e+02,6.134904e-06,4.309089e-06,2.347591e-06,1.205324e-06,4.795512e-06,3.144483e-06,7.347877e-06,5.402818e-06,9.692658e-06,7.596765e-06,2.089668e-06,1.340429e-06,1.083224e-05,7.953137e-06,2.888605e-06,1.824488e-06,6.236209e-08,3.305898e-08,1.189497e-09,5.423709e-10,4.909211e-06,3.448433e-06,1.129315e-05,8.163787e-06,2.874744e-06,1.827098e-06,1.612280e-12,4.120139e-13,1.635982e-05,1.313441e-05,2.645935e-06,6.179978e-06,4.344711e-06
7.230000e+02,6.045520e-06,4.238509e-06,2.287646e-06,1.166265e-06,4.714344e-06,3.082703e-06,7.252334e-06,5.325638e-06,9.587821e-06,7.509619e-06,2.051710e-06,1.312352e-06,1.069335e-05,7.839848e-06,2.834081e-06,1.785591e-06,6.062923e-08,3.205474e-08,1.145333e-09,5.208531e-10,4.837633e-06,3.391905e-06,1.114316e-05,8.040237e-06,2.822639e-06,1.788286e-06,1.447254e-12,3.668862e-13,1.619988e-05,1.299844e-05,2.593419e-06,6.090134e-06,4.273731e-06
7.235000e+02,5.957050e-06,4.168725e-06,2.228630e-06,1.128014e-06,4.634093e-06,3.021722e-06,7.157701e-06,5.249250e-06,9.483889e-06,7.423261e-06,2.014234e-06,1.284677e-06,1.055570e-05,7.727668e-06,2.780310e-06,1.747305e-06,5.893683e-08,3.107619e-08,1.102630e-09,5.000969e-10,4.766791e-06,3.336016e-06,1.099445e-05,7.917869e-06,2.771165e-06,1.750016e-06,1.296543e-12,3.260167e-13,1.604116e-05,1.286356e-05,2.541583e-06,6.001207e-06,4.203550e-06
7.240000e+02,5.869487e-06,4.099730e-06,2.170538e-06,1.090567e-06,4.554755e-06,2.961535e-06,7.063972e-06,5.173648e-06,9.380856e-06,7.337684e-06,1.977238e-06,1.257402e-06,1.041929e-05,7.616588e-06,2.727288e-06,1.709623e-06,5.728413e-08,3.012277e-08,1.061345e-09,4.800785e-10,4.696678e-06,3.280762e-06,1.084701e-05,7.796677e-06,2.720316e-06,1.712285e-06,1.159128e-12,2.890684e-13,1.588366e-05,1.272977e-05,2.490422e-06,5.913192e-06,4.134160e-06
7.245000e+02,5.782826e-06,4.031519e-06,2.113362e-06,1.053916e-06,4.476323e-06,2.902135e-06,6.971141e-06,5.098828e-06,9.278715e-06,7.252884e-06,1.940716e-06,1.230524e-06,1.028412e-05,7.506602e-06,2.675006e-06,1.672540e-06,5.567035e-08,2.919395e-08,1.021437e-09,4.607747e-10,4.627289e-06,3.226138e-06,1.070084e-05,7.676654e-06,2.670087e-06,1.675088e-06,1.034047e-12,2.557257e-13,1.572738e-05,1.259705e-05,2.439931e-06,5.826080e-06,4.065558e-06
7.250000e+02,5.697060e-06,3.964086e-06,2.057097e-06,1.018057e-06,4.398790e-06,2.843518e-06,6.879202e-06,5.024782e-06,9.177461e-06,7.168853e-06,1.904664e-06,1.204038e-06,1.015016e-05,7.397704e-06,2.623458e-06,1.636050e-06,5.409473e-08,2.828923e-08,9.828639e-10,4.421628e-10,4.558619e-06,3.172139e-06,1.055593e-05,7.557796e-06,2.620475e-06,1.638421e-06,9.203917e-13,2.256935e-13,1.557230e-05,1.246541e-05,2.390104e-06,5.739867e-06,3.997736e-06
7.255000e+02,5.612183e-06,3.897425e-06,2.001736e-06,9.829837e-07,4.322150e-06,2.785676e-06,6.788148e-06,4.951506e-06,9.077086e-06,7.085588e-06,1.869079e-06,1.177941e-06,1.001742e-05,7.289886e-06,2.572637e-06,1.600145e-06,5.255653e-08,2.740808e-08,9.455874e-10,4.242210e-10,4.490664e-06,3.118761e-06,1.041228e-05,7.440097e-06,2.571475e-06,1.602281e-06,8.173090e-13,1.986966e-13,1.541841e-05,1.233483e-05,2.340938e-06,5.654546e-06,3.930690e-06
7.260000e+02,5.528188e-06,3.831531e-06,1.947273e-06,9.486903e-07,4.246397e-06,2.728605e-06,6.697973e-06,4.878994e-06,8.977586e-06,7.003082e-06,1.833956e-06,1.152229e-06,9.885886e-06,7.183142e-06,2.522536e-06,1.564821e-06,5.105502e-08,2.655000e-08,9.095685e-10,4.069278e-10,4.423417e-06,3.065999e-06,1.026987e-05,7.323550e-06,2.523082e-06,1.566662e-06,7.239941e-13,1.744781e-13,1.526572e-05,1.220531e-05,2.292426e-06,5.570110e-06,3.864413e-06
7.265000e+02,5.445070e-06,3.766399e-06,1.893700e-06,9.151712e-07,4.171525e-06,2.672300e-06,6.608672e-06,4.807240e-06,8.878953e-06,6.921330e-06,1.799291e-06,1.126900e-06,9.755554e-06,7.077465e-06,2.473149e-06,1.530070e-06,4.958947e-08,2.571450e-08,8.747696e-10,3.902625e-10,4.356874e-06,3.013849e-06,1.012872e-05,7.208150e-06,2.475291e-06,1.531561e-06,6.396903e-13,1.527986e-13,1.511421e-05,1.207685e-05,2.244564e-06,5.486554e-06,3.798900e-06
7.270000e+02,5.362821e-06,3.702022e-06,1.841013e-06,8.824208e-07,4.097527e-06,2.616753e-06,6.520237e-06,4.736240e-06,8.781182e-06,6.840326e-06,1.765081e-06,1.101949e-06,9.626415e-06,6.972848e-06,2.424469e-06,1.495887e-06,4.815918e-08,2.490109e-08,8.411541e-10,3.742051e-10,4.291029e-06,2.962305e-06,9.988795e-06,7.093892e-06,2.428098e-06,1.496974e-06,5.636872e-13,1.334357e-13,1.496388e-05,1.194942e-05,2.197347e-06,5.403872e-06,3.734146e-06
7.275000e+02,5.281437e-06,3.638396e-06,1.789205e-06,8.504335e-07,4.024398e-06,2.561961e-06,6.432663e-06,4.665986e-06,8.684266e-06,6.760065e-06,1.731320e-06,1.077373e-06,9.498461e-06,6.869285e-06,2.376490e-06,1.462266e-06,4.676344e-08,2.410928e-08,8.086864e-10,3.587359e-10,4.225878e-06,2.911364e-06,9.850106e-06,6.980770e-06,2.381498e-06,1.462897e-06,4.953177e-13,1.161823e-13,1.481471e-05,1.182304e-05,2.150770e-06,5.322056e-06,3.670145e-06
7.280000e+02,5.200911e-06,3.575514e-06,1.738270e-06,8.192037e-07,3.952131e-06,2.507917e-06,6.345944e-06,4.596475e-06,8.588200e-06,6.680541e-06,1.698006e-06,1.053168e-06,9.371687e-06,6.766769e-06,2.329204e-06,1.429201e-06,4.540157e-08,2.333862e-08,7.773319e-10,3.438358e-10,4.161417e-06,2.861021e-06,9.712642e-06,6.868777e-06,2.335488e-06,1.429325e-06,4.339568e-13,1.008467e-13,1.466671e-05,1.169769e-05,2.104829e-06,5.241102e-06,3.606891e-06
7.285000e+02,5.121238e-06,3.513371e-06,1.688201e-06,7.887260e-07,3.880720e-06,2.454616e-06,6.260074e-06,4.527700e-06,8.492978e-06,6.601749e-06,1.665134e-06,1.029333e-06,9.246084e-06,6.665294e-06,2.282605e-06,1.396686e-06,4.407290e-08,2.258863e-08,7.470568e-10,3.294864e-10,4.097638e-06,2.811272e-06,9.576397e-06,6.757910e-06,2.290062e-06,1.396256e-06,3.790189e-13,8.725089e-14,1.451986e-05,1.157336e-05,2.059517e-06,5.161002e-06,3.544380e-06
7.290000e+02,5.042410e-06,3.451963e-06,1.638993e-06,7.589947e-07,3.810160e-06,2.402053e-06,6.175046e-06,4.459656e-06,8.398593e-06,6.523684e-06,1.632701e-06,1.005862e-06,9.121646e-06,6.564852e-06,2.236686e-06,1.364715e-06,4.277676e-08,2.185887e-08,7.178284e-10,3.156698e-10,4.034539e-06,2.762111e-06,9.441366e-06,6.648161e-06,2.245217e-06,1.363685e-06,3.299568e-13,7.523037e-14,1.437416e-05,1.145005e-05,2.014831e-06,5.081752e-06,3.482605e-06
7.295000e+02,4.964422e-06,3.391283e-06,1.590639e-06,7.300046e-07,3.740443e-06,2.350222e-06,6.090855e-06,4.392338e-06,8.305040e-06,6.446341e-06,1.600702e-06,9.827523e-07,8.998365e-06,6.465438e-06,2.191442e-06,1.333282e-06,4.151249e-08,2.114889e-08,6.896146e-10,3.023684e-10,3.972114e-06,2.713535e-06,9.307543e-06,6.539526e-06,2.200947e-06,1.331608e-06,2.862592e-13,6.463306e-14,1.422960e-05,1.132775e-05,1.970766e-06,5.003344e-06,3.421561e-06
7.300000e+02,4.887268e-06,3.331327e-06,1.543134e-06,7.017500e-07,3.671565e-06,2.299117e-06,6.007495e-06,4.325741e-06,8.212313e-06,6.369714e-06,1.569133e-06,9.600013e-07,8.876234e-06,6.367044e-06,2.146865e-06,1.302381e-06,4.027946e-08,2.045824e-08,6.623844e-10,2.895654e-10,3.910358e-06,2.665540e-06,9.174921e-06,6.431999e-06,2.157248e-06,1.300021e-06,2.474491e-13,5.531866e-14,1.408617e-05,1.120646e-05,1.927318e-06,4.925774e-06,3.361243e-06
7.305000e+02,4.810942e-06,3.272088e-06,1.496470e-06,6.742257e-07,3.603519e-06,2.248735e-06,5.924961e-06,4.259858e-06,8.120406e-06,6.293797e-06,1.537991e-06,9.376053e-07,8.755247e-06,6.269665e-06,2.102949e-06,1.272007e-06,3.907703e-08,1.978651e-08,6.361075e-10,2.772442e-10,3.849266e-06,2.618121e-06,9.043495e-06,6.325575e-06,2.114117e-06,1.268920e-06,2.130825e-13,4.715795e-14,1.394387e-05,1.108617e-05,1.884480e-06,4.849035e-06,3.301646e-06
7.310000e+02,4.735439e-06,3.213562e-06,1.450643e-06,6.474262e-07,3.536299e-06,2.199068e-06,5.843245e-06,4.194686e-06,8.029313e-06,6.218586e-06,1.507273e-06,9.155611e-07,8.635396e-06,6.173293e-06,2.059688e-06,1.242153e-06,3.790457e-08,1.913327e-08,6.107545e-10,2.653889e-10,3.788833e-06,2.571273e-06,8.913259e-06,6.220247e-06,2.071549e-06,1.238303e-06,1.827463e-13,4.003205e-14,1.380269e-05,1.096687e-05,1.842249e-06,4.773121e-06,3.242765e-06
7.315000e+02,4.660752e-06,3.155744e-06,1.405647e-06,6.213463e-07,3.469900e-06,2.150112e-06,5.762343e-06,4.130218e-06,7.939028e-06,6.144076e-06,1.476973e-06,8.938654e-07,8.516675e-06,6.077923e-06,2.017075e-06,1.212814e-06,3.676148e-08,1.849811e-08,5.862967e-10,2.539840e-10,3.729056e-06,2.524993e-06,8.784206e-06,6.116012e-06,2.029539e-06,1.208164e-06,1.560570e-13,3.383181e-14,1.366262e-05,1.084856e-05,1.800620e-06,4.698026e-06,3.184593e-06
7.320000e+02,4.586876e-06,3.098627e-06,1.361475e-06,5.959806e-07,3.404316e-06,2.101862e-06,5.682248e-06,4.066450e-06,7.849546e-06,6.070261e-06,1.447089e-06,8.725151e-07,8.399076e-06,5.983549e-06,1.975104e-06,1.183985e-06,3.564715e-08,1.788060e-08,5.627064e-10,2.430144e-10,3.669928e-06,2.479276e-06,8.656332e-06,6.012862e-06,1.988084e-06,1.178500e-06,1.326591e-13,2.845720e-14,1.352366e-05,1.073123e-05,1.759589e-06,4.623745e-06,3.127126e-06
7.325000e+02,4.513804e-06,3.042208e-06,1.318122e-06,5.713238e-07,3.339540e-06,2.054313e-06,5.602955e-06,4.003377e-06,7.760861e-06,5.997136e-06,1.417617e-06,8.515069e-07,8.282593e-06,5.890163e-06,1.933769e-06,1.155658e-06,3.456099e-08,1.728037e-08,5.399564e-10,2.324655e-10,3.611446e-06,2.434118e-06,8.529631e-06,5.910794e-06,1.947178e-06,1.149308e-06,1.122235e-13,2.381672e-14,1.338579e-05,1.061488e-05,1.719150e-06,4.550272e-06,3.070358e-06
7.330000e+02,4.441532e-06,2.986481e-06,1.275581e-06,5.473708e-07,3.275568e-06,2.007458e-06,5.524458e-06,3.940992e-06,7.672968e-06,5.924696e-06,1.388553e-06,8.308378e-07,8.167218e-06,5.797759e-06,1.893064e-06,1.127830e-06,3.350243e-08,1.669700e-08,5.180204e-10,2.223231e-10,3.553604e-06,2.389514e-06,8.404096e-06,5.809801e-06,1.906819e-06,1.120584e-06,9.444657e-14,1.982695e-14,1.324902e-05,1.049949e-05,1.679300e-06,4.477600e-06,3.014286e-06
7.335000e+02,4.370053e-06,2.931440e-06,1.233848e-06,5.241164e-07,3.212392e-06,1.961294e-06,5.446751e-06,3.879292e-06,7.585859e-06,5.852936e-06,1.359893e-06,8.105046e-07,8.052946e-06,5.706332e-06,1.852981e-06,1.100494e-06,3.247088e-08,1.613013e-08,4.968727e-10,2.125734e-10,3.496399e-06,2.345462e-06,8.279721e-06,5.709879e-06,1.867001e-06,1.092323e-06,7.904812e-14,1.641195e-14,1.311334e-05,1.038506e-05,1.640034e-06,4.405725e-06,2.958902e-06
7.340000e+02,4.299362e-06,2.877081e-06,1.192916e-06,5.015553e-07,3.150009e-06,1.915815e-06,5.369830e-06,3.818271e-06,7.499531e-06,5.781851e-06,1.331634e-06,7.905041e-07,7.939769e-06,5.615874e-06,1.813516e-06,1.073645e-06,3.146578e-08,1.557936e-08,4.764885e-10,2.032031e-10,3.439825e-06,2.301955e-06,8.156502e-06,5.611021e-06,1.827721e-06,1.064523e-06,6.577064e-14,1.350282e-14,1.297874e-05,1.027159e-05,1.601346e-06,4.334641e-06,2.904203e-06
7.345000e+02,4.229453e-06,2.823399e-06,1.152779e-06,4.796824e-07,3.088411e-06,1.871016e-06,5.293687e-06,3.757924e-06,7.413978e-06,5.711437e-06,1.303773e-06,7.708334e-07,7.827679e-06,5.526381e-06,1.774661e-06,1.047276e-06,3.048659e-08,1.504433e-08,4.568435e-10,1.941991e-10,3.383878e-06,2.258992e-06,8.034433e-06,5.513223e-06,1.788974e-06,1.037179e-06,5.437778e-14,1.103722e-14,1.284520e-05,1.015907e-05,1.563234e-06,4.264341e-06,2.850183e-06
7.350000e+02,4.160320e-06,2.770389e-06,1.113432e-06,4.584926e-07,3.027594e-06,1.826892e-06,5.218318e-06,3.698246e-06,7.329193e-06,5.641687e-06,1.276305e-06,7.514893e-07,7.716672e-06,5.437845e-06,1.736411e-06,1.021383e-06,2.953275e-08,1.452467e-08,4.379142e-10,1.855489e-10,3.328553e-06,2.216566e-06,7.913507e-06,5.416480e-06,1.750757e-06,1.010289e-06,4.465317e-14,8.958925e-15,1.271274e-05,1.004749e-05,1.525692e-06,4.194821e-06,2.796837e-06
7.355000e+02,4.091959e-06,2.718045e-06,1.074869e-06,4.379808e-07,2.967551e-06,1.783438e-06,5.143717e-06,3.639232e-06,7.245171e-06,5.572597e-06,1.249227e-06,7.324689e-07,7.606740e-06,5.350260e-06,1.698760e-06,9.959606e-07,2.860373e-08,1.402002e-08,4.196776e-10,1.772403e-10,3.273846e-06,2.174675e-06,7.793720e-06,5.320786e-06,1.713066e-06,9.838475e-07,3.639930e-14,7.217353e-15,1.258133e-05,9.936854e-06,1.488716e-06,4.126074e-06,2.744160e-06
7.360000e+02,4.024362e-06,2.666362e-06,1.037085e-06,4.181420e-07,2.908278e-06,1.740648e-06,5.069878e-06,3.580877e-06,7.161907e-06,5.504162e-06,1.222536e-06,7.137691e-07,7.497875e-06,5.263620e-06,1.661701e-06,9.710025e-07,2.769901e-08,1.353003e-08,4.021116e-10,1.692615e-10,3.219752e-06,2.133314e-06,7.675065e-06,5.226135e-06,1.675895e-06,9.578525e-07,2.943632e-14,5.767188e-15,1.245098e-05,9.827147e-06,1.452301e-06,4.058095e-06,2.692147e-06
7.365000e+02,3.957526e-06,2.615337e-06,1.000073e-06,3.989712e-07,2.849768e-06,1.698519e-06,4.996796e-06,3.523176e-06,7.079396e-06,5.436378e-06,1.196228e-06,6.953870e-07,7.390073e-06,5.177920e-06,1.625229e-06,9.465035e-07,2.681807e-08,1.305436e-08,3.851945e-10,1.616009e-10,3.166267e-06,2.092480e-06,7.557537e-06,5.132524e-06,1.639242e-06,9.322998e-07,2.360103e-14,4.567955e-15,1.232167e-05,9.718364e-06,1.416443e-06,3.990880e-06,2.640793e-06
7.370000e+02,3.891444e-06,2.564963e-06,9.638289e-07,3.804634e-07,2.792016e-06,1.657045e-06,4.924466e-06,3.466125e-06,6.997631e-06,5.369239e-06,1.170300e-06,6.773195e-07,7.283325e-06,5.093152e-06,1.589337e-06,9.224583e-07,2.596041e-08,1.259267e-08,3.689054e-10,1.542475e-10,3.113387e-06,2.052167e-06,7.441130e-06,5.039947e-06,1.603103e-06,9.071860e-07,1.874576e-14,3.583642e-15,1.219340e-05,9.610501e-06,1.381139e-06,3.924421e-06,2.590094e-06
7.375000e+02,3.826111e-06,2.515236e-06,9.283464e-07,3.626136e-07,2.735017e-06,1.616221e-06,4.852881e-06,3.409718e-06,6.916608e-06,5.302740e-06,1.144748e-06,6.595639e-07,7.177626e-06,5.009312e-06,1.554020e-06,8.988616e-07,2.512551e-08,1.214462e-08,3.532236e-10,1.471903e-10,3.061106e-06,2.012373e-06,7.325840e-06,4.948398e-06,1.567473e-06,8.825076e-07,1.473744e-14,2.782329e-15,1.206616e-05,9.503552e-06,1.346383e-06,3.858714e-06,2.540044e-06
7.380000e+02,3.761521e-06,2.466151e-06,8.936201e-07,3.454133e-07,2.678765e-06,1.576042e-06,4.782038e-06,3.353951e-06,6.836322e-06,5.236877e-06,1.119569e-06,6.421171e-07,7.072969e-06,4.926392e-06,1.519272e-06,8.757079e-07,2.431290e-08,1.170988e-08,3.381296e-10,1.404191e-10,3.009421e-06,1.973094e-06,7.211660e-06,4.857872e-06,1.532348e-06,8.582611e-07,1.145656e-14,2.135831e-15,1.193996e-05,9.397510e-06,1.312171e-06,3.793753e-06,2.490639e-06
7.385000e+02,3.697670e-06,2.417704e-06,8.596445e-07,3.287976e-07,2.623254e-06,1.536503e-06,4.711930e-06,3.298819e-06,6.756766e-06,5.171646e-06,1.094760e-06,6.249763e-07,6.969347e-06,4.844388e-06,1.485086e-06,8.529921e-07,2.352209e-08,1.128814e-08,3.236038e-10,1.339236e-10,2.958327e-06,1.934325e-06,7.098585e-06,4.768365e-06,1.497725e-06,8.344432e-07,8.796293e-15,1.619361e-15,1.181477e-05,9.292370e-06,1.278500e-06,3.729533e-06,2.441873e-06
7.390000e+02,3.634551e-06,2.369889e-06,8.264143e-07,3.127344e-07,2.568481e-06,1.497601e-06,4.642551e-06,3.244317e-06,6.677935e-06,5.107040e-06,1.070316e-06,6.081387e-07,6.866754e-06,4.763293e-06,1.451458e-06,8.307088e-07,2.275260e-08,1.087909e-08,3.096278e-10,1.276940e-10,2.907821e-06,1.896062e-06,6.986609e-06,4.679872e-06,1.463600e-06,8.110502e-07,6.661595e-15,1.211211e-15,1.169059e-05,9.188126e-06,1.245364e-06,3.666048e-06,2.393742e-06
7.395000e+02,3.572160e-06,2.322702e-06,7.939239e-07,2.972197e-07,2.514438e-06,1.459329e-06,4.573898e-06,3.190440e-06,6.599825e-06,5.043056e-06,1.046236e-06,5.916013e-07,6.765183e-06,4.683101e-06,1.418380e-06,8.088528e-07,2.200397e-08,1.048241e-08,2.961832e-10,1.217207e-10,2.857896e-06,1.858303e-06,6.875727e-06,4.592386e-06,1.429969e-06,7.880790e-07,4.968325e-15,8.924708e-16,1.156743e-05,9.084771e-06,1.212760e-06,3.603294e-06,2.346242e-06
7.400000e+02,3.510491e-06,2.276138e-06,7.621681e-07,2.822492e-07,2.461121e-06,1.421683e-06,4.505964e-06,3.137184e-06,6.522430e-06,4.979690e-06,1.022514e-06,5.753614e-07,6.664629e-06,4.603806e-06,1.385848e-06,7.874189e-07,2.127575e-08,1.009780e-08,2.832523e-10,1.159946e-10,2.808551e-06,1.821043e-06,6.765934e-06,4.505905e-06,1.396827e-06,7.655260e-07,3.642438e-15,6.467878e-16,1.144526e-05,8.982302e-06,1.180683e-06,3.541264e-06,2.299367e-06
7.405000e+02,3.449538e-06,2.230192e-06,7.311414e-07,2.678190e-07,2.408524e-06,1.384659e-06,4.438744e-06,3.084544e-06,6.445745e-06,4.916935e-06,9.991496e-07,5.594162e-07,6.565084e-06,4.525403e-06,1.353855e-06,7.664019e-07,2.056747e-08,9.724973e-09,2.708182e-10,1.105067e-10,2.759779e-06,1.784277e-06,6.657224e-06,4.420421e-06,1.364172e-06,7.433880e-07,2.619191e-15,4.601349e-16,1.132409e-05,8.880710e-06,1.149130e-06,3.479954e-06,2.253112e-06
7.410000e+02,3.389298e-06,2.184860e-06,7.008386e-07,2.539250e-07,2.356642e-06,1.348251e-06,4.372232e-06,3.032515e-06,6.369764e-06,4.854788e-06,9.761377e-07,5.437630e-07,6.466542e-06,4.447886e-06,1.322397e-06,7.457967e-07,1.987871e-08,9.363627e-09,2.588640e-10,1.052483e-10,2.711577e-06,1.748004e-06,6.549593e-06,4.335931e-06,1.332000e-06,7.216617e-07,1.842384e-15,3.205895e-16,1.120391e-05,8.779991e-06,1.118096e-06,3.419358e-06,2.207474e-06
7.415000e+02,3.329764e-06,2.140137e-06,6.712543e-07,2.405632e-07,2.305471e-06,1.312455e-06,4.306425e-06,2.981093e-06,6.294483e-06,4.793244e-06,9.534756e-07,5.283989e-07,6.368998e-06,4.371248e-06,1.291466e-06,7.255981e-07,1.920903e-08,9.013479e-09,2.473737e-10,1.002111e-10,2.663941e-06,1.712218e-06,6.443034e-06,4.252430e-06,1.300306e-06,7.003436e-07,1.263633e-15,2.181220e-16,1.108471e-05,8.680140e-06,1.087577e-06,3.359471e-06,2.162446e-06
7.420000e+02,3.270931e-06,2.096018e-06,6.423834e-07,2.277241e-07,2.255004e-06,1.277267e-06,4.241317e-06,2.930273e-06,6.219897e-06,4.732299e-06,9.311601e-07,5.133213e-07,6.272444e-06,4.295485e-06,1.261058e-06,7.058012e-07,1.855800e-08,8.674252e-09,2.363315e-10,9.538686e-11,2.616867e-06,1.676916e-06,6.337542e-06,4.169912e-06,1.269087e-06,6.794305e-07,8.416711e-16,1.443932e-16,1.096648e-05,8.581150e-06,1.057570e-06,3.300288e-06,2.118026e-06
7.425000e+02,3.212795e-06,2.052500e-06,6.142205e-07,2.153368e-07,2.205237e-06,1.242682e-06,4.176901e-06,2.880051e-06,6.145999e-06,4.671947e-06,9.091880e-07,4.985274e-07,6.176874e-06,4.220589e-06,1.231167e-06,6.864008e-07,1.792520e-08,8.345670e-09,2.257222e-10,9.076779e-11,2.570350e-06,1.642094e-06,6.233112e-06,4.088373e-06,1.238340e-06,6.589193e-07,5.416811e-16,9.256066e-17,1.084923e-05,8.483015e-06,1.028069e-06,3.241804e-06,2.074208e-06
7.430000e+02,3.155349e-06,2.009577e-06,5.867606e-07,2.033805e-07,2.156164e-06,1.208695e-06,4.113175e-06,2.830422e-06,6.072786e-06,4.612185e-06,8.875561e-07,4.840147e-07,6.082283e-06,4.146557e-06,1.201787e-06,6.673918e-07,1.731022e-08,8.027465e-09,2.155311e-10,8.634626e-11,2.524386e-06,1.607749e-06,6.129739e-06,4.007808e-06,1.208060e-06,6.388065e-07,3.346560e-16,5.709312e-17,1.073294e-05,8.385731e-06,9.990718e-07,3.184013e-06,2.030987e-06
7.435000e+02,3.098590e-06,1.967244e-06,5.599984e-07,1.918520e-07,2.107781e-06,1.175302e-06,4.050131e-06,2.781381e-06,6.000252e-06,4.553008e-06,8.662614e-07,4.697803e-07,5.988663e-06,4.073381e-06,1.172912e-06,6.487695e-07,1.671266e-08,7.719372e-09,2.057437e-10,8.211490e-11,2.478972e-06,1.573877e-06,6.027417e-06,3.928212e-06,1.178244e-06,6.190891e-07,1.967857e-16,3.359389e-17,1.061761e-05,8.289291e-06,9.705736e-07,3.126911e-06,1.988360e-06
7.440000e+02,3.042511e-06,1.925498e-06,5.339287e-07,1.807481e-07,2.060082e-06,1.142497e-06,3.987766e-06,2.732925e-06,5.928393e-06,4.494411e-06,8.453008e-07,4.558218e-07,5.896010e-06,4.001057e-06,1.144538e-06,6.305286e-07,1.613212e-08,7.421133e-09,1.963462e-10,7.806656e-11,2.434103e-06,1.540475e-06,5.926142e-06,3.849580e-06,1.148889e-06,5.997638e-07,1.088709e-16,1.863155e-17,1.050323e-05,8.193690e-06,9.425705e-07,3.070492e-06,1.946321e-06
7.445000e+02,2.987108e-06,1.884334e-06,5.085466e-07,1.700655e-07,2.013062e-06,1.110278e-06,3.926075e-06,2.685048e-06,5.857202e-06,4.436391e-06,8.246711e-07,4.421365e-07,5.804316e-06,3.929579e-06,1.116659e-06,6.126644e-07,1.556822e-08,7.132496e-09,1.873251e-10,7.419436e-11,2.389775e-06,1.507538e-06,5.825908e-06,3.771908e-06,1.119990e-06,5.808275e-07,5.576257e-17,9.578709e-18,1.038980e-05,8.098922e-06,9.150588e-07,3.014752e-06,1.904866e-06
7.450000e+02,2.932377e-06,1.843747e-06,4.838470e-07,1.598013e-07,1.966717e-06,1.078639e-06,3.865052e-06,2.637746e-06,5.786676e-06,4.378942e-06,8.043694e-07,4.287217e-07,5.713576e-06,3.858941e-06,1.089268e-06,5.951719e-07,1.502056e-08,6.853210e-09,1.786672e-10,7.049161e-11,2.345984e-06,1.475064e-06,5.726710e-06,3.695190e-06,1.091544e-06,5.622770e-07,2.582619e-17,4.458833e-18,1.027730e-05,8.004983e-06,8.880345e-07,2.959685e-06,1.863991e-06
7.455000e+02,2.878311e-06,1.803733e-06,4.598247e-07,1.499521e-07,1.921041e-06,1.047576e-06,3.804692e-06,2.591015e-06,5.716810e-06,4.322061e-06,7.843926e-07,4.155750e-07,5.623783e-06,3.789137e-06,1.062362e-06,5.780463e-07,1.448877e-08,6.583034e-09,1.703599e-10,6.695185e-11,2.302726e-06,1.443048e-06,5.628543e-06,3.619423e-06,1.063549e-06,5.441091e-07,1.043034e-17,1.813628e-18,1.016574e-05,7.911865e-06,8.614937e-07,2.905287e-06,1.823691e-06
7.460000e+02,2.824907e-06,1.764288e-06,4.364748e-07,1.405148e-07,1.876029e-06,1.017084e-06,3.744991e-06,2.544851e-06,5.647598e-06,4.265743e-06,7.647377e-07,4.026938e-07,5.534931e-06,3.720162e-06,1.035934e-06,5.612827e-07,1.397249e-08,6.321729e-09,1.623908e-10,6.356884e-11,2.259997e-06,1.411488e-06,5.531402e-06,3.544600e-06,1.035999e-06,5.263209e-07,3.458199e-18,6.077994e-19,1.005511e-05,7.819565e-06,8.354326e-07,2.851552e-06,1.783962e-06
7.465000e+02,2.772158e-06,1.725407e-06,4.137924e-07,1.314865e-07,1.831677e-06,9.871592e-07,3.685943e-06,2.499248e-06,5.579036e-06,4.209984e-06,7.454018e-07,3.900756e-07,5.447015e-06,3.652011e-06,1.009979e-06,5.448763e-07,1.347135e-08,6.069060e-09,1.547481e-10,6.033652e-11,2.217794e-06,1.380379e-06,5.435281e-06,3.470718e-06,1.008891e-06,5.089091e-07,8.417372e-19,1.506325e-19,9.945396e-06,7.728077e-06,8.098473e-07,2.798476e-06,1.744799e-06
7.470000e+02,2.720061e-06,1.687086e-06,3.917724e-07,1.228638e-07,1.787979e-06,9.577972e-07,3.627545e-06,2.454204e-06,5.511118e-06,4.154778e-06,7.263818e-07,3.777178e-07,5.360028e-06,3.584678e-06,9.844914e-07,5.288223e-07,1.298500e-08,5.824800e-09,1.474200e-10,5.724907e-11,2.176112e-06,1.349719e-06,5.340177e-06,3.397773e-06,9.822233e-07,4.918707e-07,1.176865e-19,2.184232e-20,9.836600e-06,7.637394e-06,7.847342e-07,2.746054e-06,1.706198e-06
7.475000e+02,2.668611e-06,1.649320e-06,3.704100e-07,1.146439e-07,1.744931e-06,9.289937e-07,3.569790e-06,2.409713e-06,5.443841e-06,4.100124e-06,7.076750e-07,3.656179e-07,5.273965e-06,3.518158e-06,9.594664e-07,5.131160e-07,1.251309e-08,5.588723e-09,1.403955e-10,5.430084e-11,2.134947e-06,1.319503e-06,5.246082e-06,3.325758e-06,9.559907e-07,4.752027e-07,4.548972e-21,9.400630e-22,9.728715e-06,7.547513e-06,7.600894e-07,2.694281e-06,1.668156e-06
7.480000e+02,2.617802e-06,1.612107e-06,3.497003e-07,1.068236e-07,1.702527e-06,9.007442e-07,3.512675e-06,2.365772e-06,5.377199e-06,4.046015e-06,6.892782e-07,3.537736e-07,5.188819e-06,3.452445e-06,9.348984e-07,4.977526e-07,1.205528e-08,5.360611e-09,1.336635e-10,5.148636e-11,2.094296e-06,1.289729e-06,5.152994e-06,3.254670e-06,9.301903e-07,4.589021e-07,1.162960e-25,2.642039e-25,9.621734e-06,7.458427e-06,7.359092e-07,2.643151e-06,1.630666e-06
7.485000e+02,2.567630e-06,1.575440e-06,3.296384e-07,9.939995e-08,1.660764e-06,8.730447e-07,3.456194e-06,2.322375e-06,5.311188e-06,3.992448e-06,6.711888e-07,3.421824e-07,5.104585e-06,3.387534e-06,9.107823e-07,4.827275e-07,1.161122e-08,5.140247e-09,1.272136e-10,4.880036e-11,2.054155e-06,1.260392e-06,5.060906e-06,3.184504e-06,9.048186e-07,4.429659e-07,0.000000e+00,0.000000e+00,9.515651e-06,7.370131e-06,7.121899e-07,2.592661e-06,1.593726e-06
7.490000e+02,2.518090e-06,1.539316e-06,3.102195e-07,9.232806e-08,1.619636e-06,8.458908e-07,3.400343e-06,2.279520e-06,5.245803e-06,3.939418e-06,6.534038e-07,3.308418e-07,5.021257e-06,3.323420e-06,8.871128e-07,4.680359e-07,1.118060e-08,4.927422e-09,1.210356e-10,4.623775e-11,2.014520e-06,1.231491e-06,4.969814e-06,3.115256e-06,8.798723e-07,4.273910e-07,0.000000e+00,0.000000e+00,9.410460e-06,7.282620e-06,6.889278e-07,2.542806e-06,1.557332e-06
7.495000e+02,2.469178e-06,1.503731e-06,2.914388e-07,8.556012e-08,1.579139e-06,8.192783e-07,3.345117e-06,2.237201e-06,5.181039e-06,3.886922e-06,6.359205e-07,3.197495e-07,4.938828e-06,3.260096e-06,8.638848e-07,4.536733e-07,1.076308e-08,4.721929e-09,1.151194e-10,4.379361e-11,1.975387e-06,1.203020e-06,4.879712e-06,3.046921e-06,8.553480e-07,4.121746e-07,0.000000e+00,0.000000e+00,9.306156e-06,7.195889e-06,6.661192e-07,2.493580e-06,1.521478e-06
7.500000e+02,2.420888e-06,1.468681e-06,2.732915e-07,7.909339e-08,1.539268e-06,7.932031e-07,3.290511e-06,2.195415e-06,5.116891e-06,3.834956e-06,6.187359e-07,3.089031e-07,4.857294e-06,3.197559e-06,8.410930e-07,4.396350e-07,1.035835e-08,4.523565e-09,1.094557e-10,4.146317e-11,1.936752e-06,1.174977e-06,4.790596e-06,2.979493e-06,8.312423e-07,3.973136e-07,0.000000e+00,0.000000e+00,9.202734e-06,7.109932e-06,6.437605e-07,2.444980e-06,1.486160e-06
7.505000e+02,2.373217e-06,1.434161e-06,2.557729e-07,7.292561e-08,1.500017e-06,7.676610e-07,3.236521e-06,2.154157e-06,5.053356e-06,3.783514e-06,6.018473e-07,2.983001e-07,4.776648e-06,3.135802e-06,8.187324e-07,4.259164e-07,9.966099e-09,4.332134e-09,1.040349e-10,3.924186e-11,1.898613e-06,1.147359e-06,4.702462e-06,2.912970e-06,8.075520e-07,3.828053e-07,0.000000e+00,0.000000e+00,9.100186e-06,7.024744e-06,6.218481e-07,2.397000e-06,1.451376e-06
7.510000e+02,2.326159e-06,1.400168e-06,2.388783e-07,6.705450e-08,1.461383e-06,7.426479e-07,3.183142e-06,2.113423e-06,4.990428e-06,3.732594e-06,5.852519e-07,2.879384e-07,4.696884e-06,3.074821e-06,7.967979e-07,4.125130e-07,9.586020e-09,4.147441e-09,9.884829e-11,3.712523e-11,1.860964e-06,1.120162e-06,4.615303e-06,2.847347e-06,7.842736e-07,3.686466e-07,0.000000e+00,0.000000e+00,8.998509e-06,6.940321e-06,6.003785e-07,2.349635e-06,1.417119e-06
7.515000e+02,2.279710e-06,1.366697e-06,2.226030e-07,6.147781e-08,1.423361e-06,7.181596e-07,3.130370e-06,2.073210e-06,4.928103e-06,3.682191e-06,5.689471e-07,2.778154e-07,4.617998e-06,3.014610e-06,7.752843e-07,3.994203e-07,9.217813e-09,3.969298e-09,9.388699e-11,3.510901e-11,1.823802e-06,1.093383e-06,4.529116e-06,2.782618e-06,7.614039e-07,3.548347e-07,0.000000e+00,0.000000e+00,8.897695e-06,6.856657e-06,5.793479e-07,2.302882e-06,1.383387e-06
7.520000e+02,2.233865e-06,1.333744e-06,2.069424e-07,5.619332e-08,1.385947e-06,6.941922e-07,3.078200e-06,2.033514e-06,4.866377e-06,3.632301e-06,5.529301e-07,2.679291e-07,4.539982e-06,2.955164e-06,7.541868e-07,3.866337e-07,8.861184e-09,3.797518e-09,8.914259e-11,3.318907e-11,1.787124e-06,1.067019e-06,4.443895e-06,2.718779e-06,7.389397e-07,3.413667e-07,0.000000e+00,0.000000e+00,8.797740e-06,6.773746e-06,5.587530e-07,2.256736e-06,1.350176e-06
7.525000e+02,2.188620e-06,1.301305e-06,1.918918e-07,5.119879e-08,1.349135e-06,6.707415e-07,3.026627e-06,1.994329e-06,4.805244e-06,3.582920e-06,5.371981e-07,2.582770e-07,4.462832e-06,2.896477e-06,7.335002e-07,3.741488e-07,8.515844e-09,3.631920e-09,8.460694e-11,3.136142e-11,1.750926e-06,1.041066e-06,4.359636e-06,2.655827e-06,7.168777e-07,3.282399e-07,0.000000e+00,0.000000e+00,8.698638e-06,6.691584e-06,5.385901e-07,2.211192e-06,1.317480e-06
7.530000e+02,2.143971e-06,1.269377e-06,1.774466e-07,4.649202e-08,1.312921e-06,6.478036e-07,2.975648e-06,1.955653e-06,4.744700e-06,3.534045e-06,5.217485e-07,2.488569e-07,4.386542e-06,2.838546e-06,7.132195e-07,3.619612e-07,8.181511e-09,3.472328e-09,8.027214e-11,2.962223e-11,1.715204e-06,1.015522e-06,4.276333e-06,2.593756e-06,6.952147e-07,3.154513e-07,0.000000e+00,0.000000e+00,8.600383e-06,6.610166e-06,5.188559e-07,2.166245e-06,1.285297e-06
7.535000e+02,2.099912e-06,1.237955e-06,1.636023e-07,4.207082e-08,1.277301e-06,6.253745e-07,2.925256e-06,1.917481e-06,4.684742e-06,3.485671e-06,5.065787e-07,2.396666e-07,4.311105e-06,2.781364e-06,6.933399e-07,3.500664e-07,7.857907e-09,3.318566e-09,7.613054e-11,2.796779e-11,1.679955e-06,9.903829e-07,4.193983e-06,2.532563e-06,6.739475e-07,3.029983e-07,0.000000e+00,0.000000e+00,8.502970e-06,6.529487e-06,4.995468e-07,2.121891e-06,1.253622e-06
7.540000e+02,2.056439e-06,1.207035e-06,1.503544e-07,3.793301e-08,1.242270e-06,6.034501e-07,2.875449e-06,1.879809e-06,4.625364e-06,3.437794e-06,4.916861e-07,2.307038e-07,4.236518e-06,2.724927e-06,6.738565e-07,3.384600e-07,7.544760e-09,3.170466e-09,7.217474e-11,2.639452e-11,1.645175e-06,9.656456e-07,4.112580e-06,2.472243e-06,6.530730e-07,2.908779e-07,0.000000e+00,0.000000e+00,8.406393e-06,6.449542e-06,4.806594e-07,2.078125e-06,1.222452e-06
7.545000e+02,2.013548e-06,1.176613e-06,1.376983e-07,3.407642e-08,1.207824e-06,5.820266e-07,2.826222e-06,1.842634e-06,4.566562e-06,3.390410e-06,4.770679e-07,2.219664e-07,4.162774e-06,2.669229e-06,6.547643e-07,3.271377e-07,7.241803e-09,3.027861e-09,6.839758e-11,2.489897e-11,1.610861e-06,9.413072e-07,4.032120e-06,2.412791e-06,6.325879e-07,2.790876e-07,0.000000e+00,0.000000e+00,8.310647e-06,6.370325e-06,4.621902e-07,2.034944e-06,1.191781e-06
7.550000e+02,1.971235e-06,1.146686e-06,1.256295e-07,3.049890e-08,1.173959e-06,5.611001e-07,2.777570e-06,1.805952e-06,4.508332e-06,3.343517e-06,4.627217e-07,2.134521e-07,4.089867e-06,2.614266e-06,6.360584e-07,3.160952e-07,6.948775e-09,2.890588e-09,6.479215e-11,2.347783e-11,1.577009e-06,9.173644e-07,3.952598e-06,2.354204e-06,6.124891e-07,2.676244e-07,0.000000e+00,0.000000e+00,8.215726e-06,6.291832e-06,4.441360e-07,1.992342e-06,1.161607e-06
7.555000e+02,1.929495e-06,1.117250e-06,1.141437e-07,2.719831e-08,1.140669e-06,5.406666e-07,2.729488e-06,1.769758e-06,4.450670e-06,3.297109e-06,4.486448e-07,2.051588e-07,4.017792e-06,2.560032e-06,6.177342e-07,3.053280e-07,6.665418e-09,2.758489e-09,6.135174e-11,2.212789e-11,1.543615e-06,8.938142e-07,3.874009e-06,2.296476e-06,5.927736e-07,2.564858e-07,0.000000e+00,0.000000e+00,8.121626e-06,6.214058e-06,4.264932e-07,1.950316e-06,1.131926e-06
7.560000e+02,1.888324e-06,1.088301e-06,1.032364e-07,2.417253e-08,1.107950e-06,5.207223e-07,2.681974e-06,1.734050e-06,4.393570e-06,3.251183e-06,4.348348e-07,1.970843e-07,3.946544e-06,2.506523e-06,5.997867e-07,2.948321e-07,6.391483e-09,2.631409e-09,5.806989e-11,2.084607e-11,1.510677e-06,8.706536e-07,3.796349e-06,2.239604e-06,5.734382e-07,2.456690e-07,0.000000e+00,0.000000e+00,8.028339e-06,6.136998e-06,4.092587e-07,1.908861e-06,1.102734e-06
7.565000e+02,1.847717e-06,1.059834e-06,9.290310e-08,2.138187e-08,1.075799e-06,5.012633e-07,2.635021e-06,1.698822e-06,4.337030e-06,3.205735e-06,4.212891e-07,1.892265e-07,3.876117e-06,2.453733e-06,5.822111e-07,2.846030e-07,6.126721e-09,2.509196e-09,5.494033e-11,1.962940e-11,1.478190e-06,8.478794e-07,3.719613e-06,2.183584e-06,5.544798e-07,2.351713e-07,0.000000e+00,0.000000e+00,7.935862e-06,6.060647e-06,3.924289e-07,1.867972e-06,1.074026e-06
7.570000e+02,1.807670e-06,1.031847e-06,8.313956e-08,1.877821e-08,1.044211e-06,4.822859e-07,2.588627e-06,1.664072e-06,4.281044e-06,3.160762e-06,4.080051e-07,1.815834e-07,3.806506e-06,2.401658e-06,5.650029e-07,2.746366e-07,5.870893e-09,2.391701e-09,5.195703e-11,1.847503e-11,1.446152e-06,8.254886e-07,3.643797e-06,2.128411e-06,5.358955e-07,2.249901e-07,0.000000e+00,0.000000e+00,7.844189e-06,5.985001e-06,3.760007e-07,1.827645e-06,1.045799e-06
7.575000e+02,1.768179e-06,1.004335e-06,7.394142e-08,1.635916e-08,1.013182e-06,4.637863e-07,2.542786e-06,1.629795e-06,4.225608e-06,3.116259e-06,3.949805e-07,1.741527e-07,3.737705e-06,2.350293e-06,5.481571e-07,2.649287e-07,5.623761e-09,2.278780e-09,4.911413e-11,1.738019e-11,1.414558e-06,8.034782e-07,3.568896e-06,2.074081e-06,5.176822e-07,2.151227e-07,0.000000e+00,0.000000e+00,7.753315e-06,5.910054e-06,3.599708e-07,1.787877e-06,1.018050e-06
7.580000e+02,1.729240e-06,9.772946e-07,6.530435e-08,1.412329e-08,9.827066e-07,4.457606e-07,2.497495e-06,1.595988e-06,4.170719e-06,3.072224e-06,3.822127e-07,1.669325e-07,3.669709e-06,2.299633e-06,5.316692e-07,2.554751e-07,5.385093e-09,2.170291e-09,4.640599e-11,1.634223e-11,1.383405e-06,7.818452e-07,3.494905e-06,2.020590e-06,4.998369e-07,2.055665e-07,0.000000e+00,0.000000e+00,7.663234e-06,5.835801e-06,3.443359e-07,1.748662e-06,9.907741e-07
7.585000e+02,1.690848e-06,9.507223e-07,5.722407e-08,1.206921e-08,9.527815e-07,4.282052e-07,2.452750e-06,1.562648e-06,4.116372e-06,3.028651e-06,3.696993e-07,1.599207e-07,3.602513e-06,2.249674e-06,5.155345e-07,2.462716e-07,5.154662e-09,2.066095e-09,4.382715e-11,1.535862e-11,1.352691e-06,7.605867e-07,3.421820e-06,1.967934e-06,4.823566e-07,1.963190e-07,0.000000e+00,0.000000e+00,7.573940e-06,5.762239e-06,3.290927e-07,1.709997e-06,9.639681e-07
7.590000e+02,1.652999e-06,9.246143e-07,4.969632e-08,1.019552e-08,9.234024e-07,4.111164e-07,2.408545e-06,1.529770e-06,4.062562e-06,2.985539e-06,3.574379e-07,1.531151e-07,3.536111e-06,2.200409e-06,4.997484e-07,2.373141e-07,4.932245e-09,1.966058e-09,4.137235e-11,1.442688e-11,1.322411e-06,7.396996e-07,3.349636e-06,1.916108e-06,4.652383e-07,1.873775e-07,0.000000e+00,0.000000e+00,7.485430e-06,5.689362e-06,3.142381e-07,1.671877e-06,9.376283e-07
7.595000e+02,1.615690e-06,8.989668e-07,4.271687e-08,8.500831e-09,8.945650e-07,3.944904e-07,2.364877e-06,1.497350e-06,4.009287e-06,2.942882e-06,3.454261e-07,1.465139e-07,3.470499e-06,2.151835e-06,4.843063e-07,2.285986e-07,4.717626e-09,1.870047e-09,3.903650e-11,1.354467e-11,1.292563e-06,7.191810e-07,3.278350e-06,1.865109e-06,4.484792e-07,1.787394e-07,0.000000e+00,0.000000e+00,7.397697e-06,5.617165e-06,2.997690e-07,1.634298e-06,9.117508e-07
7.600000e+02,1.578915e-06,8.737763e-07,3.628153e-08,6.983763e-09,8.662652e-07,3.783236e-07,2.321743e-06,1.465386e-06,3.956541e-06,2.900678e-06,3.336615e-07,1.401150e-07,3.405670e-06,2.103947e-06,4.692035e-07,2.201210e-07,4.510589e-09,1.777934e-09,3.681469e-11,1.270972e-11,1.263142e-06,6.990280e-07,3.207956e-06,1.814932e-06,4.320762e-07,1.704022e-07,0.000000e+00,0.000000e+00,7.310737e-06,5.545644e-06,2.856820e-07,1.597256e-06,8.863321e-07
7.605000e+02,1.542671e-06,8.490391e-07,3.038611e-08,5.642949e-09,8.384988e-07,3.626124e-07,2.279137e-06,1.433874e-06,3.904320e-06,2.858923e-06,3.221417e-07,1.339164e-07,3.341620e-06,2.056741e-06,4.544356e-07,2.118771e-07,4.310926e-09,1.689593e-09,3.470217e-11,1.191983e-11,1.234146e-06,6.792377e-07,3.138450e-06,1.765573e-06,4.160265e-07,1.623634e-07,0.000000e+00,0.000000e+00,7.224544e-06,5.474795e-06,2.719741e-07,1.560748e-06,8.613686e-07
7.610000e+02,1.506954e-06,8.247517e-07,2.502646e-08,4.477027e-09,8.112619e-07,3.473531e-07,2.237056e-06,1.402809e-06,3.852622e-06,2.817613e-06,3.108645e-07,1.279162e-07,3.278343e-06,2.010210e-06,4.399980e-07,2.038631e-07,4.118432e-09,1.604901e-09,3.269438e-11,1.117293e-11,1.205572e-06,6.598072e-07,3.069827e-06,1.717029e-06,4.003271e-07,1.546196e-07,0.000000e+00,0.000000e+00,7.139114e-06,5.404612e-06,2.586421e-07,1.524768e-06,8.368566e-07
7.615000e+02,1.471760e-06,8.009104e-07,2.019847e-08,3.484646e-09,7.845502e-07,3.325422e-07,2.195495e-06,1.372189e-06,3.801440e-06,2.776745e-06,2.998274e-07,1.221123e-07,3.215835e-06,1.964352e-06,4.258863e-07,1.960748e-07,3.932906e-09,1.523738e-09,3.078689e-11,1.046699e-11,1.177416e-06,6.407337e-07,3.002084e-06,1.669294e-06,3.849753e-07,1.471443e-07,0.000000e+00,0.000000e+00,7.054440e-06,5.335091e-06,2.456830e-07,1.489312e-06,8.127925e-07
7.620000e+02,1.437084e-06,7.775117e-07,1.589803e-08,2.664464e-09,7.583597e-07,3.181761e-07,2.154452e-06,1.342010e-06,3.750773e-06,2.736315e-06,2.890282e-07,1.165029e-07,3.154090e-06,1.919160e-06,4.120960e-07,1.885084e-07,3.754153e-09,1.445988e-09,2.897546e-11,9.800076e-12,1.149675e-06,6.220144e-07,2.935216e-06,1.622366e-06,3.699682e-07,1.399199e-07,0.000000e+00,0.000000e+00,6.970519e-06,5.266228e-06,2.330937e-07,1.454378e-06,7.891728e-07
7.625000e+02,1.402923e-06,7.545521e-07,1.212108e-08,2.011728e-09,7.326865e-07,3.042513e-07,2.113921e-06,1.312269e-06,3.700615e-06,2.696320e-06,2.784646e-07,1.110861e-07,3.093104e-06,1.874631e-06,3.986226e-07,1.811599e-07,3.581979e-09,1.371536e-09,2.725597e-11,9.170337e-12,1.122346e-06,6.036463e-07,2.869218e-06,1.576240e-06,3.553029e-07,1.329444e-07,0.000000e+00,0.000000e+00,6.887345e-06,5.198017e-06,2.208711e-07,1.419960e-06,7.659940e-07
7.630000e+02,1.369273e-06,7.320281e-07,8.863573e-09,1.470069e-09,7.075264e-07,2.907642e-07,2.073899e-06,1.282961e-06,3.650962e-06,2.656756e-06,2.681343e-07,1.058599e-07,3.032870e-06,1.830760e-06,3.854618e-07,1.740253e-07,3.416198e-09,1.300272e-09,2.562447e-11,8.575989e-12,1.095425e-06,5.856268e-07,2.804087e-06,1.530912e-06,3.409767e-07,1.262157e-07,0.000000e+00,0.000000e+00,6.804912e-06,5.130455e-06,2.090123e-07,1.386054e-06,7.432525e-07
7.635000e+02,1.336130e-06,7.099363e-07,6.121493e-09,1.014307e-09,6.828757e-07,2.777114e-07,2.034381e-06,1.254084e-06,3.601812e-06,2.617620e-06,2.580352e-07,1.008225e-07,2.973384e-06,1.787543e-06,3.726091e-07,1.671008e-07,3.256624e-09,1.232087e-09,2.407714e-11,8.015322e-12,1.068910e-06,5.679529e-07,2.739817e-06,1.486379e-06,3.269867e-07,1.197317e-07,0.000000e+00,0.000000e+00,6.723217e-06,5.063537e-06,1.975140e-07,1.352658e-06,7.209449e-07
7.640000e+02,1.303489e-06,6.882731e-07,3.890849e-09,6.437761e-10,6.587302e-07,2.650893e-07,1.995365e-06,1.225634e-06,3.553159e-06,2.578909e-06,2.481649e-07,9.597192e-08,2.914641e-06,1.744974e-06,3.600603e-07,1.603825e-07,3.103077e-09,1.166875e-09,2.261029e-11,7.486694e-12,1.042797e-06,5.506221e-07,2.676405e-06,1.442635e-06,3.133303e-07,1.134903e-07,0.000000e+00,0.000000e+00,6.642254e-06,4.997258e-06,1.863735e-07,1.319766e-06,6.990676e-07
7.645000e+02,1.271347e-06,6.670351e-07,2.167676e-09,3.578166e-10,6.350862e-07,2.528946e-07,1.956845e-06,1.197607e-06,3.505000e-06,2.540619e-06,2.385212e-07,9.129675e-08,2.856637e-06,1.703049e-06,3.478109e-07,1.538666e-07,2.955382e-09,1.104533e-09,2.122040e-11,6.988533e-12,1.017083e-06,5.336314e-07,2.613846e-06,1.399678e-06,3.000046e-07,1.074895e-07,0.000000e+00,0.000000e+00,6.562019e-06,4.931614e-06,1.755878e-07,1.287375e-06,6.776173e-07
7.650000e+02,1.239701e-06,6.462190e-07,9.480339e-10,1.557717e-10,6.119396e-07,2.411237e-07,1.918819e-06,1.170001e-06,3.457331e-06,2.502746e-06,2.291020e-07,8.678122e-08,2.799365e-06,1.661765e-06,3.358568e-07,1.475493e-07,2.813365e-09,1.044960e-09,1.990404e-11,6.519329e-12,9.917653e-07,5.169782e-07,2.552137e-06,1.357503e-06,2.870069e-07,1.017255e-07,0.000000e+00,0.000000e+00,6.482505e-06,4.866600e-06,1.651538e-07,1.255481e-06,6.565906e-07
7.655000e+02,1.208545e-06,6.258213e-07,2.280090e-10,3.698903e-11,5.892867e-07,2.297734e-07,1.881282e-06,1.142811e-06,3.410149e-06,2.465287e-06,2.199052e-07,8.242323e-08,2.742821e-06,1.621116e-06,3.241935e-07,1.414266e-07,2.676859e-09,9.880601e-10,1.865792e-11,6.077637e-12,9.668406e-07,5.006599e-07,2.491272e-06,1.316107e-06,2.743346e-07,9.616933e-08,0.000000e+00,0.000000e+00,6.403709e-06,4.802213e-06,1.550686e-07,1.224081e-06,6.359839e-07
7.660000e+02,1.177877e-06,6.058387e-07,0.000000e+00,0.000000e+00,5.671236e-07,2.188380e-07,1.844231e-06,1.116035e-06,3.363450e-06,2.428240e-06,2.109285e-07,7.822124e-08,2.687001e-06,1.581097e-06,3.128169e-07,1.354950e-07,2.545697e-09,9.337365e-10,1.747888e-11,5.662073e-12,9.423059e-07,4.846736e-07,2.431248e-06,1.275486e-06,2.619849e-07,9.080847e-08,0.000000e+00,0.000000e+00,6.325626e-06,4.738447e-06,1.453294e-07,1.193169e-06,6.157941e-07
7.665000e+02,1.147693e-06,5.862679e-07,0.000000e+00,0.000000e+00,5.454464e-07,2.082764e-07,1.807661e-06,1.089669e-06,3.317229e-06,2.391600e-06,2.021698e-07,7.417371e-08,2.631898e-06,1.541706e-06,3.017228e-07,1.297505e-07,2.419719e-09,8.818969e-10,1.636387e-11,5.271309e-12,9.181580e-07,4.690167e-07,2.372061e-06,1.235636e-06,2.499552e-07,8.564129e-08,0.000000e+00,0.000000e+00,6.248250e-06,4.675299e-06,1.359333e-07,1.162743e-06,5.960176e-07
7.670000e+02,1.117988e-06,5.671055e-07,0.000000e+00,0.000000e+00,5.242514e-07,1.980684e-07,1.771569e-06,1.063710e-06,3.271483e-06,2.355365e-06,1.936270e-07,7.027909e-08,2.577509e-06,1.502936e-06,2.909070e-07,1.241896e-07,2.298767e-09,8.324508e-10,1.530996e-11,4.904077e-12,8.943940e-07,4.536866e-07,2.313706e-06,1.196552e-06,2.382428e-07,8.066614e-08,0.000000e+00,0.000000e+00,6.171578e-06,4.612764e-06,1.268773e-07,1.132799e-06,5.766513e-07
7.675000e+02,1.088760e-06,5.483483e-07,0.000000e+00,0.000000e+00,5.035349e-07,1.882110e-07,1.735952e-06,1.038155e-06,3.226209e-06,2.319531e-06,1.852980e-07,6.653588e-08,2.523829e-06,1.464784e-06,2.803652e-07,1.188085e-07,2.182686e-09,7.853105e-10,1.431434e-11,4.559160e-12,8.710109e-07,4.386806e-07,2.256180e-06,1.158232e-06,2.268450e-07,7.588141e-08,0.000000e+00,0.000000e+00,6.095604e-06,4.550837e-06,1.181588e-07,1.103333e-06,5.576918e-07
7.680000e+02,1.060003e-06,5.299929e-07,0.000000e+00,0.000000e+00,4.832930e-07,1.787015e-07,1.700805e-06,1.013000e-06,3.181402e-06,2.284094e-06,1.771808e-07,6.294217e-08,2.470853e-06,1.427246e-06,2.700933e-07,1.136035e-07,2.071326e-09,7.403903e-10,1.337428e-11,4.235397e-12,8.480056e-07,4.239962e-07,2.199477e-06,1.120671e-06,2.157594e-07,7.128549e-08,0.000000e+00,0.000000e+00,6.020323e-06,4.489516e-06,1.097747e-07,1.074341e-06,5.391358e-07
7.685000e+02,1.031716e-06,5.120362e-07,0.000000e+00,0.000000e+00,4.635221e-07,1.695370e-07,1.666125e-06,9.882421e-07,3.137060e-06,2.249053e-06,1.692732e-07,5.948489e-08,2.418575e-06,1.390317e-06,2.600873e-07,1.085710e-07,1.964540e-09,6.976070e-10,1.248717e-11,3.931675e-12,8.253753e-07,4.096306e-07,2.143595e-06,1.083866e-06,2.049832e-07,6.687678e-08,0.000000e+00,0.000000e+00,5.945731e-06,4.428794e-06,1.017224e-07,1.045819e-06,5.209800e-07
7.690000e+02,1.003893e-06,4.944749e-07,0.000000e+00,0.000000e+00,4.442185e-07,1.607148e-07,1.631908e-06,9.638782e-07,3.093177e-06,2.214403e-06,1.615733e-07,5.615130e-08,2.366992e-06,1.353993e-06,2.503431e-07,1.037073e-07,1.862182e-09,6.568798e-10,1.165052e-11,3.646932e-12,8.031171e-07,3.955815e-07,2.088528e-06,1.047813e-06,1.945139e-07,6.265370e-08,0.000000e+00,0.000000e+00,5.871824e-06,4.368669e-06,9.399907e-08,1.017764e-06,5.032213e-07
7.695000e+02,9.765318e-07,4.773058e-07,0.000000e+00,0.000000e+00,4.253784e-07,1.522321e-07,1.598151e-06,9.399049e-07,3.049752e-06,2.180141e-06,1.540790e-07,5.293979e-08,2.316098e-06,1.318269e-06,2.408565e-07,9.900890e-08,1.764113e-09,6.181299e-10,1.086190e-11,3.380152e-12,7.812278e-07,3.818461e-07,2.034273e-06,1.012508e-06,1.843490e-07,5.861467e-08,0.000000e+00,0.000000e+00,5.798595e-06,4.309135e-06,8.660192e-08,9.901727e-07,4.858563e-07
7.700000e+02,9.496282e-07,4.605258e-07,0.000000e+00,0.000000e+00,4.069983e-07,1.440828e-07,1.564850e-06,9.163193e-07,3.006780e-06,2.146264e-06,1.467883e-07,4.984917e-08,2.265889e-06,1.283142e-06,2.316236e-07,9.447215e-08,1.670194e-09,5.812808e-10,1.011901e-11,3.130366e-12,7.597048e-07,3.684219e-07,1.980827e-06,9.779477e-07,1.744859e-07,5.475814e-08,0.000000e+00,0.000000e+00,5.726042e-06,4.250189e-06,7.952822e-08,9.630405e-07,4.688820e-07
7.705000e+02,9.231787e-07,4.441316e-07,0.000000e+00,0.000000e+00,3.890746e-07,1.362222e-07,1.532001e-06,8.931180e-07,2.964257e-06,2.112770e-06,1.396992e-07,4.687822e-08,2.216360e-06,1.248607e-06,2.226402e-07,9.009349e-08,1.580293e-09,5.462583e-10,9.419626e-12,2.896647e-12,7.385450e-07,3.553065e-07,1.928184e-06,9.441282e-07,1.649220e-07,5.108255e-08,0.000000e+00,0.000000e+00,5.654159e-06,4.191827e-06,7.277524e-08,9.363643e-07,4.522952e-07
7.710000e+02,8.971798e-07,4.281202e-07,0.000000e+00,0.000000e+00,3.716036e-07,1.286370e-07,1.499600e-06,8.702980e-07,2.922180e-06,2.079655e-06,1.328097e-07,4.402577e-08,2.167507e-06,1.214660e-06,2.139026e-07,8.586941e-08,1.494276e-09,5.129902e-10,8.761606e-12,2.678111e-12,7.177457e-07,3.424972e-07,1.876341e-06,9.110458e-07,1.556550e-07,4.758635e-08,0.000000e+00,0.000000e+00,5.582941e-06,4.134044e-06,6.634030e-08,9.101403e-07,4.360927e-07
7.715000e+02,8.716278e-07,4.124884e-07,0.000000e+00,0.000000e+00,3.545817e-07,1.213250e-07,1.467646e-06,8.478562e-07,2.880546e-06,2.046915e-06,1.261179e-07,4.129062e-08,2.119324e-06,1.181296e-06,2.054065e-07,8.179639e-08,1.412017e-09,4.814064e-10,8.142905e-12,2.473914e-12,6.973039e-07,3.299917e-07,1.825294e-06,8.786969e-07,1.466822e-07,4.426803e-08,0.000000e+00,0.000000e+00,5.512385e-06,4.076837e-06,6.022070e-08,8.843651e-07,4.202713e-07
7.720000e+02,8.465192e-07,3.972332e-07,0.000000e+00,0.000000e+00,3.380055e-07,1.142839e-07,1.436132e-06,8.257895e-07,2.839351e-06,2.014548e-06,1.196219e-07,3.867162e-08,2.071808e-06,1.148513e-06,1.971483e-07,7.787093e-08,1.333390e-09,4.514388e-10,7.561558e-12,2.283254e-12,6.772169e-07,3.177874e-07,1.775038e-06,8.470779e-07,1.380013e-07,4.111062e-08,0.000000e+00,0.000000e+00,5.442485e-06,4.020201e-06,5.441379e-08,8.590351e-07,4.048281e-07
7.725000e+02,8.218505e-07,3.823514e-07,0.000000e+00,0.000000e+00,3.218714e-07,1.075117e-07,1.405057e-06,8.040948e-07,2.798592e-06,1.982551e-06,1.133197e-07,3.616760e-08,2.024954e-06,1.116305e-06,1.891238e-07,7.408956e-08,1.258273e-09,4.230215e-10,7.015680e-12,2.105364e-12,6.574819e-07,3.058819e-07,1.725571e-06,8.161851e-07,1.296097e-07,3.809054e-08,0.000000e+00,0.000000e+00,5.373237e-06,3.964131e-06,4.891691e-08,8.341468e-07,3.897598e-07
7.730000e+02,7.976183e-07,3.678400e-07,0.000000e+00,0.000000e+00,3.061758e-07,1.010062e-07,1.374417e-06,7.827692e-07,2.758265e-06,1.950921e-06,1.072094e-07,3.377741e-08,1.978756e-06,1.084668e-06,1.813292e-07,7.044886e-08,1.186548e-09,3.960904e-10,6.503464e-12,1.939513e-12,6.380960e-07,2.942728e-07,1.676888e-06,7.860151e-07,1.215051e-07,3.520588e-08,0.000000e+00,0.000000e+00,5.304636e-06,3.908626e-06,4.372746e-08,8.096966e-07,3.750635e-07
7.735000e+02,7.738191e-07,3.536961e-07,0.000000e+00,0.000000e+00,2.909154e-07,9.476519e-08,1.344209e-06,7.618095e-07,2.718366e-06,1.919655e-06,1.012892e-07,3.149993e-08,1.933211e-06,1.053599e-06,1.737608e-07,6.694538e-08,1.118096e-09,3.705835e-10,6.023177e-12,1.785007e-12,6.190565e-07,2.829576e-07,1.628985e-06,7.565641e-07,1.136850e-07,3.245547e-08,0.000000e+00,0.000000e+00,5.236679e-06,3.853679e-06,3.884282e-08,7.856812e-07,3.607361e-07
7.740000e+02,7.504494e-07,3.399165e-07,0.000000e+00,0.000000e+00,2.760866e-07,8.878653e-08,1.314428e-06,7.412129e-07,2.678893e-06,1.888749e-06,9.555706e-08,2.933401e-08,1.888315e-06,1.023094e-06,1.664145e-07,6.357574e-08,1.052806e-09,3.464405e-10,5.573160e-12,1.641183e-12,6.003606e-07,2.719338e-07,1.581859e-06,7.278286e-07,1.061471e-07,2.983819e-08,0.000000e+00,0.000000e+00,5.169361e-06,3.799287e-06,3.426041e-08,7.620970e-07,3.467746e-07
7.745000e+02,7.275058e-07,3.264984e-07,0.000000e+00,0.000000e+00,2.616861e-07,8.306811e-08,1.285071e-06,7.209763e-07,2.639842e-06,1.858202e-06,9.001126e-08,2.727855e-08,1.844062e-06,9.931476e-07,1.592867e-07,6.033655e-08,9.905668e-10,3.236032e-10,5.151823e-12,1.507413e-12,5.820057e-07,2.611993e-07,1.535505e-06,6.998051e-07,9.888889e-08,2.735290e-08,0.000000e+00,0.000000e+00,5.102676e-06,3.745447e-06,2.997766e-08,7.389407e-07,3.331760e-07
7.750000e+02,7.049850e-07,3.134386e-07,0.000000e+00,0.000000e+00,2.477104e-07,7.760784e-08,1.256136e-06,7.010967e-07,2.601209e-06,1.828009e-06,8.464993e-08,2.532704e-08,1.800448e-06,9.637567e-07,1.523734e-07,5.722447e-08,9.312700e-10,3.020151e-10,4.757646e-12,1.383097e-12,5.639890e-07,2.507514e-07,1.489919e-06,6.724901e-07,9.190810e-08,2.499846e-08,0.000000e+00,0.000000e+00,5.036622e-06,3.692154e-06,2.599203e-08,7.162088e-07,3.199373e-07
7.755000e+02,6.828835e-07,3.007344e-07,0.000000e+00,0.000000e+00,2.341561e-07,7.240361e-08,1.227619e-06,6.815713e-07,2.562992e-06,1.798168e-06,7.947125e-08,2.346322e-08,1.757469e-06,9.349172e-07,1.456710e-07,5.423614e-08,8.748106e-10,2.816215e-10,4.389172e-12,1.267668e-12,5.463077e-07,2.405880e-07,1.445099e-06,6.458800e-07,8.520236e-08,2.277377e-08,0.000000e+00,0.000000e+00,4.971193e-06,3.639404e-06,2.230098e-08,6.938979e-07,3.070555e-07
7.760000e+02,6.611981e-07,2.883828e-07,0.000000e+00,0.000000e+00,2.210199e-07,6.745335e-08,1.199515e-06,6.623971e-07,2.525186e-06,1.768676e-06,7.447339e-08,2.168377e-08,1.715120e-06,9.066252e-07,1.391757e-07,5.136827e-08,8.210862e-10,2.623695e-10,4.045008e-12,1.160584e-12,5.289593e-07,2.307067e-07,1.401039e-06,6.199714e-07,7.876933e-08,2.067772e-08,0.000000e+00,0.000000e+00,4.906385e-06,3.587194e-06,1.890201e-08,6.720047e-07,2.945279e-07
7.765000e+02,6.399254e-07,2.763808e-07,0.000000e+00,0.000000e+00,2.082985e-07,6.275497e-08,1.171824e-06,6.435713e-07,2.487789e-06,1.739531e-06,6.965458e-08,1.998785e-08,1.673397e-06,8.788768e-07,1.328838e-07,4.861756e-08,7.699967e-10,2.442081e-10,3.723822e-12,1.061333e-12,5.119411e-07,2.211051e-07,1.357737e-06,5.947608e-07,7.260672e-08,1.870919e-08,0.000000e+00,0.000000e+00,4.842195e-06,3.535520e-06,1.579263e-08,6.505259e-07,2.823513e-07
7.770000e+02,6.190620e-07,2.647256e-07,0.000000e+00,0.000000e+00,1.959884e-07,5.828022e-08,1.144539e-06,6.250909e-07,2.450798e-06,1.710729e-06,6.501303e-08,1.837462e-08,1.632296e-06,8.516680e-07,1.267916e-07,4.598075e-08,7.214447e-10,2.270878e-10,3.424342e-12,9.694288e-13,4.952503e-07,2.117809e-07,1.315188e-06,5.702448e-07,6.671223e-08,1.686710e-08,0.000000e+00,0.000000e+00,4.778616e-06,3.484377e-06,1.297037e-08,6.294582e-07,2.705230e-07
7.775000e+02,5.986048e-07,2.534144e-07,0.000000e+00,0.000000e+00,1.840865e-07,5.399891e-08,1.117660e-06,6.069532e-07,2.414208e-06,1.682267e-06,6.054699e-08,1.684326e-08,1.591813e-06,8.249950e-07,1.208954e-07,4.345458e-08,6.753354e-10,2.109608e-10,3.145352e-12,8.844092e-13,4.788845e-07,2.027319e-07,1.273389e-06,5.464198e-07,6.108357e-08,1.515037e-08,0.000000e+00,0.000000e+00,4.715647e-06,3.433762e-06,1.043276e-08,6.087982e-07,2.590400e-07
7.780000e+02,5.785505e-07,2.424443e-07,0.000000e+00,0.000000e+00,1.725895e-07,4.990922e-08,1.091182e-06,5.891552e-07,2.378018e-06,1.654143e-06,5.625472e-08,1.539294e-08,1.551942e-06,7.988539e-07,1.151915e-07,4.103583e-08,6.315763e-10,1.957810e-10,2.885691e-12,8.058370e-13,4.628410e-07,1.939557e-07,1.232336e-06,5.232826e-07,5.571849e-08,1.355792e-08,0.000000e+00,0.000000e+00,4.653281e-06,3.383672e-06,8.177374e-09,5.885427e-07,2.478995e-07
7.785000e+02,5.588958e-07,2.318124e-07,0.000000e+00,0.000000e+00,1.614940e-07,4.600958e-08,1.065102e-06,5.716943e-07,2.342223e-06,1.626354e-06,5.213447e-08,1.402284e-08,1.512680e-06,7.732408e-07,1.096764e-07,3.872130e-08,5.900775e-10,1.815040e-10,2.644250e-12,7.332982e-13,4.471172e-07,1.854502e-07,1.192025e-06,5.008297e-07,5.061474e-08,1.208867e-08,0.000000e+00,0.000000e+00,4.591515e-06,3.334101e-06,6.201796e-09,5.686885e-07,2.370988e-07
7.790000e+02,5.396375e-07,2.215160e-07,0.000000e+00,0.000000e+00,1.507970e-07,4.229845e-08,1.039417e-06,5.545675e-07,2.306821e-06,1.598897e-06,4.818455e-08,1.273216e-08,1.474023e-06,7.481521e-07,1.043464e-07,3.650780e-08,5.507514e-10,1.680868e-10,2.419972e-12,6.664004e-13,4.317105e-07,1.772130e-07,1.152453e-06,4.790577e-07,4.577009e-08,1.074158e-08,0.000000e+00,0.000000e+00,4.530345e-06,3.285048e-06,4.503624e-09,5.492322e-07,2.266349e-07
7.795000e+02,5.207725e-07,2.115523e-07,0.000000e+00,0.000000e+00,1.404951e-07,3.877431e-08,1.014123e-06,5.377722e-07,2.271808e-06,1.571770e-06,4.440324e-08,1.152011e-08,1.435965e-06,7.235839e-07,9.919794e-08,3.439217e-08,5.135127e-10,1.554880e-10,2.211849e-12,6.047728e-13,4.166185e-07,1.692420e-07,1.113616e-06,4.579632e-07,4.118234e-08,9.501497e-09,0.000000e+00,0.000000e+00,4.469766e-06,3.236507e-06,3.080475e-09,5.301708e-07,2.165050e-07
7.800000e+02,5.022975e-07,2.019185e-07,0.000000e+00,0.000000e+00,1.305852e-07,3.543563e-08,9.892183e-07,5.213055e-07,2.237181e-06,1.544969e-06,4.078888e-08,1.038588e-08,1.398504e-06,6.995324e-07,9.422749e-08,3.237127e-08,4.782784e-10,1.436679e-10,2.018921e-12,5.480644e-13,4.018385e-07,1.615350e-07,1.075510e-06,4.375430e-07,3.684929e-08,8.345247e-09,0.000000e+00,0.000000e+00,4.409775e-06,3.188476e-06,1.929987e-09,5.115011e-07,2.067065e-07
7.805000e+02,4.842095e-07,1.926119e-07,0.000000e+00,0.000000e+00,1.210642e-07,3.228089e-08,9.646989e-07,5.051647e-07,2.202937e-06,1.518493e-06,3.733978e-08,9.328702e-09,1.361635e-06,6.759938e-07,8.943151e-08,3.044198e-08,4.449680e-10,1.325881e-10,1.840273e-12,4.959438e-13,3.873680e-07,1.540897e-07,1.038132e-06,4.177936e-07,3.276876e-08,7.271194e-09,0.000000e+00,0.000000e+00,4.350367e-06,3.140950e-06,1.049811e-09,4.932199e-07,1.972366e-07
7.810000e+02,4.665052e-07,1.836298e-07,0.000000e+00,0.000000e+00,1.119288e-07,2.930861e-08,9.405619e-07,4.893472e-07,2.169074e-06,1.492337e-06,3.405430e-08,8.347786e-09,1.325354e-06,6.529646e-07,8.480647e-08,2.860119e-08,4.135029e-10,1.222117e-10,1.675033e-12,4.480981e-13,3.732046e-07,1.469040e-07,1.001478e-06,3.987118e-07,2.893858e-08,6.278631e-09,0.000000e+00,0.000000e+00,4.291538e-06,3.093926e-06,4.376208e-10,4.753240e-07,1.880924e-07
7.815000e+02,4.491817e-07,1.749695e-07,0.000000e+00,0.000000e+00,1.031760e-07,2.651728e-08,9.168040e-07,4.738503e-07,2.135587e-06,1.466500e-06,3.093079e-08,7.442365e-09,1.289656e-06,6.304410e-07,8.034889e-08,2.684583e-08,3.838068e-10,1.125033e-10,1.522373e-12,4.042317e-13,3.593457e-07,1.399757e-07,9.655448e-07,3.802943e-07,2.535662e-08,5.366856e-09,0.000000e+00,0.000000e+00,4.233285e-06,3.047400e-06,9.110339e-11,4.578103e-07,1.792714e-07
7.820000e+02,4.322358e-07,1.666265e-07,0.000000e+00,0.000000e+00,9.480269e-08,2.390543e-08,8.934224e-07,4.586712e-07,2.102474e-06,1.440980e-06,2.796764e-08,6.611675e-09,1.254538e-06,6.084193e-07,7.605531e-08,2.517283e-08,3.558058e-10,1.034289e-10,1.381506e-12,3.640661e-13,3.457889e-07,1.333013e-07,9.303283e-07,3.625338e-07,2.202073e-08,4.535173e-09,0.000000e+00,0.000000e+00,4.175602e-06,3.001369e-06,0.000000e+00,4.406759e-07,1.707708e-07
7.825000e+02,4.156644e-07,1.585697e-07,0.000000e+00,0.000000e+00,8.680577e-08,2.147159e-08,8.704139e-07,4.438073e-07,2.069732e-06,1.415772e-06,2.516322e-08,5.849711e-09,1.219995e-06,5.868958e-07,7.192228e-08,2.357931e-08,3.294277e-10,9.495582e-11,1.251681e-12,3.273386e-13,3.325318e-07,1.268559e-07,8.958251e-07,3.453610e-07,1.892881e-08,3.782891e-09,0.000000e+00,0.000000e+00,4.118487e-06,2.955829e-06,0.000000e+00,4.239175e-07,1.625745e-07
7.830000e+02,3.994645e-07,1.507836e-07,0.000000e+00,0.000000e+00,7.918221e-08,1.921430e-08,8.477755e-07,4.292560e-07,2.037358e-06,1.390875e-06,2.251596e-08,5.140926e-09,1.186023e-06,5.658670e-07,6.794638e-08,2.206263e-08,3.046025e-10,8.705274e-11,1.132189e-12,2.938019e-13,3.195719e-07,1.206270e-07,8.620317e-07,3.287425e-07,1.607875e-08,3.109323e-09,0.000000e+00,0.000000e+00,4.061934e-06,2.910776e-06,0.000000e+00,4.075321e-07,1.546532e-07
7.835000e+02,3.836332e-07,1.432659e-07,0.000000e+00,0.000000e+00,7.192897e-08,1.713211e-08,8.255042e-07,4.150147e-07,2.005349e-06,1.366286e-06,2.002426e-08,4.482551e-09,1.152619e-06,5.453292e-07,6.412420e-08,2.062023e-08,2.812625e-10,7.968947e-11,1.022354e-12,2.632232e-13,3.069068e-07,1.146128e-07,8.289447e-07,3.126755e-07,1.346847e-08,2.513789e-09,0.000000e+00,0.000000e+00,4.005941e-06,2.866207e-06,0.000000e+00,3.915167e-07,1.470015e-07
7.840000e+02,3.681673e-07,1.360144e-07,0.000000e+00,0.000000e+00,6.504303e-08,1.522358e-08,8.035970e-07,4.010808e-07,1.973702e-06,1.342003e-06,1.768656e-08,3.874076e-09,1.119779e-06,5.252789e-07,6.045238e-08,1.924958e-08,2.593417e-10,7.283705e-11,9.215362e-13,2.353835e-13,2.945341e-07,1.088116e-07,7.965604e-07,2.971574e-07,1.109591e-08,1.995613e-09,0.000000e+00,0.000000e+00,3.950503e-06,2.822118e-06,0.000000e+00,3.758684e-07,1.396170e-07
7.845000e+02,3.530640e-07,1.290268e-07,0.000000e+00,0.000000e+00,5.852140e-08,1.346370e-08,7.820509e-07,3.874516e-07,1.942414e-06,1.318023e-06,1.550130e-08,3.314996e-09,1.087497e-06,5.057124e-07,5.692755e-08,1.794814e-08,2.387761e-10,6.646767e-11,8.291291e-13,2.100771e-13,2.824514e-07,1.032215e-07,7.648755e-07,2.821855e-07,8.959003e-09,1.554124e-09,0.000000e+00,0.000000e+00,3.895615e-06,2.778507e-06,0.000000e+00,3.605840e-07,1.324977e-07
7.850000e+02,3.383202e-07,1.223009e-07,0.000000e+00,0.000000e+00,5.236112e-08,1.182220e-08,7.608630e-07,3.741247e-07,1.911481e-06,1.294343e-06,1.346695e-08,2.804812e-09,1.055771e-06,4.866263e-07,5.354639e-08,1.671339e-08,2.195037e-10,6.055466e-11,7.445583e-13,1.871109e-13,2.706563e-07,9.784082e-08,7.338865e-07,2.677569e-07,7.055722e-09,1.188657e-09,0.000000e+00,0.000000e+00,3.841276e-06,2.735368e-06,0.000000e+00,3.456607e-07,1.256411e-07
7.855000e+02,3.239331e-07,1.158346e-07,0.000000e+00,0.000000e+00,4.655924e-08,1.029749e-08,7.400304e-07,3.610975e-07,1.880902e-06,1.270961e-06,1.158198e-08,2.343026e-09,1.024596e-06,4.680171e-07,5.030557e-08,1.554284e-08,2.014644e-10,5.507248e-11,6.672802e-13,1.663037e-13,2.591466e-07,9.266778e-08,7.035898e-07,2.538691e-07,5.384041e-09,8.974206e-10,0.000000e+00,0.000000e+00,3.787479e-06,2.692700e-06,0.000000e+00,3.310955e-07,1.190452e-07
7.860000e+02,3.098997e-07,1.096231e-07,0.000000e+00,0.000000e+00,4.111282e-08,8.888613e-09,7.195502e-07,3.483675e-07,1.850673e-06,1.247874e-06,9.844883e-09,1.929148e-09,9.939693e-07,4.498811e-07,4.720182e-08,1.443402e-08,1.846000e-10,4.999669e-11,5.967807e-13,1.474856e-13,2.479199e-07,8.769857e-08,6.739822e-07,2.405133e-07,3.941955e-09,6.570714e-10,0.000000e+00,0.000000e+00,3.734223e-06,2.650498e-06,0.000000e+00,3.168855e-07,1.127075e-07
7.865000e+02,2.962171e-07,1.036325e-07,0.000000e+00,0.000000e+00,3.601896e-08,7.594621e-09,6.994195e-07,3.359321e-07,1.820792e-06,1.225080e-06,8.254157e-09,1.562691e-09,9.638858e-07,4.322151e-07,4.423185e-08,1.338462e-08,1.688539e-10,4.530388e-11,5.325743e-13,1.304976e-13,2.369738e-07,8.290605e-08,6.450601e-07,2.276133e-07,2.727470e-09,4.546558e-10,0.000000e+00,0.000000e+00,3.681501e-06,2.608759e-06,0.000000e+00,3.030277e-07,1.066089e-07
7.870000e+02,2.828825e-07,9.785255e-08,0.000000e+00,0.000000e+00,3.127478e-08,6.414567e-09,6.796354e-07,3.237890e-07,1.791254e-06,1.202577e-06,6.808320e-09,1.243171e-09,9.343421e-07,4.150154e-07,4.139243e-08,1.239263e-08,1.541715e-10,4.097163e-11,4.742025e-13,1.151910e-13,2.263061e-07,7.828209e-08,6.168202e-07,2.151476e-07,1.738611e-09,2.898446e-10,0.000000e+00,0.000000e+00,3.629312e-06,2.567480e-06,0.000000e+00,2.895194e-07,1.007238e-07
7.875000e+02,2.698930e-07,9.228158e-08,0.000000e+00,0.000000e+00,2.687740e-08,5.347514e-09,6.601951e-07,3.119355e-07,1.762059e-06,1.180361e-06,5.505900e-09,9.701103e-10,9.053342e-07,3.982787e-07,3.868032e-08,1.145603e-08,1.405000e-10,3.697843e-11,4.212329e-13,1.014268e-13,2.159145e-07,7.382531e-08,5.892592e-07,2.031141e-07,9.734154e-10,1.623105e-10,0.000000e+00,0.000000e+00,3.577651e-06,2.526656e-06,0.000000e+00,2.763576e-07,9.504846e-08
7.880000e+02,2.572457e-07,8.691783e-08,0.000000e+00,0.000000e+00,2.282398e-08,4.392530e-09,6.410957e-07,3.003694e-07,1.733203e-06,1.158431e-06,4.345441e-09,7.430357e-10,8.768584e-07,3.820016e-07,3.609232e-08,1.057283e-08,1.277880e-10,3.330368e-11,3.732582e-13,8.907512e-14,2.057967e-07,6.953430e-08,5.623735e-07,1.915105e-07,4.299360e-10,7.172918e-11,0.000000e+00,0.000000e+00,3.526514e-06,2.486286e-06,0.000000e+00,2.635394e-07,8.958124e-08
7.885000e+02,2.449379e-07,8.175956e-08,0.000000e+00,0.000000e+00,1.911169e-08,3.548689e-09,6.223345e-07,2.890881e-07,1.704682e-06,1.136785e-06,3.325499e-09,5.611209e-10,8.489109e-07,3.661807e-07,3.362525e-08,9.741062e-09,1.159863e-10,2.992764e-11,3.298948e-13,7.801507e-14,1.959504e-07,6.540769e-08,5.361599e-07,1.803349e-07,1.062406e-10,1.777854e-11,0.000000e+00,0.000000e+00,3.475898e-06,2.446365e-06,0.000000e+00,2.510621e-07,8.432037e-08
7.890000e+02,2.329668e-07,7.680506e-08,0.000000e+00,0.000000e+00,1.573772e-08,2.815074e-09,6.039087e-07,2.780892e-07,1.676495e-06,1.115419e-06,2.444642e-09,4.130723e-10,8.214879e-07,3.508125e-07,3.127594e-08,8.958758e-09,1.050469e-10,2.683143e-11,2.907822e-13,6.813400e-14,1.863735e-07,6.144408e-08,5.106151e-07,1.695850e-07,0.000000e+00,3.530786e-14,0.000000e+00,0.000000e+00,3.425799e-06,2.406891e-06,0.000000e+00,2.389229e-07,7.926413e-08
7.895000e+02,2.213296e-07,7.205262e-08,0.000000e+00,0.000000e+00,1.269929e-08,2.190772e-09,5.858155e-07,2.673704e-07,1.648639e-06,1.094331e-06,1.701452e-09,2.882744e-10,7.945856e-07,3.358939e-07,2.904125e-08,8.223968e-09,9.492357e-11,2.399704e-11,2.555816e-13,5.932719e-14,1.770637e-07,5.764213e-08,4.857358e-07,1.592588e-07,0.000000e+00,0.000000e+00,0.000000e+00,0.000000e+00,3.376212e-06,2.367859e-06,0.000000e+00,2.271190e-07,7.441081e-08
7.900000e+02,2.100235e-07,6.750055e-08,0.000000e+00,0.000000e+00,9.993630e-09,1.674878e-09,5.680522e-07,2.569292e-07,1.621110e-06,1.073519e-06,1.094525e-09,1.861945e-10,7.682003e-07,3.214213e-07,2.691806e-08,7.534754e-09,8.557184e-11,2.140726e-11,2.239751e-13,5.149737e-14,1.680188e-07,5.400047e-08,4.615186e-07,1.493542e-07,0.000000e+00,0.000000e+00,0.000000e+00,0.000000e+00,3.327136e-06,2.329267e-06,0.000000e+00,2.156475e-07,6.975869e-08
7.905000e+02,1.990458e-07,6.314716e-08,0.000000e+00,0.000000e+00,7.617989e-09,1.264350e-09,5.506160e-07,2.467633e-07,1.593907e-06,1.052981e-06,6.224684e-10,1.066008e-10,7.423283e-07,3.073916e-07,2.490326e-08,6.889191e-09,7.694863e-11,1.904572e-11,1.956647e-13,4.455436e-14,1.592367e-07,5.051775e-08,4.379603e-07,1.398691e-07,0.000000e+00,0.000000e+00,0.000000e+00,0.000000e+00,3.278565e-06,2.291112e-06,0.000000e+00,2.045058e-07,6.530610e-08
7.910000e+02,1.883938e-07,5.899078e-08,0.000000e+00,0.000000e+00,5.569641e-09,9.237508e-10,5.335043e-07,2.368704e-07,1.567026e-06,1.032714e-06,2.839026e-10,4.926315e-11,7.169659e-07,2.938014e-07,2.299377e-08,6.285369e-09,6.901247e-11,1.689682e-11,1.703716e-13,3.841465e-14,1.507151e-07,4.719265e-08,4.150577e-07,1.308015e-07,0.000000e+00,0.000000e+00,0.000000e+00,0.000000e+00,3.230496e-06,2.253389e-06,0.000000e+00,1.936912e-07,6.105135e-08
7.915000e+02,1.780647e-07,5.502976e-08,0.000000e+00,0.000000e+00,3.845876e-09,6.372442e-10,5.167143e-07,2.272481e-07,1.540465e-06,1.012717e-06,7.746095e-11,1.395372e-11,6.921093e-07,2.806475e-07,2.118654e-08,5.721388e-09,6.172339e-11,1.494575e-11,1.478351e-13,3.300099e-14,1.424518e-07,4.402382e-08,3.928074e-07,1.221492e-07,0.000000e+00,0.000000e+00,0.000000e+00,0.000000e+00,3.182926e-06,2.216097e-06,0.000000e+00,1.832009e-07,5.699279e-08
7.920000e+02,1.680560e-07,5.126244e-08,0.000000e+00,0.000000e+00,2.444005e-09,4.043814e-10,5.002435e-07,2.178941e-07,1.514221e-06,9.929855e-07,1.789189e-12,4.467487e-13,6.677550e-07,2.679266e-07,1.947852e-08,5.195362e-09,5.504289e-11,1.317848e-11,1.278117e-13,2.824210e-14,1.344449e-07,4.100997e-08,3.712062e-07,1.139103e-07,0.000000e+00,0.000000e+00,0.000000e+00,0.000000e+00,3.135850e-06,2.179231e-06,0.000000e+00,1.730323e-07,5.312876e-08
7.925000e+02,1.583650e-07,4.768718e-08,0.000000e+00,0.000000e+00,1.361357e-09,2.247174e-10,4.840890e-07,2.088062e-07,1.488292e-06,9.735188e-07,0.000000e+00,0.000000e+00,6.438994e-07,2.556355e-07,1.786669e-08,4.705417e-09,4.893394e-11,1.158170e-11,1.100745e-13,2.407223e-14,1.266920e-07,3.814976e-08,3.502511e-07,1.060826e-07,0.000000e+00,0.000000e+00,0.000000e+00,0.000000e+00,3.089266e-06,2.142788e-06,0.000000e+00,1.631826e-07,4.945761e-08
7.930000e+02,1.489889e-07,4.428251e-08,0.000000e+00,0.000000e+00,5.952802e-10,9.781035e-11,4.682484e-07,1.999821e-07,1.462674e-06,9.543143e-07,0.000000e+00,0.000000e+00,6.205388e-07,2.437710e-07,1.634805e-08,4.249756e-09,4.336093e-11,1.014284e-11,9.441228e-14,2.043088e-14,1.191912e-07,3.542602e-08,3.299387e-07,9.861820e-08,0.000000e+00,0.000000e+00,0.000000e+00,0.000000e+00,3.043170e-06,2.106767e-06,0.000000e+00,1.536493e-07,4.597132e-08
7.935000e+02,1.399253e-07,4.102552e-08,0.000000e+00,0.000000e+00,1.431428e-10,2.322142e-11,4.527190e-07,1.914194e-07,1.437366e-06,9.353697e-07,0.000000e+00,0.000000e+00,5.976696e-07,2.323299e-07,1.491962e-08,3.826876e-09,3.828965e-11,8.850008e-12,8.062864e-14,1.726244e-14,1.119403e-07,3.282043e-08,3.102658e-07,9.146551e-08,0.000000e+00,0.000000e+00,0.000000e+00,0.000000e+00,2.997558e-06,2.071162e-06,0.000000e+00,1.444297e-07,4.264070e-08
7.940000e+02,1.311714e-07,3.791475e-08,0.000000e+00,0.000000e+00,0.000000e+00,0.000000e+00,4.374982e-07,1.831160e-07,1.412365e-06,9.166828e-07,0.000000e+00,0.000000e+00,5.752883e-07,2.213047e-07,1.357843e-08,3.435357e-09,3.368726e-11,7.691884e-12,6.854144e-14,1.451593e-14,1.049372e-07,3.033181e-08,2.912294e-07,8.462252e-08,0.000000e+00,0.000000e+00,0.000000e+00,0.000000e+00,2.952427e-06,2.035971e-06,0.000000e+00,1.355211e-07,3.945692e-08
7.945000e+02,1.227248e-07,3.494898e-08,0.000000e+00,0.000000e+00,0.000000e+00,0.000000e+00,4.225834e-07,1.750697e-07,1.387667e-06,8.982514e-07,0.000000e+00,0.000000e+00,5.533914e-07,2.106454e-07,1.232156e-08,3.073789e-09,2.952227e-11,6.657733e-12,5.798197e-14,1.214468e-14,9.817989e-08,2.795919e-08,2.728262e-07,7.808770e-08,0.000000e+00,0.000000e+00,0.000000e+00,0.000000e+00,2.907773e-06,2.001192e-06,0.000000e+00,1.269211e-07,3.641875e-08
7.950000e+02,1.145828e-07,3.212699e-08,0.000000e+00,0.000000e+00,0.000000e+00,0.000000e+00,4.079722e-07,1.672782e-07,1.363272e-06,8.800733e-07,0.000000e+00,0.000000e+00,5.319752e-07,2.003419e-07,1.114607e-08,2.740772e-09,2.576450e-11,5.737381e-12,4.879427e-14,1.010612e-14,9.166630e-08,2.570160e-08,2.550532e-07,7.185954e-08,0.000000e+00,0.000000e+00,0.000000e+00,0.000000e+00,2.863593e-06,1.966820e-06,0.000000e+00,1.186270e-07,3.352497e-08
7.955000e+02,1.067430e-07,2.944755e-08,0.000000e+00,0.000000e+00,0.000000e+00,0.000000e+00,3.936619e-07,1.597393e-07,1.339175e-06,8.621463e-07,0.000000e+00,0.000000e+00,5.110364e-07,1.903914e-07,1.004906e-08,2.434916e-09,2.238507e-11,4.921209e-12,4.083446e-14,8.361484e-15,8.539441e-08,2.355805e-08,2.379073e-07,6.593651e-08,0.000000e+00,0.000000e+00,0.000000e+00,0.000000e+00,2.819884e-06,1.932854e-06,0.000000e+00,1.106363e-07,3.077436e-08
7.960000e+02,9.920269e-08,2.690948e-08,0.000000e+00,0.000000e+00,0.000000e+00,0.000000e+00,3.796500e-07,1.524509e-07,1.315375e-06,8.444683e-07,0.000000e+00,0.000000e+00,4.905715e-07,1.807912e-07,9.027643e-09,2.154840e-09,1.935636e-11,4.200137e-12,3.397008e-14,6.875575e-15,7.936217e-08,2.152759e-08,2.213852e-07,6.031712e-08,0.000000e+00,0.000000e+00,0.000000e+00,0.000000e+00,2.776641e-06,1.899289e-06,0.000000e+00,1.029464e-07,2.816571e-08
7.965000e+02,9.195947e-08,2.451157e-08,0.000000e+00,0.000000e+00,0.000000e+00,0.000000e+00,3.659340e-07,1.454108e-07,1.291870e-06,8.270370e-07,0.000000e+00,0.000000e+00,4.705769e-07,1.715389e-07,8.078965e-09,1.899170e-09,1.665200e-11,3.565616e-12,2.807950e-14,5.616537e-15,7.356760e-08,1.960926e-08,2.054841e-07,5.499986e-08,0.000000e+00,0.000000e+00,0.000000e+00,0.000000e+00,2.733862e-06,1.866123e-06,0.000000e+00,9.555490e-08,2.569781e-08
7.970000e+02,8.501083e-08,2.225263e-08,0.000000e+00,0.000000e+00,0.000000e+00,0.000000e+00,3.525116e-07,1.386170e-07,1.268656e-06,8.098504e-07,0.000000e+00,0.000000e+00,4.510493e-07,1.626318e-07,7.200176e-09,1.666545e-09,1.424683e-11,3.009617e-12,2.305128e-14,4.555621e-15,6.800868e-08,1.780211e-08,1.902007e-07,4.998326e-08,0.000000e+00,0.000000e+00,0.000000e+00,0.000000e+00,2.691543e-06,1.833352e-06,0.000000e+00,8.845918e-08,2.336949e-08
7.975000e+02,7.835430e-08,2.013150e-08,0.000000e+00,0.000000e+00,0.000000e+00,0.000000e+00,3.393801e-07,1.320671e-07,1.245731e-06,7.929064e-07,0.000000e+00,0.000000e+00,4.319852e-07,1.540672e-07,6.388450e-09,1.455610e-09,1.211689e-11,2.524617e-12,1.878358e-14,3.666962e-15,6.268346e-08,1.610520e-08,1.755321e-07,4.526583e-08,0.000000e+00,0.000000e+00,0.000000e+00,0.000000e+00,2.649681e-06,1.800975e-06,0.000000e+00,8.165680e-08,2.117955e-08
7.980000e+02,7.198743e-08,1.814699e-08,0.000000e+00,0.000000e+00,0.000000e+00,0.000000e+00,3.265371e-07,1.257579e-07,1.223093e-06,7.762029e-07,0.000000e+00,0.000000e+00,4.133813e-07,1.458340e-07,5.640979e-09,1.265021e-09,1.023940e-11,2.103594e-12,1.518362e-14,2.927374e-15,5.758995e-08,1.451759e-08,1.614751e-07,4.084609e-08,0.000000e+00,0.000000e+00,0.000000e+00,0.000000e+00,2.608272e-06,1.768988e-06,0.000000e+00,7.514530e-08,1.912682e-08
7.985000e+02,6.590777e-08,1.629795e-08,0.000000e+00,0.000000e+00,0.000000e+00,0.000000e+00,3.139803e-07,1.196659e-07,1.200739e-06,7.597378e-07,0.000000e+00,0.000000e+00,3.952342e-07,1.378846e-07,4.954976e-09,1.093442e-09,8.592697e-12,1.740012e-12,1.216714e-14,2.316139e-15,5.272622e-08,1.303836e-08,1.480269e-07,3.672259e-08,0.000000e+00,0.000000e+00,0.000000e+00,0.000000e+00,2.567313e-06,1.737387e-06,0.000000e+00,6.892224e-08,1.721015e-08
7.990000e+02,6.011291e-08,1.458322e-08,0.000000e+00,0.000000e+00,0.000000e+00,0.000000e+00,3.017072e-07,1.137792e-07,1.178668e-06,7.435090e-07,0.000000e+00,0.000000e+00,3.775405e-07,1.302128e-07,4.327669e-09,9.395471e-10,7.156264e-12,1.427810e-12,9.657843e-15,1.814820e-15,4.809033e-08,1.166658e-08,1.351844e-07,3.289386e-08,0.000000e+00,0.000000e+00,0.000000e+00,0.000000e+00,2.526802e-06,1.706171e-06,0.000000e+00,6.298518e-08,1.542836e-08
7.995000e+02,5.460044e-08,1.300167e-08,0.000000e+00,0.000000e+00,0.000000e+00,0.000000e+00,2.897154e-07,1.080962e-07,1.156876e-06,7.275145e-07,0.000000e+00,0.000000e+00,3.602968e-07,1.228165e-07,3.756309e-09,8.020180e-10,5.910679e-12,1.161399e-12,7.586923e-15,1.407066e-15,4.368036e-08,1.040134e-08,1.229445e-07,2.935846e-08,0.000000e+00,0.000000e+00,0.000000e+00,0.000000e+00,2.486733e-06,1.675335e-06,0.000000e+00,5.733171e-08,1.378032e-08
8.000000e+02,4.936799e-08,1.155215e-08,0.000000e+00,0.000000e+00,0.000000e+00,0.000000e+00,2.780026e-07,1.026151e-07,1.135361e-06,7.117522e-07,0.000000e+00,0.000000e+00,3.435000e-07,1.156937e-07,3.238161e-09,6.795462e-10,4.837595e-12,9.356423e-13,5.892558e-15,1.078436e-15,3.949440e-08,9.241726e-09,1.113044e-07,2.611493e-08,0.000000e+00,0.000000e+00,0.000000e+00,0.000000e+00,2.447105e-06,1.644878e-06,0.000000e+00,5.195946e-08,1.226488e-08
8.005000e+02,4.441319e-08,1.021569e-08,0.000000e+00,0.000000e+00,0.000000e+00,0.000000e+00,2.665663e-07,9.733413e-08,1.114121e-06,6.962201e-07,0.000000e+00,0.000000e+00,3.271467e-07,1.088424e-07,2.770512e-09,5.708867e-10,3.919723e-12,7.458497e-13,4.519449e-15,8.162217e-16,3.553056e-08,8.172552e-09,1.002611e-07,2.312050e-08,0.000000e+00,0.000000e+00,0.000000e+00,0.000000e+00,2.407914e-06,1.614796e-06,0.000000e+00,4.686602e-08,1.087546e-08
8.010000e+02,3.973368e-08,8.969307e-09,0.000000e+00,0.000000e+00,0.000000e+00,0.000000e+00,2.554043e-07,9.225154e-08,1.093154e-06,6.809163e-07,0.000000e+00,0.000000e+00,3.112336e-07,1.022604e-07,2.350664e-09,4.750729e-10,3.140807e-12,5.877165e-13,3.418364e-15,6.092898e-16,3.178695e-08,7.175447e-09,8.981163e-08,2.032295e-08,0.000000e+00,0.000000e+00,0.000000e+00,0.000000e+00,2.369157e-06,1.585087e-06,0.000000e+00,4.204906e-08,9.584331e-09
8.015000e+02,3.532714e-08,7.811782e-09,0.000000e+00,0.000000e+00,0.000000e+00,0.000000e+00,2.445142e-07,8.736563e-08,1.072457e-06,6.658387e-07,0.000000e+00,0.000000e+00,2.957575e-07,9.594575e-08,1.975941e-09,3.912273e-10,2.485604e-12,4.572593e-13,2.545707e-15,4.479447e-16,2.826172e-08,6.249426e-09,7.995306e-08,1.772023e-08,0.000000e+00,0.000000e+00,0.000000e+00,0.000000e+00,2.330831e-06,1.555747e-06,0.000000e+00,3.750623e-08,8.382442e-09
8.020000e+02,3.119125e-08,6.742356e-09,0.000000e+00,0.000000e+00,0.000000e+00,0.000000e+00,2.338938e-07,8.267274e-08,1.052028e-06,6.509854e-07,0.000000e+00,0.000000e+00,2.807151e-07,8.989648e-08,1.643681e-09,3.184785e-10,1.939862e-12,3.508041e-13,1.863095e-15,3.238051e-16,2.495301e-08,5.393886e-09,7.068249e-08,1.531138e-08,0.000000e+00,0.000000e+00,0.000000e+00,0.000000e+00,2.292932e-06,1.526774e-06,0.000000e+00,3.323521e-08,7.269029e-09
8.025000e+02,2.732372e-08,5.760279e-09,0.000000e+00,0.000000e+00,0.000000e+00,0.000000e+00,2.235407e-07,7.814731e-08,1.031864e-06,6.363544e-07,0.000000e+00,0.000000e+00,2.661032e-07,8.411056e-08,1.351242e-09,2.559609e-10,1.490300e-12,2.649784e-13,1.336958e-15,2.296862e-16,2.185898e-08,4.608224e-09,6.199702e-08,1.309545e-08,0.000000e+00,0.000000e+00,0.000000e+00,0.000000e+00,2.255457e-06,1.498166e-06,0.000000e+00,2.923369e-08,6.243340e-09
8.030000e+02,2.372226e-08,4.864806e-09,0.000000e+00,0.000000e+00,0.000000e+00,0.000000e+00,2.134526e-07,7.378169e-08,1.011965e-06,6.219437e-07,0.000000e+00,0.000000e+00,2.519187e-07,7.858601e-08,1.096000e-09,2.028149e-10,1.124588e-12,1.967061e-13,9.381520e-16,1.594866e-16,1.897781e-08,3.891845e-09,5.389379e-08,1.107150e-08,0.000000e+00,0.000000e+00,0.000000e+00,0.000000e+00,2.218403e-06,1.469918e-06,0.000000e+00,2.549938e-08,5.304627e-09
8.035000e+02,2.038460e-08,4.055195e-09,0.000000e+00,0.000000e+00,0.000000e+00,0.000000e+00,2.036273e-07,6.957450e-08,9.923260e-07,6.077515e-07,0.000000e+00,0.000000e+00,2.381584e-07,7.332087e-08,8.753480e-10,1.581867e-10,8.313260e-13,1.432001e-13,6.415824e-16,1.080789e-16,1.630769e-08,3.244157e-09,4.636991e-08,9.238573e-09,0.000000e+00,0.000000e+00,0.000000e+00,0.000000e+00,2.181768e-06,1.442029e-06,0.000000e+00,2.203001e-08,4.452147e-09
8.040000e+02,1.730852e-08,3.330715e-09,0.000000e+00,0.000000e+00,0.000000e+00,0.000000e+00,1.940626e-07,6.552435e-08,9.729463e-07,5.937758e-07,0.000000e+00,0.000000e+00,2.248192e-07,6.831316e-08,6.866964e-10,1.212280e-10,6.000246e-13,1.019566e-13,4.258512e-16,7.120609e-17,1.384681e-08,2.664572e-09,3.942255e-08,7.595734e-09,0.000000e+00,0.000000e+00,0.000000e+00,0.000000e+00,2.145547e-06,1.414496e-06,0.000000e+00,1.882333e-08,3.685162e-09
8.045000e+02,1.449176e-08,2.690634e-09,0.000000e+00,0.000000e+00,0.000000e+00,0.000000e+00,1.847562e-07,6.162990e-08,9.538234e-07,5.800147e-07,0.000000e+00,0.000000e+00,2.118978e-07,6.355927e-08,5.274736e-10,9.109666e-11,4.210859e-13,7.074853e-14,2.729100e-16,4.538071e-17,1.159341e-08,2.152508e-09,3.304885e-08,6.142049e-09,0.000000e+00,0.000000e+00,0.000000e+00,0.000000e+00,2.109738e-06,1.387316e-06,0.000000e+00,1.587709e-08,3.002942e-09
8.050000e+02,1.193212e-08,2.134231e-09,0.000000e+00,0.000000e+00,0.000000e+00,0.000000e+00,1.757060e-07,5.788978e-08,9.349551e-07,5.664664e-07,0.000000e+00,0.000000e+00,1.993912e-07,5.902244e-08,3.951254e-10,6.695596e-11,2.857839e-13,4.762014e-14,1.677314e-16,2.778944e-17,9.545696e-09,1.707385e-09,2.724601e-08,4.876589e-09,0.000000e+00,0.000000e+00,0.000000e+00,0.000000e+00,2.074338e-06,1.360486e-06,0.000000e+00,1.318908e-08,2.404760e-09
8.055000e+02,9.627400e-09,1.660787e-09,0.000000e+00,0.000000e+00,0.000000e+00,0.000000e+00,1.669097e-07,5.430266e-08,9.163393e-07,5.531289e-07,0.000000e+00,0.000000e+00,1.872963e-07,5.468122e-08,2.871145e-10,4.797496e-11,1.862463e-13,3.088044e-14,9.799174e-17,1.620090e-17,7.701921e-09,1.328629e-09,2.201122e-08,3.798428e-09,0.000000e+00,0.000000e+00,0.000000e+00,0.000000e+00,2.039343e-06,1.334004e-06,0.000000e+00,1.075708e-08,1.889896e-09
8.060000e+02,7.575420e-09,1.269589e-09,0.000000e+00,0.000000e+00,0.000000e+00,0.000000e+00,1.583652e-07,5.086721e-08,8.979736e-07,5.400005e-07,0.000000e+00,0.000000e+00,1.756100e-07,5.053413e-08,2.009211e-10,3.332836e-11,1.154354e-13,1.909765e-14,5.376734e-17,8.877707e-18,6.060337e-09,1.015671e-09,1.734168e-08,2.906647e-09,0.000000e+00,0.000000e+00,0.000000e+00,0.000000e+00,2.004751e-06,1.307866e-06,0.000000e+00,8.578914e-09,1.457634e-09
8.065000e+02,5.774015e-09,9.583056e-10,0.000000e+00,0.000000e+00,0.000000e+00,0.000000e+00,1.500704e-07,4.758211e-08,8.798561e-07,5.270792e-07,0.000000e+00,0.000000e+00,1.643293e-07,4.657971e-08,1.340423e-10,2.219848e-11,6.713049e-14,1.109332e-14,2.724346e-17,4.492225e-18,4.619213e-09,7.666446e-10,1.323461e-08,2.196573e-09,0.000000e+00,0.000000e+00,0.000000e+00,0.000000e+00,1.970559e-06,1.282071e-06,0.000000e+00,6.652401e-09,1.107163e-09
8.070000e+02,4.221035e-09,7.000771e-10,0.000000e+00,0.000000e+00,0.000000e+00,0.000000e+00,1.420229e-07,4.444605e-08,8.619845e-07,5.143633e-07,0.000000e+00,0.000000e+00,1.534512e-07,4.281650e-08,8.399225e-11,1.389489e-11,3.590958e-14,5.925605e-15,1.243506e-17,2.046791e-18,3.376829e-09,5.600618e-10,9.687256e-09,1.606705e-09,0.000000e+00,0.000000e+00,0.000000e+00,0.000000e+00,1.936763e-06,1.256616e-06,0.000000e+00,4.975387e-09,8.254377e-10
8.075000e+02,2.914348e-09,4.828934e-10,0.000000e+00,0.000000e+00,0.000000e+00,0.000000e+00,1.342209e-07,4.145773e-08,8.443568e-07,5.018510e-07,0.000000e+00,0.000000e+00,1.429726e-07,3.924306e-08,4.830194e-11,7.978597e-12,1.713196e-14,2.821369e-15,4.919570e-18,8.077314e-19,2.331479e-09,3.863148e-10,6.696863e-09,1.109660e-09,0.000000e+00,0.000000e+00,0.000000e+00,0.000000e+00,1.903362e-06,1.231498e-06,0.000000e+00,3.545729e-09,5.877612e-10
8.080000e+02,1.851836e-09,3.064016e-10,0.000000e+00,0.000000e+00,0.000000e+00,0.000000e+00,1.266621e-07,3.861586e-08,8.269709e-07,4.895404e-07,0.000000e+00,0.000000e+00,1.328905e-07,3.585794e-08,2.451913e-11,4.040931e-12,6.920882e-15,1.136331e-15,1.581008e-18,2.586068e-19,1.481469e-09,2.451213e-10,4.260696e-09,7.049811e-10,0.000000e+00,0.000000e+00,0.000000e+00,0.000000e+00,1.870351e-06,1.206714e-06,0.000000e+00,2.361307e-09,3.909526e-10
8.085000e+02,1.031400e-09,1.702516e-10,0.000000e+00,0.000000e+00,0.000000e+00,0.000000e+00,1.193444e-07,3.591914e-08,8.098247e-07,4.774297e-07,0.000000e+00,0.000000e+00,1.232020e-07,3.265973e-08,1.020826e-11,1.675992e-12,2.146519e-15,3.506570e-16,3.652498e-19,5.936896e-20,8.251200e-10,1.362013e-10,2.376034e-09,3.922162e-10,0.000000e+00,0.000000e+00,0.000000e+00,0.000000e+00,1.837727e-06,1.182262e-06,0.000000e+00,1.420006e-09,2.346608e-10
8.090000e+02,4.509530e-10,7.409584e-11,0.000000e+00,0.000000e+00,0.000000e+00,0.000000e+00,1.122658e-07,3.335141e-08,7.929160e-07,4.655172e-07,0.000000e+00,0.000000e+00,1.139040e-07,2.964700e-08,2.950337e-12,4.806437e-13,4.092481e-16,6.617496e-17,4.602211e-20,7.386453e-21,3.607624e-10,5.927668e-11,1.040171e-09,1.709135e-10,0.000000e+00,0.000000e+00,0.000000e+00,0.000000e+00,1.805489e-06,1.158140e-06,0.000000e+00,7.197392e-10,1.185367e-10
8.095000e+02,1.084261e-10,1.758945e-11,0.000000e+00,0.000000e+00,0.000000e+00,0.000000e+00,1.054243e-07,3.089541e-08,7.762430e-07,4.538012e-07,0.000000e+00,0.000000e+00,1.049938e-07,2.681835e-08,3.428358e-13,5.449416e-14,2.318665e-17,3.632797e-18,1.332429e-21,2.063841e-22,8.674087e-11,1.407156e-11,2.504134e-10,4.062436e-11,0.000000e+00,0.000000e+00,0.000000e+00,0.000000e+00,1.773633e-06,1.134344e-06,0.000000e+00,2.584228e-10,4.223436e-11
8.100000e+02,0.000000e+00,0.000000e+00,0.000000e+00,0.000000e+00,0.000000e+00,0.000000e+00,9.881766e-08,2.855004e-08,7.598035e-07,4.422799e-07,0.000000e+00,0.000000e+00,9.646824e-08,2.417236e-08,0.000000e+00,0.000000e+00,0.000000e+00,0.000000e+00,0.000000e+00,0.000000e+00,0.000000e+00,0.000000e+00,0.000000e+00,0.000000e+00,0.000000e+00,0.000000e+00,0.000000e+00,0.000000e+00,1.742156e-06,1.110873e-06,0.000000e+00,3.399636e-11,5.408359e-12
8.105000e+02,0.000000e+00,0.000000e+00,0.000000e+00,0.000000e+00,0.000000e+00,0.000000e+00,9.244399e-08,2.631430e-08,7.435955e-07,4.309515e-07,0.000000e+00,0.000000e+00,8.832455e-08,2.170766e-08,0.000000e+00,0.000000e+00,0.000000e+00,0.000000e+00,0.000000e+00,0.000000e+00,0.000000e+00,0.000000e+00,0.000000e+00,0.000000e+00,0.000000e+00,0.000000e+00,0.000000e+00,0.000000e+00,1.711055e-06,1.087723e-06,0.000000e+00,0.000000e+00,0.000000e+00
8.110000e+02,0.000000e+00,0.000000e+00,0.000000e+00,0.000000e+00,0.000000e+00,0.000000e+00,8.630124e-08,2.418726e-08,7.276171e-07,4.198143e-07,0.000000e+00,0.000000e+00,8.055982e-08,1.942286e-08,0.000000e+00,0.000000e+00,0.000000e+00,0.000000e+00,0.000000e+00,0.000000e+00,0.000000e+00,0.000000e+00,0.000000e+00,0.000000e+00,0.000000e+00,0.000000e+00,0.000000e+00,0.000000e+00,1.680327e-06,1.064892e-06,0.000000e+00,0.000000e+00,0.000000e+00
8.115000e+02,0.000000e+00,0.000000e+00,0.000000e+00,0.000000e+00,0.000000e+00,0.000000e+00,8.038741e-08,2.216796e-08,7.118661e-07,4.088667e-07,0.000000e+00,0.000000e+00,7.317119e-08,1.731658e-08,0.000000e+00,0.000000e+00,0.000000e+00,0.000000e+00,0.000000e+00,0.000000e+00,0.000000e+00,0.000000e+00,0.000000e+00,0.000000e+00,0.000000e+00,0.000000e+00,0.000000e+00,0.000000e+00,1.649971e-06,1.042379e-06,0.000000e+00,0.000000e+00,0.000000e+00
8.120000e+02,0.000000e+00,0.000000e+00,0.000000e+00,0.000000e+00,0.000000e+00,0.000000e+00,7.470052e-08,2.025545e-08,6.963408e-07,3.981070e-07,0.000000e+00,0.000000e+00,6.615581e-08,1.538649e-08,0.000000e+00,0.000000e+00,0.000000e+00,0.000000e+00,0.000000e+00,0.000000e+00,0.000000e+00,0.000000e+00,0.000000e+00,0.000000e+00,0.000000e+00,0.000000e+00,0.000000e+00,0.000000e+00,1.619982e-06,1.020179e-06,0.000000e+00,0.000000e+00,0.000000e+00
8.125000e+02,0.000000e+00,0.000000e+00,0.000000e+00,0.000000e+00,0.000000e+00,0.000000e+00,6.923859e-08,1.844880e-08,6.810390e-07,3.875335e-07,0.000000e+00,0.000000e+00,5.951084e-08,1.359995e-08,0.000000e+00,0.000000e+00,0.000000e+00,0.000000e+00,0.000000e+00,0.000000e+00,0.000000e+00,0.000000e+00,0.000000e+00,0.000000e+00,0.000000e+00,0.000000e+00,0.000000e+00,0.000000e+00,1.590358e-06,9.982912e-07,0.000000e+00,0.000000e+00,0.000000e+00
8.130000e+02,0.000000e+00,0.000000e+00,0.000000e+00,0.000000e+00,0.000000e+00,0.000000e+00,6.399967e-08,1.674709e-08,6.659589e-07,3.771444e-07,0.000000e+00,0.000000e+00,5.323349e-08,1.193339e-08,0.000000e+00,0.000000e+00,0.000000e+00,0.000000e+00,0.000000e+00,0.000000e+00,0.000000e+00,0.000000e+00,0.000000e+00,0.000000e+00,0.000000e+00,0.000000e+00,0.000000e+00,0.000000e+00,1.561096e-06,9.767128e-07,0.000000e+00,0.000000e+00,0.000000e+00
8.135000e+02,0.000000e+00,0.000000e+00,0.000000e+00,0.000000e+00,0.000000e+00,0.000000e+00,5.898182e-08,1.514938e-08,6.510985e-07,3.669383e-07,0.000000e+00,0.000000e+00,4.732096e-08,1.038588e-08,0.000000e+00,0.000000e+00,0.000000e+00,0.000000e+00,0.000000e+00,0.000000e+00,0.000000e+00,0.000000e+00,0.000000e+00,0.000000e+00,0.000000e+00,0.000000e+00,0.000000e+00,0.000000e+00,1.532194e-06,9.554414e-07,0.000000e+00,0.000000e+00,0.000000e+00
8.140000e+02,0.000000e+00,0.000000e+00,0.000000e+00,0.000000e+00,0.000000e+00,0.000000e+00,5.418311e-08,1.365477e-08,6.364560e-07,3.569133e-07,0.000000e+00,0.000000e+00,4.177048e-08,8.956537e-09,0.000000e+00,0.000000e+00,0.000000e+00,0.000000e+00,0.000000e+00,0.000000e+00,0.000000e+00,0.000000e+00,0.000000e+00,0.000000e+00,0.000000e+00,0.000000e+00,0.000000e+00,0.000000e+00,1.503648e-06,9.344745e-07,0.000000e+00,0.000000e+00,0.000000e+00
8.145000e+02,0.000000e+00,0.000000e+00,0.000000e+00,0.000000e+00,0.000000e+00,0.000000e+00,4.960163e-08,1.226234e-08,6.220293e-07,3.470680e-07,0.000000e+00,0.000000e+00,3.657928e-08,7.644438e-09,0.000000e+00,0.000000e+00,0.000000e+00,0.000000e+00,0.000000e+00,0.000000e+00,0.000000e+00,0.000000e+00,0.000000e+00,0.000000e+00,0.000000e+00,0.000000e+00,0.000000e+00,0.000000e+00,1.475457e-06,9.138098e-07,0.000000e+00,0.000000e+00,0.000000e+00
8.150000e+02,0.000000e+00,0.000000e+00,0.000000e+00,0.000000e+00,0.000000e+00,0.000000e+00,4.523550e-08,1.097121e-08,6.078167e-07,3.374007e-07,0.000000e+00,0.000000e+00,3.174464e-08,6.448692e-09,0.000000e+00,0.000000e+00,0.000000e+00,0.000000e+00,0.000000e+00,0.000000e+00,0.000000e+00,0.000000e+00,0.000000e+00,0.000000e+00,0.000000e+00,0.000000e+00,0.000000e+00,0.000000e+00,1.447617e-06,8.934449e-07,0.000000e+00,0.000000e+00,0.000000e+00
8.155000e+02,0.000000e+00,0.000000e+00,0.000000e+00,0.000000e+00,0.000000e+00,0.000000e+00,4.108281e-08,9.780467e-09,5.938162e-07,3.279098e-07,0.000000e+00,0.000000e+00,2.726384e-08,5.368408e-09,0.000000e+00,0.000000e+00,0.000000e+00,0.000000e+00,0.000000e+00,0.000000e+00,0.000000e+00,0.000000e+00,0.000000e+00,0.000000e+00,0.000000e+00,0.000000e+00,0.000000e+00,0.000000e+00,1.420126e-06,8.733774e-07,0.000000e+00,0.000000e+00,0.000000e+00
8.160000e+02,0.000000e+00,0.000000e+00,0.000000e+00,0.000000e+00,0.000000e+00,0.000000e+00,3.714172e-08,8.689233e-09,5.800261e-07,3.185937e-07,0.000000e+00,0.000000e+00,2.313417e-08,4.402699e-09,0.000000e+00,0.000000e+00,0.000000e+00,0.000000e+00,0.000000e+00,0.000000e+00,0.000000e+00,0.000000e+00,0.000000e+00,0.000000e+00,0.000000e+00,0.000000e+00,0.000000e+00,0.000000e+00,1.392980e-06,8.536050e-07,0.000000e+00,0.000000e+00,0.000000e+00
8.165000e+02,0.000000e+00,0.000000e+00,0.000000e+00,0.000000e+00,0.000000e+00,0.000000e+00,3.341036e-08,7.683218e-09,5.664444e-07,3.094508e-07,0.000000e+00,0.000000e+00,1.935294e-08,3.550687e-09,0.000000e+00,0.000000e+00,0.000000e+00,0.000000e+00,0.000000e+00,0.000000e+00,0.000000e+00,0.000000e+00,0.000000e+00,0.000000e+00,0.000000e+00,0.000000e+00,0.000000e+00,0.000000e+00,1.366178e-06,8.341255e-07,0.000000e+00,0.000000e+00,0.000000e+00
8.170000e+02,0.000000e+00,0.000000e+00,0.000000e+00,0.000000e+00,0.000000e+00,0.000000e+00,2.988689e-08,6.745157e-09,5.530693e-07,3.004797e-07,0.000000e+00,0.000000e+00,1.591749e-08,2.811498e-09,0.000000e+00,0.000000e+00,0.000000e+00,0.000000e+00,0.000000e+00,0.000000e+00,0.000000e+00,0.000000e+00,0.000000e+00,0.000000e+00,0.000000e+00,0.000000e+00,0.000000e+00,0.000000e+00,1.339717e-06,8.149364e-07,0.000000e+00,0.000000e+00,0.000000e+00
8.175000e+02,0.000000e+00,0.000000e+00,0.000000e+00,0.000000e+00,0.000000e+00,0.000000e+00,2.656950e-08,5.874103e-09,5.398991e-07,2.916786e-07,0.000000e+00,0.000000e+00,1.282518e-08,2.184262e-09,0.000000e+00,0.000000e+00,0.000000e+00,0.000000e+00,0.000000e+00,0.000000e+00,0.000000e+00,0.000000e+00,0.000000e+00,0.000000e+00,0.000000e+00,0.000000e+00,0.000000e+00,0.000000e+00,1.313594e-06,7.960355e-07,0.000000e+00,0.000000e+00,0.000000e+00
8.180000e+02,0.000000e+00,0.000000e+00,0.000000e+00,0.000000e+00,0.000000e+00,0.000000e+00,2.345637e-08,5.069466e-09,5.269318e-07,2.830462e-07,0.000000e+00,0.000000e+00,1.007336e-08,1.668119e-09,0.000000e+00,0.000000e+00,0.000000e+00,0.000000e+00,0.000000e+00,0.000000e+00,0.000000e+00,0.000000e+00,0.000000e+00,0.000000e+00,0.000000e+00,0.000000e+00,0.000000e+00,0.000000e+00,1.287806e-06,7.774206e-07,0.000000e+00,0.000000e+00,0.000000e+00
8.185000e+02,0.000000e+00,0.000000e+00,0.000000e+00,0.000000e+00,0.000000e+00,0.000000e+00,2.054570e-08,4.330659e-09,5.141659e-07,2.745809e-07,0.000000e+00,0.000000e+00,7.659421e-09,1.258780e-09,0.000000e+00,0.000000e+00,0.000000e+00,0.000000e+00,0.000000e+00,0.000000e+00,0.000000e+00,0.000000e+00,0.000000e+00,0.000000e+00,0.000000e+00,0.000000e+00,0.000000e+00,0.000000e+00,1.262352e-06,7.590893e-07,0.000000e+00,0.000000e+00,0.000000e+00
8.190000e+02,0.000000e+00,0.000000e+00,0.000000e+00,0.000000e+00,0.000000e+00,0.000000e+00,1.783572e-08,3.657099e-09,5.015993e-07,2.662811e-07,0.000000e+00,0.000000e+00,5.580768e-09,9.149873e-10,0.000000e+00,0.000000e+00,0.000000e+00,0.000000e+00,0.000000e+00,0.000000e+00,0.000000e+00,0.000000e+00,0.000000e+00,0.000000e+00,0.000000e+00,0.000000e+00,0.000000e+00,0.000000e+00,1.237228e-06,7.410394e-07,0.000000e+00,0.000000e+00,0.000000e+00
8.195000e+02,0.000000e+00,0.000000e+00,0.000000e+00,0.000000e+00,0.000000e+00,0.000000e+00,1.532464e-08,3.048210e-09,4.892305e-07,2.581454e-07,0.000000e+00,0.000000e+00,3.834817e-09,6.266287e-10,0.000000e+00,0.000000e+00,0.000000e+00,0.000000e+00,0.000000e+00,0.000000e+00,0.000000e+00,0.000000e+00,0.000000e+00,0.000000e+00,0.000000e+00,0.000000e+00,0.000000e+00,0.000000e+00,1.212431e-06,7.232687e-07,0.000000e+00,0.000000e+00,0.000000e+00
8.200000e+02,0.000000e+00,0.000000e+00,0.000000e+00,0.000000e+00,0.000000e+00,0.000000e+00,1.301072e-08,2.503419e-09,4.770577e-07,2.501723e-07,0.000000e+00,0.000000e+00,2.419004e-09,3.932774e-10,0.000000e+00,0.000000e+00,0.000000e+00,0.000000e+00,0.000000e+00,0.000000e+00,0.000000e+00,0.000000e+00,0.000000e+00,0.000000e+00,0.000000e+00,0.000000e+00,0.000000e+00,0.000000e+00,1.187960e-06,7.057749e-07,0.000000e+00,0.000000e+00,0.000000e+00
8.205000e+02,0.000000e+00,0.000000e+00,0.000000e+00,0.000000e+00,0.000000e+00,0.000000e+00,1.089222e-08,2.022157e-09,4.650791e-07,2.423602e-07,0.000000e+00,0.000000e+00,1.330782e-09,2.145090e-10,0.000000e+00,0.000000e+00,0.000000e+00,0.000000e+00,0.000000e+00,0.000000e+00,0.000000e+00,0.000000e+00,0.000000e+00,0.000000e+00,0.000000e+00,0.000000e+00,0.000000e+00,0.000000e+00,1.163812e-06,6.885559e-07,0.000000e+00,0.000000e+00,0.000000e+00
8.210000e+02,0.000000e+00,0.000000e+00,0.000000e+00,0.000000e+00,0.000000e+00,0.000000e+00,8.967407e-09,1.603861e-09,4.532929e-07,2.347079e-07,0.000000e+00,0.000000e+00,5.676205e-10,8.990165e-11,0.000000e+00,0.000000e+00,0.000000e+00,0.000000e+00,0.000000e+00,0.000000e+00,0.000000e+00,0.000000e+00,0.000000e+00,0.000000e+00,0.000000e+00,0.000000e+00,0.000000e+00,0.000000e+00,1.139984e-06,6.716096e-07,0.000000e+00,0.000000e+00,0.000000e+00
8.215000e+02,0.000000e+00,0.000000e+00,0.000000e+00,0.000000e+00,0.000000e+00,0.000000e+00,7.234563e-09,1.247971e-09,4.416976e-07,2.272137e-07,0.000000e+00,0.000000e+00,1.270049e-10,1.903660e-11,0.000000e+00,0.000000e+00,0.000000e+00,0.000000e+00,0.000000e+00,0.000000e+00,0.000000e+00,0.000000e+00,0.000000e+00,0.000000e+00,0.000000e+00,0.000000e+00,0.000000e+00,0.000000e+00,1.116474e-06,6.549336e-07,0.000000e+00,0.000000e+00,0.000000e+00
8.220000e+02,0.000000e+00,0.000000e+00,0.000000e+00,0.000000e+00,0.000000e+00,0.000000e+00,5.691991e-09,9.539306e-10,4.302915e-07,2.198763e-07,0.000000e+00,0.000000e+00,0.000000e+00,0.000000e+00,0.000000e+00,0.000000e+00,0.000000e+00,0.000000e+00,0.000000e+00,0.000000e+00,0.000000e+00,0.000000e+00,0.000000e+00,0.000000e+00,0.000000e+00,0.000000e+00,0.000000e+00,0.000000e+00,1.093280e-06,6.385259e-07,0.000000e+00,0.000000e+00,0.000000e+00
8.225000e+02,0.000000e+00,0.000000e+00,0.000000e+00,0.000000e+00,0.000000e+00,0.000000e+00,4.338001e-09,7.199711e-10,4.190727e-07,2.126942e-07,0.000000e+00,0.000000e+00,0.000000e+00,0.000000e+00,0.000000e+00,0.000000e+00,0.000000e+00,0.000000e+00,0.000000e+00,0.000000e+00,0.000000e+00,0.000000e+00,0.000000e+00,0.000000e+00,0.000000e+00,0.000000e+00,0.000000e+00,0.000000e+00,1.070398e-06,6.223844e-07,0.000000e+00,0.000000e+00,0.000000e+00
8.230000e+02,0.000000e+00,0.000000e+00,0.000000e+00,0.000000e+00,0.000000e+00,0.000000e+00,3.170919e-09,5.259099e-10,4.080397e-07,2.056660e-07,0.000000e+00,0.000000e+00,0.000000e+00,0.000000e+00,0.000000e+00,0.000000e+00,0.000000e+00,0.000000e+00,0.000000e+00,0.000000e+00,0.000000e+00,0.000000e+00,0.000000e+00,0.000000e+00,0.000000e+00,0.000000e+00,0.000000e+00,0.000000e+00,1.047827e-06,6.065068e-07,0.000000e+00,0.000000e+00,0.000000e+00
8.235000e+02,0.000000e+00,0.000000e+00,0.000000e+00,0.000000e+00,0.000000e+00,0.000000e+00,2.189082e-09,3.627198e-10,3.971909e-07,1.987904e-07,0.000000e+00,0.000000e+00,0.000000e+00,0.000000e+00,0.000000e+00,0.000000e+00,0.000000e+00,0.000000e+00,0.000000e+00,0.000000e+00,0.000000e+00,0.000000e+00,0.000000e+00,0.000000e+00,0.000000e+00,0.000000e+00,0.000000e+00,0.000000e+00,1.025564e-06,5.908912e-07,0.000000e+00,0.000000e+00,0.000000e+00
8.240000e+02,0.000000e+00,0.000000e+00,0.000000e+00,0.000000e+00,0.000000e+00,0.000000e+00,1.390843e-09,2.301260e-10,3.865245e-07,1.920658e-07,0.000000e+00,0.000000e+00,0.000000e+00,0.000000e+00,0.000000e+00,0.000000e+00,0.000000e+00,0.000000e+00,0.000000e+00,0.000000e+00,0.000000e+00,0.000000e+00,0.000000e+00,0.000000e+00,0.000000e+00,0.000000e+00,0.000000e+00,0.000000e+00,1.003607e-06,5.755353e-07,0.000000e+00,0.000000e+00,0.000000e+00
8.245000e+02,0.000000e+00,0.000000e+00,0.000000e+00,0.000000e+00,0.000000e+00,0.000000e+00,7.745639e-10,1.278559e-10,3.760390e-07,1.854910e-07,0.000000e+00,0.000000e+00,0.000000e+00,0.000000e+00,0.000000e+00,0.000000e+00,0.000000e+00,0.000000e+00,0.000000e+00,0.000000e+00,0.000000e+00,0.000000e+00,0.000000e+00,0.000000e+00,0.000000e+00,0.000000e+00,0.000000e+00,0.000000e+00,9.819526e-07,5.604372e-07,0.000000e+00,0.000000e+00,0.000000e+00
8.250000e+02,0.000000e+00,0.000000e+00,0.000000e+00,0.000000e+00,0.000000e+00,0.000000e+00,3.386229e-10,5.563885e-11,3.657327e-07,1.790646e-07,0.000000e+00,0.000000e+00,0.000000e+00,0.000000e+00,0.000000e+00,0.000000e+00,0.000000e+00,0.000000e+00,0.000000e+00,0.000000e+00,0.000000e+00,0.000000e+00,0.000000e+00,0.000000e+00,0.000000e+00,0.000000e+00,0.000000e+00,0.000000e+00,9.605995e-07,5.455947e-07,0.000000e+00,0.000000e+00,0.000000e+00
8.255000e+02,0.000000e+00,0.000000e+00,0.000000e+00,0.000000e+00,0.000000e+00,0.000000e+00,8.140921e-11,1.320661e-11,3.556041e-07,1.727851e-07,0.000000e+00,0.000000e+00,0.000000e+00,0.000000e+00,0.000000e+00,0.000000e+00,0.000000e+00,0.000000e+00,0.000000e+00,0.000000e+00,0.000000e+00,0.000000e+00,0.000000e+00,0.000000e+00,0.000000e+00,0.000000e+00,0.000000e+00,0.000000e+00,9.395451e-07,5.310058e-07,0.000000e+00,0.000000e+00,0.000000e+00
8.260000e+02,0.000000e+00,0.000000e+00,0.000000e+00,0.000000e+00,0.000000e+00,0.000000e+00,0.000000e+00,0.000000e+00,3.456515e-07,1.666513e-07,0.000000e+00,0.000000e+00,0.000000e+00,0.000000e+00,0.000000e+00,0.000000e+00,0.000000e+00,0.000000e+00,0.000000e+00,0.000000e+00,0.000000e+00,0.000000e+00,0.000000e+00,0.000000e+00,0.000000e+00,0.000000e+00,0.000000e+00,0.000000e+00,9.187869e-07,5.166685e-07,0.000000e+00,0.000000e+00,0.000000e+00
8.265000e+02,0.000000e+00,0.000000e+00,0.000000e+00,0.000000e+00,0.000000e+00,0.000000e+00,0.000000e+00,0.000000e+00,3.358735e-07,1.606618e-07,0.000000e+00,0.000000e+00,0.000000e+00,0.000000e+00,0.000000e+00,0.000000e+00,0.000000e+00,0.000000e+00,0.000000e+00,0.000000e+00,0.000000e+00,0.000000e+00,0.000000e+00,0.000000e+00,0.000000e+00,0.000000e+00,0.000000e+00,0.000000e+00,8.983227e-07,5.025807e-07,0.000000e+00,0.000000e+00,0.000000e+00
8.270000e+02,0.000000e+00,0.000000e+00,0.000000e+00,0.000000e+00,0.000000e+00,0.000000e+00,0.000000e+00,0.000000e+00,3.262683e-07,1.548153e-07,0.000000e+00,0.000000e+00,0.000000e+00,0.000000e+00,0.000000e+00,0.000000e+00,0.000000e+00,0.000000e+00,0.000000e+00,0.000000e+00,0.000000e+00,0.000000e+00,0.000000e+00,0.000000e+00,0.000000e+00,0.000000e+00,0.000000e+00,0.000000e+00,8.781502e-07,4.887405e-07,0.000000e+00,0.000000e+00,0.000000e+00
8.275000e+02,0.000000e+00,0.000000e+00,0.000000e+00,0.000000e+00,0.000000e+00,0.000000e+00,0.000000e+00,0.000000e+00,3.168345e-07,1.491105e-07,0.000000e+00,0.000000e+00,0.000000e+00,0.000000e+00,0.000000e+00,0.000000e+00,0.000000e+00,0.000000e+00,0.000000e+00,0.000000e+00,0.000000e+00,0.000000e+00,0.000000e+00,0.000000e+00,0.000000e+00,0.000000e+00,0.000000e+00,0.000000e+00,8.582670e-07,4.751458e-07,0.000000e+00,0.000000e+00,0.000000e+00
8.280000e+02,0.000000e+00,0.000000e+00,0.000000e+00,0.000000e+00,0.000000e+00,0.000000e+00,0.000000e+00,0.000000e+00,3.075705e-07,1.435461e-07,0.000000e+00,0.000000e+00,0.000000e+00,0.000000e+00,0.000000e+00,0.000000e+00,0.000000e+00,0.000000e+00,0.000000e+00,0.000000e+00,0.000000e+00,0.000000e+00,0.000000e+00,0.000000e+00,0.000000e+00,0.000000e+00,0.000000e+00,0.000000e+00,8.386709e-07,4.617947e-07,0.000000e+00,0.000000e+00,0.000000e+00
8.285000e+02,0.000000e+00,0.000000e+00,0.000000e+00,0.000000e+00,0.000000e+00,0.000000e+00,0.000000e+00,0.000000e+00,2.984748e-07,1.381207e-07,0.000000e+00,0.000000e+00,0.000000e+00,0.000000e+00,0.000000e+00,0.000000e+00,0.000000e+00,0.000000e+00,0.000000e+00,0.000000e+00,0.000000e+00,0.000000e+00,0.000000e+00,0.000000e+00,0.000000e+00,0.000000e+00,0.000000e+00,0.000000e+00,8.193597e-07,4.486851e-07,0.000000e+00,0.000000e+00,0.000000e+00
8.290000e+02,0.000000e+00,0.000000e+00,0.000000e+00,0.000000e+00,0.000000e+00,0.000000e+00,0.000000e+00,0.000000e+00,2.895459e-07,1.328331e-07,0.000000e+00,0.000000e+00,0.000000e+00,0.000000e+00,0.000000e+00,0.000000e+00,0.000000e+00,0.000000e+00,0.000000e+00,0.000000e+00,0.000000e+00,0.000000e+00,0.000000e+00,0.000000e+00,0.000000e+00,0.000000e+00,0.000000e+00,0.000000e+00,8.003311e-07,4.358152e-07,0.000000e+00,0.000000e+00,0.000000e+00
8.295000e+02,0.000000e+00,0.000000e+00,0.000000e+00,0.000000e+00,0.000000e+00,0.000000e+00,0.000000e+00,0.000000e+00,2.807823e-07,1.276820e-07,0.000000e+00,0.000000e+00,0.000000e+00,0.000000e+00,0.000000e+00,0.000000e+00,0.000000e+00,0.000000e+00,0.000000e+00,0.000000e+00,0.000000e+00,0.000000e+00,0.000000e+00,0.000000e+00,0.000000e+00,0.000000e+00,0.000000e+00,0.000000e+00,7.815828e-07,4.231830e-07,0.000000e+00,0.000000e+00,0.000000e+00
8.300000e+02,0.000000e+00,0.000000e+00,0.000000e+00,0.000000e+00,0.000000e+00,0.000000e+00,0.000000e+00,0.000000e+00,2.721825e-07,1.226662e-07,0.000000e+00,0.000000e+00,0.000000e+00,0.000000e+00,0.000000e+00,0.000000e+00,0.000000e+00,0.000000e+00,0.000000e+00,0.000000e+00,0.000000e+00,0.000000e+00,0.000000e+00,0.000000e+00,0.000000e+00,0.000000e+00,0.000000e+00,0.000000e+00,7.631128e-07,4.107866e-07,0.000000e+00,0.000000e+00,0.000000e+00
8.305000e+02,0.000000e+00,0.000000e+00,0.000000e+00,0.000000e+00,0.000000e+00,0.000000e+00,0.000000e+00,0.000000e+00,2.637450e-07,1.177844e-07,0.000000e+00,0.000000e+00,0.000000e+00,0.000000e+00,0.000000e+00,0.000000e+00,0.000000e+00,0.000000e+00,0.000000e+00,0.000000e+00,0.000000e+00,0.000000e+00,0.000000e+00,0.000000e+00,0.000000e+00,0.000000e+00,0.000000e+00,0.000000e+00,7.449187e-07,3.986240e-07,0.000000e+00,0.000000e+00,0.000000e+00
8.310000e+02,0.000000e+00,0.000000e+00,0.000000e+00,0.000000e+00,0.000000e+00,0.000000e+00,0.000000e+00,0.000000e+00,2.554684e-07,1.130353e-07,0.000000e+00,0.000000e+00,0.000000e+00,0.000000e+00,0.000000e+00,0.000000e+00,0.000000e+00,0.000000e+00,0.000000e+00,0.000000e+00,0.000000e+00,0.000000e+00,0.000000e+00,0.000000e+00,0.000000e+00,0.000000e+00,0.000000e+00,0.000000e+00,7.269984e-07,3.866934e-07,0.000000e+00,0.000000e+00,0.000000e+00
8.315000e+02,0.000000e+00,0.000000e+00,0.000000e+00,0.000000e+00,0.000000e+00,0.000000e+00,0.000000e+00,0.000000e+00,2.473511e-07,1.084178e-07,0.000000e+00,0.000000e+00,0.000000e+00,0.000000e+00,0.000000e+00,0.000000e+00,0.000000e+00,0.000000e+00,0.000000e+00,0.000000e+00,0.000000e+00,0.000000e+00,0.000000e+00,0.000000e+00,0.000000e+00,0.000000e+00,0.000000e+00,0.000000e+00,7.093497e-07,3.749929e-07,0.000000e+00,0.000000e+00,0.000000e+00
8.320000e+02,0.000000e+00,0.000000e+00,0.000000e+00,0.000000e+00,0.000000e+00,0.000000e+00,0.000000e+00,0.000000e+00,2.393918e-07,1.039306e-07,0.000000e+00,0.000000e+00,0.000000e+00,0.000000e+00,0.000000e+00,0.000000e+00,0.000000e+00,0.000000e+00,0.000000e+00,0.000000e+00,0.000000e+00,0.000000e+00,0.000000e+00,0.000000e+00,0.000000e+00,0.000000e+00,0.000000e+00,0.000000e+00,6.919705e-07,3.635205e-07,0.000000e+00,0.000000e+00,0.000000e+00
8.325000e+02,0.000000e+00,0.000000e+00,0.000000e+00,0.000000e+00,0.000000e+00,0.000000e+00,0.000000e+00,0.000000e+00,2.315891e-07,9.957244e-08,0.000000e+00,0.000000e+00,0.000000e+00,0.000000e+00,0.000000e+00,0.000000e+00,0.000000e+00,0.000000e+00,0.000000e+00,0.000000e+00,0.000000e+00,0.000000e+00,0.000000e+00,0.000000e+00,0.000000e+00,0.000000e+00,0.000000e+00,0.000000e+00,6.748587e-07,3.522745e-07,0.000000e+00,0.000000e+00,0.000000e+00
8.330000e+02,0.000000e+00,0.000000e+00,0.000000e+00,0.000000e+00,0.000000e+00,0.000000e+00,0.000000e+00,0.000000e+00,2.239414e-07,9.534220e-08,0.000000e+00,0.000000e+00,0.000000e+00,0.000000e+00,0.000000e+00,0.000000e+00,0.000000e+00,0.000000e+00,0.000000e+00,0.000000e+00,0.000000e+00,0.000000e+00,0.000000e+00,0.000000e+00,0.000000e+00,0.000000e+00,0.000000e+00,0.000000e+00,6.580121e-07,3.412530e-07,0.000000e+00,0.000000e+00,0.000000e+00
8.335000e+02,0.000000e+00,0.000000e+00,0.000000e+00,0.000000e+00,0.000000e+00,0.000000e+00,0.000000e+00,0.000000e+00,2.164474e-07,9.123866e-08,0.000000e+00,0.000000e+00,0.000000e+00,0.000000e+00,0.000000e+00,0.000000e+00,0.000000e+00,0.000000e+00,0.000000e+00,0.000000e+00,0.000000e+00,0.000000e+00,0.000000e+00,0.000000e+00,0.000000e+00,0.000000e+00,0.000000e+00,0.000000e+00,6.414286e-07,3.304542e-07,0.000000e+00,0.000000e+00,0.000000e+00
8.340000e+02,0.000000e+00,0.000000e+00,0.000000e+00,0.000000e+00,0.000000e+00,0.000000e+00,0.000000e+00,0.000000e+00,2.091057e-07,8.726064e-08,0.000000e+00,0.000000e+00,0.000000e+00,0.000000e+00,0.000000e+00,0.000000e+00,0.000000e+00,0.000000e+00,0.000000e+00,0.000000e+00,0.000000e+00,0.000000e+00,0.000000e+00,0.000000e+00,0.000000e+00,0.000000e+00,0.000000e+00,0.000000e+00,6.251061e-07,3.198762e-07,0.000000e+00,0.000000e+00,0.000000e+00
8.345000e+02,0.000000e+00,0.000000e+00,0.000000e+00,0.000000e+00,0.000000e+00,0.000000e+00,0.000000e+00,0.000000e+00,2.019149e-07,8.340697e-08,0.000000e+00,0.000000e+00,0.000000e+00,0.000000e+00,0.000000e+00,0.000000e+00,0.000000e+00,0.000000e+00,0.000000e+00,0.000000e+00,0.000000e+00,0.000000e+00,0.000000e+00,0.000000e+00,0.000000e+00,0.000000e+00,0.000000e+00,0.000000e+00,6.090426e-07,3.095173e-07,0.000000e+00,0.000000e+00,0.000000e+00
8.350000e+02,0.000000e+00,0.000000e+00,0.000000e+00,0.000000e+00,0.000000e+00,0.000000e+00,0.000000e+00,0.000000e+00,1.948737e-07,7.967649e-08,0.000000e+00,0.000000e+00,0.000000e+00,0.000000e+00,0.000000e+00,0.000000e+00,0.000000e+00,0.000000e+00,0.000000e+00,0.000000e+00,0.000000e+00,0.000000e+00,0.000000e+00,0.000000e+00,0.000000e+00,0.000000e+00,0.000000e+00,0.000000e+00,5.932359e-07,2.993756e-07,0.000000e+00,0.000000e+00,0.000000e+00
8.355000e+02,0.000000e+00,0.000000e+00,0.000000e+00,0.000000e+00,0.000000e+00,0.000000e+00,0.000000e+00,0.000000e+00,1.879806e-07,7.606804e-08,0.000000e+00,0.000000e+00,0.000000e+00,0.000000e+00,0.000000e+00,0.000000e+00,0.000000e+00,0.000000e+00,0.000000e+00,0.000000e+00,0.000000e+00,0.000000e+00,0.000000e+00,0.000000e+00,0.000000e+00,0.000000e+00,0.000000e+00,0.000000e+00,5.776841e-07,2.894493e-07,0.000000e+00,0.000000e+00,0.000000e+00
8.360000e+02,0.000000e+00,0.000000e+00,0.000000e+00,0.000000e+00,0.000000e+00,0.000000e+00,0.000000e+00,0.000000e+00,1.812344e-07,7.258048e-08,0.000000e+00,0.000000e+00,0.000000e+00,0.000000e+00,0.000000e+00,0.000000e+00,0.000000e+00,0.000000e+00,0.000000e+00,0.000000e+00,0.000000e+00,0.000000e+00,0.000000e+00,0.000000e+00,0.000000e+00,0.000000e+00,0.000000e+00,0.000000e+00,5.623851e-07,2.797368e-07,0.000000e+00,0.000000e+00,0.000000e+00
8.365000e+02,0.000000e+00,0.000000e+00,0.000000e+00,0.000000e+00,0.000000e+00,0.000000e+00,0.000000e+00,0.000000e+00,1.746336e-07,6.921269e-08,0.000000e+00,0.000000e+00,0.000000e+00,0.000000e+00,0.000000e+00,0.000000e+00,0.000000e+00,0.000000e+00,0.000000e+00,0.000000e+00,0.000000e+00,0.000000e+00,0.000000e+00,0.000000e+00,0.000000e+00,0.000000e+00,0.000000e+00,0.000000e+00,5.473368e-07,2.702362e-07,0.000000e+00,0.000000e+00,0.000000e+00
8.370000e+02,0.000000e+00,0.000000e+00,0.000000e+00,0.000000e+00,0.000000e+00,0.000000e+00,0.000000e+00,0.000000e+00,1.681769e-07,6.596352e-08,0.000000e+00,0.000000e+00,0.000000e+00,0.000000e+00,0.000000e+00,0.000000e+00,0.000000e+00,0.000000e+00,0.000000e+00,0.000000e+00,0.000000e+00,0.000000e+00,0.000000e+00,0.000000e+00,0.000000e+00,0.000000e+00,0.000000e+00,0.000000e+00,5.325373e-07,2.609458e-07,0.000000e+00,0.000000e+00,0.000000e+00
8.375000e+02,0.000000e+00,0.000000e+00,0.000000e+00,0.000000e+00,0.000000e+00,0.000000e+00,0.000000e+00,0.000000e+00,1.618631e-07,6.283188e-08,0.000000e+00,0.000000e+00,0.000000e+00,0.000000e+00,0.000000e+00,0.000000e+00,0.000000e+00,0.000000e+00,0.000000e+00,0.000000e+00,0.000000e+00,0.000000e+00,0.000000e+00,0.000000e+00,0.000000e+00,0.000000e+00,0.000000e+00,0.000000e+00,5.179846e-07,2.518638e-07,0.000000e+00,0.000000e+00,0.000000e+00
8.380000e+02,0.000000e+00,0.000000e+00,0.000000e+00,0.000000e+00,0.000000e+00,0.000000e+00,0.000000e+00,0.000000e+00,1.556908e-07,5.981605e-08,0.000000e+00,0.000000e+00,0.000000e+00,0.000000e+00,0.000000e+00,0.000000e+00,0.000000e+00,0.000000e+00,0.000000e+00,0.000000e+00,0.000000e+00,0.000000e+00,0.000000e+00,0.000000e+00,0.000000e+00,0.000000e+00,0.000000e+00,0.000000e+00,5.036767e-07,2.429886e-07,0.000000e+00,0.000000e+00,0.000000e+00
8.385000e+02,0.000000e+00,0.000000e+00,0.000000e+00,0.000000e+00,0.000000e+00,0.000000e+00,0.000000e+00,0.000000e+00,1.496587e-07,5.690489e-08,0.000000e+00,0.000000e+00,0.000000e+00,0.000000e+00,0.000000e+00,0.000000e+00,0.000000e+00,0.000000e+00,0.000000e+00,0.000000e+00,0.000000e+00,0.000000e+00,0.000000e+00,0.000000e+00,0.000000e+00,0.000000e+00,0.000000e+00,0.000000e+00,4.896116e-07,2.343185e-07,0.000000e+00,0.000000e+00,0.000000e+00
8.390000e+02,0.000000e+00,0.000000e+00,0.000000e+00,0.000000e+00,0.000000e+00,0.000000e+00,0.000000e+00,0.000000e+00,1.437656e-07,5.409278e-08,0.000000e+00,0.000000e+00,0.000000e+00,0.000000e+00,0.000000e+00,0.000000e+00,0.000000e+00,0.000000e+00,0.000000e+00,0.000000e+00,0.000000e+00,0.000000e+00,0.000000e+00,0.000000e+00,0.000000e+00,0.000000e+00,0.000000e+00,0.000000e+00,4.757874e-07,2.258517e-07,0.000000e+00,0.000000e+00,0.000000e+00
8.395000e+02,0.000000e+00,0.000000e+00,0.000000e+00,0.000000e+00,0.000000e+00,0.000000e+00,0.000000e+00,0.000000e+00,1.380101e-07,5.137880e-08,0.000000e+00,0.000000e+00,0.000000e+00,0.000000e+00,0.000000e+00,0.000000e+00,0.000000e+00,0.000000e+00,0.000000e+00,0.000000e+00,0.000000e+00,0.000000e+00,0.000000e+00,0.000000e+00,0.000000e+00,0.000000e+00,0.000000e+00,0.000000e+00,4.622021e-07,2.175866e-07,0.000000e+00,0.000000e+00,0.000000e+00
8.400000e+02,0.000000e+00,0.000000e+00,0.000000e+00,0.000000e+00,0.000000e+00,0.000000e+00,0.000000e+00,0.000000e+00,1.323910e-07,4.876203e-08,0.000000e+00,0.000000e+00,0.000000e+00,0.000000e+00,0.000000e+00,0.000000e+00,0.000000e+00,0.000000e+00,0.000000e+00,0.000000e+00,0.000000e+00,0.000000e+00,0.000000e+00,0.000000e+00,0.000000e+00,0.000000e+00,0.000000e+00,0.000000e+00,4.488538e-07,2.095214e-07,0.000000e+00,0.000000e+00,0.000000e+00
8.405000e+02,0.000000e+00,0.000000e+00,0.000000e+00,0.000000e+00,0.000000e+00,0.000000e+00,0.000000e+00,0.000000e+00,1.269070e-07,4.624154e-08,0.000000e+00,0.000000e+00,0.000000e+00,0.000000e+00,0.000000e+00,0.000000e+00,0.000000e+00,0.000000e+00,0.000000e+00,0.000000e+00,0.000000e+00,0.000000e+00,0.000000e+00,0.000000e+00,0.000000e+00,0.000000e+00,0.000000e+00,0.000000e+00,4.357406e-07,2.016547e-07,0.000000e+00,0.000000e+00,0.000000e+00
8.410000e+02,0.000000e+00,0.000000e+00,0.000000e+00,0.000000e+00,0.000000e+00,0.000000e+00,0.000000e+00,0.000000e+00,1.215569e-07,4.381644e-08,0.000000e+00,0.000000e+00,0.000000e+00,0.000000e+00,0.000000e+00,0.000000e+00,0.000000e+00,0.000000e+00,0.000000e+00,0.000000e+00,0.000000e+00,0.000000e+00,0.000000e+00,0.000000e+00,0.000000e+00,0.000000e+00,0.000000e+00,0.000000e+00,4.228607e-07,1.939846e-07,0.000000e+00,0.000000e+00,0.000000e+00
8.415000e+02,0.000000e+00,0.000000e+00,0.000000e+00,0.000000e+00,0.000000e+00,0.000000e+00,0.000000e+00,0.000000e+00,1.163394e-07,4.148583e-08,0.000000e+00,0.000000e+00,0.000000e+00,0.000000e+00,0.000000e+00,0.000000e+00,0.000000e+00,0.000000e+00,0.000000e+00,0.000000e+00,0.000000e+00,0.000000e+00,0.000000e+00,0.000000e+00,0.000000e+00,0.000000e+00,0.000000e+00,0.000000e+00,4.102120e-07,1.865096e-07,0.000000e+00,0.000000e+00,0.000000e+00
8.420000e+02,0.000000e+00,0.000000e+00,0.000000e+00,0.000000e+00,0.000000e+00,0.000000e+00,0.000000e+00,0.000000e+00,1.112534e-07,3.924789e-08,0.000000e+00,0.000000e+00,0.000000e+00,0.000000e+00,0.000000e+00,0.000000e+00,0.000000e+00,0.000000e+00,0.000000e+00,0.000000e+00,0.000000e+00,0.000000e+00,0.000000e+00,0.000000e+00,0.000000e+00,0.000000e+00,0.000000e+00,0.000000e+00,3.977928e-07,1.792280e-07,0.000000e+00,0.000000e+00,0.000000e+00
8.425000e+02,0.000000e+00,0.000000e+00,0.000000e+00,0.000000e+00,0.000000e+00,0.000000e+00,0.000000e+00,0.000000e+00,1.062975e-07,3.709055e-08,0.000000e+00,0.000000e+00,0.000000e+00,0.000000e+00,0.000000e+00,0.000000e+00,0.000000e+00,0.000000e+00,0.000000e+00,0.000000e+00,0.000000e+00,0.000000e+00,0.000000e+00,0.000000e+00,0.000000e+00,0.000000e+00,0.000000e+00,0.000000e+00,3.856011e-07,1.721382e-07,0.000000e+00,0.000000e+00,0.000000e+00
8.430000e+02,0.000000e+00,0.000000e+00,0.000000e+00,0.000000e+00,0.000000e+00,0.000000e+00,0.000000e+00,0.000000e+00,1.014707e-07,3.501013e-08,0.000000e+00,0.000000e+00,0.000000e+00,0.000000e+00,0.000000e+00,0.000000e+00,0.000000e+00,0.000000e+00,0.000000e+00,0.000000e+00,0.000000e+00,0.000000e+00,0.000000e+00,0.000000e+00,0.000000e+00,0.000000e+00,0.000000e+00,0.000000e+00,3.736352e-07,1.652387e-07,0.000000e+00,0.000000e+00,0.000000e+00
8.435000e+02,0.000000e+00,0.000000e+00,0.000000e+00,0.000000e+00,0.000000e+00,0.000000e+00,0.000000e+00,0.000000e+00,9.677160e-08,3.300591e-08,0.000000e+00,0.000000e+00,0.000000e+00,0.000000e+00,0.000000e+00,0.000000e+00,0.000000e+00,0.000000e+00,0.000000e+00,0.000000e+00,0.000000e+00,0.000000e+00,0.000000e+00,0.000000e+00,0.000000e+00,0.000000e+00,0.000000e+00,0.000000e+00,3.618933e-07,1.585279e-07,0.000000e+00,0.000000e+00,0.000000e+00
8.440000e+02,0.000000e+00,0.000000e+00,0.000000e+00,0.000000e+00,0.000000e+00,0.000000e+00,0.000000e+00,0.000000e+00,9.219916e-08,3.107717e-08,0.000000e+00,0.000000e+00,0.000000e+00,0.000000e+00,0.000000e+00,0.000000e+00,0.000000e+00,0.000000e+00,0.000000e+00,0.000000e+00,0.000000e+00,0.000000e+00,0.000000e+00,0.000000e+00,0.000000e+00,0.000000e+00,0.000000e+00,0.000000e+00,3.503734e-07,1.520041e-07,0.000000e+00,0.000000e+00,0.000000e+00
8.445000e+02,0.000000e+00,0.000000e+00,0.000000e+00,0.000000e+00,0.000000e+00,0.000000e+00,0.000000e+00,0.000000e+00,8.775215e-08,2.922320e-08,0.000000e+00,0.000000e+00,0.000000e+00,0.000000e+00,0.000000e+00,0.000000e+00,0.000000e+00,0.000000e+00,0.000000e+00,0.000000e+00,0.000000e+00,0.000000e+00,0.000000e+00,0.000000e+00,0.000000e+00,0.000000e+00,0.000000e+00,0.000000e+00,3.390737e-07,1.456658e-07,0.000000e+00,0.000000e+00,0.000000e+00
8.450000e+02,0.000000e+00,0.000000e+00,0.000000e+00,0.000000e+00,0.000000e+00,0.000000e+00,0.000000e+00,0.000000e+00,8.342942e-08,2.744329e-08,0.000000e+00,0.000000e+00,0.000000e+00,0.000000e+00,0.000000e+00,0.000000e+00,0.000000e+00,0.000000e+00,0.000000e+00,0.000000e+00,0.000000e+00,0.000000e+00,0.000000e+00,0.000000e+00,0.000000e+00,0.000000e+00,0.000000e+00,0.000000e+00,3.279926e-07,1.395115e-07,0.000000e+00,0.000000e+00,0.000000e+00
8.455000e+02,0.000000e+00,0.000000e+00,0.000000e+00,0.000000e+00,0.000000e+00,0.000000e+00,0.000000e+00,0.000000e+00,7.922980e-08,2.573675e-08,0.000000e+00,0.000000e+00,0.000000e+00,0.000000e+00,0.000000e+00,0.000000e+00,0.000000e+00,0.000000e+00,0.000000e+00,0.000000e+00,0.000000e+00,0.000000e+00,0.000000e+00,0.000000e+00,0.000000e+00,0.000000e+00,0.000000e+00,0.000000e+00,3.171282e-07,1.335396e-07,0.000000e+00,0.000000e+00,0.000000e+00
8.460000e+02,0.000000e+00,0.000000e+00,0.000000e+00,0.000000e+00,0.000000e+00,0.000000e+00,0.000000e+00,0.000000e+00,7.515215e-08,2.410288e-08,0.000000e+00,0.000000e+00,0.000000e+00,0.000000e+00,0.000000e+00,0.000000e+00,0.000000e+00,0.000000e+00,0.000000e+00,0.000000e+00,0.000000e+00,0.000000e+00,0.000000e+00,0.000000e+00,0.000000e+00,0.000000e+00,0.000000e+00,0.000000e+00,3.064787e-07,1.277486e-07,0.000000e+00,0.000000e+00,0.000000e+00
8.465000e+02,0.000000e+00,0.000000e+00,0.000000e+00,0.000000e+00,0.000000e+00,0.000000e+00,0.000000e+00,0.000000e+00,7.119532e-08,2.254099e-08,0.000000e+00,0.000000e+00,0.000000e+00,0.000000e+00,0.000000e+00,0.000000e+00,0.000000e+00,0.000000e+00,0.000000e+00,0.000000e+00,0.000000e+00,0.000000e+00,0.000000e+00,0.000000e+00,0.000000e+00,0.000000e+00,0.000000e+00,0.000000e+00,2.960424e-07,1.221370e-07,0.000000e+00,0.000000e+00,0.000000e+00
8.470000e+02,0.000000e+00,0.000000e+00,0.000000e+00,0.000000e+00,0.000000e+00,0.000000e+00,0.000000e+00,0.000000e+00,6.735820e-08,2.105041e-08,0.000000e+00,0.000000e+00,0.000000e+00,0.000000e+00,0.000000e+00,0.000000e+00,0.000000e+00,0.000000e+00,0.000000e+00,0.000000e+00,0.000000e+00,0.000000e+00,0.000000e+00,0.000000e+00,0.000000e+00,0.000000e+00,0.000000e+00,0.000000e+00,2.858175e-07,1.167033e-07,0.000000e+00,0.000000e+00,0.000000e+00
8.475000e+02,0.000000e+00,0.000000e+00,0.000000e+00,0.000000e+00,0.000000e+00,0.000000e+00,0.000000e+00,0.000000e+00,6.363965e-08,1.963045e-08,0.000000e+00,0.000000e+00,0.000000e+00,0.000000e+00,0.000000e+00,0.000000e+00,0.000000e+00,0.000000e+00,0.000000e+00,0.000000e+00,0.000000e+00,0.000000e+00,0.000000e+00,0.000000e+00,0.000000e+00,0.000000e+00,0.000000e+00,0.000000e+00,2.758023e-07,1.114459e-07,0.000000e+00,0.000000e+00,0.000000e+00
8.480000e+02,0.000000e+00,0.000000e+00,0.000000e+00,0.000000e+00,0.000000e+00,0.000000e+00,0.000000e+00,0.000000e+00,6.003858e-08,1.828044e-08,0.000000e+00,0.000000e+00,0.000000e+00,0.000000e+00,0.000000e+00,0.000000e+00,0.000000e+00,0.000000e+00,0.000000e+00,0.000000e+00,0.000000e+00,0.000000e+00,0.000000e+00,0.000000e+00,0.000000e+00,0.000000e+00,0.000000e+00,0.000000e+00,2.659951e-07,1.063634e-07,0.000000e+00,0.000000e+00,0.000000e+00
8.485000e+02,0.000000e+00,0.000000e+00,0.000000e+00,0.000000e+00,0.000000e+00,0.000000e+00,0.000000e+00,0.000000e+00,5.655388e-08,1.699972e-08,0.000000e+00,0.000000e+00,0.000000e+00,0.000000e+00,0.000000e+00,0.000000e+00,0.000000e+00,0.000000e+00,0.000000e+00,0.000000e+00,0.000000e+00,0.000000e+00,0.000000e+00,0.000000e+00,0.000000e+00,0.000000e+00,0.000000e+00,0.000000e+00,2.563942e-07,1.014543e-07,0.000000e+00,0.000000e+00,0.000000e+00
8.490000e+02,0.000000e+00,0.000000e+00,0.000000e+00,0.000000e+00,0.000000e+00,0.000000e+00,0.000000e+00,0.000000e+00,5.318445e-08,1.578064e-08,0.000000e+00,0.000000e+00,0.000000e+00,0.000000e+00,0.000000e+00,0.000000e+00,0.000000e+00,0.000000e+00,0.000000e+00,0.000000e+00,0.000000e+00,0.000000e+00,0.000000e+00,0.000000e+00,0.000000e+00,0.000000e+00,0.000000e+00,0.000000e+00,2.469979e-07,9.671722e-08,0.000000e+00,0.000000e+00,0.000000e+00
8.495000e+02,0.000000e+00,0.000000e+00,0.000000e+00,0.000000e+00,0.000000e+00,0.000000e+00,0.000000e+00,0.000000e+00,4.992923e-08,1.461504e-08,0.000000e+00,0.000000e+00,0.000000e+00,0.000000e+00,0.000000e+00,0.000000e+00,0.000000e+00,0.000000e+00,0.000000e+00,0.000000e+00,0.000000e+00,0.000000e+00,0.000000e+00,0.000000e+00,0.000000e+00,0.000000e+00,0.000000e+00,0.000000e+00,2.378044e-07,9.215061e-08,0.000000e+00,0.000000e+00,0.000000e+00
8.500000e+02,0.000000e+00,0.000000e+00,0.000000e+00,0.000000e+00,0.000000e+00,0.000000e+00,0.000000e+00,0.000000e+00,4.678713e-08,1.350234e-08,0.000000e+00,0.000000e+00,0.000000e+00,0.000000e+00,0.000000e+00,0.000000e+00,0.000000e+00,0.000000e+00,0.000000e+00,0.000000e+00,0.000000e+00,0.000000e+00,0.000000e+00,0.000000e+00,0.000000e+00,0.000000e+00,0.000000e+00,0.000000e+00,2.288122e-07,8.775137e-08,0.000000e+00,0.000000e+00,0.000000e+00
8.505000e+02,0.000000e+00,0.000000e+00,0.000000e+00,0.000000e+00,0.000000e+00,0.000000e+00,0.000000e+00,0.000000e+00,4.375709e-08,1.244205e-08,0.000000e+00,0.000000e+00,0.000000e+00,0.000000e+00,0.000000e+00,0.000000e+00,0.000000e+00,0.000000e+00,0.000000e+00,0.000000e+00,0.000000e+00,0.000000e+00,0.000000e+00,0.000000e+00,0.000000e+00,0.000000e+00,0.000000e+00,0.000000e+00,2.200196e-07,8.349982e-08,0.000000e+00,0.000000e+00,0.000000e+00
8.510000e+02,0.000000e+00,0.000000e+00,0.000000e+00,0.000000e+00,0.000000e+00,0.000000e+00,0.000000e+00,0.000000e+00,4.083805e-08,1.143366e-08,0.000000e+00,0.000000e+00,0.000000e+00,0.000000e+00,0.000000e+00,0.000000e+00,0.000000e+00,0.000000e+00,0.000000e+00,0.000000e+00,0.000000e+00,0.000000e+00,0.000000e+00,0.000000e+00,0.000000e+00,0.000000e+00,0.000000e+00,0.000000e+00,2.114249e-07,7.939179e-08,0.000000e+00,0.000000e+00,0.000000e+00
8.515000e+02,0.000000e+00,0.000000e+00,0.000000e+00,0.000000e+00,0.000000e+00,0.000000e+00,0.000000e+00,0.000000e+00,3.802898e-08,1.047669e-08,0.000000e+00,0.000000e+00,0.000000e+00,0.000000e+00,0.000000e+00,0.000000e+00,0.000000e+00,0.000000e+00,0.000000e+00,0.000000e+00,0.000000e+00,0.000000e+00,0.000000e+00,0.000000e+00,0.000000e+00,0.000000e+00,0.000000e+00,0.000000e+00,2.030265e-07,7.542607e-08,0.000000e+00,0.000000e+00,0.000000e+00
8.520000e+02,0.000000e+00,0.000000e+00,0.000000e+00,0.000000e+00,0.000000e+00,0.000000e+00,0.000000e+00,0.000000e+00,3.532883e-08,9.570635e-09,0.000000e+00,0.000000e+00,0.000000e+00,0.000000e+00,0.000000e+00,0.000000e+00,0.000000e+00,0.000000e+00,0.000000e+00,0.000000e+00,0.000000e+00,0.000000e+00,0.000000e+00,0.000000e+00,0.000000e+00,0.000000e+00,0.000000e+00,0.000000e+00,1.948228e-07,7.160145e-08,0.000000e+00,0.000000e+00,0.000000e+00
8.525000e+02,0.000000e+00,0.000000e+00,0.000000e+00,0.000000e+00,0.000000e+00,0.000000e+00,0.000000e+00,0.000000e+00,3.273657e-08,8.715024e-09,0.000000e+00,0.000000e+00,0.000000e+00,0.000000e+00,0.000000e+00,0.000000e+00,0.000000e+00,0.000000e+00,0.000000e+00,0.000000e+00,0.000000e+00,0.000000e+00,0.000000e+00,0.000000e+00,0.000000e+00,0.000000e+00,0.000000e+00,0.000000e+00,1.868121e-07,6.791674e-08,0.000000e+00,0.000000e+00,0.000000e+00
8.530000e+02,0.000000e+00,0.000000e+00,0.000000e+00,0.000000e+00,0.000000e+00,0.000000e+00,0.000000e+00,0.000000e+00,3.025118e-08,7.909370e-09,0.000000e+00,0.000000e+00,0.000000e+00,0.000000e+00,0.000000e+00,0.000000e+00,0.000000e+00,0.000000e+00,0.000000e+00,0.000000e+00,0.000000e+00,0.000000e+00,0.000000e+00,0.000000e+00,0.000000e+00,0.000000e+00,0.000000e+00,0.000000e+00,1.789929e-07,6.437076e-08,0.000000e+00,0.000000e+00,0.000000e+00
8.535000e+02,0.000000e+00,0.000000e+00,0.000000e+00,0.000000e+00,0.000000e+00,0.000000e+00,0.000000e+00,0.000000e+00,2.787166e-08,7.153198e-09,0.000000e+00,0.000000e+00,0.000000e+00,0.000000e+00,0.000000e+00,0.000000e+00,0.000000e+00,0.000000e+00,0.000000e+00,0.000000e+00,0.000000e+00,0.000000e+00,0.000000e+00,0.000000e+00,0.000000e+00,0.000000e+00,0.000000e+00,0.000000e+00,1.713636e-07,6.096233e-08,0.000000e+00,0.000000e+00,0.000000e+00
8.540000e+02,0.000000e+00,0.000000e+00,0.000000e+00,0.000000e+00,0.000000e+00,0.000000e+00,0.000000e+00,0.000000e+00,2.559700e-08,6.446034e-09,0.000000e+00,0.000000e+00,0.000000e+00,0.000000e+00,0.000000e+00,0.000000e+00,0.000000e+00,0.000000e+00,0.000000e+00,0.000000e+00,0.000000e+00,0.000000e+00,0.000000e+00,0.000000e+00,0.000000e+00,0.000000e+00,0.000000e+00,0.000000e+00,1.639225e-07,5.768692e-08,0.000000e+00,0.000000e+00,0.000000e+00
8.545000e+02,0.000000e+00,0.000000e+00,0.000000e+00,0.000000e+00,0.000000e+00,0.000000e+00,0.000000e+00,0.000000e+00,2.342620e-08,5.787410e-09,0.000000e+00,0.000000e+00,0.000000e+00,0.000000e+00,0.000000e+00,0.000000e+00,0.000000e+00,0.000000e+00,0.000000e+00,0.000000e+00,0.000000e+00,0.000000e+00,0.000000e+00,0.000000e+00,0.000000e+00,0.000000e+00,0.000000e+00,0.000000e+00,1.566682e-07,5.452581e-08,0.000000e+00,0.000000e+00,0.000000e+00
8.550000e+02,0.000000e+00,0.000000e+00,0.000000e+00,0.000000e+00,0.000000e+00,0.000000e+00,0.000000e+00,0.000000e+00,2.135829e-08,5.176862e-09,0.000000e+00,0.000000e+00,0.000000e+00,0.000000e+00,0.000000e+00,0.000000e+00,0.000000e+00,0.000000e+00,0.000000e+00,0.000000e+00,0.000000e+00,0.000000e+00,0.000000e+00,0.000000e+00,0.000000e+00,0.000000e+00,0.000000e+00,0.000000e+00,1.495991e-07,5.147646e-08,0.000000e+00,0.000000e+00,0.000000e+00
8.555000e+02,0.000000e+00,0.000000e+00,0.000000e+00,0.000000e+00,0.000000e+00,0.000000e+00,0.000000e+00,0.000000e+00,1.939227e-08,4.613928e-09,0.000000e+00,0.000000e+00,0.000000e+00,0.000000e+00,0.000000e+00,0.000000e+00,0.000000e+00,0.000000e+00,0.000000e+00,0.000000e+00,0.000000e+00,0.000000e+00,0.000000e+00,0.000000e+00,0.000000e+00,0.000000e+00,0.000000e+00,0.000000e+00,1.427136e-07,4.853793e-08,0.000000e+00,0.000000e+00,0.000000e+00
8.560000e+02,0.000000e+00,0.000000e+00,0.000000e+00,0.000000e+00,0.000000e+00,0.000000e+00,0.000000e+00,0.000000e+00,1.752719e-08,4.098153e-09,0.000000e+00,0.000000e+00,0.000000e+00,0.000000e+00,0.000000e+00,0.000000e+00,0.000000e+00,0.000000e+00,0.000000e+00,0.000000e+00,0.000000e+00,0.000000e+00,0.000000e+00,0.000000e+00,0.000000e+00,0.000000e+00,0.000000e+00,0.000000e+00,1.360102e-07,4.570928e-08,0.000000e+00,0.000000e+00,0.000000e+00
8.565000e+02,0.000000e+00,0.000000e+00,0.000000e+00,0.000000e+00,0.000000e+00,0.000000e+00,0.000000e+00,0.000000e+00,1.576209e-08,3.622790e-09,0.000000e+00,0.000000e+00,0.000000e+00,0.000000e+00,0.000000e+00,0.000000e+00,0.000000e+00,0.000000e+00,0.000000e+00,0.000000e+00,0.000000e+00,0.000000e+00,0.000000e+00,0.000000e+00,0.000000e+00,0.000000e+00,0.000000e+00,0.000000e+00,1.294874e-07,4.298958e-08,0.000000e+00,0.000000e+00,0.000000e+00
8.570000e+02,0.000000e+00,0.000000e+00,0.000000e+00,0.000000e+00,0.000000e+00,0.000000e+00,0.000000e+00,0.000000e+00,1.409600e-08,3.179704e-09,0.000000e+00,0.000000e+00,0.000000e+00,0.000000e+00,0.000000e+00,0.000000e+00,0.000000e+00,0.000000e+00,0.000000e+00,0.000000e+00,0.000000e+00,0.000000e+00,0.000000e+00,0.000000e+00,0.000000e+00,0.000000e+00,0.000000e+00,0.000000e+00,1.231436e-07,4.037790e-08,0.000000e+00,0.000000e+00,0.000000e+00
8.575000e+02,0.000000e+00,0.000000e+00,0.000000e+00,0.000000e+00,0.000000e+00,0.000000e+00,0.000000e+00,0.000000e+00,1.252799e-08,2.768423e-09,0.000000e+00,0.000000e+00,0.000000e+00,0.000000e+00,0.000000e+00,0.000000e+00,0.000000e+00,0.000000e+00,0.000000e+00,0.000000e+00,0.000000e+00,0.000000e+00,0.000000e+00,0.000000e+00,0.000000e+00,0.000000e+00,0.000000e+00,0.000000e+00,1.169775e-07,3.787333e-08,0.000000e+00,0.000000e+00,0.000000e+00
8.580000e+02,0.000000e+00,0.000000e+00,0.000000e+00,0.000000e+00,0.000000e+00,0.000000e+00,0.000000e+00,0.000000e+00,1.105713e-08,2.388643e-09,0.000000e+00,0.000000e+00,0.000000e+00,0.000000e+00,0.000000e+00,0.000000e+00,0.000000e+00,0.000000e+00,0.000000e+00,0.000000e+00,0.000000e+00,0.000000e+00,0.000000e+00,0.000000e+00,0.000000e+00,0.000000e+00,0.000000e+00,0.000000e+00,1.109874e-07,3.547496e-08,0.000000e+00,0.000000e+00,0.000000e+00
8.585000e+02,0.000000e+00,0.000000e+00,0.000000e+00,0.000000e+00,0.000000e+00,0.000000e+00,0.000000e+00,0.000000e+00,9.682468e-09,2.040062e-09,0.000000e+00,0.000000e+00,0.000000e+00,0.000000e+00,0.000000e+00,0.000000e+00,0.000000e+00,0.000000e+00,0.000000e+00,0.000000e+00,0.000000e+00,0.000000e+00,0.000000e+00,0.000000e+00,0.000000e+00,0.000000e+00,0.000000e+00,0.000000e+00,1.051720e-07,3.318189e-08,0.000000e+00,0.000000e+00,0.000000e+00
8.590000e+02,0.000000e+00,0.000000e+00,0.000000e+00,0.000000e+00,0.000000e+00,0.000000e+00,0.000000e+00,0.000000e+00,8.403102e-09,1.722379e-09,0.000000e+00,0.000000e+00,0.000000e+00,0.000000e+00,0.000000e+00,0.000000e+00,0.000000e+00,0.000000e+00,0.000000e+00,0.000000e+00,0.000000e+00,0.000000e+00,0.000000e+00,0.000000e+00,0.000000e+00,0.000000e+00,0.000000e+00,0.000000e+00,9.952969e-08,3.099321e-08,0.000000e+00,0.000000e+00,0.000000e+00
8.595000e+02,0.000000e+00,0.000000e+00,0.000000e+00,0.000000e+00,0.000000e+00,0.000000e+00,0.000000e+00,0.000000e+00,7.218114e-09,1.435298e-09,0.000000e+00,0.000000e+00,0.000000e+00,0.000000e+00,0.000000e+00,0.000000e+00,0.000000e+00,0.000000e+00,0.000000e+00,0.000000e+00,0.000000e+00,0.000000e+00,0.000000e+00,0.000000e+00,0.000000e+00,0.000000e+00,0.000000e+00,0.000000e+00,9.405910e-08,2.890804e-08,0.000000e+00,0.000000e+00,0.000000e+00
8.600000e+02,0.000000e+00,0.000000e+00,0.000000e+00,0.000000e+00,0.000000e+00,0.000000e+00,0.000000e+00,0.000000e+00,6.126601e-09,1.178525e-09,0.000000e+00,0.000000e+00,0.000000e+00,0.000000e+00,0.000000e+00,0.000000e+00,0.000000e+00,0.000000e+00,0.000000e+00,0.000000e+00,0.000000e+00,0.000000e+00,0.000000e+00,0.000000e+00,0.000000e+00,0.000000e+00,0.000000e+00,0.000000e+00,8.875877e-08,2.692550e-08,0.000000e+00,0.000000e+00,0.000000e+00
8.605000e+02,0.000000e+00,0.000000e+00,0.000000e+00,0.000000e+00,0.000000e+00,0.000000e+00,0.000000e+00,0.000000e+00,5.127666e-09,9.517681e-10,0.000000e+00,0.000000e+00,0.000000e+00,0.000000e+00,0.000000e+00,0.000000e+00,0.000000e+00,0.000000e+00,0.000000e+00,0.000000e+00,0.000000e+00,0.000000e+00,0.000000e+00,0.000000e+00,0.000000e+00,0.000000e+00,0.000000e+00,0.000000e+00,8.362726e-08,2.504406e-08,0.000000e+00,0.000000e+00,0.000000e+00
8.610000e+02,0.000000e+00,0.000000e+00,0.000000e+00,0.000000e+00,0.000000e+00,0.000000e+00,0.000000e+00,0.000000e+00,4.220418e-09,7.547377e-10,0.000000e+00,0.000000e+00,0.000000e+00,0.000000e+00,0.000000e+00,0.000000e+00,0.000000e+00,0.000000e+00,0.000000e+00,0.000000e+00,0.000000e+00,0.000000e+00,0.000000e+00,0.000000e+00,0.000000e+00,0.000000e+00,0.000000e+00,0.000000e+00,7.866315e-08,2.324927e-08,0.000000e+00,0.000000e+00,0.000000e+00
8.615000e+02,0.000000e+00,0.000000e+00,0.000000e+00,0.000000e+00,0.000000e+00,0.000000e+00,0.000000e+00,0.000000e+00,3.403978e-09,5.871473e-10,0.000000e+00,0.000000e+00,0.000000e+00,0.000000e+00,0.000000e+00,0.000000e+00,0.000000e+00,0.000000e+00,0.000000e+00,0.000000e+00,0.000000e+00,0.000000e+00,0.000000e+00,0.000000e+00,0.000000e+00,0.000000e+00,0.000000e+00,0.000000e+00,7.386503e-08,2.153268e-08,0.000000e+00,0.000000e+00,0.000000e+00
8.620000e+02,0.000000e+00,0.000000e+00,0.000000e+00,0.000000e+00,0.000000e+00,0.000000e+00,0.000000e+00,0.000000e+00,2.677471e-09,4.487125e-10,0.000000e+00,0.000000e+00,0.000000e+00,0.000000e+00,0.000000e+00,0.000000e+00,0.000000e+00,0.000000e+00,0.000000e+00,0.000000e+00,0.000000e+00,0.000000e+00,0.000000e+00,0.000000e+00,0.000000e+00,0.000000e+00,0.000000e+00,0.000000e+00,6.923150e-08,1.989361e-08,0.000000e+00,0.000000e+00,0.000000e+00
8.625000e+02,0.000000e+00,0.000000e+00,0.000000e+00,0.000000e+00,0.000000e+00,0.000000e+00,0.000000e+00,0.000000e+00,2.040031e-09,3.385793e-10,0.000000e+00,0.000000e+00,0.000000e+00,0.000000e+00,0.000000e+00,0.000000e+00,0.000000e+00,0.000000e+00,0.000000e+00,0.000000e+00,0.000000e+00,0.000000e+00,0.000000e+00,0.000000e+00,0.000000e+00,0.000000e+00,0.000000e+00,0.000000e+00,6.476117e-08,1.833141e-08,0.000000e+00,0.000000e+00,0.000000e+00
8.630000e+02,0.000000e+00,0.000000e+00,0.000000e+00,0.000000e+00,0.000000e+00,0.000000e+00,0.000000e+00,0.000000e+00,1.490799e-09,2.472541e-10,0.000000e+00,0.000000e+00,0.000000e+00,0.000000e+00,0.000000e+00,0.000000e+00,0.000000e+00,0.000000e+00,0.000000e+00,0.000000e+00,0.000000e+00,0.000000e+00,0.000000e+00,0.000000e+00,0.000000e+00,0.000000e+00,0.000000e+00,0.000000e+00,6.045265e-08,1.684542e-08,0.000000e+00,0.000000e+00,0.000000e+00
8.635000e+02,0.000000e+00,0.000000e+00,0.000000e+00,0.000000e+00,0.000000e+00,0.000000e+00,0.000000e+00,0.000000e+00,1.028924e-09,1.704868e-10,0.000000e+00,0.000000e+00,0.000000e+00,0.000000e+00,0.000000e+00,0.000000e+00,0.000000e+00,0.000000e+00,0.000000e+00,0.000000e+00,0.000000e+00,0.000000e+00,0.000000e+00,0.000000e+00,0.000000e+00,0.000000e+00,0.000000e+00,0.000000e+00,5.630459e-08,1.543499e-08,0.000000e+00,0.000000e+00,0.000000e+00
8.640000e+02,0.000000e+00,0.000000e+00,0.000000e+00,0.000000e+00,0.000000e+00,0.000000e+00,0.000000e+00,0.000000e+00,6.535617e-10,1.081366e-10,0.000000e+00,0.000000e+00,0.000000e+00,0.000000e+00,0.000000e+00,0.000000e+00,0.000000e+00,0.000000e+00,0.000000e+00,0.000000e+00,0.000000e+00,0.000000e+00,0.000000e+00,0.000000e+00,0.000000e+00,0.000000e+00,0.000000e+00,0.000000e+00,5.231561e-08,1.409948e-08,0.000000e+00,0.000000e+00,0.000000e+00
8.645000e+02,0.000000e+00,0.000000e+00,0.000000e+00,0.000000e+00,0.000000e+00,0.000000e+00,0.000000e+00,0.000000e+00,3.638762e-10,6.006414e-11,0.000000e+00,0.000000e+00,0.000000e+00,0.000000e+00,0.000000e+00,0.000000e+00,0.000000e+00,0.000000e+00,0.000000e+00,0.000000e+00,0.000000e+00,0.000000e+00,0.000000e+00,0.000000e+00,0.000000e+00,0.000000e+00,0.000000e+00,0.000000e+00,4.848437e-08,1.283823e-08,0.000000e+00,0.000000e+00,0.000000e+00
8.650000e+02,0.000000e+00,0.000000e+00,0.000000e+00,0.000000e+00,0.000000e+00,0.000000e+00,0.000000e+00,0.000000e+00,1.590379e-10,2.613128e-11,0.000000e+00,0.000000e+00,0.000000e+00,0.000000e+00,0.000000e+00,0.000000e+00,0.000000e+00,0.000000e+00,0.000000e+00,0.000000e+00,0.000000e+00,0.000000e+00,0.000000e+00,0.000000e+00,0.000000e+00,0.000000e+00,0.000000e+00,0.000000e+00,4.480953e-08,1.165063e-08,0.000000e+00,0.000000e+00,0.000000e+00
8.655000e+02,0.000000e+00,0.000000e+00,0.000000e+00,0.000000e+00,0.000000e+00,0.000000e+00,0.000000e+00,0.000000e+00,3.822484e-11,6.200994e-12,0.000000e+00,0.000000e+00,0.000000e+00,0.000000e+00,0.000000e+00,0.000000e+00,0.000000e+00,0.000000e+00,0.000000e+00,0.000000e+00,0.000000e+00,0.000000e+00,0.000000e+00,0.000000e+00,0.000000e+00,0.000000e+00,0.000000e+00,0.000000e+00,4.128976e-08,1.053603e-08,0.000000e+00,0.000000e+00,0.000000e+00
8.660000e+02,0.000000e+00,0.000000e+00,0.000000e+00,0.000000e+00,0.000000e+00,0.000000e+00,0.000000e+00,0.000000e+00,0.000000e+00,0.000000e+00,0.000000e+00,0.000000e+00,0.000000e+00,0.000000e+00,0.000000e+00,0.000000e+00,0.000000e+00,0.000000e+00,0.000000e+00,0.000000e+00,0.000000e+00,0.000000e+00,0.000000e+00,0.000000e+00,0.000000e+00,0.000000e+00,0.000000e+00,0.000000e+00,3.792374e-08,9.493814e-09,0.000000e+00,0.000000e+00,0.000000e+00
8.665000e+02,0.000000e+00,0.000000e+00,0.000000e+00,0.000000e+00,0.000000e+00,0.000000e+00,0.000000e+00,0.000000e+00,0.000000e+00,0.000000e+00,0.000000e+00,0.000000e+00,0.000000e+00,0.000000e+00,0.000000e+00,0.000000e+00,0.000000e+00,0.000000e+00,0.000000e+00,0.000000e+00,0.000000e+00,0.000000e+00,0.000000e+00,0.000000e+00,0.000000e+00,0.000000e+00,0.000000e+00,0.000000e+00,3.471017e-08,8.523352e-09,0.000000e+00,0.000000e+00,0.000000e+00
8.670000e+02,0.000000e+00,0.000000e+00,0.000000e+00,0.000000e+00,0.000000e+00,0.000000e+00,0.000000e+00,0.000000e+00,0.000000e+00,0.000000e+00,0.000000e+00,0.000000e+00,0.000000e+00,0.000000e+00,0.000000e+00,0.000000e+00,0.000000e+00,0.000000e+00,0.000000e+00,0.000000e+00,0.000000e+00,0.000000e+00,0.000000e+00,0.000000e+00,0.000000e+00,0.000000e+00,0.000000e+00,0.000000e+00,3.164773e-08,7.624030e-09,0.000000e+00,0.000000e+00,0.000000e+00
8.675000e+02,0.000000e+00,0.000000e+00,0.000000e+00,0.000000e+00,0.000000e+00,0.000000e+00,0.000000e+00,0.000000e+00,0.000000e+00,0.000000e+00,0.000000e+00,0.000000e+00,0.000000e+00,0.000000e+00,0.000000e+00,0.000000e+00,0.000000e+00,0.000000e+00,0.000000e+00,0.000000e+00,0.000000e+00,0.000000e+00,0.000000e+00,0.000000e+00,0.000000e+00,0.000000e+00,0.000000e+00,0.000000e+00,2.873514e-08,6.795235e-09,0.000000e+00,0.000000e+00,0.000000e+00
8.680000e+02,0.000000e+00,0.000000e+00,0.000000e+00,0.000000e+00,0.000000e+00,0.000000e+00,0.000000e+00,0.000000e+00,0.000000e+00,0.000000e+00,0.000000e+00,0.000000e+00,0.000000e+00,0.000000e+00,0.000000e+00,0.000000e+00,0.000000e+00,0.000000e+00,0.000000e+00,0.000000e+00,0.000000e+00,0.000000e+00,0.000000e+00,0.000000e+00,0.000000e+00,0.000000e+00,0.000000e+00,0.000000e+00,2.597113e-08,6.035980e-09,0.000000e+00,0.000000e+00,0.000000e+00
8.685000e+02,0.000000e+00,0.000000e+00,0.000000e+00,0.000000e+00,0.000000e+00,0.000000e+00,0.000000e+00,0.000000e+00,0.000000e+00,0.000000e+00,0.000000e+00,0.000000e+00,0.000000e+00,0.000000e+00,0.000000e+00,0.000000e+00,0.000000e+00,0.000000e+00,0.000000e+00,0.000000e+00,0.000000e+00,0.000000e+00,0.000000e+00,0.000000e+00,0.000000e+00,0.000000e+00,0.000000e+00,0.000000e+00,2.335441e-08,5.333469e-09,0.000000e+00,0.000000e+00,0.000000e+00
8.690000e+02,0.000000e+00,0.000000e+00,0.000000e+00,0.000000e+00,0.000000e+00,0.000000e+00,0.000000e+00,0.000000e+00,0.000000e+00,0.000000e+00,0.000000e+00,0.000000e+00,0.000000e+00,0.000000e+00,0.000000e+00,0.000000e+00,0.000000e+00,0.000000e+00,0.000000e+00,0.000000e+00,0.000000e+00,0.000000e+00,0.000000e+00,0.000000e+00,0.000000e+00,0.000000e+00,0.000000e+00,0.000000e+00,2.088374e-08,4.678453e-09,0.000000e+00,0.000000e+00,0.000000e+00
8.695000e+02,0.000000e+00,0.000000e+00,0.000000e+00,0.000000e+00,0.000000e+00,0.000000e+00,0.000000e+00,0.000000e+00,0.000000e+00,0.000000e+00,0.000000e+00,0.000000e+00,0.000000e+00,0.000000e+00,0.000000e+00,0.000000e+00,0.000000e+00,0.000000e+00,0.000000e+00,0.000000e+00,0.000000e+00,0.000000e+00,0.000000e+00,0.000000e+00,0.000000e+00,0.000000e+00,0.000000e+00,0.000000e+00,1.855785e-08,4.070523e-09,0.000000e+00,0.000000e+00,0.000000e+00
8.700000e+02,0.000000e+00,0.000000e+00,0.000000e+00,0.000000e+00,0.000000e+00,0.000000e+00,0.000000e+00,0.000000e+00,0.000000e+00,0.000000e+00,0.000000e+00,0.000000e+00,0.000000e+00,0.000000e+00,0.000000e+00,0.000000e+00,0.000000e+00,0.000000e+00,0.000000e+00,0.000000e+00,0.000000e+00,0.000000e+00,0.000000e+00,0.000000e+00,0.000000e+00,0.000000e+00,0.000000e+00,0.000000e+00,1.637551e-08,3.509275e-09,0.000000e+00,0.000000e+00,0.000000e+00
8.705000e+02,0.000000e+00,0.000000e+00,0.000000e+00,0.000000e+00,0.000000e+00,0.000000e+00,0.000000e+00,0.000000e+00,0.000000e+00,0.000000e+00,0.000000e+00,0.000000e+00,0.000000e+00,0.000000e+00,0.000000e+00,0.000000e+00,0.000000e+00,0.000000e+00,0.000000e+00,0.000000e+00,0.000000e+00,0.000000e+00,0.000000e+00,0.000000e+00,0.000000e+00,0.000000e+00,0.000000e+00,0.000000e+00,1.433548e-08,2.994305e-09,0.000000e+00,0.000000e+00,0.000000e+00
8.710000e+02,0.000000e+00,0.000000e+00,0.000000e+00,0.000000e+00,0.000000e+00,0.000000e+00,0.000000e+00,0.000000e+00,0.000000e+00,0.000000e+00,0.000000e+00,0.000000e+00,0.000000e+00,0.000000e+00,0.000000e+00,0.000000e+00,0.000000e+00,0.000000e+00,0.000000e+00,0.000000e+00,0.000000e+00,0.000000e+00,0.000000e+00,0.000000e+00,0.000000e+00,0.000000e+00,0.000000e+00,0.000000e+00,1.243654e-08,2.525216e-09,0.000000e+00,0.000000e+00,0.000000e+00
8.715000e+02,0.000000e+00,0.000000e+00,0.000000e+00,0.000000e+00,0.000000e+00,0.000000e+00,0.000000e+00,0.000000e+00,0.000000e+00,0.000000e+00,0.000000e+00,0.000000e+00,0.000000e+00,0.000000e+00,0.000000e+00,0.000000e+00,0.000000e+00,0.000000e+00,0.000000e+00,0.000000e+00,0.000000e+00,0.000000e+00,0.000000e+00,0.000000e+00,0.000000e+00,0.000000e+00,0.000000e+00,0.000000e+00,1.067747e-08,2.101609e-09,0.000000e+00,0.000000e+00,0.000000e+00
8.720000e+02,0.000000e+00,0.000000e+00,0.000000e+00,0.000000e+00,0.000000e+00,0.000000e+00,0.000000e+00,0.000000e+00,0.000000e+00,0.000000e+00,0.000000e+00,0.000000e+00,0.000000e+00,0.000000e+00,0.000000e+00,0.000000e+00,0.000000e+00,0.000000e+00,0.000000e+00,0.000000e+00,0.000000e+00,0.000000e+00,0.000000e+00,0.000000e+00,0.000000e+00,0.000000e+00,0.000000e+00,0.000000e+00,9.057079e-09,1.723093e-09,0.000000e+00,0.000000e+00,0.000000e+00
8.725000e+02,0.000000e+00,0.000000e+00,0.000000e+00,0.000000e+00,0.000000e+00,0.000000e+00,0.000000e+00,0.000000e+00,0.000000e+00,0.000000e+00,0.000000e+00,0.000000e+00,0.000000e+00,0.000000e+00,0.000000e+00,0.000000e+00,0.000000e+00,0.000000e+00,0.000000e+00,0.000000e+00,0.000000e+00,0.000000e+00,0.000000e+00,0.000000e+00,0.000000e+00,0.000000e+00,0.000000e+00,0.000000e+00,7.574161e-09,1.389277e-09,0.000000e+00,0.000000e+00,0.000000e+00
8.730000e+02,0.000000e+00,0.000000e+00,0.000000e+00,0.000000e+00,0.000000e+00,0.000000e+00,0.000000e+00,0.000000e+00,0.000000e+00,0.000000e+00,0.000000e+00,0.000000e+00,0.000000e+00,0.000000e+00,0.000000e+00,0.000000e+00,0.000000e+00,0.000000e+00,0.000000e+00,0.000000e+00,0.000000e+00,0.000000e+00,0.000000e+00,0.000000e+00,0.000000e+00,0.000000e+00,0.000000e+00,0.000000e+00,6.227531e-09,1.099774e-09,0.000000e+00,0.000000e+00,0.000000e+00
8.735000e+02,0.000000e+00,0.000000e+00,0.000000e+00,0.000000e+00,0.000000e+00,0.000000e+00,0.000000e+00,0.000000e+00,0.000000e+00,0.000000e+00,0.000000e+00,0.000000e+00,0.000000e+00,0.000000e+00,0.000000e+00,0.000000e+00,0.000000e+00,0.000000e+00,0.000000e+00,0.000000e+00,0.000000e+00,0.000000e+00,0.000000e+00,0.000000e+00,0.000000e+00,0.000000e+00,0.000000e+00,0.000000e+00,5.016013e-09,8.542005e-10,0.000000e+00,0.000000e+00,0.000000e+00
8.740000e+02,0.000000e+00,0.000000e+00,0.000000e+00,0.000000e+00,0.000000e+00,0.000000e+00,0.000000e+00,0.000000e+00,0.000000e+00,0.000000e+00,0.000000e+00,0.000000e+00,0.000000e+00,0.000000e+00,0.000000e+00,0.000000e+00,0.000000e+00,0.000000e+00,0.000000e+00,0.000000e+00,0.000000e+00,0.000000e+00,0.000000e+00,0.000000e+00,0.000000e+00,0.000000e+00,0.000000e+00,0.000000e+00,3.938437e-09,6.521742e-10,0.000000e+00,0.000000e+00,0.000000e+00
8.745000e+02,0.000000e+00,0.000000e+00,0.000000e+00,0.000000e+00,0.000000e+00,0.000000e+00,0.000000e+00,0.000000e+00,0.000000e+00,0.000000e+00,0.000000e+00,0.000000e+00,0.000000e+00,0.000000e+00,0.000000e+00,0.000000e+00,0.000000e+00,0.000000e+00,0.000000e+00,0.000000e+00,0.000000e+00,0.000000e+00,0.000000e+00,0.000000e+00,0.000000e+00,0.000000e+00,0.000000e+00,0.000000e+00,2.993646e-09,4.919800e-10,0.000000e+00,0.000000e+00,0.000000e+00
8.750000e+02,0.000000e+00,0.000000e+00,0.000000e+00,0.000000e+00,0.000000e+00,0.000000e+00,0.000000e+00,0.000000e+00,0.000000e+00,0.000000e+00,0.000000e+00,0.000000e+00,0.000000e+00,0.000000e+00,0.000000e+00,0.000000e+00,0.000000e+00,0.000000e+00,0.000000e+00,0.000000e+00,0.000000e+00,0.000000e+00,0.000000e+00,0.000000e+00,0.000000e+00,0.000000e+00,0.000000e+00,0.000000e+00,2.180488e-09,3.574932e-10,0.000000e+00,0.000000e+00,0.000000e+00
8.755000e+02,0.000000e+00,0.000000e+00,0.000000e+00,0.000000e+00,0.000000e+00,0.000000e+00,0.000000e+00,0.000000e+00,0.000000e+00,0.000000e+00,0.000000e+00,0.000000e+00,0.000000e+00,0.000000e+00,0.000000e+00,0.000000e+00,0.000000e+00,0.000000e+00,0.000000e+00,0.000000e+00,0.000000e+00,0.000000e+00,0.000000e+00,0.000000e+00,0.000000e+00,0.000000e+00,0.000000e+00,0.000000e+00,1.497821e-09,2.447477e-10,0.000000e+00,0.000000e+00,0.000000e+00
8.760000e+02,0.000000e+00,0.000000e+00,0.000000e+00,0.000000e+00,0.000000e+00,0.000000e+00,0.000000e+00,0.000000e+00,0.000000e+00,0.000000e+00,0.000000e+00,0.000000e+00,0.000000e+00,0.000000e+00,0.000000e+00,0.000000e+00,0.000000e+00,0.000000e+00,0.000000e+00,0.000000e+00,0.000000e+00,0.000000e+00,0.000000e+00,0.000000e+00,0.000000e+00,0.000000e+00,0.000000e+00,0.000000e+00,9.445126e-10,1.535547e-10,0.000000e+00,0.000000e+00,0.000000e+00
8.765000e+02,0.000000e+00,0.000000e+00,0.000000e+00,0.000000e+00,0.000000e+00,0.000000e+00,0.000000e+00,0.000000e+00,0.000000e+00,0.000000e+00,0.000000e+00,0.000000e+00,0.000000e+00,0.000000e+00,0.000000e+00,0.000000e+00,0.000000e+00,0.000000e+00,0.000000e+00,0.000000e+00,0.000000e+00,0.000000e+00,0.000000e+00,0.000000e+00,0.000000e+00,0.000000e+00,0.000000e+00,0.000000e+00,5.194387e-10,8.372704e-11,0.000000e+00,0.000000e+00,0.000000e+00
8.770000e+02,0.000000e+00,0.000000e+00,0.000000e+00,0.000000e+00,0.000000e+00,0.000000e+00,0.000000e+00,0.000000e+00,0.000000e+00,0.000000e+00,0.000000e+00,0.000000e+00,0.000000e+00,0.000000e+00,0.000000e+00,0.000000e+00,0.000000e+00,0.000000e+00,0.000000e+00,0.000000e+00,0.000000e+00,0.000000e+00,0.000000e+00,0.000000e+00,0.000000e+00,0.000000e+00,0.000000e+00,0.000000e+00,2.214836e-10,3.507874e-11,0.000000e+00,0.000000e+00,0.000000e+00
8.775000e+02,0.000000e+00,0.000000e+00,0.000000e+00,0.000000e+00,0.000000e+00,0.000000e+00,0.000000e+00,0.000000e+00,0.000000e+00,0.000000e+00,0.000000e+00,0.000000e+00,0.000000e+00,0.000000e+00,0.000000e+00,0.000000e+00,0.000000e+00,0.000000e+00,0.000000e+00,0.000000e+00,0.000000e+00,0.000000e+00,0.000000e+00,0.000000e+00,0.000000e+00,0.000000e+00,0.000000e+00,0.000000e+00,4.954028e-11,7.425392e-12,0.000000e+00,0.000000e+00,0.000000e+00
8.780000e+02,0.000000e+00,0.000000e+00,0.000000e+00,0.000000e+00,0.000000e+00,0.000000e+00,0.000000e+00,0.000000e+00,0.000000e+00,0.000000e+00,0.000000e+00,0.000000e+00,0.000000e+00,0.000000e+00,0.000000e+00,0.000000e+00,0.000000e+00,0.000000e+00,0.000000e+00,0.000000e+00,0.000000e+00,0.000000e+00,0.000000e+00,0.000000e+00,0.000000e+00,0.000000e+00,0.000000e+00,0.000000e+00,0.000000e+00,0.000000e+00,0.000000e+00,0.000000e+00,0.000000e+00
8.785000e+02,0.000000e+00,0.000000e+00,0.000000e+00,0.000000e+00,0.000000e+00,0.000000e+00,0.000000e+00,0.000000e+00,0.000000e+00,0.000000e+00,0.000000e+00,0.000000e+00,0.000000e+00,0.000000e+00,0.000000e+00,0.000000e+00,0.000000e+00,0.000000e+00,0.000000e+00,0.000000e+00,0.000000e+00,0.000000e+00,0.000000e+00,0.000000e+00,0.000000e+00,0.000000e+00,0.000000e+00,0.000000e+00,0.000000e+00,0.000000e+00,0.000000e+00,0.000000e+00,0.000000e+00
8.790000e+02,0.000000e+00,0.000000e+00,0.000000e+00,0.000000e+00,0.000000e+00,0.000000e+00,0.000000e+00,0.000000e+00,0.000000e+00,0.000000e+00,0.000000e+00,0.000000e+00,0.000000e+00,0.000000e+00,0.000000e+00,0.000000e+00,0.000000e+00,0.000000e+00,0.000000e+00,0.000000e+00,0.000000e+00,0.000000e+00,0.000000e+00,0.000000e+00,0.000000e+00,0.000000e+00,0.000000e+00,0.000000e+00,0.000000e+00,0.000000e+00,0.000000e+00,0.000000e+00,0.000000e+00
8.795000e+02,0.000000e+00,0.000000e+00,0.000000e+00,0.000000e+00,0.000000e+00,0.000000e+00,0.000000e+00,0.000000e+00,0.000000e+00,0.000000e+00,0.000000e+00,0.000000e+00,0.000000e+00,0.000000e+00,0.000000e+00,0.000000e+00,0.000000e+00,0.000000e+00,0.000000e+00,0.000000e+00,0.000000e+00,0.000000e+00,0.000000e+00,0.000000e+00,0.000000e+00,0.000000e+00,0.000000e+00,0.000000e+00,0.000000e+00,0.000000e+00,0.000000e+00,0.000000e+00,0.000000e+00
8.800000e+02,0.000000e+00,0.000000e+00,0.000000e+00,0.000000e+00,0.000000e+00,0.000000e+00,0.000000e+00,0.000000e+00,0.000000e+00,0.000000e+00,0.000000e+00,0.000000e+00,0.000000e+00,0.000000e+00,0.000000e+00,0.000000e+00,0.000000e+00,0.000000e+00,0.000000e+00,0.000000e+00,0.000000e+00,0.000000e+00,0.000000e+00,0.000000e+00,0.000000e+00,0.000000e+00,0.000000e+00,0.000000e+00,0.000000e+00,0.000000e+00,0.000000e+00,0.000000e+00,0.000000e+00
8.805000e+02,0.000000e+00,0.000000e+00,0.000000e+00,0.000000e+00,0.000000e+00,0.000000e+00,0.000000e+00,0.000000e+00,0.000000e+00,0.000000e+00,0.000000e+00,0.000000e+00,0.000000e+00,0.000000e+00,0.000000e+00,0.000000e+00,0.000000e+00,0.000000e+00,0.000000e+00,0.000000e+00,0.000000e+00,0.000000e+00,0.000000e+00,0.000000e+00,0.000000e+00,0.000000e+00,0.000000e+00,0.000000e+00,0.000000e+00,0.000000e+00,0.000000e+00,0.000000e+00,0.000000e+00
8.810000e+02,0.000000e+00,0.000000e+00,0.000000e+00,0.000000e+00,0.000000e+00,0.000000e+00,0.000000e+00,0.000000e+00,0.000000e+00,0.000000e+00,0.000000e+00,0.000000e+00,0.000000e+00,0.000000e+00,0.000000e+00,0.000000e+00,0.000000e+00,0.000000e+00,0.000000e+00,0.000000e+00,0.000000e+00,0.000000e+00,0.000000e+00,0.000000e+00,0.000000e+00,0.000000e+00,0.000000e+00,0.000000e+00,0.000000e+00,0.000000e+00,0.000000e+00,0.000000e+00,0.000000e+00
8.815000e+02,0.000000e+00,0.000000e+00,0.000000e+00,0.000000e+00,0.000000e+00,0.000000e+00,0.000000e+00,0.000000e+00,0.000000e+00,0.000000e+00,0.000000e+00,0.000000e+00,0.000000e+00,0.000000e+00,0.000000e+00,0.000000e+00,0.000000e+00,0.000000e+00,0.000000e+00,0.000000e+00,0.000000e+00,0.000000e+00,0.000000e+00,0.000000e+00,0.000000e+00,0.000000e+00,0.000000e+00,0.000000e+00,0.000000e+00,0.000000e+00,0.000000e+00,0.000000e+00,0.000000e+00
8.820000e+02,0.000000e+00,0.000000e+00,0.000000e+00,0.000000e+00,0.000000e+00,0.000000e+00,0.000000e+00,0.000000e+00,0.000000e+00,0.000000e+00,0.000000e+00,0.000000e+00,0.000000e+00,0.000000e+00,0.000000e+00,0.000000e+00,0.000000e+00,0.000000e+00,0.000000e+00,0.000000e+00,0.000000e+00,0.000000e+00,0.000000e+00,0.000000e+00,0.000000e+00,0.000000e+00,0.000000e+00,0.000000e+00,0.000000e+00,0.000000e+00,0.000000e+00,0.000000e+00,0.000000e+00
8.825000e+02,0.000000e+00,0.000000e+00,0.000000e+00,0.000000e+00,0.000000e+00,0.000000e+00,0.000000e+00,0.000000e+00,0.000000e+00,0.000000e+00,0.000000e+00,0.000000e+00,0.000000e+00,0.000000e+00,0.000000e+00,0.000000e+00,0.000000e+00,0.000000e+00,0.000000e+00,0.000000e+00,0.000000e+00,0.000000e+00,0.000000e+00,0.000000e+00,0.000000e+00,0.000000e+00,0.000000e+00,0.000000e+00,0.000000e+00,0.000000e+00,0.000000e+00,0.000000e+00,0.000000e+00
8.830000e+02,0.000000e+00,0.000000e+00,0.000000e+00,0.000000e+00,0.000000e+00,0.000000e+00,0.000000e+00,0.000000e+00,0.000000e+00,0.000000e+00,0.000000e+00,0.000000e+00,0.000000e+00,0.000000e+00,0.000000e+00,0.000000e+00,0.000000e+00,0.000000e+00,0.000000e+00,0.000000e+00,0.000000e+00,0.000000e+00,0.000000e+00,0.000000e+00,0.000000e+00,0.000000e+00,0.000000e+00,0.000000e+00,0.000000e+00,0.000000e+00,0.000000e+00,0.000000e+00,0.000000e+00
8.835000e+02,0.000000e+00,0.000000e+00,0.000000e+00,0.000000e+00,0.000000e+00,0.000000e+00,0.000000e+00,0.000000e+00,0.000000e+00,0.000000e+00,0.000000e+00,0.000000e+00,0.000000e+00,0.000000e+00,0.000000e+00,0.000000e+00,0.000000e+00,0.000000e+00,0.000000e+00,0.000000e+00,0.000000e+00,0.000000e+00,0.000000e+00,0.000000e+00,0.000000e+00,0.000000e+00,0.000000e+00,0.000000e+00,0.000000e+00,0.000000e+00,0.000000e+00,0.000000e+00,0.000000e+00
8.840000e+02,0.000000e+00,0.000000e+00,0.000000e+00,0.000000e+00,0.000000e+00,0.000000e+00,0.000000e+00,0.000000e+00,0.000000e+00,0.000000e+00,0.000000e+00,0.000000e+00,0.000000e+00,0.000000e+00,0.000000e+00,0.000000e+00,0.000000e+00,0.000000e+00,0.000000e+00,0.000000e+00,0.000000e+00,0.000000e+00,0.000000e+00,0.000000e+00,0.000000e+00,0.000000e+00,0.000000e+00,0.000000e+00,0.000000e+00,0.000000e+00,0.000000e+00,0.000000e+00,0.000000e+00
8.845000e+02,0.000000e+00,0.000000e+00,0.000000e+00,0.000000e+00,0.000000e+00,0.000000e+00,0.000000e+00,0.000000e+00,0.000000e+00,0.000000e+00,0.000000e+00,0.000000e+00,0.000000e+00,0.000000e+00,0.000000e+00,0.000000e+00,0.000000e+00,0.000000e+00,0.000000e+00,0.000000e+00,0.000000e+00,0.000000e+00,0.000000e+00,0.000000e+00,0.000000e+00,0.000000e+00,0.000000e+00,0.000000e+00,0.000000e+00,0.000000e+00,0.000000e+00,0.000000e+00,0.000000e+00
8.850000e+02,0.000000e+00,0.000000e+00,0.000000e+00,0.000000e+00,0.000000e+00,0.000000e+00,0.000000e+00,0.000000e+00,0.000000e+00,0.000000e+00,0.000000e+00,0.000000e+00,0.000000e+00,0.000000e+00,0.000000e+00,0.000000e+00,0.000000e+00,0.000000e+00,0.000000e+00,0.000000e+00,0.000000e+00,0.000000e+00,0.000000e+00,0.000000e+00,0.000000e+00,0.000000e+00,0.000000e+00,0.000000e+00,0.000000e+00,0.000000e+00,0.000000e+00,0.000000e+00,0.000000e+00
8.855000e+02,0.000000e+00,0.000000e+00,0.000000e+00,0.000000e+00,0.000000e+00,0.000000e+00,0.000000e+00,0.000000e+00,0.000000e+00,0.000000e+00,0.000000e+00,0.000000e+00,0.000000e+00,0.000000e+00,0.000000e+00,0.000000e+00,0.000000e+00,0.000000e+00,0.000000e+00,0.000000e+00,0.000000e+00,0.000000e+00,0.000000e+00,0.000000e+00,0.000000e+00,0.000000e+00,0.000000e+00,0.000000e+00,0.000000e+00,0.000000e+00,0.000000e+00,0.000000e+00,0.000000e+00
8.860000e+02,0.000000e+00,0.000000e+00,0.000000e+00,0.000000e+00,0.000000e+00,0.000000e+00,0.000000e+00,0.000000e+00,0.000000e+00,0.000000e+00,0.000000e+00,0.000000e+00,0.000000e+00,0.000000e+00,0.000000e+00,0.000000e+00,0.000000e+00,0.000000e+00,0.000000e+00,0.000000e+00,0.000000e+00,0.000000e+00,0.000000e+00,0.000000e+00,0.000000e+00,0.000000e+00,0.000000e+00,0.000000e+00,0.000000e+00,0.000000e+00,0.000000e+00,0.000000e+00,0.000000e+00
8.865000e+02,0.000000e+00,0.000000e+00,0.000000e+00,0.000000e+00,0.000000e+00,0.000000e+00,0.000000e+00,0.000000e+00,0.000000e+00,0.000000e+00,0.000000e+00,0.000000e+00,0.000000e+00,0.000000e+00,0.000000e+00,0.000000e+00,0.000000e+00,0.000000e+00,0.000000e+00,0.000000e+00,0.000000e+00,0.000000e+00,0.000000e+00,0.000000e+00,0.000000e+00,0.000000e+00,0.000000e+00,0.000000e+00,0.000000e+00,0.000000e+00,0.000000e+00,0.000000e+00,0.000000e+00
8.870000e+02,0.000000e+00,0.000000e+00,0.000000e+00,0.000000e+00,0.000000e+00,0.000000e+00,0.000000e+00,0.000000e+00,0.000000e+00,0.000000e+00,0.000000e+00,0.000000e+00,0.000000e+00,0.000000e+00,0.000000e+00,0.000000e+00,0.000000e+00,0.000000e+00,0.000000e+00,0.000000e+00,0.000000e+00,0.000000e+00,0.000000e+00,0.000000e+00,0.000000e+00,0.000000e+00,0.000000e+00,0.000000e+00,0.000000e+00,0.000000e+00,0.000000e+00,0.000000e+00,0.000000e+00
8.875000e+02,0.000000e+00,0.000000e+00,0.000000e+00,0.000000e+00,0.000000e+00,0.000000e+00,0.000000e+00,0.000000e+00,0.000000e+00,0.000000e+00,0.000000e+00,0.000000e+00,0.000000e+00,0.000000e+00,0.000000e+00,0.000000e+00,0.000000e+00,0.000000e+00,0.000000e+00,0.000000e+00,0.000000e+00,0.000000e+00,0.000000e+00,0.000000e+00,0.000000e+00,0.000000e+00,0.000000e+00,0.000000e+00,0.000000e+00,0.000000e+00,0.000000e+00,0.000000e+00,0.000000e+00
8.880000e+02,0.000000e+00,0.000000e+00,0.000000e+00,0.000000e+00,0.000000e+00,0.000000e+00,0.000000e+00,0.000000e+00,0.000000e+00,0.000000e+00,0.000000e+00,0.000000e+00,0.000000e+00,0.000000e+00,0.000000e+00,0.000000e+00,0.000000e+00,0.000000e+00,0.000000e+00,0.000000e+00,0.000000e+00,0.000000e+00,0.000000e+00,0.000000e+00,0.000000e+00,0.000000e+00,0.000000e+00,0.000000e+00,0.000000e+00,0.000000e+00,0.000000e+00,0.000000e+00,0.000000e+00
8.885000e+02,0.000000e+00,0.000000e+00,0.000000e+00,0.000000e+00,0.000000e+00,0.000000e+00,0.000000e+00,0.000000e+00,0.000000e+00,0.000000e+00,0.000000e+00,0.000000e+00,0.000000e+00,0.000000e+00,0.000000e+00,0.000000e+00,0.000000e+00,0.000000e+00,0.000000e+00,0.000000e+00,0.000000e+00,0.000000e+00,0.000000e+00,0.000000e+00,0.000000e+00,0.000000e+00,0.000000e+00,0.000000e+00,0.000000e+00,0.000000e+00,0.000000e+00,0.000000e+00,0.000000e+00
8.890000e+02,0.000000e+00,0.000000e+00,0.000000e+00,0.000000e+00,0.000000e+00,0.000000e+00,0.000000e+00,0.000000e+00,0.000000e+00,0.000000e+00,0.000000e+00,0.000000e+00,0.000000e+00,0.000000e+00,0.000000e+00,0.000000e+00,0.000000e+00,0.000000e+00,0.000000e+00,0.000000e+00,0.000000e+00,0.000000e+00,0.000000e+00,0.000000e+00,0.000000e+00,0.000000e+00,0.000000e+00,0.000000e+00,0.000000e+00,0.000000e+00,0.000000e+00,0.000000e+00,0.000000e+00
8.895000e+02,0.000000e+00,0.000000e+00,0.000000e+00,0.000000e+00,0.000000e+00,0.000000e+00,0.000000e+00,0.000000e+00,0.000000e+00,0.000000e+00,0.000000e+00,0.000000e+00,0.000000e+00,0.000000e+00,0.000000e+00,0.000000e+00,0.000000e+00,0.000000e+00,0.000000e+00,0.000000e+00,0.000000e+00,0.000000e+00,0.000000e+00,0.000000e+00,0.000000e+00,0.000000e+00,0.000000e+00,0.000000e+00,0.000000e+00,0.000000e+00,0.000000e+00,0.000000e+00,0.000000e+00
8.900000e+02,0.000000e+00,0.000000e+00,0.000000e+00,0.000000e+00,0.000000e+00,0.000000e+00,0.000000e+00,0.000000e+00,0.000000e+00,0.000000e+00,0.000000e+00,0.000000e+00,0.000000e+00,0.000000e+00,0.000000e+00,0.000000e+00,0.000000e+00,0.000000e+00,0.000000e+00,0.000000e+00,0.000000e+00,0.000000e+00,0.000000e+00,0.000000e+00,0.000000e+00,0.000000e+00,0.000000e+00,0.000000e+00,0.000000e+00,0.000000e+00,0.000000e+00,0.000000e+00,0.000000e+00
8.905000e+02,0.000000e+00,0.000000e+00,0.000000e+00,0.000000e+00,0.000000e+00,0.000000e+00,0.000000e+00,0.000000e+00,0.000000e+00,0.000000e+00,0.000000e+00,0.000000e+00,0.000000e+00,0.000000e+00,0.000000e+00,0.000000e+00,0.000000e+00,0.000000e+00,0.000000e+00,0.000000e+00,0.000000e+00,0.000000e+00,0.000000e+00,0.000000e+00,0.000000e+00,0.000000e+00,0.000000e+00,0.000000e+00,0.000000e+00,0.000000e+00,0.000000e+00,0.000000e+00,0.000000e+00
8.910000e+02,0.000000e+00,0.000000e+00,0.000000e+00,0.000000e+00,0.000000e+00,0.000000e+00,0.000000e+00,0.000000e+00,0.000000e+00,0.000000e+00,0.000000e+00,0.000000e+00,0.000000e+00,0.000000e+00,0.000000e+00,0.000000e+00,0.000000e+00,0.000000e+00,0.000000e+00,0.000000e+00,0.000000e+00,0.000000e+00,0.000000e+00,0.000000e+00,0.000000e+00,0.000000e+00,0.000000e+00,0.000000e+00,0.000000e+00,0.000000e+00,0.000000e+00,0.000000e+00,0.000000e+00
8.915000e+02,0.000000e+00,0.000000e+00,0.000000e+00,0.000000e+00,0.000000e+00,0.000000e+00,0.000000e+00,0.000000e+00,0.000000e+00,0.000000e+00,0.000000e+00,0.000000e+00,0.000000e+00,0.000000e+00,0.000000e+00,0.000000e+00,0.000000e+00,0.000000e+00,0.000000e+00,0.000000e+00,0.000000e+00,0.000000e+00,0.000000e+00,0.000000e+00,0.000000e+00,0.000000e+00,0.000000e+00,0.000000e+00,0.000000e+00,0.000000e+00,0.000000e+00,0.000000e+00,0.000000e+00
8.920000e+02,0.000000e+00,0.000000e+00,0.000000e+00,0.000000e+00,0.000000e+00,0.000000e+00,0.000000e+00,0.000000e+00,0.000000e+00,0.000000e+00,0.000000e+00,0.000000e+00,0.000000e+00,0.000000e+00,0.000000e+00,0.000000e+00,0.000000e+00,0.000000e+00,0.000000e+00,0.000000e+00,0.000000e+00,0.000000e+00,0.000000e+00,0.000000e+00,0.000000e+00,0.000000e+00,0.000000e+00,0.000000e+00,0.000000e+00,0.000000e+00,0.000000e+00,0.000000e+00,0.000000e+00
8.925000e+02,0.000000e+00,0.000000e+00,0.000000e+00,0.000000e+00,0.000000e+00,0.000000e+00,0.000000e+00,0.000000e+00,0.000000e+00,0.000000e+00,0.000000e+00,0.000000e+00,0.000000e+00,0.000000e+00,0.000000e+00,0.000000e+00,0.000000e+00,0.000000e+00,0.000000e+00,0.000000e+00,0.000000e+00,0.000000e+00,0.000000e+00,0.000000e+00,0.000000e+00,0.000000e+00,0.000000e+00,0.000000e+00,0.000000e+00,0.000000e+00,0.000000e+00,0.000000e+00,0.000000e+00
8.930000e+02,0.000000e+00,0.000000e+00,0.000000e+00,0.000000e+00,0.000000e+00,0.000000e+00,0.000000e+00,0.000000e+00,0.000000e+00,0.000000e+00,0.000000e+00,0.000000e+00,0.000000e+00,0.000000e+00,0.000000e+00,0.000000e+00,0.000000e+00,0.000000e+00,0.000000e+00,0.000000e+00,0.000000e+00,0.000000e+00,0.000000e+00,0.000000e+00,0.000000e+00,0.000000e+00,0.000000e+00,0.000000e+00,0.000000e+00,0.000000e+00,0.000000e+00,0.000000e+00,0.000000e+00
8.935000e+02,0.000000e+00,0.000000e+00,0.000000e+00,0.000000e+00,0.000000e+00,0.000000e+00,0.000000e+00,0.000000e+00,0.000000e+00,0.000000e+00,0.000000e+00,0.000000e+00,0.000000e+00,0.000000e+00,0.000000e+00,0.000000e+00,0.000000e+00,0.000000e+00,0.000000e+00,0.000000e+00,0.000000e+00,0.000000e+00,0.000000e+00,0.000000e+00,0.000000e+00,0.000000e+00,0.000000e+00,0.000000e+00,0.000000e+00,0.000000e+00,0.000000e+00,0.000000e+00,0.000000e+00
8.940000e+02,0.000000e+00,0.000000e+00,0.000000e+00,0.000000e+00,0.000000e+00,0.000000e+00,0.000000e+00,0.000000e+00,0.000000e+00,0.000000e+00,0.000000e+00,0.000000e+00,0.000000e+00,0.000000e+00,0.000000e+00,0.000000e+00,0.000000e+00,0.000000e+00,0.000000e+00,0.000000e+00,0.000000e+00,0.000000e+00,0.000000e+00,0.000000e+00,0.000000e+00,0.000000e+00,0.000000e+00,0.000000e+00,0.000000e+00,0.000000e+00,0.000000e+00,0.000000e+00,0.000000e+00
8.945000e+02,0.000000e+00,0.000000e+00,0.000000e+00,0.000000e+00,0.000000e+00,0.000000e+00,0.000000e+00,0.000000e+00,0.000000e+00,0.000000e+00,0.000000e+00,0.000000e+00,0.000000e+00,0.000000e+00,0.000000e+00,0.000000e+00,0.000000e+00,0.000000e+00,0.000000e+00,0.000000e+00,0.000000e+00,0.000000e+00,0.000000e+00,0.000000e+00,0.000000e+00,0.000000e+00,0.000000e+00,0.000000e+00,0.000000e+00,0.000000e+00,0.000000e+00,0.000000e+00,0.000000e+00
8.950000e+02,0.000000e+00,0.000000e+00,0.000000e+00,0.000000e+00,0.000000e+00,0.000000e+00,0.000000e+00,0.000000e+00,0.000000e+00,0.000000e+00,0.000000e+00,0.000000e+00,0.000000e+00,0.000000e+00,0.000000e+00,0.000000e+00,0.000000e+00,0.000000e+00,0.000000e+00,0.000000e+00,0.000000e+00,0.000000e+00,0.000000e+00,0.000000e+00,0.000000e+00,0.000000e+00,0.000000e+00,0.000000e+00,0.000000e+00,0.000000e+00,0.000000e+00,0.000000e+00,0.000000e+00
8.955000e+02,0.000000e+00,0.000000e+00,0.000000e+00,0.000000e+00,0.000000e+00,0.000000e+00,0.000000e+00,0.000000e+00,0.000000e+00,0.000000e+00,0.000000e+00,0.000000e+00,0.000000e+00,0.000000e+00,0.000000e+00,0.000000e+00,0.000000e+00,0.000000e+00,0.000000e+00,0.000000e+00,0.000000e+00,0.000000e+00,0.000000e+00,0.000000e+00,0.000000e+00,0.000000e+00,0.000000e+00,0.000000e+00,0.000000e+00,0.000000e+00,0.000000e+00,0.000000e+00,0.000000e+00
8.960000e+02,0.000000e+00,0.000000e+00,0.000000e+00,0.000000e+00,0.000000e+00,0.000000e+00,0.000000e+00,0.000000e+00,0.000000e+00,0.000000e+00,0.000000e+00,0.000000e+00,0.000000e+00,0.000000e+00,0.000000e+00,0.000000e+00,0.000000e+00,0.000000e+00,0.000000e+00,0.000000e+00,0.000000e+00,0.000000e+00,0.000000e+00,0.000000e+00,0.000000e+00,0.000000e+00,0.000000e+00,0.000000e+00,0.000000e+00,0.000000e+00,0.000000e+00,0.000000e+00,0.000000e+00
8.965000e+02,0.000000e+00,0.000000e+00,0.000000e+00,0.000000e+00,0.000000e+00,0.000000e+00,0.000000e+00,0.000000e+00,0.000000e+00,0.000000e+00,0.000000e+00,0.000000e+00,0.000000e+00,0.000000e+00,0.000000e+00,0.000000e+00,0.000000e+00,0.000000e+00,0.000000e+00,0.000000e+00,0.000000e+00,0.000000e+00,0.000000e+00,0.000000e+00,0.000000e+00,0.000000e+00,0.000000e+00,0.000000e+00,0.000000e+00,0.000000e+00,0.000000e+00,0.000000e+00,0.000000e+00
8.970000e+02,0.000000e+00,0.000000e+00,0.000000e+00,0.000000e+00,0.000000e+00,0.000000e+00,0.000000e+00,0.000000e+00,0.000000e+00,0.000000e+00,0.000000e+00,0.000000e+00,0.000000e+00,0.000000e+00,0.000000e+00,0.000000e+00,0.000000e+00,0.000000e+00,0.000000e+00,0.000000e+00,0.000000e+00,0.000000e+00,0.000000e+00,0.000000e+00,0.000000e+00,0.000000e+00,0.000000e+00,0.000000e+00,0.000000e+00,0.000000e+00,0.000000e+00,0.000000e+00,0.000000e+00
8.975000e+02,0.000000e+00,0.000000e+00,0.000000e+00,0.000000e+00,0.000000e+00,0.000000e+00,0.000000e+00,0.000000e+00,0.000000e+00,0.000000e+00,0.000000e+00,0.000000e+00,0.000000e+00,0.000000e+00,0.000000e+00,0.000000e+00,0.000000e+00,0.000000e+00,0.000000e+00,0.000000e+00,0.000000e+00,0.000000e+00,0.000000e+00,0.000000e+00,0.000000e+00,0.000000e+00,0.000000e+00,0.000000e+00,0.000000e+00,0.000000e+00,0.000000e+00,0.000000e+00,0.000000e+00
8.980000e+02,0.000000e+00,0.000000e+00,0.000000e+00,0.000000e+00,0.000000e+00,0.000000e+00,0.000000e+00,0.000000e+00,0.000000e+00,0.000000e+00,0.000000e+00,0.000000e+00,0.000000e+00,0.000000e+00,0.000000e+00,0.000000e+00,0.000000e+00,0.000000e+00,0.000000e+00,0.000000e+00,0.000000e+00,0.000000e+00,0.000000e+00,0.000000e+00,0.000000e+00,0.000000e+00,0.000000e+00,0.000000e+00,0.000000e+00,0.000000e+00,0.000000e+00,0.000000e+00,0.000000e+00
8.985000e+02,0.000000e+00,0.000000e+00,0.000000e+00,0.000000e+00,0.000000e+00,0.000000e+00,0.000000e+00,0.000000e+00,0.000000e+00,0.000000e+00,0.000000e+00,0.000000e+00,0.000000e+00,0.000000e+00,0.000000e+00,0.000000e+00,0.000000e+00,0.000000e+00,0.000000e+00,0.000000e+00,0.000000e+00,0.000000e+00,0.000000e+00,0.000000e+00,0.000000e+00,0.000000e+00,0.000000e+00,0.000000e+00,0.000000e+00,0.000000e+00,0.000000e+00,0.000000e+00,0.000000e+00
8.990000e+02,0.000000e+00,0.000000e+00,0.000000e+00,0.000000e+00,0.000000e+00,0.000000e+00,0.000000e+00,0.000000e+00,0.000000e+00,0.000000e+00,0.000000e+00,0.000000e+00,0.000000e+00,0.000000e+00,0.000000e+00,0.000000e+00,0.000000e+00,0.000000e+00,0.000000e+00,0.000000e+00,0.000000e+00,0.000000e+00,0.000000e+00,0.000000e+00,0.000000e+00,0.000000e+00,0.000000e+00,0.000000e+00,0.000000e+00,0.000000e+00,0.000000e+00,0.000000e+00,0.000000e+00
8.995000e+02,0.000000e+00,0.000000e+00,0.000000e+00,0.000000e+00,0.000000e+00,0.000000e+00,0.000000e+00,0.000000e+00,0.000000e+00,0.000000e+00,0.000000e+00,0.000000e+00,0.000000e+00,0.000000e+00,0.000000e+00,0.000000e+00,0.000000e+00,0.000000e+00,0.000000e+00,0.000000e+00,0.000000e+00,0.000000e+00,0.000000e+00,0.000000e+00,0.000000e+00,0.000000e+00,0.000000e+00,0.000000e+00,0.000000e+00,0.000000e+00,0.000000e+00,0.000000e+00,0.000000e+00
9.000000e+02,0.000000e+00,0.000000e+00,0.000000e+00,0.000000e+00,0.000000e+00,0.000000e+00,0.000000e+00,0.000000e+00,0.000000e+00,0.000000e+00,0.000000e+00,0.000000e+00,0.000000e+00,0.000000e+00,0.000000e+00,0.000000e+00,0.000000e+00,0.000000e+00,0.000000e+00,0.000000e+00,0.000000e+00,0.000000e+00,0.000000e+00,0.000000e+00,0.000000e+00,0.000000e+00,0.000000e+00,0.000000e+00,0.000000e+00,0.000000e+00,0.000000e+00,0.000000e+00,0.000000e+00
