m_chi_GeV,r,R_lo,R_55_125,R_125_200,R_hi,N_lo,N_L2,N_M,N_55_200,rho_lo,rho_hi,rho_248,rho_q0,node1_keV,node2_keV,dRdE_248,R_hi_per_cp2
400.0,-2.0,2.3917462816481756e+18,3.970819623263382e+16,6376202484204421.0,193205854860535.3,12379.26398956515,205.5227377104953,33.00211833024962,238.52485604074494,0.5192235990880762,0.16154123149587324,1.1765725839459986,0.5882999687916667,90.41160992237145,224.33053886062757,3325907187168.694,193205854860535.3
400.0,-1.98,2.316260451993962e+18,3.827077902124422e+16,6173672079970305.0,188473909099454.4,12289.55489415626,203.05611107715393,32.756109901198926,235.81222097835283,0.5028363993027373,0.15758480716200166,1.1715257859101722,0.5703679767253048,90.30838656893062,224.02433390772444,3311641019412.813,188473909099454.4
400.0,-1.96,2.2419860333418906e+18,3.686063976423571e+16,5974464595541836.0,183895216290961.38,12191.649563056559,200.44371195558634,32.48841767634108,232.93212963192744,0.4867121844273503,0.15375651906245533,1.1665309294512078,0.552713523705132,90.20027235779573,223.70020191492165,3297521678861.777,183895216290961.38
400.0,-1.94,2.1689230256919608e+18,3.5477778461608284e+16,5778580030919019.0,179469776435056.2,12085.171491127465,197.681075701604,32.19806780675455,229.87914350835854,0.47085095446191516,0.15005636719723423,1.1615880145691047,0.5353366097311483,90.086905904466,223.35551042942754,3283549165515.5845,179469776435056.2
400.0,-1.92,2.0970714290441733e+18,3.4122195113361932e+16,5586018386101850.0,175197589531738.8,11969.750466596846,194.76406727148694,31.88410526099097,226.6481725324779,0.455252709406432,0.14648435156633838,1.1566970412638626,0.5182372348033536,89.96788889482823,222.99310156274387,3269723479374.2344,175197589531738.8
400.0,-1.9,2.0264312433985285e+18,3.279388971949667e+16,5396779661090330.0,171078655581009.44,11845.026701410858,191.68896089417805,31.545604814125035,223.23456570830305,0.4399174492609008,0.14304047216976787,1.1518580095354831,0.5014153989217479,89.84278120133553,222.6148943286061,3256044620437.7305,171078655581009.44
400.0,-1.88,1.957002468755025e+18,3.1492862280012492e+16,5210863855884459.0,167112974582867.88,11710.65546310761,188.4525265535013,31.181683342609038,219.63420989611032,0.4248451740253214,0.1397247290075226,1.1470709193839645,0.48487110208633133,89.71109519786955,222.24146828618703,3242512588706.0693,167112974582867.88
400.0,-1.86,1.8887851051136645e+18,3.0219112794909404e+16,5028270970484239.0,163300546537314.28,11566.312208771915,185.05212282314264,30.79151342175867,215.84363624490132,0.4100358836996942,0.1365371220796027,1.1423357708093083,0.4686043442971038,89.57228911483612,221.85840430239296,3229127384179.254,163300546537314.28
400.0,-1.84,1.821779152474445e+18,2.8972641264187384e+16,4849001004889666.0,159641371444348.38,11411.698208252517,181.4857953302372,30.374338187015933,211.86013351725313,0.39548957828401865,0.1334776513860079,1.1376525638115127,0.4526151255540653,89.43527578270535,221.45995564620324,3215889006857.28,159641371444348.38
400.0,-1.82,1.7559846108373678e+18,2.7753447687846452e+16,4673053959100743.0,156135449303970.5,11246.54662772161,177.75237981872377,29.929487377354402,207.68186719607817,0.38120625777829503,0.1305463169267385,1.1330212983905792,0.43690344585721586,89.30033650064772,221.0841859097611,3202797456740.1514,156135449303970.5
400.0,-1.8,1.6914014802024328e+18,2.6561532065886604e+16,4500429833117468.0,152782780116180.4,11070.629025838138,173.85160844493373,29.456394429367055,203.3080028743008,0.36718592218252344,0.12774311870179428,1.1284419745465066,0.42146930520655546,89.15760048496666,220.69081828658108,3189852733827.8647,152782780116180.4
400.0,-1.78,1.6280297605696402e+18,2.539689439830783e+16,4331128626939843.0,149583363880978.22,10883.7621934017,169.78421757192098,28.954614434169784,198.73883200609077,0.3534285714967038,0.12506805671117538,1.1239145922792964,0.4063127036020841,89.00633990238549,220.26561893178234,3177054838120.4243,149583363880978.22
400.0,-1.76,1.565869451938989e+18,2.4259534685110148e+16,4165150340567866.0,146537200598363.75,10685.815243808293,165.5520549461147,28.423842707244773,193.97589765335948,0.33993420572083594,0.1225211309548816,1.1194391515889466,0.3914336410438018,88.84573049139969,219.80169802611294,3164403769617.8247,146537200598363.75
400.0,-1.74,1.5049205543104804e+18,2.3149452926293548e+16,4002494974001540.0,143644290268337.34,10476.7168364241,161.15818375411087,27.863933655313456,189.0221174094243,0.32670282485492014,0.12010234143291326,1.1150156524754595,0.37683211753170853,88.67483471787054,219.33328718043683,3151899528320.072,143644290268337.34
400.0,-1.72,1.4451830676841134e+18,2.206664912185803e+16,3843162527240861.5,140904632890898.72,10256.462389019576,156.60698068703002,27.274919556524377,183.88190024355438,0.31373442889895614,0.11781168814527011,1.1106440949388332,0.3625081330658043,88.49364833496041,218.87470542909017,3139542114227.161,140904632890898.72
400.0,-1.7,1.386656992059889e+18,2.1011123271803596e+16,3687153000285833.0,138318228466048.03,10025.1211097622,151.90422480693528,26.657028803625053,178.56125361056033,0.30102901785294417,0.11564917109195229,1.1063244789790694,0.34846168764608915,88.32728187654229,218.380193666047,3127331527339.0967,138318228466048.03
400.0,-1.68,1.329342327437806e+18,1.998287537613024e+16,3534466393136453.0,135885076993785.14,9782.842655331498,147.0571737398668,26.010703098016464,173.06787683788326,0.28858659171688406,0.11361479027295968,1.102056804596166,0.334692781272563,88.14993961005362,217.86112328714506,3115267767655.873,135885076993785.14
400.0,-1.66,1.2732390738178657e+18,1.8981905434837976e+16,3385102705792722.5,133605178474110.17,9529.863201107824,142.0746235410049,25.336613029925957,167.41123657093087,0.27640715049077597,0.11170854568829237,1.0978410717901255,0.32120141394522567,87.96047864871151,217.32700992270583,3103350835177.4966,133605178474110.17
400.0,-1.64,1.218347231200067e+18,1.8008213447926784e+16,3239061938254641.0,131478532907023.02,9266.510693891294,136.96694851821596,24.63567144109519,161.60261995931114,0.2644906941746197,0.10993043733795028,1.093677280560945,0.3079875856640778,87.75758957372993,216.78785905889936,3091580729903.96,131478532907023.02
400.0,-1.62,1.1646667995844111e+18,1.7061799415396696e+16,3096344090522210.5,129505140292523.81,8993.209049105568,131.74611738852852,23.909043946273066,155.6551613348016,0.25283722276841547,0.10828046522193353,1.0895654309086276,0.2950512964291189,87.53976465786198,216.22983103869657,3079957451835.2715,129505140292523.81
400.0,-1.6,1.1121977789708969e+18,1.6142663337247672e+16,2956949162595427.0,127685000630612.44,8710.481054767273,126.42568240217774,23.158155993198932,149.5838383953767,0.24144673627216312,0.10675862934024202,1.0855055228331705,0.28239254624034904,87.32934390524441,215.6518929876079,3068481000971.424,127685000630612.44
400.0,-1.58,1.0609401693595247e+18,1.5250805213479738e+16,2820877154474292.5,126018113921288.94,8418.94975528827,121.02073851863399,22.384695871866608,143.4054343905006,0.23031923468586268,0.10536492969287577,1.0814975563345757,0.27001133509776815,87.10778359910002,215.09292055544708,3057151377312.422,126018113921288.94
400.0,-1.56,1.0108939707502945e+18,1.4386225044092884e+16,2688128066158808.0,124504480164553.28,8119.338110678675,115.54785036714426,21.59061314585629,137.13846351300054,0.21945471800951416,0.10409936627983478,1.0775415314128423,0.2579076630013762,86.86816251359453,214.520830340272,3045968580858.2627,124504480164553.28
400.0,-1.54,9.620591831432064e+17,1.354892282908711e+16,2558701897648972.0,123144099360405.5,7812.466761623311,110.02494556749743,20.778112073079736,130.80305764057715,0.20885318624311758,0.10296193910111905,1.0736374480679702,0.2460815299511734,86.60807851326551,213.8627630704545,3034932611608.9478,123144099360405.5
400.0,-1.52,9.144358065382604e+17,1.273889856846242e+16,2432598648944785.0,121936971508845.62,7499.249778168591,104.47117400761677,19.949639710121208,124.42081371773797,0.1985146393866729,0.10195264815672862,1.0697853062999603,0.23453293594715965,86.34740206014726,213.15973244030982,3024043469564.4775,121936971508845.62
400.0,-1.5,8.680238409354564e+17,1.1956152262218816e+16,2309818320046247.5,120883096609873.6,7180.688328466903,98.90673384058769,19.107868550892036,118.01460239147974,0.18843907744018015,0.10107149344666343,1.0659851061088113,0.22326188098933497,86.07820505559481,212.44388046782493,3013301154724.8496,120883096609873.6
400.0,-1.48,8.228232863347944e+17,1.1200683910356294e+16,2190360910953359.0,119982474663489.47,6857.862272323831,93.35266622705065,18.255673731489416,111.60833995854006,0.1786265004036393,0.10031847497092355,1.062236847494524,0.21226836507769933,85.78326732267672,211.7330462741038,3002705667090.0664,119982474663489.47
400.0,-1.46,7.788341427362746e+17,1.0472493512874852e+16,2074226421666119.5,119235105669693.12,6531.919759385399,87.83062214819442,17.396105031450826,105.22672717964525,0.16907690827705044,0.09969359272950885,1.0585405304570983,0.20155238821225274,85.46466205752105,211.0221401412561,2992257006660.127,119235105669693.12
400.0,-1.44,7.360564101398967e+17,9771581069774496.0,1961414852184529.2,118640989628484.72,6204.064990057835,82.36260587823368,16.532354107349843,98.89495998558353,0.15979030106041345,0.09919684672241949,1.054896154996534,0.1911139503929952,85.16022869363526,210.28646156280848,2981955173435.0312,118640989628484.72
400.0,-1.42,6.94490088545661e+17,9097946581055222.0,1851926202508587.5,118200126539864.2,5875.544374408408,76.97070085611834,15.667717596596704,92.63841845271504,0.1507666787537284,0.09882823694965541,1.0513037211128318,0.1809530516199266,84.8246888008461,209.45626851014984,2971800167414.7803,118200126539864.2
400.0,-1.4,6.541351779535674e+17,8451590046717030.0,1745760472638295.8,117912516403831.52,5547.631395748174,71.67678465763282,14.805556915258641,86.48234157289147,0.14200604135699527,0.09858776341121656,1.0477632288059906,0.17106969189304716,84.45866976035971,208.58541063483716,2961791988599.372,117912516403831.52
400.0,-1.38,6.149916783636157e+17,7832511466759924.0,1642917662573652.8,117778159220386.7,5221.610546763956,66.50224047145885,13.94925573169659,80.45149620315543,0.13350838887021407,0.09847542610710297,1.0442746780760115,0.16146387121235675,84.09621318280617,207.71780998946375,2951930636988.8086,117778159220386.7
400.0,-1.36,5.770595897758067e+17,7240710841183906.0,1543397772314660.0,117797054989529.78,4898.760752780261,61.467672870323334,13.102176216984734,74.56984908730807,0.1252737212933849,0.09849122503731468,1.0408380689228935,0.1521355895778555,83.69036286741719,206.8160206572775,2942216112583.089,117797054989529.78
400.0,-1.34,5.4033891219013914e+17,6676188169988962.0,1447200801861315.0,117969203711260.67,4580.3387256276055,56.59263570456474,12.267615244767253,68.860250949332,0.11730203862650754,0.0986351602018516,1.037453401346637,0.14308484698954319,83.26899424065877,205.93544823893825,2932648415382.212,117969203711260.67
400.0,-1.32,5.048296456066139e+17,6138943453175104.0,1354326751213619.5,118294605385579.53,4267.562700438698,51.89537961739936,11.44876173177307,63.34414134917243,0.10959334086958214,0.09890723160071388,1.0341206753472427,0.13431164344741992,82.82180275693534,204.9437865789968,2923227545386.181,118294605385579.53
400.0,-1.3,4.7053179002523046e+17,5628976690742327.0,1264775620371572.5,118773260012486.16,3961.5969956180825,47.39262600142974,10.64865627363105,58.041282275060794,0.10214762802260861,0.09930743923390134,1.030839890924709,0.12581597895148572,82.33774727737764,203.87358092648518,2913953502594.991,118773260012486.16
400.0,-1.28,4.374453454459893e+17,5146287882690634.0,1178547409335175.5,119405167591980.78,3663.537803830929,43.09937322207031,9.870154140752,52.96952736282231,0.09496490008558707,0.09983578310141417,1.027611048079038,0.11759785350174054,81.83390899826118,202.80466387323713,2904826287008.6484,119405167591980.78
400.0,-1.26,4.055703118688901e+17,4690877029020023.0,1095642118104427.0,120190328124063.11,3374.4005711528757,39.028739685093434,9.115892561450378,48.14463224654381,0.08804515705851743,0.10049226320325214,1.0244341468102272,0.10965726709818442,81.2861583843176,201.76112716911229,2895845898627.146,120190328124063.11
400.0,-1.24,3.7490668929393306e+17,4262744129730496.5,1016059746679328.0,121128741608733.45,3095.1092557780034,35.191846898731015,8.388263042980952,43.58010994171196,0.08138839894139971,0.10127687953941548,1.0213091871182791,0.1019942197408173,80.70335958091593,200.52456903486294,2887012337450.49,121128741608733.45
400.0,-1.22,3.4545447772111795e+17,3861889184822052.5,939800295059877.5,122220408045991.56,2826.4876811008794,31.597744162078257,7.689389277003809,39.28713343908207,0.0749946257342339,0.102189632109904,1.018236169003192,0.09460871142963927,80.0860005512632,199.31027701699148,2878325603478.6772,122220408045991.56
400.0,-1.2,3.172136771504451e+17,3488312194294691.0,866863763246076.9,123465327435837.66,2569.2531153355135,28.253374989893366,7.021110956811481,35.27448594670485,0.06886383743702007,0.1032305209147179,1.015215092464967,0.0875007421646503,79.40506925264545,198.07831566619618,2869785696711.709,123465327435837.66
400.0,-1.18,2.901842875819141e+17,3142013158148412.5,797250151237924.8,124863499778271.5,2324.0121260193237,25.16358394348946,6.384973612413999,31.548557555903457,0.0629960340497581,0.10439954595385696,1.0122459575036027,0.08067031194585036,78.68926045016804,196.7307881348194,2861392617149.583,124863499778271.5
400.0,-1.16,2.6436630901552534e+17,2822992076383217.5,730959459035422.2,126414925073293.31,2091.258677424759,22.331161251303932,5.782224358489505,28.11338560979344,0.0573912155724481,0.10569670722732137,1.0093287641191009,0.07411742077323949,77.91911186629221,195.32366106132926,2853146364792.303,126414925073293.31
400.0,-1.14,2.3975974145127856e+17,2531248948999105.0,667991686638568.5,128119603320902.89,1871.3743661128042,19.756921527918344,5.213813259829105,24.97073478774745,0.05204938200509,0.10712200473511096,1.0064635123114598,0.06784206864681763,77.07955627220817,193.91079576752634,2845046939639.8647,128119603320902.89
400.0,-1.12,2.1636458488917418e+17,2266783775996078.5,608346834047364.8,129977534521100.44,1664.6306277955268,17.439812074817368,4.68039985747388,22.120211932291244,0.046970533347683904,0.10867543847722591,1.003650202080681,0.061844255566584926,76.16811852784204,192.3451128443382,2837094341692.2725,129977534521100.44
400.0,-1.1,1.9418083932921152e+17,2029596557374132.0,552024901261809.25,131988718673885.78,1471.192699498723,15.377045688191012,4.18236427179612,19.559409959987132,0.04215466960022966,0.11035700845366606,1.0008888334267634,0.05612398153254119,75.17972073616939,190.78128972689626,2829288570949.5225,131988718673885.78
400.0,-1.08,1.73208504771391e+17,1819687293133268.5,499025888281903.0,134153155779259.08,1291.1250858414032,13.564252607873453,3.7198222090505273,17.28407481692398,0.037601790762727356,0.11216671466443154,0.9981794063497074,0.050681246544686503,74.10485764970988,189.1100610784346,2821629627411.617,134153155779259.08
400.0,-1.06,1.534475812157125e+17,1637055983273487.5,449349795107645.8,136470845837220.16,1124.3982571833833,11.995646199966671,3.292643145508322,15.288289345474993,0.03331189683517696,0.11410455710952222,0.9955219208495127,0.04551605060302081,72.92932368064547,187.3677642186408,2814117511078.555,136470845837220.16
400.0,-1.04,1.3489806866217608e+17,1481702627794790.0,402996621739037.7,138941788847769.16,970.8962996724941,10.664197143871595,2.900470946005876,13.564668089877472,0.0292849878175785,0.1161705357889382,0.9929163769261801,0.04062839370754422,71.63298265758989,185.51643451539178,2806752221950.338,138941788847769.16
400.0,-1.02,1.1755996711078174e+17,1353627226697175.2,359966368176078.8,141565984810906.0,830.4252414011047,9.56181125363735,2.5427461876304314,12.104557441267781,0.025521063709931967,0.11836465070267944,0.9903627745797087,0.036018275858256676,70.22761818510214,183.64996771778868,2799533760026.964,141565984810906.0
400.0,-1.0,1.0143327656152947e+17,1252829779980643.5,320259034418768.94,144343433726630.75,702.7217930372365,8.679506560397847,2.2187294991561677,10.898236059554016,0.022020124512237355,0.12068690185074597,0.9878611138100989,0.03168569705515818,68.66742426694998,181.61903923060382,2792462125308.4336,144343433726630.75
400.0,-0.98,8.651799701441928e+16,1179310287645195.0,283874620467108.25,147274135594943.34,587.4622632474637,8.007585872978545,1.9275252869102908,9.935111159888836,0.018782170224494674,0.12313728923313776,0.9854113946173507,0.027630657298248734,66.95021947746423,179.5584825181878,2785537317794.7476,147274135594943.34
400.0,-0.96,7.281412846945115e+16,1133068749690829.2,250813126321096.66,150358090415843.8,484.2714367286115,7.535801675567392,1.6681052920227,9.203906967590093,0.015807200846703916,0.1257158128498548,0.9830136170014638,0.023853156587528335,65.0444433093023,177.3908462887069,2778759337485.905,150358090415843.8
400.0,-0.94,6.032167092662509e+16,1114105166117546.4,221074551980734.2,153595298189332.2,392.731233558129,7.253510877294064,1.4393315068031731,8.692842384097238,0.013095216378865083,0.12842247270089716,0.9806677809624389,0.020353194922996982,62.9284303742973,175.130524105871,2772128184381.9067,153595298189332.2
400.0,-0.92,4.904062438594117e+16,1122419536925346.5,194658897446020.94,156985758915408.38,312.3890009180174,7.149817567402156,1.239978064194426,8.389795631596582,0.010646216820978193,0.1312572687862647,0.9783738865002753,0.017130772304654675,60.55360410079507,172.78639486087474,2765643858482.7524,156985758915408.38
400.0,-0.9,3.897098884739924e+16,1158011862114229.5,171566162716956.7,160529472594072.44,242.76532039661262,7.213702527027359,1.068751799557658,8.282454326585018,0.008460202173043212,0.13422020110595756,0.9761319336149733,0.014185888732501416,,170.36139984139047,2759306359788.4414,160529472594072.44
400.0,-0.88,3.011276431099939e+16,1220882141684195.5,151796347793541.56,164226439225324.38,183.36124471214794,7.4341387869288384,0.9243112650410188,8.358450051969857,0.006537172435060157,0.13731126965997567,0.9739419223065329,0.011518544206537206,,167.85309281942716,2753115688298.9746,164226439225324.38
400.0,-0.86,2.2465950776741596e+16,1311030375635244.5,135349452675775.52,168076658809164.22,133.66490585852046,7.8001929888658745,0.805284050948755,8.60547703981463,0.0048771276070290245,0.14053047444831906,0.9718038525749539,0.009128738726762044,,165.27551941297153,2747071844014.3516,168076658809164.22
400.0,-0.84,1.6030548244625878e+16,1428456563967376.5,122225477363658.6,172080131345591.9,93.15746169690802,8.301112701376193,0.7102823342120234,9.011395035588215,0.00348006768894982,0.14387781547098774,0.9697177244202366,0.007016472293175929,,162.6270479318536,2741174826934.5728,172080131345591.9
400.0,-0.82,1.0806556714652242e+16,1573160706680591.5,112424421857190.83,176236856834607.5,61.31836954397025,8.926400157924691,0.637916630360115,9.564316788284806,0.0023459926808225436,0.14735329272798167,0.9676835378423809,0.005181744905778854,,159.93729898853093,2735424637059.6377,176236856834607.5
400.0,-0.8,6793976186820694.0,1745142803774888.8,105946286156372.2,180546835276210.94,37.62999321714434,9.665873129845055,0.5868077720348267,10.252680901879883,0.0014749025826471974,0.15095690621930088,0.9657012928413871,0.003624556564570843,,157.20592618319344,2729821274389.5474,180546835276210.94
400.0,-0.78,3992806661131191.5,1944402855250269.8,102791070261202.66,185010066670402.25,21.581564360194662,10.509713823919904,0.5555971743112024,11.065310998231107,0.0008667973944237714,0.15468865594494535,0.9637709894172544,0.002344907269551866,,154.45428995345188,2724364738924.3,185010066670402.25
400.0,-0.76,2403048137583744.5,2170940861106733.5,102958774171682.17,189626551017181.4,12.672529899918986,11.448506812266137,0.5429554754827209,11.991462287748858,0.000521677116152268,0.15854854190491507,0.9618926275699832,0.0013427970207219428,,151.7077900425127,2719055030663.896,189626551017181.4
400.0,-0.74,2024700616178378.8,2424756821344280.0,106449397887810.84,194396288316548.44,10.415325486469287,12.473267068740977,0.547589662383225,13.020856731124203,0.000439541747832693,0.16253656409921005,0.9600662072995738,0.0006182258180810673,148.97992609028546,,2713892149608.337,194396288316548.44
400.0,-0.72,2857764096915073.0,2705850735962910.0,113262941409588.61,199319278568503.38,14.33762011100646,13.575459209947647,0.5682488027401807,14.143708012687828,0.0006203912894650416,0.16665272252783034,0.9582917286060258,0.00017119366162923977,146.29480650801577,,2708876095757.621,199319278568503.38
400.0,-0.7,4902238579793858.0,3014222604962623.0,123399404737015.56,204395521773046.12,23.984080166086702,14.747009028453734,0.6037285145319088,15.350737542985643,0.0010642257410493205,0.17089701719077585,0.9565691914893394,1.7005513664596018e-06,143.68177066503637,,2704006869111.749,204395521773046.12
400.0,-0.68,8158124064814662.0,3349872428343416.5,136858787870091.45,209625017930176.8,38.91770240674241,15.9803083688189,0.6528743048965521,16.633182673715453,0.0017710451025855143,0.17526944808804668,0.9548985959495148,0.00010974648729272734,141.1533887056783,,2699284469670.7217,209625017930176.8
400.0,-0.66,1.2625420551977568e+16,3712800206105295.5,153641090808816.56,215007767039895.34,58.720764955597545,17.268214340444615,0.7145839098003748,17.982798250244986,0.0027408493740736406,0.17977001521964275,0.9532799419865514,0.0004953314694080426,138.72254839120407,,2694708897434.5376,215007767039895.34
400.0,-0.64,1.830412804128255e+16,4103005938248257.0,173746313553190.8,220543769102201.75,82.99544401456326,18.60404379117549,0.7878087613197332,19.391852552495223,0.003973638555513695,0.1843987185855641,0.9517132296004498,0.0011584554977124054,136.4117672541177,,2690280152403.1978,220543769102201.75
400.0,-0.62,2.519424653272959e+16,4520489624772302.0,197174456103214.2,226233024117096.0,111.36414160157845,19.981563887120835,0.8715547028233978,20.85311858994423,0.005469412646905671,0.18915555818581067,0.9501984587912096,0.002099118572205821,134.2351868826934,,2685998234576.701,226233024117096.0
400.0,-0.6,3.3295776026318716e+16,4965251265677429.0,223925518458886.66,232075532084578.2,143.4695666847995,21.39497956151569,0.9648820642465604,22.359861625762253,0.007228171648249577,0.1940405340203826,0.9487356295588312,0.00331732069288828,132.18789213929333,,2681863143955.0493,232075532084578.2
400.0,-0.58,4.2608716522049896e+16,5437290860963640.0,253999500620208.22,238071293004648.16,178.97460875813363,22.838918511932814,1.0669052005999273,23.90582371253274,0.009249915559545406,0.19905364608927972,0.9473247419033142,0.004813061859759788,130.27216221403762,,2677874880538.2407,238071293004648.16
400.0,-0.56,5.313306801992314e+16,5936608410630931.0,287396402587178.9,244220306877306.0,217.56203937052905,24.308414343338892,1.1767915873251447,25.485205930664037,0.011534644380793158,0.2041948943925021,0.9459657958246586,0.006586342072820333,128.48414690639154,,2674033444326.276,244220306877306.0
400.0,-0.54,6.486883051993842e+16,6463203914679306.0,324116224359798.5,250522573702551.7,258.9340735296689,25.798888376235276,1.2937605564623704,27.092648932697646,0.01408235811199283,0.2094642789300497,0.9446587913228646,0.008637161332069935,126.84240070100886,,2670338835319.155,250522573702551.7
400.0,-0.52,7.78160040220958e+16,7017077373108767.0,364158965938067.5,256978093480385.38,302.81181935858416,27.30613056573387,1.417081748121316,28.723212313855186,0.016893056753144436,0.21486179970192273,0.9434037283979324,0.010965519637508594,125.30783577208611,,2666791053516.8784,256978093480385.38
400.0,-0.5,9.197458852639526e+16,7598228785919308.0,407524627321985.5,263586866210806.88,348.93464097273136,28.82627990972255,1.546073342653054,30.372353252375607,0.019966740304247967,0.22038745670812093,0.9422006070498615,0.013571416989136293,123.89733095491327,,2663390098919.4453,263586866210806.88
400.0,-0.48,1.0734458403283682e+17,8206658153110934.0,454213208511552.7,270348891893816.2,397.0594563228249,30.35580466271794,1.680100130352863,32.035904793070806,0.02330340876530343,0.22604124994864438,0.9410494272786524,0.016454853386953038,122.5851279581756,,2660135971526.8564,270348891893816.2
400.0,-0.46,1.2392599054142042e+17,8842365474683642.0,504224709506768.94,277264170529413.44,446.95998875294197,31.891482616740067,1.81857146757907,33.71005408431913,0.026903062136310812,0.23182317942349315,0.9399501890843047,0.01961582883095883,121.37719652626258,,2657028671339.1113,277264170529413.44
400.0,-0.44,1.4171880805214608e+17,9505350750637432.0,557559130307634.25,284332702117598.56,498.42598827598766,33.43038166150184,1.9609391609025353,35.391320822404374,0.030765700417270118,0.2377332451326672,0.9389028924668186,0.02305434332115367,120.26205708416028,,2654068198356.21,284332702117598.56
400.0,-0.42,1.6072303656501382e+17,1.0195613980972308e+16,614216470914148.9,291554486658371.56,551.2624360788546,34.96984079315164,2.1066953143268066,37.07653610747845,0.034891323608181354,0.2437714470761665,0.9379075374261941,0.026770396857537557,119.23163177091432,,2651254552578.153,291554486658371.56
400.0,-0.4,1.8093867608002355e+17,1.091315516568826e+16,674196731326312.2,298929524151732.4,605.2887435373618,36.50745170339514,2.2553701687361585,38.7628218721313,0.0392799317090445,0.24993778525399102,0.936964123962431,0.03076398944011049,118.27321855621175,,2648587734004.939,298929524151732.4
400.0,-0.38,2.023657265971755e+17,1.1657974304785302e+16,737499911544125.0,306457814597681.06,660.3379550390711,38.04104104863481,2.4065299575157435,40.44757100615056,0.043931524719859595,0.2562322596661408,0.9360726520755296,0.035035121068872487,117.38570374776963,,2646067742636.5693,306457814597681.06
400.0,-0.36,2.2500418811646938e+17,1.2430071398263424e+16,804126011567586.8,314139357996217.6,716.2559621681614,39.56865347134595,2.5597747977102214,42.128428269056165,0.048846102640626596,0.2626548703126159,0.9352331217654897,0.03958379174382352,116.5576667028388,,2643694578473.0435,314139357996217.6
400.0,-0.34,2.4885406063790525e+17,1.3229446446122624e+16,874075031396697.2,321974154347342.06,772.9007352852437,41.08853542278691,2.714736632101703,43.803272054888616,0.0540236654713455,0.26920561719341624,0.9344455330323117,0.04441000146496359,115.79837090747942,,2641468241514.3623,321974154347342.06
400.0,-0.32,2.7391534416148333e+17,1.4056099448362916e+16,947346971031457.4,329962203651054.4,830.1415772188187,42.59911981684937,2.8710772341468154,45.470197050996184,0.059464213212016365,0.2758845003085419,0.9337098858759948,0.04951375023229272,115.08866659760929,,2639388731760.524,329962203651054.4
400.0,-0.3,3.0018803868720346e+17,1.4910030404984288e+16,1023941830471866.5,338103505907354.56,887.8584026557224,44.09901152894244,3.028486284766423,47.127497813708864,0.06516774586263914,0.2826915196579928,0.9330261802965396,0.05489503804581091,114.41767023049428,,2637456049211.53,338103505907354.56
400.0,-0.28,3.276721442150657e+17,1.5791239315986744e+16,1103859609717925.0,346398061116242.6,945.9410458567984,45.5869737408478,3.186679527480083,48.773653268327884,0.07113426342321387,0.28962667524176894,0.932394416293946,0.060553864905518104,113.80120956742519,,2635670193867.38,346398061116242.6
400.0,-0.26,3.5636766074506995e+17,1.669972618137028e+16,1187100308769632.2,354845869277718.6,1004.288598513064,47.061915122084486,3.3453970062719067,50.40731212835639,0.0773637658937405,0.2966899670598704,0.9318145938682141,0.0664902308114144,113.21858647463002,,2634031165728.0737,354845869277718.6
400.0,-0.24,3.862745882772163e+17,1.76354910011349e+16,1273663927626988.8,363446930391782.4,1062.8087788795644,48.522877830126376,3.5044013888190664,52.02727921894544,0.08385625327421907,0.30388139511229706,0.9312867130193436,0.07270413576349972,112.66936518577688,,2632538964793.6113,363446930391782.4
400.0,-0.22,4.1739292681150483e+17,1.8598533775280604e+16,1363550466289994.5,372201244458434.1,1121.4173327626193,49.969026305492676,3.6634763762652334,53.63250268175791,0.09061172556464957,0.31120095939904907,0.9308107737473345,0.07919557976177409,112.16442250983829,,2631193591063.992,372201244458434.1
400.0,-0.2,4.4972267634793536e+17,1.958885450380739e+16,1456759924758649.5,381108811477673.6,1180.0374664763722,51.399636832996606,3.8224251995390834,55.22206203253568,0.09763018276503199,0.31864865992012625,0.9303867760521871,0.0859645628062375,111.68267630156478,,2629995044539.218,381108811477673.6
400.0,-0.18,4.832638368865079e+17,2.060645318671526e+16,1553292303032953.2,390169631449501.06,1238.5993115126794,52.8140878370292,3.9810692012660986,56.795157038295294,0.10491162487536633,0.3262244966755288,0.9300147199339014,0.09301108489688996,111.23291595061528,,2628943325219.287,390169631449501.06
400.0,-0.16,5.180164084272223e+17,2.1651329824004204e+16,1653147601112905.5,399383704373916.25,1297.0394203721396,54.21185087645317,4.139246501567761,58.351097378020924,0.11245605189565254,0.33392846966525647,0.929694605392477,0.10033514603373146,110.80511475779187,,2628038433104.1997,399383704373916.25
400.0,-0.14,5.53980390970079e+17,2.2723484415674244e+16,1756325818998507.5,408751030250919.5,1355.3002927723699,55.5924823032862,4.296810745456358,59.88929304874256,0.12026346382589073,0.3417605788893096,0.9294264324279146,0.10793674621676203,110.39489009747078,,2627280368193.9575,408751030250919.5
400.0,-0.12,5.911557845150778e+17,2.3822916961725364e+16,1862826956689758.8,418271609080510.5,1413.3299312726958,56.955615548699214,4.453629929090393,61.40924547778961,0.12833386066608085,0.34972082434768786,0.9292102010402135,0.11581588544598166,110.0230465986254,,2626669130488.5586,418271609080510.5
400.0,-0.1,6.295425890622186e+17,2.4949627462157564e+16,1972651014186659.2,427945440862689.4,1471.0814252235807,58.300953999794814,4.609585301831979,62.91053930162679,0.1366672424162229,0.3578092060403914,0.9290459112293737,0.12397256372139032,109.6555507764791,,2626204719988.003,427945440862689.4
400.0,-0.08,6.691408046115014e+17,2.6103615916970852e+16,2085797991489208.5,437772525597456.2,1528.5125618568277,59.62826443104344,4.7645703408238935,64.39283477186734,0.14526360907631686,0.3660257239674203,0.9289335629953959,0.132406781042988,109.31642055242727,,2625887136692.292,437772525597456.2
400.0,-0.06,7.099504311629263e+17,2.7284882326165212e+16,2202267888597406.8,447752863284810.75,1585.5854632722574,60.93737095503417,4.918489794662839,65.85586074969702,0.15412296064636272,0.37437037812877433,0.9288731563382794,0.14111853741077476,109.00043773393011,,2625716380601.4243,447752863284810.75
400.0,-0.04,7.519714687164934e+17,2.8493426689740656e+16,2322060705511254.5,457886453924753.25,1642.2662480425086,62.22814945825657,5.071258792671884,67.29940825092845,0.16324529712636057,0.3828431685244537,0.9288646912580243,0.15010783282475054,108.68954572506335,294.2006793912359,2625692451715.4004,457886453924753.25
400.0,-0.02,7.952039172722025e+17,2.972924900769719e+16,2445176442230751.0,468173297517283.6,1698.524716144978,63.50052248889669,5.222802016256559,68.72332450515326,0.17263061851631029,0.3914440951544584,0.928908167754631,0.1593746672849154,108.39536977651724,293.09933486484334,2625815350034.2207,468173297517283.6
400.0,0.0,8.396477768300536e+17,3.099234928003481e+16,2571615098755897.0,478613394062401.9,1754.3340559344645,64.75445456504296,5.373052928854324,70.12750749389728,0.18227892481621197,0.4001731580187883,0.9290035858280994,0.1689190407912693,108.1248356800225,292.0181301834365,2626085075557.8853,478613394062401.9
400.0,0.02,8.85303047390047e+17,3.2282727506753504e+16,2701376675086692.0,489206743560108.06,1809.6705718883272,65.98994787320828,5.521953061047243,71.51190093425552,0.19219021602606556,0.4090303571174435,0.929150945478429,0.1787409533438122,107.85851239422982,290.94315828480455,2626501628286.393,489206743560108.06
400.0,0.04,9.321697289521823e+17,3.3600383687853292e+16,2834461171223136.5,499953346010402.0,1864.5134318848775,67.20703832864078,5.6694513474946575,72.87648967613545,0.2023644921458711,0.4180156924504239,0.9293502467056204,0.1888404049425442,107.59618362369145,289.9388288385931,2627065008219.745,499953346010402.0
400.0,0.06,9.802478215164598e+17,3.494531782333416e+16,2970868587165229.5,510853201413283.94,1918.8444328127684,68.40579197048653,5.815503512449901,74.22129548293644,0.21280175317562858,0.4271291640177297,0.9296014895096734,0.19921739558746523,107.35541555053123,288.9743986766905,2627775215357.941,510853201413283.94
400.0,0.08,1.0295373250828791e+18,3.63175299131961e+16,3110598922912971.5,521906309768753.6,1972.6477833522395,69.58630166645749,5.960071500747359,75.54637316720483,0.2235019991153379,0.4363707718193606,0.9299046738905878,0.20987192527857532,107.12926766048372,288.04765865329813,2628632249700.981,521906309768753.6
400.0,0.1,1.0800382396514406e+18,3.771701995743914e+16,3253652178466363.5,533112671076811.25,2025.9099028164499,70.74868410322372,6.103122951278671,76.85180705450239,0.23446522996499922,0.44574051585531693,0.9302597998483639,0.22080399401587444,106.90721257411936,287.158026849858,2629636111248.8647,533112671076811.25
400.0,0.12,1.1317505652221443e+18,3.914378795606325e+16,3400028353825403.5,544472285337456.6,2078.619234991365,71.8930770402803,6.244630710116148,78.13770775039644,0.24569144572461243,0.45523839612559835,0.9306668673830016,0.23201360179936262,106.68905698508222,286.3033626877392,2630786800001.5923,544472285337456.6
400.0,0.14,1.18467430179499e+18,4.0597833909068456e+16,3549727448990094.0,555985152550690.0,2130.7660759645582,73.01963680651902,6.384572380584318,79.40420918710335,0.25718064639417765,0.46486441263020517,0.9311258764945007,0.24350074862903984,106.47777214150284,285.466100333882,2632084315959.1636,555985152550690.0
400.0,0.16,1.2388094493699773e+18,4.207915781645472e+16,3702749463960431.0,567651272716511.1,2182.342414985912,74.12853602015852,6.522929907724542,80.65146592788307,0.2689328319736946,0.47461856536913716,0.9316368271828613,0.2552654345049062,106.29338289056541,284.67641291811555,2633528659121.5786,567651272716511.1
400.0,0.18,1.294156007947107e+18,4.358775967822207e+16,3859094398736419.0,579470645834920.2,2233.3417874557645,75.21996151404598,6.65968919474102,81.879650708787,0.2809480024631636,0.4845008543423945,0.9321997194480837,0.2673076594269615,106.11253224898714,283.91575393289975,2635119829488.838,579470645834920.2
400.0,0.2,1.350713977526379e+18,4.512363949437053e+16,4018762253318056.0,591443271905917.2,2283.7591391879782,76.29411244963572,6.794839749157436,83.08895219879317,0.29322615786258455,0.49451127954997715,0.9328145532901675,0.27962742339520585,105.93508135216408,283.17390245324754,2636857827060.941,591443271905917.2
400.0,0.22,1.408483358107793e+18,4.6686797264900056e+16,4181753027705342.5,603569150929502.1,2333.590701146199,77.3511986041731,6.928374356551198,84.27957296072431,0.30576729817195736,0.504649840991885,0.9334813287091126,0.29222472640963926,105.76090030643972,282.44831622950335,2638742651837.887,603569150929502.1
400.0,0.24,1.4674641496913492e+18,4.8277232989810664e+16,4348066721898278.0,615848282905674.8,2382.8338739009046,78.3914388167661,7.060288779865351,85.45172759663146,0.3185714233912822,0.5149165386681182,0.9342000457049198,0.30509956847026176,105.58986739992542,281.782688730609,2640774303819.6787,615848282905674.8
400.0,0.26,1.527656352277047e+18,4.989494666910237e+16,4517703335896862.0,628280667834435.4,2431.487121102404,79.41505958010902,7.190581482426526,86.60564106253554,0.33163853352055883,0.5253113725786765,0.9349707042775883,0.31825194957707326,105.43016043189228,281.14758609066206,2642952783006.3135,628280667834435.4
400.0,0.28,1.589059965864887e+18,5.153993830277512e+16,4690662869701096.0,640866305715783.6,2479.5498713106253,80.42229376563986,7.319253372920104,87.74154713855998,0.34496862855978744,0.5358343427235601,0.9357933044271184,0.3316818697300739,105.28276801112382,280.542171342767,2645278089397.792,640866305715783.6
400.0,0.3,1.651674990454869e+18,5.3212207890829e+16,4866945323310978.0,653605196549720.1,2527.0224275660653,81.41337947086092,7.446307570690721,88.85968704155164,0.35856170850896796,0.5464854491027692,0.93666784615351,0.3453893289292634,105.138114896375,279.9035527919749,2647750222994.1143,653605196549720.1
400.0,0.32,1.7155014260469934e+18,5.4911755433263944e+16,5046550696726510.0,666497340336244.2,2573.9058841278083,82.38855897843683,7.571749189847559,89.96030816828439,0.37241777336810045,0.5572646917163033,0.9375943294567632,0.3593743271746422,104.9961089325609,279.2796722430688,2650369183795.281,666497340336244.2
400.0,0.34,1.7805392726412603e+18,5.663858093007997e+16,5229478989947691.0,679542737075356.2,2620.2020498437196,83.34807781750918,7.695585140758823,91.04366295826799,0.38653682313718496,0.5681720705641627,0.9385727543368779,0.3736368644662099,104.85666286052302,278.70198631906135,2653134971801.291,679542737075356.2
400.0,0.36,1.8467885302376678e+18,5.839268438127706e+16,5415730202974519.0,692741386767056.0,2665.91337765514,84.29218391843017,7.817823947619336,92.11000786604951,0.4009188578162211,0.5792075856463473,0.9396031207938542,0.38817694080396664,104.71969395610049,278.14824936769946,2656047587012.145,692741386767056.0
400.0,0.38,1.9142491988362184e+18,6.017406578685525e+16,5605304335806997.0,706093289411343.8,2711.0428997733297,85.22112685282875,7.938475580868401,93.15960243369716,0.4155638774052094,0.5903712369628573,0.940685428827692,0.40299455618791247,104.5851237026339,277.6073925672741,2659107029427.843,706093289411343.8
400.0,0.4,1.9829212784369108e+18,6.198272514681452e+16,5798201388445126.0,719598445008219.5,2755.5941680978217,86.13515715157853,8.05755130332292,94.19270845490145,0.43047188190414953,0.6016630245136927,0.9418196784383914,0.4180897106180473,104.45828285710859,277.09277249150335,2662313299048.385,719598445008219.5
400.0,0.42,2.0528047690397455e+18,6.381866246115488e+16,5994421360888904.0,733256853557683.0,2799.5711994777257,87.03452569384606,8.175063528972991,95.20958922281905,0.4456428713130417,0.6130829482988531,0.9430058696259528,0.4334624040943712,104.34329975295447,276.5848317731869,2665666395873.7715,733256853557683.0
400.0,0.44,2.123899670644722e+18,6.568187772987633e+16,6193964253138330.0,747068515059734.5,2842.978425445888,87.91948316095814,8.2910256934641,96.21050885442223,0.46107684563188567,0.6246310083183391,0.9442440023903751,0.4491126366168841,104.23038991370379,276.1439590517397,2669166319904.0005,747068515059734.5
400.0,0.46,2.196205983251841e+18,6.757237095297885e+16,6396830065193405.0,761033429514373.6,2885.820646082882,88.79027954934614,8.40545213536193,97.19573168470808,0.47677380486068166,0.6363072045721501,0.9455340767316591,0.4650404081855861,104.1194881021829,275.7153438331954,2672813071139.0737,761033429514373.6
400.0,0.48,2.2697237068611018e+18,6.949014213046246e+16,6603018797054130.0,775151596921600.9,2928.1029876929515,89.64716373730276,8.518357987362776,98.16552172466554,0.49273374899942957,0.6481115370602865,0.9468760926498048,0.4812457188004771,104.01053223401011,275.25439532888345,2676606649578.991,775151596921600.9
400.0,0.5,2.344452841472505e+18,7.143519126232715e+16,6812530448720504.0,789423017281415.8,2969.8308639976576,90.49038310072702,8.629759076675052,99.12014217740206,0.5089566780481294,0.6600440057827479,0.9482700501448121,0.4977285684615572,103.90346316794836,274.7633728421448,2680547055223.753,789423017281415.8
400.0,0.52,2.42039338708605e+18,7.340751834857293e+16,7025365020192526.0,803847690593818.6,3011.0099405747574,91.32018317343837,8.739671833855423,100.05985500729379,0.5254425920067811,0.6721046107395349,0.9497159492166809,0.5144889571688264,103.79822451382442,274.3078068196244,2684634288073.358,803847690593818.6
400.0,0.54,2.4975453437017364e+18,7.540712338919978e+16,7241522511470198.0,818425616858809.4,3051.64610229032,92.13680734801417,8.848113209437173,100.98492055745133,0.5421914908753847,0.684293351930647,0.9512137898654112,0.5315268849222847,103.69476245626707,273.8930923596422,2688868348127.8066,818425616858809.4
400.0,0.56,2.575908711319566e+18,7.743400638420771e+16,7461002922553520.0,833156796076388.1,3091.7454234909624,92.94049661344677,8.955100597738456,101.89559721118522,0.5592033746539403,0.6966102293560845,0.9527635720910032,0.548842351721932,103.59302559271521,273.4810736188204,2693249235387.1,833156796076388.1
400.0,0.58,2.6554834899395374e+18,7.948816733359675e+16,7683806253442491.0,848041228246554.6,3131.3141407406874,93.73148932623216,9.060651767284769,102.79214109351695,0.5764782433424479,0.7090552430158472,0.9543652958934568,0.5664353575677681,103.49375903992163,273.0965587635925,2697776949851.2373,848041228246554.6
400.0,0.6,2.73626967956165e+18,8.156960623736685e+16,7909932504137110.0,863078913369309.0,3170.3586279031338,94.51002101179067,9.164784797323014,103.67480580911368,0.5940160969409073,0.7216283929099352,0.9560189612727719,0.5843059024597934,103.40653506844468,272.7134769556094,2702451491520.2183,863078913369309.0
400.0,0.62,2.8182672801859057e+18,8.367832309551803e+16,8139381674637378.0,878269851444651.2,3208.885373385168,95.27632419338654,9.267518019944607,104.54384221333115,0.6118169354493187,0.7343296790383483,0.9577245682289484,0.6024539863980077,103.32088735274903,272.34111892208057,2707272860394.0425,878269851444651.2
400.0,0.64,2.901476291812303e+18,8.58143179080503e+16,8372153764943295.0,893614042472581.4,3246.900959371762,96.0306282459559,9.368869967372046,105.39949821332794,0.6298807588676819,0.7471591014010869,0.9594821167619865,0.6208796093824113,103.23676847544883,271.98252039978075,2712241056472.711,893614042472581.4
400.0,0.66,2.9858967144408417e+18,8.797759067496365e+16,8608248775054862.0,909111486453099.2,3284.4120428951187,96.77315927247652,9.468859323997727,106.24201859647424,0.648207567195997,0.7601166599981506,0.9612916068718862,0.6395827714130038,103.154133118652,271.6259165211724,2717356079756.223,909111486453099.2
400.0,0.68,3.071528548071524e+18,9.01681413962581e+16,8847666704972078.0,924762183386205.1,3321.425338592995,97.5041400007179,9.567504882795427,107.07164488351331,0.6667973604342643,0.7732023548295396,0.9631530385586474,0.6585634724897853,103.07293793884058,271.28728224519637,2722617930244.5796,924762183386205.1
400.0,0.7,3.1583717927043466e+18,9.23859700719336e+16,9090407554694940.0,940566133271898.8,3357.9476030223223,98.22378969839718,9.664825505754294,107.88861520415148,0.6856501385824831,0.7864161858952539,0.9650664118222703,0.6778217126127557,102.99314145110505,270.96024049967997,2728026607937.78,940566133271898.8
400.0,0.72,3.246426448339312e+18,9.463107670199018e+16,9336471324223452.0,956523336110180.2,3393.985620404521,98.93232410493934,9.76084008801224,108.69316419295158,0.7047659016406541,0.7997581531952933,0.9670317266627547,0.6973574917819154,102.91470392189899,270.6362433268632,2733582112835.8237,956523336110180.2
400.0,0.74,3.3356925149764204e+18,9.690346128642789e+16,9585858013557616.0,972633791901049.8,3429.546189688395,99.62995537819675,9.855567525390715,109.48552290358747,0.7241446496087771,0.8132282567296581,0.9690489830801006,0.7171708099972641,102.83758726956708,269.9589921305577,2739284444938.7114,972633791901049.8
400.0,0.76,3.4261699926156703e+18,9.920312382524664e+16,9838567622697428.0,988897500644507.0,3464.636112825331,100.31689205462821,9.949026685056046,110.26591873968425,0.743786382486852,0.8268264964983482,0.9711181810743081,0.7372616672588018,102.76175497197342,270.32647520857216,2745133604246.4434,988897500644507.0
400.0,0.78,3.5178588812570624e+18,1.0153006431844648e+17,1.0094600151642892e+16,1005314462340552.2,3499.2621841596274,100.99333902156972,10.041236379053828,111.03457540062355,0.7636911002748789,0.8405528725013636,0.9732393206453772,0.7576300635665286,102.68717198062544,270.2119474417064,2751129590759.019,1005314462340552.2
400.0,0.8,3.610759180900596e+18,1.0388428276602746e+17,1.0353955600394002e+16,1021884676989185.4,3533.4311808443026,101.65949750034942,10.13221534048267,111.79171284083208,0.7838588029728575,0.8544073847387043,0.9754124017933079,0.7782759989204444,102.61380464074725,269.47805241204156,2757272404476.439,1021884676989185.4
400.0,0.82,3.7048708915462707e+18,1.0626577916798944e+17,1.0616633968950758e+16,1038608144590406.0,3567.1498541996834,102.31556503911038,10.221982202091839,112.5375472412022,0.8042894905807878,0.8683900332103699,0.9776374245181,0.7991994733205492,102.54162061680947,269.20052395315776,2763562045398.702,1038608144590406.0
400.0,0.84,3.8001940131940884e+18,1.0867455352433251e+17,1.0882635257313166e+16,1055484865144215.0,3600.424921938462,102.96173551430687,10.310555477104097,113.27229099141097,0.8249831630986703,0.8825008179163613,0.9799143888197536,0.8204004867668431,102.47448106794701,268.9067869076367,2769998513525.809,1055484865144215.0
400.0,0.86,3.89672854584405e+18,1.1111060583505672e+17,1.1151959465481224e+16,1072514838650611.8,3633.263061186857,103.5981991399307,10.397953542080685,113.9961526820114,0.8459398205265051,0.8967397388566778,0.9822432946982689,0.8418790392593261,102.41386596887209,268.5955033914027,2776581808857.7603,1072514838650611.8
400.0,0.88,3.9944744894961516e+18,1.13573936100162e+17,1.1424606593454932e+16,1089698065109596.1,3665.6709022369496,104.2251424836102,10.48419462165963,114.70933710526982,0.8671594628642914,0.9111067960313193,0.9846241421536459,0.863635130797998,102.3542580001762,268.3191224970688,2783311931394.5557,1089698065109596.1
400.0,0.9,4.0934318441503964e+18,1.1606454431964834e+17,1.1700576641234288e+16,1107034544521168.5,3697.655022970354,104.84274848880199,10.569296775011841,115.41204526381382,0.8886420901120298,0.9256019894402863,0.9870569311858843,0.8856687613828591,102.29563083747003,268.06420613570117,2790188881136.195,1107034544521168.5
400.0,0.92,4.1936006098067825e+18,1.1858243049351578e+17,1.1979869608819294e+16,1124524276885329.0,3729.221943897985,105.45119650236593,10.653277883871702,116.10447438623763,0.91038770226972,0.9402253190835786,0.9895416617949844,0.9079799310139092,102.23795912187285,267.81125188791856,2797212658082.6777,1124524276885329.0
400.0,0.94,4.2949807864653107e+18,1.2112759462176426e+17,1.2262485496209948e+16,1142167262202077.0,3760.3781237650505,106.05066230687835,10.736155642010004,116.78681794888837,0.9323962993373621,0.9549767849611961,0.9920783339809462,0.9305686396911483,102.18121841358395,267.56013991563293,2804383262234.0054,1142167262202077.0
400.0,0.96,4.3975723741259807e+18,1.2370003670439387e+17,1.2548424303406252e+16,1159963500471413.0,3791.129955674289,106.64131815709871,10.817947546027552,117.45926570312626,0.9546678813149561,0.9698563870731388,0.9946669477437693,0.9534348874145765,102.12538514823935,267.32439149752196,2811700693590.176,1159963500471413.0
400.0,0.98,4.5013753727887933e+18,1.2629975674140454e+17,1.2837686030408204e+16,1177912991693337.0,3821.4837636842203,107.2233328200577,10.898670887357378,118.12200370741509,0.9772024482025021,0.9848641254194069,0.9973075030834537,0.9765786741841938,102.07043659585317,267.09478422275924,2819164952151.19,1177912991693337.0
400.0,1.0,4.6063897824537477e+18,1.2892675473279634e+17,1.3130270677215804e+16,1196015735867848.5,3851.445799842488,107.796871618286,10.978342745372213,118.77521436365822,1.0,1.0,1.0,1.0,102.01635082216033,266.8669841139157,2826776037917.0483,1196015735867848.5
400.0,1.02,4.712615603120845e+18,1.3158103067856915e+17,1.3426178243829056e+16,1214271732994948.5,3881.0222416175193,108.36209647574539,11.056979981502138,119.41907645724753,1.02306053670745,1.015264010814919,1.0027444384934077,1.0236988648619956,101.96310665219187,266.6409548080657,2834533950887.7505,1214271732994948.5
400.0,1.04,4.820052834790083e+18,1.342625845787231e+17,1.3725408730247954e+16,1232680983074636.0,3910.2191896946297,108.91916596606879,11.134599234274804,120.0537652003436,1.0463840583248516,1.0306561578641626,1.0055408185636772,1.0476752687701798,101.91068363592834,266.425604784014,2842438691063.297,1232680983074636.0
400.0,1.06,4.928701477461464e+18,1.3697141643325811e+17,1.4027962136472504e+16,1251243486106911.2,3939.042666105305,109.46823536274916,11.21121691519751,120.67945227794667,1.0699705648522053,1.0461764411477317,1.008389140210808,1.0719292117245534,101.85906201588904,266.2278037439958,2850490258443.687,1251243486106911.2
400.0,1.08,5.038561531134988e+18,1.3970752624217424e+17,1.4333838462502704e+16,1269959242091774.8,3967.4986126608874,110.00945669095587,11.286849205406906,121.29630589636277,1.0938200562895113,1.0618248606656262,1.0112894034348006,1.096460693725116,101.8082226965261,266.0327877918712,2858688653028.921,1269959242091774.8
400.0,1.1,5.149632995810652e+18,1.424709140054714e+17,1.464303770833855e+16,1288828251029225.5,3995.592889664147,110.54297878068527,11.36151205301792,121.9044908337032,1.1179325326367686,1.0776014164178456,1.0142416082356545,1.1212697147718673,101.7581472153029,265.8405023975656,2867033874818.9985,1288828251029225.5
400.0,1.12,5.26191587148846e+18,1.4526157972314966e+17,1.4955559873980048e+16,1307850512919264.8,4023.33127487429,111.06894732098243,11.435221171108928,122.50416849209137,1.1423079938939784,1.0935061084043909,1.0172457546133704,1.1463562748648082,101.70881771534542,265.6508943080463,2875525923813.921,1307850512919264.8
400.0,1.14,5.375410158168406e+18,1.4807952339520896e+17,1.5271404959427186e+16,1327026027761891.0,4050.7194627028966,111.587504914997,11.507992036285321,123.09549695128233,1.1669464400611391,1.1095389366252604,1.0203018425679469,1.1717203740039375,101.66021691956425,265.4641343831068,2884164800013.685,1327026027761891.0
400.0,1.16,5.4901158558505e+18,1.5092474502164944e+17,1.5590572964679984e+16,1346354795557106.0,4077.763063620057,112.0987911356594,11.579839887768058,123.67863102342744,1.1918478711382532,1.125699901080456,1.0234098720993863,1.1973620121892559,101.61232810615185,265.27919087894963,2892950503418.2964,1346354795557106.0
400.0,1.18,5.606032964534731e+18,1.537972446024709e+17,1.5913063889738424e+16,1365836816304908.5,4104.4676037516065,112.60294258178594,11.650779726958248,124.25372230874419,1.2170122871253177,1.1419890017699768,1.0265698432076862,1.2232811894207638,101.56513508536781,265.09398072145893,2901883034027.7485,1365836816304908.5
400.0,1.2,5.723161484221108e+18,1.566970221376735e+17,1.6238877734602524e+16,1385472090005299.5,4130.838524649903,113.10009293444095,11.720826317432644,124.82091925187359,1.2424396880223354,1.1584062386938232,1.0297817558928484,1.2494779056984604,101.5186221775306,264.9084932458933,2910962391842.047,1385472090005299.5
400.0,1.22,5.841501414909623e+18,1.5962407762725715e+17,1.6568014499272258e+16,1405260616658277.0,4156.88118322192,113.59037301340211,11.78999418532852,125.38036719873062,1.2681300738293042,1.1749516118519938,1.0330456101548713,1.2759521610223463,101.47574691982018,264.722718054834,2920188576861.187,1405260616658277.0
400.0,1.24,5.961052756600285e+18,1.6257841107122198e+17,1.6900474183747656e+16,1425202396263844.0,4182.600851799811,114.07391083359101,11.858297620079862,125.93220845367087,1.2940834445462257,1.1916251212444908,1.0363614059937567,1.3027039553924211,101.43550013723687,264.5366450052769,2929561589085.173,1425202396263844.0
400.0,1.26,6.081815509293085e+18,1.6556002246956774e+17,1.7236256788028688e+16,1445297428821997.5,4208.002718340212,114.55083166134801,11.925750675469791,126.47658233681778,1.3202998001730983,1.2084267668713122,1.0397291434095026,1.3297332888086852,101.39583919073064,264.3545429077039,2939081428514.0005,1445297428821997.5
400.0,1.28,6.20378967298803e+18,1.6856891182229475e+17,1.7575362312115384e+16,1465545714332740.0,4233.0918867396795,115.02125807044091,11.992367170967036,127.01362524140795,1.3467791407099234,1.2253565487324598,1.0431488224021115,1.3570401612711385,101.35675102205217,264.17561154331884,2948748095147.6753,1465545714332740.0
400.0,1.3,6.326975247685114e+18,1.716050791294027e+17,1.7917790756007716e+16,1485947252796069.2,4257.87337725468,115.48530999771208,12.058160693316848,127.54347069102892,1.3735214661567,1.2424144668279316,1.0466204429715806,1.3846245727797801,101.31822297028637,263.99899753059424,2958561588986.191,1485947252796069.2
400.0,1.32,6.451372233384345e+18,1.7466852439089184e+17,1.826354211970571e+16,1506502044211987.5,4282.352127015461,115.94310479827888,12.123144598359241,128.06624939663814,1.4005267765134295,1.2596005211577297,1.050144005117912,1.4124865233346113,101.2802427563626,263.8246283492437,2968521910029.5522,1506502044211987.5
400.0,1.34,6.576980630085712e+18,1.77759247606762e+17,1.861261640320934e+16,1527210088580492.5,4306.532990624013,116.39475730021219,12.187332013049593,128.58208931326178,1.4277950717801096,1.276914711721852,1.0537195088411044,1.4406260129356312,101.24279846830676,263.65243488632143,2978629058277.7554,1527210088580492.5
400.0,1.36,6.703800437789226e+18,1.8087724877701328e+17,1.896501360651863e+16,1548071385901586.5,4330.420740827128,116.8403798586275,12.25073583765876,129.09111569628624,1.4553263519567425,1.2943570385203007,1.057346954141159,1.4690430415828406,101.20587854719332,263.48466845383695,2988883033730.8047,1548071385901586.5
400.0,1.38,6.831831656494878e+18,1.8402252790164557e+17,1.9320733729633564e+16,1569085936175267.2,4354.020069256271,117.28008240913212,12.313368748131737,129.59345115726387,1.4831206170433267,1.3119275015530736,1.061026341018075,1.4977376092762384,101.16947177375728,263.3386103423039,2999283836388.697,1569085936175267.2
400.0,1.4,6.961074286202674e+18,1.8719508498065898e+17,1.9679776772554144e+16,1590253739401536.8,4377.335587226696,117.71397252057804,12.375243198585574,130.08921571916363,1.5111778670398632,1.3296261008201724,1.0647576694718524,1.5267097160158256,101.13356725562939,263.1941462577627,3009831466251.433,1590253739401536.8
400.0,1.42,7.091528326912611e+18,1.9039492001405347e+17,2.004214273528038e+16,1611574795580393.5,4400.3718265888265,118.14215544707903,12.436371423929096,130.57852687100814,1.5394981019463514,1.3474528363215963,1.0685409395024914,1.555959361801602,101.09815441516012,263.05125355972854,3020525923319.013,1611574795580393.5
400.0,1.44,7.223193778624692e+18,1.936220330018291e+17,2.040783161781226e+16,1633049104711838.5,4423.133240625529,118.56473417925476,12.496765442588051,131.0614996218428,1.568081321762792,1.3654077080573455,1.0723761511099918,1.5854865466335677,101.0632229777999,262.9099099250988,3031367207591.4365,1633049104711838.5
400.0,1.46,7.356070641338914e+18,1.9687642394398573e+17,2.077684342014979e+16,1654676666795871.0,4445.624204989405,118.98180949467233,12.556437059321224,131.53824655399356,1.596927526489184,1.3834907160274197,1.076263304294354,1.6152912705117217,101.02876296100541,262.7700933477475,3042355319068.704,1654676666795871.0
400.0,1.48,7.490158915055279e+18,2.001580928405235e+17,2.1149178142292972e+16,1676457481832492.0,4467.849018674772,119.39348000745947,12.615397868113755,132.00887787557323,1.6260367161255285,1.4017018602318196,1.0802023990555778,1.6453735334360655,100.9947646636438,262.6317821377329,3053490257750.8164,1676457481832492.0
400.0,1.5,7.625458599773784e+18,2.0346703969144237e+17,2.15248357842418e+16,1698391549821700.5,4489.811905019379,119.79984221706863,12.673659255135547,132.47350147220416,1.6554088906718243,1.4200411406705447,1.0841934353936629,1.6757333354065977,100.96121865586787,262.4949321584384,3064772023637.7715,1698391549821700.5
400.0,1.52,7.761969695494434e+18,2.0680326449674227e+17,2.190381634599628e+16,1720478870763497.0,4511.517012731406,120.20099055617531,12.731232401753369,132.9322229579287,1.6850440501280726,1.4385085573435952,1.08823641330861,1.7063706764233195,100.92811576943765,262.35872750583206,3076200616729.572,1720478870763497.0
400.0,1.54,7.899692202217224e+18,2.101667672564233e+17,2.228611982755641e+16,1742719444657881.0,4532.968416937609,120.59701743769882,12.788128287586456,133.3851457252853,1.7149421944942724,1.4571041102509703,1.092331332800418,1.7372855564862297,100.89544708846482,262.22352668121067,3087776037026.2144,1742719444657881.0
400.0,1.56,8.038626119942156e+18,2.1355754797048538e+17,2.2671746228922184e+16,1765113271504853.5,4554.170120248882,120.98801330093458,12.844357693596235,133.8323709945308,1.745103323770424,1.4758277993926714,1.096478193869088,1.7684779755953297,100.86320394055802,262.0893066734312,3099498284527.7017,1765113271504853.5
400.0,1.58,8.178771448669231e+18,2.169756066389285e+17,2.3060695550093612e+16,1787660351304413.5,4575.126053839799,121.37406665679336,12.899931205201685,134.27399786199504,1.775527437956528,1.4946796247686975,1.1006769965146197,1.7999479337506186,100.83137788834847,261.9560453227113,3111367359234.033,1787660351304413.5
400.0,1.6,8.320128188398447e+18,2.2042094326175277e+17,2.345296779107069e+16,1810360684056561.2,4595.840078539012,121.75526413214249,12.954859215412538,134.71012334755503,1.8062145370525835,1.5136595863790487,1.1049277407370128,1.831695430952096,100.79996072137638,261.82372128044074,3123383261145.2085,1810360684056561.2
400.0,1.62,8.462696339129807e+18,2.2389355783895808e+17,2.3848562951853412e+16,1833214269761297.0,4616.315985927677,122.13169051324877,13.009151927973338,135.1408424412221,1.8371646210585915,1.5327676842237254,1.1092304265362671,1.8637204671997631,100.76894444832001,261.6923139712573,3135545990261.227,1833214269761297.0
400.0,1.64,8.606475900863305e+18,2.2739345037054445e+17,2.4247481032441776e+16,1856221108418619.8,4636.557499443299,122.50342878832411,13.062819360511993,135.5662481488361,1.8683776899745503,1.5520039183027265,1.113585053912383,1.8960230424936186,100.73832128955017,261.5618035572391,3147855546582.089,1856221108418619.8
400.0,1.66,8.751466873598949e+18,2.3092062085651206e+17,2.4649722032835804e+16,1879381200028532.0,4656.56827548668,122.87056018917627,13.115871347686985,135.98643153686325,1.8998537438004621,1.5713682886160543,1.117991622865361,1.928603156833663,100.70808366999388,261.439216597136,3160311930107.7964,1879381200028532.0
400.0,1.68,8.897669257336732e+18,2.3447506929686054e+17,2.5055285953035468e+16,1902694544591031.0,4676.351904529802,123.23316423197035,13.168317544328115,136.40148177629845,1.931592782536325,1.5908607951637064,1.1224501333952,1.9614608102198974,100.67822421229212,261.32405721645637,3172915140838.3457,1902694544591031.0
400.0,1.7,9.045083052076663e+18,2.3805679569159027e+17,2.54641727930408e+16,1926161142106119.0,4695.91191222273,123.59131875710682,13.220167428565999,136.8114861856728,1.9635948061821413,1.6104814379456849,1.1269605855019014,1.9945960026523206,100.64873573023706,261.2099621867339,3185665178773.7417,1926161142106119.0
400.0,1.72,9.193708257818729e+18,2.4166580004070096e+17,2.587638255285176e+16,1949780992573793.2,4715.251760497801,123.94509996822356,13.271430304946117,137.21653027316967,1.995859814737908,1.630230216961987,1.1315229791854635,2.0280087341309323,100.61961122247553,261.09691398980215,3198562043913.9795,1949780992573793.2
400.0,1.74,9.343544874562943e+18,2.4530208234419286e+17,2.6291915232468388e+16,1973554095994056.8,4734.374848669504,124.29458247033102,13.322115307523633,137.61669777785465,2.028387808203628,1.6501071322126157,1.1361373144458877,2.0616990046557335,100.59084386646548,260.98489555748506,3211605736259.062,1973554095994056.8
400.0,1.76,9.494592902309292e+18,2.489656426020657e+17,2.6710770831890644e+16,1997480452366907.2,4753.284514528645,124.63983930709047,13.37223140293554,138.01207071002602,2.061178786579298,1.670112183697569,1.1408035912831727,2.0956668142267234,100.5624270126739,260.8738902555575,3224796255808.9863,1997480452366907.2
400.0,1.78,9.646852341057792e+18,2.5265648081431978e+17,2.713294935111857e+16,2021560061692346.2,4771.98403542952,124.98094199724581,13.421787393447147,138.40272939069294,2.094232749864922,1.690245371416848,1.1455218096973203,2.129912162843903,100.53435417900427,260.76388186842996,3238133602563.7583,2021560061692346.2
400.0,1.8,9.800323190808426e+18,2.563745969809548e+17,2.755845079015213e+16,2045792923970372.2,4790.4766293689445,125.31796057022031,13.470791919970116,138.78875249019043,2.127549698060496,1.7105066953704515,1.1502919696883287,2.164435050507271,100.50661904544312,260.65485458451735,3251617776523.371,2045792923970372.2
400.0,1.82,9.955005451561208e+18,2.6011999110197107e+17,2.798727514899135e+16,2070179039200987.8,4808.765456056144,125.65096360089113,13.519253465049767,139.1702170659409,2.1611296311660237,1.7308961555583817,1.1551140712561991,2.199235477216828,100.4816712610869,260.5467929822562,3265248777687.8296,2070179039200987.8
400.0,1.84,1.0110899123316128e+19,2.6389266317736826e+17,2.841942242763621e+16,2094718407384189.5,4826.853617972576,125.98001824355384,13.567180355819463,139.54719859937333,2.194972549181502,1.7514137519806356,1.1599881144009307,2.2343134429725744,100.45779783711382,260.44379209723127,3279026606057.131,2094718407384189.5
400.0,1.86,1.0268004206073194e+19,2.676926132071466e+17,2.8854892626086736e+16,2119411028519980.2,4844.744161420879,126.30519026509019,13.614580766920225,139.91977103201043,2.2290784521069336,1.772059484637216,1.1649140991225244,2.26966894777451,100.43421203450269,260.3449490708864,3292951261631.2773,2119411028519980.2
400.0,1.88,1.0426320699832394e+19,2.7151984119130595e+17,2.929368574434289e+16,2144256902608357.5,4862.44007756226,126.62654407735316,13.66146272338399,140.28800680073715,2.263447339942315,1.7928333535281205,1.169892025420979,2.305301991622634,100.41090859449437,260.2470907975556,3307022744410.2656,2144256902608357.5
400.0,1.9,1.0585848604593744e+19,2.753743471298465e+17,2.9735801782404704e+16,2169256029649323.8,4879.9443034416845,126.94414276878271,13.707834103479115,140.65197687226183,2.29807921268765,1.8137353586533511,1.174921893296295,2.341212574516948,100.38788238824361,260.1502059540333,3321241054394.098,2169256029649323.8
400.0,1.92,1.0746587920357233e+19,2.7925613102276803e+17,3.0181240740272156e+16,2194408409642877.5,4897.259723000312,127.258048135267,13.753702641516906,141.0117507767839,2.3329740703429365,1.8347655000129066,1.180003702748473,2.3774006964574497,100.36512841274974,260.0542832889413,3335606191582.7754,2194408409642877.5
400.0,1.94,1.0908538647122866e+19,2.831651928700706e+17,3.0630002617945264e+16,2219714042589018.8,4914.38916807474,127.56832071026312,13.79907593061816,141.36739664088128,2.3681319129081753,1.8559237776067872,1.1851374537775128,2.4138663574441415,100.3426417869424,259.9593116271105,3350118155976.2964,2219714042589018.8
400.0,1.96,1.1071700784890638e+19,2.871015326717544e+17,3.1082087415424028e+16,2245172928487748.2,4931.335419382622,127.87501979419181,13.843961425438879,141.71898121963068,2.403552740383365,1.8772101914349932,1.1903231463834139,2.450609557477022,100.32041774791556,259.8652798735845,3364776947574.661,2245172928487748.2
400.0,1.98,1.1236074333660555e+19,2.910651504278193e+17,3.1537495132708436e+16,2270785067339066.0,4948.101207494343,128.17820348312097,13.88836644485445,142.0665699279754,2.4392365527685076,1.898624741497525,1.1955607805661765,2.487630296556092,100.29845164730304,259.77217701726806,3379582566377.87,2270785067339066.0
400.0,2.0,1.1401659293432615e+19,2.950560461382652e+17,3.1996225769798492e+16,2296550459142971.5,4964.68921379045,128.47792869675263,13.932298174601776,142.4102268713544,2.475183350063602,1.9201674277943819,1.2008503563258008,2.52492857468135,100.27673894778926,259.6799921342421,3394535012385.923,2296550459142971.5
1000.0,-2.0,9.820745585458419e+17,1.751641905293489e+16,3240731045236973.5,116292037019934.6,8444.899442061509,150.62440646673215,27.867179286587376,178.49158575331953,0.5184788679177259,0.1690062283144385,1.1777779112019797,0.5882999687916667,90.38950048225476,224.30667971453826,2044660196675.2917,116292037019934.6
1000.0,-1.98,9.51066891315147e+17,1.688369580616036e+16,3137390762314386.5,113552894348216.1,8375.540727290041,148.68573718945106,27.62933327523478,176.31507046468585,0.5021086034987543,0.16502545556657683,1.1727182593803458,0.5703679767253048,90.28730388707338,223.97360366694738,2035876478972.3735,113552894348216.1
1000.0,-1.96,9.205570514941937e+17,1.6262971684061736e+16,3035753542886653.0,110901686581826.17,8300.658717349466,146.64314119391221,27.373375793043458,174.01651698695568,0.48600116331199106,0.16117247786872552,1.167710613810349,0.552713523705132,90.18023658519793,223.62675681017248,2027183045788.8794,110901686581826.17
1000.0,-1.94,8.905450390829816e+17,1.565424668663901e+16,2935819386953770.5,108338413720764.67,8220.03025979598,144.49396247379835,27.09860045136582,171.59256292516415,0.4701565473574361,0.15744729522088433,1.1627549744919887,0.5353366097311483,90.06793544859278,223.28395670141788,2018579897124.8079,108338413720764.67
1000.0,-1.92,8.610308540815109e+17,1.5057520813892182e+16,2837588294515740.0,105863075765031.69,8133.438858253196,142.2358145659124,26.804325058662634,169.04013962457503,0.4545747556350894,0.15384990762305342,1.157851341425266,0.5182372348033536,89.94999982369121,222.9355358671715,2010067032980.1606,105863075765031.69
1000.0,-1.9,8.320144964897818e+17,1.4472794065821258e+16,2741060265572562.0,103475672714627.28,8040.677336637103,139.8666342159029,26.489900414873908,166.3565346307768,0.43925578814495114,0.15038031507523292,1.15299971461018,0.5014153989217479,89.82598650490084,222.569810690559,2001644453354.9368,103475672714627.28
1000.0,-1.88,8.03495966307794e+17,1.3900066442426228e+16,2646235300124236.5,101176204569551.38,7941.55077991138,137.38473884806513,26.154719989571657,163.53945883763677,0.4241996448870212,0.14703851757742264,1.148200094046731,0.48487110208633133,89.69540387183909,222.20300103846245,1993312158249.136,101176204569551.38
1000.0,-1.86,7.75475263535548e+17,1.3339337943707108e+16,2553113398170763.5,98964671329804.03,7835.879744916681,134.78888743290207,25.798230458042983,160.58711789094508,0.40940632586129977,0.14382451512962272,1.1434524797349193,0.4686043442971038,89.55770502248801,221.82147004751832,1985070147662.7593,98964671329804.03
1000.0,-1.84,7.479523881730431e+17,1.279060856966388e+16,2461694559712142.0,96841072995385.1,7723.503726654148,132.07834417812998,25.419943042447006,157.49828722057697,0.39487583106778645,0.1407383077318329,1.1387568716747436,0.4526151255540653,89.42270975600404,221.42423313064742,1976918421595.8044,96841072995385.1
1000.0,-1.82,7.209273402202796e+17,1.2253878320296548e+16,2371978784748372.5,94805409566294.73,7604.284855877929,129.2529442819163,25.019445573827884,154.27238985574417,0.3806081605064815,0.13777989538405347,1.1341132698662064,0.43690344585721586,89.2874933462007,221.0245003615343,1968856980048.2754,94805409566294.73
1000.0,-1.8,6.944001196772572e+17,1.1729147195605116e+16,2283966073279455.0,92857681042532.88,7478.111793026488,126.3131607845414,24.596415155288003,150.9095759398294,0.36660331417738473,0.13494927808628426,1.1295216743093044,0.42146930520655546,89.14465091599885,220.6029236585209,1960885823020.167,92857681042532.88
1000.0,-1.78,6.683707265439767e+17,1.1216415195589586e+16,2197656425305390.0,90997887424099.53,7344.903771545887,123.26017134128625,24.150631267549308,147.41080260883555,0.3528612920804965,0.13224645583852537,1.1249820850040406,0.4063127036020841,88.99348524895068,220.17660392181105,1953004950511.484,90997887424099.53
1000.0,-1.76,6.428391608204372e+17,1.0715682320249954e+16,2113049840826177.0,89226028710994.62,7204.61473078231,120.09592352202877,23.6819891163194,143.77791263834817,0.33938209421581644,0.12967142864077663,1.120494501950413,0.3914336410438018,88.83320844898248,219.7320950940279,1945214362522.2227,89226028710994.62
1000.0,-1.74,6.178054225066394e+17,1.0226948569586224e+16,2030146319841816.5,87542104903218.34,7057.2374652134595,116.82319703064675,23.19051297756928,140.01371000821604,0.32616572058334475,0.12722419649303832,1.1160589251484232,0.37683211753170853,88.66292636991916,219.27469327320395,1937514059052.387,87542104903218.34
1000.0,-1.72,5.932695116025828e+17,9750213943598390.0,1948945862352307.8,85946116000770.5,6902.8077033436175,113.44566104081981,22.676369253670934,136.12203029449074,0.3132121711830813,0.12490475939531019,1.1116753545980693,0.3625081330658043,88.4838985790498,218.80372777542533,1929904040101.9727,85946116000770.5
1000.0,-1.7,5.6923142810826784e+17,9285478442286458.0,1869448468357651.5,84438062003651.22,6741.40801672655,109.96792467696548,22.139878912389225,132.10780358935472,0.3005214460150264,0.1227131173475924,1.1073437902993537,0.34846168764608915,88.3148043912869,218.31476084446368,1922384305670.984,84438062003651.22
1000.0,-1.68,5.456911720236941e+17,8832742065650424.0,1791654137857847.0,83017942911860.4,6573.171448045283,106.39557854412374,21.58152894441186,127.97710748853561,0.2880935450791796,0.12064927034988482,1.103064232252274,0.334692781272563,88.1347431276824,217.8132036992618,1914954855759.4165,83017942911860.4
1000.0,-1.66,5.226487433488618e+17,8392004813690288.0,1715562870852895.2,81685758725398.12,6398.284737806535,102.73522514373127,21.00198244617007,123.73720758990136,0.27592846837554125,0.11871321840218753,1.098836680456832,0.32120141394522567,87.94258776477513,217.29418707531588,1907615690367.2742,81685758725398.12
1000.0,-1.64,5.0010414208377094e+17,7963266686406054.0,1641174667342795.0,80441509444264.34,6216.991022903157,98.99449601854596,20.40208691608303,119.39658293462898,0.26402621590411113,0.1169049615045005,1.094661134913026,0.3079875856640778,87.73704875330476,216.76269038589044,1900366809494.5532,80441509444264.34
1000.0,-1.62,4.7805736822842176e+17,7546527683797725.0,1568489527327548.2,79285195068459.12,6029.591877974711,95.18205356348868,19.7828803469958,114.96493391048449,0.25238678766488953,0.11522449965682383,1.0905375956208578,0.2950512964291189,87.5166432689518,216.20819102906967,1893208213141.2576,79285195068459.12
1000.0,-1.6,4.5650842178281363e+17,7141787805865288.0,1497507450807152.5,78216815597982.38,5836.448573017455,91.30757563146706,19.14559470822769,110.45317033969474,0.24101018365787608,0.11367183285915736,1.0864660625803262,0.28239254624034904,87.31047597144295,215.63008917497874,1886139901307.3845,78216815597982.38
1000.0,-1.58,4.35457302746947e+17,6749047052608751.0,1428228437781609.0,77236371032834.16,5637.982428794183,87.38172136207235,18.491656439612512,105.87337780168487,0.22989640388307098,0.11224696111150118,1.082446535791432,0.27001133509776815,87.09091360061699,215.03636208835323,1879161873992.9353,77236371032834.16
1000.0,-1.56,4.1490401112082176e+17,6368305424028114.0,1360652488250918.0,76343861373014.44,5434.674165793237,83.41607706889114,17.822683628783192,101.23876069767434,0.2190454483404742,0.11094988441385527,1.078479015254174,0.2579076630013762,86.853676460798,214.40953397305088,1872274131197.9087,76343861373014.44
1000.0,-1.54,3.948485469044379e+17,5999562920123375.0,1294779602215078.5,75539286618523.22,5227.062163009836,79.42308153400279,17.140479612334353,96.56356114633715,0.20845731703008571,0.1097806027662196,1.0745635009685535,0.2460815299511734,86.59645527219385,213.77041493153132,1865476672922.3062,75539286618523.22
1000.0,-1.52,3.7529091009779546e+17,5642819540894538.0,1230609779674091.8,74822646769360.56,5015.739569526628,75.41593066452762,16.44702283076705,91.86295349529468,0.19813200995190558,0.10873911616859429,1.07069999293457,0.23453293594715965,86.33760160969832,213.1074928712091,1858769499166.1272,74822646769360.56
1000.0,-1.5,3.562311007008944e+17,5298075286341599.0,1168143020627956.8,74193941825526.36,4801.350244183055,71.40846214641748,15.744452874264974,87.15291502068244,0.18806952710593375,0.10782542462097917,1.0668884911522234,0.22326188098933497,86.06773074839153,212.41517764616808,1852152609929.3713,74193941825526.36
1000.0,-1.48,3.3766911871373485e+17,4965330156464560.0,1107379325076674.2,73653171787020.72,4584.583535521812,67.41502145790221,15.035052777887543,82.45007423578976,0.1782698684921703,0.10703952812337439,1.0631289956215138,0.21226836507769933,85.77272009343656,211.70351068863351,1845626005212.039,73653171787020.72
1000.0,-1.46,3.196049641363166e+17,4644584151263420.0,1048318693020243.8,73200336653843.55,4366.167954222586,63.45031134524906,14.321227755790648,77.77153910103972,0.1687330341106151,0.10638142667577982,1.0594215063424408,0.20155238821225274,85.4554363108545,210.96448017446664,1839189685014.1296,73200336653843.55
1000.0,-1.44,3.020386369686398e+17,4335837270738179.5,990961124458665.2,72835436425994.9,4146.863831529709,59.529227577892605,13.605480698472098,73.1347082763647,0.15945902396126826,0.10585112027819554,1.055766023315005,0.1911139503929952,85.14610651776292,210.19423358486438,1832843649335.644,72835436425994.9
1000.0,-1.42,2.849701372107044e+17,4039089514888838.5,935306619391939.1,72558471103474.8,3927.4550976179166,55.66668444720589,12.890384887770157,68.55706933497605,0.15044783804412973,0.10544860893062158,1.0521625465392064,0.1809530516199266,84.80545908440679,209.3917362083608,1826587898176.582,72558471103474.8
1000.0,-1.4,2.683994648625104e+17,3754340883715396.5,881355177820065.2,72369440686283.19,3708.740351138053,51.87743401237851,12.178554503974716,64.05598851635322,0.14169947635919952,0.10517389263305786,1.0486110760150444,0.17106969189304716,84.43846001332027,208.5560423738523,1820422431536.9434,72369440686283.19
1000.0,-1.38,2.5232661992405786e+17,3481591377217854.5,829106799743043.4,72268345174420.06,3491.523423084701,48.17588349110546,11.472613600629561,59.648497091735024,0.13321393890647767,0.10502697138550439,1.0451116117425197,0.16146387121235675,84.0788423060271,207.69197413922132,1814347249416.728,72268345174420.06
1000.0,-1.36,2.3675160239534688e+17,3220840995396214.5,778561485160874.2,72255184567885.5,3276.6036625775,44.57591541227268,10.77516429882477,55.351079711097455,0.12499122568596423,0.10500784518796125,1.0416641537216318,0.1521355895778555,83.67684824639085,206.79087594499873,1808362351815.936,72255184567885.5
1000.0,-1.34,2.2167441227637706e+17,2972089738250471.0,729719234073556.5,72329958866679.4,3064.7661874794303,41.09071517279181,10.088754998721834,51.17947017151364,0.11703133669765897,0.10511651404042832,1.0382687019523806,0.14308484698954319,83.25664819661712,205.85128167594863,1802467738734.5671,72329958866679.4
1000.0,-1.32,2.0709504956714874e+17,2735337605780627.0,682580046481091.2,72492668070801.86,2856.772347858461,37.732610463572506,9.415849418239533,47.14845988181204,0.10933427194156208,0.10535297794290573,1.034925256434767,0.13431164344741992,82.80553723467013,204.91210064575006,1796663410172.6228,72492668070801.86
1000.0,-1.3,1.930135142676617e+17,2510584597986682.0,637143922383478.0,72743312180252.78,2653.3506446529113,34.51292665593272,8.758797245919741,43.27172390185247,0.10190003141767345,0.10571723689539334,1.0316338171687895,0.12581597895148572,82.31974026746335,203.87472271568203,1790949366130.1003,72743312180252.78
1000.0,-1.28,1.7942980637791622e+17,2297830714868637.5,593410861780717.0,73081891195032.3,2455.18832974745,31.441861688232166,8.11980713795559,39.561668826187756,0.09472861512599322,0.10620929089789134,1.0283943841544498,0.11759785350174054,81.81224542155596,202.78244390564788,1785325606607.0027,73081891195032.3
1000.0,-1.26,1.6634392589791203e+17,2097075956426491.5,551380864672808.0,73508405115140.22,2262.9238879194627,28.52838329360741,7.500922701412853,36.02930599502026,0.08782002306652126,0.10682913995039946,1.0252069573917464,0.10965726709818442,81.26831255401812,201.6676371144711,1779792131603.327,73508405115140.22
1000.0,-1.24,1.5375587282764934e+17,1908320322660245.5,511053931059751.44,74022853940576.75,2077.140567304792,25.780150603112194,6.904001992006545,32.68415259511874,0.08117425523925767,0.10757678405291798,1.0220715368806805,0.1019942197408173,80.69072237426957,200.5098358198539,1774348941119.0762,74022853940576.75
1000.0,-1.22,1.4166564716712798e+17,1731563813569898.5,472430060941546.75,74625237671341.72,1898.3610851738936,23.203461290078675,6.330700922148939,29.534162212227614,0.07479131164420236,0.10845222320544669,1.0189881226212512,0.09460871142963927,80.07361533957831,199.29250162742034,1768996035154.2476,74625237671341.72
1000.0,-1.2,1.300732489163481e+17,1566806429155451.2,435509254318194.4,75315556307435.28,1727.0435922347033,20.803224539161686,5.782460831072693,26.585685370234376,0.0686711922813554,0.10945545740798578,1.0159567146134594,0.0875007421646503,79.39005456968458,198.0266000159924,1763733413708.8438,75315556307435.28
1000.0,-1.18,1.1897867807530955e+17,1414048169416903.0,400291511189694.06,76093809848857.27,1563.5789338401264,18.582959273896027,5.260500321705281,23.843459595601306,0.06281389715071674,0.11058648666053501,1.0129773128573039,0.08067031194585036,78.66991591641941,196.6959870577221,1758561076782.8618,76093809848857.27
1000.0,-1.16,1.0838193464401246e+17,1273289034354255.0,366776831556046.0,76959998295607.84,1408.2892027584398,16.544816301365778,4.76581132638848,21.310627627754258,0.05721942625228642,0.11184531096309464,1.010049917352786,0.07411742077323949,77.9056134317533,195.30439965272575,1753479024376.3047,76959998295607.84
1000.0,-1.14,9.828301862245674e+16,1144529023967505.5,334965215417250.0,77914121647686.86,1261.42753770458,14.689622365799778,4.299159232416176,18.988781598215954,0.0518877795860644,0.11323193031566442,1.0071745280999043,0.06784206864681763,77.06859657336354,193.86552258485608,1748487256489.1697,77914121647686.86
1000.0,-1.12,8.868193001064256e+16,1027768138256657.1,304856662773306.6,78956179905094.44,1123.1790863899255,13.016943569104248,3.8610867843371506,16.8780303534414,0.046818957152050776,0.11474634471824456,1.0043511450986604,0.061844255566584926,76.15660993909442,192.3419474511485,1743585773121.4592,78956179905094.44
1000.0,-1.1,7.957866880856968e+16,923006377221706.8,276451173624214.94,80086173067830.52,993.6630227189031,11.525165229707616,3.4519213871047296,14.977086616812345,0.04201295895024543,0.11638855417083495,1.0015797683490528,0.05612398153254119,75.1717356206555,190.748768636164,1738774574273.1714,80086173067830.52
1000.0,-1.08,7.097323501623822e+16,830243740862656.0,249748747969975.5,81304101135895.11,872.9354857218157,10.21158501555723,3.071785364830919,13.283370380388149,0.0374697849806484,0.11815855867343561,0.9988603978510826,0.050681246544686503,74.09342297022607,189.077253142408,1734053659944.3076,81304101135895.11
1000.0,-1.06,6.2865628633648136e+16,749480229179504.5,224749385810588.2,82609964109288.22,760.9932931393183,9.072516097307407,2.7206086848465123,11.79312478215392,0.03318943524325968,0.12005635822604656,0.9961930336047491,0.04551605060302081,72.91852832518911,187.33541563230924,1729423030134.8667,82609964109288.22
1000.0,-1.04,5.525584966079948e+16,680715842172252.4,201453087146053.06,84003761988009.83,657.7782750811369,8.10339711058909,2.398143635219661,10.50154074580875,0.0291719097380793,0.12208195282866775,0.9935776756100528,0.04062839370754422,71.62543106708908,185.5155707282518,1724882684844.8496,84003761988009.83
1000.0,-1.02,4.8143898097692216e+16,623950579840899.9,179859851976370.1,85485494772059.97,563.1820723043594,7.298905872915782,2.1039809438542947,9.402886816770076,0.025417208465107227,0.12423534248129926,0.9910143238669934,0.036018275858256676,70.21884680474679,183.6104249401674,1720432624074.2559,85485494772059.97
1000.0,-1.0,4.1529773944326376e+16,579184442185446.8,159969680301539.28,87055162461438.62,477.05124854280905,6.653074048790598,1.837566845876583,8.49064089466718,0.02192533142434349,0.12651652718394105,0.9885029783755708,0.03168569705515818,68.65739508691159,181.62583271303114,1716072847823.0852,87055162461438.62
1000.0,-0.98,3.5413477200701936e+16,546417429205893.0,141782572121560.62,88712765056145.78,399.19257593074633,6.15940027187822,1.5982206397447682,7.757620911622989,0.018696278615788074,0.12892550693659308,0.9860436391357852,0.027630657298248734,66.94343851954768,179.53060273618647,1711803356091.3381,88712765056145.78
1000.0,-0.96,2.9795007866818904e+16,525649540902238.75,125298527436434.1,90458302556181.44,329.3783657759215,5.810959591860247,1.385152317650602,7.196111909510848,0.01573005003944098,0.13146228173925537,0.9836363061476368,0.023853156587528335,65.04003914219955,177.36876860533522,1707624148879.0146,90458302556181.44
1000.0,-0.94,2.4674365942677284e+16,516880777274483.94,110517546246159.77,92291774961545.62,267.3517326214403,5.600507493650956,1.1974799086073282,6.7979874022582845,0.01302664569530221,0.13412685159192794,0.981280979411125,0.020353194922996982,62.92225699156229,175.11703358172792,1703535226186.1143,92291774961545.62
1000.0,-0.92,2.005155142827709e+16,520111138322628.5,97439628550737.66,94213182272238.31,212.831696633876,5.520577118600197,1.034246229674911,6.554823348275107,0.010586065583371773,0.1369192164946108,0.9789776589262504,0.017130772304654675,60.54946587327877,172.7812809679937,1699536588012.6375,94213182272238.31
1000.0,-0.9,1.5926564323618276e+16,535340624046672.5,86064774350167.64,96222524488259.52,165.51804692633624,5.5635686851262305,0.8944347990024804,6.45800348412871,0.008408309703649646,0.13983937644730393,0.9767263446930127,0.014185888732501416,,170.34676132277366,1695628234358.584,96222524488259.52
1000.0,-0.88,1.2299404628700878e+16,562569234446615.94,76392983644449.78,98319801609609.22,125.09590568070068,5.721830447546729,0.7769847212240872,6.498815168770816,0.006493378056135847,0.14288733145000732,0.974527036711412,0.011518544206537206,,167.8455998966525,1691810165223.954,98319801609609.22
1000.0,-0.86,9170072343524874.0,601796969522458.8,68424256433584.07,100505013636287.45,91.23994924979552,5.987730837988556,0.680804409232769,6.6685352472213255,0.0048412706408303635,0.146063081502721,0.9723797349814483,0.009128738726762044,,165.26419032674508,1688082380608.7476,100505013636287.45
1000.0,-0.84,6538567468090284.0,653023829274201.1,62158592717570.52,102778160568294.2,63.61825734121332,6.353721701803359,0.6047840550353816,6.95850575683874,0.0034519874577332065,0.14936662660544495,0.9702844395031214,0.007016472293175929,,162.61994404709253,1684444880512.964,102778160568294.2
1000.0,-0.82,4404890002397107.5,716249813701842.9,57595992496409.16,105139242405629.47,41.89577460909359,6.812392759484947,0.5478068053239586,7.360199564808905,0.002325528506844376,0.1527979667581792,0.9682411502764317,0.005181744905778854,,159.9338355633029,1680897664936.6045,105139242405629.47
1000.0,-0.8,2769039946445342.0,791474922805383.5,54736455770099.96,107588259148293.25,25.73738034582995,7.356517607692319,0.5087586341057391,7.865276241798059,0.00146189378816387,0.1563571019609237,0.966249867301379,0.003624556564570843,,157.20043264673427,1677440733879.6685,107588259148293.25
1000.0,-0.78,1631017300234977.2,878699156584824.2,53579982538642.914,110125210796285.53,14.810571425394182,7.979091710528307,0.48653693510523693,8.465628645633544,0.0008610833016916841,0.16004403221367847,0.964310590577963,0.002344907269551866,,154.4474764137446,1674074087342.1555,110125210796285.53
1000.0,-0.76,990822063766012.2,977922515040164.1,54126572802037.99,112750097349606.33,8.787771248602578,8.673362932964054,0.4800578808744326,9.153420813838487,0.0005230970474278171,0.16385875751644352,0.9624233201061841,0.0013427970207219428,,151.6982932927673,1670797725324.0662,112750097349606.33
1000.0,-0.74,848454237038462.0,1089144998171403.8,56376226560285.266,115462918808255.62,7.348283291256944,9.432855235368688,0.4882626140250869,9.921117849393774,0.0004479350253722772,0.1678012778692188,0.9605880558860421,0.0006182258180810673,148.97485718961534,,1667611647825.4,115462918808255.62
1000.0,-0.72,1203913820052311.5,1212366605978542.5,60328943813384.66,118263675172233.45,10.179912118399754,10.25138618610415,0.5101223492803223,10.761508535384474,0.0006355972355250564,0.1718715932720044,0.9588047979175371,0.00017119366162923977,146.29180245947074,,1664515854846.1572,118263675172233.45
1000.0,-0.7,2057200812807581.2,1347587338461581.0,65984724561336.28,121152366441539.78,16.980277589544666,11.123078962818598,0.5446424737660919,11.667721436584689,0.0010860836778861654,0.17606970372480027,0.9570735462006691,1.7005513664596018e-06,143.67168414709812,,1661510346386.338,121152366441539.78
1000.0,-0.68,3408315215304234.0,1494807195620517.5,73343568804139.95,124128992616174.62,27.45784964068188,12.042369507039217,0.5908657377968838,12.633235244836102,0.0017993943524555849,0.18039560922760642,0.9553943007354382,0.00010974648729272734,141.14630970795665,,1658595122445.9424,124128992616174.62
1000.0,-0.66,5257257027542308.0,1654026177455354.8,82405476541795.83,127193553696138.02,41.33273168938855,13.004009475250443,0.6478746300198538,13.651884105270296,0.0027755292592333346,0.18484930978042288,0.9537670615218441,0.0004953314694080426,138.7201038369679,,1655770183024.97,127193553696138.02
1000.0,-0.64,7604026249521795.0,1825244283966091.2,93170447774303.9,130346049681429.88,58.33722056100887,14.003065596748423,0.714793029800409,14.717858626548832,0.004014488398219411,0.18943080538324955,0.9521918285598869,0.0011584554977124054,136.41155070628832,,1653035528123.421,130346049681429.88
1000.0,-0.62,1.0448622881242688e+16,2008461515152727.5,105638482501664.12,133586480572050.28,78.21617005328014,15.034916007607952,0.790787226741015,15.825703234348966,0.005516271769413808,0.19414009603608653,0.9506686018495669,0.002099118572205821,134.22874617653963,,1650391157741.2954,133586480572050.28
1000.0,-0.6,1.3791046922704982e+16,2203677871015263.2,119809580723876.53,136914846367999.19,100.72718400192672,16.09524408399237,0.8750663927405857,16.97031047673296,0.007280879372816526,0.1989771817389338,0.9491973813908838,0.00331732069288828,132.18481701218508,,1647837071878.5935,136914846367999.19
1000.0,-0.58,1.763129837390869e+16,2410893351553698.0,135683742440941.05,140331147069276.58,125.64066311810831,17.18003024918997,0.9668825864721161,18.146912835662086,0.009308311208427572,0.20394206249179128,0.9477781671838374,0.004813061859759788,130.26848993174943,,1645373270535.3145,140331147069276.58
1000.0,-0.56,2.196937723485379e+16,2630107956768031.0,153260967652857.7,143835382675882.5,152.73972805675646,18.285542179108287,1.065530363959296,19.351072543067584,0.011598567276246932,0.20903473829465907,0.9464109592284281,0.006586342072820333,128.47968252797725,,1642999753711.459,143835382675882.5
1000.0,-0.54,2.6805283505540292e+16,2861321686658264.5,172541256359626.5,147427553187816.88,181.82003923914698,19.408323782007383,1.1703460623796405,20.578669844387022,0.014151647576274611,0.21425520914753704,0.9450957575246557,0.008637161332069935,126.83919143284561,,1640716521407.0269,147427553187816.88
1000.0,-0.52,3.2139017185968224e+16,3104534541224398.0,193524608561247.53,151107658605079.88,212.68953197113325,20.545183281134044,1.2807068175612755,21.82589009869532,0.016967552108510624,0.21960347505042543,0.9438325620725205,0.010965519637508594,125.30384029374332,,1638523573622.0186,151107658605079.88
1000.0,-0.5,3.797057827613756e+16,3359746520466430.0,216211024257720.72,154875698927671.3,245.16808343102454,21.69318068443694,1.396029369066439,23.089210053503376,0.02004628087295496,0.225079536003324,0.9426213728720223,0.013571416989136293,123.89375111025646,,1636420910356.4336,154875698927671.3
1000.0,-0.48,4.4299966776048296e+16,3626957624384362.0,240600503449046.06,158731674155591.3,279.08712619401194,22.849614884230103,1.5157687004120275,24.36538358464213,0.02338783386960762,0.23068339200623292,0.9414621899231608,0.016454853386953038,122.57596742190401,,1634408531610.2717,158731674155591.3
1000.0,-0.46,5.112718268570045e+16,3906167852978193.0,266693046135223.53,162675584288839.78,314.28922114655643,24.012010591844987,1.639416555970039,25.651427147815028,0.0269922110984686,0.23641504305915206,0.9403550132259364,0.01961582883095883,121.37560755245538,,1632486437383.5334,162675584288839.78
1000.0,-0.44,5.845222600509401e+16,4197377206247924.5,294488652316253.2,166707429327416.8,350.62760094688184,25.17810527810485,1.7664998704879038,26.944605148592753,0.03085941255953791,0.24227448916208152,0.939299842780349,0.02305434332115367,120.25668509107679,,1630654627676.2188,166707429327416.8
1000.0,-0.42,6.627509673422897e+16,4500585684193554.5,323987321992135.06,170827209271322.3,387.96569362065276,26.345836259874392,1.8965791420121534,28.24241540188655,0.03498943825281553,0.24826173031502122,0.9382966785863984,0.026770396857537557,119.22655304252986,,1628913102488.3271,170827209271322.3
1000.0,-0.4,7.459579487310531e+16,4815793286815083.0,355189055162868.9,175034924120556.3,426.1766344511169,27.513328045882876,2.0292467743079112,29.542574820190787,0.03938228817830147,0.25437676651797114,0.9373455206440849,0.03076398944011049,118.2695353124185,,1627261861819.8591,175034924120556.3
1000.0,-0.38,8.341432042172309e+16,5143000014112513.0,388093851828455.06,179330573875118.84,465.1427730321694,28.678880031321178,2.1641254106436616,30.843005441964838,0.044037962335995745,0.2606195977709314,0.9364463689534083,0.035035121068872487,117.37553624217861,,1625700905670.8145,179330573875118.84
1000.0,-0.36,9.273067338008227e+16,5482205866085840.0,422701711988893.3,183714158535009.94,504.7551811985728,29.84095461015385,2.300866277044946,32.1418208871988,0.048956460725898335,0.266990224073902,0.9355992235143687,0.03958379174382352,116.55595248281568,,1624230234041.1934,183714158535009.94
1000.0,-0.34,1.0254485374818278e+17,5833410842735067.0,459012635644183.5,188185678100229.44,544.9131665246408,30.998165756419244,2.439147549792334,33.43731330621158,0.054137783348009214,0.27348864542688267,0.9348040843269662,0.04441000146496359,115.79181904826348,,1622849846930.9956,188185678100229.44
1000.0,-0.32,1.128568615260248e+17,6196614944060194.0,497026622794326.25,192745132570777.56,585.5237951836882,32.14926811075111,2.5786727590218863,34.72794086977299,0.059581930202328465,0.28011486182987383,0.9340609513912005,0.04951375023229272,115.08053162645757,,1621559744340.2212,192745132570777.56
1000.0,-0.3,1.2366669671360821e+17,6571818170061221.0,536743673439321.0,197392521946654.16,626.501427176808,33.29314659568143,2.719169237750442,36.01231583343187,0.06528890128885603,0.2868688732828752,0.9333698247070719,0.05489503804581091,114.40960549470633,,1620359926268.8704,197392521946654.16
1000.0,-0.28,1.3497435931093302e+17,6959020520738147.0,578163787579168.0,202127846227859.25,667.7672662616515,34.42880657271351,2.8603866234610864,37.2891931961746,0.07125869660759192,0.29375067978588676,0.9327307042745802,0.060553864905518104,113.79443534305125,,1619250392716.9429,202127846227859.25
1000.0,-0.26,1.4677984931799923e+17,7358221996090972.0,621286965213867.0,206951105414392.88,709.2489263301663,35.55536454544218,3.0020954175133303,38.55745996295551,0.07749131615853613,0.3007602813389087,0.9321435900937255,0.0664902308114144,113.21426209541599,,1618231143684.439,206951105414392.88
1000.0,-0.24,1.5908316673480685e+17,7769422596119698.0,666113206343418.1,211862299506255.0,750.8800154890705,36.67203940590815,3.1440856060554174,39.816125011963564,0.08398675994168865,0.30789767794194084,0.9316084821645075,0.07270413576349972,112.6638120550374,,1617302179171.358,211862299506255.0
1000.0,-0.22,1.718843115613559e+17,8192622320824323.0,712642510967821.8,216861428503445.7,792.5997386788626,37.77814421569279,3.2861653447814425,41.064309560474236,0.09074502795704953,0.31516286959498335,0.9311253804869267,0.07919557976177409,112.15691847150903,,1616463499177.7007,216861428503445.7
1000.0,-0.2,1.8518328379764634e+17,8627821170204846.0,760874879087077.4,221948492405964.8,834.3525193175386,38.873078508790876,3.428159708764163,42.301238217555046,0.0977661202046187,0.322555856298036,0.9306942850609828,0.0859645628062375,111.67460454514668,,1615715103703.4668,221948492405964.8
1000.0,-0.18,1.989800834436782e+17,9075019144261270.0,810810310701185.0,227123491213812.47,876.0876401655862,39.95632109986417,3.569909507677891,43.52623060754207,0.10505003668439622,0.330076638051099,0.9303151958866762,0.09301108489688996,111.2245722488021,,1615056992748.6567,227123491213812.47
1000.0,-0.16,2.1327471049945136e+17,9534216242993590.0,862448805810144.5,232386424926988.62,917.75890337165,41.0274233789218,3.7112701659794003,44.7386935449012,0.11259677739638199,0.33772521485417223,0.9299881129640061,0.10033514603373146,110.79406070721623,,1614489166313.2693,232386424926988.62
1000.0,-0.14,2.28067164964966e+17,1.0005412466401814e+16,915790364413956.5,237737293545493.34,959.3243094665042,42.08600307165178,3.8521106670153586,45.938113738667134,0.12040634234057614,0.34550158670725584,0.9297130362929732,0.10793674621676203,110.38369351599549,,1614011624397.306,237737293545493.34
1000.0,-0.12,2.4335744684022208e+17,1.0488607814485934e+16,970834986512620.8,243176097069326.56,1000.7457549203276,43.13173844342011,3.992312559551638,47.12405100297175,0.1284787315169786,0.35340575361034965,0.9294899658735772,0.11581588544598166,110.01433014560048,,1613624367000.7656,243176097069326.56
1000.0,-0.1,2.591455561252196e+17,1.0983802287245956e+16,1027582672106137.2,248702835498488.28,1041.9887477591496,44.16436292425271,4.1317690248544965,48.296131949107206,0.1368139449255894,0.3614377155634537,0.9293189017058183,0.12397256372139032,109.65040160831134,,1613327394123.6492,248702835498488.28
1000.0,-0.08,2.7543149281995843e+17,1.1490995884681876e+16,1086033421194505.8,254317508832978.5,1083.0221406456385,45.18366013182568,4.270384002179542,49.45404413400522,0.1454119825664085,0.3695974725665681,0.9291998437896962,0.132406781042988,109.31080932767235,,1613120705765.9556,254317508832978.5
1000.0,-0.06,2.922152569244387e+17,1.2010188606793694e+16,1146187233777726.0,260020117072797.22,1123.8178807627714,46.189459269535014,4.408071370327207,50.59753063986223,0.15427284443943595,0.3778850246196927,0.9291327921252109,0.14111853741077476,108.99082380137395,,1613004301927.6853,260020117072797.22
1000.0,-0.04,3.0949684843866035e+17,1.2541380453581412e+16,1208044109855799.0,265810660217944.5,1164.3507757924249,47.18163087702516,4.544754182790467,51.72638505981563,0.16339653054467168,0.3863003717228276,0.9291177467123629,0.15010783282475054,108.67652961543068,294.19193087029277,1612978182608.8389,265810660217944.5
1000.0,-0.02,3.272762673626234e+17,1.308457142504503e+16,1271604049428724.0,271689138268420.28,1204.5982752511984,48.160082911072756,4.680363953940696,52.84044686501345,0.17278304088211574,0.39484351387597283,0.9291547075511517,0.1593746672849154,108.38236128144139,293.0634421284297,1613042347809.4158,271689138268420.28
1000.0,0.0,3.45553513696328e+17,1.363976152118455e+16,1336867052496501.0,277655551224224.56,1244.540266429867,49.12475713539605,4.814839993661411,53.93959712905747,0.1824323754517682,0.40351445107912826,0.9292436746415775,0.1689190407912693,108.11258279237913,291.95233783340996,1613196797529.416,277655551224224.56
1000.0,0.02,3.643285874397738e+17,1.4206950741999968e+16,1403833119059130.5,283709899085357.4,1284.158884178241,50.075625798751716,4.9481287878389155,55.023754586590634,0.19234453425362888,0.41231318333229405,0.9293846479836404,0.1787409533438122,107.8472373757018,290.9048981810986,1613441531768.8398,283709899085357.4
1000.0,0.04,3.8360148859296134e+17,1.4786139087491286e+16,1472502249116612.2,289852181851818.7,1323.4383337817003,51.01268858155573,5.080183422146535,56.09287200370226,0.20251951728769804,0.42123971063547005,0.9295776275773402,0.1888404049425442,107.58622425358247,289.8956536516888,1613776550527.687,289852181851818.7
1000.0,0.06,4.0337221715589e+17,1.5377326557658502e+16,1542874442668945.8,296082399523608.5,1362.3647261874023,51.935969792194186,5.210963046609336,57.14693283880353,0.21295732455397537,0.4302940329886563,0.9298226134226768,0.19921739558746523,107.34655834445246,288.89191908867843,1614201853805.9575,296082399523608.5
1000.0,0.08,4.236407731285601e+17,1.5980513152501616e+16,1614949699716131.5,302400552100726.8,1400.9259248556177,52.845515795151904,5.340432378503749,58.18594817365566,0.22365795605246105,0.43947615039185284,0.9301196055196504,0.20987192527857532,107.12016557541892,287.9758527059576,1614717441603.6514,302400552100726.8
1000.0,0.1,4.444071565109717e+17,1.6595698872020632e+16,1688728020258169.5,308806639583173.7,1439.111403533393,53.74139265406164,5.468561241227228,59.20995389528887,0.2346214117831551,0.4487860628450597,0.9304686038682612,0.22080399401587444,106.89830245729951,287.1292743813639,1615323313920.769,308806639583173.7
1000.0,0.12,4.656713673031246e+17,1.7222883716215546e+16,1764209404295059.5,315300661970949.06,1476.91211427279,54.62368397375079,5.595324136863401,60.21900811061419,0.24584769174605742,0.4582237703482768,0.9308696084685087,0.23201360179936262,106.68069882539126,286.27049029046145,1616019470757.3096,315300661970949.06
1000.0,0.14,4.87433405505019e+17,1.7862067685086364e+16,1841393851826802.0,321882619264052.9,1514.320365043253,55.49248892632321,5.720699850265089,61.213188776588304,0.2573367959411681,0.4677892729015041,0.9313226193203934,0.24350074862903984,106.47092860821427,285.43770703341954,1616805912113.274,321882619264052.9
1000.0,0.16,5.096932711166546e+17,1.8513250778633068e+16,1920281362853395.8,328552511462485.2,1551.3297063165273,56.34792044725231,5.844671082578706,62.19259152983101,0.269088724368487,0.47748257050474163,0.9318276364239148,0.2552654345049062,106.28559017593166,284.5909623266407,1617682637988.6611,328552511462485.2
1000.0,0.18,5.324509641380317e+17,1.917643299685568e+16,2000871937374842.2,335310338566246.1,1587.9348260323238,57.19010358837193,5.967224112236959,63.157327700608896,0.2811034770280143,0.4873036631579896,0.9323846597790733,0.2673076594269615,106.10365025842565,283.8710057218793,1618649648383.4722,335310338566246.1
1000.0,0.2,5.5570648456915034e+17,1.985161433975419e+16,2083165575391141.2,342156100575335.56,1624.1314523830783,58.01917401552595,6.088348481550666,64.10752249707662,0.29338105391974995,0.49725255086124787,0.9329936893858688,0.27962742339520585,105.92501787407657,283.1506551965221,1619706943297.7068,342156100575335.56
1000.0,0.22,5.794598324100104e+17,2.053879480732861e+16,2167162276902291.8,349089797489753.44,1659.9162638862822,58.83527663947689,6.208036707133793,65.04331334661069,0.30592145504369395,0.5073292336145163,0.9336547252443012,0.29222472640963926,105.74960515578024,282.4250851172202,1620854522731.3645,349089797489753.44
1000.0,0.24,6.037110076606117e+17,2.1237974399578916e+16,2252862041908295.0,356111429309499.94,1695.2868062426621,59.63856436947095,6.326284012497421,65.96484838196838,0.3187246803998462,0.5175337114177951,0.9343677673543708,0.30509956847026176,105.57732722709102,281.7442683576678,1622092386684.446,356111429309499.94
1000.0,0.26,6.284600103209546e+17,2.194915311650513e+16,2340264870409150.5,363220996034574.9,1730.2414155076315,60.429196979614574,6.443088081247323,66.8722850608619,0.33179072998820686,0.5278659842710841,0.9351328157160771,0.31825194957707326,105.41743776837284,281.0860199547756,1623420535156.9507,363220996034574.9
1000.0,0.28,6.537068403910387e+17,2.2672330958107236e+16,2429370762404858.0,370418497664978.3,1764.7791471317882,61.20734007893154,6.558448829415859,67.7657889083474,0.3451196038087757,0.5383260521743833,0.9359498703294203,0.3316818697300739,105.26846243810864,280.4432611215481,1624838968148.8787,370418497664978.3
1000.0,0.3,6.794514978708644e+17,2.3407507924385244e+16,2520179717895417.0,377703934200710.25,1798.8997104536559,61.97316417664476,6.672368195551292,68.64553237219604,0.35871130186155303,0.5489139151276928,0.9368189311944006,0.3453893289292634,105.12252981622974,279.8316795046014,1626347685660.23,377703934200710.25
1000.0,0.32,7.056939827604314e+17,2.4154684015339156e+16,2612691736880829.0,385077305641770.75,1832.6034082541428,62.72684383485779,6.784849947276199,69.51169378213399,0.37256582414653855,0.5596295731310127,0.9377399983110178,0.3593743271746422,104.97950816051527,279.2234206240644,1627946687691.005,385077305641770.75
1000.0,0.34,7.324342950597399e+17,2.491385923096897e+16,2706906819361093.0,392538611988159.8,1865.8910810074206,63.46855690140477,6.895899503111153,70.36445640451592,0.38668317066373253,0.5704730261843429,0.9387130716792722,0.3736368644662099,104.83927479759116,278.6140136089129,1629635974241.2034,392538611988159.8
1000.0,0.36,7.596724347687894e+17,2.5685033571274664e+16,2802824965336208.0,400087853239877.25,1898.764055486881,64.19848381619052,7.005523768440284,71.2040075846308,0.40106334141313454,0.5814442742876832,0.9397381512991633,0.38817694080396664,104.70171530168042,278.0685179981923,1631415545310.825,400087853239877.25
1000.0,0.38,7.874084018875805e+17,2.6468207036256268e+16,2900446174806176.0,407725029396923.25,1931.2240974076497,64.91680698485959,7.113730984571395,72.03053796943098,0.4157063363947451,0.5925433174410338,0.9408152371706914,0.40299455618791247,104.56672276284351,277.53992435201457,1633285400899.87,407725029396923.25
1000.0,0.4,8.156421964161133e+17,2.7263379625913776e+16,2999770447770996.0,415450140459297.8,1963.2733678086765,65.62371021411366,7.220530589915367,72.84424080402903,0.430612155608564,0.6037701556443948,0.9419443292938565,0.4180897106180473,104.44206597480739,277.04380253036396,1635245541008.3386,415450140459297.8
1000.0,0.42,8.443738183543875e+17,2.8070551340247188e+16,3100797784230669.0,423263186427000.94,1994.9143828978247,66.3193782034442,7.3259330923773955,73.6453112958216,0.4457807990545912,0.6151247888977661,0.9431254276686588,0.4334624040943712,104.32752895962308,276.5571784453472,1637295965636.231,423263186427000.94
1000.0,0.44,8.736032677024028e+17,2.8889722179256492e+16,3203528184185194.0,431164167300032.44,2026.1499771025547,67.00399608846233,7.4299499521164245,74.43394604057876,0.46121226673282667,0.6266072172011475,0.9443585322950978,0.4491126366168841,104.21508781314375,276.0787500094235,1639436674783.5461,431164167300032.44
1000.0,0.46,9.033305444601597e+17,2.9720892142941692e+16,3307961647634570.5,439153083078392.44,2056.983269086848,67.67774903139247,7.532593473889086,75.21034250528156,0.47690655864327053,0.6382174405545391,0.9456436431731737,0.4650404081855861,104.10468573645792,275.60221832179,1641667668450.285,439153083078392.44
1000.0,0.48,9.33555648627658e+17,3.05640612313028e+16,3414098174578799.5,447229933762081.06,2087.4176305119463,68.34082185465336,7.633876708250578,75.97469856290392,0.4928636747859227,0.6499554589579413,0.9469807603028868,0.4812457188004771,103.99626795368727,275.14889549905024,1643988946636.4473,447229933762081.06
1000.0,0.5,9.642785802048975e+17,3.1419229444339804e+16,3521937765017881.0,455394719351098.2,2117.456657334365,68.993398713779,7.733813360937445,76.72721207471643,0.509083615160783,0.6618212724113536,0.9483698836842369,0.4977285684615572,103.88978162343157,274.7033112729775,1646400509342.0332,455394719351098.2
1000.0,0.52,9.954993391918787e+17,3.2286396782052704e+16,3631480418951814.0,463647439845443.8,2147.1041434494427,69.6356628062377,7.832417709806319,77.46808051604403,0.5255663797678519,0.6738148809147761,0.9498110133172237,0.5144889571688264,103.78517575476853,274.27349452777713,1648902356567.042,463647439845443.8
1000.0,0.54,1.0272179255886011e+18,3.3165563244441504e+16,3742726136380599.5,471988095245118.0,2176.364056502601,70.26779611298798,7.929704528748519,78.1975006417365,0.542311968607129,0.6859362844682091,0.9513041492018477,0.5315268849222847,103.68240112754293,273.8575515836833,1651494488311.4746,471988095245118.0
1000.0,0.56,1.0594343393950652e+18,3.405672883150622e+16,3855674917304237.5,480416685550120.56,2205.240515703398,70.88997916987039,8.025689018043037,78.91566818791343,0.5593203816786145,0.6981854830716522,0.9528492913381085,0.548842351721932,103.58141021669587,273.44686065768616,1654176904575.3303,480416685550120.56
1000.0,0.58,1.0921485806112707e+18,3.4959893543246816e+16,3970326761722727.5,488933210760451.8,2233.7377714895265,71.5023908661731,8.12038674065025,79.62277760682335,0.5765916189823084,0.7105624767251056,0.9544464397260064,0.5664353575677681,103.48398921042711,273.05913154992726,1656949605358.6099,488933210760451.8
1000.0,0.6,1.1253606492372173e+18,3.587505737966332e+16,4086681669636069.0,497537670876111.5,2261.860186899166,72.10520826793099,8.213813563985722,80.31902183191671,0.5941256805182105,0.7230672654285694,0.9560955943655413,0.5843059024597934,103.39655473775778,272.6735970896635,1659812590661.3127,497537670876111.5
1000.0,0.62,1.1590705452729055e+18,3.680222034075572e+16,4204739641044263.5,506230065897099.7,2289.6122205205156,72.69860646371887,8.305985606747727,81.0045920704666,0.6119225662863209,0.7356998491820433,0.9577967552567129,0.6024539863980077,103.31077049253844,272.28631712238945,1662765860483.4387,506230065897099.7
1000.0,0.64,1.193278268718335e+18,3.774138242652402e+16,4324500675947309.5,515010395823416.4,2316.998410897086,73.28275843088913,8.396919190404203,81.67967762129334,0.6299822762866396,0.7484602279855276,0.9595499223995219,0.6208796093824113,103.22658200651661,271.90124713873837,1665809414824.9885,515010395823416.4
1000.0,0.66,1.2279838195735058e+18,3.8692543636968216e+16,4445964774345208.0,523878660655061.5,2344.0233622763453,73.8578349203741,8.486630794974436,82.34446571534853,0.6483048105191667,0.761348401839022,0.9613550957939674,0.6395827714130038,103.14393751371978,271.52202241333106,1668943253685.9612,523878660655061.5
1000.0,0.68,1.2631871978384182e+18,3.965570397208831e+16,4569131936237959.0,532834860392035.25,2370.6917315977103,74.42400435833248,8.57513701876826,82.99914137710074,0.6668901689839021,0.7743643707425267,0.9632122754400501,0.6585634724897853,103.06278777084842,271.20233607895074,1672167377066.3577,532834860392035.25
1000.0,0.7,1.2988884035130716e+18,4.06308634318843e+16,4694002161625560.0,541878995034337.4,2397.008216623648,74.98143276306482,8.662454541771108,83.64388730483593,0.6857383516808456,0.7875081346960416,0.9651214613377695,0.6778217126127557,102.98308589243004,270.88650369185586,1675481784966.1772,541878995034337.4
1000.0,0.72,1.335087436597467e+18,4.16180220163562e+16,4820575450508015.0,551011064581968.1,2422.9775451248856,75.53028367575571,8.748600092386908,84.27888376814262,0.7048493586099976,0.8007796936995669,0.9670826534871261,0.6973574917819154,102.90478719930883,270.5711667955146,1678886477385.4204,551011064581968.1
1000.0,0.74,1.3717842970916037e+18,4.2617179725504e+16,4948851802885322.0,560231069034927.5,2448.604465037408,76.07071810372416,8.833590417272603,84.90430852099676,0.7242231897713581,0.8141790477531027,0.9690958518881198,0.7171708099972641,102.82784907920167,269.956275483028,1682381454324.0872,560231069034927.5
1000.0,0.76,1.4089789849954813e+18,4.36283365593277e+16,5078831218757480.0,569539008393215.1,2473.893735515143,76.60289447497559,8.917442254018546,85.52033672899414,0.7438598451649266,0.8277061968566484,0.9711610565407504,0.7372616672588018,102.75223085818924,270.3218878530536,1685966715782.1772,569539008393215.1
1000.0,0.78,1.446671500309101e+18,4.465149251782728e+16,5210513698124493.0,578934882656831.4,2498.8501188079695,77.12696860295225,9.00017230644758,86.12714090939984,0.7637593247907039,0.8413611410102044,0.9732782674450179,0.7576300635665286,102.6778936821315,270.18166289164685,1689642261759.691,578934882656831.4
1000.0,0.8,1.4848618430324616e+18,4.568664760100278e+16,5343899240986356.0,588418691825776.2,2523.4783729000087,77.64309366047476,9.08179722232315,86.72489088279791,0.783921628648689,0.855143880213771,0.9754474846009225,0.7782759989204444,102.60480040710384,269.42933468375963,1693408092256.628,588418691825776.2
1000.0,0.82,1.5235500131655634e+18,4.673380180885417e+16,5478987847343071.0,597990435900049.5,2547.7832448481095,78.15142016195296,9.162333573272818,87.31375373522579,0.8043467567388825,0.8690544144673477,0.9776687080084635,0.7991994733205492,102.53291549804351,269.1467711054952,1697264207272.9875,597990435900049.5
1000.0,0.84,1.5627360107084068e+18,4.779295514138146e+16,5615779517194638.0,607650114879651.2,2571.7694647649596,78.65209595302576,9.241797836748335,87.8938937897741,0.8250347090612843,0.8830927437709345,0.979941937667642,0.8204004867668431,102.46684716169142,268.8482551770484,1701210606808.7715,607650114879651.2
1000.0,0.86,1.602419835660992e+18,4.8864107598584664e+16,5754274250541059.0,617397728764581.6,2595.441740395528,79.14526620686179,9.320206379857298,88.46547258671909,0.8459854856158947,0.8972588681245318,0.9822671735784573,0.8418790392593261,102.4058377660796,268.53240365718835,1705247290863.9785,617397728764581.6
1000.0,0.88,1.6426014880233185e+18,4.994725918046374e+16,5894472047382331.0,627233277554840.6,2618.8047522394118,79.63107342642024,9.397575444914052,89.0286488713343,0.8671990864027134,0.9115527875281395,0.9846444157409097,0.863635130797998,102.34582344788068,268.25566148401833,1709374259438.6091,627233277554840.6
1000.0,0.9,1.6832809677953864e+18,5.1042409887018744e+16,6036372907718455.0,637156761250427.9,2641.863149175294,80.1096574520333,9.47392113656928,89.58357858860259,0.8886755114217404,0.9259745019817571,0.9870736641549989,0.8856687613828591,102.28678006606181,267.9851192831692,1713591512532.6628,637156761250427.9
1000.0,0.92,1.7244582749771955e+18,5.214955971824964e+16,6179976831549432.0,647168179851343.8,2664.6215445470575,80.58115547372637,9.549259410388485,90.13041488411486,0.9104147606729756,0.9405240114853852,0.9895549188207252,0.9079799310139092,102.22868425393469,267.71530435146434,1717899050146.1404,647168179851343.8
1000.0,0.94,1.7661334095687462e+18,5.326870867415642e+16,6325283818875260.0,657267533357588.1,2687.084512674197,81.04570204774657,9.623606062759794,90.66930811050636,0.9324168341564192,0.9552013160390235,0.9920881797380885,0.9305686396911483,102.17151338837013,267.45507191463565,1722296872279.0413,657267533357588.1
1000.0,0.96,1.8083063715700383e+18,5.43998567547391e+16,6472293869695941.0,667454821769161.0,2709.256585752017,81.50342911681486,9.696976722020567,91.20040583883542,0.9546817318720711,0.9700064156426721,0.9946734469070886,0.9534348874145765,102.11524556046878,267.2326662961722,1726784978931.3652,667454821769161.0
1000.0,0.98,1.850977160981072e+18,5.5543003959997704e+16,6621006984011474.0,677730045086062.4,2731.142251109766,81.95446603366169,9.769386840701001,91.72385287436269,0.9772094538199314,0.9849393102963309,0.9973107203277258,0.9765786741841938,102.0598595476084,267.01340411414753,1731363370103.113,677730045086062.4
1000.0,1.0,1.8941457778018468e+18,5.669815028993219e+16,6771423161821860.0,688093203308292.2,2752.7459487972833,82.39893958744604,9.840851688790773,92.2397912762368,1.0,1.0,1.0,1.0,102.00533478679303,266.79722578614115,1736032045794.2842,688093203308292.2
1000.0,1.02,1.937812222032363e+18,5.7865295744542584e+16,6923542403127096.0,698544296435850.9,2774.072069473002,82.83697403269329,9.911386347942077,92.74836038063538,1.0230533704122768,1.0151884847536796,1.0027412859239109,1.0236988648619956,101.95165134923386,266.5840729721475,1740791006004.8784,698544296435850.9
1000.0,1.04,1.9819764936726205e+18,5.904444032382886e+16,7077364707927186.0,709083324468737.9,2795.124952568254,83.26869112042138,9.981005706529224,93.2496968269506,1.046369565056762,1.0305047645573695,1.0055345780994591,1.0476752687701798,101.8987899160958,266.3699560022059,1745640250734.8965,709083324468737.9
1000.0,1.06,2.0266385927226194e+18,6.023558402779106e+16,7232890076222128.0,719710287406953.1,2815.9088847047096,83.69421013115439,10.04972445549102,93.74393458664541,1.0699485839334555,1.0459488394110692,1.008379876526644,1.0719292117245534,101.84673175534819,266.15506420616134,1750579779984.3376,719710287406953.1
1000.0,1.08,2.0717985191823606e+18,6.143872685642915e+16,7390118508011922.0,730425185250497.1,2836.4280983436292,84.11364790955137,10.11755708488817,94.23120499443954,1.0937904270423575,1.0615207093147794,1.0112771812054662,1.096460693725116,101.79545869966124,265.94167517492673,1755609593753.2024,730425185250497.1
1000.0,1.1,2.117456273051842e+18,6.265386880974314e+16,7549050003296568.0,741228017999369.8,2856.686770647197,84.52711890040348,10.184517881113052,94.71163678151653,1.1178950943834676,1.0772203742685003,1.014226492135925,1.1212697147718673,101.74495312529363,265.72973500591564,1760729692041.4905,741228017999369.8
1000.0,1.12,2.1636118543310653e+18,6.388100988773303e+16,7709684562076066.0,752118785653570.9,2876.689022533781,84.93473518577542,10.250620924694173,95.1853561104696,1.142262585956786,1.0930478342722312,1.0172278093180211,1.1463562748648082,101.69519793191981,265.5191923696852,1765940074849.2021,752118785653570.9
1000.0,1.14,2.210265263020029e+18,6.512015009039878e+16,7872022184350412.0,763097488213099.9,2896.438917910313,85.33660652308892,10.315880088642224,95.65248661173115,1.1668929017623122,1.1090030893259715,1.0202811327517536,1.1717203740039375,101.64617652334867,265.32999202718514,1771240742176.3364,763097488213099.9
1000.0,1.16,2.2574164991187364e+18,6.637128941774049e+16,8036062870119618.0,774164125677958.2,2915.9404630663435,85.73284038396535,10.380309037288704,96.11314942125406,1.191786041800048,1.1250861394297234,1.0233864624371238,1.1973620121892559,101.59787278908783,265.1449967358624,1776631694022.8953,774164125677958.2
1000.0,1.18,2.3050655626271823e+18,6.763442786975805e+16,8201806619383670.0,785318698048144.5,2935.1976062154945,86.1235419936629,10.443921225572108,96.567463219235,1.2169420060699907,1.1412969845834846,1.0265437983741303,1.2232811894207638,101.55027108671082,264.9621989061152,1782112930388.8767,785318698048144.5
1000.0,1.2,2.3532124535453727e+18,6.890956544645156e+16,8369253432142580.0,796561205323660.0,2954.2142371711557,86.50881437095862,10.506729898730095,97.01554426968872,1.2423607945721433,1.157635624787257,1.0297531405627747,1.2494779056984604,101.50335622498649,264.7815624442083,1787684451274.2827,796561205323660.0
1000.0,1.22,2.401857171873302e+18,7.019670214782091e+16,8538403308396336.0,807891647504503.1,2972.9941871442784,86.88875836834251,10.568748092359431,97.45750646070194,1.2680424073065029,1.1741020600410386,1.033014489003055,1.2759521610223463,101.46166794597225,264.60305194370915,1793346256679.1106,807891647504503.1
1000.0,1.24,2.450999717610974e+18,7.149583797386623e+16,8709256248144949.0,819310024590675.5,2991.541228652103,87.2634727124025,10.62998863280852,97.89346134521102,1.2939868442730715,1.1906962903448315,1.036327843694973,1.3027039553924211,101.42096239151253,264.42746246202984,1799098346603.363,819310024590675.5
1000.0,1.26,2.5006400907583867e+18,7.280697292458738e+16,8881812251388410.0,830816336582175.9,3009.8590755275177,87.63305404429305,10.690464137870153,98.3235181821632,1.3201941054718478,1.2074183156986338,1.0396932046385274,1.3297332888086852,101.3808695592548,264.2547555676901,1804940721047.038,830816336582175.9
1000.0,1.28,2.550778291315543e+18,7.413010699998448e+16,9056071318126728.0,842410583479005.2,3027.9513830195297,87.99759696019058,10.750187017744686,98.74778397793526,1.3466641909028338,1.2242681361024472,1.0431105718337195,1.3570401612711385,101.34137487967563,264.083583317103,1810873380010.1377,842410583479005.2
1000.0,1.3,2.6014143192824376e+18,7.546524020005744e+16,9232033448359894.0,854092765281162.5,3045.821747976131,88.3571940516493,10.809169476246248,99.16636352789556,1.3733971005660266,1.24124575155627,1.0465799452805478,1.3846245727797801,101.30246426895681,263.9138913993324,1816896323492.6592,854092765281162.5
1000.0,1.32,2.652548174659076e+18,7.681237252480635e+16,9409698642087916.0,865862881988649.0,3063.4737091014945,88.711935945781,10.867423512226814,99.5793594580078,1.400392834461429,1.258351162060104,1.0501013249790137,1.4124865233346113,101.26412410786534,263.7456281239972,1823009551494.6055,865862881988649.0
1000.0,1.34,2.704179857445454e+18,7.81715039742311e+16,9589066899310784.0,877720933601463.5,3080.9107472800792,89.06191134519018,10.924960921195005,99.98687226638519,1.4276513925890384,1.2755843676139478,1.0536747109291158,1.4406260129356312,101.2263412217707,263.57874426499365,1829213064015.9739,877720933601463.5
1000.0,1.36,2.756309367641575e+18,7.95426345483318e+16,9770138220028512.0,889666920119607.0,3098.1362859608357,89.40720706760467,10.98179329710833,100.389000364713,1.4551727749488572,1.2929453682178023,1.0573001031308555,1.4690430415828406,101.1891028617268,263.42139727535135,1835506861056.7668,889666920119607.0
1000.0,1.38,2.808936705247436e+18,8.092576424710835e+16,9952912604241084.0,901700841543078.2,3115.153691595219,89.74790808514751,11.037932034319377,100.7858401194669,1.4829569815408836,1.3104341638716661,1.0609775015842318,1.4977376092762384,101.15239668655087,263.27304778896286,1841890942616.9824,901700841543078.2
1000.0,1.4,2.8620618702630385e+18,8.232089307056085e+16,1.0137390051948514e+16,913822697871878.5,3131.966274123244,90.08409756320428,11.093388329658032,101.17748589286231,1.5110040123651183,1.3280507545755407,1.0647069062892454,1.5267097160158256,101.11621074583678,263.1263543501316,1848365308696.6218,913822697871878.5
1000.0,1.42,2.915684862688383e+18,8.372802101868922e+16,1.0323570563150794e+16,926032489106007.1,3148.5772875022867,90.41585689884417,11.148173184633276,101.56403008347745,1.5393138674215618,1.3457951403294255,1.068488317245896,1.555959361801602,101.08053346384452,262.9813002110875,1854929959295.685,926032489106007.1
1000.0,1.44,2.969805682523469e+18,8.51471480914935e+16,1.0511454137847926e+16,938330215245464.4,3164.989930273722,90.74326575875985,11.202297407739515,101.94556316649935,1.5678865467102134,1.3636673211333208,1.0723217344541829,1.5854865466335677,101.04535362421235,262.8378684179603,1861584894414.1704,938330215245464.4
1000.0,1.46,3.024424329768296e+18,8.657827428897366e+16,1.070104077603991e+16,950715876290250.0,3181.2073461629566,91.06640211669469,11.255771616853616,102.3221737335483,1.5967220502310733,1.3816672969872261,1.0762071579141075,1.6152912705117217,101.01066035544129,262.69604184280934,1868330114052.08,950715876290250.0
1000.0,1.48,3.079540804422865e+18,8.802139961112974e+16,1.0892330477726748e+16,963189472240364.2,3197.232624708718,91.38534229033182,11.308606241710004,102.69394853204183,1.6258203779841418,1.399795067891142,1.0801445876256688,1.6453735334360655,100.97644311710536,262.55580321344405,1875165618209.4133,963189472240364.2
1000.0,1.5,3.1351551064871747e+18,8.947652405796173e+16,1.1085323242908436e+16,975751003095807.0,3213.0688019178397,91.70016097762209,11.360811526442255,103.06097250406434,1.6551815299694184,1.4180506338450678,1.084134023588867,1.6757333354065977,100.94269168674467,262.41991151652337,1882091406886.1694,975751003095807.0
1000.0,1.52,3.191267235961227e+18,9.094364762946962e+16,1.128001907158498e+16,988400468856578.2,3228.7188609420778,92.01093129253259,11.412397532180618,103.4233288247132,1.6848055061869036,1.4364339948490041,1.0881754658037026,1.7063706764233195,100.9093961474006,262.28724074038956,1889107480082.3499,988400468856578.2
1000.0,1.54,3.247877192845019e+18,9.242277032565338e+16,1.1476417963756372e+16,1001137869522678.0,3244.185732773789,92.31772480020025,11.463374139695757,103.78109893989601,1.7146923066365967,1.4549451509029507,1.0922689142701747,1.7372855564862297,100.87654687575595,262.1558610442692,1896213837797.953,1001137869522678.0
1000.0,1.56,3.3049849771385533e+18,9.391389214651304e+16,1.1674519919422616e+16,1013963205094106.4,3259.472296957577,92.62061155147819,11.513751052079941,104.13436260355813,1.7448419313184982,1.4735841020069076,1.0964143689882837,1.7684779755953297,100.84413453084476,262.0257495636537,1903410480032.9795,1013963205094106.4
1000.0,1.58,3.362590588841829e+18,9.541701309204862e+16,1.1874324938583716e+16,1026876475570863.1,3274.5813823152303,92.9196601168648,11.563537797457595,104.48319791432239,1.7752543802326082,1.4923508481608747,1.10061182995803,1.7999479337506186,100.81215004329931,261.8968840732885,1910697406787.4297,1026876475570863.1
1000.0,1.6,3.420694027954846e+18,9.69321331622601e+16,1.2075833021239666e+16,1039877680952948.5,3289.515767681548,93.21493761980838,11.612743731717869,104.82768135152625,1.8059296533789264,1.511245389364852,1.104861297179413,1.831695430952096,100.78058460510381,261.769242962384,1918074618061.3027,1039877680952948.5
1000.0,1.62,3.479295294477605e+18,9.845925235714746e+16,1.2279044167390468e+16,1052966821240362.4,3304.278182648816,93.50650976938238,11.661378041262623,105.167887810645,1.8368677507574531,1.53026772561884,1.1091627706524332,1.8637204671997631,100.7494296598262,261.6428052110372,1925542113854.5999,1052966821240362.4
1000.0,1.64,3.538394388410103e+18,9.99983706767107e+16,1.2483958377036116e+16,1066143896433104.1,3318.8713083179214,93.79444089232767,11.709449745763685,105.50389063809136,1.868068672368187,1.549417856922837,1.11351625037709,1.8960230424936186,100.71867689330159,261.5175503677945,1933099894167.3198,1066143896433104.1
1000.0,1.66,3.5979913097523456e+18,1.015494881209499e+17,1.2690575650176628e+16,1079408906531175.5,3333.29777805426,94.07879396446036,11.756967700923912,105.83576166538427,1.899532418211131,1.568695783276846,1.1179217363533844,1.928603156833663,100.68831822474233,261.39976600302145,1940747958999.4644,1079408906531175.5
1000.0,1.68,3.6580860585043277e+18,1.0311260468986496e+17,1.2898895986811982e+16,1092761851534574.5,3347.560178246749,94.35963064144588,11.803940601237091,106.16357124268296,1.9312589882862823,1.588101504680864,1.1223792285813148,1.9614608102198974,100.6583457982514,261.28414837844207,1948486308351.0305,1092761851534574.5
1000.0,1.7,3.7186786346660526e+18,1.0468772038345594e+17,1.3108919386942196e+16,1106202731443302.8,3361.661049068427,94.63701128893985,11.850376982742137,106.48738827168198,1.9632483825936424,1.607635021134893,1.1268887270608834,1.9945960026523206,100.62875197471739,261.1696432701262,1956314942222.0222,1106202731443302.8
1000.0,1.72,3.779769038237518e+18,1.062748352017228e+17,1.3320645850567256e+16,1119731546257358.8,3375.602885237259,94.91099501209965,11.896285225767537,106.80728023786718,1.9955006011332106,1.6272963326389316,1.1314502317920878,2.0280087341309323,100.59952932407046,261.0562319789701,1964233860612.435,1119731546257358.8
1000.0,1.74,3.841357269218725e+18,1.0787394914466557e+17,1.3534075377687174e+16,1133348295976744.0,3389.3881367758713,95.18163968446918,11.941673557662357,107.12331324213152,2.028015643904987,1.6470854391929814,1.13606374277493,2.0616990046557335,100.5706706178802,260.9438962890626,1972243063522.2734,1133348295976744.0
1000.0,1.76,3.903443327609672e+18,1.0948506221228421e+17,1.3749207968301938e+16,1147052980601457.0,3403.0192097691097,95.44900197624328,11.986550055510552,107.43555203175383,2.0607935109089714,1.6670023407970405,1.1407292600094083,2.0956668142267234,100.54216882227739,260.83261845045337,1980342550951.5332,1147052980601457.0
1000.0,1.78,3.9660272134103634e+18,1.1110817440457882e+17,1.3966043622411564e+16,1160845600131499.5,3416.4984671183624,95.7131373819159,12.030922648825566,107.74406003074147,2.0938342021451652,1.687047037451111,1.1454467834955249,2.129912162843903,100.51401709118265,260.72238116270023,1988532322900.2185,1160845600131499.5
1000.0,1.8,4.029108926620793e+18,1.1274328572154925e+17,1.4184582340016028e+16,1174726154566869.2,3429.828229291751,95.97410024731984,12.074799122222656,108.0488993695425,2.1271377176135657,1.7072195291551902,1.150216313233277,2.164435050507271,100.487893419823,260.61316755915186,1996812379368.325,1174726154566869.2
1000.0,1.82,4.0926884672409667e+18,1.1439039616319566e+17,1.440482412111536e+16,1188694643907569.0,3443.010775069335,96.23194379606414,12.11818711806651,108.35013091413066,2.1607040573141765,1.7275198159092817,1.1550378492226676,2.199235477216828,100.46378056039738,260.50496119192763,2005182720355.8574,1188694643907569.0
1000.0,1.84,4.15676583527088e+18,1.1604950572951789e+17,1.4626768965709532e+16,1202751068153595.8,3456.048342282616,96.48672015537794,12.161094139092164,108.6478142944701,2.1945332212469943,1.7479478977133813,1.1599113914636938,2.2343134429725744,100.43996171298167,260.4038002444022,2013643345862.811,1202751068153595.8
1000.0,1.86,4.221341030710536e+18,1.1772061442051608e+17,1.4850416873798562e+16,1216895427304952.5,3468.943128547621,96.7384803813676,12.203527550997253,108.94200793236485,2.228625209412021,1.7685037745674934,1.1648369399563578,2.26966894777451,100.41643152938073,260.30389150566407,2022194255889.1897,1216895427304952.5
1000.0,1.88,4.2864140535599324e+18,1.1940372223619013e+17,1.5075767845382438e+16,1231127721361636.5,3481.6972919910586,96.98727448369753,12.245494585004167,109.23276906870169,2.2629800218092555,1.789187446471614,1.169814494700658,2.305301991622634,100.39318479042589,260.204926764846,2030835450434.99,1231127721361636.5
1000.0,1.9,4.3519849038190705e+18,1.2109882917654008e+17,1.5302821880461172e+16,1245447950323649.5,3494.3129519689182,97.2331514497018,12.287002340390451,109.52015379009224,2.2975976584386983,1.8099989134257455,1.1748440556965956,2.341212574516948,100.37021640210405,260.1068909489908,2039566929500.2148,1245447950323649.5
1000.0,1.92,4.418053581487949e+18,1.2280593524156594e+17,1.5531578979034752e+16,1259856114190990.5,3506.7921897771453,97.47615926793758,12.328057786986466,109.80421705492404,2.332478119300349,1.8309381754298863,1.17992562294417,2.3774006964574497,100.34752139182542,260.00976934598907,2048388693084.8625,1259856114190990.5
1000.0,1.94,4.4846200865665705e+18,1.245250404312677e+17,1.5762039141103192e+16,1274352212963660.8,3519.137049353916,97.71634495118865,12.368667767639103,110.08501271882774,2.3676214043942094,1.8520052324840388,1.1850591964433814,2.4138663574441415,100.32509490482423,259.91354759276214,2057300741188.934,1274352212963660.8
1000.0,1.96,4.551684419054933e+18,1.2625614474564536e+17,1.599420236666648e+16,1288936246641659.5,3531.3495379731985,97.95375455892983,12.408839000640711,110.36259355957054,2.4030275137202777,1.8732000845882013,1.19024477619423,2.450609557477022,100.30293220068667,259.8182116639351,2066303073812.4292,1288936246641659.5
1000.0,1.98,4.619246578953037e+18,1.2799924818469893e+17,1.622806865572462e+16,1303608215224986.5,3543.431626929271,98.18843321926124,12.448578082122516,110.63701130138377,2.438696447278554,1.8945227317423738,1.1954823621967157,2.487630296556092,100.28102865000116,259.72374786097737,2075395690955.3477,1303608215224986.5
1000.0,2.0,4.687306566260882e+18,1.297543507484284e+17,1.6463638008277616e+16,1318368118713642.2,3555.385252211939,98.42042515032317,12.487891488411835,110.908316638735,2.4746282050690387,1.915973173946557,1.2007719544508382,2.52492857468135,100.25937973112578,259.6301428017864,2084578592617.6897,1318368118713642.2
4000.0,-2.0,2.4837570232158464e+17,4570946641468412.0,898205246356172.8,34629257865253.906,7172.423483288053,131.99666765180032,25.937756155537148,157.93442380733748,0.5181502287169967,0.17229804093151393,1.176258562098314,0.5882999687916667,90.3913822982539,224.2669440290094,613459334053.2527,34629257865253.906
4000.0,-1.98,2.4053218612725338e+17,4405996999436547.0,869515145896456.8,33826888088341.43,7110.680281883622,130.2513251567794,25.704851821593916,155.95617697837332,0.5017874377030183,0.16830584620407832,1.1712125568493168,0.5703679767253048,90.28696537264341,223.94594468738487,610827668601.9451,33826888088341.43
4000.0,-1.96,2.328146209378317e+17,4244174483462919.5,841298766328575.2,33050174762243.53,7044.278059424932,128.4160980689112,25.45519872075453,153.87129678966573,0.48568740001551675,0.1644413052724534,1.1662185106361367,0.552713523705132,90.17773453977972,223.6100361724414,608223101576.5596,33050174762243.53
4000.0,-1.94,2.252230067533196e+17,4085479093547529.0,813556107652528.2,32299117886960.17,6973.038939996774,126.48887526420411,25.18818348227949,151.6770587464836,0.46985011565449214,0.160704418136639,1.1612764234587734,0.5353366097311483,90.06333264419501,223.25985146769247,605645632977.0961,32299117886960.17
4000.0,-1.92,2.177573435737171e+17,3929910829690374.5,786287169868315.5,31573717462491.38,6896.79141622795,124.46778984321341,24.903218026271404,149.37100786948483,0.4542755846199444,0.15709518479663523,1.1563862953172264,0.5182372348033536,89.94336505057468,222.8956071982014,603095262803.5544,31573717462491.38
4000.0,-1.9,2.1041763139902422e+17,3777469691891458.0,759491952975937.2,30873973488837.164,6815.372549150601,122.35126435077251,24.5997475268462,146.9510118776187,0.43896380691187376,0.1536136052524422,1.1515481262114966,0.5014153989217479,89.81739447834427,222.51578080441385,600571991055.9352,30873973488837.164
4000.0,-1.88,2.0320387022924096e+17,3628155680150779.0,733170456975393.5,30199885965997.504,6728.630381519692,120.13805893955272,24.277259119484125,144.41531805903685,0.42391478253028003,0.15025967950405972,1.146761916141583,0.48487110208633133,89.68493494494854,222.15899631004126,598075817734.2375,30199885965997.504
4000.0,-1.86,1.961160600643673e+17,3481968794468338.0,707322681866684.5,29551454893972.42,6636.4265572714285,117.82732210516482,23.935291321678932,141.76261342684376,0.40912851147516327,0.147033407551488,1.1420276651074868,0.4686043442971038,89.54544463143739,221.7844625054694,595606742838.4624,29551454893972.42
4000.0,-1.84,1.891542009044032e+17,3338909034844133.0,681948627649809.5,28928680272761.88,6538.639133237732,115.41864348329501,23.573444112205348,138.99208759550038,0.3946049937465234,0.14393478939472676,1.1373453731092058,0.4526151255540653,89.41221471236598,221.3942961404732,593164766368.6084,28928680272761.88
4000.0,-1.82,1.8231829274934867e+17,3198976401278164.5,657048294324769.1,28331562102365.918,6435.165561666068,112.9121080482542,23.191389587018225,136.10349763527242,0.3803442293443604,0.14096382503377627,1.1327150401467427,0.43690344585721586,89.2781386129705,220.99769131925737,590749888324.6771,28331562102365.918
4000.0,-1.8,1.7560833559920374e+17,3062170893770433.0,632621681891563.0,27760100382784.504,6325.925813586312,110.30835089016631,22.788883079251576,133.09723396941789,0.36634621826867436,0.13812051446863632,1.1281366662200956,0.42146930520655546,89.13641911529264,220.57950264721512,588362108706.6674,27760100382784.504
4000.0,-1.78,1.690243294539684e+17,2928492512320939.5,608668790350191.5,27214295114017.664,6210.865603750529,107.60861157901232,22.365774597508334,129.97438617652065,0.3526109605194652,0.13540485769930707,1.1236102513292658,0.4063127036020841,88.9863808388148,220.15465329400354,586001427514.5801,27214295114017.664
4000.0,-1.76,1.6256627431364266e+17,2797941256929682.0,585189619700654.2,26694146296065.36,6089.9596679592805,104.81478695357606,21.92202040141323,126.73680735498928,0.33913845609673304,0.13281685472578833,1.1191357954742518,0.3914336410438018,88.82726617093374,219.70980199826306,583667844748.4143,26694146296065.36
4000.0,-1.74,1.5623417017822656e+17,2670517127596663.0,562184169942951.6,26199653928927.65,5963.215033375871,101.92948100921603,21.45769449733956,123.3871755065556,0.32592870500047794,0.13035650554808037,1.1147132986550552,0.37683211753170853,88.65822232866225,219.25322800941677,581361360408.1709,26199653928927.65
4000.0,-1.72,1.5002801704772e+17,2546220124321879.5,539652441077083.4,25730818012604.484,5830.674212309432,98.95605040906938,20.972999801744724,119.9290502108141,0.3129817072306996,0.12802381016618294,1.1103427608716747,0.3625081330658043,88.48075535713855,218.781859459478,579081974493.8492,25730818012604.484
4000.0,-1.7,1.4394781492212304e+17,2425050247105334.0,517594433103049.56,25287638547095.9,5692.418240399691,95.8986440188514,20.46827868640552,116.36692270525691,0.3002974627873983,0.12581876858009625,1.1060241821241117,0.34846168764608915,88.31106519209206,218.28515989642315,576829687005.45,25287638547095.9
4000.0,-1.68,1.3799356380143568e+17,2307007495947025.0,496010146020850.0,24870115532401.855,5548.569471728096,92.76223477696983,19.944022591074283,112.70625736804412,0.2878759716705738,0.12374138078982008,1.1017575624123643,0.334692781272563,88.13043628416645,217.75942096619897,574604497942.9722,24870115532401.855
4000.0,-1.66,1.3216526368565794e+17,2192091870846953.5,474899579830485.06,24478248968522.39,5399.294036743184,89.5526421708455,19.400880366940395,108.95352253778589,0.2757172338802264,0.12179164679535463,1.0975429017364344,0.32120141394522567,87.93770053714968,217.23914843743523,572406407306.4169,24478248968522.39
4000.0,-1.64,1.2646291457478974e+17,2080303371805119.5,454262734531954.5,24112038855457.473,5244.803864695431,86.27654360859938,18.83966500116756,105.11620860976694,0.2638212494163558,0.11996956659669973,1.0933802000963202,0.3079875856640778,87.73150971454334,216.7271740745169,570235415095.783,24112038855457.473
4000.0,-1.62,1.2088651646883125e+17,1971641998821523.2,434099610125258.7,23771485193207.14,5085.358171199811,82.94147306306856,18.261358371049763,101.20283143411832,0.25218801827896237,0.11827514019385557,1.089269457492024,0.2950512964291189,87.51029837457587,216.1848901594496,568091521311.0718,23771485193207.14
4000.0,-1.6,1.1543606936778227e+17,1866107751896163.5,414410206610397.06,23456587981771.355,4921.2643142084535,79.5558055308964,17.667113688164903,97.2229192190613,0.2408175404680457,0.11670836758682199,1.0852106739235439,0.28239254624034904,87.30319825246718,215.60626863449912,565974725952.2822,23456587981771.355
4000.0,-1.58,1.1011157327164288e+17,1763700631029040.0,395194523987369.75,23167347221150.137,4752.877928601116,76.12872609855422,17.058255320081933,93.18698141863615,0.22970981598360596,0.11526924877559903,1.0812038493908802,0.27001133509776815,87.08137563331546,215.01199155801322,563885029019.4147,23167347221150.137
4000.0,-1.56,1.0491302818041309e+17,1664420636220154.0,376452562256177.0,22903762911343.477,4580.602261144309,72.67018274083782,16.43627572086561,89.10645846170343,0.21886484482564317,0.11395778376018671,1.0772489838940336,0.2579076630013762,86.84143996759661,214.38762760541178,561822430512.4692,22903762911343.477
4000.0,-1.54,9.98404340940929e+16,1568267767469505.5,358184321416818.6,22665835052351.38,4404.886643862492,69.19082239181881,15.802829262170079,84.99365165398888,0.20828262699415734,0.11277397254058501,1.073346077433003,0.2460815299511734,86.58104988604248,213.75668436798676,559786930431.4456,22665835052351.38
4000.0,-1.52,9.48937910126823e+16,1475242024777093.5,340389801469294.7,22453563644173.855,4226.224064762428,65.70191031390611,15.159722833467347,80.86163314737345,0.19796316248914844,0.111717815116794,1.0694951300077895,0.23453293594715965,86.32336557704542,213.09824324812013,557778528776.3441,22453563644173.855
4000.0,-1.5,9.00730989361813e+16,1385343408142919.0,323069002413605.25,22266948686810.887,4045.147819895647,62.21523333205877,14.508903171136547,76.72413650319533,0.18790645131061645,0.11078931148881359,1.0656961416183923,0.22326188098933497,86.05512318822483,212.40616369661802,555797225547.1644,22266948686810.887
4000.0,-1.48,8.537835786458987e+16,1298571917566981.2,306221924249750.1,22105990180262.477,3862.227259144477,58.742988075984144,13.852440978787868,72.59542905477201,0.1781124934585614,0.10998846165664379,1.0619491122648124,0.21226836507769933,85.76339413271268,211.69258269041538,553843020743.907,22105990180262.477
4000.0,-1.46,8.080956779790806e+16,1214927553049280.5,289848566977729.56,21970688124528.625,3678.062668765037,55.29765595702508,13.192512011225329,68.4901679682504,0.16858128893298333,0.1093152656202846,1.058254041947049,0.20155238821225274,85.45157335254838,210.9547495310515,551915914366.5715,21970688124528.625
4000.0,-1.44,7.636672873613584e+16,1134410314589817.2,273948930597543.38,21861042519609.35,3493.279365228575,51.891867168377324,12.531375406813797,64.42324257519113,0.15931283773388216,0.10876972337973613,1.054610930665102,0.1911139503929952,85.14484085273922,210.1857797656983,550015906415.158,21861042519609.35
4000.0,-1.42,7.204984067927322e+16,1057020202188591.0,258523015109191.6,21777053365504.637,3308.521105679148,48.5382565054892,11.87134966196566,60.40960616745486,0.15030713986125793,0.10835183493499825,1.0510197784189717,0.1809530516199266,84.80574708973498,209.38129750225212,548142996889.6664,21777053365504.637
4000.0,-1.4,6.785890362732016e+16,982757215845601.8,243570820512674.3,21718720662214.48,3124.4429486760177,45.24931422666025,11.214786740935015,56.46410096759527,0.1415641953151106,0.10806160028607101,1.047480585208658,0.17106969189304716,84.43768378749995,208.54165065335707,546297185790.09686,21718720662214.48
4000.0,-1.38,6.379391758027672e+16,911621355560849.5,229092346807991.44,21686044409738.887,2941.7037231385452,42.03723548363913,10.564044898160837,52.60128038179997,0.13308400409544027,0.1078990194329544,1.043993351034161,0.16146387121235675,84.07104417177236,207.6820333622473,544478473116.44934,21686044409738.887
4000.0,-1.36,5.985488253814293e+16,843612621334335.4,215087593995143.16,21679024608077.86,2760.9582820363744,38.91377202551795,9.921460853686147,48.83523287920409,0.12486656620224695,0.10786409237564842,1.0405580758954809,0.1521355895778555,83.66251120543221,206.781878169851,542686858868.7238,21679024608077.86
4000.0,-1.34,5.6041798500918664e+16,778731013166057.2,201556562074129.12,21697661257231.383,2582.8497291265016,35.89008990111883,9.289322000404743,45.17941190152357,0.11691188163553046,0.10795681911415303,1.0371747597926169,0.14308484698954319,83.24436660404238,205.84250225896824,540922343046.92004,21697661257231.383
4000.0,-1.32,5.2354665468604024e+16,716976531056016.6,188499251044949.6,21741954357199.484,2408.001811082252,32.97663674924429,8.6698393322002,41.6464760814445,0.10921995039529095,0.10817719964846835,1.0338434027255703,0.13431164344741992,82.79755124258052,204.8629041524008,539184925651.03876,21741954357199.484
4000.0,-1.3,4.879348344119894e+16,658349175004212.8,175915660907604.4,21811903907982.133,2237.0116633121065,30.18302197651292,8.065121763315101,38.248143739828016,0.1017907724815283,0.10852523397859422,1.0305640046943398,0.12581597895148572,82.3171321350578,203.84098312938886,537474606681.0791,21811903907982.133
4000.0,-1.28,4.535825241870349e+16,602848945010646.1,163805791662093.75,21907509909579.367,2070.443085768956,27.51791269289998,7.4771524622461705,34.99506515514615,0.09462434789424268,0.10900092210453084,1.0273365656989266,0.11759785350174054,81.81365012579023,202.7742296122476,535791386137.0418,21907509909579.367
4000.0,-1.26,4.20489724011176e+16,550475841075316.5,152169643308417.47,22028772361991.137,1908.8205057522723,24.988947728431658,6.907767750642967,31.896715479074626,0.08772067663343391,0.10960426402627797,1.024161085739329,0.10965726709818442,81.2661157097428,201.65967065426918,534135264018.92596,22028772361991.137
4000.0,-1.24,3.8865643388441336e+16,501229863198224.2,141007215846575.7,22175691265217.492,1752.623759215208,22.60267142086352,6.358639023250883,28.961310444114403,0.08107975869910215,0.11033525974383583,1.0210375648155492,0.1019942197408173,80.67757299003868,200.49410783497385,532506240326.7326,22175691265217.492
4000.0,-1.22,3.580826538067464e+16,455111011379368.75,130318509276568.27,22348266619258.395,1602.2837918810771,20.36448817856779,5.83125803431518,26.19574621288297,0.07470159409124728,0.11119390925720425,1.0179660029275854,0.09460871142963927,80.0652033090222,199.2838011557286,530904315060.46094,22348266619258.395
4000.0,-1.2,3.287683837781755e+16,412119285618750.5,120103523598395.36,22546498424113.875,1458.1793482687847,18.278638122271868,5.326925775309861,23.60556389758173,0.06858618280986938,0.11218021256638339,1.014946400075439,0.0875007421646503,79.3883552255964,198.016324477709,529329488220.11163,22546498424113.875
4000.0,-1.18,3.0071362379870052e+16,372254685916369.25,110362258812056.81,22770386679783.9,1320.6346823511844,16.348193429972184,4.846745044959605,21.19493847493179,0.06273352485496839,0.11329416967137305,1.011978756259108,0.08067031194585036,78.66493845143691,196.68873307020309,527781759805.68384,22770386679783.9
4000.0,-1.16,2.739183738683216e+16,335517212272225.25,101094714917552.75,23019931386268.508,1189.9182898160814,14.575074384121004,4.391616691692495,18.9666910758135,0.057143620226544366,0.11453578057217348,1.0090630714785949,0.07411742077323949,77.90059178412265,195.29855181719867,526261129817.1785,23019931386268.508
4000.0,-1.14,2.4838263398703844e+16,301906864686318.25,92300891914883.08,23295132543567.65,1066.242630397151,12.960083576329858,3.9622393966747183,16.922322973004576,0.05181646892459724,0.11590504526878437,1.0061993457338971,0.06784206864681763,77.06537199027939,193.84730341332227,524767598254.59467,23295132543567.65
4000.0,-1.12,2.241064041548516e+16,271423643158648.75,83980789804047.97,23595990151681.38,949.7647808557101,11.502956282565998,3.559112767220059,15.062069049786059,0.04675207094912714,0.11740196376120604,1.0033875790250173,0.061844255566584926,76.15318474675958,192.32490997944154,523301165117.9333,23595990151681.38
4000.0,-1.1,2.010896843717604e+16,244067547689215.9,76134408585047.2,23922504210609.66,840.5879359510234,10.20242469352233,3.182543429181695,13.384968122704025,0.0419504263001339,0.11902653604943828,1.0006277713519536,0.05612398153254119,75.1622964674152,190.7345855368136,521861830407.1938,23922504210609.66
4000.0,-1.08,1.7933247463776516e+16,219838578278020.25,68761748257880.875,24274674720352.51,738.7636567892224,9.056293475014186,2.8326537451078284,11.888947220122015,0.03741153497761761,0.12077876213348118,0.9979199227147069,0.050681246544686503,74.08831068463762,189.07190112795166,520449594122.37634,24274674720352.51
4000.0,-1.06,1.5883477495286584e+16,198736734925061.56,61862808822548.96,24652501680909.918,644.2947535659728,8.06152403911838,2.509392743311462,10.570916782429842,0.033135396981578254,0.12265864201333469,0.9952640331132764,0.04551605060302081,72.9144484523086,187.32662992246216,519064456263.4807,24652501680909.918
4000.0,-1.04,1.395965853170625e+16,180762017630340.1,55437590279051.49,25055985092281.89,557.1386828453337,7.214324919359129,2.2125488211648157,9.426873740523945,0.029122012312015836,0.12466617568899885,0.9926601025476628,0.04062839370754422,71.62287723229359,185.50054106342307,517706416830.5072,25055985092281.89
4000.0,-1.02,1.2161790573035508e+16,165914426393855.7,49486092627388.45,25485124954468.43,477.21133778090905,6.510245748854573,1.941763782433871,8.452009531288443,0.025371380968930355,0.12680136316047366,0.9901081310178658,0.036018275858256676,70.21313900215125,183.59696085580813,516375475823.4557,25485124954468.43
4000.0,-1.0,1.048987361927436e+16,154193961215608.34,44008315867559.87,25939921267469.527,404.39111249074585,5.944272522098143,1.6965477810740068,7.64082030317215,0.021883502952321807,0.12906420442775907,0.9876081185238854,0.03168569705515818,68.65427876875103,181.61090347473456,515071633242.3261,25939921267469.527
4000.0,-0.98,8943907670422808.0,145600622095598.12,39004259999565.7,26420374031285.188,338.52312839447495,5.510922060497247,1.4762947698385929,6.987216830335839,0.018658378262190203,0.13145469949085511,0.9851600650657217,0.027630657298248734,66.94019773386643,179.53489325671723,513794889087.1186,26420374031285.188
4000.0,-0.96,7523892726480850.0,140134409033825.0,34473925023405.98,26926483245915.41,279.42351987692933,5.204333880291722,1.280298088263549,6.484631968555271,0.015696006898535533,0.1339728483497618,0.9827639706433746,0.023853156587528335,65.03812965836822,177.36601185661374,512545243357.833,26926483245915.41
4000.0,-0.94,6229828787448488.0,137795322030289.0,30417310939080.703,27458248911360.2,226.88368830654179,5.018357961394962,1.1077658680010094,6.12612382939597,0.012996388861357804,0.13661865100447915,0.9804198352568444,0.020353194922996982,62.91967599550744,175.11363984381623,511322696054.4695,27458248911360.2
4000.0,-0.92,5061715853325723.0,138583361084990.03,26834417746589.867,28015671027619.54,180.67444639593242,4.946637221302542,0.9578359811597902,5.904473202462332,0.010559524150657019,0.13939210745500705,0.9781276589061307,0.017130772304654675,60.54745436145518,172.7721597585591,510127247177.02795,28015671027619.54
4000.0,-0.9,4019553924112550.0,142498526197928.2,23725245445933.453,28598749594693.457,140.54998841132496,4.982683796230344,0.8295903066452845,5.8122741028756275,0.008385412766433165,0.14229321770134568,0.9758874415912335,0.014185888732501416,,170.34429494395803,508958896725.50836,28598749594693.457
4000.0,-0.88,3103342999808970.0,149540817369103.47,21089794037111.477,29207484612581.93,106.25163518778743,5.119948511577222,0.7220681382479087,5.842016649825131,0.006474054708686247,0.1453219817434949,0.9736991833121532,0.011518544206537206,,167.8408001683531,507817644699.9108,29207484612581.93
4000.0,-0.86,2313083080414982.0,159710234598515.8,18928063520123.926,29841876081284.965,77.5113157803644,5.351883177970721,0.6342786046214591,5.9861617825921805,0.00482544997741626,0.14847839958145473,0.9715628840688896,0.009128738726762044,,165.26478210777907,506703491100.2353,29841876081284.965
4000.0,-0.84,1648774165930590.8,173006777886165.25,17240053894970.818,30501924000802.562,54.05475949278506,5.671995572528904,0.5652120139869603,6.237207586515864,0.003439598572623215,0.1517624712152252,0.9694785438614425,0.007016472293175929,,162.61530716645223,505616435926.48175,30501924000802.562
4000.0,-0.82,1110416256355795.1,189430447232051.8,16025765161652.15,31187628371134.727,35.60438271040594,6.073897154917253,0.5138500744892989,6.587747229406552,0.0023165004943071104,0.15517419664480636,0.967446162689812,0.005181744905778854,,159.92825540651552,504556479178.65015,31187628371134.727
4000.0,-0.8,698009351690595.1,208981242636175.38,15285197320167.922,31898989192281.453,21.881864264824145,6.551343723667025,0.4791749741043975,7.030518697771424,0.0014561557424679454,0.15871357587019813,0.9654657405539986,0.003624556564570843,,157.200890751452,503523620856.7407,31898989192281.453
4000.0,-0.78,411553451934987.75,231659164098536.12,15018350370518.125,32636006464242.74,12.610410908758139,7.098269341022187,0.4601773316527807,7.558446672674967,0.000858564317105714,0.1623806088914005,0.9635372774540015,0.002344907269551866,,154.44057900799746,502517860960.7532,32636006464242.74
4000.0,-0.76,251048557088972.75,257464211619133.94,15225224312702.758,33398680187018.594,7.51672089086174,7.708813946462627,0.45586305289454226,8.164676999357168,0.0005237262182204157,0.16617529570841355,0.9616607733898211,0.0013427970207219428,,151.69766291189939,501539199490.6876,33398680187018.594
4000.0,-0.74,216494667152554.12,286396385197968.9,15905819146721.832,34187010360609.008,6.332658658038254,8.377345142995036,0.4652591431349274,8.842604286129964,0.00045164144581205873,0.1700976363212372,0.9598362283614573,0.0006182258180810673,148.9754805692796,,500587636446.54407,34187010360609.008
4000.0,-0.72,307891782125728.4,318455684835040.9,17060134872575.336,35000996985013.977,8.79665748542978,9.098474679775288,0.4874185406741357,9.585893220449423,0.0006423099998806358,0.17414763072987147,0.9580636423689103,0.00017119366162923977,146.28698545313608,,499663171828.3225,35000996985013.977
4000.0,-0.7,525239902008500.06,353642110530350.0,18688171490263.285,35840640060233.516,14.65486947570651,9.867070173301082,0.5214240442931846,10.388494217594268,0.0010957318804261566,0.1783252789343164,0.9563430154121799,1.7005513664596018e-06,143.67037746839392,,498765805636.02295,35840640060233.516
4000.0,-0.68,868539026800859.5,391955662283895.94,20789928999785.645,36705939586267.62,23.662084027561477,10.67826261095177,0.5663914133276552,11.244654024279424,0.0018119070874486008,0.18263058093457196,0.9546743474912663,0.00010974648729272734,141.1432125258362,,497895537869.6455,36705939586267.62
4000.0,-0.66,1337789156502817.5,433396340095679.3,23365407401142.457,37596895563116.28,35.58243670031177,11.52745016854143,0.6214717212999002,12.14892188984133,0.0027908356209479907,0.18706353673063816,0.9530576386061692,0.0004953314694080426,138.71639937743595,,497052368529.18994,37596895563116.28
4000.0,-0.64,1932990291114370.8,477964143965699.6,26414606694333.71,38513507990779.516,50.1899305453335,12.41029885099349,0.6858530440970895,13.096151895090578,0.00403251748092432,0.191624146322515,0.9514928887568889,0.0011584554977124054,136.40525942760556,,496236297614.65643,38513507990779.516
4000.0,-0.62,2654142430635518.5,525659073893957.2,29937526879359.4,39455776869257.3,67.26879157468936,13.322740435090362,0.7587615618002387,14.0815019968906,0.005536952667377587,0.19631240971020245,0.9499800979434252,0.002099118572205821,134.22981848188076,,495447325126.0449,39455776869257.3
4000.0,-0.6,3501245575066260.0,576481129880451.9,33934167956219.523,40423702198549.66,86.61367921891824,14.26096815796192,0.8394621499422443,15.100430307904164,0.00730414118030779,0.20112832689370055,0.9485192661657781,0.00331732069288828,132.1830464342911,,494685451063.35535,40423702198549.66
4000.0,-0.58,4474299724406596.0,630430311925183.5,38404529924914.08,41417283978656.56,108.02977150100723,15.221430556626098,0.9272585316001156,16.148689088226213,0.00933408301971493,0.20607189787300925,0.9471103934239476,0.004813061859759788,130.26732529394198,,493950675426.58777,41417283978656.56
4000.0,-0.56,5573304878656524.0,687506620028152.0,43348612785443.055,42436522209578.03,131.33274331793888,16.20082382417709,1.0214930566496603,17.22231688082675,0.011626778185599002,0.21114312264812857,0.9457534797179338,0.006586342072820333,128.47912552538793,,493242998215.7422,42436522209578.03
4000.0,-0.54,6798261037816045.0,747710054189357.8,48766416537806.48,43481416891314.08,156.34865475540832,17.19608300847992,1.1215461690152084,18.317629177495128,0.014182226677960008,0.21634200121905858,0.9444485250477367,0.008637161332069935,126.83609684783956,,492562419430.8186,43481416891314.08
4000.0,-0.52,8149168201885165.0,811040614408800.8,54657941182004.34,44551968023864.68,182.91376483121883,18.204372340507142,1.2268356170646897,19.431207957571832,0.017000428496797962,0.22166853358579922,0.9431955294133564,0.010965519637508594,125.30288193305728,,491908939071.81714,44551968023864.68
4000.0,-0.5,9626026370863878.0,877498300686480.8,61023186718036.63,45648175607229.84,210.874284521007,19.223074942506596,1.3368154566153496,20.559890399121944,0.02008138364211285,0.22712271974835047,0.9419944928147925,0.013571416989136293,123.89199806240214,,491282557138.73755,45648175607229.84
4000.0,-0.48,1.1228835544752184e+16,947083113022398.0,67862153145903.375,46770039641409.57,240.0860814069168,20.249782131547803,1.450974890468537,21.70075702201634,0.023425092113904672,0.23270455970671236,0.9408454152520455,0.016454853386953038,122.5766677780131,,490683273631.58,46770039641409.57
4000.0,-0.46,1.2957595723550088e+16,1019795051416552.2,75174840465604.55,47917560126403.86,270.41434683587124,21.282282501996963,1.56883698308715,22.851119485084112,0.027031553912173437,0.23841405346088487,0.939748296725115,0.01961582883095883,121.37135974306854,,490111088550.3444,47917560126403.86
4000.0,-0.44,1.4812306907257584e+16,1095634115868943.6,82961248677140.16,49090737062212.71,301.7332351006656,22.3185509412997,1.6899572840392136,24.008508225338915,0.03090076903691914,0.24425120101086803,0.9387031372340011,0.02305434332115367,120.25735237969089,,489566001895.0309,49090737062212.71
4000.0,-0.42,1.6792969095874678e+16,1174600306379572.2,91221377780510.2,50289570448836.14,333.92548287839514,23.3567377071672,1.8139223892022993,25.170660096369495,0.035032737488141785,0.25021600235666186,0.9377099367787042,0.026770396857537557,119.22413378017579,,489048013665.6394,50289570448836.14
4000.0,-0.4,1.889958228940135e+16,1256693622948437.0,99955227775714.64,51514060286274.11,366.88201598500547,24.39515767083268,1.9403484644821842,26.335506135314866,0.03942745926584133,0.25630845749826625,0.9367686953592236,0.03076398944011049,118.26554763124076,,488557123862.1698,51514060286274.11
4000.0,-0.38,2.113214648783764e+16,1341914065575540.0,109162798662753.56,52764206574526.64,400.50154943559335,25.432279810370268,2.0688797529546266,27.501159563324894,0.04408493437001786,0.2625285664356813,0.9358794129755599,0.035035121068872487,117.37733944611789,,488093332484.62225,52764206574526.64
4000.0,-0.36,2.3490661691183508e+16,1430261634260879.5,118844090441626.89,54040009313593.75,434.6901858374484,26.466717019996842,2.1991870828884497,28.665904102885293,0.0490051628006713,0.26887632916890697,0.9350420896277127,0.03958379174382352,116.54836049944828,,487656639532.9967,54040009313593.75
4000.0,-0.34,2.597512789943896e+16,1521736329004456.0,128999103112334.62,55341468503475.41,469.36101628397773,27.497216285630223,2.3309663910388205,29.82818267666904,0.05418814455780165,0.2753517456979433,0.9342567253156824,0.04441000146496359,115.79021356748348,,487247045007.2932,55341468503475.41
4000.0,-0.32,2.8585545112604028e+16,1616338149806269.8,139627836674876.84,56668584144171.65,504.4337271578726,28.522649263551607,2.4639372728926303,30.986586536444236,0.05963387964140899,0.2819548160227903,0.9335233200394687,0.04951375023229272,115.07777569464139,,486864548907.5117,56668584144171.65
4000.0,-0.3,3.1321913330678684e+16,1714067096666320.5,150730291129253.53,58021356235682.44,539.8342155851932,29.54200328761343,2.5978415691799395,32.13984485679337,0.06534236805149325,0.2886855401434479,0.9328418737990714,0.05489503804581091,114.40490896630905,,486509151233.6521,58021356235682.44
4000.0,-0.28,3.4184232553662936e+16,1814923169584609.0,162306466475464.62,59399784778007.79,575.4942157015917,30.55437282083499,2.7324419959103468,33.286814816745334,0.07131360978805444,0.2955439180599161,0.932212386594491,0.060553864905518104,113.79244706963014,,486180851985.7146,59399784778007.79
4000.0,-0.26,3.717250278155678e+16,1918906368561134.0,174356362713510.12,60803869771147.7,611.3509373904301,31.558951359238687,2.8675208234237206,34.42647218266241,0.07754760485109258,0.30252994977219494,0.931634858425727,0.0664902308114144,113.21299596667033,,485879651163.699,60803869771147.7
4000.0,-0.24,4.028672401436022e+16,2026016693595896.5,186879979843390.1,62233611215102.195,647.3467187226935,32.55502378920676,3.0028786084333805,35.557902397640134,0.08404435324060766,0.3096436352802845,0.9311092892927801,0.07270413576349972,112.66174281157458,,485605548767.6055,62233611215102.195
4000.0,-0.22,4.352689625207326e+16,2136254144688895.8,199877317865104.5,63689009109871.234,683.4286929630842,33.54195919430305,3.138332981759725,36.680292176062764,0.09080385495659968,0.3168849745841846,0.9306356791956496,0.07919557976177409,112.15247979208455,,485358544797.43396,63689009109871.234
4000.0,-0.2,4.68930194946959e+16,2249618721840132.5,213348376778653.38,65170063455454.836,719.5484706984873,34.519204103242835,3.2737174933776405,37.79292159662048,0.09782610999906864,0.32425396768389536,0.9302140281343358,0.0859645628062375,111.66633939076479,,485138639253.18445,65170063455454.836
4000.0,-0.18,5.038509374222811e+16,2366110425049606.0,227293156584036.62,66676774251853.01,755.6618373875198,35.486276167354475,3.408880515507541,38.895156682862016,0.1051111183680145,0.33175061457941674,0.9298443361088385,0.09301108489688996,111.21896680187002,,484945832134.8568,66676774251853.01
4000.0,-0.16,5.40031189946699e+16,2485729254317315.5,241711657281254.25,68209141499065.73,791.7284664169185,36.44275825332537,3.54368420374511,39.98644245707048,0.11265888006343727,0.3393749152707487,0.929526603119158,0.10033514603373146,110.79554669280112,,484780123442.45123,68209141499065.73
4000.0,-0.14,5.774709525202132e+16,2608475209643264.0,256603878870306.38,69767165197093.02,827.7116475764083,37.388292935140655,3.6780035156279824,41.06629645076864,0.12046939508533704,0.3471268697578914,0.9292608291652943,0.10793674621676203,110.3897846935313,,484641513175.9678,69767165197093.02
4000.0,-0.12,6.161702251428232e+16,2734348291027448.5,271969821351192.94,71350845345934.88,863.57803072326,38.32257736779897,3.811725285560167,42.13430265335914,0.1285426634337137,0.3550064780408447,0.9290470142472472,0.11581588544598166,110.01576270168006,,484530001335.40625,71350845345934.88
4000.0,-0.1,6.561290078145293e+16,2863348498469871.0,287809484723914.0,72960181945591.31,899.2973842963072,39.24535852453273,3.944747354639857,43.190105879172584,0.13687868510856738,0.3630137401196087,0.9288851583650167,0.12397256372139032,109.64606426785541,,484445587920.7667,72960181945591.31
4000.0,-0.08,6.973473005353312e+16,2995475831970530.0,304122868988469.44,74595174996062.28,934.8423682525614,40.15642877878703,4.076977753648589,44.233406532435616,0.14547746010989793,0.3711486559941832,0.928775261518603,0.132406781042988,109.30427353408223,,484388272932.0492,74595174996062.28
4000.0,-0.06,7.398251033052291e+16,3130730291529425.5,320909974144859.25,76255824497347.81,970.1883209340426,41.05562181205335,4.208333937245942,45.2639557492993,0.15433898843770544,0.3794112256645683,0.9287173237080056,0.14111853741077476,108.9842309046691,,484358056369.25354,76255824497347.81
4000.0,-0.04,7.835624161242229e+16,3269111877146558.5,338170800193083.6,77942130449447.92,1005.3130593247378,41.94280882874833,4.338742067262532,46.28155089601086,0.16346327009198988,0.38780144913076414,0.9287113449332252,0.15010783282475054,108.67014301416064,294.17447835089723,484354938232.38,77942130449447.92
4000.0,-0.02,8.285592389923126e+16,3410620588821929.0,355905347133142.3,79654092852362.6,1040.1966921248254,42.81789505962301,4.468136342884557,47.28603140250757,0.17285030507275123,0.3963193263927706,0.9287573251942612,0.1593746672849154,108.37734970550268,292.9909507203207,484378918521.42847,79654092852362.6
4000.0,0.0,8.748155719094986e+16,3555256426555536.5,374113614965035.5,81391711706091.81,1074.8214450489588,43.68081653564046,4.596458375466685,48.27727491110714,0.1825000933799896,0.4049648574505877,0.9288552644911141,0.1689190407912693,108.10900458466746,291.90913123121277,484429997236.3989,81391711706091.81
4000.0,0.02,9.223314148757798e+16,3703019390347381.0,392795603688763.1,83154987010635.62,1109.1714977453037,44.53153711483065,4.723656605688894,49.25519372051954,0.19241263501370479,0.41373804230421546,0.9290051628237835,0.1787409533438122,107.8458140742172,290.89340656104486,484508174377.2913,83154987010635.62
4000.0,0.04,9.711067678911578e+16,3853909480197462.5,411951313304325.25,84943918765993.98,1143.2328317302988,45.370045745291385,4.849685760780368,50.21973150607175,0.20258792997389705,0.4226388809536539,0.9292070201922696,0.1888404049425442,107.5876691507065,289.9025232573566,484613449944.1058,84943918765993.98
4000.0,0.06,1.0211416309556314e+17,4007926696105781.5,431580743811721.75,86758506972166.9,1176.9930887390963,46.196353948225145,4.974506349563826,51.17086029778897,0.21302597826056618,0.4316673733989029,0.9294608365965725,0.19921739558746523,107.34819541961538,288.921083675253,484745823936.8423,86758506972166.9
4000.0,0.08,1.0724360040692006e+17,4165071038072336.5,451683895210952.6,88598751629154.4,1210.441438902062,47.0104935056644,5.098084193122209,52.10857769878661,0.2237267798737122,0.4408235196399626,0.9297666120366921,0.20987192527857532,107.12039371240947,287.9665158098725,484905296355.5008,88598751629154.4
4000.0,0.1,1.1249898872318662e+17,4325342506097130.5,472260767502018.0,90464652736956.45,1243.5684581722685,47.81251433832288,5.220389988951905,53.03290432727478,0.23469033481333523,0.4501073196768329,0.9301243465126281,0.22080399401587444,106.89671515840155,287.0602585193141,485091867200.0812,90464652736956.45
4000.0,0.12,1.1788032804436275e+17,4488741100180160.0,493311360684917.9,92356210295573.05,1276.3660144467099,48.60248255980379,5.341398906539629,53.94388146634342,0.24591664307943514,0.45951877350951364,0.9305340400243809,0.23201360179936262,106.67689424089187,286.2143046129529,485305536470.5836,92356210295573.05
4000.0,0.14,1.2338761837044851e+17,4655266820321428.0,514835674759652.1,94273424305004.22,1308.8271618441556,49.380478694188234,5.461090212380496,54.84156890656873,0.25740570467201207,0.46905788113800523,0.9309956925719505,0.24350074862903984,106.46529751487964,285.412950216643,485546304167.0081,94273424305004.22
4000.0,0.16,1.2902085970144378e+17,4824919666520930.0,536833709726220.6,96216294765249.92,1340.9460426243909,50.146596044805584,5.579446922540472,55.72604296734606,0.26915751959106576,0.47872464256230723,0.9315093041553364,0.2552654345049062,106.27803256149578,284.62468309933416,485814170289.3545,96216294765249.92
4000.0,0.18,1.347800520373487e+17,4997699638778671.0,559305465584623.7,98184821676310.23,1372.7177962565681,50.90093920274953,5.696455480955173,56.5973946837047,0.28117208783659653,0.4885190577824201,0.9320748747745392,0.2673076594269615,106.09461118985875,283.8598197389688,486109134837.6229,98184821676310.23
4000.0,0.2,1.4066519537816323e+17,5173606737094650.0,582250942334861.2,100179005038185.1,1404.1384751679864,51.643622684440054,5.8121054617474535,57.455728146187504,0.29344940940860426,0.4984411267983435,0.9326924044295586,0.27962742339520585,105.91487889896055,283.1229514302459,486431197811.81335,100179005038185.1
4000.0,0.22,1.4667628972388733e+17,5352640961468865.0,605670139976933.2,102198844850874.5,1435.2049667284693,52.37476968824138,5.926389293936825,58.3011589821782,0.30598948430708883,0.5084908496100775,0.9333618931203949,0.29222472640963926,105.73869122084874,282.4144620265588,486780359211.9259,102198844850874.5
4000.0,0.24,1.5281333507452102e+17,5534802311901317.0,629563058510839.6,104244341114378.5,1465.9149210493053,53.094510960824685,6.039302007003654,59.13381296782835,0.3187923125320504,0.5186682262176223,0.9340833408470476,0.30509956847026176,105.56591283264125,281.7008074602593,487156619037.9603,104244341114378.5
4000.0,0.26,1.5907633143006435e+17,5720090788392007.0,653929697936580.5,106315493828697.05,1496.2666841991936,53.80298376461118,6.15084099585934,59.953824760470525,0.331857894083489,0.5289732566209776,0.934856747609517,0.31825194957707326,105.4088640680391,281.05399377214826,487559977289.91675,106315493828697.05
4000.0,0.28,1.6546527879051722e+17,5908506390940933.0,678770058254155.8,108412302993830.12,1526.2592364626184,54.5003309382441,6.261005803859598,60.761336742103694,0.34518622896140433,0.5394059408201435,0.935682113407803,0.3316818697300739,105.26270304524928,280.4366257093107,487990433967.79517,108412302993830.12
4000.0,0.3,1.7198017715587974e+17,6100049119548098.0,704084139463565.5,110534768609777.83,1555.89213528843,55.18670004261892,6.369797922581282,61.5564979652002,0.3587773171657968,0.5499662788151202,0.9365594382419058,0.3453893289292634,105.11946741670023,279.7835243133138,488447989071.5956,110534768609777.83
4000.0,0.32,1.786210265261518e+17,6294718974213500.0,729871941564809.8,112682890676540.06,1585.1654625979495,55.862242585546525,6.477220607163257,62.339463192709786,0.3726311586966661,0.5606542706059074,0.9374887221118252,0.3593743271746422,104.9790761375744,279.19186510855843,488932642601.31805,112682890676540.06
4000.0,0.34,1.8538782690133347e+17,6492515954937137.0,756133464557888.2,114856669194116.84,1614.0797761426757,56.52711331863779,6.583278706088568,63.11039202472636,0.3867477535540123,0.5714699161925052,0.9384699650175613,0.3736368644662099,104.84145077093785,278.6444253247693,489444394556.9625,114856669194116.84
4000.0,0.36,1.922805782814247e+17,6693440061719010.0,782868708442801.0,117056104162508.2,1642.6360646214816,57.181469600479375,6.687978504358471,63.86944810483784,0.4011271017378354,0.5824132155749137,0.9395031669591142,0.38817694080396664,104.7065154124132,278.09274145662016,489983244938.529,117056104162508.2
4000.0,0.38,1.9929928066642554e+17,6897491294559122.0,810077673219548.5,119281195581714.1,1670.8357062861155,57.82547082062039,6.791327579078476,64.61679839969887,0.4157692032481355,0.5934841687531327,0.9405883279364834,0.40299455618791247,104.57419661434756,277.5390622182777,490549193746.01733,119281195581714.1
4000.0,0.4,2.06443934056336e+17,7104669653457471.0,837760358888130.4,121531943451734.61,1698.6804307817515,58.45927787930941,6.893334666542544,65.35261254585195,0.43067405808491255,0.6046827757271626,0.9417254479496694,0.4180897106180473,104.44888928980866,277.01399399278364,491142240979.4278,121531943451734.61
4000.0,0.42,2.1371453845115606e+17,7314975138414058.0,865916765448546.9,123808347772569.69,1726.172283986375,59.08305271831375,6.994009539964112,66.07706225827786,0.44584166624816657,0.6160090364970031,0.9429145269986723,0.4334624040943712,104.33184010872371,276.4916856654644,491762386638.7603,123808347772569.69
4000.0,0.44,2.2111109385088576e+17,7528407749428882.0,894546892900797.6,126110408544219.27,1753.3135956288297,59.69695789851578,7.0933628970612235,66.790320795577,0.4612720277378976,0.6274629510626539,0.9441555650834916,0.4491126366168841,104.21701010812859,276.03026030708946,492409630724.0147,126110408544219.27
4000.0,0.46,2.2863360025552493e+17,7744967486501942.0,923650741244882.8,128438125766683.42,1780.1069494805101,60.30115622032045,7.191406256758659,67.4925624770791,0.4769651425541053,0.6390445194241156,0.9454485622041277,0.4650404081855861,104.10431494183257,275.5750076514115,493083973235.19116,128438125766683.42
4000.0,0.48,2.362820576650738e+17,7964654349633240.0,953228310480802.2,130791499439962.17,1806.5551559299574,60.895810383222134,7.288151864321787,68.18396224754392,0.4929210106967902,0.6507537415813879,0.9467935183605806,0.4812457188004771,103.99367534173017,275.1279841622621,493785414172.2897,130791499439962.17
4000.0,0.5,2.4405646607953222e+17,8187468338822774.0,983279600608556.5,133170529564055.48,1832.6612267629396,61.481082681169134,7.383612604285663,68.8646952854548,0.5091396321659519,0.6625906175344709,0.9481904335528498,0.4977285684615572,103.88501671049801,274.683741704711,494513953535.31006,133170529564055.48
4000.0,0.52,2.519568254989003e+17,8413409454070546.0,1013804611628145.0,135575216138963.34,1858.4283519832038,62.05713473063454,7.477801920588528,69.53493665122308,0.5256210069615906,0.6745551472833645,0.949639307780936,0.5144889571688264,103.7782687539714,274.2551764962229,495269591324.25256,135575216138963.34
4000.0,0.54,2.599831359231779e+17,8642477695376553.0,1044803343539568.0,138005559164685.75,1883.8598785207848,62.62412722855064,7.57073374336157,70.1948609719122,0.5423651350837063,0.6866473308280686,0.9511401410448386,0.5315268849222847,103.67336514872083,273.83863672984864,496052327539.11694,138005559164685.75
4000.0,0.56,2.6813539735236512e+17,8874673062740802.0,1076275796342825.5,140461558641222.75,1908.9592906857617,63.18221973749519,7.662422421866529,70.84464215936173,0.5593720165322988,0.6988671681685835,0.9526929333445581,0.548842351721932,103.57024324091937,273.423169624711,496862162179.90344,140461558641222.75
4000.0,0.58,2.7641360978646195e+17,9109995556163286.0,1108221970037917.4,142943214568574.3,1933.7301922355869,63.73157049572953,7.752882663110034,71.48445315883957,0.5766416513073684,0.711214659304909,0.9542976846800942,0.5664353575677681,103.47284830425258,273.0063756770569,497699095246.61194,142943214568574.3
4000.0,0.6,2.8481777322546835e+17,9348445175644006.0,1140641864624843.5,145450526946740.44,1958.1762899336898,64.272336249886,7.842129475698028,72.11446572558403,0.5941740394089149,0.7236898042370452,0.9559543950514469,0.5843059024597934,103.38607413608395,272.59414848112675,498563126739.2424,145450526946740.44
4000.0,0.62,2.933478876693843e+17,9590021921182962.0,1173535480103604.2,147983495775721.1,1982.301378485968,64.80467210828215,7.930178118525974,72.73485022680812,0.6119691808369382,0.7362926029649918,0.9576630644586163,0.6024539863980077,103.30091916059078,272.2319547729338,499454256657.7948,147983495775721.1
4000.0,0.64,3.020039531182099e+17,9834725792780158.0,1206902816474199.5,150542121055516.34,2006.1093267500733,65.32873141300664,8.01704405393041,73.34577546693706,0.6300270755914384,0.7490230554887493,0.9594236929016023,0.6208796093824113,103.21733787776164,271.8844175686011,500372485002.2693,150542121055516.34
4000.0,0.66,3.107859695719451e+17,1.0082556790435588e+16,1240743873736629.0,153126402786126.12,2029.6040651201372,65.84466562907535,8.102742904955418,73.94740853403077,0.6483477236724157,0.7618811618083171,0.961236280380405,0.6395827714130038,103.13528650470104,271.53754756023403,501317811772.6657,153126402786126.12
4000.0,0.68,3.196939370305899e+17,1.0333514914149258e+16,1275058651890893.0,155736340967550.5,2052.7895739967453,66.35262424909783,8.187290416413253,74.53991466551108,0.66693112507987,0.7748669219236959,0.9631008268950243,0.6585634724897853,103.05472289376632,271.20629284395164,502290236968.98413,155736340967550.5
4000.0,0.7,3.287278554941442e+17,1.0587600163921158e+16,1309847150936991.0,158371935599789.4,2075.669873258664,66.85275471202384,8.270702419442632,75.12345713146647,0.6857772798138009,0.787980335834885,0.9650173324454602,0.6778217126127557,102.97560645545182,270.8809357485171,503289760591.2245,158371935599789.4
4000.0,0.72,3.378877249626081e+17,1.0844812539751304e+16,1345109370874923.8,161033186682842.9,2098.2490126590037,67.34520233466107,8.352994799290256,75.69819713395133,0.7048861878742089,0.801221403541885,0.9669857970317128,0.6973574917819154,102.89789808569437,270.5596853845156,504316382639.38696,161033186682842.9
4000.0,0.74,3.471735454359817e+17,1.1105152041639682e+16,1380845311704691.2,163720094216710.97,2120.5310630742697,67.83011025476294,8.434183466061969,76.26429372082491,0.7242578492610938,0.8145901250446955,0.9690062206537822,0.7171708099972641,102.82156009729965,269.95617903265725,505370103113.4714,163720094216710.97
4000.0,0.76,3.565853169142649e+17,1.13686186695863e+16,1417054973426293.0,166432658201393.56,2142.5201085400868,68.30761938458969,8.514284328209015,76.82190371279869,0.7438922639744558,0.8280865003433167,0.9710786033116682,0.7372616672588018,102.746556155213,270.3193013715601,506450922013.47784,166432658201393.56
4000.0,0.78,3.661230393974576e+17,1.1635212423591154e+16,1453738356039729.2,169170878636890.75,2164.2202390123302,68.77786837393589,8.593313268532706,77.3711816424686,0.7637894320142946,0.8417105294377485,0.973202945005371,0.7576300635665286,102.67285121537937,270.1289410656802,507558839339.4063,169170878636890.75
4000.0,0.8,3.7578671288556e+17,1.1904933303654246e+16,1490895459544999.8,171934755523202.47,2185.6355437970064,69.24099358170596,8.67128612250712,77.91227970421308,0.7839493533806106,0.8554622123279908,0.9753792457348903,0.7782759989204444,102.60041146695727,269.37147153662573,508693855091.2568,171934755523202.47
4000.0,0.82,3.8557633737857184e+17,1.2177781309775572e+16,1528526283942104.5,174724288860328.75,2206.770105596447,69.69712905519539,8.748218658734844,78.44534771393023,0.8043720280734031,0.8693415490140438,0.977607505500226,0.7991994733205492,102.52920427766922,269.1002497467398,509855969269.02905,174724288860328.75
4000.0,0.84,3.954919128764933e+17,1.2453756441955138e+16,1566630829231044.0,177539478648269.6,2227.627995123371,70.14640651630933,8.824126561364741,78.97053307767406,0.8250574560926727,0.8833485394959074,0.9798877243013788,0.8204004867668431,102.46383168591899,268.81671394375326,511045181872.7236,177539478648269.6
4000.0,0.86,4.0553343937932454e+17,1.273285870019294e+16,1605209095411818.0,180380324887025.03,2248.213266237969,70.58895535401506,8.899025414313812,79.48798076832887,0.8460056374384195,0.8974831837735817,0.9822199021383481,0.8418790392593261,102.40281751122721,268.52005323886965,512261492902.33997,180380324887025.03
4000.0,0.88,4.1570091688706534e+17,1.301508808448898e+16,1644261082484426.5,183246827576595.03,2268.529951566595,71.02490262238688,8.972930687147338,79.99783330953422,0.8672165721106432,0.9117454818470667,0.984604039011134,0.863635130797998,102.34281851226669,268.2601506741721,513504902357.8784,183246827576595.03
4000.0,0.9,4.259943453997156e+17,1.3300444594843256e+16,1683786790448869.0,186138986716979.6,2288.5820585637493,71.45437304365636,9.045857722482562,80.50023076613891,0.8886902601093435,0.9261354337163624,0.9870401349197369,0.8856687613828591,102.28380761202118,268.0055891166987,514775410239.3389,186138986716979.6
4000.0,0.92,4.364137249172755e+17,1.3588928231255768e+16,1723786219305146.5,189056802308178.72,2308.373565981952,71.87748901573325,9.11782172479162,80.99531074052487,0.910426701434521,0.9406530393814687,0.989528189864156,0.9079799310139092,102.22575876333764,267.753280432595,516073016546.7213,189056802308178.72
4000.0,0.94,4.46959055439745e+17,1.388053899372652e+16,1764259369053258.0,192000274350192.4,2327.9084207167807,72.29437062370849,9.188837750488819,81.4832083741973,0.9324258960861753,0.9552982988423856,0.9920682038443921,0.9305686396911483,102.168646897076,267.50317417056846,517397721280.0258,192000274350192.4
4000.0,0.96,4.576303369671241e+17,1.4175276882255508e+16,1805206239693204.0,194969402843020.62,2347.1905349968406,72.7051356548941,9.258920699196395,81.96405635409049,0.9546878440643066,0.970071212099113,0.9946601768604447,0.9534348874145765,102.11244787352399,267.26843333062897,518749524439.25226,194969402843020.62
4000.0,0.98,4.684275694994128e+17,1.4473141896842734e+16,1846626831224984.5,197964187786663.44,2366.223783890725,73.1098996169941,9.328085306090848,82.43798492308495,0.9772125453689149,0.9849717791516512,0.9973041089123139,0.9765786741841938,102.0571384368311,267.0360826361731,520128426024.40063,197964187786663.44
4000.0,1.0,4.793507530366111e+17,1.4774134037488194e+16,1888521143648599.5,200984629181120.8,2385.0120031051515,73.5087757590369,9.396346135239654,82.90512189427656,1.0,1.0,1.0,1.0,102.00269617223708,266.8058986341469,521534426035.4711,200984629181120.8
4000.0,1.02,4.90399887578719e+17,1.5078253304191896e+16,1930889176964049.0,204030727026392.75,2403.558987050428,73.90187509473229,9.463717573845019,83.3655926685773,1.023050207957562,1.0151558746441594,1.0027478501235025,1.0236988648619956,101.94909946588965,266.57782990879673,522967524472.46356,204030727026392.75
4000.0,1.04,5.0157497312573645e+17,1.5385499696953832e+16,1973730931171332.8,207102481322479.22,2421.8684871512196,74.28930642794701,9.530213827317873,83.81952025526488,1.046363169241601,1.0304394030841293,1.0055476592828219,1.0476752687701798,101.8963274670636,266.34960263424625,524427721335.378,207102481322479.22
4000.0,1.06,5.128760096776635e+17,1.5695873215774004e+16,2017046406270451.0,210199892069380.25,2439.9442103822753,74.67117638002068,9.595848915111187,84.26702529513187,1.069938883852117,1.0458505853199098,1.0083994274779577,1.0719292117245534,101.84436005260947,266.122991649379,525915016624.21436,210199892069380.25
4000.0,1.08,5.243029972345003e+17,1.6009373860652414e+16,2060835602261404.0,213322959267095.9,2457.789818010328,75.04758941866876,9.660636667247276,84.70822608591602,1.0937773517891103,1.0613894213515014,1.0113031547089104,1.096460693725116,101.79317779347387,265.89918283101844,527429410338.9729,213322959267095.9
4000.0,1.1,5.3585593579624646e+17,1.632600163158906e+16,2105098519144191.0,216471682915626.1,2475.4089245248138,75.41864788824331,9.724590721478766,85.14323860972209,1.11787857305258,1.0770559111789033,1.0142588409756796,1.1212697147718673,101.74276192314667,265.67803800727984,528970902479.6533,216471682915626.1
4000.0,1.12,5.475348253629024e+17,1.664575652858395e+16,2149835156918813.0,219646063014970.84,2492.8050967414015,75.78445204114308,9.787724521027643,85.57217656217074,1.1422425476425269,1.092850054802116,1.0172664862782657,1.1463562748648082,101.69309430790234,265.46558925875706,530539493046.2558,219646063014970.84
4000.0,1.14,5.593396659344676e+17,1.696863855163706e+16,2195045515585267.5,222846099565130.03,2509.9818530635416,76.14510007018421,9.850051312851152,85.99515138303536,1.16686927555895,1.1087718522211387,1.0203260906166678,1.1717203740039375,101.64415741871252,265.28177976323155,532135182038.77997,222846099565130.03
4000.0,1.16,5.7127045751094285e+17,1.7294647700748428e+16,2240729595143558.8,226071792566104.03,2526.9426628883907,76.50068814176109,9.911584146387316,86.41227228814842,1.1917587568018513,1.124821303435973,1.0234376539908876,1.1973620121892559,101.59593430471779,265.0992426315049,533757969457.2267,226071792566104.03
4000.0,1.18,5.833272000923272e+17,1.7623783975918016e+16,2286887395593683.0,229323142017892.34,2543.690946144522,76.85131042964241,9.972335872736537,86.82364630237895,1.2169109913712282,1.140998408446617,1.026601176400923,1.2232811894207638,101.54840856815414,264.9179840552594,535407855301.59485,229323142017892.34
4000.0,1.2,5.955098936786217e+17,1.7956047377145858e+16,2333518916935643.0,232600147920495.44,2560.230072949789,77.19705914926321,10.032319144239144,87.22937829350235,1.2423259792670833,1.1573031672530727,1.0298166578467762,1.2494779056984604,101.50156434063892,264.73800920433257,537084839571.8856,232600147920495.44
4000.0,1.22,6.078185382698253e+17,1.8291437904431924e+16,2380624159169436.0,235902810273912.9,2576.563363378636,77.53802459238726,10.091546414412067,87.62957100679932,1.2680037204894143,1.173735579855338,1.033084098328445,1.2759521610223463,101.45976270343219,264.55932228268836,538788922268.0978,235902810273912.9
4000.0,1.24,6.20253133865939e+17,1.8629955557776236e+16,2428203122295065.5,239231129078145.12,2592.6940873289636,77.87429516202609,10.150029938210466,88.02432510023655,1.2939442150382232,1.1902956462534149,1.0364034978459316,1.3027039553924211,101.41874130778666,264.38071774093476,540520103390.23254,239231129078145.12
4000.0,1.26,6.328136804669618e+17,1.8971600337178772e+16,2476255806312527.0,242585104333191.7,2608.6254644794244,78.20595740751335,10.207781772583113,88.41373918009647,1.3201474629135084,1.2069833664473013,1.0397748563992333,1.3297332888086852,101.37833267727932,264.20315373146866,542278382938.2886,242585104333191.7
4000.0,1.28,6.455001780728946e+17,1.9316372242639564e+16,2524782211221825.5,245964736039053.03,2624.360664328749,78.5330960596425,10.264813777292666,88.79790983693516,1.346613464115271,1.2237987404369994,1.0431981739883536,1.3570401612711385,101.3385225754838,264.0272606389744,544063760912.2675,245964736039053.03
4000.0,1.3,6.583126266837366e+17,1.9664271274158572e+16,2573782337022956.0,249370024195728.75,2639.902806309357,78.85579406578645,10.321137615974294,89.17693168176075,1.3733422186435098,1.2407417682225073,1.0466734506132886,1.3846245727797801,101.29929722388482,263.85298944912984,545876237312.16754,249370024195728.75
4000.0,1.32,6.712510262994888e+17,2.001529743173584e+16,2623256183715923.0,252800968803219.25,2655.2549599680997,79.17413262492592,10.37676475740831,89.55089738233423,1.4003337264982267,1.2578124498038268,1.0502006862740416,1.4124865233346113,101.26064328281126,263.6802933528285,547715812137.9902,252800968803219.25
4000.0,1.34,6.843153769201498e+17,2.036945071537132e+16,2673203751300722.0,256257569861524.03,2670.420145207569,79.48819122252085,10.431706476984319,89.91989769950517,1.427587987679419,1.2750107851809556,1.0537798809706105,1.4406260129356312,101.22254783335019,263.5091276213437,549582485389.73444,256257569861524.03
4000.0,1.36,6.975056785457211e+17,2.072673112506506e+16,2723625039777358.0,259739827370643.7,2685.4013325819074,79.79804766516772,10.485973858336319,90.28402152350404,1.4551050021870897,1.2923367743538965,1.0574110347029968,1.4690430415828406,101.18499836018174,263.36332816239536,551476257067.4011,259739827370643.7
4000.0,1.38,7.108219311762015e+17,2.108713866081702e+16,2774520049145826.0,263247741330577.66,2700.201443641544,80.10377811499055,10.539577795129786,90.64335591012035,1.4828847700212364,1.309790417322647,1.061094147471199,1.4977376092762384,101.1479827352789,263.22070019694456,553397127170.9894,263247741330577.66
4000.0,1.4,7.242641348115916e+17,2.1450673322627224e+16,2825888779406130.0,266781311741326.28,2714.8233513217187,80.40545712372088,10.592528992983357,90.99798611670423,1.51092729118186,1.3273717140872083,1.0648292192752185,1.5267097160158256,101.1114892024202,263.07987819360346,555345095700.4999,266781311741326.28
4000.0,1.42,7.378322894518912e+17,2.1817335110495668e+16,2877731230558268.5,270340538602889.44,2729.2698803700805,80.70315766642658,10.644837971509135,91.34799563793571,1.5392325656689607,1.3450806646475804,1.0686162501150542,1.555959361801602,101.075506362467,262.94083832104104,557320162655.9323,270340538602889.44
4000.0,1.44,7.515263950971007e+17,2.2187124024422348e+16,2930047402602240.0,273925421915267.2,2743.543807809006,80.99695117485462,10.696515066456978,91.6934662413116,1.5678005934825388,1.362917269003763,1.0724552399907068,1.5854865466335677,101.04002315936027,262.80355676786195,559322328037.2867,273925421915267.2
4000.0,1.46,7.653464517472196e+17,2.2560040064407264e+16,2982837295538047.5,277535961678459.5,2757.64786342865,81.28690757035767,10.747570431949379,92.03447800230704,1.5966313746225933,1.3808815271557564,1.076346188902176,1.6152912705117217,101.00502886679521,262.668009769986,561351591844.5631,277535961678459.5
4000.0,1.48,7.792924594022482e+17,2.2936083230450412e+16,3036100909365689.0,281172157892466.38,2771.5847303070695,81.57309529637804,10.798014042794517,92.37110933917255,1.625724909089125,1.3989734391035604,1.080289096849462,1.6453735334360655,100.97051307553411,262.53417363569616,563407954077.7617,281172157892466.38
4000.0,1.5,7.933644180621864e+17,2.33152535225518e+16,3089838244085165.0,284834010557287.8,2785.357045354032,81.85558135046684,10.84785569686635,92.70343704733318,1.6550811968821337,1.417193004847175,1.0842839638325643,1.6757333354065977,100.93646568132154,262.40042709746785,565491414736.882,284834010557287.8
4000.0,1.52,8.075623277270341e+17,2.369755094071143e+16,3144049299696475.0,288521519672923.8,2798.9673998754397,82.13443131581883,10.897105017541355,93.0315363333602,1.6847002380016194,1.4355402243866002,1.0883307898514838,1.7063706764233195,100.90287687336729,262.2675127430542,567601973821.9246,288521519672923.8
4000.0,1.54,8.218861883967916e+17,2.4082975484929292e+16,3198734076199620.0,292234685239374.4,2812.418340155518,82.40970939230749,10.945771456182495,93.35548084848998,1.714582032447582,1.4540150977218362,1.0924295749062194,1.7372855564862297,100.86973712336572,262.13591908526826,569739631332.8888,292234685239374.4
4000.0,1.56,8.363360000714586e+17,2.4471527155205396e+16,3253892573594599.0,295973507256639.44,2825.7123680541763,82.68147842700688,10.993864294661819,93.6753427216687,1.7447265802200216,1.4726176248528824,1.0965803189967722,1.7684779755953297,100.83703717502122,262.00562250398167,571904387269.7754,295973507256639.44
4000.0,1.58,8.50911762751035e+17,2.4863205951539732e+16,3309524791881413.0,299737985724719.2,2838.851941617158,82.94979994418932,11.041392647913824,93.99119259210315,1.7751338813189377,1.4913478057797398,1.1007830221231414,1.7999479337506186,100.80476803405251,261.876600040854,574096241632.5839,299737985724719.2
4000.0,1.6,8.656134764355212e+17,2.5258011873932304e+16,3365630731060061.0,303528120643613.44,2851.839475696812,83.21473417479139,11.088365466512426,94.30309964130382,1.8058039357443312,1.5102056405024076,1.1050376842853271,1.831695430952096,100.7729209586493,261.74882937366806,576315194421.3142,303528120643613.44
4000.0,1.62,8.80441141124917e+17,2.5655944922383116e+16,3422210391130543.5,307343912013322.3,2864.677342581469,83.47634008534068,11.134791539264986,94.61113162460566,1.8367367434962016,1.5291911290208864,1.1093443054833296,1.8637204671997631,100.74148745035697,261.62228879192025,578561245635.9667,307343912013322.3
4000.0,1.64,8.953947568192218e+17,2.605700509689216e+16,3479263772092859.0,311185359833845.5,2877.367872631635,83.73467540633997,11.180679495817474,94.91535490215746,1.8679323045745477,1.5483042713351745,1.1137028857171485,1.8960230424936186,100.71045924536669,261.4971165505045,580834395276.5409,311185359833845.5
4000.0,1.66,9.10474323518437e+17,2.6461192397459456e+16,3536790873947011.5,315052464105183.56,2889.913354921311,83.98979666010518,11.22603780926537,95.21583446937056,1.8993906189793723,1.5675450674452747,1.1181134249867848,1.928603156833663,100.67982830618902,261.3795128377448,583134643343.0376,315052464105183.56
4000.0,1.68,9.256798412225613e+17,2.6868506824084972e+16,3594791696692996.0,318945224827335.94,2902.316037882953,84.24175918805649,11.270874798765433,95.51263398682192,1.931111686710673,1.5869135173511844,1.1225759232922368,1.9614608102198974,100.64958681369127,261.2630869881124,585461989835.4558,318945224827335.94
4000.0,1.7,9.410113099315956e+17,2.7278948376768736e+16,3653266240330818.0,322863642000303.06,2914.5781299546647,84.49061717746197,11.315198632143872,95.80581580960583,1.9630955077684515,1.6064096210529057,1.1270903806335064,1.9945960026523206,100.61972715947947,261.14781789720337,587816434753.7965,322863642000303.06
4000.0,1.72,9.564687296455391e+17,2.769251705551073e+16,3712214504860471.5,326807715624084.6,2926.701800228399,84.7364236876355,11.359017328496922,96.09544101613241,1.995342082152706,1.626033378550437,1.131656797010592,2.0280087341309323,100.59024193860722,261.03368504590077,590197978098.0587,326807715624084.6
4000.0,1.74,9.720521003643924e+17,2.810921286031097e+16,3771636490281961.5,330777445698680.94,2938.6891790980076,84.97923067559096,11.402338760780273,96.38156943637122,2.027851409863438,1.6457847898437798,1.1362751724234947,2.0616990046557335,100.56112394259488,260.9206684781309,592606619868.2433,330777445698680.94
4000.0,1.76,9.877614220881551e+17,2.852903579116943e+16,3831532196595284.0,334772832224091.56,2950.542358906124,85.21908902115615,11.445170658384004,96.66425967954015,2.0606234909006464,1.6656638549329321,1.1409455068722134,2.0956668142267234,100.532366152743,260.80874877967875,595042360064.3495,334772832224091.56
4000.0,1.78,1.003596694816828e+18,2.895198584808615e+16,3891901623800443.0,338793875200317.0,2962.263394588926,85.45604855155027,11.487520609690176,96.94356916124045,2.093658325264333,1.685670573817896,1.1456678003567498,2.129912162843903,100.50396173372563,260.69790705800443,597505198686.3782,338793875200317.0
4000.0,1.8,1.0195579185504097e+18,2.937806303106109e+16,3952744771897434.5,342840574627356.75,2973.854304317966,85.69015806543011,11.529396064610456,97.21955413004058,2.126955912954495,1.7058049464986698,1.150442052877102,2.164435050507271,100.4792350547503,260.58812492300336,599995135734.3285,342840574627356.75
4000.0,1.82,1.0356450932889016e+18,2.9807267340094276e+16,4014061640886262.5,346912930505211.25,2985.317070138279,85.92146535641028,11.570804337101421,97.4922696935117,2.160516253971135,1.7260669729752547,1.1552682644332715,2.199235477216828,100.45535773012341,260.48073436731363,602512171208.2012,346912930505211.25
4000.0,1.84,1.0518582190323028e+18,3.0239598775185696e+16,4075852230766922.5,351010942833880.25,2996.6536386021053,86.15001723606353,11.611752607655493,97.76176984371904,2.1943393483142515,1.7464566532476502,1.1601464350252568,2.2343134429725744,100.4317771278397,260.3800852902539,605056305107.9954,351010942833880.25
4000.0,1.86,1.0681972957806139e+18,3.067505733633536e+16,4138116541539419.5,355134611613363.94,3007.8659213976116,86.37585955640782,11.652247925765678,98.0281074821735,2.2284251959838453,1.7669739873158568,1.1650765646530599,2.26966894777451,100.40848777428222,260.2804011609038,607627537433.712,355134611613363.94
4000.0,1.88,1.084662323533834e+18,3.1113643023543244e+16,4200854573203748.0,359283936843661.9,3018.955795972064,86.5990372318871,11.692297212362433,98.29133444424951,2.262773796979915,1.7876189751798726,1.1700586533166786,2.305301991622634,100.38548432898975,260.1816668486778,610225868185.3502,359283936843661.9
4000.0,1.9,1.101253302291964e+18,3.1555355836809372e+16,4264066325759913.0,363458918524774.6,3029.9251061489604,86.81959426085302,11.731907262221327,98.55150152307435,2.2973851513024623,1.8083916168397,1.1750927010161145,2.341212574516948,100.36276158065476,260.0838675702435,612851297362.9108,363458918524774.6
4000.0,1.92,1.1179702320550036e+18,3.2000195776133736e+16,4327751799207911.5,367659556656701.75,3040.775662738713,87.03757374655592,11.771084746340225,98.80865849289616,2.3322592589514866,1.8292919122953373,1.1801787077513668,2.3774006964574497,100.34031444326408,259.9869888787059,615503824966.3931,367659556656701.75
4000.0,1.94,1.1348131128229528e+18,3.2448162841516348e+16,4391910993547745.0,371885851239443.6,3051.5092441424677,87.25301791765175,11.809836214284891,99.06285413193665,2.3673961199269877,1.8503198615467862,1.185316673522436,2.4138663574441415,100.3181379523761,259.8910166532214,618183450995.7976,371885851239443.6
4000.0,1.96,1.1517819445958118e+18,3.289925703295719e+16,4456543908779412.5,376137802273000.0,3062.1275969487665,87.46596814823462,11.848168096502203,99.31413624473684,2.4027957342289663,1.8714754645940455,1.1905065983293217,2.450609557477022,100.29622726152925,259.7959370890196,620890175451.124,376137802273000.0
4000.0,1.98,1.16887672737358e+18,3.335347835045627e+16,4521650544902915.0,380415409757371.0,3072.6324365227206,87.67646497740228,11.886086706600093,99.56255168400236,2.438458101857421,1.8927587214371155,1.195748482172024,2.487630296556092,100.27457763877607,259.7017366878152,623623998332.3723,380415409757371.0
4000.0,2.0,1.186097461156258e+18,3.3810826794013588e+16,4587230901918252.0,384718673692556.4,3083.025447587487,87.88454812836335,11.923598243593672,99.80814637195702,2.474383222812353,1.9141696320759953,1.2010423250505433,2.52492857468135,100.25318446333816,259.60840224858964,626384919639.5428,384718673692556.4
