name,cls,op,tau,mass,delta,distinct,on_LZ_grid,f_lo,f_L2,f_M,f_hi,N_lo,N_L2,N_M,rho,rho_sig32,physical,grid_model,class4,q2spin,SIlike,B_logu,B_flat,B_jeff,B_P016flat,B_logu_rho,B_flat_rho,B_jeff_rho,B_P016flat_rho,B_logu_rho32,B_flat_rho32,B_jeff_rho32,B_P016flat_rho32,Bmu_logu,Bmu_flat,Bmu_jeff,Bmu_logu_rho,post_uniform,post_uniform_rho,post_classes,post_classes_rho,post_physics,post_physics_rho,post_raw,post_raw_rho,post_heavy,post_heavy_rho
O1s_m10,elastic,O1,s,10,0,True,True,1,0,0,0,inf,inf,inf,0,0,True,True,elastic-isoscalar,False,True,0,0,0,0,0,0,0,0,0,0,0,0,0.709412,0.2542,0.452113,0.709412,0,0,0,0,0,0,0,0,0,0
O1s_m12,elastic,O1,s,12,0,True,True,1,0,0,0,inf,inf,inf,0,6.37887e-78,True,True,elastic-isoscalar,False,True,0,0,0,0,0,0,0,0,0,0,0,0,0.709412,0.2542,0.452113,0.709412,0,0,0,0,0,0,0,0,0,0
O1s_m14,elastic,O1,s,14,0,True,True,1,0,0,0,inf,inf,inf,1.38642e-117,3.76577e-58,True,True,elastic-isoscalar,False,True,0,0,0,0,0,0,0,0,0,0,0,0,0.709412,0.2542,0.452113,0.709412,0,0,0,0,0,0,0,0,0,0
O1s_m17,elastic,O1,s,17,0,True,True,1,0,0,0,inf,inf,inf,3.43208e-78,1.5072e-38,True,True,elastic-isoscalar,False,True,0,0,0,0,0,0,0,0,0,0,0,0,0.709412,0.2542,0.452113,0.709412,0,0,0,0,0,0,0,0,0,0
O1s_m21,elastic,O1,s,21,0,True,True,1,0,0,0,inf,inf,inf,1.83195e-51,2.43674e-25,True,True,elastic-isoscalar,False,True,0,0,0,0,0,0,0,0,0,0,0,0,0.709412,0.2542,0.452113,0.709412,0,0,0,0,0,0,0,0,0,0
O1s_m30,elastic,O1,s,30,0,True,True,0.999956,4.39281e-05,0,0,inf,inf,inf,1.56092e-22,2.39634e-11,True,True,elastic-isoscalar,False,True,0,0,0,0,0,0,0,0,0,0,0,0,0.709412,0.2542,0.452113,0.709412,0,0,0,0,0,0,0,0,0,0
O1s_m40,elastic,O1,s,40,0,True,True,0.998635,0.00136513,0,0,inf,inf,inf,1.72249e-11,2.76634e-06,True,True,elastic-isoscalar,False,True,0,0,0,0,0,0,0,0,0,0,0,0,0.709412,0.2542,0.452113,0.709412,0,0,0,0,0,0,0,0,0,0
O1s_m50,elastic,O1,s,50,0,True,True,0.995945,0.00405494,4.85004e-07,0,inf,inf,inf,3.66761e-06,0.00275237,True,True,elastic-isoscalar,False,True,0,0,0,0,0,0,0,0,0,0,0,0,0.709412,0.254199,0.452113,0.709412,0,0,0,0,0,0,0,0,0,0
O1s_m100,elastic,O1,s,100,0,True,True,0.983566,0.0159901,0.000430583,1.35758e-05,72449.8,1177.84,31.7169,0.22615,0.327605,True,True,elastic-isoscalar,False,True,2.13761e-21,0.000125,0.00172026,1,1.07746e-21,0.000125,0.0016819,1,1.21645e-21,0.000125,0.00168693,1,0.71529,0.267966,0.465005,0.710689,4.3621e-25,2.26881e-25,1.26574e-25,6.34938e-26,1.55368e-25,7.70328e-26,3.33347e-25,1.74385e-25,4.3621e-25,2.26881e-25
O1s_m200,elastic,O1,s,200,0,True,True,0.974535,0.0236451,0.00169932,0.000120313,8099.98,196.529,14.1241,0.31376,0.420295,True,True,elastic-isoscalar,False,True,0.00212681,0.00012509,0.00627268,1,0.001134,0.00012504,0.0053777,1,0.00128813,0.000125047,0.00551664,1,0.761725,0.376535,0.566766,0.725635,4.34008e-07,2.38787e-07,1.25935e-07,6.68256e-08,1.54584e-07,8.10751e-08,3.31664e-07,1.83536e-07,4.34008e-07,2.38787e-07
O1s_m400,elastic,O1,s,400,0,True,True,0.96994,0.0270856,0.00272947,0.000245146,3956.57,110.487,11.134,0.344136,0.453007,True,True,elastic-isoscalar,False,True,0.0278697,0.000143791,0.0108704,1.00002,0.0148362,0.000133742,0.00838843,1.00002,0.0169997,0.00013541,0.00880043,1.00002,0.81594,0.503037,0.685453,0.745775,5.68723e-06,3.12405e-06,1.65025e-06,8.7428e-07,2.02567e-06,1.06071e-06,4.34612e-06,2.40121e-06,5.68723e-06,3.12405e-06
O1s_m1000,elastic,O1,s,1000,0,False,True,0.967362,0.0288798,0.00341582,0.000342266,2826.35,84.3782,9.98003,0.359039,0.469276,True,True,elastic-isoscalar,False,True,0.0620418,0.000198646,0.0146011,1.00006,0.032922,0.00015998,0.010606,1.00006,0.0379303,0.00016663,0.0112931,1.00006,0.858038,0.601111,0.777539,0.762408,0,0,0,0,0,0,9.67506e-06,5.32838e-06,0,0
O1s_m4000,elastic,O1,s,4000,0,True,True,0.966146,0.0297017,0.00375776,0.000394464,2449.26,75.2963,9.52624,0.365622,0.476566,True,True,elastic-isoscalar,False,True,0.0830443,0.00024218,0.0166867,1.0001,0.044003,0.00018105,0.0117983,1.0001,0.0508308,0.000191741,0.0126532,1.0001,0.880637,0.653707,0.826947,0.771614,1.69464e-05,9.26571e-06,4.9173e-06,2.59305e-06,6.03595e-06,3.14598e-06,1.29503e-05,7.12182e-06,1.69464e-05,9.26571e-06
O1v_m10,elastic,O1,v,10,0,False,True,1,0,0,0,inf,inf,inf,0,0,True,True,elastic-isovector,False,True,0,0,0,0,0,0,0,0,0,0,0,0,0.709412,0.2542,0.452113,0.709412,0,0,0,0,0,0,0,0,0,0
O1v_m12,elastic,O1,v,12,0,False,True,1,0,0,0,inf,inf,inf,0,6.37887e-78,True,True,elastic-isovector,False,True,0,0,0,0,0,0,0,0,0,0,0,0,0.709412,0.2542,0.452113,0.709412,0,0,0,0,0,0,0,0,0,0
O1v_m14,elastic,O1,v,14,0,True,True,1,0,0,0,inf,inf,inf,1.38641e-117,3.76573e-58,True,True,elastic-isovector,False,True,0,0,0,0,0,0,0,0,0,0,0,0,0.709412,0.2542,0.452113,0.709412,0,0,0,0,0,0,0,0,0,0
O1v_m17,elastic,O1,v,17,0,True,True,1,0,0,0,inf,inf,inf,3.43202e-78,1.50597e-38,True,True,elastic-isovector,False,True,0,0,0,0,0,0,0,0,0,0,0,0,0.709412,0.2542,0.452113,0.709412,0,0,0,0,0,0,0,0,0,0
O1v_m21,elastic,O1,v,21,0,True,True,1,0,0,0,inf,inf,inf,1.83063e-51,2.42575e-25,True,True,elastic-isovector,False,True,0,0,0,0,0,0,0,0,0,0,0,0,0.709412,0.2542,0.452113,0.709412,0,0,0,0,0,0,0,0,0,0
O1v_m30,elastic,O1,v,30,0,True,True,0.999994,5.5184e-06,0,0,inf,inf,inf,1.44786e-22,1.81653e-11,True,True,elastic-isovector,False,True,0,0,0,0,0,0,0,0,0,0,0,0,0.709412,0.2542,0.452113,0.709412,0,0,0,0,0,0,0,0,0,0
O1v_m40,elastic,O1,v,40,0,True,True,0.999862,0.000138048,0,0,inf,inf,inf,4.9874e-11,7.24927e-06,True,True,elastic-isovector,False,True,0,0,0,0,0,0,0,0,0,0,0,0,0.709412,0.2542,0.452113,0.709412,0,0,0,0,0,0,0,0,0,0
O1v_m50,elastic,O1,v,50,0,True,True,0.999455,0.000542968,1.6002e-06,0,inf,inf,inf,3.08927e-06,0.00199867,True,True,elastic-isovector,False,True,0,0,0,0,0,0,0,0,0,0,0,0,0.709412,0.254199,0.452112,0.709412,0,0,0,0,0,0,0,0,0,0
O1v_m100,elastic,O1,v,100,0,False,True,0.994702,0.00465509,0.00059791,4.49616e-05,22123.4,103.535,13.2982,1.01404,0.896783,True,True,elastic-isovector,False,True,6.53666e-07,0.000125,0.00333863,1,6.59665e-07,0.000125,0.00334282,1,6.0957e-07,0.000125,0.0033078,1,0.729,0.300057,0.495068,0.729276,0,0,0,0,0,0,1.01935e-10,1.06766e-10,0,0
O1v_m200,elastic,O1,v,200,0,True,True,0.988056,0.00934111,0.00201036,0.000592454,1667.73,15.7668,3.39328,1.20266,1.1257,True,True,elastic-isovector,False,True,0.171564,0.000481667,0.0252475,1.0003,0.198274,0.000542249,0.028131,1.0003,0.188131,0.000519243,0.027036,1.0003,0.967698,0.857686,1.01794,1.02012,3.50103e-05,4.17506e-05,1.60575e-05,1.84685e-05,1.24699e-05,1.41756e-05,2.67545e-05,3.20904e-05,3.50103e-05,4.17506e-05
O1v_m400,elastic,O1,v,400,0,True,True,0.983616,0.011983,0.00304602,0.00135451,726.181,8.84677,2.2488,1.24569,1.17293,True,True,elastic-isovector,False,True,0.533184,0.00225469,0.0656462,1.00189,0.641476,0.00272013,0.0776867,1.00189,0.609407,0.00258229,0.074121,1.00189,1.29865,1.62861,1.74184,1.44359,0.000108804,0.000135076,4.99032e-05,5.97509e-05,3.87537e-05,4.58622e-05,8.3147e-05,0.000103822,0.000108804,0.000135076
O1v_m1000,elastic,O1,v,1000,0,False,True,0.980811,0.0134926,0.00370524,0.00199146,492.509,6.77523,1.86057,1.26418,1.19259,True,True,elastic-isovector,False,True,0.832544,0.00470171,0.107293,1.00418,1.02021,0.00580698,0.130313,1.00418,0.969355,0.00550746,0.124075,1.00418,1.57428,2.26901,2.34392,1.80298,0,0,0,0,0,0,0.00012983,0.000165119,0,0
O1v_m4000,elastic,O1,v,4000,0,False,True,0.979418,0.0142063,0.00403047,0.0023454,417.591,6.05708,1.71846,1.27178,1.20062,True,True,elastic-isovector,False,True,0.996715,0.00643383,0.133081,1.00583,1.23078,0.00801766,0.163308,1.00583,1.1695,0.00760295,0.155393,1.00583,1.72706,2.62342,2.67739,2.00391,0,0,0,0,0,0,0.000155432,0.0001992,0,0
O3s_m10,elastic,O3,s,10,0,True,True,1,0,0,0,inf,inf,inf,0,0,True,True,elastic-isoscalar,False,False,0,0,0,0,0,0,0,0,0,0,0,0,0.709412,0.2542,0.452113,0.709412,0,0,0,0,0,0,0,0,0,0
O3s_m12,elastic,O3,s,12,0,True,True,1,0,0,0,inf,inf,inf,0,6.37887e-78,True,True,elastic-isoscalar,False,False,0,0,0,0,0,0,0,0,0,0,0,0,0.709412,0.2542,0.452113,0.709412,0,0,0,0,0,0,0,0,0,0
O3s_m14,elastic,O3,s,14,0,True,True,1,0,0,0,inf,inf,inf,1.38643e-117,3.76587e-58,True,True,elastic-isoscalar,False,False,0,0,0,0,0,0,0,0,0,0,0,0,0.709412,0.2542,0.452113,0.709412,0,0,0,0,0,0,0,0,0,0
O3s_m17,elastic,O3,s,17,0,True,True,1,0,0,0,inf,inf,inf,3.43216e-78,1.50871e-38,True,True,elastic-isoscalar,False,False,0,0,0,0,0,0,0,0,0,0,0,0,0.709412,0.2542,0.452113,0.709412,0,0,0,0,0,0,0,0,0,0
O3s_m21,elastic,O3,s,21,0,True,True,1,0,0,0,inf,inf,inf,1.83346e-51,2.44931e-25,True,True,elastic-isoscalar,False,False,0,0,0,0,0,0,0,0,0,0,0,0,0.709412,0.2542,0.452113,0.709412,0,0,0,0,0,0,0,0,0,0
O3s_m30,elastic,O3,s,30,0,True,True,0.998653,0.00134737,0,0,inf,inf,inf,1.58019e-22,2.51226e-11,True,True,elastic-isoscalar,False,False,0,0,0,0,0,0,0,0,0,0,0,0,0.709412,0.2542,0.452113,0.709412,0,0,0,0,0,0,0,0,0,0
O3s_m40,elastic,O3,s,40,0,True,True,0.964028,0.0359721,0,0,inf,inf,inf,4.73103e-11,6.25376e-06,True,True,elastic-isoscalar,False,False,0,0,0,0,0,0,0,0,0,0,0,0,0.709412,0.2542,0.452113,0.709412,0,0,0,0,0,0,0,0,0,0
O3s_m50,elastic,O3,s,50,0,True,True,0.908743,0.0912533,4.05981e-06,0,inf,inf,inf,2.31212e-06,0.00118188,True,True,elastic-isoscalar,False,False,0,0,0,0,0,0,0,0,0,0,0,0,0.709411,0.254198,0.452111,0.709411,0,0,0,0,0,0,0,0,0,0
O3s_m100,elastic,O3,s,100,0,True,True,0.739966,0.253834,0.00419194,0.00200778,368.549,126.425,2.08785,0.621332,0.692723,True,True,elastic-isoscalar,False,False,0.83952,0.00477011,0.108352,1.00425,0.568106,0.00316135,0.0749831,1.00425,0.619277,0.00346465,0.0812741,1.00425,1.58068,2.28296,2.35746,1.2504,0.000171317,0.000119626,4.97105e-05,3.3478e-05,6.10192e-05,4.06166e-05,0.000130918,9.19471e-05,0.000171317,0.000119626
O3s_m200,elastic,O3,s,200,0,True,True,0.647875,0.318402,0.0165866,0.0171363,37.8073,18.5806,0.967921,0.827512,0.861547,True,True,elastic-isoscalar,False,False,7.31083,0.298618,2.13736,1.29441,6.10361,0.247836,1.77868,1.29441,6.34182,0.257856,1.84946,1.29441,7.86874,16.4953,15.9009,6.63297,0.00149188,0.00128524,0.000432896,0.00035968,0.000531376,0.000436376,0.00114008,0.00098786,0.00149188,0.00128524
O3s_m400,elastic,O3,s,400,0,True,True,0.603829,0.337001,0.0258035,0.0333666,18.0968,10.0999,0.773334,0.886194,0.910174,True,True,elastic-isoscalar,False,False,13.6854,1.05518,5.45515,2.04726,12.1703,0.935996,4.84336,2.04726,12.4895,0.961109,4.97227,2.04726,14.1778,30.0783,29.1574,12.644,0.00279271,0.00256269,0.000810354,0.000717182,0.000994703,0.00087011,0.00213416,0.00196974,0.00279271,0.00256269
O3s_m1000,elastic,O3,s,1000,0,True,True,0.57963,0.343684,0.0315174,0.0451684,12.8327,7.60896,0.697775,0.912913,0.932357,True,True,elastic-isoscalar,False,False,18.0617,1.84841,8.27862,2.83794,16.5235,1.68835,7.56561,2.83794,16.8669,1.72408,7.7248,2.83794,18.5232,39.0506,38.0965,16.9709,0.00368576,0.00347934,0.00106949,0.000973712,0.00131279,0.00118134,0.00281662,0.0026743,0.00368576,0.00347934
O3s_m4000,elastic,O3,s,4000,0,True,True,0.568448,0.346055,0.0342338,0.0512634,11.0888,6.75053,0.667802,0.924096,0.941721,True,True,elastic-isoscalar,False,False,20.2469,2.32878,9.83208,3.31703,18.7412,2.15291,9.09312,3.31703,19.0908,2.19374,9.26471,3.31703,20.6952,43.4189,42.5058,19.1773,0.00413168,0.00394632,0.00119888,0.0011044,0.00147161,0.00133989,0.00315738,0.00303323,0.00413168,0.00394632
O3v_m10,elastic,O3,v,10,0,False,True,1,0,0,0,inf,inf,inf,0,0,True,True,elastic-isovector,False,False,0,0,0,0,0,0,0,0,0,0,0,0,0.709412,0.2542,0.452113,0.709412,0,0,0,0,0,0,0,0,0,0
O3v_m12,elastic,O3,v,12,0,True,True,1,0,0,0,inf,inf,inf,0,6.37887e-78,True,True,elastic-isovector,False,False,0,0,0,0,0,0,0,0,0,0,0,0,0.709412,0.2542,0.452113,0.709412,0,0,0,0,0,0,0,0,0,0
O3v_m14,elastic,O3,v,14,0,True,True,1,0,0,0,inf,inf,inf,1.38822e-117,3.76557e-58,True,True,elastic-isovector,False,False,0,0,0,0,0,0,0,0,0,0,0,0,0.709412,0.2542,0.452113,0.709412,0,0,0,0,0,0,0,0,0,0
O3v_m17,elastic,O3,v,17,0,True,True,1,0,0,0,inf,inf,inf,3.43182e-78,1.50191e-38,True,True,elastic-isovector,False,False,0,0,0,0,0,0,0,0,0,0,0,0,0.709412,0.2542,0.452113,0.709412,0,0,0,0,0,0,0,0,0,0
O3v_m21,elastic,O3,v,21,0,True,True,1,0,0,0,inf,inf,inf,1.82957e-51,2.41696e-25,True,True,elastic-isovector,False,False,0,0,0,0,0,0,0,0,0,0,0,0,0.709412,0.2542,0.452113,0.709412,0,0,0,0,0,0,0,0,0,0
O3v_m30,elastic,O3,v,30,0,True,True,0.999089,0.000910937,0,0,inf,inf,inf,1.65016e-22,2.90123e-11,True,True,elastic-isovector,False,False,0,0,0,0,0,0,0,0,0,0,0,0,0.709412,0.2542,0.452113,0.709412,0,0,0,0,0,0,0,0,0,0
O3v_m40,elastic,O3,v,40,0,True,True,0.971706,0.0282941,0,0,inf,inf,inf,5.82475e-11,8.31786e-06,True,True,elastic-isovector,False,False,0,0,0,0,0,0,0,0,0,0,0,0,0.709412,0.2542,0.452113,0.709412,0,0,0,0,0,0,0,0,0,0
O3v_m50,elastic,O3,v,50,0,True,True,0.915523,0.0842198,0.000256892,0,inf,inf,inf,3.41479e-06,0.00234578,True,True,elastic-isovector,False,False,0,0,0,0,0,0,0,0,0,0,0,0,0.709373,0.254111,0.452028,0.709373,0,0,0,0,0,0,0,0,0,0
O3v_m100,elastic,O3,v,100,0,True,True,0.617649,0.284672,0.092796,0.00488238,126.506,58.306,19.0063,0.336416,0.413338,True,True,elastic-isovector,False,False,1.89974,0.0214217,0.309266,1.02032,0.763381,0.00794029,0.123673,1.02032,0.895108,0.00950305,0.145187,1.02032,2.57022,4.22655,4.34423,1.32612,0.000387671,0.000160745,0.000177806,7.11058e-05,0.00013808,5.45777e-05,0.000296254,0.000123552,0.000387671,0.000160745
O3v_m200,elastic,O3,v,200,0,True,True,0.419999,0.324768,0.226067,0.0291665,14.4,11.135,7.7509,0.478318,0.545733,True,True,elastic-isovector,False,False,9.44738,0.515173,3.16855,1.50972,4.69349,0.24926,1.5498,1.50972,5.30782,0.283623,1.75899,1.50972,9.95243,17.2803,18.3749,5.11306,0.00192788,0.000988307,0.000884224,0.000437179,0.000686668,0.00033556,0.00147326,0.000759634,0.00192788,0.000988307
O3v_m400,elastic,O3,v,400,0,True,True,0.343587,0.320527,0.287542,0.0483436,7.10718,6.63019,5.94788,0.524797,0.589992,True,True,elastic-isovector,False,False,14.3155,1.19441,5.91238,2.18613,7.69068,0.630762,3.14121,2.18613,8.59958,0.708092,3.5214,2.18613,14.7694,24.3292,26.7141,8.06799,0.0029213,0.00161943,0.00133986,0.000716355,0.0010405,0.000549843,0.00223243,0.00124472,0.0029213,0.00161943
O3v_m1000,elastic,O3,v,1000,0,True,True,0.307917,0.314365,0.317542,0.0601754,5.11699,5.22414,5.27694,0.54683,0.611083,True,True,elastic-isovector,False,False,17.0548,1.70261,7.69467,2.69273,9.50334,0.935519,4.24767,2.69273,10.574,1.04428,4.73641,2.69273,17.4857,27.9359,31.2003,9.86214,0.00348028,0.00200112,0.00159624,0.000885197,0.0012396,0.000679439,0.00265959,0.0015381,0.00348028,0.00200112
O3v_m4000,elastic,O3,v,4000,0,True,True,0.292879,0.311111,0.330184,0.0658262,4.44928,4.72625,5.01599,0.556159,0.620226,True,True,elastic-isovector,False,False,18.3116,1.96622,8.56424,2.95561,10.3608,1.09825,4.80368,2.95561,11.5085,1.22353,5.3465,2.95561,18.733,29.522,33.2177,10.712,0.00373675,0.00218168,0.00171387,0.000965069,0.00133095,0.000740745,0.00285559,0.00167688,0.00373675,0.00218168
O4s_m10,elastic,O4,s,10,0,False,True,1,0,0,0,inf,inf,inf,0,0,True,True,elastic-isoscalar,False,False,0,0,0,0,0,0,0,0,0,0,0,0,0.709412,0.2542,0.452113,0.709412,0,0,0,0,0,0,0,0,0,0
O4s_m12,elastic,O4,s,12,0,False,True,1,0,0,0,inf,inf,inf,0,6.37887e-78,True,True,elastic-isoscalar,False,False,0,0,0,0,0,0,0,0,0,0,0,0,0.709412,0.2542,0.452113,0.709412,0,0,0,0,0,0,0,0,0,0
O4s_m14,elastic,O4,s,14,0,False,True,1,0,0,0,inf,inf,inf,1.3864e-117,3.7659e-58,True,True,elastic-isoscalar,False,False,0,0,0,0,0,0,0,0,0,0,0,0,0.709412,0.2542,0.452113,0.709412,0,0,0,0,0,0,0,0,0,0
O4s_m17,elastic,O4,s,17,0,False,True,1,0,0,0,inf,inf,inf,3.43224e-78,1.51038e-38,True,True,elastic-isoscalar,False,False,0,0,0,0,0,0,0,0,0,0,0,0,0.709412,0.2542,0.452113,0.709412,0,0,0,0,0,0,0,0,0,0
O4s_m21,elastic,O4,s,21,0,False,True,1,0,0,0,inf,inf,inf,1.83414e-51,2.4549e-25,True,True,elastic-isoscalar,False,False,0,0,0,0,0,0,0,0,0,0,0,0,0.709412,0.2542,0.452113,0.709412,0,0,0,0,0,0,0,0,0,0
O4s_m30,elastic,O4,s,30,0,False,True,0.999867,0.000132916,0,0,inf,inf,inf,1.59172e-22,2.57617e-11,True,True,elastic-isoscalar,False,False,0,0,0,0,0,0,0,0,0,0,0,0,0.709412,0.2542,0.452113,0.709412,0,0,0,0,0,0,0,0,0,0
O4s_m40,elastic,O4,s,40,0,True,True,0.994604,0.0053961,0,0,inf,inf,inf,4.71699e-11,6.54882e-06,True,True,elastic-isoscalar,False,False,0,0,0,0,0,0,0,0,0,0,0,0,0.709412,0.2542,0.452113,0.709412,0,0,0,0,0,0,0,0,0,0
O4s_m50,elastic,O4,s,50,0,True,True,0.980956,0.0190234,2.09296e-05,0,inf,inf,inf,3.32922e-06,0.00221388,True,True,elastic-isoscalar,False,False,0,0,0,0,0,0,0,0,0,0,0,0,0.709409,0.254192,0.452106,0.709409,0,0,0,0,0,0,0,0,0,0
O4s_m100,elastic,O4,s,100,0,True,True,0.888984,0.0984278,0.01159,0.000997709,891.026,98.6538,11.6166,0.500052,0.534547,True,True,elastic-isoscalar,False,False,0.357391,0.00123698,0.0446662,1.00097,0.213702,0.000754139,0.0294318,1.00097,0.223617,0.000787454,0.030483,1.00097,1.13705,1.24403,1.38445,0.922298,7.2931e-05,4.49993e-05,2.11622e-05,1.25933e-05,2.59764e-05,1.52786e-05,5.57331e-05,3.45874e-05,7.2931e-05,4.49993e-05
O4s_m200,elastic,O4,s,200,0,True,True,0.797995,0.152333,0.0404038,0.00926837,86.0987,16.4357,4.35932,0.713388,0.729763,True,True,elastic-isoscalar,False,False,3.87845,0.0848899,0.843765,1.08266,2.83906,0.0611984,0.614006,1.08266,2.89845,0.062552,0.627133,1.08266,4.49376,8.71017,8.55516,3.40702,0.000791456,0.000597821,0.000229654,0.000167303,0.000281899,0.000202978,0.000604822,0.000459498,0.000791456,0.000597821
O4s_m400,elastic,O4,s,400,0,True,True,0.747209,0.173566,0.0606307,0.0185948,40.1838,9.33412,3.26063,0.778803,0.791274,True,True,elastic-isoscalar,False,False,7.46182,0.313779,2.21066,1.30948,5.88062,0.245323,1.7346,1.30948,5.96977,0.249182,1.76144,1.30948,8.01159,16.1192,15.8641,6.39383,0.0015227,0.00123828,0.000441836,0.000346539,0.000542351,0.000420434,0.00116363,0.00095177,0.0015227,0.00123828
O4s_m1000,elastic,O4,s,1000,0,True,True,0.718223,0.183274,0.0729019,0.0256007,28.0548,7.15894,2.84765,0.808873,0.820073,True,True,elastic-isoscalar,False,False,9.99692,0.565645,3.42067,1.55988,8.15148,0.458638,2.77983,1.55988,8.25962,0.464909,2.81738,1.55988,10.5155,21.1733,20.9555,8.63858,0.00204002,0.00171646,0.000591947,0.000480359,0.000726611,0.000582788,0.00155896,0.0013193,0.00204002,0.00171646
O4s_m4000,elastic,O4,s,4000,0,True,True,0.704631,0.187392,0.0787209,0.0292555,24.0855,6.40537,2.69081,0.82178,0.832494,True,True,elastic-isoscalar,False,False,11.2754,0.721248,4.09651,1.71474,9.32881,0.593868,3.37925,1.71474,9.44583,0.601526,3.42237,1.71474,11.7808,23.6616,23.4947,9.80489,0.00230092,0.00196437,0.000667652,0.000549737,0.000819538,0.00066696,0.00175834,0.00150985,0.00230092,0.00196437
O4v_m10,elastic,O4,v,10,0,False,True,1,0,0,0,inf,inf,inf,0,0,True,True,elastic-isovector,False,False,0,0,0,0,0,0,0,0,0,0,0,0,0.709412,0.2542,0.452113,0.709412,0,0,0,0,0,0,0,0,0,0
O4v_m12,elastic,O4,v,12,0,False,True,1,0,0,0,inf,inf,inf,0,6.37887e-78,True,True,elastic-isovector,False,False,0,0,0,0,0,0,0,0,0,0,0,0,0.709412,0.2542,0.452113,0.709412,0,0,0,0,0,0,0,0,0,0
O4v_m14,elastic,O4,v,14,0,False,True,1,0,0,0,inf,inf,inf,1.3864e-117,3.7659e-58,True,True,elastic-isovector,False,False,0,0,0,0,0,0,0,0,0,0,0,0,0.709412,0.2542,0.452113,0.709412,0,0,0,0,0,0,0,0,0,0
O4v_m17,elastic,O4,v,17,0,False,True,1,0,0,0,inf,inf,inf,3.43224e-78,1.51035e-38,True,True,elastic-isovector,False,False,0,0,0,0,0,0,0,0,0,0,0,0,0.709412,0.2542,0.452113,0.709412,0,0,0,0,0,0,0,0,0,0
O4v_m21,elastic,O4,v,21,0,False,True,1,0,0,0,inf,inf,inf,1.83412e-51,2.45475e-25,True,True,elastic-isovector,False,False,0,0,0,0,0,0,0,0,0,0,0,0,0.709412,0.2542,0.452113,0.709412,0,0,0,0,0,0,0,0,0,0
O4v_m30,elastic,O4,v,30,0,False,True,0.999862,0.000137857,0,0,inf,inf,inf,1.59343e-22,2.58558e-11,True,True,elastic-isovector,False,False,0,0,0,0,0,0,0,0,0,0,0,0,0.709412,0.2542,0.452113,0.709412,0,0,0,0,0,0,0,0,0,0
O4v_m40,elastic,O4,v,40,0,False,True,0.994394,0.00560567,0,0,inf,inf,inf,4.7546e-11,6.59394e-06,True,True,elastic-isovector,False,False,0,0,0,0,0,0,0,0,0,0,0,0,0.709412,0.2542,0.452113,0.709412,0,0,0,0,0,0,0,0,0,0
O4v_m50,elastic,O4,v,50,0,False,True,0.980232,0.0197466,2.12202e-05,0,inf,inf,inf,3.3168e-06,0.00220072,True,True,elastic-isovector,False,False,0,0,0,0,0,0,0,0,0,0,0,0,0.709409,0.254192,0.452106,0.709409,0,0,0,0,0,0,0,0,0,0
O4v_m100,elastic,O4,v,100,0,False,True,0.885899,0.101653,0.0114977,0.000950251,932.279,106.975,12.0997,0.500671,0.532556,True,True,elastic-isovector,False,False,0.33506,0.00112876,0.0421858,1.00087,0.201097,0.000695045,0.0280389,1.00087,0.209652,0.000722741,0.0289423,1.00087,1.11671,1.1971,1.34018,0.912395,0,0,0,0,0,0,5.22507e-05,3.25473e-05,0,0
O4v_m200,elastic,O4,v,200,0,False,True,0.794354,0.156967,0.0398421,0.00883694,89.8902,17.7626,4.50858,0.717591,0.732261,True,True,elastic-isovector,False,False,3.7026,0.077452,0.788931,1.07532,2.7269,0.05618,0.577754,1.07532,2.77759,0.0572849,0.588723,1.07532,4.32225,8.33457,8.19168,3.29992,0,0,0,0,0,0,0.000577399,0.000441345,0,0
O4v_m400,elastic,O4,v,400,0,False,True,0.743821,0.178764,0.0596772,0.0177381,41.9335,10.0779,3.36435,0.78405,0.795459,True,True,elastic-isovector,False,False,7.13718,0.286975,2.06927,1.28287,5.66268,0.22589,1.63475,1.28287,5.74058,0.229117,1.65771,1.28287,7.69149,15.4498,15.2015,6.18128,0,0,0,0,0,0,0.001113,0.000916496,0,0
O4v_m1000,elastic,O4,v,1000,0,False,True,0.715108,0.188754,0.0717028,0.0244351,29.2656,7.72473,2.93442,0.814578,0.825081,True,True,elastic-isovector,False,False,9.57411,0.518483,3.20667,1.51296,7.86138,0.423369,2.62437,1.51296,7.9584,0.428757,2.65735,1.51296,10.0973,20.3261,20.1037,8.35399,0,0,0,0,0,0,0.00149303,0.00127235,0,0
O4v_m4000,elastic,O4,v,4000,0,False,True,0.701665,0.192999,0.0774097,0.0279254,25.1264,6.91126,2.77202,0.827626,0.837814,True,True,elastic-isovector,False,False,10.8029,0.661581,3.84206,1.65534,9.00084,0.548617,3.19192,1.65534,9.10734,0.555294,3.23035,1.65534,11.3128,22.7284,22.5491,9.48247,0,0,0,0,0,0,0.00168464,0.00145677,0,0
O5s_m10,elastic,O5,s,10,0,True,True,1,0,0,0,inf,inf,inf,0,0,True,True,elastic-isoscalar,False,False,0,0,0,0,0,0,0,0,0,0,0,0,0.709412,0.2542,0.452113,0.709412,0,0,0,0,0,0,0,0,0,0
O5s_m12,elastic,O5,s,12,0,True,True,1,0,0,0,inf,inf,inf,0,6.37887e-78,True,True,elastic-isoscalar,False,False,0,0,0,0,0,0,0,0,0,0,0,0,0.709412,0.2542,0.452113,0.709412,0,0,0,0,0,0,0,0,0,0
O5s_m14,elastic,O5,s,14,0,True,True,1,0,0,0,inf,inf,inf,1.46017e-117,3.76541e-58,True,True,elastic-isoscalar,False,False,0,0,0,0,0,0,0,0,0,0,0,0,0.709412,0.2542,0.452113,0.709412,0,0,0,0,0,0,0,0,0,0
O5s_m17,elastic,O5,s,17,0,True,True,1,0,0,0,inf,inf,inf,3.43178e-78,1.501e-38,True,True,elastic-isoscalar,False,False,0,0,0,0,0,0,0,0,0,0,0,0,0.709412,0.2542,0.452113,0.709412,0,0,0,0,0,0,0,0,0,0
O5s_m21,elastic,O5,s,21,0,True,True,1,0,0,0,inf,inf,inf,1.82887e-51,2.41105e-25,True,True,elastic-isoscalar,False,False,0,0,0,0,0,0,0,0,0,0,0,0,0.709412,0.2542,0.452113,0.709412,0,0,0,0,0,0,0,0,0,0
O5s_m30,elastic,O5,s,30,0,True,True,0.999822,0.000178016,0,0,inf,inf,inf,1.51099e-22,2.15663e-11,True,True,elastic-isoscalar,False,False,0,0,0,0,0,0,0,0,0,0,0,0,0.709412,0.2542,0.452113,0.709412,0,0,0,0,0,0,0,0,0,0
O5s_m40,elastic,O5,s,40,0,True,True,0.992016,0.00798415,0,0,inf,inf,inf,4.16538e-11,5.9135e-06,True,True,elastic-isoscalar,False,False,0,0,0,0,0,0,0,0,0,0,0,0,0.709412,0.2542,0.452113,0.709412,0,0,0,0,0,0,0,0,0,0
O5s_m50,elastic,O5,s,50,0,True,True,0.974423,0.0255545,2.2176e-05,0,inf,inf,inf,3.36667e-06,0.00226564,True,True,elastic-isoscalar,False,False,0,0,0,0,0,0,0,0,0,0,0,0,0.709408,0.254192,0.452106,0.709408,0,0,0,0,0,0,0,0,0,0
O5s_m100,elastic,O5,s,100,0,True,True,0.87984,0.104849,0.0133358,0.00197472,445.552,53.0959,6.75327,0.62023,0.637222,True,True,elastic-isoscalar,False,False,0.812238,0.00451604,0.104316,1.00401,0.549465,0.00299357,0.0722683,1.00401,0.561222,0.00306169,0.0737022,1.00401,1.55403,2.20408,2.29109,1.23239,0.000165749,0.000115701,4.8095e-05,3.23794e-05,5.90363e-05,3.92838e-05,0.000126664,8.893e-05,0.000165749,0.000115701
O5s_m200,elastic,O5,s,200,0,True,True,0.787464,0.148215,0.0460116,0.0183098,43.0077,8.09482,2.51294,0.862409,0.864028,True,True,elastic-isoscalar,False,False,7.49347,0.3156,2.22225,1.31128,6.50564,0.27277,1.92455,1.31128,6.51726,0.273274,1.92805,1.31128,8.04482,16.4184,16.047,7.03423,0.00152915,0.00136989,0.00044371,0.000383371,0.000544651,0.000465119,0.00116856,0.00105293,0.00152915,0.00136989
O5s_m400,elastic,O5,s,400,0,True,True,0.732961,0.162483,0.0683063,0.0362493,20.22,4.48238,1.88435,0.930564,0.930065,True,True,elastic-isoscalar,False,False,14.0079,1.11449,5.66637,2.10638,13.0612,1.03766,5.27849,2.10638,13.0544,1.03711,5.2757,2.10638,14.4918,29.488,29.1848,13.5337,0.00285852,0.0027503,0.000829449,0.000769684,0.00101814,0.000933807,0.00218445,0.00211394,0.00285852,0.0027503
O5s_m1000,elastic,O5,s,1000,0,True,True,0.700983,0.168053,0.0815291,0.0494344,14.1801,3.39952,1.64924,0.960938,0.96001,True,True,elastic-isoscalar,False,False,18.4376,1.94349,8.56794,2.9328,17.733,1.86799,8.23686,2.9328,17.7162,1.86619,8.22899,2.9328,18.8896,37.8656,37.8703,18.1787,0.00376246,0.00373403,0.00109174,0.00104499,0.00134011,0.00126782,0.00287523,0.00287006,0.00376246,0.00373403
O5s_m4000,elastic,O5,s,4000,0,True,True,0.685922,0.170176,0.0877123,0.0561896,12.2073,3.02861,1.561,0.973587,0.972571,True,True,elastic-isoscalar,False,False,20.6071,2.43484,10.132,3.42288,20.0737,2.37085,9.86696,3.42288,20.0532,2.36838,9.85676,3.42288,21.0458,41.8162,42.0465,20.5081,0.00420519,0.00422692,0.00122021,0.00118292,0.0014978,0.00143516,0.00321356,0.0032489,0.00420519,0.00422692
O5v_m10,elastic,O5,v,10,0,True,True,1,0,0,0,inf,inf,inf,0,0,True,True,elastic-isovector,True,False,0,0,0,0,0,0,0,0,0,0,0,0,0.709412,0.2542,0.452113,0.709412,0,0,0,0,0,0,0,0,0,0
O5v_m12,elastic,O5,v,12,0,True,True,1,0,0,0,inf,inf,inf,0,6.37887e-78,True,True,elastic-isovector,True,False,0,0,0,0,0,0,0,0,0,0,0,0,0.709412,0.2542,0.452113,0.709412,0,0,0,0,0,0,0,0,0,0
O5v_m14,elastic,O5,v,14,0,True,True,1,0,0,0,inf,inf,inf,1.31163e-117,3.76586e-58,True,True,elastic-isovector,True,False,0,0,0,0,0,0,0,0,0,0,0,0,0.709412,0.2542,0.452113,0.709412,0,0,0,0,0,0,0,0,0,0
O5v_m17,elastic,O5,v,17,0,True,True,1,0,0,0,inf,inf,inf,3.4322e-78,1.50964e-38,True,True,elastic-isovector,True,False,0,0,0,0,0,0,0,0,0,0,0,0,0.709412,0.2542,0.452113,0.709412,0,0,0,0,0,0,0,0,0,0
O5v_m21,elastic,O5,v,21,0,True,True,1,0,0,0,inf,inf,inf,1.83452e-51,2.45804e-25,True,True,elastic-isovector,True,False,0,0,0,0,0,0,0,0,0,0,0,0,0.709412,0.2542,0.452113,0.709412,0,0,0,0,0,0,0,0,0,0
O5v_m30,elastic,O5,v,30,0,True,True,0.998613,0.00138695,0,0,inf,inf,inf,1.60935e-22,2.67749e-11,True,True,elastic-isovector,True,False,0,0,0,0,0,0,0,0,0,0,0,0,0.709412,0.2542,0.452113,0.709412,0,0,0,0,0,0,0,0,0,0
O5v_m40,elastic,O5,v,40,0,True,True,0.955598,0.0444021,0,0,inf,inf,inf,5.5142e-11,7.7315e-06,True,True,elastic-isovector,True,False,0,0,0,0,0,0,0,0,0,0,0,0,0.709412,0.2542,0.452113,0.709412,0,0,0,0,0,0,0,0,0,0
O5v_m50,elastic,O5,v,50,0,True,True,0.870611,0.129096,0.000293031,0,inf,inf,inf,3.42284e-06,0.00232728,True,True,elastic-isovector,True,False,0,0,0,0,0,0,0,0,0,0,0,0,0.709367,0.254098,0.452016,0.709367,0,0,0,0,0,0,0,0,0,0
O5v_m100,elastic,O5,v,100,0,True,True,0.5197,0.371857,0.0920461,0.0163972,31.6944,22.6781,5.61352,0.651479,0.669242,True,True,elastic-isovector,True,False,6.34258,0.227864,1.74112,1.22421,4.23581,0.14972,1.15306,1.22421,4.34319,0.153703,1.18304,1.22421,6.9042,13.3453,13.3421,4.7398,0.0012943,0.000891933,0.000593632,0.000394548,0.000461001,0.000302838,0.000989089,0.000685559,0.0012943,0.000891933
O5v_m200,elastic,O5,v,200,0,True,True,0.318657,0.37341,0.206882,0.101052,3.15341,3.69524,2.04729,0.899576,0.900093,True,True,elastic-isovector,True,False,30.6489,5.50148,18.5178,6.48365,27.6161,4.95079,16.6701,6.48365,27.6317,4.95362,16.6796,6.48365,31.0235,53.4929,57.8127,27.9753,0.00625437,0.00581511,0.00286858,0.00257232,0.00222767,0.0019744,0.00477952,0.00446962,0.00625437,0.00581511
O5v_m400,elastic,O5,v,400,0,True,True,0.244679,0.342413,0.249252,0.163656,1.49508,2.09228,1.52303,0.968306,0.965737,True,True,elastic-isovector,True,False,44.5365,11.7328,32.5572,12.7069,43.1403,11.3618,31.5298,12.7069,43.0271,11.3317,31.4465,12.7069,44.8539,70.9155,80.1167,43.4532,0.00908833,0.00908404,0.00416838,0.00401834,0.00323706,0.0030843,0.00694521,0.00698219,0.00908833,0.00908404
O5v_m1000,elastic,O5,v,1000,0,True,True,0.211207,0.321725,0.266408,0.20066,1.05256,1.60334,1.32766,0.998794,0.995303,True,True,elastic-isovector,True,False,51.8355,15.9532,40.9397,16.923,51.7736,15.934,40.8905,16.923,51.5944,15.8784,40.7481,16.923,52.127,78.8361,91.0813,52.0649,0.0105778,0.010902,0.00485153,0.0048225,0.00376758,0.00370154,0.00808345,0.00837948,0.0105778,0.010902
O5v_m4000,elastic,O5,v,4000,0,True,True,0.197434,0.312171,0.272793,0.217602,0.907318,1.4346,1.25364,1.01161,1.00779,True,True,elastic-isovector,True,False,55.0049,17.9886,44.7757,18.9565,55.6378,18.1971,45.2937,18.9565,55.4297,18.1285,45.1234,18.9565,55.2856,82.0465,95.6962,55.92,0.0112246,0.0117156,0.00514817,0.00518243,0.00399795,0.00397781,0.0085777,0.00900488,0.0112246,0.0117156
O6s_m10,elastic,O6,s,10,0,False,True,1,0,0,0,inf,inf,inf,0,0,True,True,elastic-isoscalar,True,False,0,0,0,0,0,0,0,0,0,0,0,0,0.709412,0.2542,0.452113,0.709412,0,0,0,0,0,0,0,0,0,0
O6s_m12,elastic,O6,s,12,0,True,True,1,0,0,0,inf,inf,inf,0,6.37887e-78,True,True,elastic-isoscalar,True,False,0,0,0,0,0,0,0,0,0,0,0,0,0.709412,0.2542,0.452113,0.709412,0,0,0,0,0,0,0,0,0,0
O6s_m14,elastic,O6,s,14,0,True,True,1,0,0,0,inf,inf,inf,0,3.76602e-58,True,True,elastic-isoscalar,True,False,0,0,0,0,0,0,0,0,0,0,0,0,0.709412,0.2542,0.452113,0.709412,0,0,0,0,0,0,0,0,0,0
O6s_m17,elastic,O6,s,17,0,True,True,1,0,0,0,inf,inf,inf,3.43233e-78,1.51233e-38,True,True,elastic-isoscalar,True,False,0,0,0,0,0,0,0,0,0,0,0,0,0.709412,0.2542,0.452113,0.709412,0,0,0,0,0,0,0,0,0,0
O6s_m21,elastic,O6,s,21,0,True,True,1,0,0,0,inf,inf,inf,1.83588e-51,2.46925e-25,True,True,elastic-isoscalar,True,False,0,0,0,0,0,0,0,0,0,0,0,0,0.709412,0.2542,0.452113,0.709412,0,0,0,0,0,0,0,0,0,0
O6s_m30,elastic,O6,s,30,0,True,True,0.996573,0.0034266,0,0,inf,inf,inf,1.61254e-22,2.69714e-11,True,True,elastic-isoscalar,True,False,0,0,0,0,0,0,0,0,0,0,0,0,0.709412,0.2542,0.452113,0.709412,0,0,0,0,0,0,0,0,0,0
O6s_m40,elastic,O6,s,40,0,False,True,0.907528,0.0924725,0,0,inf,inf,inf,5.05983e-11,7.13663e-06,True,True,elastic-isoscalar,True,False,0,0,0,0,0,0,0,0,0,0,0,0,0.709412,0.2542,0.452113,0.709412,0,0,0,0,0,0,0,0,0,0
O6s_m50,elastic,O6,s,50,0,True,True,0.760583,0.238628,0.000789434,0,inf,inf,inf,3.43773e-06,0.00235519,True,True,elastic-isoscalar,True,False,0,0,0,0,0,0,0,0,0,0,0,0,0.709291,0.253927,0.451853,0.709291,0,0,0,0,0,0,0,0,0,0
O6s_m100,elastic,O6,s,100,0,True,True,0.325247,0.48121,0.166833,0.0267106,12.1767,18.0157,6.24594,0.617936,0.640815,True,True,elastic-isoscalar,True,False,9.28494,0.494302,3.07984,1.48895,5.86489,0.307493,1.92801,1.48895,6.06969,0.31868,1.99699,1.48895,9.79891,17.9836,18.6026,6.31611,0.00189473,0.00123497,0.000549789,0.000345612,0.000674861,0.000419309,0.00144793,0.000949224,0.00189473,0.00123497
O6s_m200,elastic,O6,s,200,0,True,True,0.165848,0.401039,0.30273,0.130383,1.272,3.07585,2.32185,0.863431,0.870343,True,True,elastic-isoscalar,True,False,34.8442,7.17511,22.5234,8.15482,30.1484,6.19798,19.4646,8.15482,30.3861,6.24744,19.6194,8.15482,35.1891,54.489,62.1238,30.4732,0.00711047,0.00634834,0.00206323,0.00177662,0.00253259,0.00215545,0.00543375,0.00487947,0.00711047,0.00634834
O6s_m400,elastic,O6,s,400,0,True,True,0.119722,0.345572,0.33927,0.195436,0.61259,1.76821,1.73596,0.932994,0.937648,True,True,elastic-isoscalar,True,False,47.5119,13.4289,35.9518,14.4012,44.3612,12.5309,33.5526,14.4012,44.58,12.5933,33.7193,14.4012,47.8067,68.2965,81.1288,44.6468,0.00969552,0.00934112,0.00281332,0.00261416,0.00345333,0.00317159,0.00740921,0.00717978,0.00969552,0.00934112
O6s_m1000,elastic,O6,s,1000,0,True,True,0.100668,0.31618,0.351389,0.231763,0.434357,1.36424,1.51615,0.964026,0.968257,True,True,elastic-isoscalar,True,False,54.0018,17.3891,43.6046,18.3576,52.0772,16.7647,42.0416,18.3576,52.3035,16.8382,42.2254,18.3576,54.274,74.6725,90.4075,52.3447,0.0110199,0.0109659,0.00319761,0.00306886,0.00392504,0.00372325,0.00842127,0.00842862,0.0110199,0.0109659
O6s_m4000,elastic,O6,s,4000,0,True,True,0.0931281,0.303612,0.355313,0.247946,0.375598,1.22451,1.43302,0.977113,0.981235,True,True,elastic-isoscalar,True,False,56.7901,19.2479,47.0413,20.2147,55.502,18.8081,45.9683,20.2147,55.734,18.8873,46.1616,20.2147,57.0531,77.2948,94.3142,55.762,0.0115889,0.011687,0.00336271,0.00327068,0.0041277,0.0039681,0.00885609,0.00898291,0.0115889,0.011687
O6v_m10,elastic,O6,v,10,0,False,True,1,0,0,0,inf,inf,inf,0,0,True,True,elastic-isovector,True,False,0,0,0,0,0,0,0,0,0,0,0,0,0.709412,0.2542,0.452113,0.709412,0,0,0,0,0,0,0,0,0,0
O6v_m12,elastic,O6,v,12,0,False,True,1,0,0,0,inf,inf,inf,0,6.37887e-78,True,True,elastic-isovector,True,False,0,0,0,0,0,0,0,0,0,0,0,0,0.709412,0.2542,0.452113,0.709412,0,0,0,0,0,0,0,0,0,0
O6v_m14,elastic,O6,v,14,0,False,True,1,0,0,0,inf,inf,inf,0,3.76602e-58,True,True,elastic-isovector,True,False,0,0,0,0,0,0,0,0,0,0,0,0,0.709412,0.2542,0.452113,0.709412,0,0,0,0,0,0,0,0,0,0
O6v_m17,elastic,O6,v,17,0,False,True,1,0,0,0,inf,inf,inf,3.43234e-78,1.51236e-38,True,True,elastic-isovector,True,False,0,0,0,0,0,0,0,0,0,0,0,0,0.709412,0.2542,0.452113,0.709412,0,0,0,0,0,0,0,0,0,0
O6v_m21,elastic,O6,v,21,0,False,True,1,0,0,0,inf,inf,inf,1.83592e-51,2.46962e-25,True,True,elastic-isovector,True,False,0,0,0,0,0,0,0,0,0,0,0,0,0.709412,0.2542,0.452113,0.709412,0,0,0,0,0,0,0,0,0,0
O6v_m30,elastic,O6,v,30,0,False,True,0.99643,0.00356984,0,0,inf,inf,inf,1.61401e-22,2.7054e-11,True,True,elastic-isovector,True,False,0,0,0,0,0,0,0,0,0,0,0,0,0.709412,0.2542,0.452113,0.709412,0,0,0,0,0,0,0,0,0,0
O6v_m40,elastic,O6,v,40,0,False,True,0.904475,0.0955253,0,0,inf,inf,inf,5.05354e-11,7.12874e-06,True,True,elastic-isovector,True,False,0,0,0,0,0,0,0,0,0,0,0,0,0.709412,0.2542,0.452113,0.709412,0,0,0,0,0,0,0,0,0,0
O6v_m50,elastic,O6,v,50,0,False,True,0.75441,0.244784,0.000805401,0,inf,inf,inf,3.43198e-06,0.00234898,True,True,elastic-isovector,True,False,0,0,0,0,0,0,0,0,0,0,0,0,0.709289,0.253921,0.451848,0.709289,0,0,0,0,0,0,0,0,0,0
O6v_m100,elastic,O6,v,100,0,False,True,0.320283,0.488332,0.165784,0.0256006,12.5108,19.0751,6.47579,0.614312,0.636529,True,True,elastic-isovector,True,False,8.92441,0.456462,2.9031,1.45132,5.60952,0.282394,1.80802,1.45132,5.80047,0.292421,1.8711,1.45132,9.44256,17.3228,17.909,6.06427,0,0,0,0,0,0,0.00139171,0.000907892,0,0
O6v_m200,elastic,O6,v,200,0,False,True,0.164299,0.408962,0.301215,0.125524,1.3089,3.25802,2.39965,0.860827,0.867663,True,True,elastic-isovector,True,False,33.7568,6.73032,21.4728,7.71067,29.1224,5.79638,18.5017,7.71067,29.35,5.84225,18.6476,7.71067,34.1062,53.0737,60.3534,29.4511,0,0,0,0,0,0,0.00526418,0.00471342,0,0
O6v_m400,elastic,O6,v,400,0,False,True,0.119091,0.353701,0.338401,0.188807,0.630756,1.87335,1.79231,0.930759,0.93564,True,True,elastic-isovector,True,False,46.2112,12.6979,34.4794,13.6709,43.0453,11.8205,32.1021,13.6709,43.2684,11.8824,32.2697,13.6709,46.5105,66.831,79.1529,43.335,0,0,0,0,0,0,0.00720637,0.00696681,0,0
O6v_m1000,elastic,O6,v,1000,0,False,True,0.100361,0.324277,0.350997,0.224365,0.447311,1.44531,1.5644,0.961973,0.966575,True,True,elastic-isovector,True,False,52.6317,16.5115,41.9491,17.4808,50.6492,15.8847,40.3598,17.4808,50.8892,15.9606,40.5521,17.4808,52.9082,73.2275,88.3903,50.9208,0,0,0,0,0,0,0.0082076,0.0081975,0,0
O6v_m4000,elastic,O6,v,4000,0,False,True,0.0929389,0.311679,0.355171,0.240211,0.386905,1.29752,1.47858,0.975088,0.979658,True,True,elastic-isovector,True,False,55.3889,18.303,45.3042,19.2707,54.0216,17.8478,44.1796,19.2707,54.2724,17.9313,44.3859,19.2707,55.6562,75.8541,92.2758,54.2857,0,0,0,0,0,0,0.00863757,0.00874332,0,0
O7s_m10,elastic,O7,s,10,0,True,True,1,0,0,0,inf,inf,inf,0,0,True,True,elastic-isoscalar,False,False,0,0,0,0,0,0,0,0,0,0,0,0,0.709412,0.2542,0.452113,0.709412,0,0,0,0,0,0,0,0,0,0
O7s_m12,elastic,O7,s,12,0,True,True,1,0,0,0,inf,inf,inf,0,6.37887e-78,True,True,elastic-isoscalar,False,False,0,0,0,0,0,0,0,0,0,0,0,0,0.709412,0.2542,0.452113,0.709412,0,0,0,0,0,0,0,0,0,0
O7s_m14,elastic,O7,s,14,0,True,True,1,0,0,0,inf,inf,inf,0,3.76534e-58,True,True,elastic-isoscalar,False,False,0,0,0,0,0,0,0,0,0,0,0,0,0.709412,0.2542,0.452113,0.709412,0,0,0,0,0,0,0,0,0,0
O7s_m17,elastic,O7,s,17,0,True,True,1,0,0,0,inf,inf,inf,3.43163e-78,1.498e-38,True,True,elastic-isoscalar,False,False,0,0,0,0,0,0,0,0,0,0,0,0,0.709412,0.2542,0.452113,0.709412,0,0,0,0,0,0,0,0,0,0
O7s_m21,elastic,O7,s,21,0,True,True,1,0,0,0,inf,inf,inf,1.82464e-51,2.37556e-25,True,True,elastic-isoscalar,False,False,0,0,0,0,0,0,0,0,0,0,0,0,0.709412,0.2542,0.452113,0.709412,0,0,0,0,0,0,0,0,0,0
O7s_m30,elastic,O7,s,30,0,True,True,0.999993,6.63929e-06,0,0,inf,inf,inf,1.26258e-22,1.23238e-11,True,True,elastic-isoscalar,False,False,0,0,0,0,0,0,0,0,0,0,0,0,0.709412,0.2542,0.452113,0.709412,0,0,0,0,0,0,0,0,0,0
O7s_m40,elastic,O7,s,40,0,False,True,0.999301,0.000699183,0,0,inf,inf,inf,1.52349e-11,3.54128e-06,True,True,elastic-isoscalar,False,False,0,0,0,0,0,0,0,0,0,0,0,0,0.709412,0.2542,0.452113,0.709412,0,0,0,0,0,0,0,0,0,0
O7s_m50,elastic,O7,s,50,0,True,True,0.996601,0.00339634,2.39895e-06,0,inf,inf,inf,2.8596e-06,0.0017886,True,True,elastic-isoscalar,False,False,0,0,0,0,0,0,0,0,0,0,0,0,0.709411,0.254199,0.452112,0.709411,0,0,0,0,0,0,0,0,0,0
O7s_m100,elastic,O7,s,100,0,True,True,0.963362,0.0295388,0.00650779,0.000591063,1629.88,49.9757,11.0103,0.445973,0.506016,True,True,elastic-isoscalar,False,False,0.16922,0.000474637,0.025019,1.00029,0.0972467,0.000312348,0.0172352,1.00029,0.105047,0.000329936,0.0180788,1.00029,0.964773,0.848363,1.01034,0.822699,3.45319e-05,2.04772e-05,1.002e-05,5.73065e-06,1.22995e-05,6.95262e-06,2.63889e-05,1.57392e-05,3.45319e-05,2.04772e-05
O7s_m200,elastic,O7,s,200,0,True,True,0.906571,0.0559834,0.0294029,0.00804232,112.725,6.9611,3.65602,0.680798,0.712385,True,True,elastic-isoscalar,False,False,3.42076,0.0661321,0.70325,1.06416,2.40562,0.0456505,0.491405,1.06416,2.50607,0.0476773,0.512368,1.06416,4.04908,7.80368,7.64567,2.98127,0.000698058,0.000506551,0.000202554,0.000141761,0.000248633,0.000171989,0.000533448,0.000389346,0.000698058,0.000506551
O7s_m400,elastic,O7,s,400,0,True,True,0.864578,0.0690921,0.0484438,0.0178858,48.3387,3.86295,2.7085,0.746267,0.772005,True,True,elastic-isoscalar,False,False,7.30173,0.299762,2.13873,1.29556,5.52808,0.224769,1.61074,1.29556,5.70799,0.232376,1.66429,1.29556,7.85532,15.9708,15.6293,6.03971,0.00149003,0.00116405,0.000432357,0.000325765,0.000530715,0.000395229,0.00113866,0.000894712,0.00149003,0.00116405
O7s_m1000,elastic,O7,s,1000,0,True,True,0.837245,0.0759145,0.0610221,0.0258185,32.4281,2.94031,2.3635,0.776328,0.79952,True,True,elastic-isoscalar,False,False,10.2335,0.591654,3.53942,1.58575,8.02139,0.460639,2.76308,1.58575,8.25075,0.474223,2.84358,1.58575,10.7512,21.9144,21.568,8.50236,0.00208829,0.00168906,0.000605953,0.000472693,0.000743803,0.000573487,0.00159585,0.00129825,0.00208829,0.00168906
O7s_m4000,elastic,O7,s,4000,0,True,True,0.823607,0.0789296,0.0672961,0.0301674,27.3012,2.61638,2.23075,0.789135,0.811267,True,True,elastic-isoscalar,False,False,11.7805,0.786226,4.37089,1.77942,9.37175,0.621874,3.46473,1.77942,9.62457,0.639124,3.55984,1.77942,12.2829,24.9681,24.6632,9.83948,0.002404,0.00197341,0.000697561,0.000552268,0.00085625,0.00067003,0.00183711,0.0015168,0.002404,0.00197341
O7v_m10,elastic,O7,v,10,0,False,True,1,0,0,0,inf,inf,inf,0,0,True,True,elastic-isovector,False,False,0,0,0,0,0,0,0,0,0,0,0,0,0.709412,0.2542,0.452113,0.709412,0,0,0,0,0,0,0,0,0,0
O7v_m12,elastic,O7,v,12,0,False,True,1,0,0,0,inf,inf,inf,0,6.37887e-78,True,True,elastic-isovector,False,False,0,0,0,0,0,0,0,0,0,0,0,0,0.709412,0.2542,0.452113,0.709412,0,0,0,0,0,0,0,0,0,0
O7v_m14,elastic,O7,v,14,0,False,True,1,0,0,0,inf,inf,inf,0,3.76534e-58,True,True,elastic-isovector,False,False,0,0,0,0,0,0,0,0,0,0,0,0,0.709412,0.2542,0.452113,0.709412,0,0,0,0,0,0,0,0,0,0
O7v_m17,elastic,O7,v,17,0,False,True,1,0,0,0,inf,inf,inf,3.43162e-78,1.4978e-38,True,True,elastic-isovector,False,False,0,0,0,0,0,0,0,0,0,0,0,0,0.709412,0.2542,0.452113,0.709412,0,0,0,0,0,0,0,0,0,0
O7v_m21,elastic,O7,v,21,0,False,True,1,0,0,0,inf,inf,inf,1.82422e-51,2.37202e-25,True,True,elastic-isovector,False,False,0,0,0,0,0,0,0,0,0,0,0,0,0.709412,0.2542,0.452113,0.709412,0,0,0,0,0,0,0,0,0,0
O7v_m30,elastic,O7,v,30,0,False,True,0.999996,4.01126e-06,0,0,inf,inf,inf,1.16682e-22,1.01499e-11,True,True,elastic-isovector,False,False,0,0,0,0,0,0,0,0,0,0,0,0,0.709412,0.2542,0.452113,0.709412,0,0,0,0,0,0,0,0,0,0
O7v_m40,elastic,O7,v,40,0,False,True,0.999529,0.00047115,0,0,inf,inf,inf,1.75734e-11,3.70486e-06,True,True,elastic-isovector,False,False,0,0,0,0,0,0,0,0,0,0,0,0,0.709412,0.2542,0.452113,0.709412,0,0,0,0,0,0,0,0,0,0
O7v_m50,elastic,O7,v,50,0,False,True,0.99756,0.00243798,2.02192e-06,0,inf,inf,inf,2.83674e-06,0.00177165,True,True,elastic-isovector,False,False,0,0,0,0,0,0,0,0,0,0,0,0,0.709412,0.254199,0.452112,0.709412,0,0,0,0,0,0,0,0,0,0
O7v_m100,elastic,O7,v,100,0,True,True,0.970465,0.0232871,0.00571591,0.000531958,1824.33,43.7762,10.745,0.453535,0.511642,True,True,elastic-isovector,False,False,0.142545,0.000394351,0.0224295,1.00022,0.0832998,0.000271756,0.015863,1.00022,0.0895995,0.000284792,0.0165612,1.00022,0.939536,0.790073,0.955376,0.813262,2.90885e-05,1.75404e-05,1.33415e-05,7.75903e-06,1.03607e-05,5.95549e-06,2.22291e-05,1.34819e-05,2.90885e-05,1.75404e-05
O7v_m200,elastic,O7,v,200,0,True,True,0.920792,0.0455759,0.0262409,0.00739115,124.58,6.16629,3.55031,0.696018,0.726587,True,True,elastic-isovector,False,False,3.15895,0.0565259,0.627185,1.05471,2.26958,0.0398956,0.448097,1.05471,2.35902,0.041568,0.466107,1.05471,3.79488,7.25435,7.11047,2.85543,0.000644631,0.000477906,0.000295661,0.000211402,0.000229603,0.000162263,0.00049262,0.000367328,0.000644631,0.000477906
O7v_m400,elastic,O7,v,400,0,True,True,0.882812,0.057016,0.0435816,0.0165906,53.2115,3.43664,2.62688,0.763505,0.789306,True,True,elastic-isovector,False,False,6.83187,0.262134,1.93711,1.2582,5.28835,0.201071,1.49222,1.2582,5.45675,0.207733,1.54076,1.2582,7.3927,15.0395,14.6894,5.81005,0.00139415,0.00111357,0.000639427,0.000492588,0.000496564,0.000378089,0.00106539,0.000855912,0.00139415,0.00111357
O7v_m1000,elastic,O7,v,1000,0,True,True,0.857684,0.063098,0.0551453,0.0240723,35.6296,2.62119,2.29082,0.794476,0.818357,True,True,elastic-isovector,False,False,9.64139,0.524299,3.23666,1.51874,7.72932,0.417687,2.58512,1.51874,7.95149,0.430074,2.66082,1.51874,10.1661,20.8003,20.4115,8.22015,0.00196747,0.00162756,0.000902383,0.000719955,0.000700769,0.000552606,0.00150352,0.00125098,0.00196747,0.00162756
O7v_m4000,elastic,O7,v,4000,0,True,True,0.845043,0.0658196,0.060943,0.0281944,29.9721,2.33449,2.16153,0.807671,0.830783,True,True,elastic-isovector,False,False,11.1343,0.701069,4.01525,1.69464,9.06052,0.56747,3.25676,1.69464,9.30973,0.583525,3.34791,1.69464,11.6434,23.7875,23.4183,9.53799,0.00227212,0.00190787,0.00104211,0.00084395,0.00080928,0.000647779,0.00173633,0.00146643,0.00227212,0.00190787
O8s_m10,elastic,O8,s,10,0,False,True,1,0,0,0,inf,inf,inf,0,0,True,True,elastic-isoscalar,False,False,0,0,0,0,0,0,0,0,0,0,0,0,0.709412,0.2542,0.452113,0.709412,0,0,0,0,0,0,0,0,0,0
O8s_m12,elastic,O8,s,12,0,False,True,1,0,0,0,inf,inf,inf,0,6.37887e-78,True,True,elastic-isoscalar,False,False,0,0,0,0,0,0,0,0,0,0,0,0,0.709412,0.2542,0.452113,0.709412,0,0,0,0,0,0,0,0,0,0
O8s_m14,elastic,O8,s,14,0,True,True,1,0,0,0,inf,inf,inf,1.38636e-117,3.76534e-58,True,True,elastic-isoscalar,False,False,0,0,0,0,0,0,0,0,0,0,0,0,0.709412,0.2542,0.452113,0.709412,0,0,0,0,0,0,0,0,0,0
O8s_m17,elastic,O8,s,17,0,False,True,1,0,0,0,inf,inf,inf,3.43172e-78,1.49983e-38,True,True,elastic-isoscalar,False,False,0,0,0,0,0,0,0,0,0,0,0,0,0.709412,0.2542,0.452113,0.709412,0,0,0,0,0,0,0,0,0,0
O8s_m21,elastic,O8,s,21,0,False,True,1,0,0,0,inf,inf,inf,1.82798e-51,2.4036e-25,True,True,elastic-isoscalar,False,False,0,0,0,0,0,0,0,0,0,0,0,0,0.709412,0.2542,0.452113,0.709412,0,0,0,0,0,0,0,0,0,0
O8s_m30,elastic,O8,s,30,0,True,True,0.999961,3.87608e-05,0,0,inf,inf,inf,1.49997e-22,2.09979e-11,True,True,elastic-isoscalar,False,False,0,0,0,0,0,0,0,0,0,0,0,0,0.709412,0.2542,0.452113,0.709412,0,0,0,0,0,0,0,0,0,0
O8s_m40,elastic,O8,s,40,0,False,True,0.998093,0.00190704,0,0,inf,inf,inf,4.04529e-11,5.7074e-06,True,True,elastic-isoscalar,False,False,0,0,0,0,0,0,0,0,0,0,0,0,0.709412,0.2542,0.452113,0.709412,0,0,0,0,0,0,0,0,0,0
O8s_m50,elastic,O8,s,50,0,False,True,0.99347,0.00652744,2.84864e-06,0,inf,inf,inf,3.29962e-06,0.00218041,True,True,elastic-isoscalar,False,False,0,0,0,0,0,0,0,0,0,0,0,0,0.709411,0.254199,0.452112,0.709411,0,0,0,0,0,0,0,0,0,0
O8s_m100,elastic,O8,s,100,0,True,True,0.96672,0.0312194,0.00187297,0.000187903,5144.77,166.146,9.96772,0.559286,0.577261,True,True,elastic-isoscalar,False,False,0.0126618,0.000129205,0.00875232,1,0.00875878,0.000127695,0.00763104,1,0.00891796,0.000127757,0.00767677,1,0.791205,0.445421,0.63135,0.755019,2.58382e-06,1.84433e-06,7.4974e-07,5.16146e-07,9.203e-07,6.26206e-07,1.97453e-06,1.41759e-06,2.58382e-06,1.84433e-06
O8s_m200,elastic,O8,s,200,0,True,True,0.94169,0.0491415,0.00720774,0.00196029,480.383,25.0685,3.67688,0.79164,0.793758,True,True,elastic-isoscalar,False,False,0.813436,0.00452164,0.10445,1.00401,0.669049,0.0036853,0.0868425,1.00401,0.670517,0.0036938,0.0870215,1.00401,1.55604,2.22009,2.30094,1.37935,0.000165994,0.000140882,4.8166e-05,3.94264e-05,5.91233e-05,4.78335e-05,0.000126851,0.000108285,0.000165994,0.000140882
O8s_m400,elastic,O8,s,400,0,True,True,0.926948,0.0574532,0.0114337,0.00416468,222.574,13.7954,2.7454,0.859612,0.859413,True,True,elastic-isoscalar,False,False,1.80688,0.0191826,0.287242,1.01813,1.57901,0.0166375,0.250979,1.01813,1.57869,0.0166339,0.250928,1.01813,2.49251,4.36939,4.33382,2.24185,0.000368721,0.000332492,0.000106991,9.30495e-05,0.00013133,0.000112891,0.000281773,0.00025556,0.000368721,0.000332492
O8s_m1000,elastic,O8,s,1000,0,True,True,0.91806,0.0618052,0.0142082,0.00592636,154.911,10.4289,2.39746,0.890343,0.889635,True,True,elastic-isoscalar,False,False,2.57544,0.0378622,0.468907,1.03638,2.31659,0.0338733,0.421261,1.03638,2.31492,0.0338475,0.420953,1.03638,3.23106,6.04889,5.92953,2.95421,0.000525558,0.000487804,0.0001525,0.000136514,0.000187192,0.000165624,0.000401625,0.000374936,0.000525558,0.000487804
O8s_m4000,elastic,O8,s,4000,0,False,True,0.913758,0.0637792,0.0155876,0.00687522,132.906,9.27667,2.26722,0.903192,0.902368,True,True,elastic-isoscalar,False,False,2.98293,0.0504134,0.577397,1.0487,2.71625,0.0456993,0.525081,1.0487,2.71398,0.0456592,0.524636,1.0487,3.62547,6.94044,6.7791,3.34285,0,0,0,0,0,0,0.000465171,0.00043962,0,0
O8v_m10,elastic,O8,v,10,0,False,True,1,0,0,0,inf,inf,inf,0,0,True,True,elastic-isovector,False,False,0,0,0,0,0,0,0,0,0,0,0,0,0.709412,0.2542,0.452113,0.709412,0,0,0,0,0,0,0,0,0,0
O8v_m12,elastic,O8,v,12,0,False,True,1,0,0,0,inf,inf,inf,0,6.37887e-78,True,True,elastic-isovector,False,False,0,0,0,0,0,0,0,0,0,0,0,0,0.709412,0.2542,0.452113,0.709412,0,0,0,0,0,0,0,0,0,0
O8v_m14,elastic,O8,v,14,0,False,True,1,0,0,0,inf,inf,inf,1.38754e-117,3.76581e-58,True,True,elastic-isovector,False,False,0,0,0,0,0,0,0,0,0,0,0,0,0.709412,0.2542,0.452113,0.709412,0,0,0,0,0,0,0,0,0,0
O8v_m17,elastic,O8,v,17,0,True,True,1,0,0,0,inf,inf,inf,3.43215e-78,1.50864e-38,True,True,elastic-isovector,False,False,0,0,0,0,0,0,0,0,0,0,0,0,0.709412,0.2542,0.452113,0.709412,0,0,0,0,0,0,0,0,0,0
O8v_m21,elastic,O8,v,21,0,True,True,1,0,0,0,inf,inf,inf,1.8337e-51,2.45129e-25,True,True,elastic-isovector,False,False,0,0,0,0,0,0,0,0,0,0,0,0,0.709412,0.2542,0.452113,0.709412,0,0,0,0,0,0,0,0,0,0
O8v_m30,elastic,O8,v,30,0,True,True,0.999657,0.000343418,0,0,inf,inf,inf,1.60014e-22,2.6233e-11,True,True,elastic-isovector,False,False,0,0,0,0,0,0,0,0,0,0,0,0,0.709412,0.2542,0.452113,0.709412,0,0,0,0,0,0,0,0,0,0
O8v_m40,elastic,O8,v,40,0,True,True,0.987287,0.0127129,0,0,inf,inf,inf,5.3952e-11,7.46501e-06,True,True,elastic-isovector,False,False,0,0,0,0,0,0,0,0,0,0,0,0,0.709412,0.2542,0.452113,0.709412,0,0,0,0,0,0,0,0,0,0
O8v_m50,elastic,O8,v,50,0,True,True,0.95848,0.0414701,5.01129e-05,0,inf,inf,inf,3.35625e-06,0.00224219,True,True,elastic-isovector,False,False,0,0,0,0,0,0,0,0,0,0,0,0,0.709404,0.254182,0.452096,0.709404,0,0,0,0,0,0,0,0,0,0
O8v_m100,elastic,O8,v,100,0,True,True,0.797905,0.176627,0.0227298,0.00273766,291.456,64.5177,8.30264,0.589884,0.608849,True,True,elastic-isovector,False,False,1.14499,0.00827233,0.158268,1.00759,0.735294,0.00516148,0.102912,1.00759,0.75424,0.00530534,0.105472,1.00759,1.86325,2.89243,2.95201,1.38848,0.000233651,0.000154831,0.000107165,6.84896e-05,8.32215e-05,5.25697e-05,0.000178554,0.000119006,0.000233651,0.000154831
O8v_m200,elastic,O8,v,200,0,True,True,0.662201,0.243308,0.0708834,0.0236071,28.051,10.3066,3.00263,0.829872,0.831619,True,True,elastic-isovector,False,False,9.27171,0.486036,3.05655,1.48069,7.75117,0.404257,2.54764,1.48069,7.76679,0.405097,2.55286,1.48069,9.79825,19.7171,19.493,8.24967,0.00189203,0.00163216,0.000867783,0.00072199,0.0006739,0.000554168,0.00144587,0.00125452,0.00189203,0.00163216
O8v_m400,elastic,O8,v,400,0,True,True,0.592936,0.261362,0.100511,0.0451905,13.1208,5.78357,2.22416,0.899069,0.897711,True,True,elastic-isovector,False,False,16.5633,1.5702,7.30145,2.56061,14.9309,1.41269,6.57331,2.56061,14.9089,1.41057,6.56352,2.56061,17.0246,33.5411,33.7926,15.3758,0.00337999,0.00314399,0.00155024,0.00139075,0.00120388,0.00106748,0.00258295,0.00241654,0.00337999,0.00314399
O8v_m1000,elastic,O8,v,1000,0,True,True,0.555319,0.267057,0.117095,0.0605288,9.17446,4.41207,1.93454,0.930218,0.927932,True,True,elastic-isovector,False,False,21.3046,2.61495,10.6698,3.60259,19.8468,2.43334,9.93214,3.60259,19.799,2.42739,9.90798,3.60259,21.7353,41.8856,42.7626,20.2664,0.00434752,0.00417914,0.001994,0.00184865,0.00154849,0.00141894,0.00332233,0.00321217,0.00434752,0.00417914
O8v_m4000,elastic,O8,v,4000,0,True,True,0.538228,0.268923,0.124589,0.0682604,7.88493,3.93966,1.8252,0.943376,0.940771,True,True,elastic-isovector,False,False,23.5802,3.21239,12.435,4.1987,22.269,3.03127,11.7368,4.1987,22.2086,3.02294,11.7046,4.1987,23.998,45.7145,46.9746,22.6779,0.00481189,0.00468917,0.00220698,0.00207426,0.00171389,0.00159211,0.00367719,0.0036042,0.00481189,0.00468917
O9s_m10,elastic,O9,s,10,0,False,True,1,0,0,0,inf,inf,inf,0,0,True,True,elastic-isoscalar,True,False,0,0,0,0,0,0,0,0,0,0,0,0,0.709412,0.2542,0.452113,0.709412,0,0,0,0,0,0,0,0,0,0
O9s_m12,elastic,O9,s,12,0,False,True,1,0,0,0,inf,inf,inf,0,6.37887e-78,True,True,elastic-isoscalar,True,False,0,0,0,0,0,0,0,0,0,0,0,0,0.709412,0.2542,0.452113,0.709412,0,0,0,0,0,0,0,0,0,0
O9s_m14,elastic,O9,s,14,0,True,True,1,0,0,0,inf,inf,inf,1.38592e-117,3.76595e-58,True,True,elastic-isoscalar,True,False,0,0,0,0,0,0,0,0,0,0,0,0,0.709412,0.2542,0.452113,0.709412,0,0,0,0,0,0,0,0,0,0
O9s_m17,elastic,O9,s,17,0,False,True,1,0,0,0,inf,inf,inf,3.43228e-78,1.51134e-38,True,True,elastic-isoscalar,True,False,0,0,0,0,0,0,0,0,0,0,0,0,0.709412,0.2542,0.452113,0.709412,0,0,0,0,0,0,0,0,0,0
O9s_m21,elastic,O9,s,21,0,True,True,1,0,0,0,inf,inf,inf,1.83456e-51,2.45834e-25,True,True,elastic-isoscalar,True,False,0,0,0,0,0,0,0,0,0,0,0,0,0.709412,0.2542,0.452113,0.709412,0,0,0,0,0,0,0,0,0,0
O9s_m30,elastic,O9,s,30,0,True,True,0.999887,0.000112526,0,0,inf,inf,inf,1.57627e-22,2.49955e-11,True,True,elastic-isoscalar,True,False,0,0,0,0,0,0,0,0,0,0,0,0,0.709412,0.2542,0.452113,0.709412,0,0,0,0,0,0,0,0,0,0
O9s_m40,elastic,O9,s,40,0,True,True,0.994381,0.00561918,0,0,inf,inf,inf,4.20644e-11,6.13963e-06,True,True,elastic-isoscalar,True,False,0,0,0,0,0,0,0,0,0,0,0,0,0.709412,0.2542,0.452113,0.709412,0,0,0,0,0,0,0,0,0,0
O9s_m50,elastic,O9,s,50,0,True,True,0.976156,0.0237431,0.000101276,0,inf,inf,inf,3.47406e-06,0.00239171,True,True,elastic-isoscalar,True,False,0,0,0,0,0,0,0,0,0,0,0,0,0.709396,0.254165,0.45208,0.709396,0,0,0,0,0,0,0,0,0,0
O9s_m100,elastic,O9,s,100,0,True,True,0.771195,0.147858,0.0693822,0.0115645,66.6864,12.7855,5.99959,0.550188,0.600648,True,True,elastic-isoscalar,True,False,4.64134,0.121812,1.09818,1.11914,2.67435,0.0682194,0.624916,1.11914,2.89501,0.0742315,0.678007,1.11914,5.23597,10.0726,9.99783,3.19459,0.000947134,0.000563138,0.000274827,0.000157597,0.000337348,0.000191202,0.00072379,0.000432839,0.000947134,0.000563138
O9s_m200,elastic,O9,s,200,0,True,True,0.526983,0.193212,0.197638,0.0821665,6.4136,2.35147,2.40533,0.757211,0.784442,True,True,elastic-isoscalar,True,False,25.7128,3.85699,14.2109,4.84205,19.5748,2.92419,10.787,4.84205,20.2632,3.02881,11.1711,4.84205,26.1104,46.0154,49.1476,19.9345,0.00524708,0.00412185,0.00152253,0.00115352,0.0018689,0.00139949,0.00400976,0.00316814,0.00524708,0.00412185
O9s_m400,elastic,O9,s,400,0,True,True,0.414386,0.191726,0.255201,0.138688,2.98791,1.38243,1.84011,0.819215,0.840203,True,True,elastic-isoscalar,True,False,38.4786,8.73879,26.124,9.71637,31.6072,7.16299,21.4252,9.71637,32.4049,7.34594,21.9707,9.71637,38.8162,62.2653,69.8018,31.9183,0.00785213,0.00665552,0.00227843,0.00186258,0.00279675,0.00225975,0.00600051,0.00511558,0.00785213,0.00665552
O9s_m1000,elastic,O9,s,1000,0,True,True,0.360237,0.186263,0.280741,0.172759,2.0852,1.07817,1.62504,0.847419,0.865968,True,True,elastic-isoscalar,True,False,45.2254,12.1244,33.3426,13.098,38.3989,10.2785,28.2772,13.098,39.2288,10.5029,28.893,13.098,45.536,69.5526,79.926,38.6881,0.00922891,0.00808566,0.00267793,0.00226281,0.00328714,0.00274532,0.00705263,0.00621481,0.00922891,0.00808566
O9s_m4000,elastic,O9,s,4000,0,True,True,0.337418,0.183212,0.290731,0.188638,1.7887,0.971235,1.54121,0.859678,0.877188,True,True,elastic-isoscalar,True,False,48.1958,13.7914,36.7036,14.7633,41.5019,11.8601,31.5742,14.7633,42.3371,12.1011,32.2143,14.7633,48.4952,72.5316,84.2367,41.7819,0.00983507,0.00873904,0.00285382,0.00244566,0.00350304,0.00296716,0.00751585,0.00671701,0.00983507,0.00873904
O9v_m10,elastic,O9,v,10,0,False,True,1,0,0,0,inf,inf,inf,0,0,True,True,elastic-isovector,True,False,0,0,0,0,0,0,0,0,0,0,0,0,0.709412,0.2542,0.452113,0.709412,0,0,0,0,0,0,0,0,0,0
O9v_m12,elastic,O9,v,12,0,False,True,1,0,0,0,inf,inf,inf,0,6.37887e-78,True,True,elastic-isovector,True,False,0,0,0,0,0,0,0,0,0,0,0,0,0.709412,0.2542,0.452113,0.709412,0,0,0,0,0,0,0,0,0,0
O9v_m14,elastic,O9,v,14,0,False,True,1,0,0,0,inf,inf,inf,1.39796e-117,3.76595e-58,True,True,elastic-isovector,True,False,0,0,0,0,0,0,0,0,0,0,0,0,0.709412,0.2542,0.452113,0.709412,0,0,0,0,0,0,0,0,0,0
O9v_m17,elastic,O9,v,17,0,False,True,1,0,0,0,inf,inf,inf,3.43228e-78,1.51118e-38,True,True,elastic-isovector,True,False,0,0,0,0,0,0,0,0,0,0,0,0,0.709412,0.2542,0.452113,0.709412,0,0,0,0,0,0,0,0,0,0
O9v_m21,elastic,O9,v,21,0,False,True,1,0,0,0,inf,inf,inf,1.8342e-51,2.45536e-25,True,True,elastic-isovector,True,False,0,0,0,0,0,0,0,0,0,0,0,0,0.709412,0.2542,0.452113,0.709412,0,0,0,0,0,0,0,0,0,0
O9v_m30,elastic,O9,v,30,0,False,True,0.999931,6.94367e-05,0,0,inf,inf,inf,1.55919e-22,2.41262e-11,True,True,elastic-isovector,True,False,0,0,0,0,0,0,0,0,0,0,0,0,0.709412,0.2542,0.452113,0.709412,0,0,0,0,0,0,0,0,0,0
O9v_m40,elastic,O9,v,40,0,True,True,0.99604,0.00396046,0,0,inf,inf,inf,4.43376e-11,6.41072e-06,True,True,elastic-isovector,True,False,0,0,0,0,0,0,0,0,0,0,0,0,0.709412,0.2542,0.452113,0.709412,0,0,0,0,0,0,0,0,0,0
O9v_m50,elastic,O9,v,50,0,True,True,0.981857,0.0180553,8.81133e-05,0,inf,inf,inf,3.46164e-06,0.00238004,True,True,elastic-isovector,True,False,0,0,0,0,0,0,0,0,0,0,0,0,0.709398,0.254169,0.452084,0.709398,0,0,0,0,0,0,0,0,0,0
O9v_m100,elastic,O9,v,100,0,True,True,0.797876,0.126401,0.0646632,0.01106,72.1407,11.4286,5.84658,0.560148,0.608456,True,True,elastic-isovector,True,False,4.46976,0.112941,1.03904,1.11037,2.62027,0.0643935,0.601893,1.11037,2.8234,0.0697255,0.649904,1.11037,5.06857,9.75654,9.66825,3.14634,0.000912122,0.00055175,0.000418346,0.000244067,0.000324878,0.000187335,0.000697034,0.000424086,0.000912122,0.00055175
O9v_m200,elastic,O9,v,200,0,True,True,0.556144,0.172544,0.189982,0.0813299,6.83812,2.12153,2.33595,0.774128,0.801395,True,True,elastic-isovector,True,False,25.6879,3.8466,14.1861,4.83167,19.9832,2.98113,11.0064,4.83167,20.6718,3.08561,11.3903,4.83167,26.0867,46.3282,49.2957,20.3467,0.00524201,0.00420786,0.00240425,0.00186135,0.00186709,0.00142869,0.00400588,0.00323425,0.00524201,0.00420786
O9v_m400,elastic,O9,v,400,0,True,True,0.439902,0.173618,0.247698,0.138782,3.16972,1.25101,1.78479,0.8379,0.860308,True,True,elastic-isovector,True,False,38.786,8.87574,26.4339,9.85314,32.5751,7.44064,22.1706,9.85314,33.4337,7.63902,22.76,9.85314,39.1236,63.1716,70.5926,32.889,0.00791487,0.00685934,0.00363017,0.00303424,0.0028191,0.00232895,0.00604846,0.00527224,0.00791487,0.00685934
O9v_m1000,elastic,O9,v,1000,0,True,True,0.383172,0.169649,0.273517,0.173661,2.20643,0.976896,1.575,0.866798,0.887574,True,True,elastic-isovector,True,False,45.7302,12.394,33.8998,13.3673,39.7037,10.7466,29.4036,13.3673,40.6437,11.0036,30.1049,13.3673,46.0402,70.7103,81.0404,39.9949,0.00933194,0.0083604,0.00428011,0.00369823,0.00332383,0.0028386,0.00713137,0.00642598,0.00933194,0.0083604
O9v_m4000,elastic,O9,v,4000,0,True,True,0.359129,0.167255,0.283682,0.189935,1.8908,0.880591,1.49358,0.879341,0.899429,True,True,elastic-isovector,True,False,48.782,14.1268,37.3732,15.0984,42.9555,12.4257,32.8819,15.0984,43.9255,12.7089,33.6296,15.0984,49.0805,73.772,85.4719,43.2374,0.00995469,0.00904513,0.00456573,0.00400113,0.00354564,0.00307109,0.00760727,0.00695228,0.00995469,0.00904513
O10s_m10,elastic,O10,s,10,0,False,True,1,0,0,0,inf,inf,inf,0,0,True,True,elastic-isoscalar,True,False,0,0,0,0,0,0,0,0,0,0,0,0,0.709412,0.2542,0.452113,0.709412,0,0,0,0,0,0,0,0,0,0
O10s_m12,elastic,O10,s,12,0,True,True,1,0,0,0,inf,inf,inf,0,6.37887e-78,True,True,elastic-isoscalar,True,False,0,0,0,0,0,0,0,0,0,0,0,0,0.709412,0.2542,0.452113,0.709412,0,0,0,0,0,0,0,0,0,0
O10s_m14,elastic,O10,s,14,0,True,True,1,0,0,0,inf,inf,inf,1.38592e-117,3.76597e-58,True,True,elastic-isoscalar,True,False,0,0,0,0,0,0,0,0,0,0,0,0,0.709412,0.2542,0.452113,0.709412,0,0,0,0,0,0,0,0,0,0
O10s_m17,elastic,O10,s,17,0,False,True,1,0,0,0,inf,inf,inf,3.43229e-78,1.51137e-38,True,True,elastic-isoscalar,True,False,0,0,0,0,0,0,0,0,0,0,0,0,0.709412,0.2542,0.452113,0.709412,0,0,0,0,0,0,0,0,0,0
O10s_m21,elastic,O10,s,21,0,False,True,1,0,0,0,inf,inf,inf,1.83508e-51,2.46266e-25,True,True,elastic-isoscalar,True,False,0,0,0,0,0,0,0,0,0,0,0,0,0.709412,0.2542,0.452113,0.709412,0,0,0,0,0,0,0,0,0,0
O10s_m30,elastic,O10,s,30,0,True,True,0.998956,0.00104427,0,0,inf,inf,inf,1.60329e-22,2.64269e-11,True,True,elastic-isoscalar,True,False,0,0,0,0,0,0,0,0,0,0,0,0,0.709412,0.2542,0.452113,0.709412,0,0,0,0,0,0,0,0,0,0
O10s_m40,elastic,O10,s,40,0,True,True,0.965752,0.0342484,0,0,inf,inf,inf,4.94032e-11,6.89489e-06,True,True,elastic-isoscalar,True,False,0,0,0,0,0,0,0,0,0,0,0,0,0.709412,0.2542,0.452113,0.709412,0,0,0,0,0,0,0,0,0,0
O10s_m50,elastic,O10,s,50,0,True,True,0.897641,0.102176,0.000183063,0,inf,inf,inf,3.37127e-06,0.00227086,True,True,elastic-isoscalar,True,False,0,0,0,0,0,0,0,0,0,0,0,0,0.709384,0.254136,0.452053,0.709384,0,0,0,0,0,0,0,0,0,0
O10s_m100,elastic,O10,s,100,0,True,True,0.600938,0.330836,0.061518,0.00670852,89.5783,49.3158,9.17013,0.558022,0.582051,True,True,elastic-isoscalar,True,False,2.73264,0.0428819,0.511638,1.04131,1.62197,0.0246254,0.301141,1.04131,1.68236,0.025618,0.312585,1.04131,3.37658,6.10978,6.11169,2.19335,0.000557636,0.000341538,0.000161808,9.55812e-05,0.000198618,0.000115962,0.00042614,0.000262514,0.000557636,0.000341538
O10s_m200,elastic,O10,s,200,0,True,True,0.420097,0.378541,0.155386,0.0459756,9.13739,8.23352,3.37976,0.793636,0.801131,True,True,elastic-isoscalar,True,False,15.7703,1.43294,6.80252,2.42381,12.5952,1.13912,5.41627,2.42381,12.7106,1.14979,5.46662,2.42381,16.2297,30.3096,31.3294,13.0213,0.00321817,0.00265218,0.000933808,0.000742226,0.00114624,0.000900494,0.00245929,0.00203852,0.00321817,0.00265218
O10s_m400,elastic,O10,s,400,0,True,True,0.346904,0.373236,0.200273,0.0795869,4.3588,4.68967,2.51641,0.863073,0.86806,True,True,elastic-isoscalar,True,False,24.9092,3.61864,13.5491,4.60417,21.5571,3.12513,11.7085,4.60417,21.6792,3.14311,11.7756,4.60417,25.3103,44.5715,47.6124,21.9368,0.0050831,0.00453928,0.00147495,0.00127034,0.00181049,0.00154122,0.00388445,0.00348898,0.0050831,0.00453928
O10s_m1000,elastic,O10,s,1000,0,True,True,0.311622,0.364901,0.222167,0.10131,3.07591,3.60182,2.19293,0.894512,0.898969,True,True,elastic-isoscalar,True,False,30.2313,5.35831,18.1483,6.34072,27.0894,4.79493,16.2463,6.34072,27.2221,4.81873,16.3267,6.34072,30.6055,52.0295,56.6183,27.4475,0.00616914,0.0057042,0.00179008,0.00159635,0.00219731,0.00193675,0.00471439,0.00438437,0.00616914,0.0057042
O10s_m4000,elastic,O10,s,4000,0,True,True,0.296518,0.360409,0.23136,0.111713,2.65429,3.22622,2.07103,0.907827,0.912142,True,True,elastic-isoscalar,True,False,32.6501,6.2631,20.3846,7.2441,29.6825,5.68756,18.517,7.2441,29.8215,5.71451,18.6044,7.2441,33.0132,55.2287,60.6007,30.0317,0.00666275,0.00625025,0.00193331,0.00174916,0.00237312,0.00212215,0.0050916,0.00480407,0.00666275,0.00625025
O10v_m10,elastic,O10,v,10,0,False,True,1,0,0,0,inf,inf,inf,0,0,True,True,elastic-isovector,True,False,0,0,0,0,0,0,0,0,0,0,0,0,0.709412,0.2542,0.452113,0.709412,0,0,0,0,0,0,0,0,0,0
O10v_m12,elastic,O10,v,12,0,False,True,1,0,0,0,inf,inf,inf,0,6.37887e-78,True,True,elastic-isovector,True,False,0,0,0,0,0,0,0,0,0,0,0,0,0.709412,0.2542,0.452113,0.709412,0,0,0,0,0,0,0,0,0,0
O10v_m14,elastic,O10,v,14,0,False,True,1,0,0,0,inf,inf,inf,1.38912e-117,3.76597e-58,True,True,elastic-isovector,True,False,0,0,0,0,0,0,0,0,0,0,0,0,0.709412,0.2542,0.452113,0.709412,0,0,0,0,0,0,0,0,0,0
O10v_m17,elastic,O10,v,17,0,False,True,1,0,0,0,inf,inf,inf,3.43229e-78,1.51141e-38,True,True,elastic-isovector,True,False,0,0,0,0,0,0,0,0,0,0,0,0,0.709412,0.2542,0.452113,0.709412,0,0,0,0,0,0,0,0,0,0
O10v_m21,elastic,O10,v,21,0,False,True,1,0,0,0,inf,inf,inf,1.83512e-51,2.46303e-25,True,True,elastic-isovector,True,False,0,0,0,0,0,0,0,0,0,0,0,0,0.709412,0.2542,0.452113,0.709412,0,0,0,0,0,0,0,0,0,0
O10v_m30,elastic,O10,v,30,0,False,True,0.998905,0.00109536,0,0,inf,inf,inf,1.60478e-22,2.651e-11,True,True,elastic-isovector,True,False,0,0,0,0,0,0,0,0,0,0,0,0,0.709412,0.2542,0.452113,0.709412,0,0,0,0,0,0,0,0,0,0
O10v_m40,elastic,O10,v,40,0,False,True,0.964279,0.0357214,0,0,inf,inf,inf,4.93397e-11,6.88724e-06,True,True,elastic-isovector,True,False,0,0,0,0,0,0,0,0,0,0,0,0,0.709412,0.2542,0.452113,0.709412,0,0,0,0,0,0,0,0,0,0
O10v_m50,elastic,O10,v,50,0,False,True,0.893791,0.10602,0.000189019,0,inf,inf,inf,3.36537e-06,0.00226454,True,True,elastic-isovector,True,False,0,0,0,0,0,0,0,0,0,0,0,0,0.709383,0.254134,0.452051,0.709383,0,0,0,0,0,0,0,0,0,0
O10v_m100,elastic,O10,v,100,0,False,True,0.592979,0.338735,0.0617979,0.00648812,91.3946,52.2085,9.52477,0.554247,0.577514,True,True,elastic-isovector,True,False,2.64156,0.0401491,0.487722,1.03863,1.56064,0.0229318,0.285826,1.03863,1.61706,0.0238305,0.296365,1.03863,3.28842,5.9159,5.92445,2.13437,0,0,0,0,0,0,0.000411936,0.000252587,0,0
O10v_m200,elastic,O10,v,200,0,False,True,0.414015,0.386539,0.155125,0.0443204,9.34141,8.72146,3.50008,0.790627,0.797772,True,True,elastic-isovector,True,False,15.2407,1.33759,6.46242,2.32877,12.1295,1.05938,5.12686,2.32877,12.2356,1.06888,5.17244,2.32877,15.7038,29.343,30.3104,12.5587,0,0,0,0,0,0,0.00237669,0.00196314,0,0
O10v_m400,elastic,O10,v,400,0,False,True,0.34221,0.381287,0.199771,0.0767329,4.45975,4.96901,2.60345,0.860393,0.865294,True,True,elastic-isovector,True,False,24.109,3.38787,12.8993,4.37387,20.8026,2.91685,11.1131,4.37387,20.9187,2.93339,11.1758,4.37387,24.5141,43.2683,46.1576,21.1858,0,0,0,0,0,0,0.00375966,0.00336687,0,0
O10v_m1000,elastic,O10,v,1000,0,False,True,0.307666,0.372992,0.221606,0.0977353,3.14795,3.81635,2.26741,0.892007,0.896514,True,True,elastic-isovector,True,False,29.2967,5.02917,17.3098,6.01213,26.1808,4.48789,15.453,6.01213,26.3108,4.51048,15.5305,6.01213,29.6749,50.6043,54.9734,26.5425,0,0,0,0,0,0,0.00456864,0.00423732,0,0
O10v_m4000,elastic,O10,v,4000,0,False,True,0.292887,0.368526,0.230801,0.107786,2.7173,3.41906,2.1413,0.905345,0.909781,True,True,elastic-isovector,True,False,31.6541,5.88336,19.455,6.86494,28.7005,5.32821,17.6249,6.86494,28.839,5.35423,17.7106,6.86494,32.0212,53.7537,58.8729,29.0533,0,0,0,0,0,0,0.00493627,0.00464514,0,0
O11s_m10,elastic,O11,s,10,0,True,True,1,0,0,0,inf,inf,inf,0,0,True,True,elastic-isoscalar,False,False,0,0,0,0,0,0,0,0,0,0,0,0,0.709412,0.2542,0.452113,0.709412,0,0,0,0,0,0,0,0,0,0
O11s_m12,elastic,O11,s,12,0,False,True,1,0,0,0,inf,inf,inf,0,6.37887e-78,True,True,elastic-isoscalar,False,False,0,0,0,0,0,0,0,0,0,0,0,0,0.709412,0.2542,0.452113,0.709412,0,0,0,0,0,0,0,0,0,0
O11s_m14,elastic,O11,s,14,0,False,True,1,0,0,0,inf,inf,inf,1.38642e-117,3.76583e-58,True,True,elastic-isoscalar,False,False,0,0,0,0,0,0,0,0,0,0,0,0,0.709412,0.2542,0.452113,0.709412,0,0,0,0,0,0,0,0,0,0
O11s_m17,elastic,O11,s,17,0,True,True,1,0,0,0,inf,inf,inf,3.43213e-78,1.50819e-38,True,True,elastic-isoscalar,False,False,0,0,0,0,0,0,0,0,0,0,0,0,0.709412,0.2542,0.452113,0.709412,0,0,0,0,0,0,0,0,0,0
O11s_m21,elastic,O11,s,21,0,True,True,1,0,0,0,inf,inf,inf,1.83275e-51,2.44342e-25,True,True,elastic-isoscalar,False,False,0,0,0,0,0,0,0,0,0,0,0,0,0.709412,0.2542,0.452113,0.709412,0,0,0,0,0,0,0,0,0,0
O11s_m30,elastic,O11,s,30,0,True,True,0.999801,0.000198509,0,0,inf,inf,inf,1.56981e-22,2.44735e-11,True,True,elastic-isoscalar,False,False,0,0,0,0,0,0,0,0,0,0,0,0,0.709412,0.2542,0.452113,0.709412,0,0,0,0,0,0,0,0,0,0
O11s_m40,elastic,O11,s,40,0,False,True,0.994412,0.00558752,0,0,inf,inf,inf,1.79437e-11,2.88355e-06,True,True,elastic-isoscalar,False,False,0,0,0,0,0,0,0,0,0,0,0,0,0.709412,0.2542,0.452113,0.709412,0,0,0,0,0,0,0,0,0,0
O11s_m50,elastic,O11,s,50,0,True,True,0.98465,0.0153459,3.85858e-06,0,inf,inf,inf,3.72532e-06,0.00281703,True,True,elastic-isoscalar,False,False,0,0,0,0,0,0,0,0,0,0,0,0,0.709411,0.254198,0.452112,0.709411,0,0,0,0,0,0,0,0,0,0
O11s_m100,elastic,O11,s,100,0,True,True,0.94431,0.0521962,0.00334612,0.000147481,6402.94,353.919,22.6885,0.251218,0.357699,True,True,elastic-isoscalar,False,False,0.00519442,0.000125661,0.00725806,1,0.00251703,0.000125258,0.00593723,1,0.00289777,0.000125315,0.00612506,1,0.773193,0.40313,0.591793,0.725036,1.06e-06,5.30011e-07,3.07577e-07,1.48326e-07,3.77548e-07,1.79954e-07,8.1004e-07,4.07378e-07,1.06e-06,5.30011e-07
O11s_m200,elastic,O11,s,200,0,True,True,0.913613,0.0725588,0.0126031,0.00122462,746.038,59.25,10.2914,0.347298,0.458631,True,True,elastic-isoscalar,False,False,0.463569,0.00181808,0.0570459,1.00149,0.215852,0.000843291,0.0300668,1.00149,0.258106,0.00100956,0.0346687,1.00149,1.23363,1.46617,1.59434,0.890108,9.45983e-05,4.5452e-05,2.74493e-05,1.272e-05,3.36938e-05,1.54323e-05,7.2291e-05,3.49354e-05,9.45983e-05,4.5452e-05
O11s_m400,elastic,O11,s,400,0,True,True,0.896911,0.0808815,0.0197841,0.00242307,370.155,33.3798,8.16491,0.380542,0.494811,True,True,elastic-isoscalar,False,False,1.00804,0.00658553,0.135091,1.00597,0.46797,0.0028855,0.0650144,1.00597,0.567595,0.00356803,0.0779411,1.00597,1.73535,2.60726,2.67842,1.09776,0.000205706,9.85404e-05,5.9689e-05,2.7577e-05,7.32678e-05,3.34574e-05,0.000157198,7.57402e-05,0.000205706,9.85404e-05
O11s_m1000,elastic,O11,s,1000,0,True,True,0.887247,0.0849813,0.0244422,0.00332963,266.47,25.5228,7.34081,0.396838,0.512971,True,True,elastic-isoscalar,False,False,1.40551,0.0120273,0.205859,1.0112,0.655764,0.00527364,0.0971608,1.0112,0.80012,0.00657399,0.118089,1.0112,2.10876,3.44676,3.48052,1.26222,0.000286816,0.000138084,8.32245e-05,3.86435e-05,0.000102157,4.68837e-05,0.000219181,0.000106134,0.000286816,0.000138084
O11s_m4000,elastic,O11,s,4000,0,False,True,0.882659,0.0868068,0.0267251,0.00380948,231.701,22.7871,7.01543,0.404022,0.521124,True,True,elastic-isoscalar,False,False,1.61204,0.0155261,0.246712,1.01458,0.75492,0.0068359,0.115993,1.01458,0.923333,0.0085434,0.141678,1.01458,2.30451,3.88382,3.89953,1.35115,0,0,0,0,0,0,0.000251388,0.000122183,0,0
O11v_m10,elastic,O11,v,10,0,False,True,1,0,0,0,inf,inf,inf,0,0,True,True,elastic-isovector,False,False,0,0,0,0,0,0,0,0,0,0,0,0,0.709412,0.2542,0.452113,0.709412,0,0,0,0,0,0,0,0,0,0
O11v_m12,elastic,O11,v,12,0,False,True,1,0,0,0,inf,inf,inf,0,6.37887e-78,True,True,elastic-isovector,False,False,0,0,0,0,0,0,0,0,0,0,0,0,0.709412,0.2542,0.452113,0.709412,0,0,0,0,0,0,0,0,0,0
O11v_m14,elastic,O11,v,14,0,False,True,1,0,0,0,inf,inf,inf,1.38642e-117,3.76578e-58,True,True,elastic-isovector,False,False,0,0,0,0,0,0,0,0,0,0,0,0,0.709412,0.2542,0.452113,0.709412,0,0,0,0,0,0,0,0,0,0
O11v_m17,elastic,O11,v,17,0,False,True,1,0,0,0,inf,inf,inf,3.43207e-78,1.50697e-38,True,True,elastic-isovector,False,False,0,0,0,0,0,0,0,0,0,0,0,0,0.709412,0.2542,0.452113,0.709412,0,0,0,0,0,0,0,0,0,0
O11v_m21,elastic,O11,v,21,0,False,True,1,0,0,0,inf,inf,inf,1.83145e-51,2.43256e-25,True,True,elastic-isovector,False,False,0,0,0,0,0,0,0,0,0,0,0,0,0.709412,0.2542,0.452113,0.709412,0,0,0,0,0,0,0,0,0,0
O11v_m30,elastic,O11,v,30,0,True,True,0.999974,2.61908e-05,0,0,inf,inf,inf,1.4583e-22,1.86758e-11,True,True,elastic-isovector,False,False,0,0,0,0,0,0,0,0,0,0,0,0,0.709412,0.2542,0.452113,0.709412,0,0,0,0,0,0,0,0,0,0
O11v_m40,elastic,O11,v,40,0,True,True,0.999381,0.000618737,0,0,inf,inf,inf,5.08748e-11,7.45536e-06,True,True,elastic-isovector,False,False,0,0,0,0,0,0,0,0,0,0,0,0,0.709412,0.2542,0.452113,0.709412,0,0,0,0,0,0,0,0,0,0
O11v_m50,elastic,O11,v,50,0,True,True,0.997328,0.00265811,1.42551e-05,0,inf,inf,inf,3.15772e-06,0.00208041,True,True,elastic-isovector,False,False,0,0,0,0,0,0,0,0,0,0,0,0,0.70941,0.254195,0.452108,0.70941,0,0,0,0,0,0,0,0,0,0
O11v_m100,elastic,O11,v,100,0,True,True,0.969423,0.0249973,0.00494957,0.000630457,1537.65,39.6494,7.85076,1.06217,0.970573,True,True,elastic-isovector,False,False,0.188043,0.000535335,0.0268669,1.00035,0.197072,0.000556794,0.0278321,1.00035,0.18377,0.000525178,0.02641,1.00035,0.982682,0.890928,1.04992,0.999724,3.8373e-05,4.14974e-05,1.75999e-05,1.83564e-05,1.36676e-05,1.40896e-05,2.93243e-05,3.18958e-05,3.8373e-05,4.14974e-05
O11v_m200,elastic,O11,v,200,0,True,True,0.927644,0.0488819,0.0155949,0.00787916,117.734,6.20395,1.97926,1.24354,1.17299,True,True,elastic-isovector,False,False,3.41658,0.0657832,0.701228,1.06382,4.19007,0.0813256,0.862368,1.06382,3.966,0.0768232,0.815688,1.06382,4.04694,7.89946,7.68999,4.86062,0.000697205,0.000882303,0.000319774,0.000390288,0.000248329,0.000299568,0.000532796,0.000678157,0.000697205,0.000882303
O11v_m400,elastic,O11,v,400,0,True,True,0.898764,0.0610919,0.0227655,0.0173786,51.7167,3.51535,1.30997,1.28382,1.21435,True,True,elastic-isovector,False,False,7.34905,0.30214,2.15506,1.29791,9.34619,0.386694,2.75023,1.29791,8.85736,0.365998,2.60455,1.29791,7.90557,16.4797,15.932,9.94969,0.00149968,0.00196803,0.000687832,0.00087056,0.000534154,0.000668204,0.00114604,0.00151267,0.00149968,0.00196803
O11v_m1000,elastic,O11,v,1000,0,True,True,0.880382,0.0675642,0.0270697,0.0249837,35.2383,2.70433,1.08349,1.301,1.23167,True,True,elastic-isovector,False,False,10.3686,0.603609,3.60044,1.59762,13.3856,0.783495,4.6634,1.59762,12.6907,0.74206,4.41856,1.59762,10.8898,22.9502,22.2249,13.9564,0.00211586,0.00281861,0.000970444,0.00124682,0.000753624,0.000957001,0.00161692,0.00216644,0.00211586,0.00281861
O11v_m4000,elastic,O11,v,4000,0,False,True,0.87129,0.0704914,0.0291179,0.0291009,29.9403,2.42231,1.00058,1.30805,1.23877,True,True,elastic-isovector,False,False,11.9639,0.805388,4.46081,1.79847,15.5388,1.05136,5.81212,1.79847,14.7348,0.996041,5.50821,1.79847,12.4699,26.32,25.5291,16.0954,0,0,0,0,0,0,0.0018657,0.00251493,0,0
O12s_m10,elastic,O12,s,10,0,False,True,1,0,0,0,inf,inf,inf,0,0,True,True,elastic-isoscalar,False,False,0,0,0,0,0,0,0,0,0,0,0,0,0.709412,0.2542,0.452113,0.709412,0,0,0,0,0,0,0,0,0,0
O12s_m12,elastic,O12,s,12,0,False,True,1,0,0,0,inf,inf,inf,0,6.37887e-78,True,True,elastic-isoscalar,False,False,0,0,0,0,0,0,0,0,0,0,0,0,0.709412,0.2542,0.452113,0.709412,0,0,0,0,0,0,0,0,0,0
O12s_m14,elastic,O12,s,14,0,False,True,1,0,0,0,inf,inf,inf,1.38641e-117,3.76581e-58,True,True,elastic-isoscalar,False,False,0,0,0,0,0,0,0,0,0,0,0,0,0.709412,0.2542,0.452113,0.709412,0,0,0,0,0,0,0,0,0,0
O12s_m17,elastic,O12,s,17,0,False,True,1,0,0,0,inf,inf,inf,3.43211e-78,1.50774e-38,True,True,elastic-isoscalar,False,False,0,0,0,0,0,0,0,0,0,0,0,0,0.709412,0.2542,0.452113,0.709412,0,0,0,0,0,0,0,0,0,0
O12s_m21,elastic,O12,s,21,0,True,True,1,0,0,0,inf,inf,inf,1.83268e-51,2.44278e-25,True,True,elastic-isoscalar,False,False,0,0,0,0,0,0,0,0,0,0,0,0,0.709412,0.2542,0.452113,0.709412,0,0,0,0,0,0,0,0,0,0
O12s_m30,elastic,O12,s,30,0,False,True,0.999615,0.000384533,0,0,inf,inf,inf,1.57166e-22,2.46298e-11,True,True,elastic-isoscalar,False,False,0,0,0,0,0,0,0,0,0,0,0,0,0.709412,0.2542,0.452113,0.709412,0,0,0,0,0,0,0,0,0,0
O12s_m40,elastic,O12,s,40,0,True,True,0.988012,0.0119876,0,0,inf,inf,inf,4.62039e-11,6.02991e-06,True,True,elastic-isoscalar,False,False,0,0,0,0,0,0,0,0,0,0,0,0,0.709412,0.2542,0.452113,0.709412,0,0,0,0,0,0,0,0,0,0
O12s_m50,elastic,O12,s,50,0,False,True,0.965971,0.0340286,7.72277e-07,0,inf,inf,inf,2.22758e-06,0.00110517,True,True,elastic-isoscalar,False,False,0,0,0,0,0,0,0,0,0,0,0,0,0.709412,0.254199,0.452113,0.709412,0,0,0,0,0,0,0,0,0,0
O12s_m100,elastic,O12,s,100,0,False,True,0.881038,0.117876,0.000796691,0.000289091,3047.62,407.747,2.75585,0.570766,0.648399,True,True,elastic-isoscalar,False,False,0.0426296,0.000164485,0.0125707,1.00003,0.0294112,0.000150644,0.0104826,1.00003,0.0318019,0.000153147,0.0108602,1.00003,0.835743,0.549796,0.72907,0.781447,0,0,0,0,0,0,6.64784e-06,4.76015e-06,0,0
O12s_m200,elastic,O12,s,200,0,True,True,0.830211,0.163601,0.00345771,0.00273036,304.067,59.9193,1.26639,0.769007,0.811783,True,True,elastic-isoscalar,False,False,1.17537,0.00863707,0.163339,1.00793,0.938115,0.00680448,0.131059,1.00793,0.982049,0.00714384,0.137037,1.00793,1.89459,3.01393,3.04396,1.62061,0.000239851,0.000197539,6.9597e-05,5.52822e-05,8.54297e-05,6.70703e-05,0.000183292,0.000151832,0.000239851,0.000197539
O12s_m400,elastic,O12,s,400,0,True,True,0.806593,0.182145,0.00565747,0.00560417,143.927,32.5018,1.00951,0.827002,0.860073,True,True,elastic-isoscalar,False,False,2.46429,0.0346965,0.440419,1.03327,2.07448,0.0289403,0.370053,1.03327,2.149,0.0300407,0.383504,1.03327,3.12493,5.85183,5.72159,2.70676,0.000502876,0.000436823,0.000145918,0.000122247,0.000179113,0.000148314,0.000384292,0.000335751,0.000502876,0.000436823
O12s_m1000,elastic,O12,s,1000,0,True,True,0.793803,0.191258,0.00711764,0.00782096,101.497,24.4545,0.910073,0.853623,0.882261,True,True,elastic-isoscalar,False,False,3.43206,0.0662486,0.705296,1.06428,2.96497,0.0568402,0.607864,1.06428,3.05635,0.0586809,0.626926,1.06428,4.0632,7.99909,7.7554,3.57195,0.000700362,0.000624333,0.000203222,0.000174723,0.000249454,0.00021198,0.000535209,0.000479876,0.000700362,0.000624333
O12s_m4000,elastic,O12,s,4000,0,False,True,0.787887,0.195267,0.00784056,0.00900534,87.4911,21.6835,0.870657,0.864805,0.891662,True,True,elastic-isoscalar,False,False,3.94251,0.087093,0.861775,1.08483,3.44383,0.0756248,0.751015,1.08483,3.5429,0.077903,0.773018,1.08483,4.56085,9.13224,8.83135,4.03981,0,0,0,0,0,0,0.000614812,0.000557378,0,0
O12v_m10,elastic,O12,v,10,0,False,True,1,0,0,0,inf,inf,inf,0,0,True,True,elastic-isovector,False,False,0,0,0,0,0,0,0,0,0,0,0,0,0.709412,0.2542,0.452113,0.709412,0,0,0,0,0,0,0,0,0,0
O12v_m12,elastic,O12,v,12,0,False,True,1,0,0,0,inf,inf,inf,0,6.37887e-78,True,True,elastic-isovector,False,False,0,0,0,0,0,0,0,0,0,0,0,0,0.709412,0.2542,0.452113,0.709412,0,0,0,0,0,0,0,0,0,0
O12v_m14,elastic,O12,v,14,0,False,True,1,0,0,0,inf,inf,inf,1.38645e-117,3.76552e-58,True,True,elastic-isovector,False,False,0,0,0,0,0,0,0,0,0,0,0,0,0.709412,0.2542,0.452113,0.709412,0,0,0,0,0,0,0,0,0,0
O12v_m17,elastic,O12,v,17,0,False,True,1,0,0,0,inf,inf,inf,3.43178e-78,1.50112e-38,True,True,elastic-isovector,False,False,0,0,0,0,0,0,0,0,0,0,0,0,0.709412,0.2542,0.452113,0.709412,0,0,0,0,0,0,0,0,0,0
O12v_m21,elastic,O12,v,21,0,False,True,1,0,0,0,inf,inf,inf,1.82893e-51,2.41154e-25,True,True,elastic-isovector,False,False,0,0,0,0,0,0,0,0,0,0,0,0,0.709412,0.2542,0.452113,0.709412,0,0,0,0,0,0,0,0,0,0
O12v_m30,elastic,O12,v,30,0,False,True,0.999746,0.000253986,0,0,inf,inf,inf,1.64101e-22,2.84552e-11,True,True,elastic-isovector,False,False,0,0,0,0,0,0,0,0,0,0,0,0,0.709412,0.2542,0.452113,0.709412,0,0,0,0,0,0,0,0,0,0
O12v_m40,elastic,O12,v,40,0,False,True,0.991077,0.00892268,0,0,inf,inf,inf,5.69637e-11,8.01479e-06,True,True,elastic-isovector,False,False,0,0,0,0,0,0,0,0,0,0,0,0,0.709412,0.2542,0.452113,0.709412,0,0,0,0,0,0,0,0,0,0
O12v_m50,elastic,O12,v,50,0,False,True,0.971341,0.0286139,4.51656e-05,0,inf,inf,inf,3.34585e-06,0.00225888,True,True,elastic-isovector,False,False,0,0,0,0,0,0,0,0,0,0,0,0,0.709405,0.254184,0.452098,0.709405,0,0,0,0,0,0,0,0,0,0
O12v_m100,elastic,O12,v,100,0,True,True,0.850322,0.127347,0.0215519,0.000779262,1091.19,163.42,27.6568,0.301973,0.374957,True,True,elastic-isovector,False,False,0.249556,0.00076007,0.0330821,1.00054,0.112675,0.000382278,0.0186842,1.00054,0.126987,0.00042178,0.0201896,1.00054,1.03701,1.0056,1.16303,0.805994,5.09255e-05,2.3726e-05,2.33571e-05,1.04952e-05,1.81386e-05,8.05569e-06,3.89167e-05,1.82363e-05,5.09255e-05,2.3726e-05
O12v_m200,elastic,O12,v,200,0,True,True,0.739707,0.185599,0.0685152,0.00617906,119.712,30.0368,11.0883,0.434149,0.499516,True,True,elastic-isovector,False,False,2.49242,0.0359142,0.449637,1.03447,1.20168,0.0164066,0.214336,1.03447,1.35078,0.0186601,0.241518,1.03447,3.1434,5.56509,5.60062,1.75998,0.000508615,0.000253038,0.000233277,0.000111932,0.000181157,8.59138e-05,0.000388678,0.00019449,0.000508615,0.000253038
O12v_m400,elastic,O12,v,400,0,True,True,0.682743,0.206508,0.0990352,0.0117138,58.2855,17.6295,8.4546,0.478291,0.541759,True,True,elastic-isovector,False,False,4.52394,0.116351,1.05988,1.11375,2.30241,0.0570063,0.53063,1.11375,2.57267,0.0642259,0.595016,1.11375,5.11709,9.54817,9.61313,2.80934,0.000923178,0.000484818,0.000423417,0.00021446,0.000328816,0.00016461,0.000705483,0.000372641,0.000923178,0.000484818
O12v_m1000,elastic,O12,v,1000,0,True,True,0.651735,0.215711,0.116917,0.0156356,41.6827,13.7961,7.47762,0.499339,0.561939,True,True,elastic-isovector,False,False,5.8695,0.195931,1.5551,1.19256,3.07612,0.0995262,0.80243,1.19256,3.42539,0.11158,0.89654,1.19256,6.43545,12.0816,12.2278,3.55933,0.00119776,0.000647739,0.000549354,0.000286528,0.000426615,0.000219927,0.000915315,0.000497866,0.00119776,0.000647739
O12v_m4000,elastic,O12,v,4000,0,True,True,0.637578,0.219538,0.125242,0.017642,36.1397,12.444,7.09907,0.508281,0.57071,True,True,elastic-isovector,False,False,6.53445,0.243089,1.82321,1.23933,3.46897,0.125407,0.953553,1.23933,3.85816,0.140348,1.06397,1.23933,7.08886,13.3035,13.506,3.94216,0.00133345,0.00073046,0.00061159,0.00032312,0.000474946,0.000248013,0.00101901,0.000561447,0.00133345,0.00073046
O13s_m10,elastic,O13,s,10,0,False,True,1,0,0,0,inf,inf,inf,0,0,True,True,elastic-isoscalar,False,False,0,0,0,0,0,0,0,0,0,0,0,0,0.709412,0.2542,0.452113,0.709412,0,0,0,0,0,0,0,0,0,0
O13s_m12,elastic,O13,s,12,0,False,True,1,0,0,0,inf,inf,inf,0,6.37887e-78,True,True,elastic-isoscalar,False,False,0,0,0,0,0,0,0,0,0,0,0,0,0.709412,0.2542,0.452113,0.709412,0,0,0,0,0,0,0,0,0,0
O13s_m14,elastic,O13,s,14,0,False,True,1,0,0,0,inf,inf,inf,0,3.7659e-58,True,True,elastic-isoscalar,False,False,0,0,0,0,0,0,0,0,0,0,0,0,0.709412,0.2542,0.452113,0.709412,0,0,0,0,0,0,0,0,0,0
O13s_m17,elastic,O13,s,17,0,False,True,1,0,0,0,inf,inf,inf,3.43217e-78,1.50908e-38,True,True,elastic-isoscalar,False,False,0,0,0,0,0,0,0,0,0,0,0,0,0.709412,0.2542,0.452113,0.709412,0,0,0,0,0,0,0,0,0,0
O13s_m21,elastic,O13,s,21,0,False,True,1,0,0,0,inf,inf,inf,1.83358e-51,2.45027e-25,True,True,elastic-isoscalar,False,False,0,0,0,0,0,0,0,0,0,0,0,0,0.709412,0.2542,0.452113,0.709412,0,0,0,0,0,0,0,0,0,0
O13s_m30,elastic,O13,s,30,0,False,True,0.998793,0.00120736,0,0,inf,inf,inf,1.51385e-22,2.17821e-11,True,True,elastic-isoscalar,False,False,0,0,0,0,0,0,0,0,0,0,0,0,0.709412,0.2542,0.452113,0.709412,0,0,0,0,0,0,0,0,0,0
O13s_m40,elastic,O13,s,40,0,True,True,0.968979,0.0310209,0,0,inf,inf,inf,2.90222e-11,4.38872e-06,True,True,elastic-isoscalar,False,False,0,0,0,0,0,0,0,0,0,0,0,0,0.709412,0.2542,0.452113,0.709412,0,0,0,0,0,0,0,0,0,0
O13s_m50,elastic,O13,s,50,0,True,True,0.922628,0.0773701,2.1072e-06,0,inf,inf,inf,4.87906e-06,0.00308929,True,True,elastic-isoscalar,False,False,0,0,0,0,0,0,0,0,0,0,0,0,0.709411,0.254199,0.452112,0.709411,0,0,0,0,0,0,0,0,0,0
O13s_m100,elastic,O13,s,100,0,True,True,0.771149,0.210663,0.0128157,0.00537186,143.554,39.216,2.38571,0.632473,0.68874,True,True,elastic-isoscalar,False,False,2.3372,0.0313729,0.409238,1.03002,1.554,0.0203392,0.270887,1.03002,1.6739,0.0220284,0.292068,1.03002,3.00135,5.53074,5.43526,2.15799,0.00047694,0.000327226,0.000138392,9.15757e-05,0.000169876,0.000111103,0.000364472,0.000251512,0.00047694,0.000327226
O13s_m200,elastic,O13,s,200,0,True,True,0.655469,0.25128,0.0484552,0.0447959,14.6324,5.60944,1.08169,0.854699,0.879155,True,True,elastic-isoscalar,False,False,17.5338,1.74643,7.92725,2.73627,15.0436,1.49415,6.78847,2.73627,15.4627,1.53661,6.98014,2.73627,17.9961,37.3159,36.6893,15.4824,0.00357803,0.00316773,0.00103823,0.000886504,0.00127442,0.00107554,0.00273429,0.00243478,0.00357803,0.00316773
O13s_m400,elastic,O13,s,400,0,True,True,0.589138,0.254289,0.072336,0.0842369,6.99382,3.01874,0.85872,0.917947,0.934362,True,True,elastic-isoscalar,False,False,30.3404,5.30606,18.1264,6.28841,27.8877,4.87213,16.6488,6.28841,28.3783,4.95894,16.9444,6.28841,30.7354,60.8928,61.4903,28.2699,0.00619141,0.0058723,0.00179655,0.00164339,0.00220524,0.00199382,0.00473141,0.00451357,0.00619141,0.0058723
O13s_m1000,elastic,O13,s,1000,0,True,True,0.550965,0.251462,0.0859636,0.111609,4.93655,2.25305,0.770218,0.946339,0.959504,True,True,elastic-isoscalar,False,False,38.2296,8.4843,25.7055,9.46204,36.2034,8.03022,24.3332,9.46204,36.7005,8.14163,24.6699,9.46204,38.5929,73.8814,75.9601,36.5586,0.00780133,0.00762335,0.00226369,0.00213343,0.00277866,0.00258835,0.00596169,0.00585947,0.00780133,0.00762335
O13s_m4000,elastic,O13,s,4000,0,True,True,0.533402,0.249458,0.0921249,0.125016,4.26668,1.99541,0.736907,0.957962,0.969907,True,True,elastic-isoscalar,False,False,41.841,10.1928,29.4657,11.1684,40.1022,9.76533,28.2328,11.1684,40.5962,9.88678,28.5831,11.1684,42.191,79.4216,82.3631,40.446,0.00853827,0.00844431,0.00247753,0.00236318,0.00304114,0.0028671,0.00652486,0.00649048,0.00853827,0.00844431
O13v_m10,elastic,O13,v,10,0,False,True,1,0,0,0,inf,inf,inf,0,0,True,True,elastic-isovector,False,False,0,0,0,0,0,0,0,0,0,0,0,0,0.709412,0.2542,0.452113,0.709412,0,0,0,0,0,0,0,0,0,0
O13v_m12,elastic,O13,v,12,0,False,True,1,0,0,0,inf,inf,inf,0,6.37887e-78,True,True,elastic-isovector,False,False,0,0,0,0,0,0,0,0,0,0,0,0,0.709412,0.2542,0.452113,0.709412,0,0,0,0,0,0,0,0,0,0
O13v_m14,elastic,O13,v,14,0,False,True,1,0,0,0,inf,inf,inf,2.24142e-117,3.76591e-58,True,True,elastic-isovector,False,False,0,0,0,0,0,0,0,0,0,0,0,0,0.709412,0.2542,0.452113,0.709412,0,0,0,0,0,0,0,0,0,0
O13v_m17,elastic,O13,v,17,0,False,True,1,0,0,0,inf,inf,inf,3.43219e-78,1.50933e-38,True,True,elastic-isovector,False,False,0,0,0,0,0,0,0,0,0,0,0,0,0.709412,0.2542,0.452113,0.709412,0,0,0,0,0,0,0,0,0,0
O13v_m21,elastic,O13,v,21,0,True,True,1,0,0,0,inf,inf,inf,1.83391e-51,2.45302e-25,True,True,elastic-isovector,False,False,0,0,0,0,0,0,0,0,0,0,0,0,0.709412,0.2542,0.452113,0.709412,0,0,0,0,0,0,0,0,0,0
O13v_m30,elastic,O13,v,30,0,True,True,0.99806,0.00194003,0,0,inf,inf,inf,1.52756e-22,2.24893e-11,True,True,elastic-isovector,False,False,0,0,0,0,0,0,0,0,0,0,0,0,0.709412,0.2542,0.452113,0.709412,0,0,0,0,0,0,0,0,0,0
O13v_m40,elastic,O13,v,40,0,True,True,0.94825,0.0517498,0,0,inf,inf,inf,3.66161e-11,5.33347e-06,True,True,elastic-isovector,False,False,0,0,0,0,0,0,0,0,0,0,0,0,0.709412,0.2542,0.452113,0.709412,0,0,0,0,0,0,0,0,0,0
O13v_m50,elastic,O13,v,50,0,True,True,0.8691,0.13086,4.05593e-05,0,inf,inf,inf,2.82773e-06,0.00170541,True,True,elastic-isovector,False,False,0,0,0,0,0,0,0,0,0,0,0,0,0.709406,0.254186,0.452099,0.709406,0,0,0,0,0,0,0,0,0,0
O13v_m100,elastic,O13,v,100,0,True,True,0.638747,0.353703,0.00563494,0.00191499,333.551,184.703,2.94255,0.985177,0.991816,True,True,elastic-isovector,False,False,0.794335,0.00434043,0.101597,1.00384,0.784321,0.00428347,0.100383,1.00384,0.788806,0.00430898,0.100927,1.00384,1.53858,2.18248,2.26422,1.52627,0.000162096,0.000165154,7.43455e-05,7.30563e-05,5.7735e-05,5.60748e-05,0.000123872,0.000126941,0.000162096,0.000165154
O13v_m200,elastic,O13,v,200,0,True,True,0.531482,0.436852,0.0139736,0.0176924,30.0401,24.6915,0.789806,1.18865,1.17026,True,True,elastic-isovector,False,False,7.56763,0.319838,2.24933,1.31548,8.93575,0.379352,2.66253,1.31548,8.80238,0.37355,2.62225,1.31548,8.12249,17.1037,16.4645,9.52183,0.00154429,0.0018816,0.00070829,0.000832328,0.000550042,0.000638859,0.00118013,0.00144624,0.00154429,0.0018816
O13v_m400,elastic,O13,v,400,0,True,True,0.486106,0.460255,0.0186862,0.0349531,13.9074,13.1678,0.534606,1.23619,1.21225,True,True,elastic-isovector,False,False,14.4368,1.17355,5.90734,2.16519,17.7576,1.44876,7.28335,2.16519,17.421,1.42086,7.14388,2.16519,14.9245,31.8976,30.8307,18.2839,0.00294605,0.00373922,0.00135121,0.00165405,0.00104932,0.00126958,0.00225134,0.00287404,0.00294605,0.00373922
O13v_m1000,elastic,O13,v,1000,0,True,True,0.462587,0.468359,0.0212822,0.0477713,9.68338,9.8042,0.445503,1.25603,1.23009,True,True,elastic-isovector,False,False,19.2866,2.10603,9.13016,3.09484,24.1209,2.64238,11.4436,3.09484,23.631,2.58802,11.2092,3.09484,19.7423,42.0069,40.8225,24.6179,0.00393571,0.00507913,0.00180512,0.00224676,0.00140181,0.00172452,0.00300763,0.00390393,0.00393571,0.00507913
O13v_m4000,elastic,O13,v,4000,0,True,True,0.451923,0.471284,0.0224909,0.0543015,8.32248,8.67902,0.414186,1.26421,1.23753,True,True,elastic-isovector,False,False,21.6821,2.66829,10.8901,3.6557,27.3007,3.36995,13.7409,3.6557,26.7332,3.29909,13.453,3.6557,22.1244,46.8889,45.7044,27.7854,0.00442455,0.0057487,0.00202933,0.00254295,0.00157593,0.00195186,0.00338119,0.00441857,0.00442455,0.0057487
O14s_m10,elastic,O14,s,10,0,False,True,1,0,0,0,inf,inf,inf,0,0,True,True,elastic-isoscalar,True,False,0,0,0,0,0,0,0,0,0,0,0,0,0.709412,0.2542,0.452113,0.709412,0,0,0,0,0,0,0,0,0,0
O14s_m12,elastic,O14,s,12,0,False,True,1,0,0,0,inf,inf,inf,0,6.37887e-78,True,True,elastic-isoscalar,True,False,0,0,0,0,0,0,0,0,0,0,0,0,0.709412,0.2542,0.452113,0.709412,0,0,0,0,0,0,0,0,0,0
O14s_m14,elastic,O14,s,14,0,True,True,1,0,0,0,inf,inf,inf,0,3.76542e-58,True,True,elastic-isoscalar,True,False,0,0,0,0,0,0,0,0,0,0,0,0,0.709412,0.2542,0.452113,0.709412,0,0,0,0,0,0,0,0,0,0
O14s_m17,elastic,O14,s,17,0,True,True,1,0,0,0,inf,inf,inf,3.43169e-78,1.49924e-38,True,True,elastic-isoscalar,True,False,0,0,0,0,0,0,0,0,0,0,0,0,0.709412,0.2542,0.452113,0.709412,0,0,0,0,0,0,0,0,0,0
O14s_m21,elastic,O14,s,21,0,True,True,1,0,0,0,inf,inf,inf,1.8256e-51,2.38363e-25,True,True,elastic-isoscalar,True,False,0,0,0,0,0,0,0,0,0,0,0,0,0.709412,0.2542,0.452113,0.709412,0,0,0,0,0,0,0,0,0,0
O14s_m30,elastic,O14,s,30,0,True,True,0.999966,3.3695e-05,0,0,inf,inf,inf,1.27583e-22,1.27356e-11,True,True,elastic-isoscalar,True,False,0,0,0,0,0,0,0,0,0,0,0,0,0.709412,0.2542,0.452113,0.709412,0,0,0,0,0,0,0,0,0,0
O14s_m40,elastic,O14,s,40,0,False,True,0.996489,0.00351096,0,0,inf,inf,inf,1.58793e-11,3.64756e-06,True,True,elastic-isoscalar,True,False,0,0,0,0,0,0,0,0,0,0,0,0,0.709412,0.2542,0.452113,0.709412,0,0,0,0,0,0,0,0,0,0
O14s_m50,elastic,O14,s,50,0,False,True,0.982711,0.0172666,2.24886e-05,0,inf,inf,inf,2.93092e-06,0.00187,True,True,elastic-isoscalar,True,False,0,0,0,0,0,0,0,0,0,0,0,0,0.709408,0.254192,0.452105,0.709408,0,0,0,0,0,0,0,0,0,0
O14s_m100,elastic,O14,s,100,0,True,True,0.805444,0.133612,0.0539293,0.00701463,114.824,19.0476,7.68812,0.493261,0.553013,True,True,elastic-isoscalar,True,False,2.88689,0.0476573,0.552765,1.04599,1.53787,0.0243503,0.291081,1.04599,1.69694,0.0270985,0.321938,1.04599,3.52703,6.48303,6.45218,2.0947,0.000589112,0.000323829,0.000170941,9.06251e-05,0.000209829,0.00010995,0.000450193,0.000248902,0.000589112,0.000323829
O14s_m200,elastic,O14,s,200,0,True,True,0.562385,0.188732,0.179418,0.0694653,8.09591,2.71693,2.58285,0.742085,0.770278,True,True,elastic-isoscalar,True,False,22.5112,2.94423,11.6255,3.93116,16.8132,2.18824,8.65333,3.93116,17.436,2.27088,8.97822,3.93116,22.9271,41.4289,43.6673,17.1884,0.00459374,0.00354035,0.00133295,0.000990785,0.00163619,0.00120205,0.00351049,0.00272119,0.00459374,0.00354035
O14s_m400,elastic,O14,s,400,0,True,True,0.441084,0.191478,0.24175,0.125688,3.50936,1.52344,1.92342,0.809199,0.831157,True,True,elastic-isoscalar,True,False,35.8164,7.55488,23.4412,8.53402,29.071,6.11738,18.993,8.53402,29.8473,6.28281,19.5049,8.53402,36.1657,59.3058,65.7467,29.392,0.00730888,0.00612148,0.0021208,0.00171313,0.00260326,0.00207842,0.00558537,0.0047051,0.00730888,0.00612148
O14s_m1000,elastic,O14,s,1000,0,True,True,0.380932,0.187495,0.270692,0.160881,2.36779,1.16543,1.68256,0.839717,0.859014,True,True,elastic-isoscalar,True,False,43.0096,10.9498,30.9056,11.9247,36.193,9.19872,25.9744,11.9247,37.0137,9.40954,26.5681,11.9247,43.3291,67.3856,76.7369,36.4896,0.00877675,0.00762115,0.00254673,0.00213282,0.00312609,0.00258761,0.0067071,0.00585777,0.00877675,0.00762115
O14s_m4000,elastic,O14,s,4000,0,False,True,0.355145,0.184676,0.282486,0.177693,1.99865,1.0393,1.58975,0.852663,0.870864,True,True,elastic-isoscalar,True,False,46.2223,12.6707,34.4574,13.6438,39.4839,10.8078,29.402,13.6438,40.3163,11.0379,30.0265,13.6438,46.5294,70.6884,81.4535,39.7704,0,0,0,0,0,0,0.0072081,0.00639041,0,0
O14v_m10,elastic,O14,v,10,0,False,True,1,0,0,0,inf,inf,inf,0,0,True,True,elastic-isovector,True,False,0,0,0,0,0,0,0,0,0,0,0,0,0.709412,0.2542,0.452113,0.709412,0,0,0,0,0,0,0,0,0,0
O14v_m12,elastic,O14,v,12,0,False,True,1,0,0,0,inf,inf,inf,0,6.37887e-78,True,True,elastic-isovector,True,False,0,0,0,0,0,0,0,0,0,0,0,0,0.709412,0.2542,0.452113,0.709412,0,0,0,0,0,0,0,0,0,0
O14v_m14,elastic,O14,v,14,0,False,True,1,0,0,0,inf,inf,inf,0,3.76541e-58,True,True,elastic-isovector,True,False,0,0,0,0,0,0,0,0,0,0,0,0,0.709412,0.2542,0.452113,0.709412,0,0,0,0,0,0,0,0,0,0
O14v_m17,elastic,O14,v,17,0,False,True,1,0,0,0,inf,inf,inf,3.43168e-78,1.49904e-38,True,True,elastic-isovector,True,False,0,0,0,0,0,0,0,0,0,0,0,0,0.709412,0.2542,0.452113,0.709412,0,0,0,0,0,0,0,0,0,0
O14v_m21,elastic,O14,v,21,0,False,True,1,0,0,0,inf,inf,inf,1.82518e-51,2.38014e-25,True,True,elastic-isovector,True,False,0,0,0,0,0,0,0,0,0,0,0,0,0.709412,0.2542,0.452113,0.709412,0,0,0,0,0,0,0,0,0,0
O14v_m30,elastic,O14,v,30,0,False,True,0.999979,2.05453e-05,0,0,inf,inf,inf,1.18198e-22,1.05162e-11,True,True,elastic-isovector,True,False,0,0,0,0,0,0,0,0,0,0,0,0,0.709412,0.2542,0.452113,0.709412,0,0,0,0,0,0,0,0,0,0
O14v_m40,elastic,O14,v,40,0,False,True,0.997574,0.00242601,0,0,inf,inf,inf,1.82804e-11,3.8174e-06,True,True,elastic-isovector,True,False,0,0,0,0,0,0,0,0,0,0,0,0,0.709412,0.2542,0.452113,0.709412,0,0,0,0,0,0,0,0,0,0
O14v_m50,elastic,O14,v,50,0,True,True,0.987077,0.012904,1.93806e-05,0,inf,inf,inf,2.90917e-06,0.00185363,True,True,elastic-isovector,True,False,0,0,0,0,0,0,0,0,0,0,0,0,0.709409,0.254193,0.452106,0.709409,0,0,0,0,0,0,0,0,0,0
O14v_m100,elastic,O14,v,100,0,True,True,0.830197,0.113199,0.0499504,0.00665347,124.777,17.0135,7.50741,0.501482,0.559165,True,True,elastic-isovector,True,False,2.75287,0.043408,0.516578,1.04182,1.49043,0.0225595,0.27676,1.04182,1.6365,0.0249718,0.30451,1.04182,3.39773,6.22177,6.18897,2.0534,0.000561765,0.000313839,0.000257654,0.000138827,0.000200088,0.000106558,0.000429295,0.000241223,0.000561765,0.000313839
O14v_m200,elastic,O14,v,200,0,True,True,0.592103,0.167626,0.171804,0.0684672,8.64799,2.44827,2.50928,0.758416,0.786366,True,True,elastic-isovector,True,False,22.4038,2.91358,11.5385,3.90057,17.0924,2.21285,8.77548,3.90057,17.7069,2.29392,9.09514,3.90057,22.8212,41.559,43.6368,17.4717,0.00457182,0.00359915,0.00209687,0.00159209,0.00162838,0.00122202,0.00349374,0.00276638,0.00457182,0.00359915
O14v_m400,elastic,O14,v,400,0,True,True,0.467632,0.172795,0.234121,0.125452,3.72757,1.37737,1.86621,0.827485,0.850666,True,True,elastic-isovector,True,False,36.0333,7.64315,23.6502,8.62217,29.897,6.32821,19.5924,8.62217,30.7216,6.5049,20.1376,8.62217,36.3828,60.0817,66.3802,30.2209,0.00735314,0.00629541,0.00337253,0.00278479,0.00261902,0.00213748,0.00561919,0.00483879,0.00735314,0.00629541
O14v_m1000,elastic,O14,v,1000,0,True,True,0.404871,0.170354,0.263353,0.161422,2.50815,1.05533,1.63145,0.858851,0.880179,True,True,elastic-isovector,True,False,43.434,11.1639,31.3609,12.1386,37.3713,9.59173,26.9543,12.1386,38.2874,9.8293,27.6201,12.1386,43.7531,68.451,77.7255,37.6703,0.00886336,0.00786928,0.00406519,0.00348099,0.00315693,0.00267185,0.00677328,0.00604849,0.00886336,0.00786928
O14v_m4000,elastic,O14,v,4000,0,False,True,0.377786,0.168249,0.275308,0.178656,2.1146,0.941749,1.54099,0.872151,0.892751,True,True,elastic-isovector,True,False,46.7414,12.9544,35.0369,13.9271,40.828,11.3016,30.5762,13.9271,41.7809,11.5679,31.2949,13.9271,47.0478,71.8621,82.5901,41.1166,0,0,0,0,0,0,0.00728905,0.00660795,0,0
O15s_m10,elastic,O15,s,10,0,True,True,1,0,0,0,inf,inf,inf,0,0,True,True,elastic-isoscalar,True,False,0,0,0,0,0,0,0,0,0,0,0,0,0.709412,0.2542,0.452113,0.709412,0,0,0,0,0,0,0,0,0,0
O15s_m12,elastic,O15,s,12,0,True,True,1,0,0,0,inf,inf,inf,0,6.37887e-78,True,True,elastic-isoscalar,True,False,0,0,0,0,0,0,0,0,0,0,0,0,0.709412,0.2542,0.452113,0.709412,0,0,0,0,0,0,0,0,0,0
O15s_m14,elastic,O15,s,14,0,True,True,1,0,0,0,inf,inf,inf,1.3598e-117,3.76592e-58,True,True,elastic-isoscalar,True,False,0,0,0,0,0,0,0,0,0,0,0,0,0.709412,0.2542,0.452113,0.709412,0,0,0,0,0,0,0,0,0,0
O15s_m17,elastic,O15,s,17,0,True,True,1,0,0,0,inf,inf,inf,3.4322e-78,1.50965e-38,True,True,elastic-isoscalar,True,False,0,0,0,0,0,0,0,0,0,0,0,0,0.709412,0.2542,0.452113,0.709412,0,0,0,0,0,0,0,0,0,0
O15s_m21,elastic,O15,s,21,0,True,True,1,0,0,0,inf,inf,inf,1.83424e-51,2.45573e-25,True,True,elastic-isoscalar,True,False,0,0,0,0,0,0,0,0,0,0,0,0,0.709412,0.2542,0.452113,0.709412,0,0,0,0,0,0,0,0,0,0
O15s_m30,elastic,O15,s,30,0,True,True,0.996195,0.00380458,0,0,inf,inf,inf,1.5886e-22,2.56114e-11,True,True,elastic-isoscalar,True,False,0,0,0,0,0,0,0,0,0,0,0,0,0.709412,0.2542,0.452113,0.709412,0,0,0,0,0,0,0,0,0,0
O15s_m40,elastic,O15,s,40,0,True,True,0.915784,0.0842161,0,0,inf,inf,inf,4.84131e-11,6.48011e-06,True,True,elastic-isoscalar,True,False,0,0,0,0,0,0,0,0,0,0,0,0,0.709412,0.2542,0.452113,0.709412,0,0,0,0,0,0,0,0,0,0
O15s_m50,elastic,O15,s,50,0,True,True,0.811293,0.188691,1.6165e-05,0,inf,inf,inf,2.39747e-06,0.00126103,True,True,elastic-isoscalar,True,False,0,0,0,0,0,0,0,0,0,0,0,0,0.709409,0.254194,0.452108,0.709409,0,0,0,0,0,0,0,0,0,0
O15s_m100,elastic,O15,s,100,0,True,True,0.558727,0.414452,0.0165012,0.0103205,54.1375,40.158,1.59887,0.673536,0.737589,True,True,elastic-isoscalar,True,False,4.45571,0.111184,1.03048,1.10862,3.08766,0.0757226,0.708814,1.10862,3.35608,0.0826803,0.771925,1.10862,5.06143,10.1917,9.87471,3.63934,0.000909255,0.000650168,0.000263836,0.000181953,0.000323857,0.000220751,0.000694843,0.000499733,0.000909255,0.000650168
O15s_m200,elastic,O15,s,200,0,True,True,0.424008,0.444827,0.0559907,0.075174,5.64035,5.9173,0.744814,0.886202,0.910929,True,True,elastic-isoscalar,True,False,27.9508,4.48381,16.0021,5.46756,24.8202,3.97541,14.194,5.46756,25.5004,4.08588,14.5868,5.46756,28.3583,57.4444,57.3534,25.2098,0.00570378,0.00522638,0.00165505,0.00146263,0.00203156,0.00177451,0.00435876,0.00401711,0.00570378,0.00522638
O15s_m400,elastic,O15,s,400,0,True,True,0.360448,0.427921,0.0790111,0.13262,2.7179,3.22667,0.595771,0.944994,0.959499,True,True,elastic-isoscalar,True,False,44.6541,11.6082,32.4852,12.5822,42.2245,10.9711,30.7062,12.5822,42.8652,11.1391,31.1754,12.5822,44.9972,85.2106,88.1342,42.5595,0.00911233,0.00889121,0.0026441,0.00248825,0.00324561,0.00301883,0.00696355,0.00683397,0.00911233,0.00889121
O15s_m1000,elastic,O15,s,1000,0,True,True,0.327377,0.412276,0.0910456,0.169301,1.9337,2.43517,0.537774,0.971536,0.981491,True,True,elastic-isoscalar,True,False,53.9044,17.0237,43.193,17.9922,52.3844,16.54,41.9681,17.9922,52.916,16.7092,42.3965,17.9922,54.2176,98.3887,103.974,52.6936,0.011,0.0110306,0.00319184,0.00308696,0.00391795,0.00374521,0.00840607,0.00847833,0.011,0.0110306
O15s_m4000,elastic,O15,s,4000,0,True,True,0.312765,0.404116,0.0962133,0.186906,1.67338,2.16214,0.514769,0.982607,0.990743,True,True,elastic-isoscalar,True,False,58.0269,19.7776,48.2905,20.7438,57.0265,19.4342,47.4534,20.7438,57.4945,19.5949,47.845,20.7438,58.3276,103.753,110.745,57.3248,0.0118413,0.0120081,0.00343595,0.00336052,0.0042176,0.0040771,0.00904896,0.00922965,0.0118413,0.0120081
O15v_m10,elastic,O15,v,10,0,False,True,1,0,0,0,inf,inf,inf,0,0,True,True,elastic-isovector,True,False,0,0,0,0,0,0,0,0,0,0,0,0,0.709412,0.2542,0.452113,0.709412,0,0,0,0,0,0,0,0,0,0
O15v_m12,elastic,O15,v,12,0,True,True,1,0,0,0,inf,inf,inf,0,6.37887e-78,True,True,elastic-isovector,True,False,0,0,0,0,0,0,0,0,0,0,0,0,0.709412,0.2542,0.452113,0.709412,0,0,0,0,0,0,0,0,0,0
O15v_m14,elastic,O15,v,14,0,True,True,1,0,0,0,inf,inf,inf,0,3.76563e-58,True,True,elastic-isovector,True,False,0,0,0,0,0,0,0,0,0,0,0,0,0.709412,0.2542,0.452113,0.709412,0,0,0,0,0,0,0,0,0,0
O15v_m17,elastic,O15,v,17,0,True,True,1,0,0,0,inf,inf,inf,3.43187e-78,1.50285e-38,True,True,elastic-isovector,True,False,0,0,0,0,0,0,0,0,0,0,0,0,0.709412,0.2542,0.452113,0.709412,0,0,0,0,0,0,0,0,0,0
O15v_m21,elastic,O15,v,21,0,True,True,1,0,0,0,inf,inf,inf,1.83031e-51,2.42313e-25,True,True,elastic-isovector,True,False,0,0,0,0,0,0,0,0,0,0,0,0,0.709412,0.2542,0.452113,0.709412,0,0,0,0,0,0,0,0,0,0
O15v_m30,elastic,O15,v,30,0,True,True,0.997315,0.00268495,0,0,inf,inf,inf,1.65734e-22,2.94571e-11,True,True,elastic-isovector,True,False,0,0,0,0,0,0,0,0,0,0,0,0,0.709412,0.2542,0.452113,0.709412,0,0,0,0,0,0,0,0,0,0
O15v_m40,elastic,O15,v,40,0,True,True,0.928928,0.0710717,0,0,inf,inf,inf,5.93877e-11,8.597e-06,True,True,elastic-isovector,True,False,0,0,0,0,0,0,0,0,0,0,0,0,0.709412,0.2542,0.452113,0.709412,0,0,0,0,0,0,0,0,0,0
O15v_m50,elastic,O15,v,50,0,True,True,0.807038,0.191889,0.00107356,0,inf,inf,inf,3.48132e-06,0.00242925,True,True,elastic-isovector,True,False,0,0,0,0,0,0,0,0,0,0,0,0,0.709248,0.253829,0.45176,0.709248,0,0,0,0,0,0,0,0,0,0
O15v_m100,elastic,O15,v,100,0,True,True,0.333642,0.407235,0.240813,0.0183101,18.2217,22.241,13.1519,0.3756,0.454723,True,True,elastic-isovector,True,False,5.92389,0.202586,1.58556,1.19918,2.4062,0.0782188,0.627926,1.19918,2.85196,0.0939784,0.749275,1.19918,6.47402,10.8325,11.6083,2.85344,0.00120886,0.000506674,0.000554445,0.000224128,0.000430569,0.000172031,0.000923796,0.00038944,0.00120886,0.000506674
O15v_m200,elastic,O15,v,200,0,True,True,0.16387,0.339111,0.419957,0.0770613,2.1265,4.40054,5.44965,0.52894,0.596402,True,True,elastic-isovector,True,False,19.479,2.23686,9.41356,3.22556,10.4934,1.18849,5.02362,3.22556,11.7803,1.33863,5.65231,3.22556,19.8833,28.8175,33.8121,10.824,0.00397498,0.0022096,0.00182313,0.000977419,0.0014158,0.000750225,0.00303764,0.00169834,0.00397498,0.0022096
O15v_m400,elastic,O15,v,400,0,True,True,0.118746,0.29751,0.471627,0.112117,1.05913,2.65358,4.20657,0.578186,0.643234,True,True,elastic-isovector,True,False,26.2124,4.07319,14.717,5.05795,15.3381,2.36149,8.55532,5.05795,17.015,2.62545,9.50551,5.05795,26.5748,36.1582,43.8716,15.6369,0.00534904,0.00322974,0.00245335,0.00142868,0.00190521,0.00109659,0.00408768,0.00248244,0.00534904,0.00322974
O15v_m1000,elastic,O15,v,1000,0,True,True,0.100632,0.2763,0.491685,0.131383,0.765942,2.10302,3.74239,0.601413,0.665548,True,True,elastic-isovector,True,False,29.7004,5.24021,17.7617,6.22294,18.0394,3.15842,10.7286,6.22294,19.9157,3.49339,11.8602,6.22294,30.0443,39.7304,48.9292,18.3245,0.00606081,0.00379855,0.0027798,0.00168029,0.00215873,0.00128972,0.00463161,0.00291965,0.00606081,0.00379855
O15v_m4000,elastic,O15,v,4000,0,True,True,0.0935077,0.2673,0.499059,0.140134,0.667274,1.90746,3.5613,0.611213,0.675196,True,True,elastic-isovector,True,False,31.2536,5.80722,19.178,6.78904,19.2773,3.55652,11.7684,6.78904,21.2482,3.92692,12.9878,6.78904,31.5897,41.2924,51.161,19.5567,0.00637776,0.00405922,0.00292517,0.0017956,0.00227162,0.00137823,0.00487381,0.00312,0.00637776,0.00405922
L10s_m10,elastic,L10,s,10,0,True,True,1,0,0,0,inf,inf,inf,0,6.40572e-109,True,True,elastic-isoscalar,True,False,0,0,0,0,0,0,0,0,0,0,0,0,0.709412,0.2542,0.452113,0.709412,0,0,0,0,0,0,0,0,0,0
L10s_m12,elastic,L10,s,12,0,True,True,1,0,0,0,inf,inf,inf,0,8.29684e-75,True,True,elastic-isoscalar,True,False,0,0,0,0,0,0,0,0,0,0,0,0,0.709412,0.2542,0.452113,0.709412,0,0,0,0,0,0,0,0,0,0
L10s_m14,elastic,L10,s,14,0,True,True,1,0,0,0,inf,inf,inf,0,2.29855e-64,True,True,elastic-isoscalar,True,False,0,0,0,0,0,0,0,0,0,0,0,0,0.709412,0.2542,0.452113,0.709412,0,0,0,0,0,0,0,0,0,0
L10s_m17,elastic,L10,s,17,0,True,True,1,0,0,0,inf,inf,inf,1.0818e-74,7.9968e-37,True,True,elastic-isoscalar,True,False,0,0,0,0,0,0,0,0,0,0,0,0,0.709412,0.2542,0.452113,0.709412,0,0,0,0,0,0,0,0,0,0
L10s_m21,elastic,L10,s,21,0,True,True,1,0,0,0,inf,inf,inf,1.38099e-50,6.70196e-25,True,True,elastic-isoscalar,True,False,0,0,0,0,0,0,0,0,0,0,0,0,0.709412,0.2542,0.452113,0.709412,0,0,0,0,0,0,0,0,0,0
L10s_m30,elastic,L10,s,30,0,True,True,0.999677,0.000323373,0,0,inf,inf,inf,3.55172e-22,7.78473e-12,True,True,elastic-isoscalar,True,False,0,0,0,0,0,0,0,0,0,0,0,0,0.709412,0.2542,0.452113,0.709412,0,0,0,0,0,0,0,0,0,0
L10s_m40,elastic,L10,s,40,0,True,True,0.97779,0.0222104,0,0,inf,inf,inf,3.18502e-13,1.33821e-06,True,True,elastic-isoscalar,True,False,0,0,0,0,0,0,0,0,0,0,0,0,0.709412,0.2542,0.452113,0.709412,0,0,0,0,0,0,0,0,0,0
L10s_m50,elastic,L10,s,50,0,True,True,0.907174,0.0925355,0.000290535,0,inf,inf,inf,4.2773e-07,0.00105867,True,True,elastic-isoscalar,True,False,0,0,0,0,0,0,0,0,0,0,0,0,0.709367,0.254099,0.452017,0.709367,0,0,0,0,0,0,0,0,0,0
L10s_m100,elastic,L10,s,100,0,True,True,0.372657,0.308572,0.257582,0.0611889,6.09028,5.04293,4.20962,0.605139,0.653032,True,True,elastic-isoscalar,True,False,18.4103,1.97744,8.61666,2.96677,11.2983,1.20084,5.25051,2.96677,12.1609,1.29504,5.6588,2.96677,18.8396,31.7819,34.5852,11.6647,0.0037569,0.00237908,0.00109013,0.000665796,0.00133812,0.000807767,0.00287098,0.00182861,0.0037569,0.00237908
L10s_m200,elastic,L10,s,200,0,True,True,0.141314,0.223225,0.401128,0.234333,0.603046,0.952594,1.71178,0.820515,0.842597,True,True,elastic-isoscalar,True,False,52.2821,16.316,41.5541,17.2855,42.9879,13.393,34.1236,17.2855,44.1314,13.7526,35.0378,17.2855,52.5528,69.3726,85.7216,43.2352,0.010669,0.00905196,0.00309578,0.00253324,0.00380005,0.00307341,0.0081531,0.00695753,0.010669,0.00905196
L10s_m400,elastic,L10,s,400,0,False,True,0.0897933,0.178467,0.415566,0.316173,0.284001,0.564461,1.31436,0.88206,0.898338,True,True,elastic-isoscalar,True,False,65.3199,25.5475,58.1033,26.5093,57.6775,22.5389,51.2711,26.5093,58.7323,22.9541,52.214,26.5093,65.5477,80.6231,103.248,57.8916,0,0,0,0,0,0,0.0101863,0.00933502,0,0
L10s_m1000,elastic,L10,s,1000,0,True,True,0.071096,0.157632,0.414879,0.356393,0.199488,0.442298,1.16411,0.910155,0.924021,True,True,elastic-isoscalar,True,False,71.4463,30.5954,66.4949,31.5536,65.0748,27.8503,60.5369,31.5536,66.0581,28.2739,61.4564,31.5536,71.6557,85.6932,111.311,65.2743,0.0145797,0.0137028,0.00423055,0.00383479,0.00519296,0.0046525,0.0111416,0.0105323,0.0145797,0.0137028
L10s_m4000,elastic,L10,s,4000,0,False,True,0.0640829,0.149075,0.41314,0.373702,0.171481,0.398915,1.10553,0.92222,0.93498,True,True,elastic-isoscalar,True,False,74.0498,32.8778,70.1734,33.8345,68.3317,30.3239,64.7297,33.8345,69.2697,30.7429,65.6227,33.8345,74.2516,87.8335,114.723,68.5253,0,0,0,0,0,0,0.0115476,0.0110594,0,0
O1s_m400_d0,inelastic,O1,s,400,0,False,True,0.970212,0.0268356,0.00269964,0.000252445,3843.26,106.303,10.694,0.347066,0.456035,True,True,inelastic-O1,False,False,0.0301381,0.000146618,0.0111457,1.00002,0.0160751,0.000135107,0.0085635,1.00002,0.0184221,0.000137028,0.00899445,1.00002,0.819132,0.510498,0.692447,0.747198,0,0,0,0,0,0,4.69986e-06,2.60173e-06,0,0
O1s_m400_d10,inelastic,O1,s,400,10,False,False,0.969944,0.0270965,0.00270793,0.000252085,3847.68,107.489,10.7421,0.346513,0.455447,True,False,inelastic-O1,False,False,0.030024,0.000146473,0.011132,1.00002,0.0160039,0.00013503,0.00855319,1.00002,0.0183411,0.000136937,0.00898307,1.00002,0.818973,0.510124,0.692097,0.747081,0,0,0,0,0,0,0,0,0,0
O1s_m400_d20,inelastic,O1,s,400,20,False,False,0.968615,0.0282928,0.00282926,0.000262439,3690.82,107.807,10.7806,0.346195,0.455014,True,False,inelastic-O1,False,False,0.0333242,0.000150829,0.0115218,1.00002,0.0177071,0.000137053,0.00878195,1.00002,0.0203064,0.000139346,0.00923797,1.00002,0.82345,0.520549,0.701888,0.748583,0,0,0,0,0,0,0,0,0,0
O1s_m400_d30,inelastic,O1,s,400,30,False,False,0.966025,0.0306055,0.00308359,0.000285485,3383.81,107.206,10.8012,0.345774,0.454623,True,False,inelastic-O1,False,False,0.0410628,0.000162091,0.0123966,1.00003,0.0216791,0.000142278,0.00928779,1.00003,0.0249041,0.000145574,0.00980503,1.00003,0.833414,0.543745,0.723676,0.751953,0,0,0,0,0,0,0,0,0,0
O1s_m400_d40,inelastic,O1,s,400,40,False,False,0.961933,0.0342406,0.00350178,0.000324138,2967.67,105.636,10.8034,0.345744,0.454535,True,False,inelastic-O1,False,False,0.0550635,0.00018563,0.0138867,1.00005,0.0288018,0.000153175,0.0101289,1.00005,0.0331686,0.000158572,0.0107537,1.00005,0.850112,0.582592,0.760175,0.757677,0,0,0,0,0,0,0,0,0,0
O1s_m400_d50,inelastic,O1,s,400,50,False,True,0.956039,0.03945,0.00412835,0.00038251,2499.38,103.135,10.7928,0.345551,0.454487,True,True,inelastic-O1,False,False,0.078025,0.000231244,0.0161943,1.00009,0.0402834,0.000174122,0.0113822,1.00009,0.0465657,0.00018363,0.0121832,1.00009,0.87529,0.641105,0.815181,0.766282,0,0,0,0,0,0,1.21676e-05,6.51981e-06,0,0
O1s_m400_d60,inelastic,O1,s,400,60,False,False,0.948011,0.0465017,0.00502048,0.000466403,2032.6,99.7027,10.7642,0.345619,0.454639,True,False,inelastic-O1,False,False,0.113534,0.000315296,0.0196363,1.00016,0.0576767,0.000212237,0.0131707,1.00016,0.0669825,0.000229406,0.0142479,1.00016,0.911393,0.724879,0.893993,0.778674,0,0,0,0,0,0,0,0,0,0
O1s_m400_d70,inelastic,O1,s,400,70,False,False,0.937523,0.0556406,0.00625296,0.000583621,1606.39,95.3369,10.7141,0.34593,0.455099,True,False,inelastic-O1,False,False,0.165897,0.000464237,0.0246946,1.00028,0.082688,0.000278478,0.0156735,1.00028,0.096576,0.000309482,0.0171792,1.00028,0.961678,0.841305,1.00364,0.795999,0,0,0,0,0,0,0,0,0,0
O1s_m400_d80,inelastic,O1,s,400,80,False,False,0.924189,0.0671386,0.00792879,0.000743792,1242.54,90.2653,10.6599,0.346274,0.455614,True,False,inelastic-O1,False,False,0.239728,0.000720283,0.032061,1.00051,0.116924,0.000389397,0.0191369,1.00051,0.137464,0.00044474,0.0212985,1.00051,1.03008,0.999209,1.15257,0.819592,0,0,0,0,0,0,0,0,0,0
O1s_m400_d90,inelastic,O1,s,400,90,False,False,0.907436,0.0814043,0.0101972,0.000962699,942.595,84.5584,10.5923,0.346739,0.456211,True,False,inelastic-O1,False,False,0.34176,0.00116044,0.0429232,1.0009,0.162763,0.000574476,0.0240011,1.0009,0.192759,0.000672671,0.0271721,1.0009,1.12302,1.21286,1.35449,0.851721,0,0,0,0,0,0,0,0,0,0
O1s_m400_d100,inelastic,O1,s,400,100,True,True,0.88688,0.0986542,0.0132065,0.00125932,704.254,78.3394,10.487,0.347419,0.457207,True,True,inelastic-O1,False,False,0.479378,0.00191423,0.0589732,1.00158,0.222656,0.000882142,0.0308808,1.00158,0.265846,0.00105578,0.0356069,1.00158,1.24797,1.49855,1.62521,0.895089,9.78242e-05,4.68847e-05,0.000126444,5.84478e-05,0.000144177,6.58707e-05,7.47562e-05,3.60366e-05,9.78242e-05,4.68847e-05
O1s_m400_d110,inelastic,O1,s,400,110,False,False,0.861748,0.119315,0.0172727,0.00166442,517.747,71.6857,10.3776,0.348321,0.458312,True,False,inelastic-O1,False,False,0.664285,0.00322379,0.0830739,1.0028,0.30071,0.00140227,0.0408285,1.0028,0.362075,0.00170971,0.0479587,1.0028,1.4168,1.88171,1.98961,0.953949,0,0,0,0,0,0,0,0,0,0
O1s_m400_d120,inelastic,O1,s,400,120,False,False,0.83134,0.143678,0.0227599,0.0022219,374.158,64.6647,10.2435,0.349186,0.459584,True,False,inelastic-O1,False,False,0.912569,0.0055329,0.119777,1.00497,0.402419,0.00229709,0.055486,1.00497,0.488956,0.00284598,0.0663918,1.00497,1.64586,2.39639,2.48151,1.03397,0,0,0,0,0,0,0,0,0,0
O1s_m400_d130,inelastic,O1,s,400,130,False,False,0.793938,0.172802,0.0302647,0.00299529,265.063,57.6912,10.1041,0.350584,0.461142,True,False,inelastic-O1,False,False,1.2463,0.00965977,0.176326,1.00892,0.536083,0.00386879,0.077551,1.00892,0.656992,0.00485466,0.0943667,1.00892,1.95752,3.08694,3.14603,1.14375,0,0,0,0,0,0,0,0,0,0
O1s_m400_d140,inelastic,O1,s,400,140,False,False,0.748976,0.206467,0.0404817,0.00407556,183.773,50.6599,9.9328,0.351589,0.462801,True,False,inelastic-O1,False,False,1.69508,0.0171077,0.264133,1.01612,0.711376,0.00665747,0.111044,1.01612,0.880095,0.00844983,0.137301,1.01612,2.3817,4.00915,4.04179,1.29309,0,0,0,0,0,0,0,0,0,0
O1s_m400_d150,inelastic,O1,s,400,150,True,True,0.694288,0.245499,0.054628,0.00558535,124.305,43.9541,9.78059,0.35303,0.464448,True,True,inelastic-O1,False,False,2.29344,0.030507,0.399888,1.02918,0.941695,0.0116284,0.162173,1.02918,1.17449,0.0148795,0.203111,1.02918,2.9534,5.21838,5.23235,1.49589,0.000468012,0.000198293,0.000604935,0.000247197,0.000689774,0.000278591,0.000357649,0.000152412,0.000468012,0.000198293
O1s_m400_d160,inelastic,O1,s,400,160,False,False,0.628062,0.289788,0.0743889,0.0077612,80.9234,37.338,9.58472,0.354659,0.46657,True,False,inelastic-O1,False,False,3.10761,0.0552445,0.614834,1.05346,1.25137,0.0207474,0.24238,1.05346,1.57327,0.0267297,0.306968,1.05346,3.73847,6.81687,6.83609,1.77602,0,0,0,0,0,0,0,0,0,0
O1s_m400_d170,inelastic,O1,s,400,170,False,False,0.547345,0.339552,0.102211,0.0108918,50.253,31.175,9.38424,0.356563,0.468888,True,False,inelastic-O1,False,False,4.19427,0.100195,0.94937,1.09778,1.66196,0.0372771,0.366652,1.09778,2.10402,0.0482607,0.468377,1.09778,4.7941,8.84785,8.93206,2.15552,0,0,0,0,0,0,0,0,0,0
O1s_m400_d180,inelastic,O1,s,400,180,False,False,0.452791,0.390885,0.140922,0.0154016,29.399,25.3796,9.14984,0.358201,0.471292,True,False,inelastic-O1,False,False,5.61603,0.180029,1.45907,1.1768,2.19507,0.0665594,0.555107,1.1768,2.79787,0.0865538,0.714394,1.1768,6.18324,11.3097,11.58,2.65625,0,0,0,0,0,0,0,0,0,0
O1s_m400_d190,inelastic,O1,s,400,190,False,False,0.342821,0.43943,0.195809,0.0219409,15.6247,20.0278,8.92437,0.360489,0.474044,True,False,inelastic-O1,False,False,7.42749,0.31698,2.21221,1.3127,2.87701,0.117003,0.83467,1.3127,3.68502,0.152512,1.07927,1.3127,7.96053,14.0813,14.7643,3.30473,0,0,0,0,0,0,0,0,0,0
O1s_m400_d200,inelastic,O1,s,400,200,True,True,0.223855,0.473364,0.271488,0.0312923,7.15369,15.1272,8.67588,0.36317,0.477253,True,True,inelastic-O1,False,False,9.6238,0.536884,3.26241,1.53133,3.70925,0.198516,1.22696,1.53133,4.76879,0.259132,1.5916,1.53133,10.1217,16.8554,18.3014,4.10304,0.00196388,0.000781056,0.00253844,0.000973686,0.00289445,0.00109735,0.00150078,0.000600336,0.00196388,0.000781056
O1s_m400_d210,inelastic,O1,s,400,210,False,False,0.111076,0.4744,0.370428,0.0440958,2.51897,10.7584,8.40054,0.365324,0.480353,True,False,inelastic-O1,False,False,12.0854,0.854226,4.59719,1.84724,4.64221,0.316502,1.72654,1.84724,5.99122,0.41396,2.24682,1.84724,12.5485,19.1667,21.7958,5.00273,0,0,0,0,0,0,0,0,0,0
O1s_m400_d220,inelastic,O1,s,400,220,False,False,0.0299037,0.419357,0.490287,0.0604528,0.494662,6.93693,8.11025,0.368358,0.484164,True,False,inelastic-O1,False,False,14.6006,1.25577,6.11405,2.24732,5.61563,0.467911,2.30365,2.24732,7.26296,0.612359,3.00225,2.24732,15.0308,20.6584,24.8125,5.94533,0,0,0,0,0,0,0,0,0,0
O1s_m400_d230,inelastic,O1,s,400,230,False,False,0.00082174,0.307296,0.61322,0.0786619,0.0104465,3.90654,7.79564,0.371366,0.488191,True,False,inelastic-O1,False,False,16.8902,1.68814,7.61522,2.67835,6.51745,0.63307,2.88317,2.67835,8.44511,0.829143,3.76257,2.67835,17.292,21.4033,27.1243,6.82114,0,0,0,0,0,0,0,0,0,0
O1s_m400_d240,inelastic,O1,s,400,240,False,False,0,0.185794,0.717782,0.0964235,0,1.92686,7.44406,0.374808,0.492903,True,False,inelastic-O1,False,False,18.8685,2.11191,8.99644,3.10097,7.32239,0.798403,3.4299,3.10097,9.50339,1.04652,4.48139,3.10097,19.2478,21.8723,28.9573,7.60588,0,0,0,0,0,0,0,0,0,0
O1s_m400_d250,inelastic,O1,s,400,250,True,True,0,0.103214,0.78531,0.111476,0,0.925888,7.04469,0.378739,0.49817,True,True,inelastic-O1,False,False,20.5713,2.51348,10.2438,3.50154,8.0451,0.959371,3.93989,3.50154,10.4531,1.25813,5.15175,3.50154,20.9341,22.5279,30.6715,8.31426,0.00419789,0.00169406,0.00542604,0.00211186,0.00618702,0.00238006,0.00320798,0.00130209,0.00419789,0.00169406
O1s_m400_d260,inelastic,O1,s,400,260,False,False,0,0.0592167,0.816675,0.124108,0,0.477139,6.58037,0.383934,0.504815,True,False,inelastic-O1,False,False,22.2203,2.93506,11.5015,3.92215,8.78753,1.13482,4.47783,3.92215,11.4232,1.48805,5.85597,3.92215,22.5706,23.6334,32.6399,9.04631,0,0,0,0,0,0,0,0,0,0
O1s_m400_d270,inelastic,O1,s,400,270,False,False,0,0.0379878,0.825102,0.13691,0,0.277466,6.0266,0.389587,0.513046,True,False,inelastic-O1,False,False,24.1569,3.47176,13.0393,4.45773,9.67021,1.36112,5.14404,4.45773,12.6002,1.78801,6.7409,4.45773,24.4956,25.3429,35.2327,9.91954,0,0,0,0,0,0,0,0,0,0
O1s_m400_d280,inelastic,O1,s,400,280,False,False,0,0.0223034,0.823631,0.154066,0,0.144766,5.34597,0.397786,0.524027,True,False,inelastic-O1,False,False,26.8877,4.30534,15.3152,5.28971,10.9573,1.72202,6.15888,5.28971,14.2968,2.26356,8.0783,5.28971,27.2122,27.9296,39.0108,11.1953,0,0,0,0,0,0,0,0,0,0
O1s_m400_d290,inelastic,O1,s,400,290,False,False,0,0.00805735,0.809782,0.182161,0,0.0442321,4.44543,0.408848,0.540166,True,False,inelastic-O1,False,False,31.4683,5.90548,19.3985,6.88717,13.1317,2.42527,8.00192,6.88717,17.205,3.19836,10.5335,6.88717,31.7719,32.4027,45.4426,13.3533,0,0,0,0,0,0,0,0,0,0
O1s_m400_d300,inelastic,O1,s,400,300,True,True,0,0,0.767067,0.232933,0,0,3.29308,0.427256,0.566176,True,True,inelastic-O1,False,False,39.9779,9.55027,27.7957,10.527,17.3518,4.09375,11.9533,10.527,22.8398,5.41724,15.7959,10.527,40.2493,40.98,57.5822,17.5485,0.00815809,0.00365377,0.0105449,0.00455488,0.0120237,0.00513336,0.00623433,0.00280836,0.00815809,0.00365377
O1s_m400_d310,inelastic,O1,s,400,310,False,False,0,0,0.66472,0.33528,0,0,1.98258,0.464729,0.617986,True,False,inelastic-O1,False,False,57.4455,19.7719,47.9288,20.7383,26.9687,9.20651,22.3608,20.7383,35.6947,12.2316,29.6813,20.7383,57.6643,58.9421,82.7598,27.127,0,0,0,0,0,0,0,0,0,0
O1s_m400_d320,inelastic,O1,s,400,320,False,False,0,0,0.469463,0.530537,0,0,0.884884,0.553992,0.723144,True,False,inelastic-O1,False,False,90.7473,49.4759,95.2834,50.4229,50.5198,27.4329,52.8773,50.4229,65.7764,35.7929,68.9601,50.4229,90.8885,93.2099,130.793,50.6255,0,0,0,0,0,0,0,0,0,0
O1s_m400_d330,inelastic,O1,s,400,330,False,False,0,0,0.124942,0.875058,0,0,0.142781,0.740743,0.923142,True,False,inelastic-O1,False,False,149.477,134.523,201.658,135.435,110.88,99.6693,149.444,135.435,138.035,124.19,186.179,135.435,149.511,153.674,215.547,110.909,0,0,0,0,0,0,0,0,0,0
O1s_m1000_d0,inelastic,O1,s,1000,0,False,True,0.967639,0.0286285,0.00337995,0.000352247,2747.04,81.2738,9.59539,0.361851,0.472332,True,True,inelastic-O1,False,False,0.0659693,0.000206308,0.0149974,1.00007,0.0350678,0.000163778,0.0108443,1.00007,0.0404177,0.000171141,0.0115633,1.00007,0.862399,0.611297,0.78709,0.764408,0,0,0,0,0,0,1.02875e-05,5.67566e-06,0,0
O1s_m1000_d10,inelastic,O1,s,1000,10,False,False,0.967295,0.0289464,0.00340525,0.000353576,2735.75,81.8675,9.6309,0.361428,0.471836,True,False,inelastic-O1,False,False,0.0664907,0.000207344,0.0150497,1.00007,0.0353145,0.000164239,0.0108706,1.00007,0.0407048,0.000171691,0.0115931,1.00007,0.862968,0.612617,0.788333,0.764546,0,0,0,0,0,0,0,0,0,0
O1s_m1000_d20,inelastic,O1,s,1000,20,False,False,0.965819,0.0302444,0.00356658,0.000369802,2611.72,81.7852,9.64456,0.36123,0.471629,True,False,inelastic-O1,False,False,0.072961,0.000220515,0.0156947,1.00008,0.0386113,0.00017044,0.0112248,1.00008,0.044548,0.000179095,0.0119973,1.00008,0.869974,0.628906,0.803642,0.767029,0,0,0,0,0,0,0,0,0,0
O1s_m1000_d30,inelastic,O1,s,1000,30,False,False,0.962987,0.0327127,0.00389663,0.000403621,2385.87,81.0479,9.65417,0.36097,0.471375,True,False,inelastic-O1,False,False,0.0868377,0.000250673,0.0170568,1.0001,0.0456332,0.000184582,0.0119617,1.0001,0.0527521,0.000196001,0.012842,1.0001,0.884567,0.66282,0.835523,0.772219,0,0,0,0,0,0,0,0,0,0
O1s_m1000_d40,inelastic,O1,s,1000,40,False,False,0.958573,0.0365418,0.00442606,0.00045903,2088.26,79.6065,9.64219,0.360989,0.471475,True,False,inelastic-O1,False,False,0.11047,0.000307444,0.0193416,1.00015,0.0574675,0.000211023,0.0131695,1.00015,0.0666317,0.000227694,0.0142367,1.00015,0.908448,0.718275,0.887675,0.780787,0,0,0,0,0,0,0,0,0,0
O1s_m1000_d50,inelastic,O1,s,1000,50,True,True,0.952245,0.0419963,0.00521696,0.000542208,1756.23,77.4542,9.62168,0.361142,0.471698,True,True,inelastic-O1,False,False,0.147356,0.00040826,0.0228945,1.00024,0.0756307,0.000257378,0.0149869,1.00024,0.088043,0.000283489,0.0163553,1.00024,0.944225,0.80124,0.96575,0.793653,3.00701e-05,1.59256e-05,3.88675e-05,1.98532e-05,4.43185e-05,2.23746e-05,2.29793e-05,1.22407e-05,3.00701e-05,1.59256e-05
O1s_m1000_d60,inelastic,O1,s,1000,60,False,False,0.94367,0.0493367,0.00633273,0.000660616,1428.47,74.6829,9.5861,0.361405,0.472065,True,False,inelastic-O1,False,False,0.201507,0.000581082,0.0282024,1.00038,0.101726,0.000335379,0.0175988,1.00038,0.119017,0.000377956,0.0194363,1.00038,0.995008,0.918769,1.07646,0.811949,0,0,0,0,0,0,0,0,0,0
O1s_m1000_d70,inelastic,O1,s,1000,70,False,False,0.932564,0.0587438,0.00786763,0.000824977,1130.41,71.2065,9.53678,0.361699,0.472537,True,False,inelastic-O1,False,False,0.278023,0.000873611,0.0360369,1.00064,0.13766,0.000464308,0.0212969,1.00064,0.162033,0.000535382,0.0238564,1.00064,1.06522,1.08081,1.2293,0.837264,0,0,0,0,0,0,0,0,0,0
O1s_m1000_d80,inelastic,O1,s,1000,80,False,False,0.918351,0.0706574,0.00994178,0.00104978,874.805,67.307,9.47036,0.362289,0.473343,True,False,inelastic-O1,False,False,0.383106,0.00136713,0.0475714,1.00108,0.185714,0.000676396,0.0265305,1.00108,0.220089,0.000796684,0.0301947,1.00108,1.16072,1.30039,1.43681,0.871852,0,0,0,0,0,0,0,0,0,0
O1s_m1000_d90,inelastic,O1,s,1000,90,False,False,0.900769,0.0851594,0.012717,0.00135433,665.102,62.8793,9.38988,0.363027,0.474254,True,False,inelastic-O1,False,False,0.524379,0.00220065,0.0645686,1.00184,0.24854,0.00102551,0.0339627,1.00184,0.296706,0.00123071,0.039307,1.00184,1.28915,1.59418,1.71514,0.918516,0,0,0,0,0,0,0,0,0,0
O1s_m1000_d100,inelastic,O1,s,1000,100,False,True,0.879306,0.10252,0.01641,0.00176429,498.391,58.1086,9.3012,0.363872,0.475388,True,True,inelastic-O1,False,False,0.711392,0.00361148,0.0896532,1.00316,0.329475,0.00160261,0.0445805,1.00316,0.396426,0.00195478,0.0524819,1.00316,1.46033,1.9831,2.08482,0.980906,0,0,0,0,0,0,0.000110937,5.3325e-05,0,0
O1s_m1000_d110,inelastic,O1,s,1000,110,False,False,0.853104,0.123253,0.0213232,0.00232049,367.64,53.115,9.1891,0.365006,0.476739,True,False,inelastic-O1,False,False,0.95928,0.00603621,0.127187,1.00545,0.434239,0.00257545,0.0600594,1.00545,0.526625,0.0031844,0.0718712,1.00545,1.6896,2.49928,2.57767,1.06493,0,0,0,0,0,0,0,0,0,0
O1s_m1000_d120,inelastic,O1,s,1000,120,False,False,0.821601,0.147436,0.0278864,0.00307595,267.105,47.932,9.06596,0.366208,0.478301,True,False,inelastic-O1,False,False,1.2864,0.0102292,0.183598,1.00946,0.569481,0.00423058,0.0828214,1.00946,0.696275,0.00529149,0.100645,1.00946,1.99567,3.1799,3.23148,1.17751,0,0,0,0,0,0,0,0,0,0
O1s_m1000_d130,inelastic,O1,s,1000,130,False,False,0.783939,0.175245,0.0367057,0.00411092,190.697,42.6291,8.92883,0.367649,0.480065,True,False,inelastic-O1,False,False,1.71943,0.01756,0.26917,1.01656,0.745483,0.00709118,0.116812,1.01656,0.918625,0.00895227,0.143897,1.01656,2.40545,4.07602,4.0994,1.32912,0,0,0,0,0,0,0,0,0,0
O1s_m1000_d140,inelastic,O1,s,1000,140,False,False,0.738489,0.207389,0.0485876,0.00553434,133.438,37.4731,8.7793,0.369181,0.482013,True,False,inelastic-O1,False,False,2.29113,0.030413,0.399153,1.02909,0.974568,0.0120641,0.167829,1.02909,1.21006,0.0153461,0.209205,1.02909,2.95199,5.24407,5.24356,1.5323,0,0,0,0,0,0,0,0,0,0
O1s_m1000_d150,inelastic,O1,s,1000,150,True,True,0.684695,0.243338,0.0644809,0.00748658,91.4564,32.5032,8.61287,0.370959,0.484221,True,True,inelastic-O1,False,False,3.03759,0.0527415,0.594747,1.05099,1.27103,0.0206651,0.244075,1.05099,1.58911,0.0264406,0.307215,1.05099,3.6718,6.73484,6.72667,1.80174,0.000619866,0.000267641,0.000801216,0.000333649,0.000913584,0.000376023,0.000473695,0.000205715,0.000619866,0.000267641
O1s_m1000_d160,inelastic,O1,s,1000,160,False,False,0.620486,0.283143,0.0861537,0.0102172,60.7297,27.7125,8.43225,0.372956,0.486815,True,False,inelastic-O1,False,False,4.01969,0.0918693,0.891573,1.08956,1.65897,0.035712,0.359375,1.08956,2.08763,0.045909,0.456011,1.08956,4.62556,8.62508,8.64872,2.16129,0,0,0,0,0,0,0,0,0,0
O1s_m1000_d170,inelastic,O1,s,1000,170,False,False,0.546202,0.324453,0.115347,0.0139981,39.0198,23.1784,8.24023,0.375288,0.489563,True,False,inelastic-O1,False,False,5.27843,0.158516,1.32996,1.15548,2.15592,0.0613851,0.529767,1.15548,2.7271,0.0791527,0.676142,1.15548,5.85483,10.9145,11.0502,2.62905,0,0,0,0,0,0,0,0,0,0
O1s_m1000_d180,inelastic,O1,s,1000,180,False,False,0.458821,0.367421,0.154523,0.0192356,23.8527,19.1011,8.03321,0.377433,0.492441,True,False,inelastic-O1,False,False,6.86019,0.269016,1.96247,1.26507,2.77891,0.103994,0.775515,1.26507,3.53286,0.134479,0.994784,1.26507,7.40614,13.56,13.9521,3.22214,0,0,0,0,0,0,0,0,0,0
O1s_m1000_d190,inelastic,O1,s,1000,190,False,False,0.361587,0.405005,0.206911,0.0264971,13.6463,15.2849,7.80881,0.380398,0.495963,True,False,inelastic-O1,False,False,8.80022,0.445898,2.84829,1.44082,3.55085,0.172763,1.12272,1.44082,4.52994,0.223707,1.44457,1.44082,9.31481,16.428,17.3116,3.96371,0,0,0,0,0,0,0,0,0,0
O1s_m1000_d200,inelastic,O1,s,1000,200,True,True,0.256649,0.431904,0.275183,0.0362645,7.07714,11.9098,7.58824,0.383252,0.499479,True,True,inelastic-O1,False,False,11.0391,0.707487,4.00489,1.70111,4.44627,0.275078,1.57862,1.70111,5.6887,0.356566,2.03586,1.70111,11.5222,19.1779,20.8759,4.82901,0.00225269,0.000936252,0.00291174,0.00116716,0.0033201,0.00131539,0.00172148,0.000719623,0.00225269,0.000936252
O1s_m1000_d210,inelastic,O1,s,1000,210,False,False,0.155829,0.435372,0.359801,0.0489982,3.18029,8.88548,7.34314,0.386344,0.503409,True,False,inelastic-O1,False,False,13.4922,1.06529,5.42,2.05748,5.43876,0.416358,2.1421,2.05748,6.97508,0.540152,2.76741,2.05748,13.9445,21.504,24.3741,5.79233,0,0,0,0,0,0,0,0,0,0
O1s_m1000_d220,inelastic,O1,s,1000,220,False,False,0.0694931,0.407293,0.458396,0.0648176,1.07213,6.28368,7.0721,0.390051,0.507857,True,False,inelastic-O1,False,False,16.0267,1.51295,7.028,2.50366,6.48595,0.595788,2.7934,2.50366,8.32866,0.772929,3.61127,2.50366,16.4495,23.1939,27.5351,6.81218,0,0,0,0,0,0,0,0,0,0
O1s_m1000_d230,inelastic,O1,s,1000,230,False,False,0.0165369,0.338506,0.562224,0.0827329,0.199883,4.09156,6.79565,0.393759,0.512701,True,False,inelastic-O1,False,False,18.4298,2.00984,8.67701,2.99915,7.49831,0.797871,3.47221,2.99915,9.64302,1.03565,4.49337,2.99915,18.8262,24.2097,30.1272,7.80044,0,0,0,0,0,0,0,0,0,0
O1s_m1000_d240,inelastic,O1,s,1000,240,False,False,9.16969e-05,0.241954,0.656911,0.101043,0.000907502,2.39456,6.50128,0.398395,0.518335,True,False,inelastic-O1,False,False,20.5948,2.51674,10.2575,3.50479,8.45082,1.00985,4.14483,3.50479,10.8719,1.31027,5.36349,3.50479,20.9688,24.8606,32.2465,8.73317,0,0,0,0,0,0,0,0,0,0
O1s_m1000_d250,inelastic,O1,s,1000,250,True,True,0,0.151349,0.730777,0.117873,0,1.284,6.19968,0.403099,0.524188,True,True,inelastic-O1,False,False,22.4782,3.00284,11.7009,3.98978,9.31001,1.21823,4.77706,3.98978,11.9813,1.58026,6.18165,3.98978,22.8345,25.4459,34.0668,9.57707,0.004587,0.00196041,0.00592899,0.0024439,0.00676051,0.00275428,0.00350534,0.00150681,0.004587,0.00196041
O1s_m1000_d260,inelastic,O1,s,1000,260,False,False,0,0.0907083,0.776528,0.132763,0,0.683234,5.84897,0.408966,0.531375,True,False,inelastic-O1,False,False,24.2644,3.50246,13.126,4.48837,10.1743,1.44072,5.43027,4.48837,13.0925,1.86773,7.02413,4.48837,24.6068,26.3598,36.0136,10.4298,0,0,0,0,0,0,0,0,0,0
O1s_m1000_d270,inelastic,O1,s,1000,270,False,False,0,0.0557827,0.798431,0.145786,0,0.382634,5.47673,0.415358,0.539391,True,False,inelastic-O1,False,False,26.0148,4.02895,14.5742,5.01383,11.0577,1.6823,6.11721,5.01383,14.2309,2.18015,7.91138,5.01383,26.346,27.6177,38.1613,11.3042,0,0,0,0,0,0,0,0,0,0
O1s_m1000_d280,inelastic,O1,s,1000,280,False,False,0,0.0369305,0.804124,0.158946,0,0.232347,5.05911,0.423001,0.549176,True,False,inelastic-O1,False,False,27.9989,4.6702,16.2757,5.65391,12.0967,1.98489,6.9499,5.65391,15.5741,2.5721,8.98923,5.65391,28.3196,29.3648,40.8155,12.3349,0,0,0,0,0,0,0,0,0,0
O1s_m1000_d290,inelastic,O1,s,1000,290,False,False,0,0.0246315,0.800533,0.174835,0,0.140884,4.57878,0.432505,0.56108,True,False,inelastic-O1,False,False,30.5349,5.55884,18.5403,6.54107,13.4602,2.41431,8.08582,6.54107,17.3287,3.12675,10.4545,6.54107,30.8437,31.7769,44.332,13.6895,0,0,0,0,0,0,0,0,0,0
O1s_m1000_d300,inelastic,O1,s,1000,300,True,True,0,0.0146852,0.79039,0.194924,0,0.0753382,4.05486,0.443753,0.575598,True,True,inelastic-O1,False,False,33.804,6.81883,21.6019,7.79915,15.2548,3.03682,9.65505,7.79915,19.6514,3.93326,12.4868,7.79915,34.0989,34.9634,48.9191,15.4736,0.00689821,0.00321219,0.00891637,0.0040044,0.0101669,0.00451297,0.00527154,0.00246896,0.00689821,0.00321219
O1s_m1000_d310,inelastic,O1,s,1000,310,False,False,0,0.00545484,0.769481,0.225064,0,0.0242368,3.41894,0.459234,0.595552,True,False,inelastic-O1,False,False,38.7695,8.97943,26.5426,9.95684,18.0586,4.13588,12.2613,9.95684,23.2794,5.35685,15.8614,9.95684,39.0455,39.8771,55.939,18.2633,0,0,0,0,0,0,0,0,0,0
O1s_m1000_d320,inelastic,O1,s,1000,320,False,False,0,0,0.728409,0.271591,0,0,2.68201,0.480955,0.62375,True,False,inelastic-O1,False,False,46.5772,12.9788,34.9706,13.9517,22.6548,6.25632,16.8951,13.9517,29.2362,8.10576,21.8679,13.9517,46.8272,47.7646,67.0922,22.8406,0,0,0,0,0,0,0,0,0,0
O1s_m1000_d330,inelastic,O1,s,1000,330,False,False,0,0,0.657385,0.342615,0,0,1.91873,0.515496,0.667327,True,False,inelastic-O1,False,False,58.697,20.6457,49.5067,21.6115,30.5054,10.6594,25.6,21.6115,39.3399,13.7889,33.0918,21.6115,58.9124,60.2295,84.5644,30.6667,0,0,0,0,0,0,0,0,0,0
O1s_m1000_d340,inelastic,O1,s,1000,340,False,False,0,0,0.540479,0.459521,0,0,1.17618,0.572532,0.738328,True,False,inelastic-O1,False,False,78.6376,37.1232,76.8327,38.0773,45.2528,21.2739,44.0704,38.0773,58.2013,27.4212,56.7775,38.0773,78.8048,80.7466,113.323,45.3808,0,0,0,0,0,0,0,0,0,0
O1s_m1000_d350,inelastic,O1,s,1000,350,True,True,0,0,0.350592,0.649408,0,0,0.539865,0.684866,0.864884,True,True,inelastic-O1,False,False,111.014,74.1159,128.988,75.0509,76.2099,50.7799,88.4107,75.0509,96.0913,64.1104,111.59,75.0509,111.115,114.072,160.036,76.2926,0.022654,0.0160475,0.0292817,0.0200053,0.0333884,0.022546,0.017312,0.0123345,0.022654,0.0160475
O1s_m1000_d360,inelastic,O1,s,1000,360,False,False,0,0,0.134218,0.865782,0,0,0.155026,0.899848,1.08234,True,False,inelastic-O1,False,False,147.896,131.688,198.463,132.602,133.144,118.508,178.613,132.602,160.024,142.524,214.782,132.602,147.933,152.046,213.264,133.178,0,0,0,0,0,0,0,0,0,0
O1s_m1000_d370,inelastic,O1,s,1000,370,False,False,0,0,0.000374531,0.999625,0,0,0.000374671,1.23717,1.38626,True,False,inelastic-O1,False,False,170.707,175.47,246.144,176.37,211.048,217.063,304.456,176.37,236.407,243.209,341.112,176.37,170.707,175.536,246.19,211.048,0,0,0,0,0,0,0,0,0,0
O1s_m1000_d380,inelastic,O1,s,1000,380,False,False,0,0,0,1,0,0,0,1.40809,1.49891,True,False,inelastic-O1,False,False,170.771,175.601,246.282,176.501,240.211,247.222,346.674,176.501,255.663,263.161,369.015,176.501,170.771,175.601,246.282,240.211,0,0,0,0,0,0,0,0,0,0
O1s_m1000_d390,inelastic,O1,s,1000,390,False,False,0,0,0,0,inf,inf,inf,1.21122,1.47491,False,False,inelastic-O1,False,False,0,0,0,0,0,0,0,0,0,0,0,0,1,1,1,1,0,0,0,0,0,0,0,0,0,0
O1s_m4000_d0,inelastic,O1,s,4000,0,False,True,0.966437,0.0294339,0.00372274,0.000406078,2379.93,72.4834,9.16755,0.36829,0.479463,True,True,inelastic-O1,False,False,0.0879095,0.000253097,0.0171613,1.00011,0.0466521,0.000186489,0.0120767,1.00011,0.0539129,0.000198211,0.0129715,1.00011,0.885706,0.665542,0.838047,0.773942,0,0,0,0,0,0,1.3709e-05,7.55056e-06,0,0
O1s_m4000_d10,inelastic,O1,s,4000,10,False,False,0.966052,0.029782,0.00375676,0.000408897,2362.58,72.8351,9.18756,0.367974,0.47914,True,False,inelastic-O1,False,False,0.0890888,0.000255789,0.017276,1.00011,0.0472322,0.00018773,0.0121361,1.00011,0.0545943,0.000199701,0.0130402,1.00011,0.886919,0.668359,0.840697,0.774329,0,0,0,0,0,0,0,0,0,0
O1s_m4000_d20,inelastic,O1,s,4000,20,False,False,0.964511,0.0311178,0.00394304,0.000428334,2251.78,72.6485,9.20554,0.367709,0.478867,True,False,inelastic-O1,False,False,0.0973059,0.000275011,0.0180724,1.00012,0.0513864,0.000196784,0.0125617,1.00012,0.0594591,0.000210537,0.0135305,1.00012,0.895302,0.687832,0.859006,0.777345,0,0,0,0,0,0,0,0,0,0
O1s_m4000_d30,inelastic,O1,s,4000,30,False,False,0.961577,0.0336489,0.00430663,0.000467859,2055.27,71.9211,9.20497,0.36756,0.478777,True,False,inelastic-O1,False,False,0.114374,0.000317422,0.0197173,1.00016,0.0599714,0.000216689,0.0134302,1.00016,0.0695382,0.000234403,0.0145358,1.00016,0.912339,0.727395,0.896213,0.78354,0,0,0,0,0,0,0,0,0,0
O1s_m4000_d40,inelastic,O1,s,4000,40,False,False,0.956985,0.0375871,0.00489594,0.000532336,1797.71,70.6079,9.19709,0.367619,0.478838,True,False,inelastic-O1,False,False,0.142988,0.000395572,0.0224724,1.00023,0.074205,0.000253048,0.0148527,1.00023,0.0863022,0.000278115,0.0161928,1.00023,0.940092,0.791777,0.956789,0.793692,0,0,0,0,0,0,0,0,0,0
O1s_m4000_d50,inelastic,O1,s,4000,50,False,True,0.950477,0.0431284,0.00576612,0.000628933,1511.25,68.5739,9.16809,0.367821,0.479168,True,True,inelastic-O1,False,False,0.187004,0.000531958,0.0267645,1.00034,0.095733,0.000315592,0.0170016,1.00034,0.111809,0.000353701,0.0187212,1.00034,0.981581,0.887882,1.04728,0.808907,0,0,0,0,0,0,2.91621e-05,1.54942e-05,0,0
O1s_m4000_d60,inelastic,O1,s,4000,60,False,False,0.941647,0.050594,0.0069925,0.000766129,1229.1,66.0385,9.12706,0.368167,0.479626,True,False,inelastic-O1,False,False,0.250704,0.000762676,0.0331881,1.00054,0.126235,0.000419363,0.0201057,1.00054,0.148192,0.000479925,0.0224135,1.00054,1.04032,1.02364,1.17524,0.830496,0,0,0,0,0,0,0,0,0,0
O1s_m4000_d70,inelastic,O1,s,4000,70,False,False,0.930187,0.0601834,0.00867391,0.000955647,973.358,62.9766,9.07648,0.368668,0.480278,True,False,inelastic-O1,False,False,0.339392,0.00114878,0.0426586,1.00089,0.167687,0.000589103,0.0245164,1.00089,0.198042,0.000688044,0.0277236,1.00089,1.12109,1.20977,1.35095,0.860264,0,0,0,0,0,0,0,0,0,0
O1s_m4000_d80,inelastic,O1,s,4000,80,False,False,0.915676,0.0721768,0.0109351,0.00121188,755.584,59.5578,9.02326,0.36939,0.481063,True,False,inelastic-O1,False,False,0.458913,0.00178972,0.0564779,1.00147,0.222158,0.000864308,0.0307307,1.00147,0.264084,0.00102819,0.0352902,1.00147,1.22964,1.45883,1.58655,0.900419,0,0,0,0,0,0,0,0,0,0
O1s_m4000_d90,inelastic,O1,s,4000,90,False,False,0.897761,0.0867126,0.0139639,0.00156264,574.516,55.4911,8.93613,0.370065,0.482085,True,False,inelastic-O1,False,False,0.620527,0.00288132,0.0771021,1.00248,0.293836,0.00132185,0.0396989,1.00248,0.351931,0.00159917,0.0463502,1.00248,1.37706,1.79524,1.90563,0.955007,0,0,0,0,0,0,0,0,0,0
O1s_m4000_d100,inelastic,O1,s,4000,100,True,True,0.875846,0.104157,0.0179647,0.00203252,430.917,51.2455,8.83865,0.371018,0.483305,True,True,inelastic-O1,False,False,0.832819,0.00471844,0.107443,1.0042,0.385769,0.00207652,0.0525373,1.0042,0.465577,0.00254816,0.0623393,1.0042,1.57244,2.23777,2.32691,1.02771,0.000169949,8.12312e-05,0.00021967,0.000101265,0.000250478,0.000114126,0.000129873,6.2436e-05,0.000169949,8.12312e-05
O1s_m4000_d110,inelastic,O1,s,4000,110,False,False,0.849063,0.124958,0.0233119,0.00266734,318.318,46.8472,8.73974,0.372091,0.484671,True,False,inelastic-O1,False,False,1.11247,0.00785584,0.15266,1.00719,0.50421,0.00334335,0.0712346,1.00719,0.613268,0.00415241,0.0858336,1.00719,1.83265,2.82121,2.8851,1.12491,0,0,0,0,0,0,0,0,0,0
O1s_m4000_d120,inelastic,O1,s,4000,120,False,False,0.817316,0.148794,0.0303679,0.00352251,232.027,42.2408,8.62109,0.373435,0.486351,True,False,inelastic-O1,False,False,1.47809,0.0132178,0.219995,1.01235,0.656343,0.00548136,0.0986086,1.01235,0.804433,0.00687559,0.120484,1.01235,2.17671,3.58241,3.61816,1.25418,0,0,0,0,0,0,0,0,0,0
O1s_m4000_d130,inelastic,O1,s,4000,130,False,False,0.77891,0.176617,0.0397866,0.00468653,166.202,37.686,8.48956,0.374936,0.488197,True,False,inelastic-O1,False,False,1.95851,0.0224833,0.321245,1.02134,0.853319,0.00914132,0.139238,1.02134,1.05358,0.0115589,0.172217,1.02134,2.63362,4.57513,4.58271,1.42675,0,0,0,0,0,0,0,0,0,0
O1s_m4000_d140,inelastic,O1,s,4000,140,False,False,0.733788,0.20759,0.0523436,0.00627817,116.879,33.0653,8.3374,0.376603,0.490321,True,False,inelastic-O1,False,False,2.58857,0.0385328,0.473672,1.03704,1.10884,0.0154428,0.199864,1.03704,1.37876,0.0196548,0.249811,1.03704,3.23847,5.85748,5.8438,1.65649,0,0,0,0,0,0,0,0,0,0
O1s_m4000_d150,inelastic,O1,s,4000,150,False,True,0.68015,0.242367,0.0690409,0.00844141,80.573,28.7117,8.17883,0.378529,0.492676,True,True,inelastic-O1,False,False,3.40252,0.0659374,0.699909,1.06398,1.43686,0.0261755,0.289443,1.06398,1.79789,0.0334786,0.364833,1.06398,4.02593,7.47163,7.45788,1.95782,0,0,0,0,0,0,0.000530604,0.000232553,0,0
O1s_m4000_d160,inelastic,O1,s,4000,160,False,False,0.617627,0.279643,0.0913151,0.0114146,54.1086,24.4988,7.99987,0.380561,0.495308,True,False,inelastic-O1,False,False,4.45392,0.112664,1.03551,1.1101,1.85875,0.0444611,0.422,1.1101,2.33948,0.0570952,0.535648,1.1101,5.04954,9.47558,9.50802,2.35199,0,0,0,0,0,0,0,0,0,0
O1s_m4000_d170,inelastic,O1,s,4000,170,False,False,0.544332,0.319146,0.121047,0.0154752,35.1744,20.623,7.82201,0.382954,0.498153,True,False,inelastic-O1,False,False,5.78112,0.190203,1.52105,1.18688,2.39201,0.0748906,0.614176,1.18688,3.02474,0.0964189,0.783486,1.18688,6.34802,11.8574,12.0257,2.85693,0,0,0,0,0,0,0,0,0,0
O1s_m4000_d180,inelastic,O1,s,4000,180,False,False,0.460925,0.357746,0.1603,0.0210299,21.9176,17.0113,7.62248,0.385505,0.501335,True,False,inelastic-O1,False,False,7.42873,0.315746,2.20913,1.31147,3.05564,0.12435,0.887394,1.31147,3.87995,0.160428,1.13654,1.31147,7.96605,14.5707,15.0277,3.49167,0,0,0,0,0,0,0,0,0,0
O1s_m4000_d190,inelastic,O1,s,4000,190,False,False,0.367953,0.391789,0.211744,0.0285145,12.904,13.74,7.42585,0.388109,0.504646,True,False,inelastic-O1,False,False,9.39257,0.508451,3.13941,1.50303,3.84988,0.20065,1.25847,1.50303,4.90551,0.259272,1.6167,1.50303,9.89992,17.4189,18.3997,4.2569,0,0,0,0,0,0,0,0,0,0
O1s_m4000_d200,inelastic,O1,s,4000,200,False,True,0.270069,0.414747,0.276724,0.0384604,7.02202,10.7837,7.19503,0.391409,0.50863,True,True,inelastic-O1,False,False,11.6565,0.789372,4.34469,1.78264,4.7783,0.313066,1.74491,1.78264,6.10311,0.404808,2.24566,1.78264,12.1337,20.1813,21.9939,5.15662,0,0,0,0,0,0,0.00181776,0.000773361,0,0
O1s_m4000_d210,inelastic,O1,s,4000,210,False,False,0.17287,0.419682,0.356262,0.0511863,3.37728,8.1991,6.9601,0.394818,0.512841,True,False,inelastic-O1,False,False,14.1084,1.16517,5.79465,2.157,5.79585,0.46497,2.33636,2.157,7.41696,0.601523,3.0108,2.157,14.5562,22.5129,25.495,6.14646,0,0,0,0,0,0,0,0,0,0
O1s_m4000_d220,inelastic,O1,s,4000,220,False,False,0.0889682,0.397314,0.447187,0.066531,1.33724,5.97186,6.72148,0.398436,0.517305,True,False,inelastic-O1,False,False,16.5859,1.62033,7.39788,2.61072,6.84192,0.651378,2.99989,2.61072,8.76732,0.842843,3.86893,2.61072,17.0059,24.1929,28.6048,7.16688,0,0,0,0,0,0,0,0,0,0
O1s_m4000_d230,inelastic,O1,s,4000,230,False,False,0.0285243,0.343252,0.544157,0.0840669,0.339305,4.08308,6.47291,0.402213,0.522019,True,False,inelastic-O1,False,False,18.9803,2.13153,9.06757,3.12053,7.87387,0.863911,3.7027,3.12053,10.0998,1.11796,4.77791,3.12053,19.3749,25.2603,31.2285,8.17571,0,0,0,0,0,0,0,0,0,0
O1s_m4000_d240,inelastic,O1,s,4000,240,False,False,0.00308575,0.261534,0.63332,0.102061,0.0302345,2.56253,6.20533,0.406867,0.527614,True,False,inelastic-O1,False,False,21.1558,2.65568,10.6787,3.6434,8.85164,1.08779,4.40307,3.6434,11.3565,1.40697,5.68063,3.6434,21.5287,25.965,33.3997,9.13426,0,0,0,0,0,0,0,0,0,0
O1s_m4000_d250,inelastic,O1,s,4000,250,True,True,0,0.175104,0.705632,0.119263,0,1.46822,5.9166,0.411826,0.533746,True,True,inelastic-O1,False,False,23.1262,3.17883,12.2104,4.1654,9.77107,1.31703,5.08898,4.1654,12.5394,1.70295,6.56515,4.1654,23.4813,26.619,35.3402,10.0382,0.00471925,0.00205749,0.00609993,0.00256492,0.00695542,0.00289067,0.0036064,0.00158143,0.00471925,0.00205749
O1s_m4000_d260,inelastic,O1,s,4000,260,False,False,0,0.109107,0.756278,0.134615,0,0.810512,5.61809,0.417279,0.540498,True,False,inelastic-O1,False,False,24.9096,3.69186,13.6534,4.67739,10.6432,1.54897,5.75939,4.67739,13.6599,2.00209,7.42861,4.67739,25.2503,27.4005,37.2008,10.8984,0,0,0,0,0,0,0,0,0,0
O1s_m4000_d270,inelastic,O1,s,4000,270,False,False,0,0.0674219,0.784391,0.148187,0,0.454977,5.29324,0.423786,0.548449,True,False,inelastic-O1,False,False,26.6453,4.22742,15.1078,5.21193,11.5419,1.80045,6.46603,5.21193,14.8094,2.32552,8.33566,5.21193,26.9745,28.5072,39.2361,11.7878,0,0,0,0,0,0,0,0,0,0
O1s_m4000_d280,inelastic,O1,s,4000,280,False,False,0,0.0437982,0.795181,0.161021,0,0.272003,4.93837,0.430543,0.557224,True,False,inelastic-O1,False,False,28.49,4.83615,16.7064,5.81958,12.5169,2.0916,7.25778,5.81958,16.0702,2.70215,9.35971,5.81958,28.809,30.0155,41.6242,12.7548,0,0,0,0,0,0,0,0,0,0
O1s_m4000_d290,inelastic,O1,s,4000,290,False,False,0,0.0304423,0.795199,0.174358,0,0.174596,4.56072,0.438955,0.567579,True,False,inelastic-O1,False,False,30.5672,5.57062,18.5698,6.55284,13.6685,2.45523,8.2176,6.55284,17.5427,3.16946,10.5909,6.55284,30.8764,31.9308,44.4628,13.899,0,0,0,0,0,0,0,0,0,0
O1s_m4000_d300,inelastic,O1,s,4000,300,True,True,0,0.0205732,0.788481,0.190946,0,0.107744,4.12934,0.448624,0.580105,True,True,inelastic-O1,False,False,33.2441,6.59385,21.0664,7.5745,15.1651,2.96883,9.51887,7.5745,19.4762,3.83325,12.2725,7.5745,33.5417,34.5136,48.2006,15.3869,0.00678395,0.00319331,0.00876868,0.00398087,0.00999845,0.00448645,0.00518422,0.00245445,0.00678395,0.00319331
O1s_m4000_d310,inelastic,O1,s,4000,310,False,False,0,0.0122779,0.775343,0.212379,0,0.057811,3.65075,0.461262,0.596022,True,False,inelastic-O1,False,False,36.7565,8.06766,24.4987,9.04625,17.2049,3.73284,11.3702,9.04625,22.0955,4.81715,14.6542,9.04625,37.0402,37.9671,53.1506,17.4166,0,0,0,0,0,0,0,0,0,0
O1s_m4000_d320,inelastic,O1,s,4000,320,False,False,0,0.00470105,0.753412,0.241887,0,0.0194349,3.11472,0.477129,0.616126,True,False,inelastic-O1,False,False,41.6319,10.3601,29.5418,11.3359,20.1132,4.95582,14.1674,11.3359,25.8336,6.39247,18.2545,11.3359,41.898,42.8089,60.0558,20.3121,0,0,0,0,0,0,0,0,0,0
O1s_m4000_d330,inelastic,O1,s,4000,330,False,False,0,0,0.715229,0.284771,0,0,2.5116,0.498287,0.643155,True,False,inelastic-O1,False,False,48.8266,14.2677,37.5395,15.2392,24.5768,7.12368,18.7805,15.2392,31.5789,9.18648,24.1971,15.2392,49.0698,50.0776,70.3344,24.759,0,0,0,0,0,0,0,0,0,0
O1s_m4000_d340,inelastic,O1,s,4000,340,False,False,0,0,0.653975,0.346025,0,0,1.88997,0.527567,0.681121,True,False,inelastic-O1,False,False,59.2786,21.0583,50.2459,22.0237,31.515,11.126,26.5859,22.0237,40.539,14.3543,34.2761,22.0237,59.4926,60.8278,85.4031,31.6764,0,0,0,0,0,0,0,0,0,0
O1s_m4000_d350,inelastic,O1,s,4000,350,True,True,0,0,0.560932,0.439068,0,0,1.27755,0.573196,0.738805,True,True,inelastic-O1,False,False,75.1494,33.894,71.7688,34.8501,43.3035,19.4467,41.2168,34.8501,55.6604,25.0526,53.0716,34.8501,75.3245,77.1571,108.292,43.4378,0.0153354,0.0091184,0.0198219,0.0113672,0.0226019,0.0128109,0.0117191,0.0070086,0.0153354,0.0091184
O1s_m4000_d360,inelastic,O1,s,4000,360,False,False,0,0,0.418736,0.581264,0,0,0.72039,0.653514,0.832064,True,False,inelastic-O1,False,False,99.3962,59.3839,109.25,60.3257,65.1514,38.8283,71.4706,60.3257,82.7983,49.4209,90.939,60.3257,99.52,102.113,143.272,65.2505,0,0,0,0,0,0,0,0,0,0
O1s_m4000_d370,inelastic,O1,s,4000,370,False,False,0,0,0.228888,0.771112,0,0,0.296828,0.790365,0.978695,True,False,inelastic-O1,False,False,131.76,104.481,166.85,105.404,104.262,82.5946,131.924,105.404,128.965,102.257,163.3,105.404,131.824,135.431,189.976,104.318,0,0,0,0,0,0,0,0,0,0
O1s_m4000_d380,inelastic,O1,s,4000,380,False,False,0,0,0.0634659,0.936534,0,0,0.0677668,1.02415,1.20052,True,False,inelastic-O1,False,False,159.955,154.061,223.248,154.967,163.803,157.779,228.634,154.967,191.907,184.934,267.959,154.967,159.972,164.463,230.67,163.821,0,0,0,0,0,0,0,0,0,0
O1s_m4000_d390,inelastic,O1,s,4000,390,False,False,0,0,6.337e-06,0.999994,0,0,6.33704e-06,1.29237,1.42422,True,False,inelastic-O1,False,False,170.77,175.599,246.28,176.499,220.519,226.911,318.204,176.499,242.953,250.049,350.638,176.499,170.77,175.6,246.281,220.519,0,0,0,0,0,0,0,0,0,0
O1s_m4000_d400,inelastic,O1,s,4000,400,False,False,0,0,0,1,0,0,0,1.36823,1.48549,True,False,inelastic-O1,False,False,170.771,175.601,246.282,176.501,233.427,240.226,336.867,176.501,253.38,260.805,365.714,176.501,170.771,175.601,246.282,233.427,0,0,0,0,0,0,0,0,0,0
O1s_m4000_d410,inelastic,O1,s,4000,410,False,False,0,0,0,1,0,0,0,1.31041,1.47482,True,False,inelastic-O1,False,False,170.771,175.601,246.282,176.501,223.589,230.079,322.644,176.501,251.565,258.933,363.089,176.501,170.771,175.601,246.282,223.589,0,0,0,0,0,0,0,0,0,0
O1s_m4000_d420,inelastic,O1,s,4000,420,False,False,0,0,0,0,inf,inf,inf,1.03999,1.41965,False,False,inelastic-O1,False,False,0,0,0,0,0,0,0,0,0,0,0,0,1,1,1,1,0,0,0,0,0,0,0,0,0,0
O1v_m400_d0,inelastic,O1,v,400,0,False,True,0.984103,0.0115046,0.00298569,0.00140645,699.705,8.17982,2.12284,1.2391,1.16963,True,True,inelastic-O1,False,False,0.557911,0.0024225,0.0688095,1.00205,0.668539,0.00291252,0.0812076,1.00205,0.636397,0.00277015,0.0776054,1.00205,1.32129,1.68141,1.79138,1.46774,0,0,0,0,0,0,8.70029e-05,0.000108202,0,0
O1v_m400_d10,inelastic,O1,v,400,10,False,False,0.983965,0.0116233,0.00300551,0.00140596,699.853,8.26716,2.13769,1.23827,1.16879,True,False,inelastic-O1,False,False,0.557657,0.00242076,0.0687769,1.00205,0.667849,0.0029087,0.0811252,1.00205,0.635719,0.00276642,0.0775246,1.00205,1.32105,1.68084,1.79085,1.46695,0,0,0,0,0,0,0,0,0,0
O1v_m400_d20,inelastic,O1,v,400,20,False,False,0.983099,0.0122563,0.00316981,0.00147529,666.378,8.30776,2.14861,1.23768,1.16818,True,False,inelastic-O1,False,False,0.590368,0.00265218,0.0730403,1.00226,0.707206,0.00318987,0.0862738,1.00226,0.673045,0.00303266,0.0824046,1.00226,1.351,1.75035,1.85624,1.50365,0,0,0,0,0,0,0,0,0,0
O1v_m400_d30,inelastic,O1,v,400,30,False,False,0.981342,0.0135225,0.0035057,0.00162934,602.296,8.29937,2.15161,1.23736,1.16785,True,False,inelastic-O1,False,False,0.662826,0.00320306,0.0827982,1.00278,0.794915,0.0038618,0.098122,1.00278,0.756235,0.0036689,0.0936347,1.00278,1.4175,1.90467,2.00141,1.58576,0,0,0,0,0,0,0,0,0,0
O1v_m400_d40,inelastic,O1,v,400,40,False,False,0.978418,0.0156189,0.00406989,0.00189269,516.947,8.25226,2.15032,1.23703,1.16759,True,False,inelastic-O1,False,False,0.785887,0.00426073,0.100338,1.00377,0.944183,0.00515378,0.119464,1.00377,0.897808,0.00489215,0.113861,1.00377,1.53099,2.16769,2.249,1.72594,0,0,0,0,0,0,0,0,0,0
O1v_m400_d50,inelastic,O1,v,400,50,True,True,0.973973,0.0187891,0.00493564,0.0023025,423.006,8.16029,2.1436,1.2368,1.16749,True,True,inelastic-O1,False,False,0.975462,0.00619507,0.12964,1.0056,1.17476,0.00752124,0.155213,1.0056,1.11642,0.00713305,0.147727,1.0056,1.70708,2.57502,2.6328,1.9436,0.000199058,0.000247369,0.000257295,0.000308377,0.000293379,0.000347542,0.000152118,0.000190133,0.000199058,0.000247369
O1v_m400_d60,inelastic,O1,v,400,60,False,False,0.967491,0.0233772,0.00621665,0.00291479,331.925,8.02018,2.13279,1.23662,1.16746,True,False,inelastic-O1,False,False,1.25485,0.00973171,0.177551,1.00898,1.51547,0.0118577,0.213807,1.00898,1.43929,0.0112363,0.20321,1.00898,1.96903,3.17911,3.20282,2.26741,0,0,0,0,0,0,0,0,0,0
O1v_m400_d70,inelastic,O1,v,400,70,False,False,0.958264,0.0298594,0.00806339,0.00381337,251.291,7.83021,2.11451,1.23662,1.16766,True,False,inelastic-O1,False,False,1.65807,0.0163028,0.255788,1.01533,2.00866,0.0199308,0.309744,1.01533,1.90648,0.0188735,0.29402,1.01533,2.351,4.05617,4.0322,2.73986,0,0,0,0,0,0,0,0,0,0
O1v_m400_d80,inelastic,O1,v,400,80,False,False,0.945392,0.0388125,0.0106894,0.0051065,185.135,7.60062,2.0933,1.23703,1.16815,True,False,inelastic-O1,False,False,2.22711,0.0285774,0.382607,1.02729,2.70715,0.0350456,0.465704,1.02729,2.56764,0.0331658,0.441554,1.02729,2.89565,5.29881,5.21095,3.41442,0,0,0,0,0,0,0,0,0,0
O1v_m400_d90,inelastic,O1,v,400,90,False,False,0.927556,0.0510841,0.0143966,0.00696364,133.2,7.33583,2.06739,1.23734,1.16863,True,False,inelastic-O1,False,False,3.02629,0.0518428,0.589337,1.0501,3.69009,0.0637337,0.720367,1.0501,3.49791,0.0602911,0.682432,1.0501,3.66772,7.04439,6.87418,4.3706,0,0,0,0,0,0,0,0,0,0
O1v_m400_d100,inelastic,O1,v,400,100,True,True,0.903279,0.0675824,0.0195283,0.00961038,93.9899,7.03222,2.032,1.23789,1.16945,True,True,inelastic-O1,False,False,4.13616,0.0959987,0.92483,1.09362,5.0587,0.118271,1.13449,1.09362,4.79326,0.111862,1.07416,1.09362,4.7484,9.45671,9.18714,5.71029,0.000844044,0.00106521,0.00109098,0.00132792,0.00124399,0.00149657,0.000645009,0.000818742,0.000844044,0.00106521
O1v_m400_d110,inelastic,O1,v,400,110,False,False,0.870289,0.0896397,0.0266784,0.0133934,64.9789,6.69282,1.9919,1.23847,1.17031,True,False,inelastic-O1,False,False,5.67327,0.180201,1.46995,1.17694,6.95754,0.222396,1.80833,1.17694,6.59045,0.210335,1.71161,1.17694,6.25456,12.758,12.3809,7.57832,0,0,0,0,0,0,0,0,0,0
O1v_m400_d120,inelastic,O1,v,400,120,False,False,0.8258,0.118916,0.0365253,0.0187591,44.0213,6.33909,1.94707,1.23925,1.17139,True,False,inelastic-O1,False,False,7.76874,0.338655,2.34295,1.33418,9.55144,0.418608,2.88923,1.33418,9.04578,0.395929,2.73428,1.33418,8.31781,17.1644,16.6987,10.1401,0,0,0,0,0,0,0,0,0,0
O1v_m400_d130,inelastic,O1,v,400,130,False,False,0.766837,0.156766,0.0500486,0.0263486,29.1035,5.9497,1.89948,1.24018,1.17259,True,False,inelastic-O1,False,False,10.5844,0.63192,3.7195,1.62581,13.0433,0.782228,4.59611,1.62581,12.3513,0.739929,4.34942,1.62581,11.1003,22.8904,22.4133,13.5986,0,0,0,0,0,0,0,0,0,0
O1v_m400_d140,inelastic,O1,v,400,140,False,False,0.690763,0.204499,0.0679238,0.0368134,18.7639,5.55503,1.84508,1.2408,1.17374,True,False,inelastic-O1,False,False,14.2209,1.14882,5.79597,2.14059,17.5549,1.42347,7.17214,2.14059,16.6265,1.34699,6.78891,2.14059,14.7032,29.9314,29.6231,18.0765,0,0,0,0,0,0,0,0,0,0
O1v_m400_d150,inelastic,O1,v,400,150,True,True,0.595463,0.262559,0.0910168,0.0509607,11.6848,5.15219,1.78602,1.2426,1.17557,True,True,inelastic-O1,False,False,18.7467,2.01271,8.78982,3.00184,23.1971,2.49835,10.8997,3.00184,21.9675,2.36417,10.3167,3.00184,19.1955,38.1032,38.2973,23.685,0.00382554,0.00488462,0.00494475,0.00608929,0.00563823,0.00686265,0.00292343,0.00375442,0.00382554,0.00488462
O1v_m400_d160,inelastic,O1,v,400,160,False,False,0.482882,0.328387,0.11947,0.0692607,6.97195,4.74131,1.72494,1.24373,1.17715,True,False,inelastic-O1,False,False,24.039,3.33757,12.7976,4.3236,29.7944,4.14764,15.8912,4.3236,28.2222,3.92635,15.0461,4.3236,24.4553,46.7857,47.9818,30.2492,0,0,0,0,0,0,0,0,0,0
O1v_m400_d170,inelastic,O1,v,400,170,False,False,0.360115,0.396183,0.152107,0.0915947,3.93161,4.3254,1.66065,1.24506,1.1789,True,False,inelastic-O1,False,False,29.801,5.17041,17.7143,6.15307,36.9949,6.43323,22.0267,6.15307,35.0527,6.09229,20.8624,6.15307,30.1867,55.1457,57.9293,37.4183,0,0,0,0,0,0,0,0,0,0
O1v_m400_d180,inelastic,O1,v,400,180,False,False,0.24107,0.456997,0.185177,0.116756,2.06473,3.9141,1.58601,1.24646,1.18072,True,False,inelastic-O1,False,False,35.6078,7.43169,23.1941,8.41096,44.2696,9.25819,28.879,8.41096,41.9591,8.77097,27.3626,8.41096,35.9658,62.5107,67.3508,44.6646,0,0,0,0,0,0,0,0,0,0
O1v_m400_d190,inelastic,O1,v,400,190,False,False,0.138818,0.501641,0.216619,0.142922,0.971285,3.50989,1.51564,1.24826,1.18285,True,False,inelastic-O1,False,False,41.024,9.91737,28.7407,10.8935,51.0906,12.3736,35.8419,10.8935,48.4382,11.7264,33.9709,10.8935,41.3581,68.4292,75.5769,51.4608,0,0,0,0,0,0,0,0,0,0
O1v_m400_d200,inelastic,O1,v,400,200,True,True,0.0650949,0.523576,0.242514,0.168815,0.385598,3.10147,1.43656,1.25,1.18511,True,True,inelastic-O1,False,False,46.0038,12.5207,34.1815,13.4939,57.3827,15.6441,42.6903,13.4939,54.4291,14.8334,40.4817,13.4939,46.3173,73.3583,82.8153,57.7316,0.00938776,0.0120831,0.0121343,0.0150631,0.0138361,0.0169761,0.00717402,0.0092873,0.00938776,0.0120831
O1v_m400_d210,inelastic,O1,v,400,210,False,False,0.0223268,0.52328,0.261378,0.193015,0.115674,2.71109,1.35419,1.25177,1.18734,True,False,inelastic-O1,False,False,50.4596,15.1061,39.3089,16.0767,63.039,18.902,49.1674,16.0767,59.8195,17.9305,46.6443,16.0767,50.7561,77.5659,89.1477,63.37,0,0,0,0,0,0,0,0,0,0
O1v_m400_d220,inelastic,O1,v,400,220,False,False,0.00407172,0.50249,0.27587,0.217569,0.0187146,2.30957,1.26797,1.25402,1.18992,True,False,inelastic-O1,False,False,54.8451,17.886,44.5824,18.854,68.6488,22.4213,55.8669,18.854,65.1654,21.2768,53.0192,18.854,55.1259,81.6001,95.2949,68.9634,0,0,0,0,0,0,0,0,0,0
O1v_m400_d230,inelastic,O1,v,400,230,False,False,8.08745e-05,0.469763,0.286678,0.243479,0.000332163,1.92938,1.17743,1.25587,1.19228,True,False,inelastic-O1,False,False,59.3705,20.9986,50.2498,21.964,74.4305,26.3626,63.0647,21.964,70.6877,25.0295,59.8799,21.964,59.636,85.7102,101.586,74.7288,0,0,0,0,0,0,0,0,0,0
O1v_m400_d240,inelastic,O1,v,400,240,False,False,0,0.428346,0.296831,0.274823,0,1.55863,1.08008,1.25795,1.19503,True,False,inelastic-O1,False,False,64.617,24.9194,57.0974,25.8817,81.1508,31.3377,71.7812,25.8817,77.1181,29.7722,68.1997,25.8817,64.8655,90.2169,108.701,81.431,0,0,0,0,0,0,0,0,0,0
O1v_m400_d250,inelastic,O1,v,400,250,True,True,0,0.375832,0.306914,0.317254,0,1.18464,0.967405,1.26048,1.19802,True,True,inelastic-O1,False,False,71.3505,30.4424,66.3027,31.4007,89.7978,38.3611,83.5259,31.4007,85.3745,36.4623,79.3962,31.4007,71.5778,95.5837,117.539,90.0553,0.0145601,0.0189087,0.0188199,0.0235721,0.0214593,0.0265658,0.0111267,0.0145336,0.0145601,0.0189087
O1v_m400_d260,inelastic,O1,v,400,260,False,False,0,0.307189,0.317027,0.375784,0,0.817462,0.84364,1.26303,1.20118,True,False,inelastic-O1,False,False,79.9482,38.2963,78.7046,39.2496,100.834,48.357,99.3555,39.2496,95.9232,45.9913,94.4996,39.2496,80.1492,101.633,128.259,101.063,0,0,0,0,0,0,0,0,0,0
O1v_m400_d270,inelastic,O1,v,400,270,False,False,0,0.219517,0.323057,0.457426,0,0.479897,0.706249,1.2652,1.2044,True,False,inelastic-O1,False,False,91.002,49.7083,95.6519,50.6551,114.989,62.877,120.965,50.6551,109.49,59.8577,115.161,50.6551,91.17,108.484,141.339,115.182,0,0,0,0,0,0,0,0,0,0
O1v_m400_d280,inelastic,O1,v,400,280,False,False,0,0.118111,0.310347,0.571542,0,0.206652,0.542999,1.26854,1.20853,True,False,inelastic-O1,False,False,105.715,67.1787,119.84,68.1169,133.952,85.2022,151.963,68.1169,127.642,81.1745,144.784,68.1169,105.843,117.424,158.463,134.098,0,0,0,0,0,0,0,0,0,0
O1v_m400_d290,inelastic,O1,v,400,290,False,False,0,0.0291791,0.253052,0.717768,0,0.0406525,0.352554,1.2729,1.21377,True,False,inelastic-O1,False,False,125.003,94.0197,154.163,94.9465,158.958,119.658,196.17,94.9465,151.6,114.103,187.068,94.9465,125.083,130.914,181.93,159.051,0,0,0,0,0,0,0,0,0,0
O1v_m400_d300,inelastic,O1,v,400,300,True,True,0,0,0.137145,0.862855,0,0,0.158943,1.27746,1.21888,True,True,inelastic-O1,False,False,147.397,130.8,197.459,131.714,188.128,167.069,252.174,131.714,179.528,159.411,240.621,131.714,147.435,151.532,212.545,188.172,0.0300786,0.039614,0.0388785,0.0493839,0.044331,0.0556557,0.0229857,0.0304482,0.0300786,0.039614
O1v_m400_d310,inelastic,O1,v,400,310,False,False,0,0,0.0477863,0.952214,0,0,0.0501844,1.28714,1.2268,True,False,inelastic-O1,False,False,162.627,159.253,228.87,160.158,209.149,204.954,294.509,160.158,199.372,195.35,280.714,160.158,162.64,167.215,234.527,209.164,0,0,0,0,0,0,0,0,0,0
O1v_m400_d320,inelastic,O1,v,400,320,False,False,0,0,0.0220238,0.977976,0,0,0.0225197,1.30347,1.23447,True,False,inelastic-O1,False,False,167.017,167.969,238.205,168.872,217.517,218.914,310.41,168.872,206.035,207.331,293.993,168.872,167.023,171.736,240.865,217.524,0,0,0,0,0,0,0,0,0,0
O1v_m400_d330,inelastic,O1,v,400,330,False,False,0,0,0.00535577,0.994644,0,0,0.00538461,1.35656,1.26077,True,False,inelastic-O1,False,False,169.858,173.73,244.31,174.631,230.204,235.64,331.322,174.631,213.992,219.008,307.946,174.631,169.859,174.661,244.965,230.206,0,0,0,0,0,0,0,0,0,0
O1v_m1000_d0,inelastic,O1,v,1000,0,False,True,0.981339,0.012962,0.00363228,0.0020662,474.95,6.27338,1.75795,1.25775,1.18931,True,True,inelastic-O1,False,False,0.867528,0.00504723,0.112619,1.00451,1.05888,0.00620983,0.136354,1.00451,1.00807,0.00590114,0.130052,1.00451,1.60676,2.34469,2.41498,1.83828,0,0,0,0,0,0,0.000135286,0.000171378,0,0
O1v_m1000_d10,inelastic,O1,v,1000,10,False,False,0.981119,0.0131309,0.00367216,0.00207821,472.098,6.3184,1.76698,1.25732,1.18883,True,False,inelastic-O1,False,False,0.873074,0.00510322,0.113472,1.00456,1.06541,0.0062775,0.137372,1.00456,1.01421,0.00596495,0.13101,1.00456,1.61191,2.35658,2.42619,1.84436,0,0,0,0,0,0,0,0,0,0
O1v_m1000_d20,inelastic,O1,v,1000,20,False,False,0.980059,0.0138693,0.00388029,0.00219146,447.218,6.32881,1.77064,1.25693,1.1885,True,False,inelastic-O1,False,False,0.925503,0.0056481,0.12165,1.00508,1.12991,0.00695338,0.147474,1.00508,1.07547,0.00660572,0.140596,1.00508,1.66066,2.46946,2.53249,1.9053,0,0,0,0,0,0,0,0,0,0
O1v_m1000_d30,inelastic,O1,v,1000,30,False,False,0.977946,0.0153251,0.00430084,0.00242838,402.716,6.31084,1.77108,1.25667,1.18825,True,False,inelastic-O1,False,False,1.03469,0.00687473,0.139328,1.00625,1.26475,0.00847834,0.169381,1.00625,1.20343,0.00805091,0.16137,1.00625,1.76252,2.70515,2.75453,2.03308,0,0,0,0,0,0,0,0,0,0
O1v_m1000_d40,inelastic,O1,v,1000,40,False,False,0.974498,0.017682,0.00499306,0.00282679,344.737,6.25517,1.76634,1.25664,1.18826,True,False,inelastic-O1,False,False,1.21686,0.00920022,0.170706,1.00847,1.49041,0.011375,0.208363,1.00847,1.41752,0.0107955,0.198329,1.00847,1.93341,3.09994,3.12675,2.24785,0,0,0,0,0,0,0,0,0,0
O1v_m1000_d50,inelastic,O1,v,1000,50,False,True,0.96928,0.0212226,0.00605428,0.00344324,281.502,6.16355,1.75831,1.25658,1.1883,True,True,inelastic-O1,False,False,1.49563,0.0134415,0.223016,1.01256,1.83631,0.0166645,0.273455,1.01256,1.74566,0.0158069,0.260033,1.01256,2.19682,3.70685,3.69969,2.57882,0,0,0,0,0,0,0.000233234,0.000297204,0,0
O1v_m1000_d60,inelastic,O1,v,1000,60,False,False,0.961699,0.0263389,0.00760386,0.00435816,220.666,6.04359,1.74474,1.25677,1.1886,True,False,inelastic-O1,False,False,1.90358,0.0211572,0.308226,1.02005,2.34402,0.0263054,0.379747,1.02005,2.22709,0.0249386,0.360759,1.02005,2.58554,4.59901,4.54353,3.06774,0,0,0,0,0,0,0,0,0,0
O1v_m1000_d70,inelastic,O1,v,1000,70,False,False,0.951018,0.0334764,0.0098204,0.00568523,167.279,5.88832,1.72735,1.25701,1.18896,True,False,inelastic-O1,False,False,2.48541,0.0353063,0.445875,1.03387,3.06976,0.0440114,0.551779,1.03387,2.91505,0.0417067,0.523741,1.03387,3.14472,5.87506,5.75386,3.77121,0,0,0,0,0,0,0,0,0,0
O1v_m1000_d80,inelastic,O1,v,1000,80,False,False,0.936156,0.0433021,0.0129489,0.00759308,123.291,5.70284,1.70536,1.2574,1.18957,True,False,inelastic-O1,False,False,3.30549,0.0616113,0.668558,1.05971,4.09518,0.0769808,0.830626,1.05971,3.88707,0.0729304,0.787916,1.05971,3.93921,7.67328,7.46633,4.77136,0,0,0,0,0,0,0,0,0,0
O1v_m1000_d90,inelastic,O1,v,1000,90,False,False,0.915844,0.0565547,0.017297,0.0103047,88.8765,5.48826,1.67856,1.25806,1.19035,True,False,inelastic-O1,False,False,4.44409,0.110628,1.02662,1.10807,5.52256,0.138518,1.27991,1.10807,5.23958,0.1312,1.21345,1.10807,5.04994,10.1582,9.84628,6.17112,0,0,0,0,0,0,0,0,0,0
O1v_m1000_d100,inelastic,O1,v,1000,100,True,True,0.888445,0.0741389,0.023293,0.014123,62.9076,5.2495,1.64929,1.259,1.19133,True,True,inelastic-O1,False,False,6.00231,0.201531,1.59698,1.19808,7.48095,0.252833,1.99701,1.19808,7.09465,0.23943,1.8925,1.19808,6.57861,13.522,13.0943,8.10015,0.00122486,0.00157526,0.00158321,0.00196376,0.00180525,0.00221317,0.000936025,0.00121078,0.00122486,0.00157526
O1v_m1000_d110,inelastic,O1,v,1000,110,False,False,0.851752,0.0972841,0.0314543,0.0195094,43.6585,4.98652,1.61226,1.25978,1.19239,True,False,inelastic-O1,False,False,8.12396,0.370061,2.50308,1.36538,10.1507,0.464978,3.13745,1.36538,9.62499,0.440356,2.97289,1.36538,8.66927,18.0182,17.485,10.739,0,0,0,0,0,0,0,0,0,0
O1v_m1000_d120,inelastic,O1,v,1000,120,False,False,0.803362,0.127203,0.0424468,0.0269884,29.7669,4.71325,1.57278,1.26091,1.19373,True,False,inelastic-O1,False,False,10.9387,0.674235,3.90502,1.66792,13.7013,0.848499,4.90537,1.66792,12.99,0.803629,4.6478,1.66792,11.4522,23.8122,23.2342,14.2577,0,0,0,0,0,0,0,0,0,0
O1v_m1000_d130,inelastic,O1,v,1000,130,False,False,0.740843,0.164847,0.057038,0.0372717,19.8768,4.42284,1.53033,1.26193,1.19506,True,False,inelastic-O1,False,False,14.5894,1.20733,6.01831,2.19889,18.3118,1.52135,7.57321,2.19889,17.3615,1.44119,7.17627,2.19889,15.0704,31.0125,30.5409,18.8356,0,0,0,0,0,0,0,0,0,0
O1v_m1000_d140,inelastic,O1,v,1000,140,False,False,0.662322,0.210649,0.0758683,0.0511606,12.9459,4.11741,1.48294,1.2633,1.19663,True,False,inelastic-O1,False,False,19.1699,2.10049,9.08154,3.08937,24.1111,2.65063,11.448,3.08937,22.8599,2.51133,10.8488,3.08937,19.6184,39.519,39.4447,24.602,0,0,0,0,0,0,0,0,0,0
O1v_m1000_d150,inelastic,O1,v,1000,150,True,True,0.568287,0.26365,0.0989335,0.0691297,8.22059,3.81384,1.43113,1.26497,1.1985,True,True,inelastic-O1,False,False,24.5881,3.48351,13.2258,4.46922,30.9898,4.40273,16.702,4.46922,29.384,4.17215,15.83,4.46922,25.0047,48.7924,49.5673,31.4482,0.00501757,0.00652552,0.00648553,0.00813488,0.0073951,0.00916803,0.00383437,0.00501565,0.00501757,0.00652552
O1v_m1000_d160,inelastic,O1,v,1000,160,False,False,0.461119,0.320892,0.126381,0.0916081,5.0336,3.50288,1.37959,1.26658,1.20042,True,False,inelastic-O1,False,False,30.6828,5.46765,18.4884,6.4498,38.7425,6.92045,23.3853,6.4498,36.7424,6.55991,22.17,6.4498,31.0685,58.1474,60.3752,39.1693,0,0,0,0,0,0,0,0,0,0
O1v_m1000_d170,inelastic,O1,v,1000,170,False,False,0.348987,0.376824,0.156086,0.118102,2.95497,3.19067,1.32162,1.2686,1.20264,True,False,inelastic-O1,False,False,37.1037,8.05295,24.6513,9.03134,46.9443,10.2102,31.2376,9.03134,44.5276,9.68041,29.6201,9.03134,37.4603,66.806,71.0931,47.3412,0,0,0,0,0,0,0,0,0,0
O1v_m1000_d180,inelastic,O1,v,1000,180,False,False,0.241387,0.4257,0.185712,0.147201,1.63985,2.89196,1.26162,1.27046,1.20482,True,False,inelastic-O1,False,False,43.4092,11.0887,31.2665,12.0634,55.0193,14.0809,39.6846,12.0634,52.2014,13.3546,37.6414,12.0634,43.7397,74.1535,80.9474,55.389,0,0,0,0,0,0,0,0,0,0
O1v_m1000_d190,inelastic,O1,v,1000,190,False,False,0.149603,0.459723,0.213051,0.177623,0.84225,2.58819,1.19945,1.27263,1.20728,True,False,inelastic-O1,False,False,49.3763,14.4146,37.9994,15.3858,62.7033,18.3367,48.3183,15.3858,59.5084,17.3964,45.8445,15.3858,49.6835,80.1777,89.7089,63.0485,0,0,0,0,0,0,0,0,0,0
O1v_m1000_d200,inelastic,O1,v,1000,200,True,True,0.0799057,0.47715,0.235454,0.20749,0.385106,2.29963,1.13477,1.27515,1.20997,True,True,inelastic-O1,False,False,54.8116,17.8251,44.5042,18.7931,69.7544,22.7209,56.7061,18.7931,66.2145,21.5611,53.8155,18.7931,55.0986,85.0991,97.3243,70.0785,0.0111851,0.0146882,0.0144575,0.0183107,0.0164851,0.0206362,0.00854755,0.0112896,0.0111851,0.0146882
O1v_m1000_d210,inelastic,O1,v,1000,210,False,False,0.035779,0.476343,0.25195,0.235928,0.151652,2.01901,1.06791,1.27765,1.21277,True,False,inelastic-O1,False,False,59.7535,21.2383,50.7077,22.2034,76.2018,27.1255,64.7407,22.2034,72.358,25.7497,61.4614,22.2034,60.0233,89.3357,104.076,76.5077,0,0,0,0,0,0,0,0,0,0
O1v_m1000_d220,inelastic,O1,v,1000,220,False,False,0.0115577,0.460812,0.263103,0.264527,0.043692,1.74202,0.994616,1.28072,1.21594,True,False,inelastic-O1,False,False,64.6252,24.8917,57.0786,25.854,82.6207,31.8687,73.0532,25.854,78.4678,30.2586,69.3667,25.854,64.8791,93.5087,110.702,82.9096,0,0,0,0,0,0,0,0,0,0
O1v_m1000_d230,inelastic,O1,v,1000,230,False,False,0.00202388,0.433871,0.271229,0.292876,0.00691037,1.48142,0.926088,1.28358,1.21913,True,False,inelastic-O1,False,False,69.2907,28.6609,63.4102,29.6204,88.7909,36.7771,81.3416,29.6204,84.3591,34.9325,77.2663,29.6204,69.5299,97.3472,116.93,89.0642,0,0,0,0,0,0,0,0,0,0
O1v_m1000_d240,inelastic,O1,v,1000,240,False,False,8.13983e-06,0.399894,0.276079,0.324018,2.51215e-05,1.23417,0.852048,1.28688,1.22272,True,False,inelastic-O1,False,False,74.3319,33.0289,70.4944,33.9855,95.503,42.4917,90.6647,33.9855,90.7685,40.3756,86.1541,33.9855,74.556,101.489,123.633,95.7601,0,0,0,0,0,0,0,0,0,0
O1v_m1000_d250,inelastic,O1,v,1000,250,True,True,0,0.359827,0.27956,0.360613,0,0.997819,0.775233,1.29052,1.22647,True,True,inelastic-O1,False,False,80.0139,38.3226,78.773,39.2758,103.103,49.4425,101.603,39.2758,98.0122,46.9909,96.5694,39.2758,80.2214,105.891,130.998,103.342,0.016328,0.0217103,0.021105,0.0270646,0.0240649,0.0305019,0.0124777,0.016687,0.016328,0.0217103
O1v_m1000_d260,inelastic,O1,v,1000,260,False,False,0,0.313852,0.280936,0.405212,0,0.774537,0.693304,1.29459,1.23068,True,False,inelastic-O1,False,False,86.6382,44.9887,88.8027,45.9381,111.999,58.227,114.904,45.9381,106.498,55.3552,109.242,45.9381,86.8269,110.712,139.356,112.218,0,0,0,0,0,0,0,0,0,0
O1v_m1000_d270,inelastic,O1,v,1000,270,False,False,0,0.259789,0.280202,0.460008,0,0.56475,0.609125,1.29917,1.23523,True,False,inelastic-O1,False,False,94.3044,53.3679,100.898,54.3128,122.351,69.3175,131.022,54.3128,116.357,65.9086,124.583,54.3128,94.4715,115.769,148.649,122.546,0,0,0,0,0,0,0,0,0,0
O1v_m1000_d280,inelastic,O1,v,1000,280,False,False,0,0.196319,0.274862,0.528819,0,0.37124,0.519766,1.30383,1.24019,True,False,inelastic-O1,False,False,103.393,64.2212,115.885,65.1608,134.635,83.7153,151.028,65.1608,128.091,79.6322,143.668,65.1608,103.535,121.26,159.271,134.801,0,0,0,0,0,0,0,0,0,0
O1v_m1000_d290,inelastic,O1,v,1000,290,False,False,0,0.126904,0.259298,0.613799,0,0.206751,0.422447,1.3099,1.24617,True,False,inelastic-O1,False,False,114.201,78.4205,134.577,79.3537,149.413,102.702,176.211,79.3537,142.172,97.7087,167.649,79.3537,114.314,127.632,171.712,149.546,0,0,0,0,0,0,0,0,0,0
O1v_m1000_d300,inelastic,O1,v,1000,300,True,True,0,0.0624164,0.228569,0.709015,0,0.0880325,0.322375,1.31709,1.25297,True,True,inelastic-O1,False,False,126.217,95.8528,156.414,96.7789,166.053,126.223,205.935,96.7789,157.997,120.082,195.92,96.7789,126.299,135.097,185.713,166.151,0.0257564,0.0349657,0.0332917,0.0435892,0.0379608,0.0491251,0.0196827,0.0268754,0.0257564,0.0349657
O1v_m1000_d310,inelastic,O1,v,1000,310,False,False,0,0.0156828,0.175896,0.808421,0,0.0193993,0.21758,1.32526,1.26091,True,False,inelastic-O1,False,False,139.521,117.176,181.828,118.095,184.708,155.262,240.886,118.095,175.769,147.728,229.203,118.095,139.574,144.875,202.194,184.772,0,0,0,0,0,0,0,0,0,0
O1v_m1000_d320,inelastic,O1,v,1000,320,False,False,0,0,0.104265,0.895735,0,0,0.116401,1.33577,1.27052,True,False,inelastic-O1,False,False,153.001,140.948,208.838,141.858,204.172,188.244,278.871,141.858,194.228,179.053,265.261,141.858,153.029,157.303,220.633,204.206,0,0,0,0,0,0,0,0,0,0
O1v_m1000_d330,inelastic,O1,v,1000,330,False,False,0,0,0.0499374,0.950063,0,0,0.0525622,1.35067,1.28319,True,False,inelastic-O1,False,False,162.26,158.536,228.096,159.441,218.946,214.096,307.986,159.441,208.039,203.405,292.613,159.441,162.274,166.837,233.998,218.963,0,0,0,0,0,0,0,0,0,0
O1v_m1000_d340,inelastic,O1,v,1000,340,False,False,0,0,0.0222383,0.977762,0,0,0.0227441,1.37004,1.29886,True,False,inelastic-O1,False,False,166.981,167.896,238.127,168.798,228.544,229.988,326.141,168.798,216.702,218.045,309.212,168.798,166.987,171.699,240.812,228.552,0,0,0,0,0,0,0,0,0,0
O1v_m1000_d350,inelastic,O1,v,1000,350,True,True,0,0,0.01146,0.98854,0,0,0.0115928,1.40235,1.32255,True,True,inelastic-O1,False,False,168.818,171.609,242.068,172.511,236.494,240.616,339.352,172.511,223.072,226.93,320.057,172.511,168.821,173.59,243.463,236.498,0.0344498,0.0497986,0.0445285,0.0620803,0.0507735,0.0699646,0.0263262,0.0382762,0.0344498,0.0497986
O1v_m1000_d360,inelastic,O1,v,1000,360,False,False,0,0,0.0047164,0.995284,0,0,0.00473875,1.4547,1.36056,True,False,inelastic-O1,False,False,169.967,173.953,244.545,174.853,246.972,253.004,355.613,174.853,231.028,236.637,332.617,174.853,169.968,174.774,245.122,246.974,0,0,0,0,0,0,0,0,0,0
O1v_m1000_d370,inelastic,O1,v,1000,370,False,False,0,0,8.74134e-06,0.999991,0,0,8.74141e-06,1.52827,1.41836,True,False,inelastic-O1,False,False,170.769,175.598,246.279,176.498,260.657,268.308,376.232,176.498,241.956,249.02,349.196,176.498,170.769,175.6,246.28,260.657,0,0,0,0,0,0,0,0,0,0
O1v_m1000_d380,inelastic,O1,v,1000,380,False,False,0,0,0,1,0,0,0,1.58933,1.48411,True,False,inelastic-O1,False,False,170.771,175.601,246.282,176.501,271.05,279.03,391.26,176.501,253.145,260.563,365.374,176.501,170.771,175.601,246.282,271.05,0,0,0,0,0,0,0,0,0,0
O1v_m1000_d390,inelastic,O1,v,1000,390,False,False,0,0,0,0,inf,inf,inf,1.31441,1.51211,False,False,inelastic-O1,False,False,0,0,0,0,0,0,0,0,0,0,0,0,1,1,1,1,0,0,0,0,0,0,0,0,0,0
O1v_m4000_d0,inelastic,O1,v,4000,0,False,True,0.979967,0.0136468,0.0039529,0.00243371,402.664,5.60741,1.62423,1.26544,1.19732,True,True,inelastic-O1,False,False,1.03771,0.0069099,0.139826,1.00628,1.27638,0.00857726,0.17103,1.00628,1.21512,0.00814932,0.163021,1.00628,1.7654,2.71264,2.7612,2.04596,0,0,0,0,0,0,0.000161825,0.00020658,0,0
O1v_m4000_d10,inelastic,O1,v,4000,10,False,False,0.979704,0.0138382,0.00400159,0.00245616,398.876,5.63408,1.6292,1.26505,1.19693,True,False,inelastic-O1,False,False,1.04801,0.0070324,0.14154,1.0064,1.28886,0.0087283,0.173127,1.0064,1.22696,0.00829241,0.165008,1.0064,1.77503,2.7349,2.78219,2.05774,0,0,0,0,0,0,0,0,0,0
O1v_m4000_d20,inelastic,O1,v,4000,20,False,False,0.97854,0.0146296,0.00423644,0.00259407,377.222,5.63964,1.63313,1.26476,1.19666,True,False,inelastic-O1,False,False,1.11126,0.0078089,0.152232,1.00714,1.36739,0.0096994,0.186451,1.00714,1.30151,0.00921313,0.177649,1.00714,1.83427,2.87187,2.91127,2.13236,0,0,0,0,0,0,0,0,0,0
O1v_m4000_d30,inelastic,O1,v,4000,30,False,False,0.976266,0.0161619,0.00469439,0.002878,339.217,5.61568,1.63113,1.26457,1.19652,True,False,inelastic-O1,False,False,1.24089,0.00953224,0.175008,1.00879,1.52882,0.0118585,0.214907,1.00879,1.45476,0.0112602,0.204645,1.00879,1.95608,3.15332,3.17661,2.28622,0,0,0,0,0,0,0,0,0,0
O1v_m4000_d40,inelastic,O1,v,4000,40,False,False,0.972559,0.0186358,0.00545258,0.00335266,290.086,5.55853,1.62634,1.26463,1.19659,True,False,inelastic-O1,False,False,1.45585,0.0127841,0.215238,1.01193,1.79729,0.0159402,0.265292,1.01193,1.7095,0.0151287,0.252422,1.01193,2.15917,3.62167,3.61855,2.54318,0,0,0,0,0,0,0,0,0,0
O1v_m4000_d50,inelastic,O1,v,4000,50,True,True,0.96696,0.0223535,0.00660208,0.0040842,236.756,5.47316,1.61649,1.26464,1.19673,True,True,inelastic-O1,False,False,1.78348,0.018696,0.282109,1.01766,2.20712,0.0233685,0.349157,1.01766,2.0984,0.0221694,0.33195,1.01766,2.47084,4.33832,4.29577,2.93742,0.000363946,0.000464754,0.000470423,0.000579375,0.000536397,0.000652956,0.000278123,0.00035722,0.000363946,0.000464754
O1v_m4000_d60,inelastic,O1,v,4000,60,False,False,0.958861,0.0276925,0.00827971,0.00516689,185.578,5.35961,1.60245,1.26486,1.19705,True,False,inelastic-O1,False,False,2.2616,0.0294187,0.390779,1.02811,2.80675,0.036864,0.485732,1.02811,2.66717,0.0349577,0.46142,1.02811,2.92918,5.38757,5.28943,3.51764,0,0,0,0,0,0,0,0,0,0
O1v_m4000_d70,inelastic,O1,v,4000,70,False,False,0.947452,0.0351397,0.0106753,0.00673332,140.711,5.21878,1.58544,1.26529,1.19757,True,False,inelastic-O1,False,False,2.94169,0.0490085,0.565831,1.04731,3.66188,0.0615604,0.70619,1.04731,3.47804,0.0583564,0.670362,1.04731,3.58616,6.88195,6.7091,4.35001,0,0,0,0,0,0,0,0,0,0
O1v_m4000_d80,inelastic,O1,v,4000,80,False,False,0.93169,0.0453106,0.0140319,0.00896694,103.903,5.05308,1.56485,1.26616,1.19842,True,False,inelastic-O1,False,False,3.89212,0.0850208,0.846293,1.08278,4.86083,0.107055,1.06031,1.08278,4.61428,0.101447,1.00584,1.08278,4.51077,8.96587,8.69776,5.52348,0,0,0,0,0,0,0,0,0,0
O1v_m4000_d90,inelastic,O1,v,4000,90,False,False,0.9102,0.0589859,0.0186758,0.0121386,74.9838,4.85936,1.53855,1.26643,1.199,True,False,inelastic-O1,False,False,5.20947,0.151772,1.29574,1.14878,6.52289,0.191411,1.62795,1.14878,6.19045,0.181378,1.54386,1.14878,5.80007,11.8344,11.4526,7.15762,0,0,0,0,0,0,0,0,0,0
O1v_m4000_d100,inelastic,O1,v,4000,100,False,True,0.881374,0.0770328,0.0250063,0.0165866,53.1376,4.64427,1.50762,1.2673,1.20001,True,True,inelastic-O1,False,False,7.0026,0.274406,2.0064,1.27038,8.79211,0.346677,2.52756,1.27038,8.34166,0.328485,2.39638,1.27038,7.56358,15.6873,15.186,9.39734,0,0,0,0,0,0,0.00109202,0.00142299,0,0
O1v_m4000_d110,inelastic,O1,v,4000,110,False,False,0.842872,0.100668,0.0336645,0.0227964,36.974,4.41595,1.47675,1.26828,1.20117,True,False,inelastic-O1,False,False,9.41209,0.497526,3.11748,1.4921,11.8471,0.629546,3.9362,1.4921,11.2379,0.59652,3.73139,1.4921,9.94223,20.7519,20.1561,12.4215,0,0,0,0,0,0,0,0,0,0
O1v_m4000_d120,inelastic,O1,v,4000,120,False,False,0.792849,0.130667,0.0451315,0.0313529,25.2879,4.16761,1.43947,1.26943,1.20246,True,False,inelastic-O1,False,False,12.5759,0.893219,4.81274,1.88595,15.8662,1.13192,6.08893,1.88595,15.0484,1.07259,5.77175,1.88595,13.0745,27.189,26.5847,16.4089,0,0,0,0,0,0,0,0,0,0
O1v_m4000_d130,inelastic,O1,v,4000,130,False,False,0.728817,0.168004,0.0601638,0.0430154,16.9432,3.90566,1.39866,1.27077,1.20398,True,False,inelastic-O1,False,False,16.6297,1.57278,7.32698,2.56314,21.0269,1.99603,9.28723,2.56314,19.9422,1.89162,8.80367,2.56314,17.0962,35.0577,34.6373,21.5373,0,0,0,0,0,0,0,0,0,0
O1v_m4000_d140,inelastic,O1,v,4000,140,False,False,0.649668,0.21268,0.0792094,0.0584429,11.1163,3.6391,1.35533,1.27209,1.20553,True,False,inelastic-O1,False,False,21.5925,2.67205,10.8641,3.65951,27.3546,3.39568,13.793,3.65951,25.945,3.21866,13.0765,3.65951,22.027,44.079,44.1856,27.8326,0,0,0,0,0,0,0,0,0,0
O1v_m4000_d150,inelastic,O1,v,4000,150,True,True,0.55628,0.263256,0.102264,0.0782005,7.11351,3.36642,1.30771,1.27373,1.20738,True,True,inelastic-O1,False,False,27.3857,4.33233,15.5591,5.31641,34.7619,5.51385,19.7873,5.31641,32.974,5.22747,18.7624,5.31641,27.7888,53.7301,54.8701,35.2079,0.00558845,0.00731982,0.00722343,0.00912508,0.00823648,0.010284,0.00427063,0.00562617,0.00558845,0.00731982
O1v_m4000_d160,inelastic,O1,v,4000,160,False,False,0.451903,0.317026,0.128699,0.102372,4.41432,3.09681,1.25717,1.27545,1.20934,True,False,inelastic-O1,False,False,33.7608,6.63434,21.356,7.61469,42.934,8.45636,27.2041,7.61469,40.7325,8.0191,25.8006,7.61469,34.1339,63.2264,66.0172,43.3491,0,0,0,0,0,0,0,0,0,0
O1v_m4000_d170,inelastic,O1,v,4000,170,False,False,0.343508,0.368786,0.157248,0.130459,2.63308,2.82684,1.20534,1.27726,1.21142,True,False,inelastic-O1,False,False,40.3708,9.55134,27.9975,10.5278,51.4321,12.193,35.7222,10.5278,48.8056,11.5657,33.888,10.5278,40.7158,71.8161,76.8675,51.8181,0,0,0,0,0,0,0,0,0,0
O1v_m4000_d180,inelastic,O1,v,4000,180,False,False,0.241068,0.4124,0.185345,0.161188,1.49557,2.5585,1.14987,1.27953,1.21384,True,False,inelastic-O1,False,False,46.8536,12.9381,35.0815,13.9107,59.8137,16.547,44.8468,13.9107,56.7681,15.6989,42.552,13.9107,47.1729,79.0877,86.8324,60.1729,0,0,0,0,0,0,0,0,0,0
O1v_m4000_d190,inelastic,O1,v,4000,190,False,False,0.153103,0.442799,0.211202,0.192896,0.793708,2.29554,1.09491,1.28181,1.21633,True,False,inelastic-O1,False,False,52.9029,16.568,42.1633,17.5372,67.6705,21.2284,54.0015,17.5372,64.239,20.1455,51.2507,17.5372,53.1995,84.9212,95.5487,68.0057,0,0,0,0,0,0,0,0,0,0
O1v_m4000_d200,inelastic,O1,v,4000,200,True,True,0.0865104,0.457555,0.231835,0.224099,0.386036,2.04175,1.03452,1.28447,1.21905,True,True,inelastic-O1,False,False,58.4638,20.3008,49.0462,21.2667,74.95,26.0662,62.952,21.2667,71.1584,24.7402,59.7539,21.2667,58.7405,89.786,103.231,75.2643,0.0119304,0.0157822,0.0154208,0.0196745,0.0175835,0.0221732,0.00911708,0.0121305,0.0119304,0.0157822
O1v_m4000_d210,inelastic,O1,v,4000,210,False,False,0.041547,0.456941,0.247567,0.253945,0.163606,1.79937,0.974882,1.28697,1.22186,True,False,inelastic-O1,False,False,63.5098,24.0147,55.5846,24.9776,81.5865,30.8956,71.4867,24.9776,77.4848,29.3343,67.8785,24.9776,63.7694,93.8932,109.987,81.8825,0,0,0,0,0,0,0,0,0,0
O1v_m4000_d220,inelastic,O1,v,4000,220,False,False,0.0158905,0.443028,0.258135,0.282947,0.0561607,1.56576,0.91231,1.28981,1.22487,True,False,inelastic-O1,False,False,68.2968,27.8225,62.0316,28.7826,87.9373,35.874,79.9574,28.7826,83.5362,34.0698,75.9405,28.7826,68.541,97.7537,116.346,88.2169,0,0,0,0,0,0,0,0,0,0
O1v_m4000_d230,inelastic,O1,v,4000,230,False,False,0.00367888,0.41929,0.264917,0.312113,0.011787,1.34339,0.848786,1.29325,1.2283,True,False,inelastic-O1,False,False,73.0148,31.8462,68.61,32.8036,94.2707,41.1727,88.6764,32.8036,89.5629,39.1071,84.232,32.8036,73.2446,101.533,122.574,94.5347,0,0,0,0,0,0,0,0,0,0
O1v_m4000_d240,inelastic,O1,v,4000,240,False,False,0.00032097,0.387879,0.268837,0.342963,0.000935872,1.13096,0.783866,1.29627,1.23163,True,False,inelastic-O1,False,False,77.9006,36.2967,75.6495,37.2512,100.821,47.0368,98.0061,37.2512,95.8203,44.6937,93.1285,37.2512,78.116,105.396,128.971,101.069,0,0,0,0,0,0,0,0,0,0
O1v_m4000_d250,inelastic,O1,v,4000,250,True,True,0,0.351613,0.270329,0.378058,0,0.93005,0.715048,1.30007,1.23543,True,True,inelastic-O1,False,False,83.3159,41.5672,83.7137,42.5185,108.153,54.0255,108.775,42.5185,102.803,51.3421,103.377,42.5185,83.5159,109.573,135.973,108.384,0.0170019,0.0227737,0.021976,0.0283903,0.025058,0.0319959,0.0129926,0.0175043,0.0170019,0.0227737
O1v_m4000_d260,inelastic,O1,v,4000,260,False,False,0,0.311395,0.27062,0.417985,0,0.744991,0.64744,1.30378,1.23937,True,False,inelastic-O1,False,False,89.1881,47.6852,92.7603,48.6331,116.114,62.1553,120.878,48.6331,110.405,59.0873,114.916,48.6331,89.3716,113.766,143.327,116.328,0,0,0,0,0,0,0,0,0,0
O1v_m4000_d270,inelastic,O1,v,4000,270,False,False,0,0.265527,0.268813,0.46566,0,0.570216,0.577273,1.30805,1.24365,True,False,inelastic-O1,False,False,95.8754,55.1615,103.431,56.1054,125.238,72.1368,135.229,56.1054,119.099,68.5878,128.581,56.1054,96.0403,118.2,151.449,125.431,0,0,0,0,0,0,0,0,0,0
O1v_m4000_d280,inelastic,O1,v,4000,280,False,False,0,0.213546,0.262812,0.523642,0,0.40781,0.501893,1.31304,1.2485,True,False,inelastic-O1,False,False,103.677,64.5659,116.357,65.5053,135.955,84.7588,152.714,65.5053,129.301,80.5956,145.218,65.5053,103.821,123.098,160.7,136.125,0,0,0,0,0,0,0,0,0,0
O1v_m4000_d290,inelastic,O1,v,4000,290,False,False,0,0.156304,0.252001,0.591696,0,0.264162,0.425896,1.31861,1.25389,True,False,inelastic-O1,False,False,112.387,75.9315,131.37,76.8657,148.011,100.103,173.154,76.8657,140.775,95.1932,164.667,76.8657,112.507,128.174,170.711,148.154,0,0,0,0,0,0,0,0,0,0
O1v_m4000_d300,inelastic,O1,v,4000,300,True,True,0,0.0982188,0.232173,0.669608,0,0.146681,0.346729,1.32452,1.25967,True,True,inelastic-O1,False,False,122.126,89.7201,148.856,90.6486,161.57,118.813,197.087,90.6486,153.688,112.999,187.449,90.6486,122.221,133.873,181.855,161.683,0.0249217,0.0340218,0.0322129,0.0424125,0.0367306,0.0477989,0.0190449,0.0261499,0.0249217,0.0340218
O1v_m4000_d310,inelastic,O1,v,4000,310,False,False,0,0.0470215,0.199361,0.753617,0,0.0623944,0.264539,1.33172,1.26652,True,False,inelastic-O1,False,False,132.775,106.097,168.782,107.019,176.624,141.266,224.69,107.019,168.005,134.353,213.7,107.019,132.844,140.696,194.383,176.707,0,0,0,0,0,0,0,0,0,0
O1v_m4000_d320,inelastic,O1,v,4000,320,False,False,0,0.0124973,0.152418,0.835085,0,0.0149653,0.182518,1.34009,1.27428,True,False,inelastic-O1,False,False,143.816,124.513,190.298,125.428,192.522,166.829,254.928,125.428,183.097,158.641,242.422,125.428,143.861,149.035,208.21,192.577,0,0,0,0,0,0,0,0,0,0
O1v_m4000_d330,inelastic,O1,v,4000,330,False,False,0,0,0.0949601,0.90504,0,0,0.104924,1.35035,1.28356,True,False,inelastic-O1,False,False,154.587,143.887,212.096,144.797,208.534,194.267,286.311,144.797,198.25,184.663,272.163,144.797,154.613,158.936,222.922,208.566,0,0,0,0,0,0,0,0,0,0
O1v_m4000_d340,inelastic,O1,v,4000,340,False,False,0,0,0.0505938,0.949406,0,0,0.0532899,1.36306,1.29462,True,False,inelastic-O1,False,False,162.148,158.317,227.86,159.222,220.796,215.761,310.487,159.222,209.742,204.934,294.912,159.222,162.162,166.722,233.836,220.813,0,0,0,0,0,0,0,0,0,0
O1v_m4000_d350,inelastic,O1,v,4000,350,True,True,0,0,0.0242783,0.975722,0,0,0.0248824,1.38001,1.30855,True,True,inelastic-O1,False,False,166.633,167.198,237.383,168.1,229.722,230.697,327.485,168.1,217.858,218.755,310.541,168.1,166.64,171.341,240.31,229.73,0.034004,0.0483726,0.0439523,0.0603026,0.0501164,0.0679611,0.0259855,0.0371802,0.034004,0.0483726
O1v_m4000_d360,inelastic,O1,v,4000,360,False,False,0,0,0.0128409,0.987159,0,0,0.0130079,1.40312,1.32627,True,False,inelastic-O1,False,False,168.582,171.131,241.562,172.033,236.295,240.079,338.83,172.033,223.385,226.934,320.285,172.033,168.586,173.348,243.124,236.299,0,0,0,0,0,0,0,0,0,0
O1v_m4000_d370,inelastic,O1,v,4000,370,False,False,0,0,0.00716705,0.992833,0,0,0.00721878,1.4361,1.35149,True,False,inelastic-O1,False,False,169.549,173.1,243.644,174,243.221,248.544,349.775,174,228.928,233.907,329.184,174,169.551,174.344,244.519,243.224,0,0,0,0,0,0,0,0,0,0
O1v_m4000_d380,inelastic,O1,v,4000,380,False,False,0,0,0.002169,0.997831,0,0,0.00217372,1.48678,1.38966,True,False,inelastic-O1,False,False,170.401,174.842,245.483,175.743,253.05,259.904,364.843,175.743,236.561,242.933,341.029,175.743,170.402,175.221,245.749,253.051,0,0,0,0,0,0,0,0,0,0
O1v_m4000_d390,inelastic,O1,v,4000,390,False,False,0,0,1.32143e-07,1,0,0,1.32143e-07,1.54342,1.43986,True,False,inelastic-O1,False,False,170.771,175.601,246.282,176.501,263.236,270.971,379.964,176.501,245.615,252.797,354.488,176.501,170.771,175.601,246.282,263.236,0,0,0,0,0,0,0,0,0,0
O1v_m4000_d400,inelastic,O1,v,4000,400,False,False,0,0,0,1,0,0,0,1.56943,1.48705,True,False,inelastic-O1,False,False,170.771,175.601,246.282,176.501,267.663,275.537,386.363,176.501,253.645,261.079,366.097,176.501,170.771,175.601,246.282,267.663,0,0,0,0,0,0,0,0,0,0
O1v_m4000_d410,inelastic,O1,v,4000,410,False,False,0,0,0,1,0,0,0,1.49135,1.51597,True,False,inelastic-O1,False,False,170.771,175.601,246.282,176.501,254.377,261.834,367.155,176.501,258.567,266.156,373.213,176.501,170.771,175.601,246.282,254.377,0,0,0,0,0,0,0,0,0,0
O1v_m4000_d420,inelastic,O1,v,4000,420,False,False,0,0,0,0,inf,inf,inf,1.13784,1.47502,False,False,inelastic-O1,False,False,0,0,0,0,0,0,0,0,0,0,0,0,1,1,1,1,0,0,0,0,0,0,0,0,0,0
O4s_m400_d0,inelastic,O4,s,400,0,False,True,0.747193,0.173616,0.0605882,0.018603,40.1651,9.33269,3.2569,0.777927,0.790681,True,True,inelastic-O4,False,False,7.46543,0.314081,2.21225,1.30978,5.87718,0.245287,1.73395,1.30978,5.9684,0.249238,1.76142,1.30978,8.01516,16.1274,15.8719,6.3902,0,0,0,0,0,0,0.00116419,0.000951213,0,0
O4s_m400_d10,inelastic,O4,s,400,10,False,False,0.74585,0.174903,0.060709,0.0185384,40.2327,9.43461,3.27477,0.776634,0.789518,True,False,inelastic-O4,False,False,7.43914,0.311875,2.2007,1.30759,5.84744,0.24317,1.72218,1.30759,5.93925,0.247133,1.74978,1.30759,7.98921,16.0702,15.8167,6.36058,0,0,0,0,0,0,0,0,0,0
O4s_m400_d20,inelastic,O4,s,400,20,False,False,0.737418,0.180817,0.0626951,0.0190703,38.6684,9.48161,3.28758,0.775886,0.788752,True,False,inelastic-O4,False,False,7.62603,0.327895,2.28365,1.3235,5.98764,0.255394,1.7851,1.3235,6.0817,0.259556,1.81372,1.3235,8.17336,16.4316,16.1861,6.49793,0,0,0,0,0,0,0,0,0,0
O4s_m400_d30,inelastic,O4,s,400,30,False,False,0.721342,0.191644,0.0667413,0.0202731,35.5813,9.45313,3.29211,0.775402,0.788281,True,False,inelastic-O4,False,False,8.0485,0.365599,2.47496,1.36096,6.31283,0.284527,1.93273,1.36096,6.41236,0.289176,1.96382,1.36096,8.58989,17.2495,17.0217,6.81713,0,0,0,0,0,0,0,0,0,0
O4s_m400_d40,inelastic,O4,s,400,40,False,False,0.696508,0.208151,0.073134,0.0222066,31.3649,9.37339,3.29334,0.775172,0.787983,True,False,inelastic-O4,False,False,8.71625,0.429489,2.78802,1.42446,6.83037,0.334058,2.1754,1.42446,6.93784,0.339496,2.21031,1.42446,9.24875,18.5257,18.3344,7.32579,0,0,0,0,0,0,0,0,0,0
O4s_m400_d50,inelastic,O4,s,400,50,True,True,0.66325,0.229887,0.0819803,0.0248828,26.6549,9.23879,3.29465,0.77475,0.78765,True,True,inelastic-O4,False,False,9.61593,0.523949,3.22979,1.5184,7.52597,0.407179,2.51723,1.5184,7.64566,0.413866,2.55804,1.5184,10.1373,20.2078,20.0846,8.0102,0.00196228,0.00158474,0.003348,0.00260777,0.00289208,0.00222648,0.00149955,0.00121807,0.00196228,0.00158474
O4s_m400_d60,inelastic,O4,s,400,60,False,False,0.622154,0.256219,0.0932441,0.0283832,21.9198,9.02715,3.28519,0.774642,0.787699,True,False,inelastic-O4,False,False,10.7557,0.657474,3.82086,1.65126,8.4103,0.510707,2.97562,1.65126,8.54619,0.51921,3.02459,1.65126,11.264,22.2826,22.2738,8.88157,0,0,0,0,0,0,0,0,0,0
O4s_m400_d70,inelastic,O4,s,400,70,False,False,0.574669,0.285981,0.106672,0.0326783,17.5856,8.75141,3.2643,0.77515,0.788368,True,False,inelastic-O4,False,False,12.1012,0.835137,4.56146,1.82814,9.46102,0.648929,3.55256,1.82814,9.61622,0.659875,3.61187,1.82814,12.5954,24.6496,24.816,9.91841,0,0,0,0,0,0,0,0,0,0
O4s_m400_d80,inelastic,O4,s,400,80,False,False,0.522255,0.317694,0.122359,0.0376912,13.8562,8.42886,3.24635,0.7758,0.789043,True,False,inelastic-O4,False,False,13.5955,1.05814,5.43572,2.05028,10.6304,0.822671,4.23473,2.05028,10.8056,0.836581,4.30568,2.05028,14.0753,27.1577,27.5766,11.0737,0,0,0,0,0,0,0,0,0,0
O4s_m400_d90,inelastic,O4,s,400,90,False,False,0.466366,0.350268,0.139936,0.0434301,10.7383,8.06511,3.22209,0.776448,0.789772,True,False,inelastic-O4,False,False,15.2201,1.33141,6.44454,2.3226,11.9028,1.03574,5.02252,2.3226,12.1005,1.05336,5.10728,2.3226,15.6853,29.7469,30.5047,12.3319,0,0,0,0,0,0,0,0,0,0
O4s_m400_d100,inelastic,O4,s,400,100,True,True,0.41061,0.380483,0.159036,0.0498713,8.2334,7.6293,3.18893,0.777695,0.791155,True,True,inelastic-O4,False,False,16.9479,1.65744,7.58064,2.64762,13.2673,1.29117,5.91501,2.64762,13.4902,1.31335,6.01587,2.64762,17.3989,32.3478,33.536,13.6825,0.00345848,0.0027937,0.0059008,0.00459716,0.00509725,0.00392501,0.00264293,0.0021473,0.00345848,0.0027937
O4s_m400_d110,inelastic,O4,s,400,110,False,False,0.354495,0.409074,0.179356,0.0570751,6.21103,7.16729,3.14246,0.779192,0.792787,True,False,inelastic-O4,False,False,18.7806,2.04323,8.85302,3.03234,14.7223,1.59448,6.91869,3.03234,14.9721,1.6221,7.03778,3.03234,19.2174,34.9488,36.6637,15.1238,0,0,0,0,0,0,0,0,0,0
O4s_m400_d120,inelastic,O4,s,400,120,False,False,0.300387,0.433725,0.20099,0.0648974,4.62864,6.68325,3.09705,0.780663,0.794525,True,False,inelastic-O4,False,False,20.6507,2.47967,10.2197,3.46769,16.2112,1.93842,7.99952,3.46769,16.4918,1.97262,8.13983,3.46769,21.0738,37.4095,39.7466,16.5996,0,0,0,0,0,0,0,0,0,0
O4s_m400_d130,inelastic,O4,s,400,130,False,False,0.248593,0.453839,0.224087,0.0734813,3.38308,6.17624,3.04958,0.78319,0.796903,True,False,inelastic-O4,False,False,22.5784,2.97488,11.6974,3.96177,17.7739,2.33274,9.18334,3.96177,18.0778,2.37335,9.34235,3.96177,22.9882,39.747,42.8098,18.1496,0,0,0,0,0,0,0,0,0,0
O4s_m400_d140,inelastic,O4,s,400,140,False,False,0.201394,0.468158,0.247652,0.0827966,2.43239,5.65431,2.99109,0.784401,0.798703,True,False,inelastic-O4,False,False,24.56,3.5317,13.2856,4.51744,19.3569,2.77335,10.4441,4.51744,19.7021,2.82366,10.6326,4.51744,24.9568,41.9833,45.8595,19.7201,0,0,0,0,0,0,0,0,0,0
O4s_m400_d150,inelastic,O4,s,400,150,True,True,0.158041,0.477477,0.271857,0.0926248,1.70625,5.15495,2.93504,0.787557,0.801614,True,True,inelastic-O4,False,False,26.5209,4.13067,14.9237,5.11526,20.979,3.25641,11.7767,5.11526,21.3457,3.31426,11.9849,5.11526,26.9052,43.9932,48.7555,21.3305,0.00541199,0.00441754,0.00923385,0.00726927,0.00797641,0.00620642,0.00413579,0.00339541,0.00541199,0.00441754
O4s_m400_d160,inelastic,O4,s,400,160,False,False,0.119914,0.478855,0.297496,0.103735,1.15596,4.61613,2.86784,0.790164,0.804539,True,False,inelastic-O4,False,False,28.623,4.82535,16.7498,5.8087,22.7095,3.81631,13.2591,5.8087,23.1146,3.88543,13.4982,5.8087,28.9944,45.985,51.7576,23.049,0,0,0,0,0,0,0,0,0,0
O4s_m400_d170,inelastic,O4,s,400,170,False,False,0.0864771,0.474058,0.323881,0.115583,0.748181,4.10145,2.80215,0.793248,0.807609,True,False,inelastic-O4,False,False,30.7253,5.57476,18.6461,6.55688,24.4654,4.42586,14.8155,6.55688,24.9002,4.50566,15.0816,6.55688,31.0843,47.771,54.6302,24.7934,0,0,0,0,0,0,0,0,0,0
O4s_m400_d180,inelastic,O4,s,400,180,False,False,0.0586516,0.463474,0.349387,0.128488,0.456476,3.60714,2.71922,0.79582,0.810568,True,False,inelastic-O4,False,False,32.9384,6.42169,20.7139,7.40252,26.3059,5.11442,16.5096,7.40252,26.7849,5.20884,16.8133,7.40252,33.285,49.5812,57.601,26.6223,0,0,0,0,0,0,0,0,0,0
O4s_m400_d190,inelastic,O4,s,400,190,False,False,0.036069,0.444888,0.376355,0.142688,0.252782,3.1179,2.63761,0.799559,0.814538,True,False,inelastic-O4,False,False,35.2271,7.36091,22.928,8.34039,28.2586,5.88959,18.3577,8.34039,28.7794,5.99954,18.6993,8.34039,35.5612,51.2508,60.5398,28.5635,0,0,0,0,0,0,0,0,0,0
O4s_m400_d200,inelastic,O4,s,400,200,True,True,0.0190028,0.418997,0.404084,0.157916,0.120335,2.65329,2.55886,0.804142,0.818876,True,True,inelastic-O4,False,False,37.5333,8.37221,25.2338,9.35035,30.2736,6.73673,20.3172,9.35035,30.8198,6.85976,20.6871,9.35035,37.8551,52.7368,63.3677,30.5674,0.00765924,0.00637472,0.0130681,0.0104899,0.0112885,0.00895616,0.00585311,0.00489974,0.00765924,0.00637472
O4s_m400_d210,inelastic,O4,s,400,210,False,False,0.00754819,0.387325,0.430372,0.174755,0.043193,2.21639,2.46272,0.807864,0.823051,True,False,inelastic-O4,False,False,40.0299,9.53901,27.8102,10.5157,32.4297,7.71071,22.4929,10.5157,33.0305,7.85522,22.9132,10.5157,40.339,54.3527,66.4164,32.7119,0,0,0,0,0,0,0,0,0,0
O4s_m400_d220,inelastic,O4,s,400,220,False,False,0.00154451,0.346441,0.458224,0.19379,0.00796999,1.78771,2.36453,0.813082,0.828296,True,False,inelastic-O4,False,False,42.7007,10.871,30.6571,11.8461,34.8088,8.84366,24.9529,11.8461,35.4512,9.00867,25.4171,11.8461,42.9966,55.9085,69.5521,35.0791,0,0,0,0,0,0,0,0,0,0
O4s_m400_d230,inelastic,O4,s,400,230,False,False,0,0.299577,0.485589,0.214833,0,1.39446,2.26031,0.817504,0.833214,True,False,inelastic-O4,False,False,45.5401,12.3813,33.7824,13.3548,37.3179,10.1266,27.6436,13.3548,38.0257,10.3207,28.1721,13.3548,45.8225,57.4819,72.8142,37.5759,0,0,0,0,0,0,0,0,0,0
O4s_m400_d240,inelastic,O4,s,400,240,False,False,0,0.246812,0.513612,0.239576,0,1.0302,2.14384,0.822372,0.838725,True,False,inelastic-O4,False,False,48.7588,14.2106,37.444,15.1821,40.1854,11.6914,30.8195,15.1821,40.9747,11.9233,31.4294,15.1821,49.0264,59.1984,76.4444,40.43,0,0,0,0,0,0,0,0,0,0
O4s_m400_d250,inelastic,O4,s,400,250,True,True,0,0.193937,0.53824,0.267823,0,0.724123,2.00969,0.828847,0.845426,True,True,inelastic-O4,False,False,52.4029,16.431,41.7362,17.4004,43.5195,13.624,34.6194,17.4004,44.3799,13.8959,35.3088,17.4004,52.6549,61.2593,80.6039,43.7502,0.0106936,0.00916389,0.0182452,0.0150796,0.0157606,0.0128748,0.00817193,0.00704356,0.0106936,0.00916389
O4s_m400_d260,inelastic,O4,s,400,260,False,False,0,0.139348,0.558973,0.301679,0,0.461907,1.85287,0.836259,0.853254,True,False,inelastic-O4,False,False,56.7548,19.2911,47.0594,20.258,47.5447,16.1378,39.3802,20.258,48.5007,16.4651,40.1773,20.258,56.9896,63.8756,85.6454,47.7601,0,0,0,0,0,0,0,0,0,0
O4s_m400_d270,inelastic,O4,s,400,270,False,False,0,0.0856557,0.572699,0.341645,0,0.250715,1.6763,0.843851,0.862187,True,False,inelastic-O4,False,False,61.9186,22.9796,53.6439,23.9434,52.3306,19.397,45.2938,23.9434,53.4565,19.8177,46.2743,23.9434,62.1345,67.2068,91.7507,52.5291,0,0,0,0,0,0,0,0,0,0
O4s_m400_d280,inelastic,O4,s,400,280,False,False,0,0.0350895,0.571953,0.392957,0,0.089296,1.45551,0.854911,0.874185,True,False,inelastic-O4,False,False,68.8295,28.4174,62.8926,29.3772,58.9194,24.3002,53.7934,29.3772,60.2359,24.8471,55.0021,29.3772,69.0232,72.2727,100.308,59.0981,0,0,0,0,0,0,0,0,0,0
O4s_m400_d290,inelastic,O4,s,400,290,False,False,0,0.00137274,0.536779,0.461848,0,0.00297227,1.16224,0.871024,0.891852,True,False,inelastic-O4,False,False,79.1038,37.5661,77.5184,38.5198,68.9709,32.7269,67.545,38.5198,70.6072,33.5084,69.1555,38.5198,79.2702,81.2979,114.046,69.1255,0,0,0,0,0,0,0,0,0,0
O4s_m400_d300,inelastic,O4,s,400,300,True,True,0,0,0.447167,0.552833,0,0,0.808864,0.894214,0.917134,True,True,inelastic-O4,False,False,94.549,53.7196,101.344,54.6643,84.6059,48.0426,90.6452,54.6643,86.7602,49.2726,92.9632,54.6643,94.6824,97.123,136.278,84.7313,0.0192941,0.0178155,0.0329193,0.0293162,0.0284365,0.0250298,0.0147444,0.0136933,0.0192941,0.0178155
O4s_m400_d310,inelastic,O4,s,400,310,False,False,0,0,0.306865,0.693135,0,0,0.442721,0.947403,0.971049,True,False,inelastic-O4,False,False,118.468,84.4278,142.217,85.3585,112.267,79.9909,134.749,85.3585,115.055,81.9856,138.106,85.3585,118.556,121.746,170.793,112.352,0,0,0,0,0,0,0,0,0,0
O4s_m400_d320,inelastic,O4,s,400,320,False,False,0,0,0.0714081,0.928592,0,0,0.0768993,1.09278,1.09079,True,False,inelastic-O4,False,False,158.601,151.463,220.418,152.37,173.259,165.507,240.843,152.37,172.945,165.205,240.404,152.37,158.62,163.069,228.716,173.28,0,0,0,0,0,0,0,0,0,0
O4s_m400_d330,inelastic,O4,s,400,330,False,False,0,0,0,0,inf,inf,inf,0,0,False,False,inelastic-O4,False,False,0,0,0,0,0,0,0,0,0,0,0,0,1,1,1,1,0,0,0,0,0,0,0,0,0,0
O4s_m1000_d0,inelastic,O4,s,1000,0,False,True,0.718205,0.183358,0.0728535,0.0255835,28.073,7.16705,2.84767,0.807847,0.819396,True,True,inelastic-O4,False,False,9.99108,0.564977,3.41768,1.55921,8.13684,0.457523,2.77397,1.55921,8.24829,0.463981,2.81266,1.55921,10.5097,21.1623,20.9441,8.62385,0,0,0,0,0,0,0.00155805,0.00131694,0,0
O4s_m1000_d10,inelastic,O4,s,1000,10,False,False,0.716247,0.184938,0.0731998,0.0256148,27.9623,7.21997,2.85772,0.807328,0.818754,True,False,inelastic-O4,False,False,9.99838,0.565839,3.42148,1.56007,8.13773,0.45793,2.77531,1.56007,8.24807,0.464329,2.81362,1.56007,10.5169,21.1701,20.9553,8.62453,0,0,0,0,0,0,0,0,0,0
O4s_m1000_d20,inelastic,O4,s,1000,20,False,False,0.706802,0.191109,0.0756694,0.0264191,26.7534,7.23375,2.86419,0.806672,0.818215,True,False,inelastic-O4,False,False,10.2669,0.597055,3.56025,1.59113,8.3485,0.482773,2.88522,1.59113,8.46304,0.489597,2.92553,1.59113,10.7824,21.6698,21.4768,8.83214,0,0,0,0,0,0,0,0,0,0
O4s_m1000_d30,inelastic,O4,s,1000,30,False,False,0.689095,0.202192,0.0806084,0.0281044,24.5192,7.19432,2.86818,0.80625,0.817754,True,False,inelastic-O4,False,False,10.8251,0.664681,3.85472,1.65843,8.79537,0.53711,3.12152,1.65843,8.91589,0.544685,3.16505,1.65843,11.3345,22.7023,22.5578,9.27285,0,0,0,0,0,0,0,0,0,0
O4s_m1000_d40,inelastic,O4,s,1000,40,False,False,0.663019,0.218315,0.0879503,0.0307158,21.5856,7.10758,2.86336,0.80621,0.81779,True,False,inelastic-O4,False,False,11.6756,0.774834,4.3185,1.76809,9.48196,0.625987,3.4958,1.76809,9.61304,0.634881,3.54496,1.76809,12.176,24.2532,24.1936,9.95064,0,0,0,0,0,0,0,0,0,0
O4s_m1000_d50,inelastic,O4,s,1000,50,True,True,0.627966,0.239654,0.0980509,0.0343287,18.2927,6.98115,2.85624,0.80658,0.818167,True,True,inelastic-O4,False,False,12.8169,0.936334,4.96897,1.92892,10.4085,0.756661,4.0227,1.92892,10.5527,0.767424,4.07939,1.92892,13.3062,26.2793,26.3606,10.8661,0.00261549,0.00219171,0.0044625,0.00360656,0.00385481,0.00307924,0.00199873,0.00168459,0.00261549,0.00219171
O4s_m1000_d60,inelastic,O4,s,1000,60,False,False,0.585455,0.2649,0.110744,0.0389011,15.0498,6.80957,2.84682,0.806885,0.818481,True,False,inelastic-O4,False,False,14.2061,1.15412,5.80214,2.1459,11.535,0.932834,4.69725,2.1459,11.6954,0.946121,4.76359,2.1459,14.6827,28.6571,28.9523,11.9802,0,0,0,0,0,0,0,0,0,0
O4s_m1000_d70,inelastic,O4,s,1000,70,False,False,0.537461,0.292473,0.125626,0.0444404,12.094,6.58124,2.82683,0.807496,0.819222,True,False,inelastic-O4,False,False,15.8187,1.43629,6.82366,2.42713,12.8477,1.16156,5.52648,2.42713,13.0286,1.1783,5.6055,2.42713,16.2816,31.3058,31.902,13.2794,0,0,0,0,0,0,0,0,0,0
O4s_m1000_d80,inelastic,O4,s,1000,80,False,False,0.484679,0.321913,0.142558,0.0508499,9.53157,6.33065,2.80351,0.808447,0.820313,True,False,inelastic-O4,False,False,17.5909,1.78302,8.01045,2.77282,14.297,1.44343,6.49324,2.77282,14.5011,1.46446,6.58722,2.77282,18.0399,34.0655,35.0626,14.7152,0,0,0,0,0,0,0,0,0,0
O4s_m1000_d90,inelastic,O4,s,1000,90,False,False,0.430071,0.350605,0.161226,0.0580976,7.40257,6.03476,2.7751,0.809789,0.821637,True,False,inelastic-O4,False,False,19.4877,2.1968,9.35137,3.1855,15.858,1.7811,7.59062,3.1855,16.0841,1.80699,7.7003,3.1855,19.9227,36.846,38.3506,16.2625,0,0,0,0,0,0,0,0,0,0
O4s_m1000_d100,inelastic,O4,s,1000,100,True,True,0.375293,0.377187,0.181437,0.0660834,5.67908,5.70773,2.74557,0.811477,0.823332,True,True,inelastic-O4,False,False,21.455,2.67289,10.8158,3.66044,17.4883,2.17134,8.79545,3.66044,17.7378,2.20288,8.9225,3.66044,21.8763,39.5304,41.6498,17.8797,0.00437822,0.00368251,0.00747005,0.00605975,0.0064528,0.00517375,0.00334579,0.00283046,0.00437822,0.00368251
O4s_m1000_d110,inelastic,O4,s,1000,110,False,False,0.322078,0.400704,0.202407,0.0748117,4.30518,5.35616,2.70555,0.813314,0.825259,True,False,inelastic-O4,False,False,23.4912,3.21588,12.4063,4.20224,19.1846,2.61807,10.1096,4.20224,19.4602,2.65632,10.2566,4.20224,23.899,42.1294,44.9616,19.5632,0,0,0,0,0,0,0,0,0,0
O4s_m1000_d120,inelastic,O4,s,1000,120,False,False,0.271255,0.420026,0.224434,0.0842853,3.2183,4.98338,2.66278,0.815648,0.82763,True,False,inelastic-O4,False,False,25.5714,3.82366,14.1068,4.8088,20.9366,3.1215,11.5261,4.8088,21.2379,3.16714,11.6938,4.8088,25.9661,44.5781,48.2251,21.3028,0,0,0,0,0,0,0,0,0,0
O4s_m1000_d130,inelastic,O4,s,1000,130,False,False,0.223802,0.434343,0.247325,0.0945295,2.36754,4.59479,2.61638,0.817977,0.830126,True,False,inelastic-O4,False,False,27.6902,4.49785,15.9137,5.48175,22.7297,3.68207,13.0376,5.48175,23.0608,3.73652,13.2295,5.48175,28.0722,46.869,51.4281,23.0837,0,0,0,0,0,0,0,0,0,0
O4s_m1000_d140,inelastic,O4,s,1000,140,False,False,0.180481,0.443941,0.270155,0.105423,1.71198,4.21106,2.56259,0.820932,0.833028,True,False,inelastic-O4,False,False,29.8288,5.2345,17.8108,6.21715,24.5672,4.30027,14.6424,6.21715,24.9226,4.36338,14.8564,6.21715,30.1985,49.0144,54.558,24.9096,0,0,0,0,0,0,0,0,0,0
O4s_m1000_d150,inelastic,O4,s,1000,150,True,True,0.141993,0.447652,0.293355,0.117001,1.2136,3.82606,2.50729,0.823877,0.836021,True,True,inelastic-O4,False,False,31.976,6.03096,19.7869,7.01235,26.4239,4.97204,16.3233,7.01235,26.8067,5.04506,16.5621,7.01235,32.3336,50.982,57.5841,26.7551,0.00652517,0.00556407,0.0111331,0.00915594,0.00961706,0.00781724,0.00498647,0.00427666,0.00652517,0.00556407
O4s_m1000_d160,inelastic,O4,s,1000,160,False,False,0.108295,0.445002,0.316993,0.12971,0.834899,3.43074,2.44385,0.826954,0.839629,True,False,inelastic-O4,False,False,34.2239,6.92544,21.9291,7.90551,28.381,5.73047,18.156,7.90551,28.8089,5.81799,18.4324,7.90551,34.5694,52.8985,60.6578,28.7009,0,0,0,0,0,0,0,0,0,0
O4s_m1000_d170,inelastic,O4,s,1000,170,False,False,0.0795263,0.43675,0.340655,0.14307,0.555857,3.05271,2.38104,0.831241,0.843571,True,False,inelastic-O4,False,False,36.4592,7.87655,24.1314,8.85532,30.3848,6.55089,20.0808,8.85532,30.8286,6.64775,20.3768,8.85532,36.793,54.6277,63.5987,30.6941,0,0,0,0,0,0,0,0,0,0
O4s_m1000_d180,inelastic,O4,s,1000,180,False,False,0.0555455,0.42371,0.363405,0.15734,0.353028,2.69295,2.30968,0.835069,0.84765,True,False,inelastic-O4,False,False,38.7655,8.92145,26.4756,9.89886,32.4495,7.45375,22.1309,9.89886,32.9312,7.5657,22.4623,9.89886,39.0877,56.3346,66.574,32.748,0,0,0,0,0,0,0,0,0,0
O4s_m1000_d190,inelastic,O4,s,1000,190,False,False,0.0363571,0.404285,0.386489,0.17287,0.210315,2.33867,2.23572,0.839867,0.852452,True,False,inelastic-O4,False,False,41.1613,10.0756,28.9863,11.0516,34.6463,8.46602,24.3666,11.0516,35.1583,8.59253,24.7297,11.0516,41.4718,57.9723,69.5696,34.9342,0,0,0,0,0,0,0,0,0,0
O4s_m1000_d200,inelastic,O4,s,1000,200,True,True,0.0215073,0.380882,0.408585,0.189026,0.11378,2.01498,2.16153,0.84476,0.857387,True,True,inelastic-O4,False,False,43.5534,11.2975,31.5673,12.2722,36.8669,9.54765,26.6887,12.2722,37.4108,9.68998,27.0855,12.2722,43.8525,59.5028,72.4824,37.1447,0.00888772,0.00776307,0.0151641,0.0127745,0.0130991,0.0109067,0.0067919,0.00596686,0.00888772,0.00776307
O4s_m1000_d210,inelastic,O4,s,1000,210,False,False,0.0107838,0.352381,0.430202,0.206634,0.0521877,1.70534,2.08195,0.84987,0.862668,True,False,inelastic-O4,False,False,46.0775,12.6618,34.3684,13.635,39.233,10.7649,29.2305,13.635,39.8165,10.9266,29.6685,13.635,46.365,61.0543,75.5016,39.5003,0,0,0,0,0,0,0,0,0,0
O4s_m1000_d220,inelastic,O4,s,1000,220,False,False,0.0038897,0.319112,0.450248,0.226751,0.0171541,1.40732,1.98565,0.856458,0.869137,True,False,inelastic-O4,False,False,48.9428,14.3029,37.6412,15.2743,41.9882,12.2539,32.2596,15.2743,42.6025,12.4349,32.7349,15.2743,49.2179,62.8914,78.9598,42.2445,0,0,0,0,0,0,0,0,0,0
O4s_m1000_d230,inelastic,O4,s,1000,230,False,False,0.000706667,0.282658,0.469262,0.247373,0.00285668,1.14264,1.89698,0.862091,0.875217,True,False,inelastic-O4,False,False,51.7521,16.0083,40.9445,16.9781,44.6838,13.8048,35.3191,16.9781,45.3565,14.0145,35.8545,16.9781,52.0153,64.558,82.2492,44.9293,0,0,0,0,0,0,0,0,0,0
O4s_m1000_d240,inelastic,O4,s,1000,240,False,False,0,0.242428,0.487026,0.270546,0,0.896068,1.80016,0.869841,0.88296,True,False,inelastic-O4,False,False,54.852,18.0001,44.6942,18.9681,47.7781,15.6614,38.8975,18.9681,48.4911,15.8971,39.4817,18.9681,55.1026,66.404,85.8663,48.0125,0,0,0,0,0,0,0,0,0,0
O4s_m1000_d250,inelastic,O4,s,1000,250,True,True,0,0.200034,0.504059,0.295908,0,0.675999,1.70343,0.877724,0.890593,True,True,inelastic-O4,False,False,58.1292,20.2316,48.7749,21.1977,51.0837,17.7619,42.8308,21.1977,51.8252,18.0219,43.4565,21.1977,58.3668,68.2664,89.6142,51.3067,0.0118621,0.0107567,0.020239,0.0177006,0.0174829,0.0151126,0.00906491,0.00826782,0.0118621,0.0107567
O4s_m1000_d260,inelastic,O4,s,1000,260,False,False,0,0.16065,0.514982,0.324368,0,0.495272,1.58765,0.886688,0.899808,True,False,inelastic-O4,False,False,61.9244,22.976,53.6445,23.9398,54.9661,20.3766,47.5851,23.9398,55.7717,20.6776,48.2866,23.9398,62.1483,70.7454,94.1487,55.177,0,0,0,0,0,0,0,0,0,0
O4s_m1000_d270,inelastic,O4,s,1000,270,False,False,0,0.120515,0.523536,0.355949,0,0.338574,1.47082,0.896756,0.909773,True,False,inelastic-O4,False,False,66.0515,26.1571,59.1117,27.1185,59.286,23.4605,53.0267,27.1185,60.139,23.8005,53.7939,27.1185,66.2611,73.4128,99.0439,59.4842,0,0,0,0,0,0,0,0,0,0
O4s_m1000_d280,inelastic,O4,s,1000,280,False,False,0,0.0810996,0.526137,0.392763,0,0.206485,1.33958,0.908843,0.922043,True,False,inelastic-O4,False,False,70.9268,30.1784,65.7923,31.137,64.5095,27.4312,59.8113,31.137,65.4388,27.829,60.6774,31.137,71.1206,76.7752,104.952,64.6939,0,0,0,0,0,0,0,0,0,0
O4s_m1000_d290,inelastic,O4,s,1000,290,False,False,0,0.047708,0.516417,0.435875,0,0.109453,1.18478,0.923197,0.936436,True,False,inelastic-O4,False,False,76.9528,35.5439,74.3715,36.499,71.0839,32.8175,68.674,36.499,72.0955,33.2875,69.6561,36.499,77.1292,81.4927,112.623,71.2529,0,0,0,0,0,0,0,0,0,0
O4s_m1000_d300,inelastic,O4,s,1000,300,True,True,0,0.0196623,0.496911,0.483427,0,0.0406728,1.02789,0.93976,0.952779,True,True,inelastic-O4,False,False,83.7685,42.1405,84.4882,43.0915,78.7551,39.6048,79.4104,43.0915,79.8386,40.1528,80.5078,43.0915,83.9268,87.1216,121.492,78.9081,0.0170942,0.0165835,0.0291659,0.0272889,0.0251941,0.0232989,0.0130632,0.0127464,0.0170942,0.0165835
O4s_m1000_d310,inelastic,O4,s,1000,310,False,False,0,0,0.454207,0.545793,0,0,0.832198,0.962692,0.975424,True,False,inelastic-O4,False,False,93.3485,52.3607,99.4167,53.3061,89.8866,50.4092,95.7154,53.3061,91.068,51.0752,96.9785,53.3061,93.4844,95.8874,134.546,90.0196,0,0,0,0,0,0,0,0,0,0
O4s_m1000_d320,inelastic,O4,s,1000,320,False,False,0,0,0.385323,0.614677,0,0,0.62687,0.99215,1.00442,True,False,inelastic-O4,False,False,105.093,66.4038,118.792,67.3424,104.272,65.8831,117.861,67.3424,105.555,66.6969,119.316,67.3424,105.206,107.977,151.492,104.385,0,0,0,0,0,0,0,0,0,0
O4s_m1000_d330,inelastic,O4,s,1000,330,False,False,0,0,0.297336,0.702664,0,0,0.423154,1.0365,1.04645,True,False,inelastic-O4,False,False,120.092,86.7642,145.157,87.694,124.455,89.9287,150.446,87.694,125.644,90.7912,151.888,87.694,120.177,123.419,173.137,124.541,0,0,0,0,0,0,0,0,0,0
O4s_m1000_d340,inelastic,O4,s,1000,340,False,False,0,0,0.189633,0.810367,0,0,0.234009,1.10529,1.10924,True,False,inelastic-O4,False,False,138.451,115.383,179.737,116.302,152.966,127.523,198.635,116.302,153.511,127.979,199.345,116.302,138.503,142.321,199.632,153.022,0,0,0,0,0,0,0,0,0,0
O4s_m1000_d350,inelastic,O4,s,1000,350,True,True,0,0,0.0671462,0.932854,0,0,0.0719793,1.2264,1.20707,True,True,inelastic-O4,False,False,159.327,152.854,221.935,153.761,195.262,187.44,272.121,153.761,192.193,184.486,267.834,153.761,159.345,163.817,229.764,195.283,0.0325131,0.0411163,0.0554733,0.0676588,0.0479191,0.0577663,0.0248462,0.0316028,0.0325131,0.0411163
O4s_m1000_d360,inelastic,O4,s,1000,360,False,False,0,0,6.82269e-05,0.999932,0,0,6.82316e-05,1.42639,1.34667,True,False,inelastic-O4,False,False,170.759,175.577,246.257,176.477,243.308,250.4,351.14,176.477,229.743,236.41,331.529,176.477,170.759,175.589,246.266,243.308,0,0,0,0,0,0,0,0,0,0
O4s_m1000_d370,inelastic,O4,s,1000,370,False,False,0,0,0,1,0,0,0,1.5761,1.48309,True,False,inelastic-O4,False,False,170.771,175.601,246.282,176.501,268.799,276.708,388.005,176.501,252.971,260.384,365.123,176.501,170.771,175.601,246.282,268.799,0,0,0,0,0,0,0,0,0,0
O4s_m1000_d380,inelastic,O4,s,1000,380,False,False,0,0,0,0,inf,inf,inf,1.12799,1.46678,False,False,inelastic-O4,False,False,0,0,0,0,0,0,0,0,0,0,0,0,1,1,1,1,0,0,0,0,0,0,0,0,0,0
O4s_m1000_d390,inelastic,O4,s,1000,390,False,False,0,0,0,0,inf,inf,inf,0,0,False,False,inelastic-O4,False,False,0,0,0,0,0,0,0,0,0,0,0,0,1,1,1,1,0,0,0,0,0,0,0,0,0,0
O4s_m4000_d0,inelastic,O4,s,4000,0,False,True,0.704552,0.187479,0.0787133,0.0292558,24.0825,6.40826,2.69052,0.820702,0.831679,True,True,inelastic-O4,False,False,11.2757,0.721276,4.09663,1.71476,9.31722,0.593121,3.37501,1.71476,9.43712,0.600967,3.41919,1.71476,11.781,23.6622,23.4952,9.79312,0,0,0,0,0,0,0.00175837,0.00150798,0,0
O4s_m4000_d10,inelastic,O4,s,4000,10,False,False,0.702314,0.189133,0.0791861,0.0293668,23.9153,6.44038,2.69645,0.820176,0.831161,True,False,inelastic-O4,False,False,11.3097,0.725726,4.1153,1.71919,9.33948,0.596397,3.38822,1.71919,9.45983,0.604298,3.43264,1.71919,11.8147,23.7205,23.5588,9.81492,0,0,0,0,0,0,0,0,0,0
O4s_m4000_d20,inelastic,O4,s,4000,20,False,False,0.692446,0.19529,0.0819536,0.0303109,22.8447,6.44288,2.70376,0.819624,0.830638,True,False,inelastic-O4,False,False,11.6159,0.766145,4.28389,1.75943,9.58482,0.629162,3.52435,1.75943,9.70883,0.637526,3.57072,1.75943,12.1177,24.2762,24.1464,10.057,0,0,0,0,0,0,0,0,0,0
O4s_m4000_d30,inelastic,O4,s,4000,30,False,False,0.674254,0.206416,0.0871019,0.0322283,20.9212,6.4048,2.70266,0.8193,0.830418,True,False,inelastic-O4,False,False,12.2356,0.851345,4.63209,1.84427,10.0898,0.698785,3.80861,1.84427,10.2218,0.708171,3.85928,1.84427,12.7313,25.3996,25.3352,10.5559,0,0,0,0,0,0,0,0,0,0
O4s_m4000_d40,inelastic,O4,s,4000,40,False,False,0.64732,0.222486,0.0949968,0.0351975,18.3911,6.32107,2.69897,0.819428,0.830528,True,False,inelastic-O4,False,False,13.1743,0.989175,5.17707,1.98156,10.8617,0.811933,4.25627,1.98156,11.0039,0.822828,4.31287,1.98156,13.661,27.0677,27.1186,11.319,0,0,0,0,0,0,0,0,0,0
O4s_m4000_d50,inelastic,O4,s,4000,50,True,True,0.612016,0.243167,0.105583,0.0392336,15.5993,6.19793,2.69114,0.819812,0.830913,True,True,inelastic-O4,False,False,14.4111,1.18702,5.92643,2.17868,11.8821,0.974638,4.87321,2.17868,12.038,0.987723,4.9381,2.17868,14.8868,29.2035,29.4363,12.3286,0.00294079,0.00250202,0.00501753,0.0041172,0.00433426,0.00351522,0.00224732,0.00192311,0.00294079,0.00250202
O4s_m4000_d60,inelastic,O4,s,4000,60,False,False,0.569155,0.267779,0.118696,0.0443705,12.8273,6.03507,2.67511,0.820298,0.831541,True,False,inelastic-O4,False,False,15.9268,1.45475,6.89121,2.44552,13.134,1.19498,5.66821,2.44552,13.3087,1.21124,5.74473,2.44552,16.3899,31.7278,32.2278,13.568,0,0,0,0,0,0,0,0,0,0
O4s_m4000_d70,inelastic,O4,s,4000,70,False,False,0.520457,0.29481,0.134256,0.0504767,10.3109,5.84051,2.65977,0.821267,0.832454,True,False,inelastic-O4,False,False,17.6411,1.79137,8.04147,2.78115,14.5587,1.47303,6.62028,2.78115,14.7517,1.49295,6.70923,2.78115,18.0909,34.4409,35.3092,14.9797,0,0,0,0,0,0,0,0,0,0
O4s_m4000_d80,inelastic,O4,s,4000,80,False,False,0.468267,0.322633,0.151595,0.0575041,8.1432,5.61061,2.63626,0.82278,0.833784,True,False,inelastic-O4,False,False,19.5171,2.20098,9.36843,3.18966,16.1301,1.81293,7.72493,3.18966,16.3404,1.83702,7.82698,3.18966,19.9532,37.2538,38.5963,16.5378,0,0,0,0,0,0,0,0,0,0
O4s_m4000_d90,inelastic,O4,s,4000,90,False,False,0.414133,0.349711,0.170723,0.0654323,6.32919,5.34462,2.60916,0.823734,0.835087,True,False,inelastic-O4,False,False,21.5163,2.68519,10.8574,3.6727,17.7967,2.21408,8.9611,3.6727,18.0363,2.24443,9.08323,3.6727,21.9386,40.061,41.9938,18.1911,0,0,0,0,0,0,0,0,0,0
O4s_m4000_d100,inelastic,O4,s,4000,100,True,True,0.360401,0.374441,0.191022,0.0741357,4.86138,5.05075,2.57665,0.825482,0.836802,True,True,inelastic-O4,False,False,23.5877,3.23895,12.4777,4.22525,19.545,2.67608,10.3183,4.22525,19.8072,2.71259,10.4583,4.22525,23.9965,42.7714,45.4019,19.9265,0.00481341,0.00411559,0.00821257,0.0067724,0.0070942,0.0057822,0.00367836,0.00316333,0.00481341,0.00411559
O4s_m4000_d110,inelastic,O4,s,4000,110,False,False,0.307922,0.395959,0.212519,0.0836002,3.68326,4.73634,2.54209,0.827453,0.838826,True,False,inelastic-O4,False,False,25.7052,3.86006,14.2122,4.84512,21.3443,3.19659,11.7787,4.84512,21.6317,3.24032,11.9391,4.84512,26.1009,45.3252,48.761,21.7131,0,0,0,0,0,0,0,0,0,0
O4s_m4000_d120,inelastic,O4,s,4000,120,False,False,0.258859,0.413124,0.234306,0.0937103,2.76233,4.40853,2.50033,0.829885,0.841279,True,False,inelastic-O4,False,False,27.8453,4.54411,16.0417,5.52792,23.1831,3.77384,13.332,5.52792,23.4953,3.82543,13.5135,5.52792,28.2283,47.7182,52.0442,23.5399,0,0,0,0,0,0,0,0,0,0
O4s_m4000_d130,inelastic,O4,s,4000,130,False,False,0.213199,0.425716,0.256571,0.104514,2.0399,4.07329,2.45489,0.832675,0.84404,True,False,inelastic-O4,False,False,30.0051,5.29197,17.9629,6.27451,25.0591,4.40941,14.9769,6.27451,25.3951,4.46936,15.1797,6.27451,30.3757,49.9387,55.2399,25.4043,0,0,0,0,0,0,0,0,0,0
O4s_m4000_d140,inelastic,O4,s,4000,140,False,False,0.17192,0.43252,0.279446,0.116114,1.48061,3.72496,2.40665,0.835053,0.846715,True,False,inelastic-O4,False,False,32.1946,6.10906,19.9842,7.09032,26.9589,5.10448,16.7079,7.09032,27.3291,5.1755,16.9396,7.09032,32.5532,51.9956,58.3594,27.2927,0,0,0,0,0,0,0,0,0,0
O4s_m4000_d150,inelastic,O4,s,4000,150,True,True,0.13523,0.434296,0.302091,0.128382,1.05334,3.38285,2.35307,0.838507,0.850117,True,True,inelastic-O4,False,False,34.3984,6.99103,22.0906,7.971,28.9174,5.86526,18.5434,7.971,29.3115,5.94619,18.7984,7.971,34.7452,53.912,61.3999,29.2403,0.00701951,0.00608914,0.0119766,0.01002,0.0103456,0.00855495,0.00536423,0.00468024,0.00701951,0.00608914
O4s_m4000_d160,inelastic,O4,s,4000,160,False,False,0.103703,0.430485,0.324262,0.141549,0.732631,3.04124,2.29081,0.842237,0.853919,True,False,inelastic-O4,False,False,36.6715,7.96291,24.3358,8.94156,30.9595,6.71003,20.517,8.94156,31.3825,6.8028,20.7998,8.94156,37.0066,55.7808,64.4614,31.2716,0,0,0,0,0,0,0,0,0,0
O4s_m4000_d170,inelastic,O4,s,4000,170,False,False,0.0766739,0.421804,0.346232,0.15529,0.493745,2.71623,2.22958,0.846017,0.857853,True,False,inelastic-O4,False,False,38.9245,8.9888,26.6319,9.96612,33.0033,7.60817,22.5516,9.96612,33.4584,7.71429,22.8652,9.96612,39.2483,57.4723,67.3891,33.305,0,0,0,0,0,0,0,0,0,0
O4s_m4000_d180,inelastic,O4,s,4000,180,False,False,0.0543984,0.40703,0.368268,0.170304,0.31942,2.39002,2.16242,0.850412,0.862272,True,False,inelastic-O4,False,False,41.2902,10.1325,29.1157,11.1084,35.1849,8.62041,24.7809,11.1084,35.669,8.74029,25.1246,11.1084,41.6025,59.1436,70.3872,35.4762,0,0,0,0,0,0,0,0,0,0
O4s_m4000_d190,inelastic,O4,s,4000,190,False,False,0.0363588,0.387834,0.389955,0.185852,0.195632,2.08679,2.0982,0.854957,0.866876,True,False,inelastic-O4,False,False,43.6194,11.3254,31.6323,12.3,37.3626,9.68641,27.0647,12.3,37.8767,9.8211,27.4401,12.3,43.9206,60.6368,73.2334,37.6438,0,0,0,0,0,0,0,0,0,0
O4s_m4000_d200,inelastic,O4,s,4000,200,True,True,0.0222127,0.365574,0.409364,0.202849,0.109503,1.8022,2.01807,0.860777,0.872583,True,True,inelastic-O4,False,False,46.1591,12.6999,34.4528,13.673,39.8005,10.9355,29.6764,13.673,40.3397,11.0852,30.0814,13.673,46.4491,62.3502,76.3745,40.0716,0.00941946,0.00838079,0.0160713,0.013791,0.0138828,0.0117746,0.00719825,0.00644166,0.00941946,0.00838079
O4s_m4000_d210,inelastic,O4,s,4000,210,False,False,0.0120033,0.338784,0.428567,0.220646,0.0544006,1.53542,1.94233,0.86615,0.878178,True,False,inelastic-O4,False,False,48.6973,14.1519,37.3505,15.1235,42.2451,12.2615,32.3711,15.1235,42.8249,12.4314,32.8186,15.1235,48.9761,63.9202,79.4118,42.5061,0,0,0,0,0,0,0,0,0,0
O4s_m4000_d220,inelastic,O4,s,4000,220,False,False,0.00527615,0.308383,0.446797,0.239544,0.0220259,1.28738,1.8652,0.872102,0.884129,True,False,inelastic-O4,False,False,51.3128,15.7295,40.4162,16.6995,44.8136,13.7215,35.2666,16.6995,45.4248,13.9103,35.7509,16.6995,51.5804,65.4797,82.4906,45.0647,0,0,0,0,0,0,0,0,0,0
O4s_m4000_d230,inelastic,O4,s,4000,230,False,False,0.00147391,0.274803,0.463478,0.260245,0.00566354,1.05594,1.78093,0.878614,0.890696,True,False,inelastic-O4,False,False,54.1382,17.5258,43.816,18.4942,47.6276,15.4022,38.5165,18.4942,48.2756,15.6136,39.044,18.4942,54.3943,67.1878,85.8163,47.8684,0,0,0,0,0,0,0,0,0,0
O4s_m4000_d240,inelastic,O4,s,4000,240,False,False,0,0.239282,0.47819,0.282528,0,0.84693,1.69254,0.885883,0.897897,True,False,inelastic-O4,False,False,57.1364,19.5368,47.5215,20.5034,50.6741,17.3111,42.1169,20.5034,51.3545,17.5454,42.6859,20.5034,57.3808,69.0186,89.3423,50.9046,0,0,0,0,0,0,0,0,0,0
O4s_m4000_d250,inelastic,O4,s,4000,250,False,True,0,0.201907,0.491296,0.306797,0,0.658111,1.60137,0.894357,0.906122,True,True,inelastic-O4,False,False,60.3414,21.8059,51.5908,22.7707,54.0209,19.506,46.1582,22.7707,54.7248,19.7621,46.7632,22.7707,60.5736,70.9656,93.0899,54.2408,0,0,0,0,0,0,0.00940989,0.00874321,0,0
O4s_m4000_d260,inelastic,O4,s,4000,260,False,False,0,0.165396,0.501868,0.332736,0,0.497078,1.50831,0.902639,0.914587,True,False,inelastic-O4,False,False,63.7293,24.3386,56.0108,25.3014,57.575,21.9726,50.5742,25.3014,58.3302,22.2629,51.2414,25.3014,63.9493,73.054,97.0565,57.784,0,0,0,0,0,0,0,0,0,0
O4s_m4000_d270,inelastic,O4,s,4000,270,False,False,0,0.129609,0.508419,0.361973,0,0.358062,1.40458,0.912276,0.9243,True,False,inelastic-O4,False,False,67.5887,27.3915,61.1901,28.352,61.7055,24.992,55.8377,28.352,62.5119,25.3209,56.5713,28.352,67.7956,75.5939,101.668,61.9029,0,0,0,0,0,0,0,0,0,0
O4s_m4000_d280,inelastic,O4,s,4000,280,False,False,0,0.0962261,0.510199,0.393574,0,0.244493,1.29632,0.9229,0.934709,True,False,inelastic-O4,False,False,71.803,30.9294,67.0163,31.8875,66.3078,28.548,61.8633,31.8875,67.1495,28.9128,62.6526,31.8875,71.9964,78.5181,106.791,66.4933,0,0,0,0,0,0,0,0,0,0
O4s_m4000_d290,inelastic,O4,s,4000,290,False,False,0,0.0641394,0.505769,0.430091,0,0.14913,1.17596,0.936432,0.948048,True,False,inelastic-O4,False,False,76.7662,35.3701,74.0997,36.3253,71.9204,33.1246,69.4013,36.3253,72.8059,33.5349,70.2599,36.3253,76.9448,82.1794,112.961,72.0929,0,0,0,0,0,0,0,0,0,0
O4s_m4000_d300,inelastic,O4,s,4000,300,True,True,0,0.0368944,0.493281,0.469824,0,0.0785281,1.04993,0.950309,0.962054,True,True,inelastic-O4,False,False,82.3382,40.7092,82.3293,41.661,78.2737,38.6887,78.2479,41.661,79.2344,39.1662,79.2125,41.661,82.5016,86.5942,120.087,78.4326,0.0168023,0.0164821,0.0286679,0.0271221,0.024764,0.0231565,0.0128402,0.0126685,0.0168023,0.0164821
O4s_m4000_d310,inelastic,O4,s,4000,310,False,False,0,0.015292,0.466878,0.51783,0,0.0295308,0.901605,0.968414,0.979713,True,False,inelastic-O4,False,False,89.4565,48.0746,93.2541,49.0223,86.6483,46.5578,90.3149,49.0223,87.6528,47.1004,91.3663,49.0223,89.6022,92.7881,129.567,86.7915,0,0,0,0,0,0,0,0,0,0
O4s_m4000_d320,inelastic,O4,s,4000,320,False,False,0,0,0.42513,0.57487,0,0,0.739523,0.990642,1.0015,True,False,inelastic-O4,False,False,98.3062,58.0854,107.455,59.0279,97.3915,57.5423,106.452,59.0279,98.4532,58.1726,107.616,59.0279,98.4322,100.991,141.7,97.5168,0,0,0,0,0,0,0,0,0,0
O4s_m4000_d330,inelastic,O4,s,4000,330,False,False,0,0,0.36616,0.63384,0,0,0.577686,1.0183,1.02822,True,False,inelastic-O4,False,False,108.36,70.6065,124.383,71.5431,110.332,71.8976,126.655,71.5431,111.402,72.5975,127.887,71.5431,108.466,111.34,156.206,110.44,0,0,0,0,0,0,0,0,0,0
O4s_m4000_d340,inelastic,O4,s,4000,340,False,False,0,0,0.291324,0.708676,0,0,0.411082,1.05543,1.06377,True,False,inelastic-O4,False,False,121.117,88.2544,147.021,89.1836,127.799,93.1426,155.158,89.1836,128.804,93.8778,156.382,89.1836,121.2,124.474,174.616,127.884,0,0,0,0,0,0,0,0,0,0
O4s_m4000_d350,inelastic,O4,s,4000,350,True,True,0,0,0.210672,0.789328,0,0,0.2669,1.10773,1.1119,True,True,inelastic-O4,False,False,134.865,109.473,172.79,110.394,149.33,121.258,191.379,110.394,149.89,121.714,192.098,110.394,134.924,138.628,194.457,149.393,0.0275212,0.0314445,0.0469562,0.0517434,0.0405618,0.0441779,0.0210314,0.0241689,0.0275212,0.0314445
O4s_m4000_d360,inelastic,O4,s,4000,360,False,False,0,0,0.111541,0.888459,0,0,0.125544,1.18985,1.18122,True,False,inelastic-O4,False,False,151.761,138.67,206.302,139.581,180.459,164.98,245.419,139.581,179.154,163.784,243.64,139.581,151.791,156.026,218.843,180.493,0,0,0,0,0,0,0,0,0,0
O4s_m4000_d370,inelastic,O4,s,4000,370,False,False,0,0,0.0261174,0.973883,0,0,0.0268179,1.31061,1.27374,True,False,inelastic-O4,False,False,166.32,166.569,236.714,167.472,217.79,218.277,310.153,167.472,211.681,212.139,301.436,167.472,166.327,171.018,239.857,217.798,0,0,0,0,0,0,0,0,0,0
O4s_m4000_d380,inelastic,O4,s,4000,380,False,False,0,0,0,1,0,0,0,1.47563,1.38652,True,False,inelastic-O4,False,False,170.771,175.601,246.282,176.501,251.702,259.074,363.287,176.501,236.539,243.436,341.366,176.501,170.771,175.601,246.282,251.702,0,0,0,0,0,0,0,0,0,0
O4s_m4000_d390,inelastic,O4,s,4000,390,False,False,0,0,0,1,0,0,0,1.56573,1.47913,True,False,inelastic-O4,False,False,170.771,175.601,246.282,176.501,267.034,274.888,385.453,176.501,252.298,259.69,364.15,176.501,170.771,175.601,246.282,267.034,0,0,0,0,0,0,0,0,0,0
O4s_m4000_d400,inelastic,O4,s,4000,400,False,False,0,0,0,1,0,0,0,1.38219,1.48772,True,False,inelastic-O4,False,False,170.771,175.601,246.282,176.501,235.803,242.676,340.302,176.501,253.76,261.197,366.263,176.501,170.771,175.601,246.282,235.803,0,0,0,0,0,0,0,0,0,0
O4s_m4000_d410,inelastic,O4,s,4000,410,False,False,0,0,0,0,inf,inf,inf,0.860716,1.3662,False,False,inelastic-O4,False,False,0,0,0,0,0,0,0,0,0,0,0,0,1,1,1,1,0,0,0,0,0,0,0,0,0,0
O4s_m4000_d420,inelastic,O4,s,4000,420,False,False,0,0,0,0,inf,inf,inf,0,0,False,False,inelastic-O4,False,False,0,0,0,0,0,0,0,0,0,0,0,0,1,1,1,1,0,0,0,0,0,0,0,0,0,0
O4v_m400_d0,inelastic,O4,v,400,0,False,True,0.743863,0.178784,0.0596283,0.0177252,41.9664,10.0864,3.36404,0.782758,0.79456,True,True,inelastic-O4,False,False,7.1326,0.286604,2.06729,1.2825,5.65026,0.225233,1.6306,1.2825,5.73079,0.228567,1.65433,1.2825,7.68698,15.4408,15.1924,6.16872,0,0,0,0,0,0,0.00111229,0.000914486,0,0
O4v_m400_d50,inelastic,O4,v,400,50,False,True,0.659897,0.235984,0.0804736,0.0236451,27.9084,9.98025,3.40339,0.77946,0.79138,True,True,inelastic-O4,False,False,9.17311,0.47648,3.0101,1.47119,7.22351,0.372564,2.36055,1.47119,7.32888,0.37818,2.39566,1.47119,9.69944,19.3306,19.1979,7.7135,0,0,0,0,0,0,0.00143049,0.00116911,0,0
O4v_m400_d100,inelastic,O4,v,400,100,False,True,0.409177,0.388349,0.155314,0.0471595,8.67646,8.2348,3.29338,0.782334,0.794854,True,True,inelastic-O4,False,False,16.1525,1.50375,7.05148,2.4944,12.7209,1.17847,5.53534,2.4944,12.9182,1.19719,5.62255,2.4944,16.6093,31.0129,32.0677,13.1425,0,0,0,0,0,0,0.00251889,0.00205885,0,0
O4v_m400_d150,inelastic,O4,v,400,150,True,True,0.158923,0.487585,0.265722,0.0877703,1.81067,5.55524,3.02747,0.792193,0.805442,True,True,inelastic-O4,False,False,25.4196,3.79052,13.9987,4.77575,20.2266,3.00589,11.1121,4.77575,20.5577,3.05592,11.2962,4.77575,25.8098,42.5736,46.9661,20.5846,0.00518724,0.00425911,0.00885039,0.00700856,0.00764517,0.00598383,0.00396404,0.00327364,0.00518724,0.00425911
O4v_m400_d200,inelastic,O4,v,400,200,True,True,0.0194376,0.43108,0.398367,0.151115,0.128628,2.85265,2.63618,0.808708,0.822822,True,True,inelastic-O4,False,False,36.315,7.83243,24.0095,8.81129,29.457,6.3382,19.4413,8.81129,29.9631,6.44845,19.7784,8.81129,36.6422,51.5395,61.6262,29.7566,0.00741063,0.00620276,0.0126439,0.0102069,0.0109221,0.00871457,0.00566312,0.00476757,0.00741063,0.00620276
O4v_m400_d250,inelastic,O4,v,400,250,True,True,0,0.201518,0.538011,0.26047,0,0.77367,2.06554,0.83317,0.84942,True,True,inelastic-O4,False,False,51.2513,15.7133,40.3644,16.6834,42.784,13.0968,33.6559,16.6834,43.6088,13.3517,34.3094,16.6834,51.5072,60.2333,79.0452,43.019,0.0104586,0.00900902,0.0178443,0.0148248,0.0154143,0.0126572,0.00799234,0.00692452,0.0104586,0.00900902
O4v_m400_d300,inelastic,O4,v,400,300,False,True,0,0,0.452709,0.547291,0,0,0.827181,0.89676,0.919902,True,True,inelastic-O4,False,False,93.604,52.6484,99.8259,53.5937,83.9977,47.2186,89.5413,53.5937,86.1511,48.4358,91.8467,53.5937,93.7394,96.1504,134.915,84.1251,0,0,0,0,0,0,0.014597,0.0135949,0,0
O4v_m400_d350,inelastic,O4,v,400,350,False,False,0,0,0,0,inf,inf,inf,0,0,False,False,inelastic-O4,False,False,0,0,0,0,0,0,0,0,0,0,0,0,1,1,1,1,0,0,0,0,0,0,0,0,0,0
O4v_m1000_d0,inelastic,O4,v,1000,0,False,True,0.715151,0.18881,0.0716514,0.0243876,29.3244,7.74205,2.93802,0.813144,0.824101,True,True,inelastic-O4,False,False,9.55687,0.516604,3.19805,1.51109,7.83409,0.421104,2.61284,1.51109,7.93511,0.426704,2.64716,1.51109,10.0802,20.2915,20.0689,8.32665,0,0,0,0,0,0,0.00149034,0.00126793,0,0
O4v_m1000_d50,inelastic,O4,v,1000,50,False,True,0.625095,0.24606,0.0962015,0.0326438,19.149,7.53773,2.94701,0.811716,0.822728,True,True,inelastic-O4,False,False,12.2461,0.854037,4.64065,1.84696,10.0083,0.694568,3.781,1.84696,10.1392,0.703894,3.83128,1.84696,12.7405,25.1936,25.2394,10.4718,0,0,0,0,0,0,0.00190971,0.00161982,0,0
O4v_m1000_d100,inelastic,O4,v,1000,100,False,True,0.374571,0.385514,0.177298,0.0626169,5.98194,6.15671,2.83147,0.816542,0.827912,True,True,inelastic-O4,False,False,20.5103,2.43981,10.1058,3.42791,16.8227,1.99439,8.26965,3.42791,17.0512,2.022,8.38345,3.42791,20.9373,38.0518,39.9639,17.2205,0,0,0,0,0,0,0.00319846,0.00272273,0,0
O4v_m1000_d150,inelastic,O4,v,1000,150,True,True,0.143151,0.458369,0.28729,0.11119,1.28744,4.12238,2.58376,0.829065,0.840823,True,True,inelastic-O4,False,False,30.7495,5.57163,18.6529,6.55374,25.57,4.6223,15.4847,6.55374,25.9262,4.6876,15.7026,6.55374,31.113,49.5293,55.6685,25.9077,0.0062749,0.00538427,0.0107061,0.00886006,0.00924819,0.00756463,0.00479521,0.00413846,0.0062749,0.00538427
O4v_m1000_d200,inelastic,O4,v,1000,200,True,True,0.0220376,0.392994,0.403564,0.181405,0.121483,2.16639,2.22466,0.849969,0.862471,True,True,inelastic-O4,False,False,42.2519,10.6265,30.1565,11.6018,35.9847,9.03586,25.653,11.6018,36.5069,9.16841,26.0283,11.6018,42.5563,58.3026,70.674,36.2681,0.00862214,0.00757728,0.014711,0.0124688,0.0127077,0.0106457,0.00658894,0.00582406,0.00862214,0.00757728
O4v_m1000_d250,inelastic,O4,v,1000,250,True,True,0,0.208351,0.503701,0.287948,0,0.723572,1.74928,0.882982,0.896137,True,True,inelastic-O4,False,False,56.9154,19.3914,47.2509,20.3581,50.3147,17.1261,41.7406,20.3581,51.0567,17.3808,42.3601,20.3581,57.157,67.2351,88.0036,50.5421,0.0116144,0.0105948,0.0198164,0.0174342,0.0171178,0.0148851,0.00887562,0.00814335,0.0116144,0.0105948
O4v_m1000_d300,inelastic,O4,v,1000,300,False,True,0,0.0205821,0.502008,0.47741,0,0.0431119,1.05152,0.944854,0.958837,True,True,inelastic-O4,False,False,82.7787,41.1477,82.9924,42.0993,78.2438,38.8813,78.4265,42.0993,79.3937,39.456,79.5843,42.0993,82.9392,86.1411,120.091,78.3994,0,0,0,0,0,0,0.0129089,0.0126636,0,0
O4v_m1000_d350,inelastic,O4,v,1000,350,False,True,0,0,0.0703361,0.929664,0,0,0.0756576,1.22651,1.21116,True,True,inelastic-O4,False,False,158.784,151.812,220.799,152.719,194.612,186.178,270.752,152.719,192.184,183.849,267.366,152.719,158.803,163.257,228.98,194.634,0,0,0,0,0,0,0.0247614,0.0314977,0,0
O4v_m4000_d0,inelastic,O4,v,4000,0,False,True,0.701655,0.193058,0.0773944,0.0278925,25.1557,6.92149,2.77474,0.82618,0.836724,True,True,inelastic-O4,False,False,10.7909,0.660107,3.8357,1.65388,8.97581,0.54645,3.1812,1.65388,9.08593,0.553345,3.22091,1.65388,11.301,22.7043,22.5249,9.45733,0,0,0,0,0,0,0.00168278,0.00145272,0,0
O4v_m4000_d50,inelastic,O4,v,4000,50,False,True,0.609393,0.24971,0.103576,0.0373213,16.3283,6.69081,2.77526,0.825209,0.835883,True,True,inelastic-O4,False,False,13.7799,1.0843,5.54077,2.07633,11.4363,0.89617,4.58619,2.07633,11.5794,0.907659,4.64449,2.07633,14.2607,28.0274,28.209,11.8886,0,0,0,0,0,0,0.0021489,0.00185095,0,0
O4v_m4000_d100,inelastic,O4,v,4000,100,False,True,0.360006,0.382983,0.186709,0.0703028,5.12079,5.44762,2.65578,0.830865,0.841837,True,True,inelastic-O4,False,False,22.577,2.96388,11.6802,3.95077,18.8293,2.4648,9.72184,3.95077,19.0724,2.49718,9.84888,3.95077,22.9916,41.2413,43.6272,19.2172,0,0,0,0,0,0,0.00352076,0.0030475,0,0
O4v_m4000_d150,inelastic,O4,v,4000,150,False,True,0.136492,0.445228,0.296095,0.122185,1.11709,3.64388,2.42332,0.843889,0.855332,True,True,inelastic-O4,False,False,33.1308,6.47916,20.8738,7.45988,28.0298,5.47071,17.6344,7.45988,28.4037,5.54462,17.8718,7.45988,33.4834,52.4677,59.455,28.3591,0,0,0,0,0,0,0.00516656,0.00453659,0,0
O4v_m4000_d200,inelastic,O4,v,4000,200,False,True,0.0227831,0.377695,0.404575,0.194947,0.116868,1.93742,2.07531,0.866254,0.878153,True,True,inelastic-O4,False,False,44.8394,11.9778,32.9792,12.9517,38.9071,10.3793,28.5875,12.9517,39.4349,10.5215,28.9782,12.9517,45.1345,61.1719,74.5665,39.1839,0,0,0,0,0,0,0.00699245,0.00629705,0,0
O4v_m4000_d250,inelastic,O4,v,4000,250,False,True,0,0.210484,0.490863,0.298653,0,0.704777,1.64359,0.899987,0.912222,True,True,inelastic-O4,False,False,59.1142,20.9235,50.0206,21.889,53.2532,18.8344,45.0344,21.889,53.9702,19.0899,45.6444,21.889,59.3505,69.9458,91.4765,53.4775,0,0,0,0,0,0,0.00921852,0.00861894,0,0
O4v_m4000_d300,inelastic,O4,v,4000,300,False,True,0,0.0386487,0.497915,0.463436,0,0.0833959,1.0744,0.955909,0.968785,True,True,inelastic-O4,False,False,81.3158,39.7016,80.7978,40.6541,77.7544,37.9532,77.2439,40.6541,78.7945,38.4638,78.2818,40.6541,81.4816,85.6146,118.662,77.9161,0,0,0,0,0,0,0.0126807,0.0125844,0,0
O4v_m4000_d350,inelastic,O4,v,4000,350,False,True,0,0,0.214377,0.785623,0,0,0.272875,1.11182,1.11872,True,True,inelastic-O4,False,False,134.233,108.448,171.576,109.37,149.177,120.566,190.734,109.37,150.099,121.314,191.916,109.37,134.293,137.978,193.545,149.241,0,0,0,0,0,0,0.0209329,0.0241441,0,0
