m_GeV,delta_keV,halo,eff_sigma_keV,N_p_unit,N_iso_unit,N_hig,N_lo_per_event,frac_hi,N_lo_per_hi_event,delta_max_248keV_june,sigma_p_N1_cm2,sigma_p_N0p3_cm2,sigma_p_N3_cm2,sigma_p_N0p105_cm2,sigma_p_N3p65_cm2,sigma_p_higgsino_equiv_cm2,effective_A_over_Z_sq
300.0,200.0,june16,8.0,343971.4152039741,1496215.867642582,91956.533785539,0.23976591119078006,0.042277806546355864,5.6712003478204736,315.7939536557191,8.580126604009798e-44,2.5740379812029395e-44,2.5740379812029395e-43,9.009132934210288e-45,3.131746210463576e-43,7.88998701945829e-39,4.349826181792839
300.0,205.0,june16,8.0,254354.5243694235,1098412.885432565,67424.58824287825,0.18505816050750254,0.05021788238732503,3.6851048214293307,315.7939536557191,1.1603168050292024e-43,3.480950415087607e-44,3.4809504150876075e-43,1.2183326452806623e-44,4.235156338356588e-43,7.823388281038601e-39,4.318432660695409
300.0,210.0,june16,8.0,187080.89459279532,803400.608658783,49380.77161447311,0.13271530322294836,0.05968675479212453,2.2235302235004357,315.7939536557191,1.5775626351554645e-43,4.732687905466394e-44,4.732687905466394e-43,1.6564407669132376e-44,5.758103618317445e-43,7.790126019413837e-39,4.294402217861336
300.0,215.0,june16,8.0,137672.19375748816,588855.2907101338,36321.71545601635,0.08569232983998636,0.07070499104147945,1.2119700261289121,315.7939536557191,2.1437286717529282e-43,6.431186015258785e-44,6.4311860152587855e-43,2.2509151053405743e-44,7.824609651898188e-43,7.786390283031372e-39,4.2772274824603445
300.0,220.0,june16,8.0,101365.93452373536,432941.15891146654,26875.857020661184,0.04720313429298755,0.08316717930044161,0.5675692585709338,315.7939536557191,2.911548445221952e-43,8.734645335665857e-44,8.734645335665857e-43,3.0571258674830496e-44,1.0627151825060125e-42,7.825035972251356e-39,4.271071548302957
300.0,225.0,june16,8.0,74801.07166182133,319879.43803618156,20039.16335651545,0.020136180126491307,0.09713457075189595,0.20730189026030438,315.7939536557191,3.945556159881704e-43,1.1836668479645109e-43,1.1836668479645111e-42,4.142833967875788e-44,1.4401279983568216e-42,7.906564442017525e-39,4.276401807214333
300.0,230.0,june16,8.0,55389.3208730631,237775.8612594473,15062.255618217558,0.005384500614457401,0.11249978285744973,0.047862320065810156,315.7939536557191,5.328316440950988e-43,1.5984949322852964e-43,1.5984949322852966e-42,5.594732262998537e-44,1.9448355009471105e-42,8.025646424835501e-39,4.292810554662032
300.0,235.0,june16,8.0,41338.64751071723,178568.19622731683,11449.929277933952,0.0006553927179898904,0.12825457681364202,0.0051100922421052995,315.7939536557191,7.139368286892735e-43,2.1418104860678203e-43,2.1418104860678205e-42,7.49633670123737e-44,2.605869424715848e-42,8.174526197404629e-39,4.3196429244817995
300.0,240.0,june16,8.0,31076.20717769769,135309.15099466132,8779.688303509687,2.536862938629465e-05,0.14422868564785057,0.00017589170470730636,315.7939536557191,9.497035058797577e-43,2.849110517639273e-43,2.8491105176392732e-42,9.971886811737456e-44,3.466417796461115e-42,8.338100762374652e-39,4.354107636782907
300.0,245.0,june16,8.0,23562.714351000228,103417.8474202713,6776.147592486366,0.0,0.1592003122138932,0.0,315.7939536557191,1.2525374821620398e-42,3.757612446486119e-43,3.7576124464861195e-42,1.3151643562701418e-43,4.571761809891445e-42,8.487378844251241e-39,4.389046434961397
300.0,250.0,june16,8.0,17997.09689245887,79568.63098978071,5249.601796411245,0.0,0.1731943797363835,0.0,315.7939536557191,1.6398857594900086e-42,4.919657278470025e-43,4.919657278470026e-42,1.7218800474645089e-43,5.985583022138531e-42,8.608747228927968e-39,4.421192565958874
300.0,255.0,june16,8.0,13810.266783991494,61311.45673697403,4053.137466425339,0.0,0.18512002866219807,0.0,315.7939536557191,2.1370465442648878e-42,6.411139632794663e-43,6.411139632794664e-42,2.243898871478132e-43,7.80021988656684e-42,8.661743416054814e-39,4.439556287793419
300.0,260.0,june16,8.0,10597.597060452448,47080.05049072001,3104.53485479904,0.0,0.19554884141001821,0.0,315.7939536557191,2.7848938526112604e-42,8.35468155783378e-43,8.354681557833782e-42,2.924138545241823e-43,1.01648625620311e-41,8.64580003234724e-39,4.442521283094528
300.0,265.0,june16,8.0,8072.19646325609,35716.7352917939,2337.004469336319,0.0,0.20483278859680162,0.0,315.7939536557191,3.656152701491661e-42,1.0968458104474983e-42,1.0968458104474985e-41,3.838960336566244e-43,1.3344957360444563e-41,8.544445203962068e-39,4.424661299359258
300.0,270.0,june16,8.0,6059.680562305929,26567.28770230704,1716.223870752628,0.0,0.2140503062185971,0.0,315.7939536557191,4.8704189276397017e-42,1.4611256782919104e-42,1.4611256782919107e-41,5.113939874021686e-43,1.777702908588491e-41,8.358729224180673e-39,4.3842719808644866
300.0,275.0,june16,8.0,4443.299103170111,19198.00960640894,1218.0279346341908,0.0,0.2235574679878096,0.0,315.7939536557191,6.642177854974639e-42,1.9926533564923917e-42,1.992653356492392e-41,6.974286747723371e-43,2.4243949170657434e-41,8.090358174167719e-39,4.320665604688181
300.0,280.0,june16,8.0,3147.1596312936604,13324.494813689113,825.815008390885,0.0,0.23427492994425936,0.0,315.7939536557191,9.37772034587696e-42,2.8133161037630875e-42,2.813316103763088e-41,9.846606363170806e-43,3.4228679262450895e-41,7.744262206117755e-39,4.233816003865044
300.0,285.0,june16,8.0,2132.6680560472923,8788.718111500757,528.6922621413521,0.0,0.24912670677266374,0.0,315.7939536557191,1.3838620043292253e-41,4.151586012987676e-42,4.1515860129876766e-41,1.4530551045456866e-42,5.051096315801673e-41,7.316371335602839e-39,4.120996742357483
300.0,290.0,june16,8.0,1351.4677761811035,5384.460344291222,312.37768938689885,0.0,0.26771153825935534,0.0,315.7939536557191,2.1837873922160222e-41,6.551362176648066e-42,6.551362176648067e-41,2.292976761826823e-42,7.97082398158848e-41,6.821664596926823e-39,3.984157402188535
300.0,295.0,june16,8.0,783.1467885687347,2988.2862792298356,165.60500893212074,0.0,0.2965187391630766,0.0,315.7939536557191,3.768537819077693e-41,1.130561345723308e-41,1.130561345723308e-40,3.956964710031578e-42,1.375516303963358e-40,6.240887391893962e-39,3.8157422374050403
300.0,300.0,june16,8.0,398.2500231057201,1440.5730470265653,75.46518063580594,0.0,0.33239605080822043,0.0,315.7939536557191,7.41071718614077e-41,2.2232151558422308e-41,2.223215155842231e-40,7.781253045447808e-42,2.704911772941381e-40,5.592511110929847e-39,3.6172579119829664
300.0,305.0,june16,8.0,166.4803271240344,559.4613389400727,27.1269764894614,0.0,0.3930069331352384,0.0,315.7939536557191,1.7727730006270773e-40,5.318319001881232e-41,5.318319001881233e-40,1.861411650658431e-41,6.470621452288832e-40,4.808997150916266e-39,3.3605252260421854
300.0,310.0,june16,8.0,50.96124892207679,155.22350655677195,6.809593458888989,0.0,0.4717791279448097,0.0,315.7939536557191,5.791298983122028e-40,1.7373896949366084e-40,1.7373896949366085e-39,6.080863932278129e-41,2.1138241288395402e-39,3.9436391673938214e-39,3.04591252844135
300.0,315.0,june16,8.0,9.777240664557644,25.90736276016213,0.9952007302284954,0.0,0.5661858170266583,0.0,315.7939536557191,3.0185595219201316e-39,9.055678565760393e-40,9.055678565760394e-39,3.1694874980161377e-40,1.1017742255008478e-38,3.004072640453093e-39,2.6497622027527608
300.0,320.0,june16,8.0,0.955190542421144,2.02023568630615,0.0631952830388691,0.0,0.7416867456220461,0.0,315.7939536557191,3.0897691712166064e-38,9.269307513649818e-39,9.26930751364982e-38,3.2442576297774364e-39,1.1277657474940612e-37,1.9525883729980542e-39,2.115008049792255
300.0,200.0,june16,11.5,343916.98144558293,1496215.0244142355,91966.20859018705,0.2398038603482347,0.04211124263238802,5.694532988295151,315.7939536557191,8.581484630986441e-44,2.574445389295932e-44,2.5744453892959322e-43,9.010558862535762e-45,3.1322418903100504e-43,7.892066055867832e-39,4.3505122024658665
300.0,205.0,june16,11.5,254306.56014433465,1098412.2498496647,67433.11914345146,0.18509306393767783,0.05002090522715777,3.700314160591911,315.7939536557191,1.160535649939767e-43,3.481606949819301e-44,3.4816069498193014e-43,1.2185624324367553e-44,4.235955122280149e-43,7.825853875261118e-39,4.319244651912432
300.0,210.0,june16,11.5,187038.91763264433,803400.266340124,49388.23711233546,0.13274508838779708,0.059454521795840286,2.232716442386465,315.7939536557191,1.577916685984617e-43,4.733750057953851e-44,4.733750057953851e-43,1.6568125202838477e-44,5.759395903843851e-43,7.793052343091883e-39,4.29536417612323
300.0,215.0,june16,11.5,137635.5712290979,588855.129722558,36328.24128956776,0.08571513113876666,0.07043268933317162,1.2169793877002717,315.7939536557191,2.1442990821740224e-43,6.432897246522066e-44,6.432897246522067e-43,2.251514036282723e-44,7.82669164993518e-43,7.789861445421658e-39,4.278364411641767
300.0,220.0,june16,11.5,101334.1277722328,432941.11973343545,26881.518544785507,0.047217950410672734,0.08284994104778211,0.5699213519468975,315.7939536557191,2.912462321917995e-43,8.737386965753983e-44,8.737386965753984e-43,3.058085438013894e-44,1.063048747500068e-42,7.829140991762762e-39,4.272411765427643
300.0,225.0,june16,11.5,74773.6277061027,319879.5293856298,20044.051618168225,0.02014357065243858,0.09676889731604131,0.20816162228914223,315.7939536557191,3.947004286338303e-43,1.1841012859014909e-43,1.184101285901491e-42,4.144354500655218e-44,1.4406565645134805e-42,7.911395765249618e-39,4.277972584704789
300.0,230.0,june16,11.5,55365.768354356755,237776.03301960535,15066.44595311622,0.005386791173321042,0.11208252758528406,0.0480609358958488,315.7939536557191,5.330583099147541e-43,1.5991749297442622e-43,1.5991749297442623e-42,5.597112254104917e-44,1.9456628311888524e-42,8.031294216190118e-39,4.294639812415692
300.0,235.0,june16,11.5,41318.558031783265,178568.4061594959,11453.493896416676,0.0006557113762110076,0.12778569450021401,0.005131336326617604,315.7939536557191,7.1428395161813036e-43,2.142851854854391e-43,2.142851854854391e-42,7.499981491990368e-44,2.6071364234061754e-42,8.18104688016664e-39,4.321748257093983
300.0,240.0,june16,11.5,31059.21450625967,135309.4097289062,8782.700330831303,2.5382508706517234e-05,0.1437100281953412,0.00017662308626100517,315.7939536557191,9.50223094024387e-43,2.850669282073161e-43,2.8506692820731616e-42,9.977342487256064e-44,3.4683142931890126e-42,8.345524682251529e-39,4.3564981239830125
300.0,245.0,june16,11.5,23548.469571559977,103418.1590441408,6778.66588357856,0.0,0.15863630089513697,0.0,315.7939536557191,1.253295158584273e-42,3.759885475752819e-43,3.759885475752819e-42,1.3159599165134865e-43,4.574527328832596e-42,8.495669133549391e-39,4.391714660261458
300.0,250.0,june16,11.5,17985.276019575438,79568.96285607357,5251.685904291588,0.0,0.17259126942893216,0.0,315.7939536557191,1.6409635789844207e-42,4.922890736953262e-43,4.9228907369532625e-42,1.7230117579336416e-43,5.989517063293135e-42,8.617825297208358e-39,4.424116859228046
300.0,255.0,june16,11.5,13800.58095573567,61311.78605890678,4054.8421463052287,0.0,0.18448491652783477,0.0,315.7939536557191,2.138546413427559e-42,6.415639240282676e-43,6.415639240282677e-42,2.2454737340989366e-43,7.805694409010589e-42,8.671468128995952e-39,4.442696018056033
300.0,260.0,june16,11.5,10589.740641902232,47080.35538794333,3105.902719359012,0.0,0.19488600723870578,0.0,315.7939536557191,2.7869599364242546e-42,8.360879809272763e-43,8.360879809272764e-42,2.926307933245467e-43,1.0172403767948527e-41,8.656026445284711e-39,4.445845935230223
300.0,265.0,june16,11.5,8065.941532742087,35717.02771601131,2338.083288660345,0.0,0.20414820368553155,0.0,315.7939536557191,3.658987954016563e-42,1.0976963862049688e-42,1.097696386204969e-41,3.841937351717391e-43,1.3355306032160454e-41,8.555018588695632e-39,4.42812876476046
300.0,270.0,june16,11.5,6054.782516079772,26567.548879037873,1717.0592346525104,0.0,0.2133451361856932,0.0,315.7939536557191,4.874358877090401e-42,1.4623076631271202e-42,1.4623076631271202e-41,5.11807682094492e-43,1.779140990137996e-41,8.369562922918513e-39,4.387861794950035
300.0,275.0,june16,11.5,4439.556545559061,19198.249324201,1218.6582398915025,0.0,0.22283228483124587,0.0,315.7939536557191,6.647777228026876e-42,1.9943331684080627e-42,1.9943331684080629e-41,6.980166089428219e-43,2.426438688229809e-41,8.101368495898043e-39,4.324361932816291
300.0,280.0,june16,11.5,3144.3919016268496,13324.7006427496,826.2700805482698,0.0,0.23352967772094216,0.0,315.7939536557191,9.385974722436989e-42,2.815792416731097e-42,2.815792416731097e-41,9.855273458558838e-43,3.425880773689501e-41,7.755350089932035e-39,4.237608116168868
300.0,285.0,june16,11.5,2130.696666785102,8788.893202490939,529.0077679024234,0.0,0.24835978644638587,0.0,315.7939536557191,1.3851423980794087e-41,4.1554271942382257e-42,4.1554271942382263e-41,1.454399517983379e-42,5.055769752989841e-41,7.32751088234998e-39,4.124891796893851
300.0,290.0,june16,11.5,1350.1368627580669,5384.608437515497,312.5826252267506,0.0,0.26691719375768647,0.0,315.7939536557191,2.1859400865343014e-41,6.557820259602904e-42,6.557820259602905e-41,2.2952370908610163e-42,7.978681315850199e-41,6.832868908372824e-39,3.9881945201583413
300.0,295.0,june16,11.5,782.3125610165713,2988.3982551881336,165.7240941258544,0.0,0.29569806762726203,0.0,315.7939536557191,3.772556440581046e-41,1.1317669321743138e-41,1.131766932174314e-40,3.961184262610098e-42,1.3769831008120818e-40,6.252034986539516e-39,3.8199543304083954
300.0,300.0,june16,11.5,397.78332379117734,1440.6586399088696,75.52415387360828,0.0,0.3315470922814104,0.0,315.7939536557191,7.419411810636537e-41,2.225823543190961e-41,2.2258235431909612e-40,7.790382401168362e-42,2.7080853108823357e-40,5.603447992381805e-39,3.621717034737148
300.0,305.0,june16,11.5,166.26670133831703,559.5235757333218,27.148767246219055,0.0,0.39217415605906697,0.0,315.7939536557191,1.7750507268471153e-40,5.325152180541345e-41,5.325152180541346e-40,1.8638032631894708e-41,6.47893515299197e-40,4.8190439033404284e-39,3.36521727579602
300.0,310.0,june16,11.5,50.89142293534981,155.2566834855712,6.8128380194217195,0.0,0.4710242997609576,0.0,315.7939536557191,5.799244981535969e-40,1.7397734944607905e-40,1.7397734944607907e-39,6.089207230612767e-41,2.1167244182606283e-39,3.9509316694148854e-39,3.050743613178243
300.0,315.0,june16,11.5,9.764000175895246,25.917049076602527,0.9943618054468876,0.0,0.5655899587740392,0.0,315.7939536557191,3.0226528445754737e-39,9.06795853372642e-40,9.067958533726421e-39,3.1737854868042468e-40,1.1032682882700476e-38,3.0056105397712377e-39,2.654347461052379
300.0,320.0,june16,11.5,0.9537369530233848,2.0201491872361177,0.0626229171296207,0.0,0.7412957712103717,0.0,315.7939536557191,3.0944782848716515e-38,9.283434854614955e-39,9.283434854614955e-38,3.249202199115234e-39,1.1294845739781528e-37,1.9378525719292824e-39,2.1181408362464755
300.0,200.0,june16,15.0,343835.6004072944,1496181.1496893766,91977.74451571914,0.23986061854057317,0.04187322584207365,5.7282574656468075,315.7939536557191,8.583515747393524e-44,2.575054724218057e-44,2.5750547242180576e-43,9.0126915347632e-45,3.132983247798636e-43,7.894924184604136e-39,4.35144338723814
300.0,205.0,june16,15.0,254234.85617481708,1098382.515867655,67443.27941587174,0.18514526727287028,0.04973951783936157,3.7222971857269354,315.7939536557191,1.160862965454718e-43,3.482588896364154e-44,3.482588896364154e-43,1.218906113727454e-44,4.2371498239097204e-43,7.829240534270002e-39,4.320345889598965
300.0,210.0,june16,15.0,186976.16220498536,803374.4886310779,49397.13463445109,0.13278964206080632,0.059122841548357376,2.245995601415671,315.7939536557191,1.5784462873801714e-43,4.735338862140514e-44,4.735338862140515e-43,1.6573686017491799e-44,5.7613289489376254e-43,7.79707237709678e-39,4.296667977120655
300.0,215.0,june16,15.0,137580.81154670415,588832.779964433,36336.01141554713,0.0857492473305868,0.07004379273729082,1.2242233605510415,315.7939536557191,2.145152552475418e-43,6.435457657426254e-44,6.4354576574262544e-43,2.2524101800991887e-44,7.829806816535275e-43,7.794628763483686e-39,4.27990483080225
300.0,220.0,june16,15.0,101286.56272367857,432921.81104810594,26888.25923742243,0.04724012436981914,0.0823969764259441,0.5733235176690875,315.7939536557191,2.913830039491078e-43,8.741490118473234e-44,8.741490118473236e-43,3.059521541465632e-44,1.0635479644142434e-42,7.834781747562494e-39,4.274227492833049
300.0,225.0,june16,15.0,74732.60316424607,319863.03084580664,20049.868266476875,0.020154628486936287,0.09624713595601453,0.20940496864391955,315.7939536557191,3.9491709985321405e-43,1.1847512995596421e-43,1.1847512995596423e-42,4.146629548458747e-44,1.4414474144642312e-42,7.918035828236037e-39,4.2801002146655724
300.0,230.0,june16,15.0,55330.55637362307,237761.97281368764,15071.431521145769,0.005390219289708134,0.11148742531249872,0.04834822648921504,315.7939536557191,5.333975445107684e-43,1.6001926335323049e-43,1.6001926335323052e-42,5.600674217363067e-44,1.9469010374643043e-42,8.039064565641347e-39,4.297118778422992
300.0,235.0,june16,15.0,41288.52650451433,178556.4679598096,11457.730903440874,0.0006561883129230279,0.12711720420629768,0.00516207319866872,315.7939536557191,7.148034915433063e-43,2.144410474629919e-43,2.144410474629919e-42,7.505436661204716e-44,2.609032744133068e-42,8.190026054943177e-39,4.324602573072859
300.0,240.0,june16,15.0,31033.807148176173,135299.40478556717,8786.279193131164,2.5403289350177377e-05,0.14297076165390105,0.00017768170957690516,315.7939536557191,9.5100104106433e-43,2.85300312319299e-43,2.8530031231929904e-42,9.985510931175464e-44,3.471153799884804e-42,8.355760659749599e-39,4.359742397687697
300.0,245.0,june16,15.0,23527.181102564136,103409.86704212632,6781.6560713368135,0.0,0.15783301817891396,0.0,315.7939536557191,1.2544291973375705e-42,3.7632875920127116e-43,3.763287592012712e-42,1.317150657204449e-43,4.578666570282132e-42,8.507107382186501e-39,4.395336040952908
300.0,250.0,june16,15.0,17967.593675706077,79562.12246094867,5254.158767641224,0.0,0.17173171018346506,0.0,315.7939536557191,1.6425784909645337e-42,4.927735472893601e-43,4.9277354728936015e-42,1.7247074155127603e-43,5.995411492020547e-42,8.630368179840196e-39,4.42809003236334
300.0,255.0,june16,15.0,13786.068653842907,61306.20142989292,4056.86172592526,0.0,0.18357846851741658,0.0,315.7939536557191,2.1407976158510062e-42,6.422392847553019e-43,6.422392847553019e-42,2.2478374966435564e-43,7.813911297856172e-42,8.684919910697996e-39,4.446967657658054
300.0,260.0,june16,15.0,10577.959159868347,47075.84942271737,3107.5215796629072,0.0,0.19393913887285552,0.0,315.7939536557191,2.79006398682981e-42,8.37019196048943e-43,8.37019196048943e-42,2.9295671861713e-43,1.0183733551928806e-41,8.67018404771396e-39,4.450371637027882
300.0,265.0,june16,15.0,8056.549714649307,35713.47086597052,2339.360616107109,0.0,0.2031687337050326,0.0,315.7939536557191,3.66325337165624e-42,1.0989760114968718e-42,1.0989760114968719e-41,3.846416040239051e-43,1.3370874806545272e-41,8.569670664474184e-39,4.432849312781171
300.0,270.0,june16,15.0,6047.4206547505655,26564.76832182327,1718.0441155083352,0.0,0.2123346441495704,0.0,315.7939536557191,4.8802927051090843e-42,1.4640878115327254e-42,1.4640878115327254e-41,5.124307340364538e-43,1.7813068373648157e-41,8.384558163970917e-39,4.3927435907662975
300.0,275.0,june16,15.0,4433.92262831526,19196.142488531696,1219.39834955262,0.0,0.22179093458612434,0.0,315.7939536557191,6.656224156378478e-42,1.9968672469135433e-42,1.9968672469135437e-41,6.989035364197401e-43,2.429521817078144e-41,8.116588750540197e-39,4.329381474982024
300.0,280.0,june16,15.0,3140.2128892459327,13323.147272284068,826.804025915462,0.0,0.23245522897496723,0.0,315.7939536557191,9.398465628612926e-42,2.8195396885838777e-42,2.819539688583878e-41,9.868388910043572e-43,3.430439954443718e-41,7.770689219165261e-39,4.242752877650721
300.0,285.0,june16,15.0,2127.710245340619,8787.794179829883,529.3757756944082,0.0,0.2472496094298757,0.0,315.7939536557191,1.3870865626903302e-41,4.1612596880709904e-42,4.161259688070991e-41,1.4564408908248466e-42,5.062865953819705e-41,7.342900250794839e-39,4.130164903362145
300.0,290.0,june16,15.0,1348.1101921125053,5383.874702749159,312.8203165833681,0.0,0.2657594915397125,0.0,315.7939536557191,2.189226302032304e-41,6.567678906096912e-42,6.567678906096912e-41,2.298687617133919e-42,7.990676002417908e-41,6.848344648743816e-39,3.9936458712715175
300.0,295.0,june16,15.0,781.0297571694883,2987.930399663133,165.86022382887683,0.0,0.2944868429346125,0.0,315.7939536557191,3.778752683260523e-41,1.1336258049781568e-41,1.133625804978157e-40,3.967690317423549e-42,1.3792447293900908e-40,6.267447658395592e-39,3.8256293979010754
300.0,300.0,june16,15.0,397.0581422829526,1440.4084686396898,75.59117323173014,0.0,0.3302745946604919,0.0,315.7939536557191,7.432962521915349e-41,2.2298887565746047e-41,2.229888756574605e-40,7.804610648011116e-42,2.713031320499102e-40,5.6186635761906086e-39,3.627701626663085
300.0,305.0,june16,15.0,165.9255713478959,559.4186811395876,27.172908847097,0.0,0.39088131787360525,0.0,315.7939536557191,1.778700092237437e-40,5.336100276712311e-41,5.336100276712312e-40,1.8676350968493087e-41,6.492255336666645e-40,4.8332455472690906e-39,3.3715037205847875
300.0,310.0,june16,15.0,50.774617874404015,155.23236551667617,6.816614512814722,0.0,0.469778359587818,0.0,315.7939536557191,5.812585922184374e-40,1.7437757766553122e-40,1.7437757766553125e-39,6.103215218293592e-41,2.1215938615972964e-39,3.962215755414455e-39,3.057282792371941
300.0,315.0,june16,15.0,9.739922315783565,25.915899827156014,0.9935677291440212,0.0,0.5645046443753996,0.0,315.7939536557191,3.030125082032637e-39,9.09037524609791e-40,9.090375246097913e-39,3.1816313361342688e-40,1.1059956549419125e-38,3.0106344967775085e-39,2.6607912247060987
300.0,320.0,june16,15.0,0.9508235663174016,2.0190634013648983,0.0620736824360306,0.0,0.7405049727810729,0.0,315.7939536557191,3.10395997234393e-38,9.311879917031789e-39,9.31187991703179e-38,3.259157970961126e-39,1.1329453899055343e-37,1.9267422561742743e-39,2.1234890182464192
300.0,200.0,annual,8.0,256829.75981644457,1112123.8565665605,68282.97433806238,0.20431787790082886,0.045532236023733456,4.487323613853033,315.7939536557191,1.1491340772657408e-43,3.4474022317972226e-44,3.447402231797223e-43,1.2065907811290277e-44,4.194339382019954e-43,7.846629270892957e-39,4.3301985617297305
300.0,205.0,annual,8.0,187534.10066525295,806932.4602389372,49561.927913800566,0.1500264581542828,0.05431120760443064,2.762348045121424,315.7939536557191,1.5737502033715997e-43,4.721250610114799e-44,4.7212506101148e-43,1.6524377135401795e-44,5.7441882423063385e-43,7.79980941338322e-39,4.30285722637349
300.0,210.0,annual,8.0,136224.64108992586,583716.272584177,35974.447847821524,0.10029876588106827,0.06476315984055296,1.548700930096741,315.7939536557191,2.1665083989190085e-43,6.499525196757025e-44,6.499525196757027e-43,2.274833818864959e-44,7.90775565605438e-43,7.793894340877918e-39,4.284953646520154
300.0,215.0,annual,8.0,99118.22913997449,423822.15202844096,26275.881849795303,0.05876504832571842,0.07682531013459626,0.7649178144906065,315.7939536557191,2.9775736675467388e-43,8.932721002640216e-44,8.932721002640217e-43,3.1264523509240754e-44,1.0868143886545597e-42,7.82383738875198e-39,4.275925384319775
300.0,220.0,annual,8.0,72232.58629802064,309154.6800343665,19339.392511745555,0.028300217657642613,0.0902965813241722,0.3134140544705949,315.7939536557191,4.0858543793985575e-43,1.2257563138195672e-43,1.2257563138195673e-42,4.290147098368485e-44,1.4913368484804732e-42,7.901794158902325e-39,4.279989072505883
300.0,225.0,annual,8.0,52836.16801767119,227031.0943132103,14366.14593173698,0.010233445546373936,0.1051032464429103,0.09736564656861015,315.7939536557191,5.585791705453437e-43,1.6757375116360309e-43,1.6757375116360313e-42,5.865081290726108e-44,2.038813972490504e-42,8.024629878483006e-39,4.296887961997531
300.0,230.0,annual,8.0,38844.80636479732,167992.31494030688,10766.787631966332,0.0022750041773429925,0.12096537861843866,0.018807068628446513,315.7939536557191,7.597716572182784e-43,2.2793149716548353e-43,2.2793149716548353e-42,7.977602400791923e-44,2.773166548846716e-42,8.180300082056323e-39,4.32470465582107
300.0,235.0,annual,8.0,28820.836188006724,125682.00861590264,8157.311475875564,0.00022986071640311744,0.1366232533966633,0.0016824421223212594,315.7939536557191,1.024022436878031e-42,3.072067310634093e-43,3.072067310634093e-42,1.0752235587219325e-43,3.737681894604813e-42,8.353269975899223e-39,4.360803683697524
300.0,240.0,annual,8.0,21539.06976616046,94776.57643897552,6218.748766008459,6.9345723207012e-06,0.15192346599879133,4.564516926408439e-05,315.7939536557191,1.3702162269084004e-42,4.110648680725201e-43,4.1106486807252015e-42,1.4387270382538203e-43,5.001289228215661e-42,8.521030470251381e-39,4.400216790600531
300.0,245.0,annual,8.0,16212.213384128663,71883.62746023659,4751.322266883794,0.0,0.16563555384578138,0.0,315.7939536557191,1.8204289696185364e-42,5.461286908855609e-43,5.4612869088556095e-42,1.911450418099463e-43,6.644565739107657e-42,8.649444698628874e-39,4.433918167559329
300.0,250.0,annual,8.0,12254.399319933214,54630.77324087438,3622.792908499919,0.0,0.1780638313078161,0.0,315.7939536557191,2.4083745058069507e-42,7.225123517420852e-43,7.225123517420852e-42,2.528793231097298e-43,8.790566946195369e-42,8.725042080649418e-39,4.45805394573776
300.0,255.0,annual,8.0,9254.68962433378,41294.97174925909,2731.6822699832337,0.0,0.18838770060400142,0.0,315.7939536557191,3.188997589773818e-42,9.566992769321455e-43,9.566992769321456e-42,3.348447469262509e-43,1.1639841202674435e-41,8.711328175004406e-39,4.462059066862743
300.0,260.0,annual,8.0,6935.772878530739,30838.82120035437,2025.1695241206285,0.0,0.19762475215286418,0.0,315.7939536557191,4.255211844877655e-42,1.2765635534632963e-42,1.2765635534632965e-41,4.4679724371215374e-43,1.5531523233803438e-41,8.617525346923341e-39,4.4463424250546115
300.0,265.0,annual,8.0,5109.614264584756,22518.66961741647,1460.1654330068452,0.0,0.2063662291192844,0.0,315.7939536557191,5.776009964326269e-42,1.7328029892978805e-42,1.7328029892978807e-41,6.064810462542581e-43,2.108243636979088e-41,8.433930090612318e-39,4.407117338288256
300.0,270.0,annual,8.0,3665.476034956536,15926.702309537908,1014.7988988540052,0.0,0.21601133211747411,0.0,315.7939536557191,8.051664401743973e-42,2.415499320523192e-42,2.4154993205231923e-41,8.45424762183117e-43,2.93885750663655e-41,8.170820168831776e-39,4.345057001505334
300.0,275.0,annual,8.0,2532.5845989095474,10792.152814311532,672.4554889408745,0.0,0.22689111983734372,0.0,315.7939536557191,1.1653384814395795e-41,3.4960154443187386e-42,3.496015444318739e-41,1.2236054055115585e-42,4.253485457254465e-41,7.836382583180688e-39,4.26131976754431
300.0,280.0,annual,8.0,1662.615411479793,6912.450838970965,419.18154960391774,0.0,0.23978986178944722,0.0,315.7939536557191,1.7751058183586364e-41,5.3253174550759086e-42,5.325317455075909e-41,1.863861109276568e-42,6.479136237009022e-41,7.440916076505037e-39,4.157576545509471
300.0,285.0,annual,8.0,1026.02779141745,4137.74805631962,242.85026259801904,0.0,0.25775828468778533,0.0,315.7939536557191,2.876450633499209e-41,8.629351900497627e-42,8.629351900497628e-41,3.020273165174169e-42,1.0499044812272113e-40,6.985467916955212e-39,4.032783605796244
300.0,290.0,annual,8.0,581.6217007984012,2263.506789104668,127.96450392036252,0.0,0.2789432882305409,0.0,315.7939536557191,5.07429190925854e-41,1.522287572777562e-41,1.5222875727775621e-40,5.328006504721467e-42,1.852116546879367e-40,6.493292469153782e-39,3.8917165332681307
300.0,295.0,annual,8.0,297.8031784842723,1109.479949503553,59.91907638175277,0.0,0.3104803419800282,0.0,315.7939536557191,9.910298156090316e-41,2.9730894468270946e-41,2.973089446827095e-40,1.040581306389483e-41,3.617258826972965e-40,5.938159121807193e-39,3.725547709565992
300.0,300.0,annual,8.0,132.79880894238372,469.32681051212467,23.98774837766912,0.0,0.34709641575209677,0.0,315.7939536557191,2.2223981631423982e-40,6.667194489427195e-41,6.6671944894271955e-40,2.333518071299518e-41,8.111753295469753e-40,5.33103279324539e-39,3.5341191253887487
300.0,305.0,annual,8.0,48.37473870323307,158.83646566091562,7.517895077345642,0.0,0.40830262018351693,0.0,315.7939536557191,6.100949317196562e-40,1.8302847951589684e-40,1.8302847951589685e-39,6.405996783056389e-41,2.2268465007767448e-39,4.5866296838887286e-39,3.2834588861624168
300.0,310.0,annual,8.0,12.915359032825044,38.461508805113816,1.649590351017689,0.0,0.48463592458469185,0.0,315.7939536557191,2.2851229169158926e-39,6.855368750747678e-40,6.855368750747678e-39,2.399379062761687e-40,8.340698646743007e-39,3.769516714633853e-39,2.9779666757510905
300.0,315.0,annual,8.0,2.177677529541577,5.644565746529623,0.2119414886658888,0.0,0.5808319498455999,0.0,315.7939536557191,1.3552595600468913e-38,4.065778680140674e-39,4.0657786801406743e-38,1.4230225380492358e-39,4.946697394171153e-38,2.8723572868501567e-39,2.5920117510317797
300.0,320.0,annual,8.0,0.1768344592065165,0.3673851587658979,0.0111554258307356,0.0,0.7615410578738073,0.0,315.7939536557191,1.668972384598307e-37,5.00691715379492e-38,5.006917153794921e-37,1.7524210038282222e-38,6.09174920378382e-37,1.8618097649932343e-39,2.077565427091596
300.0,200.0,annual,11.5,256786.67067180455,1112122.7153942883,68290.45051199253,0.20435216271230439,0.045356471995971176,4.50546865131962,315.7939536557191,1.1493269034912475e-43,3.447980710473743e-44,3.447980710473743e-43,1.20679324866581e-44,4.195043197743053e-43,7.848805202497066e-39,4.33092073075583
300.0,205.0,annual,11.5,187496.47407662563,806931.53106596,49568.45242053758,0.15005656530084108,0.05410279684367869,2.773545436743415,315.7939536557191,1.5740660218518993e-43,4.722198065555698e-44,4.722198065555698e-43,1.652769322944494e-44,5.745340979759432e-43,7.802401671095074e-39,4.303715763402489
300.0,210.0,annual,11.5,136192.04060601097,583715.6232367582,35980.091482393575,0.10032277454037934,0.06451712690684216,1.5549789544292296,315.7939536557191,2.1670269991389346e-43,6.501080997416804e-44,6.501080997416804e-43,2.2753783490958813e-44,7.909648546857111e-43,7.796982967383569e-39,4.285974574133779
300.0,215.0,annual,11.5,99090.09590184037,423821.6848970019,26280.754195201516,0.05878173264803604,0.07653706759826184,0.7680165244450909,315.7939536557191,2.9784190475848605e-43,8.935257142754582e-44,8.935257142754582e-43,3.1273399999641035e-44,1.087122952368474e-42,7.827509887988393e-39,4.277134672640178
300.0,220.0,annual,11.5,72208.44398015215,309154.3426306168,19343.560618337397,0.02830967960991271,0.08996176765976525,0.3146856753302104,315.7939536557191,4.087220452253124e-43,1.2261661356759373e-43,1.2261661356759374e-42,4.2915814748657805e-44,1.4918354650723904e-42,7.90613965786667e-39,4.281415380112521
300.0,225.0,annual,11.5,52815.614742816375,227030.8907856744,14369.689308230432,0.010237427906894601,0.10471954320863372,0.09776043318388505,315.7939536557191,5.587965424584852e-43,1.6763896273754556e-43,1.6763896273754557e-42,5.867363695814095e-44,2.039607379973471e-42,8.029732701641828e-39,4.29855624877591
300.0,230.0,annual,11.5,38827.4282975649,167992.20130942445,10769.772237921492,0.0022760224053658454,0.12053129374914519,0.0188832487777224,315.7939536557191,7.60111709689414e-43,2.280335129068242e-43,2.2803351290682422e-42,7.981172951738846e-44,2.774407740366361e-42,8.186229988732092e-39,4.326637345692046
300.0,235.0,annual,11.5,28806.258643498255,125681.94875873617,8159.800492999507,0.00022997703851441914,0.13614087883363804,0.0016892577783007218,315.7939536557191,1.0245406483138167e-42,3.07362194494145e-43,3.0736219449414505e-42,1.0757676807295075e-43,3.739573366345431e-42,8.360047287209115e-39,4.363008411267714
300.0,240.0,annual,11.5,21526.97110516145,94776.57658955794,6220.805300889857,6.938469712455545e-06,0.151396709048063,4.582972612867583e-05,315.7939536557191,1.370986320459589e-42,4.1129589613787665e-43,4.112958961378767e-42,1.4395356364825682e-43,5.004100069677499e-42,8.528638969762491e-39,4.402689822296165
300.0,245.0,annual,11.5,16202.28909706154,71883.68876035945,4752.997684488227,0.0,0.16507046516041818,0.0,315.7939536557191,1.821544025619054e-42,5.464632076857162e-43,5.4646320768571625e-42,1.9126212269000068e-43,6.648635693509547e-42,8.657794535960727e-39,4.436637831218326
300.0,250.0,annual,11.5,12246.367620800458,54630.86792215223,3624.138531521873,0.0,0.1774676941400218,0.0,315.7939536557191,2.4099540222830677e-42,7.229862066849204e-43,7.229862066849204e-42,2.530451723397221e-43,8.796332181333197e-42,8.73400723135219e-39,4.460985462282031
300.0,255.0,annual,11.5,9248.29903461814,41295.0805329264,2732.7451672029474,0.0,0.18776759644403718,0.0,315.7939536557191,3.191201192309174e-42,9.573603576927522e-43,9.573603576927522e-42,3.350761251924632e-43,1.1647884351928484e-41,8.720739635855178e-39,4.465154119514418
300.0,260.0,annual,11.5,6930.762391568356,30838.926497869845,2025.9869727331975,0.0,0.19698384576865638,0.0,315.7939536557191,4.258288084152121e-42,1.2774864252456363e-42,1.2774864252456365e-41,4.4712024883597266e-43,1.554275150715524e-41,8.627236184637203e-39,4.449572031986993
300.0,265.0,annual,11.5,5105.785422203403,22518.779005120297,1460.7781525246191,0.0,0.20570952482293303,0.0,315.7939536557191,5.780341409915493e-42,1.734102422974648e-42,1.734102422974648e-41,6.069358480411267e-43,2.1098246146191546e-41,8.443796445737906e-39,4.410443671838115
300.0,270.0,annual,11.5,3662.6213004271535,15926.80194536325,1015.2454797039168,0.0,0.2153384326503158,0.0,315.7939536557191,8.05794006130615e-42,2.4173820183918448e-42,2.4173820183918454e-41,8.460837064371457e-43,2.9411481223767443e-41,8.18078722296617e-39,4.3484708461412005
300.0,275.0,annual,11.5,2530.5307639068146,10792.248382809215,672.7683973261619,0.0,0.22620161444064232,0.0,315.7939536557191,1.1662842960478624e-41,3.4988528881435873e-42,3.4988528881435874e-41,1.2245985108502554e-42,4.2569376805746973e-41,7.846392166787914e-39,4.264816115551731
300.0,280.0,annual,11.5,1661.2065504881182,6912.532984255652,419.38705042063384,0.0,0.2390836406315515,0.0,315.7939536557191,1.7766112767514205e-41,5.3298338302542614e-42,5.329833830254262e-41,1.8654418405889914e-42,6.484631160142684e-41,7.450877631008146e-39,4.161152014615231
300.0,285.0,annual,11.5,1025.1127370163708,4137.8185962956395,242.97776521808595,0.0,0.257034245357192,0.0,315.7939536557191,2.87901826212836e-41,8.63705478638508e-42,8.637054786385082e-41,3.022969175234778e-42,1.0508416656768515e-40,6.995374233540066e-39,4.036452232891883
300.0,290.0,annual,11.5,581.0681288490083,2263.5663279102732,128.0377744498381,0.0,0.27819506119913057,0.0,315.7939536557191,5.079126085363778e-41,1.5237378256091332e-41,1.5237378256091335e-40,5.333082389631966e-42,1.8538810211577786e-40,6.503200001200966e-39,3.8955265579511167
300.0,295.0,annual,11.5,297.4955372924161,1109.5223047383524,59.956194239490735,0.0,0.3097081331515338,0.0,315.7939536557191,9.920546430616172e-41,2.9761639291848517e-41,2.976163929184852e-40,1.041657375214698e-41,3.6209994471749026e-40,5.947982087559098e-39,3.729542684358906
300.0,300.0,annual,11.5,132.6479322235181,469.3567134063129,24.003347012794748,0.0,0.3462997250366144,0.0,315.7939536557191,2.2249259684179673e-40,6.674777905253902e-41,6.674777905253902e-40,2.336172266838865e-41,8.12097978472558e-40,5.340567009771487e-39,3.5383643418988577
300.0,305.0,annual,11.5,48.3151284833186,158.8556266938363,7.522506001861117,0.0,0.40753025810822335,0.0,315.7939536557191,6.108476544007325e-40,1.8325429632021973e-40,1.8325429632021976e-39,6.41390037120769e-41,2.2295939385626734e-39,4.5951051464522955e-39,3.2879065352932506
300.0,310.0,annual,11.5,12.898422712359151,38.469709454172175,1.6498531402454752,0.0,0.4839358360059199,0.0,315.7939536557191,2.2881234058041784e-39,6.8643702174125346e-40,6.864370217412535e-39,2.402529576094387e-40,8.35165043118525e-39,3.7750675863351955e-39,2.98251269260317
300.0,315.0,annual,11.5,2.174799646678826,5.646405631865344,0.2116433861121688,0.0,0.5802722104572474,0.0,315.7939536557191,1.3570529566332823e-38,4.0711588698998464e-39,4.071158869899847e-38,1.4249056044649463e-39,4.95324329171148e-38,2.8721128287539806e-39,2.5962877272341234
300.0,320.0,annual,11.5,0.176571543581678,0.3673657255828634,0.0110540266122127,0.0,0.7611884218657168,0.0,315.7939536557191,1.6714574901166369e-37,5.01437247034991e-38,5.014372470349911e-37,1.7550303646224685e-38,6.100819838925724e-37,1.847633557693155e-39,2.080548870622113
300.0,200.0,annual,15.0,256722.0484144133,1112094.7828651357,68299.33795108172,0.20440360238466138,0.04510441978449096,4.531786538022268,315.7939536557191,1.149616212880304e-43,3.448848638640912e-44,3.4488486386409124e-43,1.2070970235243193e-44,4.196099177013109e-43,7.851802623755458e-39,4.331902108656978
300.0,205.0,annual,15.0,187440.0387661599,806907.183016538,49576.197532262566,0.15010174502287868,0.053803973499702486,2.7897892155438795,315.7939536557191,1.5745399489019656e-43,4.723619846705897e-44,4.723619846705897e-43,1.6532669463470637e-44,5.747070813492174e-43,7.805970352920245e-39,4.304881648169055
300.0,210.0,annual,15.0,136143.1326784103,583694.6777307497,35986.794618969354,0.10035881439709037,0.06416436562261373,1.5640895600426612,315.7939536557191,2.167805479826851e-43,6.503416439480552e-44,6.503416439480553e-43,2.2761957538181933e-44,7.912490001368006e-43,7.80123705764052e-39,4.287360414348043
300.0,215.0,annual,15.0,99047.87305374748,423803.6759860868,26286.533881061503,0.05880679055278164,0.0761236957732272,0.7725162310559291,315.7939536557191,2.979688709730305e-43,8.939066129190915e-44,8.939066129190916e-43,3.12867314521682e-44,1.0875863790515613e-42,7.832568822334209e-39,4.27877614046405
300.0,220.0,annual,15.0,72172.1968241874,309138.9254997657,19348.50344736406,0.028323897624844867,0.08948159456547833,0.3165332240935738,315.7939536557191,4.089273183411579e-43,1.2267819550234738e-43,1.2267819550234739e-42,4.293736842582158e-44,1.4925847119452265e-42,7.912131628645234e-39,4.283352026166433
300.0,225.0,annual,15.0,52784.76083077227,227017.8525168895,14373.887393723146,0.01024341191999281,0.1041694809461589,0.09833409773143852,315.7939536557191,5.591231719458639e-43,1.6773695158375918e-43,1.677369515837592e-42,5.87079330543157e-44,2.0407995776024032e-42,8.036773512771153e-39,4.30082184600036
300.0,230.0,annual,15.0,38801.328980090606,167981.2151429284,10773.306766356627,0.0022775533485808763,0.11990904664898965,0.018994007643543104,315.7939536557191,7.606229910642682e-43,2.2818689731928047e-43,2.2818689731928047e-42,7.986541406174816e-44,2.7762739173845788e-42,8.194424816279097e-39,4.329264475170978
300.0,235.0,annual,15.0,28784.35987008195,125672.73819328552,8162.743828333057,0.00023015200210854147,0.1354493433758195,0.0016991739965099629,315.7939536557191,1.0253201057557917e-42,3.0759603172673746e-43,3.075960317267375e-42,1.076586111043581e-43,3.742418386008639e-42,8.369425365323885e-39,4.366007747280424
300.0,240.0,annual,15.0,21508.78451273214,94768.96883916733,6223.235173445062,6.944336483805123e-06,0.15064130640250903,4.6098488187894926e-05,315.7939536557191,1.3721455477242257e-42,4.116436643172677e-43,4.1164366431726774e-42,1.4407528251104369e-43,5.008331249193423e-42,8.539184435683442e-39,4.406058779521863
300.0,245.0,annual,15.0,16187.371958362712,71877.48898506566,4754.974779001679,0.0,0.16426022569630996,0.0,315.7939536557191,1.82322263193922e-42,5.4696678958176595e-43,5.46966789581766e-42,1.9143837635361807e-43,6.654762606578152e-42,8.669377631376051e-39,4.440343322557208
300.0,250.0,annual,15.0,12234.275768495265,54625.850796577695,3625.724243789574,0.0,0.1766115488415688,0.0,315.7939536557191,2.4123359211916077e-42,7.237007763574823e-43,7.237007763574824e-42,2.532952717251188e-43,8.805026112349367e-42,8.746464833628866e-39,4.464984428195239
300.0,255.0,annual,15.0,9238.6534228671,41291.07612652838,2733.9946830847284,0.0,0.18687471050600837,0.0,315.7939536557191,3.1945329644096704e-42,9.583598893229011e-43,9.583598893229012e-42,3.3542596126301536e-43,1.1660045320095297e-41,8.733836139634936e-39,4.469382521085438
300.0,260.0,annual,15.0,6923.186363347546,30835.78095564189,2026.9460009340437,0.0,0.1960590237602382,0.0,315.7939536557191,4.262947919812283e-42,1.278884375943685e-42,1.278884375943685e-41,4.476095315802897e-43,1.5559759907314832e-41,8.640765238253608e-39,4.453986840350194
300.0,265.0,annual,15.0,5099.981832989762,22516.376711050223,1461.4968982722123,0.0,0.2047589344621999,0.0,315.7939536557191,5.786919222965874e-42,1.7360757668897624e-42,1.7360757668897626e-41,6.0762651841141675e-43,2.112225516382544e-41,8.457564494916466e-39,4.414991552597443
300.0,270.0,annual,15.0,3658.28386965465,15924.998533688586,1015.766089349018,0.0,0.21436111243630684,0.0,315.7939536557191,8.067493928209376e-42,2.4202481784628126e-42,2.420248178462813e-41,8.470868624619844e-43,2.9446352837964217e-41,8.194686758304184e-39,4.353133627979488
300.0,275.0,annual,15.0,2527.3997496456054,10790.951693923054,673.1310796532855,0.0,0.2251958390352671,0.0,315.7939536557191,1.1677291220054746e-41,3.503187366016423e-42,3.5031873660164235e-41,1.2261155781057481e-42,4.262211295319981e-41,7.860347646381282e-39,4.269586437775097
300.0,280.0,annual,15.0,1659.047124435116,6911.6402494787135,419.6250921936117,0.0,0.23804632569718204,0.0,315.7939536557191,1.7789237250360831e-41,5.336771175108249e-42,5.33677117510825e-41,1.8678699112878872e-42,6.493071596381703e-41,7.464810321236695e-39,4.166030095035448
300.0,285.0,annual,15.0,1023.702187715684,4137.243706375189,243.1246539985044,0.0,0.25596351678773704,0.0,315.7939536557191,2.8829852334263037e-41,8.64895570027891e-42,8.648955700278911e-41,3.0271344950976184e-42,1.0522896102006007e-40,7.009247873595675e-39,4.041452441952032
300.0,290.0,annual,15.0,580.2085706927251,2263.2272711883243,128.12191103585056,0.0,0.27707859069472335,0.0,315.7939536557191,5.086650628216106e-41,1.5259951884648317e-41,1.525995188464832e-40,5.340983159626911e-42,1.8566274792988786e-40,6.517113992587572e-39,3.9007132702059235
300.0,295.0,annual,15.0,297.01252265467735,1109.3340681289174,59.9981587048931,0.0,0.30853963796701095,0.0,315.7939536557191,9.936679653207347e-41,2.981003895962204e-41,2.9810038959622046e-40,1.0433513635867714e-41,3.6268880734206814e-40,5.961824828328166e-39,3.734974061745836
300.0,300.0,annual,15.0,132.4083886344897,469.27114274785293,24.021019620195123,0.0,0.34507405592567725,0.0,315.7939536557191,2.2289511420288973e-40,6.686853426086691e-41,6.6868534260866915e-40,2.340398699130342e-41,8.135671668405474e-40,5.3541679115132463e-39,3.544119429194664
300.0,305.0,annual,15.0,48.21756896628786,158.8259809291086,7.527645619167473,0.0,0.4062960671755031,0.0,315.7939536557191,6.120835939850024e-40,1.8362507819550071e-40,1.8362507819550075e-39,6.426877736842525e-41,2.2341051180452586e-39,4.607548384825486e-39,3.2939441853685016
300.0,310.0,annual,15.0,12.869435888711577,38.46376517377083,1.6502297508785635,0.0,0.48275005236407537,0.0,315.7939536557191,2.293277122736411e-39,6.879831368209232e-40,6.879831368209233e-39,2.407940978873231e-40,8.370461497987898e-39,3.784434134948816e-39,2.9887685448209362
300.0,315.0,annual,15.0,2.1694723426713853,5.645909062008287,0.2113511770412798,0.0,0.5792332174815276,0.0,315.7939536557191,1.3603853031730313e-38,4.0811559095190937e-39,4.081155909519094e-38,1.4284045683316826e-39,4.965406356581563e-38,2.875190350552784e-39,2.6024342191226935
300.0,320.0,annual,15.0,0.1760308097768834,0.3671579729730818,0.0109554973602535,0.0,0.7604565349123018,0.0,315.7939536557191,1.6765918956751227e-37,5.029775687025369e-38,5.029775687025369e-37,1.7604214904588788e-38,6.119560419214197e-37,1.836789808729122e-39,2.0857597226215647
300.0,200.0,sun,8.0,242176.22285236532,1046898.0038442152,64237.83290117803,0.19246817801061186,0.046533572493956545,4.136114372813484,315.7939536557191,1.2186655881612671e-43,3.6559967644838013e-44,3.6559967644838014e-43,1.2795988675693303e-44,4.448129396788625e-43,7.828443641471931e-39,4.322876917947563
300.0,205.0,sun,8.0,176101.55328548825,756573.5305777392,46459.498542260415,0.13739600996191245,0.055628760990955366,2.469873632171163,315.7939536557191,1.6759183752490636e-43,5.02775512574719e-44,5.0277551257471915e-43,1.7597142940115167e-44,6.117102069659082e-43,7.786232731183131e-39,4.296234283358165
300.0,210.0,sun,8.0,127369.86858511416,545113.5384188408,33610.062532263626,0.08752352129710209,0.06647706122430633,1.3165973297432774,315.7939536557191,2.3171243900894172e-43,6.951373170268252e-44,6.9513731702682524e-43,2.432980609593888e-44,8.457504023826373e-43,7.787869564593852e-39,4.279768397928211
300.0,215.0,sun,8.0,92288.88398380308,394352.86366468685,24479.73765203712,0.04690942676071041,0.07899986214648462,0.5937912483154606,315.7939536557191,3.1979130781649524e-43,9.593739234494857e-44,9.593739234494858e-43,3.3578087320731996e-44,1.1672382735302074e-42,7.828407318749652e-39,4.273026681457073
300.0,220.0,sun,8.0,66988.08914190084,286737.13216701965,17977.40651083855,0.018741824018498356,0.09296951810526902,0.20159106339861912,315.7939536557191,4.405735897853039e-43,1.3217207693559116e-43,1.3217207693559117e-42,4.62602269274569e-44,1.608093602716359e-42,7.920370521509834e-39,4.280419636386768
300.0,225.0,sun,8.0,48827.23009622242,210036.7346072341,13334.534586772665,0.004467348560090204,0.10826162053520548,0.04126437917708309,315.7939536557191,6.044410638888261e-43,1.813323191666478e-43,1.8133231916664784e-42,6.346631170832673e-44,2.206209883194215e-42,8.059940272091218e-39,4.301631163457783
300.0,230.0,sun,8.0,35791.39985051452,155132.09116343144,9984.394131535491,0.0004131072226349352,0.1245287191120214,0.003317365067116119,315.7939536557191,8.245886729596836e-43,2.4737660188790508e-43,2.473766018879051e-42,8.658181066076677e-44,3.009748656302845e-42,8.233018307229305e-39,4.334339864083336
300.0,235.0,sun,8.0,26494.87255287416,115921.40419970592,7559.859116129198,4.938775219550987e-06,0.1403855438056968,3.518008397208327e-05,315.7939536557191,1.1139205462191817e-42,3.341761638657545e-43,3.3417616386575454e-42,1.1696165735301406e-43,4.065809993700013e-42,8.421082395978695e-39,4.375239170083526
300.0,240.0,sun,8.0,19763.382802267075,87323.37864538771,5757.700760244986,0.0,0.15564427747765008,0.0,315.7939536557191,1.4933264816749744e-42,4.479979445024923e-43,4.479979445024924e-42,1.567992805758723e-43,5.4506416581136564e-42,8.59812701883397e-39,4.418442911269763
300.0,245.0,sun,8.0,14847.027121194584,66127.25911488077,4390.037857569921,0.0,0.1690250124247873,0.0,315.7939536557191,1.9878176732077374e-42,5.963453019623212e-43,5.963453019623212e-42,2.087208556868124e-43,7.25553450720824e-42,8.72659483932852e-39,4.45390572638492
300.0,250.0,sun,8.0,11193.12577749998,50112.67361685308,3334.12892223709,0.0,0.18090619574067857,0.0,315.7939536557191,2.6367239583273094e-42,7.910171874981927e-43,7.910171874981928e-42,2.7685601562436746e-43,9.624042447894679e-42,8.791177609414547e-39,4.477093763887455
300.0,255.0,sun,8.0,8416.870396647431,37681.261813784375,2496.573151741219,0.0,0.19053352867716722,0.0,315.7939536557191,3.506431905837678e-42,1.0519295717513035e-42,1.0519295717513035e-41,3.681753501129562e-43,1.2798476456307524e-41,8.754063754523142e-39,4.476873236493388
300.0,260.0,sun,8.0,6261.156936918376,27885.7033859584,1829.9732027876569,0.0,0.19913831428767279,0.0,315.7939536557191,4.7136948016880445e-42,1.4141084405064132e-42,1.4141084405064133e-41,4.949379541772446e-43,1.720498602616136e-41,8.625935173208599e-39,4.453762086928813
300.0,265.0,sun,8.0,4556.621033253604,20064.90336287654,1296.240805972304,0.0,0.20745823258862095,0.0,315.7939536557191,6.476988691998297e-42,1.943096607599489e-42,1.9430966075994893e-41,6.800838126598211e-43,2.364100872579378e-41,8.395737042389372e-39,4.403461077066885
300.0,270.0,sun,8.0,3204.5926655665808,13863.9218099597,876.6001737521681,0.0,0.2172110877520261,0.0,315.7939536557191,9.209651892181179e-42,2.7628955676543534e-42,2.7628955676543537e-41,9.670134486790238e-43,3.36152294064613e-41,8.073182448883005e-39,4.326266473404825
300.0,275.0,sun,8.0,2144.806050685638,9055.397697890478,556.8559387296727,0.0,0.22907776852532394,0.0,315.7939536557191,1.3760303826385887e-41,4.128091147915766e-42,4.128091147915766e-41,1.444831901770518e-42,5.022510896630848e-41,7.66250690444762e-39,4.222012379625516
300.0,280.0,sun,8.0,1336.890122270605,5467.390516340438,324.60647275793764,0.0,0.244501755577126,0.0,315.7939536557191,2.2075997431994873e-41,6.622799229598462e-42,6.622799229598462e-41,2.3179797303594615e-42,8.057739062678128e-41,7.166011659013146e-39,4.089633415089114
300.0,285.0,sun,8.0,756.5134669758792,2968.1426640636387,168.4593094141042,0.0,0.2682718004898971,0.0,315.7939536557191,3.9012105130239794e-41,1.1703631539071938e-41,1.1703631539071938e-40,4.096271038675178e-42,1.4239418372537523e-40,6.571952289030628e-39,3.923449870533865
300.0,290.0,sun,8.0,367.3906936354169,1367.3192602294123,73.30717388803171,0.0,0.3004008449782565,0.0,315.7939536557191,8.03318739896902e-41,2.409956219690706e-41,2.4099562196907063e-40,8.43484676891747e-42,2.932113400623692e-40,5.888902655313671e-39,3.7217035812732986
300.0,295.0,sun,8.0,140.72285495166085,487.9601651636907,24.2308948106934,0.0,0.3529473040243975,0.0,315.7939536557191,2.0972558378127805e-40,6.291767513438342e-41,6.2917675134383424e-40,2.2021186297034194e-41,7.654983808016648e-40,5.0818385597154146e-39,3.4675260484965853
300.0,300.0,sun,8.0,36.47976159369073,115.32352709338144,5.191083045673497,0.0,0.40825592498506835,0.0,315.7939536557191,8.090289414393972e-40,2.4270868243181914e-40,2.4270868243181915e-39,8.494803885113669e-41,2.952955636253799e-39,4.199736421365231e-39,3.161301556129877
300.0,305.0,sun,8.0,5.496642341290107,15.061147225333205,0.5789612596131811,0.0,0.4979744645171564,0.0,315.7939536557191,5.3693111309800453e-39,1.6107933392940135e-39,1.6107933392940137e-38,5.637776687529047e-40,1.9597985628077163e-38,3.108623135647281e-39,2.740063167689792
300.0,310.0,sun,8.0,0.2768819689710241,0.5932385950764867,0.0148596800780026,0.0,0.7558932299336527,0.0,315.7939536557191,1.065912056887813e-37,3.197736170663439e-38,3.197736170663439e-37,1.1192076597322036e-38,3.890579007640517e-37,1.583911215663861e-39,2.142568536626412
300.0,315.0,sun,8.0,0.0,0.0,0.0,,,,315.7939536557191,,,,,,,
300.0,320.0,sun,8.0,0.0,0.0,0.0,,,,315.7939536557191,,,,,,,
300.0,200.0,sun,11.5,242134.84941810084,1046896.7995423372,64244.96963645362,0.19250106493097902,0.04635483351831399,4.152772220720525,315.7939536557191,1.2188738208081717e-43,3.656621462424515e-44,3.656621462424515e-43,1.27981751184858e-44,4.4488894459498266e-43,7.83065116084892e-39,4.323610591611421
300.0,205.0,sun,11.5,176065.50272456382,756572.5395578537,46465.71053980354,0.13742414269178432,0.055416472939632644,2.479842822936167,315.7939536557191,1.6762615304757058e-43,5.028784591427117e-44,5.0287845914271176e-43,1.760074606999491e-44,6.118354586236325e-43,7.788868306409222e-39,4.297108336670772
300.0,210.0,sun,11.5,127338.71024927856,545112.8259243352,33615.41959120674,0.08754493730849995,0.06622609702261106,1.3219099606399902,315.7939536557191,2.3176913641052364e-43,6.953074092315709e-44,6.9530740923157095e-43,2.433575932310498e-44,8.459573478984112e-43,7.791016768731384e-39,4.280810013366878
300.0,215.0,sun,11.5,92262.0688376031,394352.3339883429,24484.347163003164,0.04692306056659178,0.07870557454705282,0.596184715461795,315.7939536557191,3.1988425230365685e-43,9.596527569109704e-44,9.596527569109706e-43,3.3587846491883966e-44,1.1675775209083474e-42,7.832157085380429e-39,4.274262857496399
300.0,220.0,sun,11.5,66965.14914851273,286736.7337288166,17981.334416693837,0.018748244333013177,0.09262758138642754,0.20240455437132146,315.7939536557191,4.407245153841439e-43,1.3221735461524316e-43,1.3221735461524316e-42,4.62760741153351e-44,1.608644481152125e-42,7.924814896757619e-39,4.281880013332053
300.0,225.0,sun,11.5,48807.77017301069,210036.4708418904,13337.858822336084,0.004469129716238727,0.10787001436279514,0.04143069547768736,315.7939536557191,6.046820578258078e-43,1.814046173477423e-43,1.8140461734774234e-42,6.349161607170981e-44,2.2070895110641983e-42,8.065163919680289e-39,4.303340843012627
300.0,230.0,sun,11.5,35775.013934098555,155131.91889380087,9987.179374311592,0.00041329643682876886,0.12408645901106041,0.003330713440633597,315.7939536557191,8.249663567000047e-43,2.474899070100014e-43,2.4748990701000143e-42,8.662146745350049e-44,3.011127201955017e-42,8.239086982135267e-39,4.336320292692846
300.0,235.0,sun,11.5,26481.193270835796,115921.28812274509,7562.167307182591,4.941326422529696e-06,0.13989552690601306,3.532154695588988e-05,315.7939536557191,1.114495959614047e-42,3.3434878788421413e-43,3.343487878842142e-42,1.1702207575947494e-43,4.067910252591271e-42,8.428004909780436e-39,4.377494886169319
300.0,240.0,sun,11.5,19752.094595445404,87323.32432616776,5759.593612507997,0.0,0.15511132460096516,0.0,315.7939536557191,1.4941799090467386e-42,4.4825397271402155e-43,4.482539727140216e-42,1.5688889044990753e-43,5.453756668020595e-42,8.605869060083375e-39,4.420965275566444
300.0,245.0,sun,11.5,14837.83159298055,66127.26723822771,4391.5656941632005,0.0,0.1684560797603258,0.0,315.7939536557191,1.9890495940166365e-42,5.9671487820499094e-43,5.96714878204991e-42,2.0885020737174684e-43,7.260031018160723e-42,8.735041961072703e-39,4.456666516521933
300.0,250.0,sun,11.5,11185.746992691204,50112.71707742693,3335.341909786866,0.0,0.18030937019113172,0.0,315.7939536557191,2.6384632984626936e-42,7.915389895388081e-43,7.915389895388081e-42,2.770386463385828e-43,9.63039103938883e-42,8.800177216797114e-39,4.48005100689035
300.0,255.0,sun,11.5,8411.06208758155,37681.32181027968,2497.51727336836,0.0,0.18991646386369834,0.0,315.7939536557191,3.5088532932933294e-42,1.0526559879879989e-42,1.052655987987999e-41,3.684295957957996e-43,1.2807314520520651e-41,8.763421709715546e-39,4.479971901041367
300.0,260.0,sun,11.5,6256.664387903923,27885.762926040345,1830.6849796959648,0.0,0.19850434065825,0.0,315.7939536557191,4.717079433437942e-42,1.4151238300313826e-42,1.415123830031383e-41,4.9529334051098394e-43,1.721733993204849e-41,8.635486466827592e-39,4.456969592288216
300.0,265.0,sun,11.5,4553.249945779131,20064.969380160608,1296.7599507440002,0.0,0.20681270447361172,0.0,315.7939536557191,6.481784057003932e-42,1.9445352171011795e-42,1.9445352171011797e-41,6.8058732598541275e-43,2.365851180806435e-41,8.405317974493665e-39,4.406735764365596
300.0,270.0,sun,11.5,3202.140785090203,13863.981159632927,876.9642718860775,0.0,0.21655377445878196,0.0,315.7939536557191,9.216703726308466e-42,2.7650111178925395e-42,2.76501111789254e-41,9.677538912623888e-43,3.3640968601025894e-41,8.0827198725318e-39,4.329597631742598
300.0,275.0,sun,11.5,2143.1042055992325,9055.455466310026,557.096600189252,0.0,0.2284089882112558,0.0,315.7939536557191,1.3771230922414723e-41,4.131369276724416e-42,4.1313692767244165e-41,1.4459792468535458e-42,5.026499286681373e-41,7.671905927298337e-39,4.225392047036758
300.0,280.0,sun,11.5,1335.7859537930449,5467.437785946676,324.7494430767209,0.0,0.2438237876145146,0.0,315.7939536557191,2.2094245580514396e-41,6.628273674154318e-42,6.628273674154318e-41,2.3198957859540113e-42,8.064399636887753e-41,7.175093947472354e-39,4.093049317086735
300.0,285.0,sun,11.5,755.8597909043723,2968.1812924933065,168.53316994221916,0.0,0.26759033587964126,0.0,315.7939536557191,3.904584323872184e-41,1.171375297161655e-41,1.1713752971616553e-40,4.099813540065793e-42,1.425173278213347e-40,6.580519734088756e-39,3.926894019513768
300.0,290.0,sun,11.5,367.0587686771393,1367.3513606645138,73.33594393824299,0.0,0.2997295546840864,0.0,315.7939536557191,8.040451672757788e-41,2.4121355018273364e-41,2.4121355018273365e-40,8.442474256395677e-42,2.9347648605565924e-40,5.896541131115172e-39,3.7251565072055817
300.0,295.0,sun,11.5,140.59458039962172,487.98204638537754,24.235761998865588,0.0,0.3523351639454432,0.0,315.7939536557191,2.0991693152195358e-40,6.297507945658606e-41,6.297507945658607e-40,2.2041277809805124e-41,7.661968000551305e-40,5.087496791898232e-39,3.4708453554778025
300.0,300.0,sun,11.5,36.448678638702496,115.33366644096454,5.189345553576441,0.0,0.4077444166004821,0.0,315.7939536557191,8.09718870707347e-40,2.429156612122041e-40,2.4291566121220414e-39,8.502048142427142e-41,2.955473878081816e-39,4.2019110213521085e-39,3.16427565411107
300.0,305.0,sun,11.5,5.4923127595433225,15.061599922411668,0.5777944058905793,0.0,0.4975800672947582,0.0,315.7939536557191,5.373543750731188e-39,1.6120631252193563e-39,1.6120631252193565e-38,5.642220938267747e-40,1.9613434690168835e-38,3.104803518980762e-39,2.7423055790551913
300.0,310.0,sun,11.5,0.2767355019799292,0.593207870503454,0.01482702049375,0.0,0.75576404381859,0.0,315.7939536557191,1.066476209049813e-37,3.1994286271494386e-38,3.199428627149439e-37,1.1198000195023034e-38,3.892638163031817e-37,1.5812664607678385e-39,2.1435915025694015
300.0,315.0,sun,11.5,0.0,0.0,0.0,,,,315.7939536557191,,,,,,,
300.0,320.0,sun,11.5,0.0,0.0,0.0,,,,315.7939536557191,,,,,,,
300.0,200.0,sun,15.0,242072.7546816088,1046869.7233764896,64253.4471217923,0.19255044389936826,0.04609830377449608,4.176952905714005,315.7939536557191,1.2191864774258885e-43,3.657559432277665e-44,3.657559432277665e-43,1.2801458012971827e-44,4.450030642604492e-43,7.833693385888854e-39,4.324607801292659
300.0,205.0,sun,15.0,176011.38855005126,756548.9723527482,46473.07841670771,0.13746639333307023,0.05511182262286997,2.49431767615004,315.7939536557191,1.6767768920652945e-43,5.030330676195883e-44,5.0303306761958834e-43,1.760615736668559e-44,6.120235656038324e-43,7.792498399227386e-39,4.298295573854944
300.0,210.0,sun,15.0,127291.9257834273,545092.5854984134,33621.77654627148,0.08757711329377751,0.06586592492275829,1.3296270172548277,315.7939536557191,2.318543200950428e-43,6.955629602851285e-44,6.955629602851285e-43,2.4344703609979496e-44,8.462682683469062e-43,7.795354141523232e-39,4.282224360607336
300.0,215.0,sun,15.0,92221.78641837151,394334.96265743976,24489.80944984322,0.04694355653040664,0.0782830992237501,0.5996640015009085,315.7939536557191,3.2002397754708712e-43,9.600719326412612e-44,9.600719326412613e-43,3.3602517642444143e-44,1.1680875180468679e-42,7.837326229509068e-39,4.275941488148013
300.0,220.0,sun,15.0,66930.67154861894,286721.89212275436,17985.98709831928,0.018757902004927544,0.09213664163552031,0.20358786332945786,315.7939536557191,4.409515431899797e-43,1.322854629569939e-43,1.3228546295699392e-42,4.629991203494786e-44,1.609473132643426e-42,7.930948766798952e-39,4.283863966828384
300.0,225.0,sun,15.0,48778.52441413487,210023.94818965343,13341.79220028877,0.004471809237434493,0.10730793108769232,0.04167268152602923,315.7939536557191,6.050446023240704e-43,1.815133806972211e-43,1.8151338069722113e-42,6.352968324402739e-44,2.2084127984828567e-42,8.072379356114103e-39,4.305664238764743
300.0,230.0,sun,15.0,35750.37342556758,155121.39444524268,9990.473019713376,0.0004135812963533471,0.1234516198406443,0.003350148802317963,315.7939536557191,8.255349546922007e-43,2.476604864076602e-43,2.476604864076602e-42,8.668117024268106e-44,3.013202584626532e-42,8.247484691682735e-39,4.339014661433007
300.0,235.0,sun,15.0,26460.61455592152,115912.49073252256,7564.892188497974,4.945169347172762e-06,0.13919193183961412,3.552770108019553e-05,315.7939536557191,1.1153627155458696e-42,3.3460881466376086e-43,3.346088146637609e-42,1.1711308513231628e-43,4.071073911742423e-42,8.437598694174837e-39,4.380566841618687
300.0,240.0,sun,15.0,19735.098561127223,87316.08321799141,5761.825690710889,0.0,0.15434563874373783,0.0,315.7939536557191,1.4954667094613925e-42,4.486400128384177e-43,4.4864001283841775e-42,1.5702400449344618e-43,5.458453489534082e-42,8.616618506177528e-39,4.424405733142897
300.0,245.0,sun,15.0,14823.984088873858,66121.39098719768,4393.364430694144,0.0,0.1676385772888036,0.0,315.7939536557191,1.990907621673468e-42,5.972722865020405e-43,5.972722865020406e-42,2.0904530027571414e-43,7.266812819108159e-42,8.746782729858089e-39,4.460433213553237
300.0,250.0,sun,15.0,11174.61336708089,50107.98530142375,3336.76729844633,0.0,0.17944997728217943,0.0,315.7939536557191,2.6410920840489737e-42,7.92327625214692e-43,7.923276252146922e-42,2.773146688251422e-43,9.639986106778753e-42,8.812709698240083e-39,4.484091185564956
300.0,255.0,sun,15.0,8402.271243108715,37677.56819388289,2498.623254001814,0.0,0.18902500188413865,0.0,315.7939536557191,3.5125244177651364e-42,1.0537573253295408e-42,1.053757325329541e-41,3.688150638653393e-43,1.2820714124842748e-41,8.776475190477153e-39,4.484212316376347
300.0,260.0,sun,15.0,6249.848462647384,27882.8367758092,1831.5162810304053,0.0,0.19758568805534293,0.0,315.7939536557191,4.722223759902756e-42,1.4166671279708268e-42,1.416667127970827e-41,4.9583349478978936e-43,1.723611672364506e-41,8.648829698930512e-39,4.461362054208633
300.0,265.0,sun,15.0,4548.117999232525,20062.757000381032,1297.3654945712158,0.0,0.20587318258144166,0.0,315.7939536557191,6.489097888639962e-42,1.9467293665919887e-42,1.946729366591989e-41,6.8135527830719594e-43,2.368520729353586e-41,8.418731691616417e-39,4.411221741337084
300.0,270.0,sun,15.0,3198.394141980776,13862.342237951949,877.385210012619,0.0,0.2155921052131301,0.0,315.7939536557191,9.227500300456271e-42,2.768250090136881e-42,2.7682500901368814e-41,9.688875315479084e-43,3.3680376096665385e-41,8.09607228900733e-39,4.334156962083152
300.0,275.0,sun,15.0,2140.4891707121624,9054.299307965788,557.3720635708256,0.0,0.22742341605805946,0.0,315.7939536557191,1.3788055230518104e-41,4.136416569155431e-42,4.1364165691554315e-41,1.4477457992044006e-42,5.032640159139108e-41,7.685076796462391e-39,4.23001406961257
300.0,280.0,sun,15.0,1334.073197702066,5466.664115890737,324.9119460941876,0.0,0.24281230651671523,0.0,315.7939536557191,2.2122611380650994e-41,6.636783414195298e-42,6.636783414195298e-41,2.3228741949683543e-42,8.074753153937612e-41,7.187900716372737e-39,4.097724266784639
300.0,285.0,sun,15.0,754.8323849592284,2967.7070183952105,168.61548062914662,0.0,0.2665563547444334,0.0,315.7939536557191,3.909898872144882e-41,1.1729696616434647e-41,1.1729696616434648e-40,4.105393815752126e-42,1.4271130883328818e-40,6.592694775380676e-39,3.931610616515226
300.0,290.0,sun,15.0,366.52411144628314,1367.1017164370946,73.36724462863135,0.0,0.29867803032367557,0.0,315.7939536557191,8.052180466285794e-41,2.415654139885738e-41,2.4156541398857388e-40,8.454789489600083e-42,2.939045870194315e-40,5.907662940638768e-39,3.7299093667878753
300.0,295.0,sun,15.0,140.3764979720444,487.880847324984,24.240664220616836,0.0,0.3513106955084047,0.0,315.7939536557191,2.1024304874725297e-40,6.307291462417588e-41,6.307291462417589e-40,2.207552011846156e-41,7.673871279274733e-40,5.096431149400936e-39,3.4755165884117165
300.0,300.0,sun,15.0,36.39136550617939,115.31301341468368,5.1876805283059,0.0,0.4068042618744129,0.0,315.7939536557191,8.109941052114062e-40,2.4329823156342185e-40,2.432982315634219e-39,8.515438104719765e-41,2.960128484021632e-39,4.207178328176078e-39,3.168691578641178
300.0,305.0,sun,15.0,5.483463672347284,15.058164831739902,0.576634000520322,0.0,0.49677014619508325,0.0,315.7939536557191,5.382215451693072e-39,1.6146646355079215e-39,1.6146646355079216e-38,5.651326224277725e-40,1.964508639867971e-38,3.1035684275720676e-39,2.746104603131986
300.0,310.0,sun,15.0,0.2762887819749263,0.5929685662349207,0.0147840150504881,0.0,0.7553692400508516,0.0,315.7939536557191,1.0682005507115943e-37,3.204601652134783e-38,3.204601652134783e-37,1.121610578247174e-38,3.898932010097319e-37,1.579229301865989e-39,2.146191249591645
300.0,315.0,sun,15.0,0.0,0.0,0.0,,,,315.7939536557191,,,,,,,
300.0,320.0,sun,15.0,0.0,0.0,0.0,,,,315.7939536557191,,,,,,,
1000.0,200.0,june16,8.0,300443.83432967064,1311996.6032700408,81026.23958307217,0.27568017176568604,0.056781950569527215,4.855066953505353,386.6151128700423,9.866213274259217e-44,2.959863982277765e-44,2.959863982277765e-43,1.0359523937972177e-44,3.601167845104614e-43,7.994221605378142e-39,4.366861467459555
1000.0,205.0,june16,8.0,237074.8732207345,1027626.090089638,63304.34443045548,0.2305124426240841,0.06542196332424814,3.523471796185708,386.6151128700423,1.250340411939312e-43,3.751021235817936e-44,3.751021235817936e-43,1.3128574325362776e-44,4.563742503578489e-43,7.91519800927238e-39,4.334605671740003
1000.0,210.0,june16,8.0,187031.71997236417,805114.3005343697,49521.35212091347,0.18600220543991863,0.07523656777573597,2.4722314020803187,386.6151128700423,1.5848878184249872e-43,4.754663455274962e-44,4.754663455274962e-43,1.6641322093462363e-44,5.784840537251203e-43,7.848578772837017e-39,4.304693881087836
1000.0,215.0,june16,8.0,147945.0532427479,633039.1247769301,38925.36755736048,0.1438446607556062,0.08607520574595837,1.6711509372414177,386.6151128700423,2.003610719967102e-43,6.010832159901306e-44,6.0108321599013054e-43,2.1037912559654568e-44,7.313179127879922e-43,7.79912837165871e-39,4.278879968620789
1000.0,220.0,june16,8.0,117073.33330214664,498292.0742164802,30663.876982781047,0.10527842626708989,0.09829387209770359,1.0710578800115198,386.6151128700423,2.5319540008163257e-43,7.595862002448977e-44,7.595862002448977e-43,2.6585517008571415e-44,9.24163210297959e-43,7.763952600709212e-39,4.256238890290002
1000.0,225.0,june16,8.0,93027.1858274286,394387.17722673935,24326.03947072575,0.07152965958853641,0.1113791022414084,0.6422179578490371,386.6151128700423,3.1864265483980072e-43,9.55927964519402e-44,9.559279645194022e-43,3.3457478758179074e-44,1.1630456901652727e-42,7.751313798689835e-39,4.239483047013298
1000.0,230.0,june16,8.0,74266.43646559911,313867.6833680538,19419.217694807216,0.04368106768963124,0.12559845798590968,0.3477834711516252,386.6151128700423,3.991362838320374e-43,1.197408851496112e-43,1.197408851496112e-42,4.190930980236392e-44,1.4568474359869363e-42,7.750914385630696e-39,4.226238638950183
1000.0,235.0,june16,8.0,59529.70658342698,251131.14589452685,15603.525917195866,0.022954061015713748,0.14030099077235594,0.16360583691784217,386.6151128700423,4.9794348344024535e-43,1.493830450320736e-43,1.493830450320736e-42,5.228406576122575e-44,1.8174937145568953e-42,7.769674049158658e-39,4.21858531324328
1000.0,240.0,june16,8.0,48052.11330603485,202520.86972894223,12640.60237529328,0.009590474054292244,0.15576137136786739,0.06157158203006615,386.6151128700423,6.1688087005747885e-43,1.8506426101724365e-43,1.8506426101724365e-42,6.477249135603528e-44,2.2516151757097978e-42,7.797745791321552e-39,4.214609010827994
1000.0,245.0,june16,8.0,38997.67593511339,164343.23377437526,10306.047534881527,0.0027407802139698145,0.1710109012940187,0.0160269327465715,386.6151128700423,7.601075898381263e-43,2.280322769514379e-43,2.280322769514379e-42,7.981129693300325e-44,2.774392702909161e-42,7.833704952495961e-39,4.214180200066772
1000.0,250.0,june16,8.0,31860.24718753987,134323.3850730215,8460.663784865817,0.0004376049689689613,0.18610982792921343,0.0023513264927384897,386.6151128700423,9.30389186557225e-43,2.791167559671675e-43,2.791167559671675e-42,9.769086458850863e-44,3.395920530933871e-42,7.871710096535481e-39,4.216018296479308
1000.0,255.0,june16,8.0,26195.810479155607,110491.68450190888,6983.336404731278,2.8379649379587294e-05,0.20060078449372415,0.00014147327215699478,386.6151128700423,1.131571381916748e-42,3.3947141457502436e-43,3.3947141457502437e-42,1.188149951012585e-43,4.1302355439961295e-42,7.902143625891307e-39,4.217914333661436
1000.0,260.0,june16,8.0,21668.0818103291,91412.804284491,5790.248322233888,0.0,0.21441151940645137,0.0,386.6151128700423,1.368022777641392e-42,4.104068332924176e-43,4.104068332924176e-42,1.4364239165234614e-43,4.9932831383910807e-42,7.921191593015813e-39,4.218776958877589
1000.0,265.0,june16,8.0,17998.310101356852,75868.53677126682,4807.488975881026,0.0,0.227255130109181,0.0,386.6151128700423,1.6469562585263302e-42,4.94086877557899e-43,4.94086877557899e-42,1.7293040714526465e-43,6.011390343621105e-42,7.917724056623592e-39,4.215314456969339
1000.0,270.0,june16,8.0,15004.8880609047,63138.37141315134,3995.428527818472,0.0,0.23910992774203157,0.0,386.6151128700423,1.975518200736253e-42,5.926554602208759e-43,5.926554602208759e-42,2.0742941107730653e-43,7.210641432687323e-42,7.893041776446243e-39,4.207853544583157
1000.0,275.0,june16,8.0,12529.325406267764,52535.23941525365,3311.9006758783185,0.0,0.25019056793105304,0.0,386.6151128700423,2.3658440102049535e-42,7.097532030614861e-43,7.097532030614861e-42,2.4841362107152008e-43,8.63533063724808e-42,7.835440376420457e-39,4.192982280512327
1000.0,280.0,june16,8.0,10454.05057453222,43605.08568482929,2733.037826779568,0.0,0.2602792008020924,0.0,386.6151128700423,2.8354970404047163e-42,8.506491121214148e-43,8.506491121214149e-42,2.977271892424952e-43,1.0349564197477214e-41,7.749520669147602e-39,4.171118684948628
1000.0,285.0,june16,8.0,8706.842700979181,36049.35615044659,2241.056444527345,0.0,0.2705024625018267,0.0,386.6151128700423,3.40449810365745e-42,1.0213494310972352e-42,1.0213494310972351e-41,3.5747230088403224e-43,1.2426418078349693e-41,7.629672415582654e-39,4.14034769990647
1000.0,290.0,june16,8.0,7222.41494639158,29615.46555692268,1821.6593003388148,0.0,0.2804958448850046,0.0,386.6151128700423,4.1042268665465016e-42,1.2312680599639506e-42,1.2312680599639505e-41,4.309438209873826e-43,1.4980428062894732e-41,7.476503042144866e-39,4.100493502068721
1000.0,295.0,june16,8.0,5950.5638956538705,24115.47524965426,1464.9438397758322,0.0,0.2906912020346243,0.0,386.6151128700423,4.981448814620301e-42,1.4944346443860905e-42,1.4944346443860905e-41,5.230521255351316e-43,1.81822881733641e-41,7.297542754136632e-39,4.052636972315774
1000.0,300.0,june16,8.0,4867.532841871355,19450.58997112939,1164.0510342073528,0.0,0.3016782123547579,0.0,386.6151128700423,6.089826289272885e-42,1.8269478867818653e-42,1.8269478867818655e-41,6.3943176037365285e-43,2.222786595584603e-41,7.088868590171227e-39,3.9959853591150054
1000.0,305.0,june16,8.0,3935.25566405464,15458.177852623769,908.9727613868776,0.0,0.3146261422100033,0.0,386.6151128700423,7.532529521547183e-42,2.2597588564641546e-42,2.2597588564641547e-41,7.909155997624541e-43,2.7493732753647213e-41,6.846864159428919e-39,3.9281254312957734
1000.0,310.0,june16,8.0,3138.5146837209913,12089.44798816425,696.917617639241,0.0,0.32903148227161333,0.0,386.6151128700423,9.444731808354508e-42,2.8334195425063524e-42,2.833419542506352e-41,9.916968398772232e-43,3.4473271100493955e-41,6.582199991119985e-39,3.851964768834894
1000.0,315.0,june16,8.0,2471.019311621466,9305.085873590077,524.3779493430635,0.0,0.34585142780216094,0.0,386.6151128700423,1.1996033104604178e-41,3.5988099313812535e-42,3.598809931381254e-41,1.2595834759834388e-42,4.3785520831805256e-41,6.290455239643843e-39,3.7656872327250825
1000.0,320.0,june16,8.0,1907.8031842523571,7000.192839671697,384.59712434951945,0.0,0.36566574539922503,0.0,386.6151128700423,1.55374672340448e-41,4.66124017021344e-42,4.661240170213441e-41,1.631434059574704e-42,5.671175540426353e-41,5.975665217888511e-39,3.6692426647851413
1000.0,325.0,june16,8.0,1441.7443081269807,5136.854889860899,274.3108132576993,0.0,0.3891571985506164,0.0,386.6151128700423,2.0560115477644457e-41,6.168034643293338e-42,6.168034643293337e-41,2.158812125152668e-42,7.504442149340226e-41,5.639861997344861e-39,3.562944456173621
1000.0,330.0,june16,8.0,1064.485093363013,3664.9458034269646,189.44319763605924,0.0,0.41852952413601496,0.0,386.6151128700423,2.784673045131935e-41,8.354019135395805e-42,8.354019135395805e-41,2.923906697388531e-42,1.0164056614731563e-40,5.275373660407361e-39,3.442928253554357
1000.0,335.0,june16,8.0,763.9854575925564,2530.674909288553,126.2163568723706,0.0,0.4532057923965749,0.0,386.6151128700423,3.8799729981425955e-41,1.1639918994427785e-41,1.1639918994427786e-40,4.073971648049725e-42,1.4161901443220474e-40,4.897160565887275e-39,3.312464765053415
1000.0,340.0,june16,8.0,530.2540355039818,1679.4006670166527,80.45468139837088,0.0,0.4951270741525432,0.0,386.6151128700423,5.590231753003744e-41,1.6770695259011233e-41,1.6770695259011232e-40,5.86974334065393e-42,2.0404345898463666e-40,4.497603146309726e-39,3.1671624439792536
1000.0,345.0,june16,8.0,353.67089308808653,1062.1499847019322,48.63106073896539,0.0,0.5467472044164571,0.0,386.6151128700423,8.381359632256898e-41,2.5144078896770695e-41,2.5144078896770695e-40,8.800427613869742e-42,3.0591962657737676e-40,4.075944093513978e-39,3.0032157168144153
1000.0,350.0,june16,8.0,225.63606981498265,636.9623005333702,27.80192063063611,0.0,0.608501456711197,0.0,386.6151128700423,1.31372743234863e-40,3.9411822970458897e-41,3.94118229704589e-40,1.3794138039660612e-41,4.7951051280724996e-40,3.652414580444598e-39,2.822963106278475
1000.0,355.0,june16,8.0,135.1495072284046,353.67309053423725,14.6932432867781,0.0,0.6815490869299892,0.0,386.6151128700423,2.1933065145573346e-40,6.579919543672003e-41,6.579919543672004e-40,2.302971840285201e-41,8.005568778134271e-40,3.222678622086623e-39,2.616902553233322
1000.0,360.0,june16,8.0,75.45162268438442,180.2015644930275,7.212518971967658,0.0,0.7633834114812764,0.0,386.6151128700423,3.928666927194155e-40,1.1786000781582466e-40,1.1786000781582466e-39,4.125100273553863e-41,1.4339634284258666e-39,2.8335584746929722e-39,2.3883060175765083
1000.0,365.0,june16,8.0,38.466073986569896,81.96625384025607,3.2784234549392095,0.0,0.8451640924242148,0.0,386.6151128700423,7.706122926575959e-40,2.3118368779727876e-40,2.3118368779727876e-39,8.091429072904756e-41,2.8127348682002247e-39,2.5263934149131407e-39,2.1308713197212144
1000.0,370.0,june16,8.0,17.47507507148941,32.09252787002885,1.4105023261346106,0.0,0.9145148172343214,0.0,386.6151128700423,1.6962690771319755e-39,5.088807231395927e-40,5.088807231395927e-39,1.7810825309885742e-40,6.191382131531711e-39,2.392591479044861e-39,1.8364743921694402
1000.0,375.0,june16,8.0,6.718395897930142,10.227167037376883,0.614902051999164,0.0,0.959287060520426,0.0,386.6151128700423,4.412129013334837e-39,1.3236387040004511e-39,1.3236387040004512e-38,4.6327354640015786e-40,1.6104270898672156e-38,2.7130271839846385e-39,1.522263229609281
1000.0,380.0,june16,8.0,2.1001508141312732,2.5222708077486113,0.2839619729212065,0.0,0.9828331790139706,0.0,386.6151128700423,1.4114428956659913e-38,4.234328686997974e-39,4.2343286869979743e-38,1.4820150404492908e-39,5.151766569180869e-38,4.007961093189355e-39,1.2009950860562115
1000.0,385.0,june16,8.0,0.4978095304779156,0.5080498989056155,0.1289761019052656,0.0,0.9835457514794583,0.0,386.6151128700423,5.954572512074951e-38,1.7863717536224852e-38,1.7863717536224852e-37,6.252301137678698e-39,2.173418966907357e-37,7.679975511196722e-39,1.0205708565239173
1000.0,390.0,june16,8.0,0.0829671651944848,0.1050326181950702,0.0474514708728473,0.0,0.9826723159799611,0.0,386.6151128700423,3.5727904400303414e-37,1.0718371320091023e-37,1.0718371320091024e-36,3.751429962031858e-38,1.3040685106110745e-36,1.6953416149988703e-38,1.265954042769346
1000.0,395.0,june16,8.0,0.0069302442354246,0.025101808849018,0.0116731579014322,0.0,0.9813574347891818,0.0,386.6151128700423,4.2772561048869315e-36,1.2831768314660794e-36,1.2831768314660794e-35,4.4911189101312775e-37,1.56119847828373e-35,4.992908589721e-38,3.6220669858513395
1000.0,400.0,june16,8.0,4.162604620131067e-05,0.0029650335264976,0.0008972199395026,0.0,1.071342819965822,0.0,386.6151128700423,7.121125393694967e-34,2.13633761810849e-34,2.13633761810849e-33,7.477181663379715e-35,2.599210768698663e-33,6.3892156949214265e-37,71.23024637406569
1000.0,200.0,june16,11.5,300369.7257752144,1312005.9917529016,81042.48041784206,0.2757481888035852,0.05652259619493195,4.878547826299422,386.6151128700423,9.868647510272268e-44,2.960594253081681e-44,2.960594253081681e-43,1.0362079885785882e-44,3.602056341249378e-43,7.997796726018261e-39,4.367970135361639
1000.0,205.0,june16,11.5,237007.21917926575,1027635.1029282452,63319.26786185428,0.23057824272252145,0.06512422870294711,3.5405907649864714,386.6151128700423,1.2506973233548053e-43,3.752091970064416e-44,3.752091970064416e-43,1.3132321895225454e-44,4.565045230245039e-43,7.919323883160709e-39,4.335881018674669
1000.0,210.0,june16,11.5,186970.06395307515,805122.8514696535,49535.01732336129,0.18606354229419325,0.07489577666648284,2.4842995236266763,386.6151128700423,1.58541045756752e-43,4.75623137270256e-44,4.75623137270256e-43,1.664680980445896e-44,5.786748170121448e-43,7.853333448024525e-39,4.3061591489411875
1000.0,215.0,june16,11.5,147888.9264849681,633047.3239293694,38937.88823751892,0.1438992526349581,0.0856870272238926,1.679358676535272,386.6151128700423,2.0043711296626584e-43,6.013113388987976e-44,6.013113388987975e-43,2.104589686145791e-44,7.315954623268704e-43,7.804597903331413e-39,4.2805593290564214
1000.0,220.0,june16,11.5,117022.37368285078,498299.8591936667,30675.311889875324,0.10532427176102234,0.09785363826276014,1.0763449742992874,386.6151128700423,2.5330565883634377e-43,7.599169765090313e-44,7.599169765090313e-43,2.6597094177816097e-44,9.245656547526548e-43,7.770230088275199e-39,4.258158876046545
1000.0,225.0,june16,11.5,92981.0105674324,394394.53986831807,24336.457091672553,0.0715651819022732,0.11088342556977583,0.6454091901881157,386.6151128700423,3.188008958327015e-43,9.564026874981046e-44,9.564026874981045e-43,3.3474094062433655e-44,1.1636232697893606e-42,7.758484322219311e-39,4.241667599238365
1000.0,230.0,june16,11.5,74224.70502155712,313874.71868227056,19428.701691412647,0.04370562654818722,0.12504506296368953,0.34951900948603165,386.6151128700423,3.993606906988484e-43,1.1980820720965453e-43,1.1980820720965453e-42,4.193287252337908e-44,1.4576665210507968e-42,7.75905972686444e-39,4.2287095461155655
1000.0,235.0,june16,11.5,59492.02898773949,251137.7559333356,15612.144702009917,0.02296859832172014,0.1396868190727849,0.1644292458957933,386.6151128700423,4.9825884187672e-43,1.49477652563016e-43,1.4947765256301602e-42,5.23171783970556e-44,1.8186447728500282e-42,7.778889138435231e-39,4.22136814303462
1000.0,240.0,june16,11.5,48018.2244266872,202527.12960340068,12648.418357461764,0.009597242534842974,0.15508754819312695,0.06188274072713917,386.6151128700423,6.173162339558081e-43,1.8519487018674243e-43,1.8519487018674243e-42,6.481820456535985e-44,2.2532042539386995e-42,7.808073985925804e-39,4.2177138372247205
1000.0,245.0,june16,11.5,38967.20155225741,164349.08286405337,10313.107384686571,0.002742923646965705,0.17027617269325251,0.016108675709472286,386.6151128700423,7.607020335954847e-43,2.2821061007864537e-43,2.282106100786454e-42,7.987371352752588e-44,2.776562422623519e-42,7.845201760219685e-39,4.217626011548486
1000.0,250.0,june16,11.5,31832.970466189887,134328.89513560178,8467.040340310394,0.0004379799395929755,0.18531740080629083,0.0023634042873868525,386.6151128700423,9.31186409254859e-43,2.793559227764577e-43,2.793559227764577e-42,9.777457297176018e-44,3.3988303937802355e-42,7.884392891509675e-39,4.219803969543899
1000.0,255.0,june16,11.5,26171.456232491782,110496.84613938052,6989.079273748994,2.840605849397067e-05,0.19975336348502512,0.00014220565800935903,386.6151128700423,1.1326243828773406e-42,3.397873148632022e-43,3.3978731486320216e-42,1.1892556020212076e-43,4.1340789975022935e-42,7.916001599310766e-39,4.222036601929664
1000.0,260.0,june16,11.5,21646.41195843261,91417.6457196409,5795.410999219797,0.0,0.21351306786056878,0.0,386.6151128700423,1.3693922817901368e-42,4.10817684537041e-43,4.10817684537041e-42,1.4378618958796434e-43,4.998281828533999e-42,7.936191092133254e-39,4.223223964100346
1000.0,265.0,june16,11.5,17979.05872292668,75873.01682545136,4812.100653302199,0.0,0.2263078648430679,0.0,386.6151128700423,1.6487197645407134e-42,4.946159293622141e-43,4.946159293622141e-42,1.7311557527677491e-43,6.017827140573605e-42,7.933805456058616e-39,4.220077257364926
1000.0,270.0,june16,11.5,14987.860638443515,63142.547483068935,3999.5509473482057,0.0,0.23811784609054182,0.0,386.6151128700423,1.9777625492657164e-42,5.93328764779715e-43,5.933287647797149e-42,2.0766506767290022e-43,7.218833304819865e-42,7.910162077545499e-39,4.212912636851571
1000.0,275.0,june16,11.5,12514.329481287024,52539.11567119688,3315.568299199927,0.0,0.24915686448445692,0.0,386.6151128700423,2.3686790018316495e-42,7.106037005494949e-43,7.10603700549495e-42,2.487112951923232e-43,8.645678356685521e-42,7.853517009453543e-39,4.198316477903181
1000.0,280.0,june16,11.5,10440.912841717116,43608.69812167813,2736.293314312133,0.0,0.25920564734923407,0.0,386.6151128700423,2.8390649279141317e-42,8.517194783742395e-43,8.517194783742396e-42,2.981018174309838e-43,1.0362586986886581e-41,7.768514381149497e-39,4.17671316510159
1000.0,285.0,june16,11.5,8695.320430038351,36052.65376955657,2243.9353191578152,0.0,0.2693852775584566,0.0,386.6151128700423,3.409009443967851e-42,1.0227028331903552e-42,1.0227028331903553e-41,3.579459916166243e-43,1.2442884470482655e-41,7.649596694662007e-39,4.146213363800966
1000.0,290.0,june16,11.5,7212.432999052462,29618.512946398005,1824.1938492909048,0.0,0.2793414364389322,0.0,386.6151128700423,4.10990708242581e-42,1.2329721247277429e-42,1.232972124727743e-41,4.3154024365471e-43,1.5001160850854205e-41,7.49726722091829e-39,4.106591069932872
1000.0,295.0,june16,11.5,5941.896508931913,24118.250987977262,1467.1595493028806,0.0,0.2894894245047055,0.0,386.6151128700423,4.988715205619715e-42,1.4966145616859147e-42,1.4966145616859145e-41,5.2381509659007005e-43,1.8208810500511961e-41,7.319241152677448e-39,4.059015661367122
1000.0,300.0,june16,11.5,4860.095321304116,19453.13371341114,1165.9853368306033,0.0,0.3004332406307583,0.0,386.6151128700423,6.099145696667806e-42,1.829743709000342e-42,1.8297437090003418e-41,6.4041029815011954e-43,2.2261881792837492e-41,7.111514449508137e-39,4.002623904954864
1000.0,305.0,june16,11.5,3928.90016827666,15460.48908996736,910.6525066678396,0.0,0.3133297480179602,0.0,386.6151128700423,7.544714346185447e-42,2.263414303855634e-42,2.263414303855634e-41,7.921950063494718e-43,2.753820736357688e-41,6.870613031446589e-39,3.9350679395727224
1000.0,310.0,june16,11.5,3133.129560516038,12091.534492386145,698.3663041333137,0.0,0.3276766676215523,0.0,386.6151128700423,9.460965112290191e-42,2.8382895336870573e-42,2.838289533687057e-41,9.9340133679047e-43,3.45325226598592e-41,6.607219239004323e-39,3.859251351991529
1000.0,315.0,june16,11.5,2466.478173329245,9306.95878744824,525.6163877930319,0.0,0.34443207966934136,0.0,386.6151128700423,1.201811951342593e-41,3.6054358540277785e-42,3.6054358540277783e-41,1.2619025489097224e-42,4.386613622400464e-41,6.316920566711887e-39,3.7733797477257767
1000.0,320.0,june16,11.5,1904.0194063256663,7001.872513626501,385.6512420276718,0.0,0.3641706893418912,0.0,386.6151128700423,1.556834419116065e-41,4.670503257348195e-42,4.670503257348195e-41,1.634676140071868e-42,5.682445629773637e-41,6.003951273635394e-39,3.6774165695813767
1000.0,325.0,june16,11.5,1438.6286134877628,5138.366391995741,275.20383834799753,0.0,0.38757576643767433,0.0,386.6151128700423,2.0604643329360193e-41,6.181392998808057e-42,6.181392998808058e-41,2.1634875495828202e-42,7.520694815216471e-41,5.6704769320313886e-39,3.5717115201389316
1000.0,330.0,june16,11.5,1061.9443572602568,3666.281619969037,190.1895349146001,0.0,0.4168512053676591,0.0,386.6151128700423,2.7913354651464753e-41,8.374006395439426e-42,8.374006395439425e-41,2.930902238403799e-42,1.0188374447784635e-40,5.308827939068371e-39,3.4524234672970913
1000.0,335.0,june16,11.5,761.948112802291,2531.847197743923,126.83240813004905,0.0,0.4514197951268028,0.0,386.6151128700423,3.8903475139938963e-41,1.167104254198169e-41,1.1671042541981688e-40,4.0848648896935906e-42,1.419976842607772e-40,4.934221436625955e-39,3.3228603827527063
1000.0,340.0,june16,11.5,528.6524378194307,1680.425107911017,80.95808947862828,0.0,0.49322547843263714,0.0,386.6151128700423,5.607167837264785e-41,1.6821503511794355e-41,1.6821503511794356e-40,5.887526229128024e-42,2.0466162606016465e-40,4.539455954909691e-39,3.178695467370552
1000.0,345.0,june16,11.5,352.4376324498193,1063.034505491155,49.036184035782,0.0,0.5447257231417929,0.0,386.6151128700423,8.410687944496925e-41,2.5232063833490775e-41,2.5232063833490773e-40,8.83122234172177e-42,3.0699010997413775e-40,4.1242804191388423e-39,3.01623438479576
1000.0,350.0,june16,11.5,224.70817673474224,637.7130515790276,28.121756255815527,0.0,0.6063644700493227,0.0,386.6151128700423,1.3191522398100748e-40,3.9574567194302244e-41,3.957456719430224e-40,1.3851098518005783e-41,4.814905675306773e-40,3.7096877752252034e-39,2.8379610428320943
1000.0,355.0,june16,11.5,134.4800028702842,354.304601492565,14.939985889494194,0.0,0.6793214357500792,0.0,386.6151128700423,2.204225820319146e-40,6.612677460957438e-41,6.6126774609574386e-40,2.3144371113351036e-41,8.045424244164883e-40,3.293110265282681e-39,2.634626665157924
1000.0,360.0,june16,11.5,74.98881444793363,180.72149218810847,7.397888358780536,0.0,0.7611048841259197,0.0,386.6151128700423,3.9529134688359044e-40,1.1858740406507714e-40,1.1858740406507714e-39,4.1505591422776994e-41,1.4428134161251053e-39,2.9243212534367926e-39,2.4099793218305554
1000.0,365.0,june16,11.5,38.16673489208074,82.38539569964809,3.41314471186058,0.0,0.8428631515752725,0.0,386.6151128700423,7.766561522263692e-40,2.3299684566791076e-40,2.3299684566791077e-39,8.154889598376876e-41,2.8347949556262475e-39,2.6508398389054182e-39,2.1585654610644287
1000.0,370.0,june16,11.5,17.29714561017862,32.41653099744822,1.5041053499996384,0.0,0.9121411854492222,0.0,386.6151128700423,1.7137179817046836e-39,5.141153945114051e-40,5.141153945114051e-39,1.7994038807899177e-40,6.255070633222095e-39,2.5776123846725973e-39,1.8740971330190164
1000.0,375.0,june16,11.5,6.6281917665318275,10.467514235892196,0.6761946230361467,0.0,0.9565873318347452,0.0,386.6151128700423,4.4721743891000316e-39,1.3416523167300095e-39,1.3416523167300095e-38,4.695783108555033e-40,1.6323436520215117e-38,3.024060275189406e-39,1.5792413081266774
1000.0,380.0,june16,11.5,2.062772708823841,2.6832685964994547,0.3204054589738336,0.0,0.9793691043270472,0.0,386.6151128700423,1.437018695153717e-38,4.31105608546115e-39,4.3110560854611504e-38,1.5088696299114026e-39,5.245118237311066e-38,4.604286345747061e-39,1.3008067175900395
1000.0,385.0,june16,11.5,0.4868071528993286,0.6006640722384474,0.1480087108114887,0.0,0.9786945978955308,0.0,386.6151128700423,6.089152406200854e-38,1.826745721860256e-38,1.8267457218602562e-37,6.393610026510896e-39,2.2225406282633116e-37,9.012475975764627e-39,1.233885058304935
1000.0,390.0,june16,11.5,0.0805840819595026,0.1472192506475176,0.0556757658140057,0.0,0.9750490112670595,0.0,386.6151128700423,3.6784472495726996e-37,1.10353417487181e-37,1.1035341748718099e-36,3.862369612051334e-38,1.3426332460940354e-36,2.04800367626383e-38,1.8269023741128227
1000.0,395.0,june16,11.5,0.0066567880273341,0.0395275018515335,0.0144522335002004,0.0,0.9601643538995042,0.0,386.6151128700423,4.452962801670957e-36,1.335888840501287e-36,1.335888840501287e-35,4.675610941754504e-37,1.6253314226098993e-35,6.435525817745523e-38,5.937924069269698
1000.0,400.0,june16,11.5,6.61969521205552e-05,0.0058881904063189,0.0014906383936802,0.0,0.6234140204909019,0.0,386.6151128700423,4.4779145436097645e-34,1.3433743630829293e-34,1.3433743630829293e-33,4.7018102707902526e-35,1.6344388084175642e-33,6.674951342323665e-37,88.94956969613295
1000.0,200.0,june16,15.0,300261.9454371745,1311981.178198828,81062.30744392442,0.2758471698215089,0.056163437829930794,4.911507921876242,386.6151128700423,9.87218990444115e-44,2.9616569713323447e-44,2.9616569713323448e-43,1.0365799399663206e-44,3.60334931512102e-43,8.002624931786152e-39,4.369455397648254
1000.0,205.0,june16,15.0,236908.89359308837,1027613.215256578,63337.49410492365,0.23067394086424836,0.06471236753619325,3.5646036398719887,386.6151128700423,1.2512164070649364e-43,3.7536492211948093e-44,3.753649221194809e-43,1.313777227418183e-44,4.566939885787018e-43,7.924891180645916e-39,4.337588174387379
1000.0,210.0,june16,15.0,186880.4956642273,805103.5011357892,49551.722520842966,0.18615271903273425,0.07442476295917312,2.5012201803699563,386.6151128700423,1.5861703148297834e-43,4.75851094448935e-44,4.75851094448935e-43,1.6654788305712725e-44,5.7895216491287095e-43,7.859747131124355e-39,4.308119465727114
1000.0,215.0,june16,15.0,147807.46818997865,633030.361362971,38953.189618470446,0.14397855707006846,0.08515126201486395,1.690856408504382,386.6151128700423,2.0054757602794184e-43,6.016427280838254e-44,6.016427280838254e-43,2.1057495482933888e-44,7.319986525019876e-43,7.811967756541035e-39,4.282803630391191
1000.0,220.0,june16,15.0,116948.4590886806,498285.03799874085,30689.29498683245,0.1053908395539129,0.09724672513213412,1.0837469273203078,386.6151128700423,2.5346575487454556e-43,7.603972646236367e-44,7.603972646236367e-43,2.661390426182728e-44,9.251500052920913e-43,7.778685320405092e-39,4.2607234150977344
1000.0,225.0,june16,15.0,92914.08842906644,394381.6405081726,24349.205773113477,0.07161672731466893,0.11020101301391348,0.6498735842439755,386.6151128700423,3.1903051480677556e-43,9.570915444203267e-44,9.570915444203267e-43,3.3498204054711433e-44,1.1644613790447308e-42,7.768139652932504e-39,4.244583864257099
1000.0,230.0,june16,15.0,74164.3101660877,313863.71212054923,19440.316828077357,0.04374121772395178,0.12428477276685553,0.3519434983882173,386.6151128700423,3.996859054974613e-43,1.199057716492384e-43,1.1990577164923838e-42,4.1967020077233433e-44,1.4588535550657338e-42,7.770020634587633e-39,4.232004739444961
1000.0,235.0,june16,15.0,59437.53317994598,251128.25333680332,15622.70317342161,0.022989657276432096,0.13884406465882054,0.16557897042933914,386.6151128700423,4.98715674733429e-43,1.496147024200287e-43,1.496147024200287e-42,5.236514584701004e-44,1.820312212777016e-42,7.791286954293041e-39,4.225078664966081
1000.0,240.0,june16,15.0,47969.24860960706,202519.1003856916,12657.99885074484,0.009607041162265422,0.15416442744244085,0.06231684780752892,386.6151128700423,6.179465037188573e-43,1.8538395111565718e-43,1.8538395111565717e-42,6.488438289048e-44,2.255504738573829e-42,7.821966133895086e-39,4.221852671361877
1000.0,245.0,june16,15.0,38923.22544960601,164342.27935679696,10321.769924817729,0.002746022647381795,0.169271638481879,0.016222579706852452,386.6151128700423,7.615614873105893e-43,2.284684461931768e-43,2.284684461931768e-42,7.996395616761187e-44,2.779699428683651e-42,7.860662455621899e-39,4.222216362042536
1000.0,250.0,june16,15.0,31793.634178118977,134323.25127657372,8474.868562535074,0.0004385218249583474,0.18423557913791822,0.0023802233369379275,386.6151128700423,9.323385083397562e-43,2.7970155250192684e-43,2.7970155250192685e-42,9.789554337567438e-44,3.40303555544011e-42,7.901446313969443e-39,4.2248473554186425
1000.0,255.0,june16,15.0,26136.382876034007,110492.20647020754,6996.131204069134,2.8444177610140832e-05,0.19859890650961082,0.00014322424080801438,386.6151128700423,1.1341442924570954e-42,3.4024328773712865e-43,3.4024328773712865e-42,1.19085150707995e-43,4.139626667468399e-42,7.934622274375995e-39,4.227524787736576
1000.0,260.0,june16,15.0,21615.22544259001,91413.9070830219,5801.751244276367,0.0,0.21229103665830854,0.0,386.6151128700423,1.3713680453186834e-42,4.1141041359560504e-43,4.11410413595605e-42,1.4399364475846175e-43,5.0054933654131945e-42,7.95633626328852e-39,4.229144281923731
1000.0,265.0,june16,15.0,17951.395319566607,75870.01665416658,4817.772302795043,0.0,0.22502204086977498,0.0,386.6151128700423,1.6512604695423187e-42,4.953781408626956e-43,4.953781408626956e-42,1.7338234930194343e-43,6.027100713829463e-42,7.955396954861321e-39,4.226413340219298
1000.0,270.0,june16,15.0,14963.414738042107,63140.237039578446,4004.624485584669,0.0,0.23677335088306456,0.0,386.6151128700423,1.9809936423780437e-42,5.942980927134131e-43,5.942980927134131e-42,2.080043324496946e-43,7.23062679467986e-42,7.933135646054673e-39,4.219640913851998
1000.0,275.0,june16,15.0,12492.835864556097,52537.41678967699,3320.0847147747145,0.0,0.24775918519145218,0.0,386.6151128700423,2.3727542557752647e-42,7.1182627673257935e-43,7.118262767325794e-42,2.4913919685640278e-43,8.660553033579716e-42,7.87774513651611e-39,4.20540358964716
1000.0,280.0,june16,15.0,10422.1072796333,43607.54762038976,2740.305827121897,0.0,0.257756967458257,0.0,386.6151128700423,2.8441877126187383e-42,8.532563137856215e-43,8.532563137856215e-42,2.986397098249675e-43,1.0381285151058395e-41,7.793944162317629e-39,4.184139200486534
1000.0,285.0,june16,15.0,8678.863597969632,36051.8882184627,2247.4848046416737,0.0,0.2678815620714816,0.0,386.6151128700423,3.4154735962507815e-42,1.0246420788752344e-42,1.0246420788752345e-41,3.5862472760633204e-43,1.2466478626315351e-41,7.676225008228484e-39,4.153987191006991
1000.0,290.0,june16,15.0,7198.176587139684,29618.1273455974,1827.3215108328936,0.0,0.27778927618270566,0.0,386.6151128700423,4.118046995024646e-42,1.2354140985073937e-42,1.2354140985073937e-41,4.323949344775878e-43,1.5030871531839957e-41,7.524995856629292e-39,4.114670845740763
1000.0,295.0,june16,15.0,5929.567104027248,24118.160828450873,1469.8981577792604,0.0,0.28788016875153005,0.0,386.6151128700423,4.999088288282422e-42,1.4997264864847268e-42,1.4997264864847265e-41,5.2490427026965425e-43,1.824667225223084e-41,7.348150665522208e-39,4.067440405905902
1000.0,300.0,june16,15.0,4849.524172219195,19453.306210544422,1168.3786946107496,0.0,0.2987687083767292,0.0,386.6151128700423,6.112440811025515e-42,1.8337322433076546e-42,1.8337322433076544e-41,6.4180628515767904e-43,2.231040896024313e-41,7.141645615671463e-39,4.011384523451582
1000.0,305.0,june16,15.0,3919.884770447169,15460.852118764424,912.7313225741829,0.0,0.3116015405768401,0.0,386.6151128700423,7.562066540273787e-42,2.2686199620821364e-42,2.2686199620821365e-41,7.940169867287477e-43,2.7601542871999325e-41,6.90213499469807e-39,3.9442108694946905
1000.0,310.0,june16,15.0,3125.506208760237,12092.06005458347,700.1618209188966,0.0,0.32587654930297943,0.0,386.6151128700423,9.484041139078492e-42,2.8452123417235475e-42,2.8452123417235477e-41,9.958243196032415e-43,3.4616750157636495e-41,6.640363513606923e-39,3.868832517654766
1000.0,315.0,june16,15.0,2460.072172223182,9307.59164914324,527.1544186788611,0.0,0.3425532657312643,0.0,386.6151128700423,1.204941456556508e-41,3.6148243696695244e-42,3.614824369669524e-41,1.2651885293843333e-42,4.3980363164312544e-41,6.351902130731063e-39,3.783462840739308
1000.0,320.0,june16,15.0,1898.6936799808805,7002.588109939602,386.96187583215135,0.0,0.36219926556519977,0.0,386.6151128700423,1.5612012499365262e-41,4.6836037498095794e-42,4.683603749809579e-41,1.6392613124333527e-42,5.698384562268321e-41,6.041253642269376e-39,3.6881083998816053
1000.0,325.0,june16,15.0,1434.256412312296,5139.153108147548,276.31476760599946,0.0,0.38550077823823675,0.0,386.6151128700423,2.0667454724178685e-41,6.200236417253606e-42,6.200236417253606e-41,2.1700827460387616e-42,7.543620974325219e-41,5.710722949118949e-39,3.583148078705291
1000.0,330.0,june16,15.0,1058.3934511830612,3667.090119718105,191.11949758929256,0.0,0.4146621861465309,0.0,386.6151128700423,2.80070038521056e-41,8.40210115563168e-42,8.40210115563168e-41,2.9407354044710875e-42,1.0222556406018545e-40,5.352684505195804e-39,3.4647702285185815
1000.0,335.0,june16,15.0,759.1151165501582,2532.657623484519,127.60143760339535,0.0,0.44910849960933447,0.0,386.6151128700423,3.904866181434911e-41,1.1714598544304732e-41,1.1714598544304732e-40,4.1001094905066563e-42,1.4252761562237425e-40,4.982665383999755e-39,3.3363287968685507
1000.0,340.0,june16,15.0,526.4356724890574,1681.217867191922,81.58712414885099,0.0,0.49078640882788094,0.0,386.6151128700423,5.63077903216057e-41,1.689233709648171e-41,1.689233709648171e-40,5.912317983768597e-42,2.055234346738608e-40,4.593990679516314e-39,3.193586519779144
1000.0,345.0,june16,15.0,350.7396859008778,1063.7913102208238,49.54287754936134,0.0,0.5421616946447924,0.0,386.6151128700423,8.451404462027303e-41,2.535421338608191e-41,2.535421338608191e-40,8.873974685128667e-42,3.0847626286399655e-40,4.1870689638234475e-39,3.0329938498076343
1000.0,350.0,june16,15.0,223.44176624030737,638.4216978623008,28.523496234708823,0.0,0.6036972087075934,0.0,386.6151128700423,1.3266288556118673e-40,3.979886566835602e-41,3.979886566835602e-40,1.3929602983924607e-41,4.842195322983316e-40,3.784009316790117e-39,2.8572173797430978
1000.0,355.0,june16,15.0,133.57422243870732,354.95293555005486,15.250982308632777,0.0,0.6766009538231853,0.0,386.6151128700423,2.2191729005144864e-40,6.65751870154346e-41,6.65751870154346e-40,2.330131545540211e-41,8.099981086877875e-40,3.3844566645543723e-39,2.6573460737376235
1000.0,360.0,june16,15.0,74.37149537943849,181.29895714309583,7.6323868870309886,0.0,0.7584123903366952,0.0,386.6151128700423,3.985724545821434e-40,1.1957173637464302e-40,1.1957173637464303e-39,4.1850107731125057e-41,1.4547894592248234e-39,3.042059175884505e-39,2.4377479062121914
1000.0,365.0,june16,15.0,37.77566100686874,82.88672489999205,3.5842590202336786,0.0,0.8402672576552797,0.0,386.6151128700423,7.846965128932478e-40,2.3540895386797435e-40,2.3540895386797436e-39,8.239313385379102e-41,2.8641422720603547e-39,2.8125555544835367e-39,2.1941833098544796
1000.0,370.0,june16,15.0,17.070115696006265,32.82599533748811,1.6234728052572538,0.0,0.9095830453071367,0.0,386.6151128700423,1.736510167371771e-39,5.209530502115313e-40,5.209530502115313e-39,1.8233356757403595e-40,6.338262110906964e-39,2.8191770327807923e-39,1.9230095403025358
1000.0,375.0,june16,15.0,6.517978925974195,10.786178149236036,0.754648372498018,0.0,0.9537086702921604,0.0,386.6151128700423,4.547794615628785e-39,1.3643383846886354e-39,1.3643383846886355e-38,4.775184346410223e-40,1.6599450347045064e-38,3.431985805139512e-39,1.6548347688350196
1000.0,380.0,june16,15.0,2.02004640579746,2.9038454765824517,0.3674310261615388,0.0,0.9753391900865749,0.0,386.6151128700423,1.467413292053818e-38,4.4022398761614546e-39,4.402239876161454e-38,1.540783956656509e-39,5.356058515996436e-38,5.3917317170241615e-39,1.4375142413800597
1000.0,385.0,june16,15.0,0.4755789089247303,0.7295508954063464,0.172757044411892,0.0,0.9714927881824602,0.0,386.6151128700423,6.232915065840069e-38,1.8698745197520207e-38,1.8698745197520207e-37,6.544560819132071e-39,2.2750139990316253e-37,1.0767799848448834e-38,1.5340270178419795
1000.0,390.0,june16,15.0,0.078755157131907,0.206919021988209,0.0664923035517155,0.0,0.9581338405630039,0.0,386.6151128700423,3.7638715410953e-37,1.12916146232859e-37,1.1291614623285902e-36,3.952065118150065e-38,1.3738131124997846e-36,2.502684890401719e-38,2.6273710766856873
1000.0,395.0,june16,15.0,0.0067570079925335,0.060491958199562,0.0181499639812959,0.0,0.8922579160061885,0.0,386.6151128700423,4.386916442467176e-36,1.3160749327401529e-36,1.316074932740153e-35,4.606262264590535e-37,1.6012245015005192e-35,7.9622375419734e-38,8.952476934525706
1000.0,400.0,june16,15.0,0.0001832857019643,0.0106240200504853,0.0023297834199978,0.0,0.2144431661920519,0.0,386.6151128700423,1.6172799703765777e-34,4.851839911129734e-35,4.851839911129733e-34,1.6981439688954064e-35,5.903071891874509e-34,3.767912060477884e-37,57.96425982292183
1000.0,200.0,annual,8.0,241298.1805134269,1048977.374178639,64671.6814050909,0.2473748636344265,0.060960553669221776,4.057949751846217,386.6151128700423,1.2284564020024967e-43,3.68536920600749e-44,3.68536920600749e-43,1.2898792221026213e-44,4.4838658673091126e-43,7.944634105034973e-39,4.347224549918516
1000.0,205.0,annual,8.0,189229.47856592375,816774.9684463013,50262.74047266274,0.20171403115872627,0.07037919776609218,2.8661030185244534,386.6151128700423,1.5664805340569866e-43,4.69944160217096e-44,4.69944160217096e-43,1.6448045607598357e-44,5.7176539493080015e-43,7.873560453878446e-39,4.316319923493069
1000.0,210.0,annual,8.0,148428.17405487454,636516.7064095758,39142.605667158066,0.15756661739727792,0.08105454355118431,1.9439578645924738,386.6151128700423,1.9970891411335695e-43,5.991267423400709e-44,5.9912674234007085e-43,2.0969435981902476e-44,7.289375365137529e-43,7.817127273355469e-39,4.288381976418121
1000.0,215.0,annual,8.0,116806.82840689074,498213.543632367,30657.937701630708,0.11685139774638072,0.09278947429218705,1.2593173809609535,386.6151128700423,2.537730873153187e-43,7.613192619459562e-44,7.613192619459563e-43,2.6646174168108463e-44,9.262717687009133e-43,7.780159501263532e-39,4.265277556350259
1000.0,220.0,annual,8.0,92009.8112226634,390661.5749402669,24083.45469939501,0.08092317912871373,0.10595162559188193,0.763774776240093,386.6151128700423,3.221659632861627e-43,9.66497889858488e-44,9.66497889858488e-43,3.382742614504708e-44,1.1759057659944938e-42,7.758869382489255e-39,4.245868671492732
1000.0,225.0,annual,8.0,72840.14953297215,308337.62191027787,19073.11729778525,0.05107610348114617,0.11990741320155505,0.4259628501474817,386.6151128700423,4.069517931303705e-43,1.2208553793911114e-43,1.2208553793911114e-42,4.27299382786889e-44,1.485374044925852e-42,7.761839284919595e-39,4.233072335617658
1000.0,230.0,annual,8.0,57990.93873168262,244953.2500137869,15213.451986358172,0.028235280434973118,0.13489764679234023,0.2093089175857764,386.6151128700423,5.111562273802712e-43,1.5334686821408136e-43,1.5334686821408137e-42,5.367140387492847e-44,1.86572022993799e-42,7.776450722777735e-39,4.223991805808788
1000.0,235.0,annual,8.0,46388.85121818872,195786.92329765187,12220.748526029403,0.01302059773627643,0.15016588885367407,0.08670809220171215,386.6151128700423,6.389989983779715e-43,1.9169969951339146e-43,1.9169969951339146e-42,6.7094894829687e-44,2.332346344079596e-42,7.80904606756186e-39,4.220559857729033
1000.0,240.0,annual,8.0,37392.35356531658,157801.80274913693,9898.601802881203,0.004603464976958505,0.1660063415757971,0.02773065735477703,386.6151128700423,7.927404037980183e-43,2.3782212113940547e-43,2.378221211394055e-42,8.323774239879191e-44,2.893502473862767e-42,7.847021590251837e-39,4.220162351468205
1000.0,245.0,annual,8.0,30317.81928453337,128013.49189185708,8067.66625174607,0.0011046819197457589,0.1813112713905382,0.0060927371545826964,386.6151128700423,9.777230079159887e-43,2.9331690237479662e-43,2.9331690237479664e-42,1.0266091583117881e-43,3.568688978893359e-42,7.887942914519479e-39,4.222384555117496
1000.0,250.0,annual,8.0,24751.3356382187,104585.77121020142,6616.881311958744,0.00015042819345859247,0.1961778197221082,0.0007667951130850497,386.6151128700423,1.1976092885491102e-42,3.592827865647331e-43,3.592827865647331e-42,1.2574897529765656e-43,4.371273903204252e-42,7.924438520428814e-39,4.225459697969181
1000.0,255.0,annual,8.0,20327.05699985027,85917.03031961941,5448.841685841053,7.991813596525539e-06,0.2102276843053995,3.801503889904321e-05,386.6151128700423,1.4582745286022313e-42,4.374823585806694e-43,4.374823585806694e-42,1.5311882550323426e-43,5.322702029398144e-42,7.945907040848048e-39,4.226732395164351
1000.0,260.0,annual,8.0,16785.05388649629,70916.36427168723,4500.79733535893,0.0,0.2234177412575706,0.0,386.6151128700423,1.766001447762697e-42,5.298004343288091e-43,5.298004343288091e-42,1.854301520150832e-43,6.445905284333845e-42,7.94841461033036e-39,4.224970902758913
1000.0,265.0,annual,8.0,13900.830342104904,58617.12572107671,3714.730560299442,0.0,0.23560038935757763,0.0,386.6151128700423,2.132421498199423e-42,6.397264494598269e-43,6.397264494598269e-42,2.239042573109394e-43,7.783338468427893e-42,7.921371306800918e-39,4.216807505629965
1000.0,270.0,annual,8.0,11534.965114475714,48480.2891214167,3061.670951767021,0.0,0.24688662688576857,0.0,386.6151128700423,2.5697892598849564e-42,7.709367779654869e-43,7.70936777965487e-42,2.698278722879204e-43,9.379730798580091e-42,7.867849129152643e-39,4.202898633874215
1000.0,275.0,annual,8.0,9568.418666651603,39994.81410146474,2510.2659094583173,0.0,0.25758718755930166,0.0,386.6151128700423,3.097944445892488e-42,9.293833337677463e-43,9.293833337677462e-42,3.2528416681871114e-43,1.1307497227507579e-41,7.776664331919647e-39,4.179877103502687
1000.0,280.0,annual,8.0,7912.080463267386,32824.71122389896,2043.1742077420784,0.0,0.2675624096738968,0.0,386.6151128700423,3.74647725107767e-42,1.123943175323301e-42,1.1239431753233011e-41,3.933801113631553e-43,1.3674641966433496e-41,7.654705689294339e-39,4.148682685456867
1000.0,285.0,annual,8.0,6514.117666691257,26756.44015717791,1647.498413543252,0.0,0.2781019763587023,0.0,386.6151128700423,4.550490332082647e-42,1.3651470996247941e-42,1.3651470996247942e-41,4.778014848686779e-43,1.6609289712101662e-41,7.496925602950066e-39,4.107454228834712
1000.0,290.0,annual,8.0,5326.187616389849,21605.685319600267,1312.683614037284,0.0,0.288863089397158,0.0,386.6151128700423,5.565412185840219e-42,1.6696236557520658e-42,1.6696236557520657e-41,5.84368279513223e-43,2.03137544783168e-41,7.30562538171588e-39,4.056500986393124
1000.0,295.0,annual,8.0,4311.848307390436,17234.972809286908,1031.2501171414478,0.0,0.3003395355353267,0.0,386.6151128700423,6.874645709015483e-42,2.062393712704645e-42,2.0623937127046448e-41,7.218377994466257e-43,2.5092456837906515e-41,7.089479192728169e-39,3.9971194672471317
1000.0,300.0,annual,8.0,3454.654553289719,13572.376533620833,797.7537163850986,0.0,0.31317848319280883,0.0,386.6151128700423,8.580432285508873e-42,2.5741296856526617e-42,2.574129685652662e-41,9.009453899784315e-43,3.1318577842107383e-41,6.845071743955388e-39,3.928721764871235
1000.0,305.0,annual,8.0,2725.6398632630667,10489.91922471668,603.9697992747394,0.0,0.32872288704985103,0.0,386.6151128700423,1.087540208956299e-41,3.262620626868897e-42,3.262620626868897e-41,1.1419172194041138e-42,3.969521762690491e-41,6.56841441706544e-39,3.848607941974555
1000.0,310.0,annual,8.0,2112.8604036043816,7944.606167856141,447.0386390338233,0.0,0.34641808985065964,0.0,386.6151128700423,1.4029525762212955e-41,4.208857728663887e-42,4.208857728663887e-41,1.4731002050323603e-42,5.120776903207729e-41,6.271740103029642e-39,3.7601188201090983
1000.0,315.0,annual,8.0,1610.6209279984323,5897.139002419149,323.3309854793102,0.0,0.367284234962397,0.0,386.6151128700423,1.8404348875042177e-41,5.5213046625126533e-42,5.521304662512653e-41,1.9324566318794284e-42,6.717587339390394e-41,5.950696258872421e-39,3.661407162855945
1000.0,320.0,annual,8.0,1198.0622456774704,4255.917853317444,226.7466597314765,0.0,0.39201707611474096,0.0,386.6151128700423,2.474197778226905e-41,7.422593334680714e-42,7.422593334680715e-41,2.59790766713825e-42,9.030821890528202e-41,5.610160817279912e-39,3.5523345040481114
1000.0,325.0,annual,8.0,867.6917198132355,2979.592396318919,153.8251229950137,0.0,0.421227864864675,0.0,386.6151128700423,3.4162397528361407e-41,1.0248719258508422e-41,1.0248719258508422e-40,3.587051740477947e-42,1.2469275097851914e-40,5.255035001604745e-39,3.433929733661922
1000.0,330.0,annual,8.0,610.671493730913,2016.365309395328,100.47385136177898,0.0,0.4572503902533244,0.0,386.6151128700423,4.854071259037516e-41,1.4562213777112548e-41,1.4562213777112549e-40,5.096774821989392e-42,1.7717360095486934e-40,4.877072341800188e-39,3.3018821577478477
1000.0,335.0,annual,8.0,414.9671193859765,1311.3418629332448,62.92280477325424,0.0,0.4990069611674228,0.0,386.6151128700423,7.143320055861052e-41,2.1429960167583157e-41,2.142996016758316e-40,7.500486058654104e-42,2.607311820389284e-40,4.494777333078166e-39,3.160110287469587
1000.0,340.0,annual,8.0,270.81637374708873,813.7958922935738,37.495313914053646,0.0,0.5476238042345378,0.0,386.6151128700423,1.0945582445472793e-40,3.283674733641838e-41,3.283674733641838e-40,1.1492861567746432e-41,3.9951375925975696e-40,4.104080497651574e-39,3.0049730045258096
1000.0,345.0,annual,8.0,168.72261850641485,478.28169396898426,21.132882287949432,0.0,0.6038139878567147,0.0,386.6151128700423,1.756873484227032e-40,5.270620452681095e-41,5.270620452681096e-40,1.8447171584383834e-41,6.412588217428666e-40,3.7127800536989446e-39,2.8347218541466623
1000.0,350.0,annual,8.0,99.7727955343703,264.5063747544378,11.24202141549701,0.0,0.6668131931348179,0.0,386.6151128700423,2.970993175601253e-40,8.91297952680376e-41,8.91297952680376e-40,3.1195428343813157e-41,1.0844125090944573e-39,3.3399968905404755e-39,2.651087135904888
1000.0,355.0,annual,8.0,55.0329533205604,134.7538233344316,5.558833926715704,0.0,0.7350837325771816,0.0,386.6151128700423,5.3863054180762775e-40,1.6158916254228831e-40,1.615891625422883e-39,5.65562068898009e-41,1.9660014775978413e-39,2.994157729765503e-39,2.4486024318830686
1000.0,360.0,annual,8.0,28.12298791081518,62.67470156394666,2.5797291280529944,0.0,0.8073568340415193,0.0,386.6151128700423,1.054028453816169e-39,3.162085361448507e-40,3.162085361448507e-39,1.1067298765069772e-40,3.8472038564290165e-39,2.7191079041062314e-39,2.228593269061714
1000.0,365.0,annual,8.0,13.081489758477964,25.98113866524329,1.131339659809862,0.0,0.8750977169803489,0.0,386.6151128700423,2.2659826985773096e-39,6.797948095731929e-40,6.797948095731929e-39,2.379281833506175e-40,8.27083684980718e-39,2.5635960953434864e-39,1.9860993774356022
1000.0,370.0,annual,8.0,5.417477201050951,9.282063714750697,0.4804235109766248,0.0,0.931007470304389,0.0,386.6151128700423,5.471629757588444e-39,1.6414889272765332e-39,1.6414889272765332e-38,5.745211245467866e-40,1.997144861519782e-38,2.6286995789048184e-39,1.7133553811634028
1000.0,375.0,annual,8.0,1.8932352805681152,2.7100460402733324,0.2070612004075405,0.0,0.9667089938815544,0.0,386.6151128700423,1.5657023597950458e-38,4.6971070793851376e-39,4.6971070793851373e-38,1.643987477784798e-39,5.714813613251917e-38,3.241962101000811e-39,1.4314364770659205
1000.0,380.0,annual,8.0,0.5399664981515196,0.6263718979765596,0.0906277425146126,0.0,0.983737934055708,0.0,386.6151128700423,5.489679371924551e-38,1.6469038115773653e-38,1.6469038115773652e-37,5.764163340520778e-39,2.003732970752461e-37,4.975172486065584e-39,1.1600199273859277
1000.0,385.0,annual,8.0,0.1165788575262841,0.1240864966732088,0.0370889810987763,0.0,0.9834529296005918,0.0,386.6151128700423,2.542693426005148e-37,7.628080278015445e-38,7.628080278015444e-37,2.6698280973054055e-38,9.280831004918791e-37,9.430590841708769e-39,1.0643996630798342
1000.0,390.0,annual,8.0,0.0174277937288213,0.0259488918539792,0.0118990161887786,0.0,0.9830345644649423,0.0,386.6151128700423,1.700871029664875e-36,5.102613088994625e-37,5.1026130889946254e-36,1.7859145811481186e-37,6.208179258276794e-36,2.0238691917006875e-38,1.4889372836141672
1000.0,395.0,annual,8.0,0.0012675225966519,0.0055196751189646,0.0024498353775822,0.0,0.9832577502985314,0.0,386.6151128700423,2.3386115200333615e-35,7.015834560100085e-36,7.015834560100085e-35,2.4555420960350295e-36,8.53593204812177e-35,5.729213236199013e-38,4.354695635047893
1000.0,400.0,annual,8.0,6.894624516606837e-06,0.0005107688426212,0.0001528818949612,0.0,1.066328189377009,0.0,386.6151128700423,4.2993537056193084e-33,1.2898061116857924e-33,1.2898061116857925e-32,4.5143213909002735e-34,1.5692641025510476e-32,6.572933416235371e-37,74.08218408282123
1000.0,200.0,annual,11.5,241234.51715466392,1048985.3623929669,64685.56738631602,0.24744014747058002,0.060684379267557605,4.077493260326775,386.6151128700423,1.2287805996404128e-43,3.686341798921238e-44,3.686341798921238e-43,1.2902196296224332e-44,4.485049188687506e-43,7.948437028103772e-39,4.348404924658545
1000.0,205.0,annual,11.5,189171.59366569703,816782.6251080339,50275.45159827868,0.20177575393824984,0.07006171416707516,2.879971698338384,386.6151128700423,1.5669598637896591e-43,4.700879591368977e-44,4.7008795913689776e-43,1.645307856979142e-44,5.719403502832256e-43,7.877961478840237e-39,4.31768115540353
1000.0,210.0,annual,11.5,148375.6409090263,636523.9538782694,39154.19810466994,0.15762240465482125,0.08069089238827037,1.9534101060175413,386.6151128700423,1.9977962206412325e-43,5.993388661923697e-44,5.993388661923697e-43,2.097686031673294e-44,7.291956205340499e-43,7.822210899574771e-39,4.289949145146689
1000.0,215.0,annual,11.5,116759.2120577283,498220.4803184731,30668.51592961933,0.11689905169040064,0.09237530331285164,1.2654794896260673,386.6151128700423,2.538765802022668e-43,7.616297406068003e-44,7.616297406068004e-43,2.665704092123801e-44,9.266495177382738e-43,7.786017944090498e-39,4.267076417680363
1000.0,220.0,annual,11.5,91966.77370802467,390668.1452396424,24093.073828671768,0.08096104859358613,0.10548236276298485,0.7675316183000446,386.6151128700423,3.2231672667387317e-43,9.669501800216195e-44,9.669501800216195e-43,3.384325630075668e-44,1.1764560523596371e-42,7.765600691969445e-39,4.2479270446077875
1000.0,225.0,annual,11.5,72801.33665975188,308343.8189909564,19081.84080439351,0.05110333389228909,0.1193801039711134,0.4280724525474919,386.6151128700423,4.0716875299784315e-43,1.2215062589935295e-43,1.2215062589935294e-42,4.275271906477353e-44,1.4861659484421274e-42,7.769529325228265e-39,4.235414253889982
1000.0,230.0,annual,11.5,57956.03552138508,244959.15763624207,15221.356343533187,0.028252284736974904,0.13431078685371742,0.21035007983197548,386.6151128700423,5.1146406405575545e-43,1.5343921921672664e-43,1.5343921921672662e-42,5.370372672585431e-44,1.8668438338035073e-42,7.785176775904338e-39,4.226637578511648
1000.0,235.0,annual,11.5,46357.50134365502,195792.45595334357,12227.8964247755,0.013029403088022204,0.1495170992579047,0.08714323079226914,386.6151128700423,6.394311299175427e-43,1.918293389752628e-43,1.918293389752628e-42,6.714026864134198e-44,2.333923624199031e-42,7.818897627408878e-39,4.223533414838412
1000.0,240.0,annual,11.5,37364.311821669304,157807.02670234084,9905.05032047204,0.004606919856186289,0.16529787576284577,0.02787041173351722,386.6151128700423,7.933353518138747e-43,2.380006055441624e-43,2.3800060554416242e-42,8.330021194045684e-44,2.8956740341206426e-42,7.85802658072582e-39,4.223469375149075
1000.0,245.0,annual,11.5,30292.74719982898,128018.3549377056,8073.4584743049,0.0011055962204026312,0.18054266618453377,0.006123739300895195,386.6151128700423,9.785322298036634e-43,2.9355966894109904e-43,2.9355966894109906e-42,1.0274588412938466e-43,3.571642638783372e-42,7.900139323088858e-39,4.2260397874521045
1000.0,250.0,annual,11.5,24729.033234551363,104590.33635641636,6622.082771153162,0.00015056386031874185,0.19535334135295807,0.0007707258001116448,386.6151128700423,1.1986893779135281e-42,3.5960681337405844e-43,3.596068133740584e-42,1.2586238468092043e-43,4.375216229384378e-42,7.937820277445477e-39,4.229455125252649
1000.0,255.0,annual,11.5,20307.275171488283,85921.29009996465,5453.497429690298,7.999598623494071e-06,0.20935049986375734,3.821150954356502e-05,386.6151128700423,1.4596950705600202e-42,4.379085211680061e-43,4.379085211680061e-42,1.5326798240880211e-43,5.327887007544073e-42,7.960443315430669e-39,4.231059527897639
1000.0,260.0,annual,11.5,16767.576778215378,70920.34367599069,4504.955504012605,0.0,0.22249222222001702,0.0,386.6151128700423,1.767842178772016e-42,5.3035265363160485e-43,5.3035265363160485e-42,1.856234287710617e-43,6.452623952517858e-42,7.964050353484629e-39,4.229611983535461
1000.0,265.0,annual,11.5,13885.420024142571,58620.790429462606,3718.4182387060646,0.0,0.23462844966668572,0.0,386.6151128700423,2.134788102397195e-42,6.404364307191586e-43,6.404364307191585e-42,2.2415275075170547e-43,7.791976573749762e-42,7.93803501572644e-39,4.2217513281945145
1000.0,270.0,annual,11.5,11521.445961076506,48483.68908613764,3064.942815249412,0.0,0.24587173732753886,0.0,386.6151128700423,2.572804625779601e-42,7.718413877338803e-43,7.718413877338803e-42,2.701444857068581e-43,9.390736884095544e-42,7.88549905282364e-39,4.208125373319684
1000.0,275.0,annual,11.5,9556.617908016076,39997.95362247972,2513.1531074004524,0.0,0.2565317882495877,0.0,386.6151128700423,3.1017698677126464e-42,9.30530960313794e-43,9.30530960313794e-42,3.256858361098279e-43,1.1321460017151161e-41,7.795222581483129e-39,4.185367041715615
1000.0,280.0,annual,11.5,7901.842610119945,32827.621528703756,2045.714614158086,0.0,0.26646713519524334,0.0,386.6151128700423,3.751331294091339e-42,1.1253993882274017e-42,1.1253993882274017e-41,3.9388978587959056e-43,1.3692359223433387e-41,7.674153250871216e-39,4.154426144436386
1000.0,285.0,annual,11.5,6505.230489527464,26759.079585306135,1649.7236405023789,0.0,0.276961331522703,0.0,386.6151128700423,4.556707023993633e-42,1.36701210719809e-42,1.36701210719809e-41,4.784542375193314e-43,1.6631980637576762e-41,7.517307300325537e-39,4.113471402494441
1000.0,290.0,annual,11.5,5318.579808556987,21608.10864970441,1314.6223939799522,0.0,0.2876826567693323,0.0,386.6151128700423,5.5733730678697454e-42,1.6720119203609236e-42,1.6720119203609235e-41,5.852041721263232e-43,2.034281169772457e-41,7.326881045026315e-39,4.0627591250843755
1000.0,295.0,annual,11.5,4305.32462648164,17237.163572569265,1032.9253485531606,0.0,0.2991066096768055,0.0,386.6151128700423,6.885062576233994e-42,2.065518772870198e-42,2.0655187728701981e-41,7.229315705045692e-43,2.513047840325408e-41,7.11175566136682e-39,4.003684987316664
1000.0,300.0,annual,11.5,3449.1372479438432,13574.36844020978,799.1979797576446,0.0,0.31189638674724707,0.0,386.6151128700423,8.594157707698722e-42,2.5782473123096163e-42,2.5782473123096165e-41,9.023865593083657e-43,3.136867563310033e-41,6.868433477711408e-39,3.9355837313525166
1000.0,305.0,annual,11.5,2721.0002338711593,10491.712853185794,605.206705960168,0.0,0.3273812496514555,0.0,386.6151128700423,1.0893945945074447e-41,3.268183783522334e-42,3.268183783522334e-41,1.1438643242328168e-42,3.976290269952173e-41,6.593089140326635e-39,3.8558294566036344
1000.0,310.0,annual,11.5,2109.000203978476,7946.209039016155,448.0888949448891,0.0,0.3450078729574754,0.0,386.6151128700423,1.4055204645504084e-41,4.2165613936512254e-42,4.2165613936512255e-41,1.4757964877779286e-42,5.13014969560899e-41,6.297981117828197e-39,3.7677611524295767
1000.0,315.0,annual,11.5,1607.4312682165646,5898.561517389935,324.21306450942734,0.0,0.36579801083999547,0.0,386.6151128700423,1.8440869012841484e-41,5.532260703852445e-42,5.532260703852445e-41,1.9362912463483556e-42,6.730917189687142e-41,5.978770654870276e-39,3.669557531958647
1000.0,320.0,annual,11.5,1195.4666649877872,4257.177392782752,227.4828358234932,0.0,0.3904416843851535,0.0,386.6151128700423,2.479569722224765e-41,7.438709166674295e-42,7.438709166674295e-41,2.6035482083360027e-42,9.050429486120391e-41,5.640595520337608e-39,3.56110088007033
1000.0,325.0,annual,11.5,865.6125379566291,2980.7099890370173,154.43534594553157,0.0,0.41955149891997573,0.0,386.6151128700423,3.424445483923033e-41,1.0273336451769099e-41,1.02733364517691e-40,3.5956677581191844e-42,1.2499226016319071e-40,5.288554229812669e-39,3.4434690561129138
1000.0,330.0,annual,11.5,609.0290459156785,2017.336239691061,100.97092378992176,0.0,0.45546343312035875,0.0,386.6151128700423,4.86716186413733e-41,1.4601485592411991e-41,1.4601485592411992e-40,5.110519957344197e-42,1.7765140804101257e-40,4.9144182965702386e-39,3.3123809992641404
1000.0,335.0,annual,11.5,413.69916259673306,1312.1767862516344,63.321002937942886,0.0,0.4971000558614149,0.0,386.6151128700423,7.165213794068583e-41,2.1495641382205752e-41,2.1495641382205753e-40,7.523474483772013e-42,2.615303034835033e-40,4.5370852370520566e-39,3.171813977130822
1000.0,340.0,annual,11.5,269.8643482038106,814.5081572324478,37.80969798692095,0.0,0.5455935141255495,0.0,386.6151128700423,1.098419619398572e-40,3.295258858195716e-41,3.295258858195716e-40,1.1533406003685004e-41,4.009231610804788e-40,4.153091407236867e-39,3.0182132714222183
1000.0,345.0,annual,11.5,168.0290181449281,478.8784926990968,21.375809322293627,0.0,0.601662065845938,0.0,386.6151128700423,1.7641256130390644e-40,5.292376839117193e-41,5.292376839117193e-40,1.8523318936910175e-41,6.4390584875925844e-40,3.770961272489739e-39,2.8499749506722423
1000.0,350.0,annual,11.5,99.2847481690405,264.9941188172267,11.424684060907072,0.0,0.66455042319367,0.0,386.6151128700423,2.9855974871244723e-40,8.956792461373417e-41,8.956792461373417e-40,3.1348773614806955e-41,1.0897430828004324e-39,3.4109508023435166e-39,2.669031484735725
1000.0,355.0,annual,11.5,54.70908244541831,135.1441996286685,5.691730006860576,0.0,0.7327406697143426,0.0,386.6151128700423,5.418191667517133e-40,1.6254575002551399e-40,1.62545750025514e-39,5.689101250892989e-41,1.9776399586437538e-39,3.0838884096929205e-39,2.47023334312905
1000.0,360.0,annual,11.5,27.92007360674987,62.974854049146174,2.6727896936703024,0.0,0.8049746061445503,0.0,386.6151128700423,1.0616888007473258e-39,3.1850664022419775e-40,3.1850664022419775e-39,1.1147732407846922e-40,3.8751641227277396e-39,2.8376708845226358e-39,2.255540402082664
1000.0,365.0,annual,11.5,12.963904864451766,26.2016085338862,1.19359412399553,0.0,0.8726764533134432,0.0,386.6151128700423,2.2865355596375624e-39,6.859606678912687e-40,6.859606678912687e-39,2.40086233761944e-40,8.345854792677102e-39,2.7291954082902252e-39,2.021120087492577
1000.0,370.0,annual,11.5,5.355367378139414,9.434334882008898,0.5198073462635003,0.0,0.9284718624615647,0.0,386.6151128700423,5.535087954064104e-39,1.660526386219231e-39,1.6605263862192313e-38,5.811842351767309e-40,2.020307103233398e-38,2.8771793807371295e-39,1.761659698738841
1000.0,375.0,annual,11.5,1.865521852013713,2.8093206975306444,0.2303960633141292,0.0,0.9637896420977221,0.0,386.6151128700423,1.588961792772902e-38,4.7668853783187056e-39,4.766885378318706e-38,1.6684098824115468e-39,5.799710543621092e-38,3.6609054181143775e-39,1.5059167999014111
1000.0,380.0,annual,11.5,0.5297782686359239,0.6840030790078221,0.1030381277784222,0.0,0.9799815639925327,0.0,386.6151128700423,5.59525205528925e-38,1.6785756165867748e-38,1.678575616586775e-37,5.875014658053712e-39,2.0422670001805763e-37,5.7652429622537305e-39,1.2911119981742496
1000.0,385.0,annual,11.5,0.1138719125000837,0.1529457482584266,0.0428805397528334,0.0,0.9781265174544191,0.0,386.6151128700423,2.6031379304624874e-37,7.809413791387462e-38,7.809413791387463e-37,2.733294826985612e-38,9.50145344618808e-37,1.1162395950930517e-38,1.3431384869233156
1000.0,390.0,annual,11.5,0.0169048725502035,0.037469478223337,0.0141349940360807,0.0,0.974257009011354,0.0,386.6151128700423,1.753484350520614e-36,5.260453051561841e-37,5.260453051561842e-36,1.8411585680466445e-37,6.40021787940024e-36,2.478549083696972e-38,2.2164898381849056
1000.0,395.0,annual,11.5,0.0012210488083895,0.0089143638521608,0.0031087481472928,0.0,0.9569152530427608,0.0,386.6151128700423,2.4276203588801794e-35,7.282861076640538e-36,7.282861076640538e-35,2.549001376824188e-36,8.860814309912654e-35,7.546860292999041e-38,7.300579461617413
1000.0,400.0,annual,11.5,1.2203820260007466e-05,0.0010613685545082,0.0002632920943702,0.0,0.5575312731679827,0.0,386.6151128700423,2.428946742313722e-33,7.286840226941166e-34,7.286840226941166e-33,2.550394079429408e-34,8.865655609445085e-33,6.395224748974544e-37,86.97018899781393
1000.0,200.0,annual,15.0,241141.8582521162,1048963.7436825812,64702.509276173674,0.24753522649450835,0.06030163532278067,4.104950473888638,386.6151128700423,1.229252759317127e-43,3.687758277951381e-44,3.687758277951382e-43,1.2907153972829833e-44,4.486772571507514e-43,7.95357380624785e-39,4.349986150417234
1000.0,205.0,annual,15.0,189087.40441955617,816763.6457708857,50290.96653953297,0.20186559254313052,0.06962222008897068,2.899442050040421,386.6151128700423,1.5676575367524373e-43,4.702972610257312e-44,4.702972610257312e-43,1.646040413590059e-44,5.721950009146396e-43,7.88390127262635e-39,4.319503185725748
1000.0,210.0,annual,15.0,148299.2701239553,636507.2555399459,39168.36135450488,0.15770357664425994,0.08018794619713523,1.9666743459990748,386.6151128700423,1.9988250407133385e-43,5.996475122140016e-44,5.9964751221400155e-43,2.0987662927490053e-44,7.295711398603687e-43,7.829070147909298e-39,4.292045773441259
1000.0,215.0,annual,15.0,116690.05715423691,498205.9202029122,30681.43583208908,0.116968330451891,0.09180331877983904,1.2741187574318769,386.6151128700423,2.5402703698351085e-43,7.620811109505326e-44,7.620811109505325e-43,2.667283888326864e-44,9.271986849898147e-43,7.793914234825308e-39,4.269480471197308
1000.0,220.0,annual,15.0,91904.30716804964,390655.4930154299,24104.8296720852,0.08101607709806247,0.10483507734406461,0.7727955103440319,386.6151128700423,3.2253580248557133e-43,9.67607407456714e-44,9.67607407456714e-43,3.386625926098499e-44,1.1772556790723354e-42,7.774670582064013e-39,4.25067665545974
1000.0,225.0,annual,15.0,72745.04780404875,308332.87298077974,19092.51036695524,0.051142876765298946,0.11865379435504085,0.43102605393525883,386.6151128700423,4.074838131136335e-43,1.2224514393409005e-43,1.2224514393409005e-42,4.2785800376931514e-44,1.4873159178647624e-42,7.779888926238499e-39,4.238541073082076
1000.0,230.0,annual,15.0,57905.49205455025,244949.88329473604,15231.031789358958,0.028276945064794348,0.1335042108702437,0.21180564178816402,386.6151128700423,5.1191050127684764e-43,1.535731503830543e-43,1.535731503830543e-42,5.3750602634069e-44,1.868473329660494e-42,7.796925118254346e-39,4.230166683740109
1000.0,235.0,annual,15.0,46312.130881702375,195784.504081921,12236.648368284656,0.01304216756302727,0.14862654108005444,0.08775126883967778,386.6151128700423,6.400575594339337e-43,1.9201726783018013e-43,1.920172678301801e-42,6.720604374056304e-44,2.336210091933858e-42,7.832159290255505e-39,4.227499369053524
1000.0,240.0,annual,15.0,37323.76317740385,157800.36319116518,9912.95052129872,0.004611924827242397,0.16432702161261403,0.028065529223273995,386.6151128700423,7.941972336346066e-43,2.3825917009038197e-43,2.38259170090382e-42,8.339070953163369e-44,2.898819902766314e-42,7.872837881172176e-39,4.227879231821376
1000.0,245.0,annual,15.0,30256.54854754865,128012.7580422546,8080.562192885029,0.0011069189454015486,0.17949158165167514,0.006166968585466349,386.6151128700423,9.797029366301905e-43,2.9391088098905714e-43,2.9391088098905714e-42,1.0286880834616999e-43,3.575915718700195e-42,7.916550509992355e-39,4.230910800717422
1000.0,250.0,annual,15.0,24696.85479057279,104585.74315155296,6628.46539895319,0.0001507600355315594,0.19422753314515592,0.0007762032142934591,386.6151128700423,1.2002511945627325e-42,3.6007535836881976e-43,3.600753583688198e-42,1.260263754290869e-43,4.3809168601539735e-42,7.955823513211306e-39,4.234779855104267
1000.0,255.0,annual,15.0,20278.77452755204,85917.56062105138,5459.211732862772,8.010841596371516e-06,0.2081553011656365,3.8484927126583275e-05,386.6151128700423,1.4617465874998135e-42,4.385239762499441e-43,4.38523976249944e-42,1.534833916874804e-43,5.335375044374319e-42,7.9799841209511e-39,4.236822126717682
1000.0,260.0,annual,15.0,16742.414174732585,70917.38408845269,4510.059639207565,0.0,0.2212331749404652,0.0,386.6151128700423,1.7704991141040622e-42,5.311497342312187e-43,5.3114973423121864e-42,1.859024069809265e-43,6.462321766479827e-42,7.98505659577348e-39,4.235792003967994
1000.0,265.0,annual,15.0,13863.268902021562,58618.45712325783,3722.951630588466,0.0,0.23330895474525457,0.0,386.6151128700423,2.1381991270475057e-42,6.414597381142517e-43,6.414597381142517e-42,2.2451090833998805e-43,7.804426813723396e-42,7.960411926564345e-39,4.228328653043007
1000.0,270.0,annual,15.0,11502.031412668395,48481.93648649109,3068.968001415548,0.0,0.24449615867259175,0.0,386.6151128700423,2.577147323009309e-42,7.731441969027928e-43,7.731441969027927e-42,2.7060046891597743e-43,9.406587728983978e-42,7.909182669249309e-39,4.215075993714714
1000.0,275.0,annual,15.0,9539.700966065922,39996.711299597446,2516.7071729377044,0.0,0.2551046937684263,0.0,386.6151128700423,3.107270298070106e-42,9.321810894210317e-43,9.321810894210317e-42,3.2626338129736107e-43,1.1341536587955887e-41,7.820089447409314e-39,4.192658809942938
1000.0,280.0,annual,15.0,7887.186750902325,32826.83224319471,2048.844739877728,0.0,0.2649891719034369,0.0,386.6151128700423,3.7583019650113045e-42,1.1274905895033914e-42,1.1274905895033914e-41,3.946217063261869e-43,1.3717802172291261e-41,7.700177211885541e-39,4.162045768656257
1000.0,285.0,annual,15.0,6492.53835555416,26758.603182201263,1652.4663308983738,0.0,0.2754262981321817,0.0,386.6151128700423,4.565614839836746e-42,1.3696844519510238e-42,1.3696844519510238e-41,4.793895581828582e-43,1.666449416540412e-41,7.544524802680193e-39,4.1214393688271596
1000.0,290.0,annual,15.0,5307.715258594542,21607.938051742876,1317.0142434830325,0.0,0.2860958939885308,0.0,386.6151128700423,5.5847814021915916e-42,1.6754344206574775e-42,1.6754344206574775e-41,5.864020472301171e-43,2.038445211799931e-41,7.355236653425469e-39,4.071043188828588
1000.0,295.0,annual,15.0,4296.049003589265,17237.22563359088,1034.9956237904664,0.0,0.2974566734338856,0.0,386.6151128700423,6.899928152486543e-42,2.069978445745963e-42,2.069978445745963e-41,7.24492456011087e-43,2.518473775657588e-41,7.141395442292211e-39,4.012343811532297
1000.0,300.0,annual,15.0,3441.299958137011,13574.633581488322,800.9848840765334,0.0,0.3101836593728635,0.0,386.6151128700423,8.613730225474045e-42,2.5841190676422135e-42,2.5841190676422133e-41,9.044416736747747e-43,3.144011532298026e-41,6.899467706117859e-39,3.9446237603876626
1000.0,305.0,annual,15.0,2714.424353446779,10492.119756753462,606.7374027556973,0.0,0.32559497915868346,0.0,386.6151128700423,1.0920337281341934e-41,3.27610118440258e-42,3.27610118440258e-41,1.146635414540903e-42,3.985923107689806e-41,6.625777079297616e-39,3.8653203738872133
1000.0,310.0,annual,15.0,2103.5418249057043,7946.732438625468,449.3907304436003,0.0,0.3431375472088083,0.0,386.6151128700423,1.4091675817121497e-41,4.227502745136449e-42,4.227502745136449e-41,1.479625960797757e-42,5.143461673249346e-41,6.332668488630648e-39,3.7777867521040123
1000.0,315.0,annual,15.0,1602.939234495396,5899.15522112822,325.3088875324707,0.0,0.36383558264308397,0.0,386.6151128700423,1.8492547207292452e-41,5.547764162187735e-42,5.547764162187736e-41,1.9417174567657074e-42,6.749779730661745e-41,6.015789959646005e-39,3.6802113855459213
1000.0,320.0,annual,15.0,1191.8210866179677,4257.81959631638,228.39858506370513,0.0,0.3883713148636632,0.0,386.6151128700423,2.487154305051247e-41,7.461462915153741e-42,7.461462915153741e-41,2.6115120203038093e-42,9.078113213437052e-41,5.6806252410880764e-39,3.57253252532962
1000.0,325.0,annual,15.0,862.702920058195,2981.389811229186,155.19488306301147,0.0,0.41736193234260693,0.0,386.6151128700423,3.435995030865058e-41,1.0307985092595175e-41,1.0307985092595175e-40,3.607794782408311e-42,1.2541381862657463e-40,5.3324884702019124e-39,3.4558707776578195
1000.0,330.0,annual,15.0,606.7420793942911,2018.01332235237,101.59079259480158,0.0,0.4531468534637878,0.0,386.6151128700423,4.885507445588625e-41,1.4656522336765874e-41,1.4656522336765874e-40,5.1297828178680554e-42,1.7832102176398481e-40,4.963225736251528e-39,3.3259821444508137
1000.0,335.0,annual,15.0,411.9448210568936,1312.833946745703,63.81863706272091,0.0,0.49465237744319607,0.0,386.6151128700423,7.195728153172589e-41,2.1587184459517767e-41,2.1587184459517765e-40,7.555514560831217e-42,2.626440775907995e-40,4.592215634093244e-39,3.1869169841180938
1000.0,340.0,annual,15.0,268.5551896827129,815.1291933969926,38.203027907326295,0.0,0.5430172681213599,0.0,386.6151128700423,1.103774218600976e-40,3.311322655802928e-41,3.3113226558029282e-40,1.1589629295310248e-41,4.028775897893563e-40,4.216751727660036e-39,3.0352390298621104
1000.0,345.0,annual,15.0,167.0819955436181,479.4481298481521,21.68004982166157,0.0,0.5989697553270898,0.0,386.6151128700423,1.7741246965528935e-40,5.32237408965868e-41,5.3223740896586806e-40,1.862830931380538e-41,6.4755551424180614e-40,3.846311181110694e-39,2.86953796720119
1000.0,350.0,annual,15.0,98.62606541660884,265.5025585788379,11.654623730751013,0.0,0.6617736937219322,0.0,386.6151128700423,3.0055370595099788e-40,9.016611178529937e-41,9.016611178529937e-40,3.1558139124854776e-41,1.0970210267211423e-39,3.502840353741662e-39,2.692012070615632
1000.0,355.0,annual,15.0,54.27709414766103,135.5811311516529,5.859686141353328,0.0,0.7299341344104433,0.0,386.6151128700423,5.461314746085153e-40,1.6383944238255459e-40,1.638394423825546e-39,5.73438048338941e-41,1.9933798823210807e-39,3.2001590331203743e-39,2.4979438063283923
1000.0,360.0,annual,15.0,27.654115810250627,63.332128694075365,2.7908737067576417,0.0,0.8022107646451844,0.0,386.6151128700423,1.0718993754029082e-39,3.2156981262087248e-40,3.215698126208725e-39,1.1254943441730535e-40,3.912432720220615e-39,2.991535783101915e-39,2.2901520022780795
1000.0,365.0,annual,15.0,12.813405486524832,26.47843844319789,1.272920080061244,0.0,0.8699669483961419,0.0,386.6151128700423,2.3133919780733294e-39,6.940175934219989e-40,6.940175934219988e-39,2.4290615769769957e-40,8.443880719967653e-39,2.9447631019421417e-39,2.066463788338224
1000.0,370.0,annual,15.0,5.277961381972102,9.632854186706972,0.5701862721791201,0.0,0.9256917780062317,0.0,386.6151128700423,5.616264940015815e-39,1.6848794820047445e-39,1.6848794820047445e-38,5.897078187016605e-40,2.0499367031057723e-38,3.202317169717907e-39,1.825108880032705
1000.0,375.0,annual,15.0,1.8325644671493475,2.9428280020747275,0.2603142762948949,0.0,0.960485059086007,0.0,386.6151128700423,1.61753815462971e-38,4.85261446388913e-39,4.85261446388913e-38,1.6984150623611954e-39,5.904014264398442e-38,4.2106827410181283e-39,1.6058523750885854
1000.0,380.0,annual,15.0,0.5185084910701947,0.7634041783899949,0.1190864898406591,0.0,0.9751201256113261,0.0,386.6151128700423,5.716864810284158e-38,1.7150594430852474e-38,1.7150594430852473e-37,6.002708050798365e-39,2.0866556557537178e-37,6.808013631503258e-39,1.4723079593438069
1000.0,385.0,annual,15.0,0.1112694284337664,0.1932704720929537,0.0504277457266089,0.0,0.9691231132179592,0.0,386.6151128700423,2.6640228031702453e-37,7.992068409510736e-38,7.992068409510735e-37,2.7972239433287573e-38,9.723683231571396e-37,1.34340664528157e-38,1.7369593320774428
1000.0,390.0,annual,15.0,0.0165747600249459,0.0538833642862164,0.0170825981791421,0.0,0.9523629099963409,0.0,386.6151128700423,1.7884077609397598e-36,5.365223282819279e-37,5.3652232828192794e-36,1.8778281489867477e-37,6.527688327430124e-36,3.0550651160593146e-38,3.250928773938148
1000.0,395.0,annual,15.0,0.0012673973881295,0.0139431464424474,0.0039961695634187,0.0,0.8688820536520465,0.0,386.6151128700423,2.338842555772928e-35,7.016527667318784e-36,7.016527667318784e-35,2.4557846835615742e-36,8.536775328571187e-35,9.346411435008177e-38,11.001400644375257
1000.0,400.0,annual,15.0,3.684449604121802e-05,0.0019980672384891,0.0004269562757474,0.0,0.17589670431994192,0.0,386.6151128700423,8.045280204447982e-34,2.4135840613343946e-34,2.4135840613343945e-33,8.447544214670381e-35,2.9365272746235135e-33,3.434982873435391e-37,54.22973451051842
1000.0,200.0,sun,8.0,232115.35005652232,1007790.1364231402,62096.58722439821,0.23997448858105705,0.06197362032259614,3.8722038075539085,386.6151128700423,1.27705597484652e-43,3.83116792453956e-44,3.83116792453956e-43,1.340908773588846e-44,4.661254308189798e-43,7.930081773249581e-39,4.34176428305036
1000.0,205.0,sun,8.0,181726.2143015879,783418.266042555,48188.85901281282,0.19388495433721725,0.07160956845428025,2.707528596000474,386.6151128700423,1.631158695417138e-43,4.893476086251414e-44,4.893476086251414e-43,1.7127166301879946e-44,5.953729238272553e-43,7.860367640098015e-39,4.31098104945066
1000.0,210.0,sun,8.0,142312.46423014297,609570.0795505685,37476.01623365578,0.1494773102194589,0.08253477089081905,1.811082875812361,386.6151128700423,2.0829116848395366e-43,6.24873505451861e-44,6.248735054518609e-43,2.187057269081513e-44,7.602627649664308e-43,7.805923211431776e-39,4.283321793689076
1000.0,215.0,sun,8.0,111827.45742769173,476466.1574758277,29319.253370703165,0.10877965904094673,0.09453973753077817,1.150623662410028,386.6151128700423,2.6507290916002716e-43,7.952187274800815e-44,7.952187274800816e-43,2.783265546180285e-44,9.675161184340991e-43,7.771739785372222e-39,4.260726018776859
1000.0,220.0,sun,8.0,87965.91081845404,373152.3227858296,23010.044303527557,0.07319962468882359,0.10799777857499063,0.6777882439312937,386.6151128700423,3.369763262669334e-43,1.0109289788008003e-43,1.0109289788008002e-42,3.5382514258028005e-44,1.229963590874307e-42,7.753840196642094e-39,4.242010561977236
1000.0,225.0,sun,8.0,69556.67947343277,294236.906732327,18211.33391382452,0.04411004643917939,0.1222440222159793,0.3608360199507038,386.6151128700423,4.261622275348737e-43,1.278486682604621e-43,1.2784866826046212e-42,4.4747033891161734e-44,1.555492130502289e-42,7.760982627096847e-39,4.230174714488937
1000.0,230.0,sun,8.0,55325.42729921196,233595.4946995117,14520.809888874628,0.022474130573876844,0.1375098877877356,0.1634364694455179,386.6151128700423,5.357831093470751e-43,1.6073493280412254e-43,1.6073493280412252e-42,5.625722648144288e-44,1.955608349116824e-42,7.780004672499004e-39,4.222208595627764
1000.0,235.0,sun,8.0,44223.93710190203,186625.48382084753,11662.428479103428,0.008832576213330268,0.1530111585580536,0.05772504630751568,386.6151128700423,6.702802013313383e-43,2.010840603994015e-43,2.010840603994015e-42,7.037942113979051e-44,2.4465227348593847e-42,7.817094908985779e-39,4.220010610787996
1000.0,240.0,sun,8.0,35629.59566515634,150386.05243956964,9446.336661448076,0.002212370852417358,0.16903440906084777,0.013088286963046468,386.6151128700423,8.319608715996713e-43,2.4958826147990136e-43,2.4958826147990138e-42,8.735589151796547e-44,3.0366571813388e-42,7.85898248228227e-39,4.220818385167318
1000.0,245.0,sun,8.0,28879.272734599093,121989.21696107644,7699.376635054241,0.0002773295815611483,0.18443536242473701,0.0015036681573161916,386.6151128700423,1.0264257599816194e-42,3.0792772799448582e-43,3.079277279944858e-42,1.0777470479807003e-43,3.746454023932911e-42,7.902838514020273e-39,4.224109730260834
1000.0,250.0,sun,8.0,23573.48790912836,99668.2833559218,6315.003207730303,1.4029539038152026e-05,0.19930568999435802,7.039206476518144e-05,386.6151128700423,1.2574477556564254e-42,3.772343266969276e-43,3.772343266969276e-42,1.3203201434392466e-43,4.589684308145953e-42,7.940786610523597e-39,4.227982033890168
1000.0,255.0,sun,8.0,19356.783285154987,81871.69355496307,5199.1071448774255,0.0,0.2132848696744875,0.0,386.6151128700423,1.5313716658211785e-42,4.5941149974635355e-43,4.5941149974635356e-42,1.6079402491122373e-43,5.5895065802473016e-42,7.961765369233734e-39,4.229612552295904
1000.0,260.0,sun,8.0,15980.78804087358,67561.67223925568,4292.250946263086,0.0,0.22633376835976296,0.0,386.6151128700423,1.8548790828407075e-42,5.5646372485221226e-43,5.564637248522123e-42,1.947623036982743e-43,6.770308652368582e-42,7.961606498526633e-39,4.227680891984503
1000.0,265.0,sun,8.0,13229.360373780704,55811.06257616042,3538.9563953054985,0.0,0.2383351596140606,0.0,386.6151128700423,2.240654772930347e-42,6.721964318791041e-43,6.721964318791041e-42,2.352687511576864e-43,8.178389921195767e-42,7.929579538333641e-39,4.218727209727575
1000.0,270.0,sun,8.0,10969.38035284468,46108.97652192417,2911.971237177075,0.0,0.24943773596638494,0.0,386.6151128700423,2.7022884165594813e-42,8.106865249678444e-43,8.106865249678444e-42,2.837402837387455e-43,9.863352720442107e-42,7.868986143577992e-39,4.203425812467772
1000.0,275.0,sun,8.0,9087.89334605002,37972.328324696406,2381.706968301922,0.0,0.2599882920769547,0.0,386.6151128700423,3.261749267470352e-42,9.785247802411055e-43,9.785247802411056e-42,3.424836730843869e-43,1.1905384826266784e-41,7.768530959187826e-39,4.17834220525935
1000.0,280.0,sun,8.0,7500.411646704671,31085.1564558753,1931.9872930982592,0.0,0.26987951572242963,0.0,386.6151128700423,3.952107012333227e-42,1.1856321036999681e-42,1.185632103699968e-41,4.149712362949888e-43,1.4425190595016278e-41,7.63542052879232e-39,4.1444600536735425
1000.0,285.0,sun,8.0,6158.5598698086305,25249.18355644769,1550.840855922558,0.0,0.2804645012276725,0.0,386.6151128700423,4.8132079724749736e-42,1.4439623917424922e-42,1.443962391742492e-41,5.053868371098722e-43,1.7568209099533653e-41,7.464519571766367e-39,4.099851928082706
1000.0,290.0,sun,8.0,5016.961118766162,20292.7888186235,1228.4523575431908,0.0,0.29143322968726015,0.0,386.6151128700423,5.908443131729392e-42,1.7725329395188175e-42,1.7725329395188175e-41,6.203865288315861e-43,2.156581743081228e-41,7.258240894582845e-39,4.044836772347594
1000.0,295.0,sun,8.0,4041.755177412307,16088.642038312204,957.8762689928216,0.0,0.3033313903214589,0.0,386.6151128700423,7.334048739514598e-42,2.2002146218543796e-42,2.2002146218543798e-41,7.700751176490328e-43,2.676927789922829e-41,7.02511124321775e-39,3.98060776373219
1000.0,300.0,sun,8.0,3217.9596744796677,12570.900104021985,734.0224131267698,0.0,0.31688256457863434,0.0,386.6151128700423,9.211560262674953e-42,2.763468078802486e-42,2.763468078802486e-41,9.6721382758087e-43,3.362219495876358e-41,6.761491692671331e-39,3.9064815521824876
1000.0,305.0,sun,8.0,2518.3841103357063,9618.758336591818,549.0537257729073,0.0,0.33357084936016007,0.0,386.6151128700423,1.1770416332707855e-41,3.531124899812356e-42,3.5311248998123563e-41,1.2358937149343245e-42,4.2962019614383665e-41,6.462590941371528e-39,3.8194167033993938
1000.0,310.0,sun,8.0,1931.984782041044,7191.907874440684,400.2050818994518,0.0,0.3529534328953357,0.0,386.6151128700423,1.5342993247085318e-41,4.6028979741255954e-42,4.602897974125595e-41,1.6110142909439584e-42,5.600192535186141e-41,6.140343869032515e-39,3.7225489254852198
1000.0,315.0,sun,8.0,1453.5109371199171,5252.444576387738,283.89201753938784,0.0,0.3762575829926845,0.0,386.6151128700423,2.0393674864987813e-41,6.118102459496345e-42,6.118102459496344e-41,2.1413358608237202e-42,7.443691325720552e-41,5.7896015024636937e-39,3.6136257679596686
1000.0,320.0,sun,8.0,1062.9820292923662,3711.65305988516,194.14205884998137,0.0,0.40453358003971823,0.0,386.6151128700423,2.7886105924161754e-41,8.365831777248526e-42,8.365831777248526e-41,2.928041122036984e-42,1.017842866231904e-40,5.4138660174254254e-39,3.4917364147313297
1000.0,325.0,sun,8.0,753.0978531471011,2528.4691850405575,127.49078413547632,0.0,0.43882861410309026,0.0,386.6151128700423,3.9360661221453963e-41,1.1808198366436189e-41,1.180819836643619e-40,4.132869428252666e-42,1.4366641345830698e-40,5.0181215632140016e-39,3.357424502638539
1000.0,330.0,sun,8.0,515.0467154218899,1650.5838445139118,79.77573618999382,0.0,0.4823046169908787,0.0,386.6151128700423,5.755289486711191e-41,1.7265868460133573e-41,1.7265868460133574e-40,6.04305396104675e-42,2.100680662649585e-40,4.5913245578891696e-39,3.2047264744943966
1000.0,335.0,sun,8.0,336.82322643273113,1022.5738627302844,47.17506298431777,0.0,0.5348179206205139,0.0,386.6151128700423,8.800589489705929e-41,2.6401768469117787e-41,2.6401768469117786e-40,9.240618964191223e-42,3.2122151637426637e-40,4.151683634760021e-39,3.0359363086693443
1000.0,340.0,sun,8.0,208.71587642137908,593.8469339578508,26.0269616243003,0.0,0.5986560855440936,0.0,386.6151128700423,1.4202287805112566e-40,4.26068634153377e-41,4.26068634153377e-40,1.4912402195368194e-41,5.183835048866087e-40,3.696423996809329e-39,2.8452408323692913
1000.0,345.0,sun,8.0,121.15097504508807,318.53012067176996,13.256085288835733,0.0,0.6750418136358788,0.0,386.6151128700423,2.4467347005086404e-40,7.340204101525921e-41,7.340204101525921e-40,2.5690714355340724e-41,8.930581656856537e-40,3.2434123869096496e-39,2.629199810841179
1000.0,350.0,sun,8.0,64.7819881777067,154.345478446858,6.160943709755562,0.0,0.7626914015712911,0.0,386.6151128700423,4.575720859788019e-40,1.3727162579364056e-40,1.3727162579364057e-39,4.80450690277742e-41,1.670138113822627e-39,2.819075864870831e-39,2.382536917877007
1000.0,355.0,sun,8.0,30.919801199531587,64.97218711302732,2.600112129937261,0.0,0.8485048683451044,0.0,386.6151128700423,9.586875825313003e-40,2.8760627475939008e-40,2.876062747593901e-39,1.0066219616578652e-40,3.499209676239246e-39,2.492695212159863e-39,2.1013132229974234
1000.0,360.0,sun,8.0,12.746297610953173,22.713709346612184,1.0395828202862896,0.0,0.919719265008993,0.0,386.6151128700423,2.325571736129474e-39,6.976715208388421e-40,6.976715208388421e-39,2.4418503229359473e-40,8.48833683687258e-39,2.4176244242235615e-39,1.7819848586536844
1000.0,365.0,sun,8.0,4.322034541194334,6.225306297844007,0.4305545795817438,0.0,0.9643821783101522,0.0,386.6151128700423,6.858443444122976e-39,2.057533033236893e-39,2.0575330332368927e-38,7.201365616329124e-40,2.503331857104886e-38,2.952934233669535e-39,1.440364772310156
1000.0,370.0,sun,8.0,1.14530663941908,1.2979097513172273,0.1879332836678117,0.0,0.9872482705442063,0.0,386.6151128700423,2.588165338791933e-38,7.764496016375799e-39,7.764496016375799e-38,2.7175736057315294e-39,9.446803486590556e-38,4.8640241079438226e-39,1.1332421437594653
1000.0,375.0,sun,8.0,0.2143071682921885,0.2240817464161185,0.0744577581840951,0.0,0.9854977969839758,0.0,386.6151128700423,1.3831748933340651e-37,4.149524680002195e-38,4.149524680002195e-37,1.4523336380007681e-38,5.048588360669338e-37,1.0298810173417936e-38,1.0456101314847446
1000.0,380.0,sun,8.0,0.0245751604041441,0.0437161534391757,0.0214769885689915,0.0,0.9875703655076697,0.0,386.6151128700423,1.2061947501807047e-36,3.618584250542114e-37,3.6185842505421136e-36,1.2665044876897398e-37,4.402610838159572e-36,2.5905430861608547e-38,1.7788756093654579
1000.0,385.0,sun,8.0,0.000741738015762,0.0072798074060748,0.0028182081171377,0.0,0.9992742535444311,0.0,386.6151128700423,3.9963476098599535e-35,1.1989042829579862e-35,1.198904282957986e-34,4.196164990352951e-36,1.4586668775988831e-34,1.126253927301117e-37,9.814526492343973
1000.0,390.0,sun,8.0,1.7043166306652138e-07,4.886187205858248e-05,1.0212426964454662e-05,0.0,0.0,,386.6151128700423,1.7392560121153992e-31,5.217768036346197e-32,5.217768036346198e-31,1.826218812721169e-32,6.348284444221207e-31,1.7762024996217186e-36,286.69480294580677
1000.0,395.0,sun,8.0,0.0,0.0,0.0,,,,386.6151128700423,,,,,,,
1000.0,400.0,sun,8.0,0.0,0.0,0.0,,,,386.6151128700423,,,,,,,
1000.0,200.0,sun,11.5,232053.1366577371,1007797.927914843,62110.144333565775,0.2400388256926833,0.06169335700051942,3.890837480130354,386.6151128700423,1.2773983532938812e-43,3.8321950598816433e-44,3.8321950598816436e-43,1.341268270958575e-44,4.662503989522666e-43,7.93393960945422e-39,4.342961885498138
1000.0,205.0,sun,11.5,181669.69257909537,783425.7317857952,48201.25970194931,0.19394527651550109,0.0712871747013119,2.720619484894972,386.6151128700423,1.631666187326299e-43,4.894998561978896e-44,4.894998561978897e-43,1.7132494966926136e-44,5.955581583740991e-43,7.864836564220441e-39,4.312363392395279
1000.0,210.0,sun,11.5,142261.21075810256,609577.1430005919,37487.3163833513,0.14953116348767714,0.0821652995227893,1.8198821687031437,386.6151128700423,2.083662110449108e-43,6.250986331347325e-44,6.250986331347324e-43,2.1878452159715635e-44,7.605366703139244e-43,7.81109007704072e-39,4.284914628184219
1000.0,215.0,sun,11.5,111781.04111449496,476472.9155354872,29329.55635990357,0.10882482905075466,0.09411879466678873,1.1562497101246365,386.6151128700423,2.651829788735392e-43,7.955489366206176e-44,7.955489366206176e-43,2.7844212781721615e-44,9.679178728884181e-43,7.777699124558586e-39,4.262555714143385
1000.0,220.0,sun,11.5,87923.99636916752,373158.7207302877,23019.404856726764,0.07323451984922928,0.10752077307364119,0.6811197292924114,386.6151128700423,3.371369670216913e-43,1.0114109010650738e-43,1.011410901065074e-42,3.5399381537277583e-44,1.2305499296291732e-42,7.760692336041251e-39,4.244105547289977
1000.0,225.0,sun,11.5,69518.91599450573,294242.9379150919,18219.814934372356,0.04413400752639352,0.12170807296269848,0.36262185779508543,386.6151128700423,4.2639372378404255e-43,1.2791811713521276e-43,1.2791811713521277e-42,4.4771340997324466e-44,1.5563370918117554e-42,7.76881473652314e-39,4.232559350297504
1000.0,230.0,sun,11.5,55291.502763836856,233601.24139614232,14528.486979710302,0.022487919753037603,0.13691366381374745,0.1642489078637862,386.6151128700423,5.3611184327793e-43,1.6083355298337898e-43,1.60833552983379e-42,5.629174354418264e-44,1.9568082279644445e-42,7.788893934731895e-39,4.224903099376928
1000.0,235.0,sun,11.5,44193.49926068586,186630.86218819275,11669.36364519056,0.008838659563977053,0.15235243449485075,0.05801456073401822,386.6151128700423,6.707418502769926e-43,2.0122255508309777e-43,2.0122255508309777e-42,7.042789427908421e-44,2.4482077535110227e-42,7.827130562930187e-39,4.2230388023203655
1000.0,240.0,sun,11.5,35602.401610287976,150391.12757547665,9452.586336279066,0.002214060719719243,0.16831575628249387,0.013154209496603866,386.6151128700423,8.32596345291538e-43,2.4977890358746138e-43,2.497789035874614e-42,8.742261625561148e-44,3.038976660314114e-42,7.87018883713868e-39,4.224184908133229
1000.0,245.0,sun,11.5,28854.988462775404,121993.93780712274,7704.983488129828,0.00027756298130594695,0.1836565415791095,0.0015113155181918068,386.6151128700423,1.0272895968254424e-42,3.081868790476327e-43,3.081868790476327e-42,1.0786540766667145e-43,3.7496070284128647e-42,7.915249381067582e-39,4.22782833424113
1000.0,250.0,sun,11.5,23551.91541191537,99672.71175836684,6320.031844510975,1.4042389466089913e-05,0.1984713094273987,7.075274258331355e-05,386.6151128700423,1.2585995213506352e-42,3.775798564051906e-43,3.775798564051906e-42,1.321529497418167e-43,4.593888252929819e-42,7.954389054422285e-39,4.2320427029022225
1000.0,255.0,sun,11.5,19337.6767126571,81875.82232702336,5203.602048980854,0.0,0.21239828664929902,0.0,386.6151128700423,1.5328847360927004e-42,4.598654208278101e-43,4.598654208278101e-42,1.6095289728973353e-43,5.5950292867383565e-42,7.976522153583451e-39,4.234005126036322
1000.0,260.0,sun,11.5,15963.93430361725,67565.52594878152,4296.25957833014,0.0,0.2253995355636587,0.0,386.6151128700423,1.8568373497760317e-42,5.570512049328095e-43,5.570512049328095e-42,1.9496792172648332e-43,6.777456326682515e-42,7.97745524937643e-39,4.232385617715297
1000.0,265.0,sun,11.5,13214.525143504688,55814.60786726363,3542.5055990535684,0.0,0.2373552006532147,0.0,386.6151128700423,2.2431702344520056e-42,6.729510703356017e-43,6.729510703356017e-42,2.3553287461746057e-43,8.187571355749821e-42,7.946443115176536e-39,4.2237316332700825
1000.0,270.0,sun,11.5,10956.39039031057,46112.26234821123,2915.1147597551094,0.0,0.24841545905738638,0.0,386.6151128700423,2.7054922660059662e-42,8.116476798017898e-43,8.116476798017898e-42,2.8407668793062644e-43,9.875046770921778e-42,7.886820437037289e-39,4.208709319904412
1000.0,275.0,sun,11.5,9076.578407799503,37975.35902410906,2384.475540437091,0.0,0.25892598003657374,0.0,386.6151128700423,3.265815391277356e-42,9.797446173832068e-43,9.797446173832068e-42,3.4291061608412235e-43,1.192022617816235e-41,7.787256920083842e-39,4.183884864750007
1000.0,280.0,sun,11.5,7490.618539206363,31087.96261609653,1934.418160416482,0.0,0.2687775064247807,0.0,386.6151128700423,3.9572739299401e-42,1.18718217898203e-42,1.18718217898203e-41,4.155137626437105e-43,1.4444049844281365e-41,7.655022555818831e-39,4.1502530736787895
1000.0,285.0,sun,11.5,6150.080461989955,25251.724844667133,1552.9651176669413,0.0,0.27931679734732234,0.0,386.6151128700423,4.8198441707437534e-42,1.445953251223126e-42,1.445953251223126e-41,5.06083637928094e-43,1.7592431223214698e-41,7.485049869755394e-39,4.105917800707365
1000.0,290.0,sun,11.5,5009.724500336623,20295.11866397345,1230.2982784862593,0.0,0.29024507170048697,0.0,386.6151128700423,5.916977962028758e-42,1.7750933886086276e-42,1.7750933886086276e-41,6.212826860130196e-43,2.1596969561404968e-41,7.279647800525116e-39,4.051144661270244
1000.0,295.0,sun,11.5,4035.570270186787,16090.744694486666,959.4664109063071,0.0,0.30208916794470225,0.0,386.6151128700423,7.345288888490927e-42,2.203586666547278e-42,2.203586666547278e-41,7.712553332915472e-43,2.6810304442991885e-41,7.047557966910368e-39,3.9872294662686922
1000.0,300.0,sun,11.5,3212.7495997757983,12572.808467297418,735.3886971163424,0.0,0.3155890273430761,0.0,386.6151128700423,9.2264985314747e-42,2.7679495594424103e-42,2.7679495594424103e-41,9.687823458048436e-43,3.367671963988266e-41,6.785062734007026e-39,3.9134106399623585
1000.0,305.0,sun,11.5,2514.0227811749146,9620.4731609571,550.2193259011755,0.0,0.3322145134564537,0.0,386.6151128700423,1.179083566238573e-41,3.537250698715718e-42,3.5372506987157185e-41,1.2380377445505013e-42,4.303655016770791e-41,6.487545649969416e-39,3.8267247349528892
1000.0,310.0,sun,11.5,1928.375774110588,7193.436668495544,401.19032602439626,0.0,0.35152394103620554,0.0,386.6151128700423,1.537170807800628e-41,4.6115124234018834e-42,4.611512423401883e-41,1.614029348190659e-42,5.610673448472292e-41,6.166980575367185e-39,3.7303085659294415
1000.0,315.0,sun,11.5,1450.5477832919394,5253.797659873253,284.71506364981343,0.0,0.3747462213344272,0.0,386.6151128700423,2.0435334709936582e-41,6.130600412980974e-42,6.130600412980975e-41,2.1457101445433408e-42,7.458897169126853e-41,5.818247622644836e-39,3.6219404285669548
1000.0,320.0,sun,11.5,1060.5896635564125,3712.8474113424145,194.82467359088932,0.0,0.4029253902427734,0.0,386.6151128700423,2.79490084458575e-41,8.384702533757249e-42,8.384702533757249e-41,2.9346458868150374e-42,1.0201388082737987e-40,5.4451564476531956e-39,3.5007388238089585
1000.0,325.0,sun,11.5,751.2002089319133,2529.525277405778,128.0524603541891,0.0,0.437110243927392,0.0,386.6151128700423,3.946009214570658e-41,1.1838027643711975e-41,1.1838027643711976e-40,4.143309675299191e-42,1.4402933633182903e-40,5.0529618850607406e-39,3.3673117330496476
1000.0,330.0,sun,11.5,513.5660212899667,1651.4973787659087,80.22905556469667,0.0,0.4804665774335156,0.0,386.6151128700423,5.771882919721201e-41,1.7315648759163603e-41,1.7315648759163604e-40,6.06047706570726e-42,2.1067372656982384e-40,4.630727154792359e-39,3.2157450265453793
1000.0,335.0,sun,11.5,335.69855299076767,1023.3552966366586,47.534004134290186,0.0,0.532853387167058,0.0,386.6151128700423,8.830073647991732e-41,2.6490220943975195e-41,2.6490220943975194e-40,9.271577330391318e-42,3.222976881516982e-40,4.197287572897258e-39,3.048435233096768
1000.0,340.0,sun,11.5,207.88995319525316,594.5092983353418,26.30621944264052,0.0,0.5965716031812702,0.0,386.6151128700423,1.4258711885170684e-40,4.2776135655512054e-41,4.277613565551205e-40,1.4971647479429218e-41,5.2044298380873e-40,3.750928038206865e-39,2.859730781587941
1000.0,345.0,sun,11.5,120.56771193662784,319.08051655697386,13.467732646921831,0.0,0.6728621796720301,0.0,386.6151128700423,2.4585711205922054e-40,7.375713361776616e-41,7.375713361776617e-40,2.5814996766218156e-41,8.97378459016155e-40,3.311137854557883e-39,2.646483966824279
1000.0,350.0,sun,11.5,64.38996439135343,154.7903676330113,6.315915617192368,0.0,0.7604668870963495,0.0,386.6151128700423,4.6035791049929285e-40,1.3810737314978786e-40,1.3810737314978785e-39,4.833758060242574e-41,1.680306373322419e-39,2.90758171642053e-39,2.4039517508072614
1000.0,355.0,sun,11.5,30.678453831870556,65.32286029747144,2.708662702067196,0.0,0.8462664334581986,0.0,386.6151128700423,9.662295768482655e-40,2.8986887305447963e-40,2.8986887305447964e-39,1.0145410556906787e-40,3.526737955496169e-39,2.617190016443066e-39,2.1292748537936506
1000.0,360.0,sun,11.5,12.613579520562748,22.97714220774097,1.1113835397710603,0.0,0.9174014629479824,0.0,386.6151128700423,2.350041034426749e-39,7.050123103280246e-40,7.050123103280246e-39,2.467543086148086e-40,8.577649775657633e-39,2.6117969234484442e-39,1.8216194832151706
1000.0,365.0,sun,11.5,4.261792222368063,6.4097783578180945,0.4743905768682838,0.0,0.9617167778853828,0.0,386.6151128700423,6.955390576938199e-39,2.08661717308146e-39,2.08661717308146e-38,7.303160105785109e-40,2.538717560582443e-38,3.2995717481379375e-39,1.5040100557170062
1000.0,370.0,sun,11.5,1.1245819071568532,1.4106502236075358,0.2116904242393852,0.0,0.9839537861256437,0.0,386.6151128700423,2.63586220582801e-38,7.90758661748403e-39,7.90758661748403e-38,2.76765531611941e-39,9.620897051272236e-38,5.579867885882931e-39,1.2543774843167406
1000.0,375.0,sun,11.5,0.2094162464415425,0.2801348101238872,0.0853940856581161,0.0,0.9806724026324594,0.0,386.6151128700423,1.41547897873348e-37,4.24643693620044e-38,4.24643693620044e-37,1.4862529276701538e-38,5.166498272377202e-37,1.208735331572295e-38,1.3376937791790926
1000.0,380.0,sun,11.5,0.0237435458476476,0.0643050601128847,0.0253381909087209,0.0,0.9786143727529429,0.0,386.6151128700423,1.2484415619524736e-36,3.7453246858574205e-37,3.7453246858574205e-36,1.310863640050097e-37,4.556811701126528e-36,3.1633250635133485e-38,2.708317473957065
1000.0,385.0,sun,11.5,0.000722384309348,0.0122666678626513,0.003805013007434,0.0,0.9452062319402735,0.0,386.6151128700423,4.103415464696569e-35,1.231024639408971e-35,1.2310246394089707e-34,4.3085862379313976e-36,1.4977466446142478e-34,1.5613549218076275e-37,16.98080606668047
1000.0,390.0,sun,11.5,4.106488455652957e-06,0.0002454314448058,4.551338452454089e-05,0.0,0.0,,386.6151128700423,7.218437305849922e-33,2.1655311917549764e-33,2.1655311917549765e-32,7.579359171142417e-34,2.6347296166352215e-32,3.285355127674384e-37,59.766744130971844
1000.0,395.0,sun,11.5,0.0,0.0,0.0,,,,386.6151128700423,,,,,,,
1000.0,400.0,sun,11.5,0.0,0.0,0.0,,,,386.6151128700423,,,,,,,
1000.0,200.0,sun,15.0,231962.57479604185,1007776.7435508588,62126.68298127673,0.24013254065059403,0.061304890991756206,3.917020922243955,386.6151128700423,1.277897069835127e-43,3.833691209505381e-44,3.833691209505381e-43,1.3417919233268832e-44,4.6643243048982136e-43,7.939150614034939e-39,4.344566119931065
1000.0,205.0,sun,15.0,181587.47407499503,783407.1506110936,48216.39390064896,0.19403309033962998,0.07084082488769067,2.73900100185515,386.6151128700423,1.6324049671006002e-43,4.8972149013018e-44,4.8972149013018006e-43,1.7140252154556302e-44,5.958278129917191e-43,7.870868089909844e-39,4.3142136020216295
1000.0,210.0,sun,15.0,142186.68954865637,609560.8102184287,37501.12093698037,0.14960953399611482,0.08165424199063888,1.8322322312815855,386.6151128700423,2.084754174840232e-43,6.254262524520696e-44,6.254262524520696e-43,2.1889918835822434e-44,7.609352738166846e-43,7.818061843455826e-39,4.287045518489525
1000.0,215.0,sun,15.0,111713.61965064611,476458.68897720345,29342.138579778803,0.1088905070701461,0.09353739707270793,1.1641387346443262,386.6151128700423,2.6534302224765387e-43,7.960290667429616e-44,7.960290667429616e-43,2.7861017336003655e-44,9.685020312039367e-43,7.78573172996799e-39,4.2650009055941265
1000.0,220.0,sun,15.0,87863.15146332077,373146.3718114822,23030.843315694703,0.07328523448205028,0.10686274871252419,0.6857884095719629,386.6151128700423,3.373704331183912e-43,1.0121112993551736e-43,1.0121112993551735e-42,3.542389547743107e-44,1.231402080882128e-42,7.769925584497727e-39,4.246904027421044
1000.0,225.0,sun,15.0,69464.14162532213,294232.26709986007,18230.186718045272,0.04416880839437001,0.12096980944326183,0.36512257560500166,386.6151128700423,4.267299468582453e-43,1.2801898405747358e-43,1.2801898405747359e-42,4.4806644420115753e-44,1.5575643060325954e-42,7.779366609407348e-39,4.235743222552138
1000.0,230.0,sun,15.0,55242.37034088837,233592.21315910303,14537.88319678851,0.022507920451373318,0.13609417874772695,0.16538488757182968,386.6151128700423,5.365886597807173e-43,1.6097659793421519e-43,1.609765979342152e-42,5.634180927697531e-44,1.9585486081996182e-42,7.800863260613356e-39,4.228497287818345
1000.0,235.0,sun,15.0,44149.44323584061,186623.1323724556,11677.854165147515,0.008847479521304014,0.15144820940851186,0.05841917547825929,386.6151128700423,6.7141117286533635e-43,2.014233518596009e-43,2.014233518596009e-42,7.049817315086031e-44,2.4506507809584776e-42,7.840641761572046e-39,4.2270778223756755
1000.0,240.0,sun,15.0,35563.073980271765,150384.6613915455,9460.24207319886,0.0022165091515074188,0.16733092566715715,0.013246261219616641,386.6151128700423,8.33517076751328e-43,2.500551230253984e-43,2.500551230253984e-42,8.751929305888943e-44,3.042337330142347e-42,7.885273318212637e-39,4.228674424347282
1000.0,245.0,sun,15.0,28819.92341413516,121988.51683967104,7711.859142495664,0.00027790069071968715,0.18259148648716567,0.0015219805483056886,386.6151128700423,1.0285394946535065e-42,3.0856184839605194e-43,3.0856184839605195e-42,1.0799664693861817e-43,3.7541691554852983e-42,7.931951705261514e-39,4.232784212738052
1000.0,250.0,sun,15.0,23520.786773798656,99668.27336362236,6326.20176798704,1.4060973897987863e-05,0.19733198671262958,7.12554215473671e-05,386.6151128700423,1.2602652177157601e-42,3.780795653147281e-43,3.78079565314728e-42,1.323278478601548e-43,4.599968044662524e-42,7.972692048446013e-39,4.237454908381269
1000.0,255.0,sun,15.0,19310.146335257265,81872.22849885152,5209.118358983057,0.0,0.2111903011861213,0.0,386.6151128700423,1.5350701620631927e-42,4.605210486189578e-43,4.605210486189578e-42,1.6118236701663523e-43,5.6030060915306534e-42,7.996362163530475e-39,4.239855414734264
1000.0,260.0,sun,15.0,15939.66699215764,67562.6840027266,4301.179613406774,0.0,0.224128654511274,0.0,386.6151128700423,1.8596642877741104e-42,5.578992863322332e-43,5.578992863322332e-42,1.952647502162816e-43,6.787774650375503e-42,7.998750122354632e-39,4.238650910082853
1000.0,265.0,sun,15.0,13193.199085889411,55812.376691966034,3546.8683391506543,0.0,0.23602484292716058,0.0,386.6151128700423,2.246796191837274e-42,6.740388575511822e-43,6.740388575511822e-42,2.3591360014291377e-43,8.200806100206051e-42,7.969090277351887e-39,4.230389940197243
1000.0,270.0,sun,15.0,10937.734590697346,46110.59671969958,2918.981701931711,0.0,0.24702988901682152,0.0,386.6151128700423,2.710106852431629e-42,8.130320557294887e-43,8.130320557294886e-42,2.84561219505321e-43,9.891890011375446e-42,7.910752312527668e-39,4.215735565472315
1000.0,275.0,sun,15.0,9060.35724038102,37974.18950169421,2387.8832774836715,0.0,0.25748957655477095,0.0,386.6151128700423,3.271662328303599e-42,9.814986984910797e-43,9.814986984910797e-42,3.4352454447187786e-43,1.1941567498308136e-41,7.812347763329456e-39,4.19124638181455
1000.0,280.0,sun,15.0,7476.599065518724,31087.23271253674,1937.413078052204,0.0,0.2672905137753426,0.0,386.6151128700423,3.964694268686287e-42,1.1894082806058861e-42,1.1894082806058861e-41,4.162928982120601e-43,1.4471134080704948e-41,7.681250526631431e-39,4.157937645193218
1000.0,285.0,sun,15.0,6137.970948803063,25251.297605591208,1555.5831509148152,0.0,0.27777237687586975,0.0,386.6151128700423,4.829353170872822e-42,1.4488059512618466e-42,1.4488059512618466e-41,5.0708208294164626e-43,1.76271390736858e-41,7.512460422426798e-39,4.113948700020378
1000.0,290.0,sun,15.0,4999.390308087761,20294.9866927274,1232.5754146060306,0.0,0.288648071642715,0.0,386.6151128700423,5.929208891006832e-42,1.7787626673020495e-42,1.7787626673020495e-41,6.225669335557173e-43,2.1641612452174937e-41,7.308197107118508e-39,4.059492346475769
1000.0,295.0,sun,15.0,4026.7774421337863,16090.836390436009,961.4314544475644,0.0,0.3004271193861823,0.0,386.6151128700423,7.361327982561618e-42,2.208398394768485e-42,2.2083983947684853e-41,7.729394381689697e-43,2.6868847136349906e-41,7.077412268939771e-39,3.995958709331968
1000.0,300.0,sun,15.0,3205.34994633471,12573.09468307569,737.0790921661057,0.0,0.3138614896315344,0.0,386.6151128700423,9.247798200075845e-42,2.7743394600227534e-42,2.7743394600227535e-41,9.710188110079636e-43,3.3754463430276833e-41,6.81635870184725e-39,3.922534167432456
1000.0,305.0,sun,15.0,2507.8428615658017,9620.894104759802,551.6617614789596,0.0,0.3304094480352628,0.0,386.6151128700423,1.1819891077952041e-41,3.5459673233856126e-42,3.5459673233856124e-41,1.2410885631849642e-42,4.314260243452495e-41,6.520581932552462e-39,3.836322543252523
1000.0,310.0,sun,15.0,1923.274372246506,7193.967435342618,402.4116160572462,0.0,0.349629312137918,0.0,386.6151128700423,1.5412480867045042e-41,4.623744260113512e-42,4.623744260113512e-41,1.6183104910397293e-42,5.62555551647144e-41,6.202161333158982e-39,3.740479018050664
1000.0,315.0,sun,15.0,1446.3769968144802,5254.393354647401,285.73765656639637,0.0,0.37275259312796416,0.0,386.6151128700423,2.0494262235649636e-41,6.148278670694891e-42,6.148278670694891e-41,2.1518975347432116e-42,7.480405716012117e-41,5.855982464271722e-39,3.6327965435151044
1000.0,320.0,sun,15.0,1057.2319735400772,3713.486608565135,195.6739310469801,0.0,0.400815106541681,0.0,386.6151128700423,2.8037772415330436e-41,8.411331724599131e-42,8.411331724599131e-41,2.9439661036096954e-42,1.023378693159561e-40,5.4862611463082885e-39,3.512461504669359
1000.0,325.0,sun,15.0,748.5473828778419,2530.1972245049874,128.75171248823114,0.0,0.43487104356154127,0.0,386.6151128700423,3.9599937348474827e-41,1.1879981204542447e-41,1.1879981204542447e-40,4.157993421589856e-42,1.4453977132193312e-40,5.098559748042797e-39,3.38014303754222
1000.0,330.0,sun,15.0,511.50741132882166,1652.1630062084532,80.79454216178861,0.0,0.4780924866922349,0.0,386.6151128700423,5.79511240850267e-41,1.738533722550801e-41,1.738533722550801e-40,6.084868028927802e-42,2.1152160291034745e-40,4.682134538210733e-39,3.229988402155063
1000.0,335.0,sun,15.0,334.1460156020318,1023.9978190490308,47.98279485275115,0.0,0.5303467422639803,0.0,386.6151128700423,8.871100680617271e-41,2.6613302041851815e-41,2.661330204185181e-40,9.314655714648134e-42,3.2379517484253037e-40,4.256602040761596e-39,3.0645220090507173
1000.0,340.0,sun,15.0,206.7580700878727,595.1130175132747,26.65581970770163,0.0,0.5939529963120479,0.0,386.6151128700423,1.4336770241533609e-40,4.3010310724600823e-41,4.301031072460082e-40,1.5053608753610287e-41,5.232921138159767e-40,3.821583627490618e-39,2.878306115259976
1000.0,345.0,sun,15.0,119.77549131903776,319.6306097379458,13.733011154875223,0.0,0.670182112266254,0.0,386.6151128700423,2.474832633779045e-40,7.424497901337135e-41,7.424497901337135e-40,2.598574265467997e-41,9.033139113293514e-40,3.3986904166136854e-39,2.6685810779650043
1000.0,350.0,sun,15.0,63.86555026961324,155.2773982725946,6.511289281662732,0.0,0.7578197308446347,0.0,386.6151128700423,4.641380108554547e-40,1.392414032566364e-40,1.392414032566364e-39,4.873449113982274e-41,1.6941037396224096e-39,3.022136855295383e-39,2.4313170029394464
1000.0,355.0,sun,15.0,30.361539938161467,65.73679573490747,2.84617742710698,0.0,0.843718309444194,0.0,386.6151128700423,9.763150856215207e-40,2.9289452568645625e-40,2.9289452568645622e-39,1.0251308399025967e-40,3.563550062518551e-39,2.778765958439991e-39,2.1651337800650485
1000.0,360.0,sun,15.0,12.4448777109409,23.309531128696655,1.2028282212552392,0.0,0.9148793842951295,0.0,386.6151128700423,2.3818980107990315e-39,7.145694032397095e-40,7.145694032397095e-39,2.500992911338983e-40,8.693927739416465e-39,2.8650141475407916e-39,1.8730221115956893
1000.0,365.0,sun,15.0,4.189074494188118,6.654695034822479,0.5305313418670602,0.0,0.9587859301189323,0.0,386.6151128700423,7.076128511310306e-39,2.1228385533930916e-39,2.1228385533930915e-38,7.42993493687582e-40,2.5827869066282615e-38,3.754107954329219e-39,1.5885835986099412
1000.0,370.0,sun,15.0,1.1011709421415905,1.5637081057572555,0.242258019461763,0.0,0.9796974788428463,0.0,386.6151128700423,2.6919008057620774e-38,8.075702417286233e-39,8.075702417286232e-38,2.826495846050181e-39,9.825437941031583e-38,6.521345577914449e-39,1.420041199703389
1000.0,375.0,sun,15.0,0.2046166641235742,0.3569842657947707,0.0994594726434241,0.0,0.97189760026409,0.0,386.6151128700423,1.4486811028463143e-37,4.3460433085389426e-38,4.346043308538943e-37,1.5211151579886298e-38,5.2876860253890475e-37,1.4408505851758845e-38,1.744649035912232
1000.0,380.0,sun,15.0,0.0232915082042729,0.0930684910986494,0.0303673463543185,0.0,0.9522627273349253,0.0,386.6151128700423,1.2726711041790475e-36,3.818013312537143e-37,3.818013312537142e-36,1.3363046593879998e-37,4.645249530253523e-36,3.8647644215738105e-38,3.995812133864981
1000.0,385.0,sun,15.0,0.0008401716074083,0.0196237983349411,0.005115800367231,0.0,0.7604917126397146,0.0,386.6151128700423,3.528139870825454e-35,1.0584419612476362e-35,1.0584419612476363e-34,3.7045468643667266e-36,1.2877710528512908e-34,1.8049259246811192e-37,23.356892998890025
1000.0,390.0,sun,15.0,2.1445161130166503e-05,0.0007243624200407,0.0001220301156591,0.0,0.0,,386.6151128700423,1.3822432615173914e-33,4.146729784552174e-34,4.146729784552174e-33,1.4513554245932608e-34,5.045187904538479e-33,1.6867530507197889e-37,33.77742958628336
1000.0,395.0,sun,15.0,0.0,0.0,0.0,,,,386.6151128700423,,,,,,,
1000.0,400.0,sun,15.0,0.0,0.0,0.0,,,,386.6151128700423,,,,,,,
3000.0,200.0,june16,8.0,130422.27540920532,569798.432721222,35220.421323377006,0.2821711425594707,0.06035887012799399,4.674891063419722,406.8497297884204,2.2756475392223157e-43,6.826942617666948e-44,6.8269426176669475e-43,2.389429916183432e-44,8.306113518161452e-43,8.014926511491607e-39,4.368873575725126
3000.0,205.0,june16,8.0,104230.32696441452,452034.2381159082,27868.4049756223,0.23905378302241378,0.06910513271511838,3.4592768095518776,406.8497297884204,2.8474930352666232e-43,8.542479105799869e-44,8.54247910579987e-43,2.9898676870299543e-44,1.0393349578723174e-42,7.93550890720742e-39,4.336878251089418
3000.0,210.0,june16,8.0,83393.6657759273,359116.9595928336,22097.059173847923,0.19628133889347762,0.07897441855032795,2.4853787149872284,406.8497297884204,3.558964908584306e-43,1.0676894725752918e-43,1.0676894725752918e-42,3.7369131540135215e-44,1.2990221916332715e-42,7.864265818263568e-39,4.306285810216746
3000.0,215.0,june16,8.0,66862.20160706769,286110.94470813556,17589.12074321745,0.1556786257490014,0.08977471403211323,1.7341032764895663,406.8497297884204,4.4389075286351385e-43,1.3316722585905417e-43,1.3316722585905417e-42,4.660852905066896e-44,1.6202012479518255e-42,7.807648048914043e-39,4.279113427785963
3000.0,220.0,june16,8.0,53744.153557116566,228702.8544534488,14061.724200662497,0.11832185716320319,0.10169825094447295,1.1634600995036453,406.8497297884204,5.522370536161006e-43,1.6567111608483018e-43,1.656711160848302e-42,5.798489062969057e-44,2.015665245698767e-42,7.765405141336075e-39,4.255399691250044
3000.0,225.0,june16,8.0,43313.99354187258,183442.11469352225,11291.881414476717,0.0846155630686112,0.11442197855189144,0.7395044565693929,406.8497297884204,6.8521765329215124e-43,2.055652959876454e-43,2.055652959876454e-42,7.194785359567589e-44,2.501044434516352e-42,7.737396484080994e-39,4.235169738301428
3000.0,230.0,june16,8.0,35065.108661162056,147932.34209273822,9124.761846633288,0.05630993412585308,0.12825483703118756,0.43904725489737484,406.8497297884204,8.464115510455044e-43,2.539234653136513e-43,2.539234653136513e-42,8.887321285977796e-44,3.089402161316091e-42,7.723303827529721e-39,4.218790351463744
3000.0,235.0,june16,8.0,28494.4092962619,119869.33976522926,7415.791450269861,0.033465192161422956,0.14278963821520776,0.23436709119596855,406.8497297884204,1.0415907450787863e-42,3.1247722352363588e-43,3.1247722352363586e-42,1.0936702823327255e-43,3.801806219537569e-42,7.724219742035478e-39,4.206766966773183
3000.0,240.0,june16,8.0,23299.473836672456,97810.21367465684,6071.200157016895,0.017094671718494107,0.15753646922515568,0.10851247208074664,406.8497297884204,1.2738276073324428e-42,3.821482821997328e-43,3.8214828219973284e-42,1.337518987699065e-43,4.6494707667634154e-42,7.733662369649183e-39,4.197958046619379
3000.0,245.0,june16,8.0,19155.418526626992,80307.28573065218,5002.753523981535,0.006878958089430016,0.1726086501137526,0.03985291632196094,406.8497297884204,1.5494056143026745e-42,4.648216842908023e-43,4.6482168429080234e-42,1.626875895017808e-43,5.655330492204761e-42,7.75129439702948e-39,4.192405695496604
3000.0,250.0,june16,8.0,15843.695108997295,66368.9401061374,4148.7926842758525,0.001834560053517448,0.18738287323210764,0.00979043613684487,406.8497297884204,1.8732696385086938e-42,5.619808915526081e-43,5.619808915526082e-42,1.9669331204341286e-43,6.837434180556732e-42,7.771807371920939e-39,4.188981146730594
3000.0,255.0,june16,8.0,13178.396459476644,55173.421780313336,3459.0337284466254,0.00025371543317930146,0.2018655939120224,0.0012568532767890915,406.8497297884204,2.252133869301728e-42,6.756401607905183e-43,6.756401607905183e-42,2.3647405627668145e-43,8.220288622951306e-42,7.79020701489168e-39,4.186656696053326
3000.0,260.0,june16,8.0,11019.601916682428,46102.11734085768,2896.065525380636,1.8407825294521262e-05,0.21565656044695328,8.535713106232712e-05,406.8497297884204,2.6933380383316668e-42,8.080014114995e-43,8.080014114995e-42,2.82800494024825e-43,9.830683839910582e-42,7.800083441008648e-39,4.183646350333609
3000.0,265.0,june16,8.0,9260.115855978627,38700.9532212971,2433.14932554752,0.0,0.2286902084860385,0.0,406.8497297884204,3.20509089422583e-42,9.61527268267749e-43,9.61527268267749e-42,3.3653454389371217e-43,1.1698581763924278e-41,7.798464747604077e-39,4.17931630912701
3000.0,270.0,june16,8.0,7810.568486051064,32576.638986779704,2046.5220516550423,0.0,0.24090965289334457,0.0,406.8497297884204,3.799917133109853e-42,1.139975139932956e-42,1.139975139932956e-41,3.989912989765346e-43,1.3869697535850963e-41,7.776614207371124e-39,4.170840963107679
3000.0,275.0,june16,8.0,6606.338033265338,27481.582299512167,1722.7812793103917,0.0,0.25204647510012124,0.0,406.8497297884204,4.492581648112173e-42,1.347774494433652e-42,1.347774494433652e-41,4.717210730517782e-43,1.639792301560943e-41,7.739735559141079e-39,4.159881338365114
3000.0,280.0,june16,8.0,5595.713602444847,23179.07834303391,1447.0788815560663,0.0,0.2627109975740213,0.0,406.8497297884204,5.303972847449863e-42,1.5911918542349588e-42,1.5911918542349587e-41,5.569171489822356e-43,1.9359500893191996e-41,7.675267095891492e-39,4.142291759339978
3000.0,285.0,june16,8.0,4733.061843275714,19496.44953950596,1210.1778966153413,0.0,0.2728072504555347,0.0,406.8497297884204,6.270679317583641e-42,1.8812037952750923e-42,1.8812037952750924e-41,6.5842132834628235e-43,2.288797950918029e-41,7.588637506902695e-39,4.119204478007122
3000.0,290.0,june16,8.0,4003.7584115396953,16370.35075932841,1008.1539682368444,0.0,0.28257930278001664,0.0,406.8497297884204,7.412913057873463e-42,2.2238739173620392e-42,2.2238739173620392e-41,7.783558710767137e-43,2.705713266123814e-41,7.473357715489853e-39,4.088745892395887
3000.0,295.0,june16,8.0,3373.6185720248263,13671.001303065732,833.9947835397151,0.0,0.2921392715335853,0.0,406.8497297884204,8.797530715412161e-42,2.6392592146236485e-42,2.6392592146236485e-41,9.23740725118277e-43,3.2110987111254385e-41,7.337094724684159e-39,4.0523257182748065
3000.0,300.0,june16,8.0,2832.051482367357,11351.75952037074,684.6001957548336,0.0,0.30212367221344716,0.0,406.8497297884204,1.0479863517404615e-41,3.143959055221384e-42,3.1439590552213846e-41,1.1003856693274846e-42,3.825150183852684e-41,7.17451661549914e-39,4.008316794750364
3000.0,305.0,june16,8.0,2359.1783260436205,9336.430319751282,555.7096705846799,0.0,0.31279391086115266,0.0,406.8497297884204,1.2580444929420124e-41,3.774133478826038e-42,3.7741334788260376e-41,1.3209467175891132e-42,4.591862399238345e-41,6.991074907536765e-39,3.957492410253117
3000.0,310.0,june16,8.0,1953.064926168185,7612.670821080607,446.12844967514496,0.0,0.32453830236144904,0.0,406.8497297884204,1.5196378068036394e-41,4.5589134204109183e-42,4.5589134204109185e-41,1.5956196971438215e-42,5.546677994833283e-41,6.779536588170452e-39,3.8978073483794953
3000.0,315.0,june16,8.0,1601.959656807694,6141.490329375698,353.9659636186131,0.0,0.3371177922398117,0.0,406.8497297884204,1.8527004024943543e-41,5.558101207483063e-42,5.558101207483063e-41,1.9453354226190722e-42,6.762356469104392e-41,6.557928832655064e-39,3.833735951636982
3000.0,320.0,june16,8.0,1299.518552456192,4884.192363240112,276.00013079089854,0.0,0.35216867414922215,0.0,406.8497297884204,2.283885286083582e-41,6.851655858250745e-42,6.851655858250746e-41,2.398079550387761e-42,8.336181294205073e-41,6.303526376704773e-39,3.7584629738518203
3000.0,325.0,june16,8.0,1040.7055986431783,3827.4935610903494,211.75311245496195,0.0,0.36899525004204914,0.0,406.8497297884204,2.8518644512115666e-41,8.555593353634699e-42,8.555593353634699e-41,2.994457673772145e-42,1.0409305246922216e-40,6.038911738437111e-39,3.6777870380254036
3000.0,330.0,june16,8.0,822.2213133376454,2951.211693300043,159.49147722141333,0.0,0.38852160892254617,0.0,406.8497297884204,3.609674491286925e-41,1.0829023473860775e-41,1.0829023473860775e-40,3.790158215851272e-42,1.3175311893197276e-40,5.7571231690380536e-39,3.5893154865083474
3000.0,335.0,june16,8.0,638.9493088876937,2229.608559091217,117.30146102129775,0.0,0.4119533337089957,0.0,406.8497297884204,4.645049708425306e-41,1.3935149125275917e-41,1.3935149125275917e-40,4.877302193846571e-42,1.6954431435752366e-40,5.448711173148415e-39,3.4894920897130337
3000.0,340.0,june16,8.0,487.2008229064323,1648.2345447556256,84.26021525408389,0.0,0.43857268881018263,0.0,406.8497297884204,6.091843776539212e-41,1.8275531329617638e-41,1.8275531329617637e-40,6.396435965366173e-42,2.2235229784368124e-40,5.133000679054454e-39,3.3830701165957837
3000.0,345.0,june16,8.0,364.4090744202954,1190.5659883629642,58.962467454969484,0.0,0.4703512107623508,0.0,406.8497297884204,8.144559258489299e-41,2.443367777546789e-41,2.4433677775467894e-40,8.551787221413764e-42,2.9727641293485937e-40,4.802233102137457e-39,3.26711399889513
3000.0,350.0,june16,8.0,265.79716288220175,834.3319296829166,39.905938316990614,0.0,0.5078538940035666,0.0,406.8497297884204,1.1166226414021938e-40,3.349867924206581e-41,3.3498679242065815e-40,1.1724537734723036e-41,4.075672641118007e-40,4.4559874251151074e-39,3.1389798169240914
3000.0,355.0,june16,8.0,188.819092902126,566.387634537819,26.077775686380768,0.0,0.5519934544831537,0.0,406.8497297884204,1.5718491468899093e-40,4.715547440669728e-41,4.715547440669728e-40,1.6504416042344048e-41,5.7372493861481685e-40,4.099032946542403e-39,2.999631159288563
3000.0,360.0,june16,8.0,129.37440187940155,368.17434082709474,16.282441640777822,0.0,0.6028436392409229,0.0,406.8497297884204,2.294079244295913e-40,6.882237732887738e-41,6.8822377328877394e-40,2.4087832065107086e-41,8.373389241680082e-40,3.7353211414567895e-39,2.8458051629896186
3000.0,365.0,june16,8.0,85.88679487416245,230.0568674445522,9.766862581921549,0.0,0.6630358289582154,0.0,406.8497297884204,3.4556549761763075e-40,1.0366964928528922e-40,1.0366964928528923e-39,3.6284377249851233e-41,1.2613140663043522e-39,3.375090728284738e-39,2.6786058064178713
3000.0,370.0,june16,8.0,54.56406403786965,136.00684987304612,5.5623077014065,0.0,0.7314716498313178,0.0,406.8497297884204,5.439388273731691e-40,1.6318164821195074e-40,1.6318164821195074e-39,5.711357687418276e-41,1.985376719912067e-39,3.025555128591799e-39,2.4926085010576178
3000.0,375.0,june16,8.0,32.70973248849191,74.83401357223947,2.9955036660802965,0.0,0.801946625283884,0.0,406.8497297884204,9.073603099602024e-40,2.7220809298806074e-40,2.7220809298806076e-39,9.527283254582127e-41,3.311865131354739e-39,2.7180011349415406e-39,2.2878210208098744
3000.0,380.0,june16,8.0,18.397692613882267,37.97318879346896,1.5411206079402142,0.0,0.8706306471216522,0.0,406.8497297884204,1.6132193113759378e-39,4.839657934127813e-40,4.839657934127813e-39,1.6938802769447345e-40,5.888250486522173e-39,2.4861655258885787e-39,2.064019091438439
3000.0,385.0,june16,8.0,9.600323842829772,17.469473453696292,0.7793032435655989,0.0,0.9254809002060096,0.0,406.8497297884204,3.0915116505825136e-39,9.27453495174754e-40,9.27453495174754e-39,3.246087233111639e-40,1.1284017524626172e-38,2.409225056819791e-39,1.8196754338390138
3000.0,390.0,june16,8.0,4.508360241678546,7.011928027300909,0.3965798791791752,0.0,0.9621599691772228,0.0,406.8497297884204,6.583216827948756e-39,1.9749650483846268e-39,1.9749650483846267e-38,6.912377669346194e-40,2.402874142201296e-38,2.6107713342382306e-39,1.55531671193388
3000.0,395.0,june16,8.0,1.8499792578666123,2.371687968695389,0.2094123111152991,0.0,0.9794970610145438,0.0,406.8497297884204,1.6043159880451634e-38,4.8129479641354904e-39,4.81294796413549e-38,1.6845317874474217e-39,5.855753356364846e-38,3.3596351881576225e-39,1.2820078704181843
3000.0,400.0,june16,8.0,0.6354447848973033,0.6674121959756812,0.115908200314633,0.0,0.9787666124425449,0.0,406.8497297884204,4.670667493835825e-38,1.4012002481507476e-38,1.4012002481507475e-37,4.904200868527617e-39,1.7047936352500761e-37,5.413686634785677e-39,1.0503071420808723
3000.0,405.0,june16,8.0,0.1744348768700942,0.1717045598858362,0.0593999682908645,0.0,0.971733824158454,0.0,406.8497297884204,1.701466675817151e-37,5.104400027451453e-38,5.104400027451453e-37,1.7865400096080087e-38,6.210353366732601e-37,1.010670665915014e-38,0.9843476428954552
3000.0,410.0,june16,8.0,0.0361724453895738,0.0523464648858103,0.0254113663162121,0.0,0.9661446050790173,0.0,406.8497297884204,8.205005962363835e-37,2.4615017887091505e-37,2.4615017887091505e-36,8.615256260482027e-38,2.9948271762627995e-36,2.085004121363318e-38,1.4471364687137915
3000.0,415.0,june16,8.0,0.0046490477789534,0.0178132365154543,0.008102573186122,0.0,0.967632473711751,0.0,406.8497297884204,6.383998276772888e-36,1.915199483031866e-36,1.9151994830318663e-35,6.703198190611532e-37,2.3301593710221038e-35,5.172681325762905e-38,3.8315881794324
3000.0,200.0,june16,11.5,130387.12560014804,569803.8955968103,35228.43119309463,0.2822472103593918,0.06007564057269308,4.698197267124691,406.8497297884204,2.276261009119111e-43,6.828783027357333e-44,6.8287830273573336e-43,2.390074059575067e-44,8.308352683284755e-43,8.018910433727675e-39,4.370093235617453
3000.0,205.0,june16,11.5,104197.98347144257,452039.44548196817,27875.80820165992,0.23912798632360555,0.06878166008987895,3.4766242340055507,406.8497297884204,2.848376909098971e-43,8.545130727296913e-44,8.545130727296913e-43,2.99079575455392e-44,1.0396575718211243e-42,7.940080840407983e-39,4.338274412055759
3000.0,210.0,june16,11.5,83363.97574897237,359121.9295962138,22103.8974126787,0.19635124436751647,0.07860667429975715,2.49789532653111,406.8497297884204,3.5602324316734838e-43,1.0680697295020451e-43,1.0680697295020453e-42,3.738244053257158e-44,1.2994848375608216e-42,7.869501243500231e-39,4.307879109288291
3000.0,215.0,june16,11.5,66834.96032061019,286115.68536448636,17595.425911377868,0.15574207885825733,0.08935824450957246,1.7428954621145623,406.8497297884204,4.440716784613834e-43,1.3322150353841502e-43,1.3322150353841501e-42,4.662752623844525e-44,1.6208616263840494e-42,7.813630317708486e-39,4.280928484014609
3000.0,220.0,june16,11.5,53719.2443594904,228707.36821876248,14067.526711175056,0.11837672209212605,0.10122977354159664,1.1693864161761016,406.8497297884204,5.524931216615288e-43,1.6574793649845863e-43,1.6574793649845863e-42,5.801177777446052e-44,2.0165998940645797e-42,7.772211746714046e-39,4.257456912242614
3000.0,225.0,june16,11.5,43291.2470763024,183446.41411099897,11297.215779323202,0.08466002251762289,0.11389762950171252,0.7432992494049228,406.8497297884204,6.8557768634297135e-43,2.056733059028914e-43,2.0567330590289142e-42,7.1985657066012e-44,2.502358555151845e-42,7.74511905610571e-39,4.237494331998983
3000.0,230.0,june16,11.5,35044.372724323264,147936.41969253978,9129.659131882036,0.05634325300550932,0.12767232141467594,0.44131141645422184,406.8497297884204,8.469123771438959e-43,2.540737131431688e-43,2.540737131431688e-42,8.892579960010907e-44,3.09123017657522e-42,7.732021317895691e-39,4.221402986901275
3000.0,235.0,june16,11.5,28475.525662255783,119873.20879096,7420.28354450696,0.03348738470839174,0.1421462222378167,0.2355840639392155,406.8497297884204,1.042281479242837e-42,3.126844437728511e-43,3.126844437728511e-42,1.094395553204979e-43,3.804327399236355e-42,7.734024109169996e-39,4.209692569428193
3000.0,240.0,june16,11.5,23282.33247262226,97813.8781789604,6075.306748146725,0.017107257484614828,0.15683273526196728,0.10907963478440603,406.8497297884204,1.2747654490534195e-42,3.824296347160258e-43,3.824296347160259e-42,1.3385037215060905e-43,4.65289388904498e-42,7.74459113493853e-39,4.20120614178068
3000.0,245.0,june16,11.5,19139.88480556943,80310.74380280839,5006.5031966383385,0.006884540976537925,0.1718448505307201,0.04006253871021407,406.8497297884204,1.550663094943864e-42,4.651989284831591e-43,4.6519892848315917e-42,1.6281962496910571e-43,5.6599202965451025e-42,7.763399741745555e-39,4.195988879694779
3000.0,250.0,june16,11.5,15829.646985603602,66372.19835647508,4152.211915725511,0.0018361881457944515,0.1865603925152895,0.009842325699673724,406.8497297884204,1.8749320838592038e-42,5.624796251577611e-43,5.624796251577611e-42,1.968678688052164e-43,6.843502106086094e-42,7.78511533977625e-39,4.19290451750679
3000.0,255.0,june16,11.5,13165.71065204752,55176.476903328374,3462.1426246582696,0.00025395990043307695,0.20098623868346593,0.0012635686009978002,406.8497297884204,2.2543039106557906e-42,6.7629117319673714e-43,6.762911731967372e-42,2.3670191061885803e-43,8.228209273893636e-42,7.80472165801524e-39,4.190922796465026
3000.0,260.0,june16,11.5,11008.177952228323,46104.98899298492,2898.888109074312,1.8426928396120326e-05,0.21472342792711327,8.581703717199993e-05,406.8497297884204,2.6961331056122208e-42,8.088399316836661e-43,8.088399316836662e-42,2.830939760892832e-43,9.840885835484604e-42,7.815788200340862e-39,4.188248881246706
3000.0,265.0,june16,11.5,9249.895324255122,38703.67276740254,2435.710866933892,0.0,0.2277099751141512,0.0,406.8497297884204,3.208632310859514e-42,9.625896932578541e-43,9.625896932578542e-42,3.36906392640249e-43,1.1711507934637225e-41,7.815300587555724e-39,4.184228189687031
3000.0,270.0,june16,11.5,7801.3659225527135,32579.14917267565,2048.833917813645,0.0,0.2398778474156524,0.0,406.8497297884204,3.804399550554832e-42,1.1413198651664496e-42,1.1413198651664495e-41,3.994619528082573e-43,1.3886058359525135e-41,7.794582836091726e-39,4.176082688096152
3000.0,275.0,june16,11.5,6598.138819475665,27483.937725088403,1724.8661162715268,0.0,0.25097253251495205,0.0,406.8497297884204,4.4981643796078654e-42,1.3494493138823596e-42,1.3494493138823595e-41,4.723072598588259e-43,1.6418299985568707e-41,7.758731323805141e-39,4.165407621307439
3000.0,280.0,june16,11.5,5588.3984087694325,23181.25974933689,1448.9571756587409,0.0,0.2615930778902602,0.0,406.8497297884204,5.3109157290753656e-42,1.59327471872261e-42,1.5932747187226097e-41,5.5764615155291345e-43,1.9384842411125084e-41,7.695289454962624e-39,4.1481043500693096
3000.0,285.0,june16,11.5,4726.579247703184,19498.487925251255,1211.8637944166449,0.0,0.27164839247823025,0.0,406.8497297884204,6.27927967650086e-42,1.8837839029502578e-42,1.883783902950258e-41,6.5932436603259035e-43,2.2919370819228137e-41,7.609631694967654e-39,4.125285307492999
3000.0,290.0,june16,11.5,3998.0176952744296,16372.23885780874,1009.661702189808,0.0,0.2813803482569756,0.0,406.8497297884204,7.423557190493145e-42,2.2270671571479435e-42,2.2270671571479436e-41,7.794735050017803e-43,2.7095983745299976e-41,7.495281389256699e-39,4.0950891430921805
3000.0,295.0,june16,11.5,3368.5606665305927,13672.750327295083,835.3414530654411,0.0,0.29089844962001044,0.0,406.8497297884204,8.810740238216156e-42,2.6432220714648466e-42,2.6432220714648465e-41,9.251277250126963e-43,3.2159201869488966e-41,7.359976553173634e-39,4.05892951940722
3000.0,300.0,june16,11.5,2827.608163353807,11353.36720363203,685.7981416727655,0.0,0.30083958413429374,0.0,406.8497297884204,1.0496331632552176e-41,3.1488994897656527e-42,3.148899489765653e-41,1.1021148214179786e-42,3.831161045881544e-41,7.198364727985347e-39,4.015184052293114
3000.0,305.0,june16,11.5,2355.2945899054826,9337.91148871762,556.7712952054286,0.0,0.3114630938602995,0.0,406.8497297884204,1.2601189310533063e-41,3.780356793159919e-42,3.7803567931599193e-41,1.3231248776059718e-42,4.599434098344568e-41,7.015980493554296e-39,3.9646469400213533
3000.0,310.0,june16,11.5,1949.6834104966897,7614.027709778365,447.0656438856458,0.0,0.32315787237656907,0.0,406.8497297884204,1.522273454740652e-41,4.566820364221956e-42,4.566820364221956e-41,1.5983871274776846e-42,5.556298109803379e-41,6.80556162213656e-39,3.9052636283337203
3000.0,315.0,june16,11.5,1599.0349644561015,6142.731180387516,354.789997324145,0.0,0.33568342660687217,0.0,406.8497297884204,1.8560890580381128e-41,5.568267174114338e-42,5.568267174114338e-41,1.9488935109400183e-42,6.774725061839111e-41,6.58521831934717e-39,3.8415239922392286
3000.0,320.0,june16,11.5,1296.9991969893529,4885.321341592893,276.72258555674904,0.0,0.3506729025010684,0.0,406.8497297884204,2.2883216179598733e-41,6.86496485387962e-42,6.86496485387962e-41,2.4027376988578672e-42,8.352373905553537e-41,6.332302747072594e-39,3.7666340526138327
3000.0,325.0,june16,11.5,1038.5526793103068,3828.5157924035097,212.38231071447296,0.0,0.367431831309313,0.0,406.8497297884204,2.8577763651992324e-41,8.573329095597697e-42,8.573329095597697e-41,3.000665183459194e-42,1.0430883732977197e-40,6.069411479462205e-39,3.6863953737483897
3000.0,330.0,june16,11.5,820.3930620875716,2952.1395406440543,160.03738483276314,0.0,0.38688207717235734,0.0,406.8497297884204,3.617718674259733e-41,1.08531560227792e-41,1.0853156022779199e-40,3.79860460797272e-42,1.3204673161048024e-40,5.789702356891786e-39,3.5984452783304164
3000.0,335.0,june16,11.5,637.4112813965552,2230.441541884493,117.77078915619572,0.0,0.4102317247170541,0.0,406.8497297884204,4.656257878656637e-41,1.396877363596991e-41,1.396877363596991e-40,4.8890707725894684e-42,1.6995341257096722e-40,5.483711648841459e-39,3.499218804219531
3000.0,340.0,june16,11.5,485.9168016015173,1648.982585025159,84.6623365172038,0.0,0.4367542972745169,0.0,406.8497297884204,6.107941300167763e-41,1.8323823900503287e-41,1.8323823900503288e-40,6.413338365176152e-42,2.2293985745612332e-40,5.1711258178213046e-39,3.393549224044798
3000.0,345.0,june16,11.5,363.3504714066515,1191.232527805774,59.30401469526538,0.0,0.46843373682177497,0.0,406.8497297884204,8.16828801530764e-41,2.450486404592292e-41,2.450486404592292e-40,8.576702416073022e-42,2.9814251255872882e-40,4.844122724949643e-39,3.2784669941230944
3000.0,350.0,june16,11.5,264.9322892266495,834.9203360201227,40.19333102476482,0.0,0.5058244410902458,0.0,406.8497297884204,1.120267865276418e-40,3.3608035958292544e-41,3.3608035958292545e-40,1.176281258540239e-41,4.088977708258926e-40,4.5027297145461706e-39,3.151448011328844
3000.0,355.0,june16,11.5,188.12498858270163,566.9063966963836,26.317182133272567,0.0,0.5498533686236052,0.0,406.8497297884204,1.5776486278124564e-40,4.732945883437369e-41,4.732945883437369e-40,1.6565310592030793e-41,5.758417491515465e-40,4.151926628044796e-39,3.013456112169627
3000.0,360.0,june16,11.5,128.82945251101646,368.6301451992246,16.480598941265804,0.0,0.6005919237352763,0.0,406.8497297884204,2.303783213464745e-40,6.911349640394235e-41,6.911349640394235e-40,2.4189723741379823e-41,8.408808729146319e-40,3.7967727188733005e-39,2.8613809809344826
3000.0,365.0,june16,11.5,85.46558555117639,230.4520336075119,9.92828271221134,0.0,0.6606969462853397,0.0,406.8497297884204,3.4726858557239243e-40,1.0418057567171773e-40,1.0418057567171773e-39,3.6463201485101206e-41,1.2675303373392322e-39,3.4477806946324686e-39,2.696430757729008
3000.0,370.0,june16,11.5,54.24545302223832,136.34406989613564,5.691616505417952,0.0,0.7290697111228075,0.0,406.8497297884204,5.471336555583007e-40,1.641400966674902e-40,1.641400966674902e-39,5.744903383362157e-41,1.9970378427877974e-39,3.114074944645285e-39,2.5134654113818606
3000.0,375.0,june16,11.5,32.4773395331628,75.11725969338187,3.0970099812243386,0.0,0.7994924354975095,0.0,406.8497297884204,9.138529644390176e-40,2.741558893317053e-40,2.741558893317053e-39,9.595456126609687e-41,3.3355633202024143e-39,2.8302117522390882e-39,2.3129129655672442
3000.0,380.0,june16,11.5,18.237198052939853,38.209131559429885,1.6193994366301323,0.0,0.8681486809944744,0.0,406.8497297884204,1.6274162798099875e-39,4.882248839429963e-40,4.882248839429963e-39,1.708787093800487e-40,5.940069421306454e-39,2.635437006687e-39,2.095120722411113
3000.0,385.0,june16,11.5,9.494817034179244,17.660539349742553,0.8375911091334202,0.0,0.9228615439610617,0.0,406.8497297884204,3.1258646588590004e-39,9.377593976577001e-40,9.377593976577e-39,3.28215789180195e-40,1.1409406004835349e-38,2.6181964466146697e-39,1.8600189225520105
3000.0,390.0,june16,11.5,4.445439800882737,7.162399150735605,0.4386073512125283,0.0,0.9591428990632885,0.0,406.8497297884204,6.676395213715372e-39,2.0029185641146115e-39,2.0029185641146116e-38,7.010214974401141e-40,2.4368842530061107e-38,2.9283160203357015e-39,1.6111789770077096
3000.0,395.0,june16,11.5,1.8168842817425173,2.484820680631591,0.2381590269068368,0.0,0.9755373876212947,0.0,406.8497297884204,1.633538982516191e-38,4.900616947548573e-39,4.900616947548573e-38,1.7152159316420008e-39,5.962417286184098e-38,3.890420544904404e-39,1.367627374842209
3000.0,400.0,june16,11.5,0.6213994607085802,0.7477302585875555,0.1346618955169055,0.0,0.9728623639704679,0.0,406.8497297884204,4.776237329789416e-38,1.4328711989368248e-38,1.432871198936825e-37,5.0150491962788876e-39,1.7433266253731368e-37,6.431771722680462e-39,1.203300462692582
3000.0,405.0,june16,11.5,0.1698334705591104,0.2220975657779783,0.0703996833921031,0.0,0.962789053034061,0.0,406.8497297884204,1.747565595389714e-37,5.242696786169142e-38,5.242696786169142e-37,1.8349438751591998e-38,6.378614423172455e-37,1.2302806462236802e-38,1.3077373090640423
3000.0,410.0,june16,11.5,0.0350998587186461,0.0792359230807256,0.0310101070031714,0.0,0.952487791306582,0.0,406.8497297884204,8.455735747365466e-37,2.53672072420964e-37,2.53672072420964e-36,8.87852253473374e-38,3.086343547788395e-36,2.622132703163446e-38,2.25744279245868
3000.0,415.0,june16,11.5,0.004498296236333,0.0294900858861677,0.0104468311582027,0.0,0.9376848280833524,0.0,406.8497297884204,6.597945410920289e-36,1.979383623276087e-36,1.9793836232760867e-35,6.927842681466304e-37,2.4082500749859053e-35,6.89276216989226e-38,6.555834550862739
3000.0,200.0,june16,15.0,130336.2557080493,569794.1662963426,35238.24711464766,0.2823573706908986,0.05968567888362376,4.730739031073839,406.8497297884204,2.277149427704511e-43,6.831448283113532e-44,6.831448283113532e-43,2.3910068990897367e-44,8.311595411121463e-43,8.024275425043006e-39,4.3717242236317615
3000.0,205.0,june16,15.0,104151.20130280826,452030.7985546372,27884.88704729829,0.23923539675806466,0.06833670159998141,3.500833244168895,406.8497297884204,2.8496563302408178e-43,8.548968990722453e-44,8.548968990722453e-43,2.9921391467528585e-44,1.0401245605378983e-42,7.946234489238375e-39,4.340140035835083
3000.0,210.0,june16,15.0,83321.06467217105,359114.31405322475,22112.285755345387,0.19645236697510965,0.07810143168342744,2.515349113847236,406.8497297884204,3.5620659825037235e-43,1.068619794751117e-43,1.068619794751117e-42,3.7401692816289097e-44,1.3001540836138588e-42,7.876542088451745e-39,4.310006304722216
3000.0,215.0,june16,15.0,66795.64550081834,286109.0379782998,17603.164588398657,0.1558337460877363,0.08878704368584531,1.755140610820673,406.8497297884204,4.4433305175723936e-43,1.332999155271718e-43,1.3329991552717179e-42,4.665497043451013e-44,1.6218156389139232e-42,7.821667842148143e-39,4.283348649947466
3000.0,220.0,june16,15.0,53683.32265517794,228701.60227676277,14074.65388205345,0.11845593279292015,0.100588111428497,1.1776335305502228,406.8497297884204,5.528628173802248e-43,1.6585884521406744e-43,1.6585884521406744e-42,5.80505958249236e-44,2.0179492834378205e-42,7.781352798883589e-39,4.260198344014083
3000.0,225.0,june16,15.0,43258.462877528975,183441.4367478276,11303.772140434538,0.0847241836278833,0.11318028908787887,0.7485771975904671,406.8497297884204,6.860972636383396e-43,2.058291790915019e-43,2.058291790915019e-42,7.204021268202567e-44,2.5042550122799395e-42,7.755487134343433e-39,4.2405907317413725
3000.0,230.0,june16,15.0,35014.50902635549,147932.14161369242,9135.679217183531,0.056391307881532626,0.12687652726215143,0.4444581602160129,406.8497297884204,8.476347044344817e-43,2.542904113303445e-43,2.542904113303445e-42,8.900164396562058e-44,3.0938666711858576e-42,7.743718753065599e-39,4.224881220020638
3000.0,235.0,june16,15.0,28448.35900471028,119869.57289456816,7425.806216988721,0.03351936336530889,0.141268757557467,0.2372737181586203,406.8497297884204,1.0432768021719355e-42,3.129830406515806e-43,3.129830406515806e-42,1.0954406422805322e-43,3.807960327927564e-42,7.74717136360847e-39,4.2135847932290575
3000.0,240.0,june16,15.0,23257.70004389023,97810.83889543518,6080.3603252250405,0.01712537592710893,0.1558747686968186,0.10986624756709877,406.8497297884204,1.2761155640267232e-42,3.828346692080169e-43,3.82834669208017e-42,1.3399213422280594e-43,4.657821808697539e-42,7.759242445910262e-39,4.205524996489495
3000.0,245.0,june16,15.0,19117.580716861055,80308.2224932097,5011.121393247079,0.006892573029072778,0.17080675329265063,0.04035304750078256,406.8497297884204,1.5524722217229613e-42,4.657416665168883e-43,4.657416665168884e-42,1.6300958328091094e-43,5.666523609288808e-42,7.779626762697754e-39,4.200752369382209
3000.0,250.0,june16,15.0,15809.49301174566,66370.13184486657,4156.424048774351,0.0018385289221786853,0.1854443913967785,0.009914179168918364,406.8497297884204,1.8773222510945124e-42,5.631966753283537e-43,5.631966753283537e-42,1.971188363649238e-43,6.852226216494969e-42,7.80294735174843e-39,4.198118927378435
3000.0,255.0,june16,15.0,13147.536769092276,55174.826926960464,3465.9777304712475,0.0002543109500317095,0.19979557326128625,0.001272855778937253,406.8497297884204,2.257420042303669e-42,6.772260126911006e-43,6.772260126911006e-42,2.370291044418852e-43,8.23958315440839e-42,7.824167594943976e-39,4.196590425718947
3000.0,260.0,june16,15.0,10991.831896754073,46103.703887031865,2902.3725561873016,1.8454331252769907e-05,0.2134624156779532,8.645236771147392e-05,406.8497297884204,2.70014255023658e-42,8.10042765070974e-43,8.10042765070974e-42,2.835149677748409e-43,9.855520308363515e-42,7.836819635600241e-39,4.194360350493211
3000.0,265.0,june16,15.0,9235.270717809204,38702.73743087136,2438.873319040627,0.0,0.22638678678161905,0.0,406.8497297884204,3.2137133730405596e-42,9.641140119121677e-43,9.641140119121678e-42,3.3743990416925873e-43,1.1730053811598042e-41,7.837839800552678e-39,4.190752887864715
3000.0,270.0,june16,15.0,7788.238392889506,32578.459653552614,2051.6924785985902,0.0,0.23848964558701377,0.0,406.8497297884204,3.8108120876949636e-42,1.143243626308489e-42,1.143243626308489e-41,4.001352692079712e-43,1.3909464120086615e-41,7.818614497676347e-39,4.183033185437164
3000.0,275.0,june16,15.0,6586.448150019642,27483.503449298336,1727.4455641847435,0.0,0.24952948092984095,0.0,406.8497297884204,4.5061484328825725e-42,1.3518445298647717e-42,1.3518445298647718e-41,4.731455854526701e-43,1.6447441780021387e-41,7.784126121941033e-39,4.172735110533949
3000.0,280.0,june16,15.0,5577.988397168004,23181.021364001885,1451.2813015918548,0.0,0.26009477687549665,0.0,406.8497297884204,5.32082731196463e-42,1.596248193589389e-42,1.596248193589389e-41,5.586868677562862e-43,1.9421019688670899e-41,7.722017186853518e-39,4.155803080510369
3000.0,285.0,june16,15.0,4717.364278775387,19498.44224494415,1213.951373855267,0.0,0.27009841871507195,0.0,406.8497297884204,6.291545713993076e-42,1.887463714197923e-42,1.8874637141979228e-41,6.60612299969273e-43,2.2964141856074726e-41,7.637630563175112e-39,4.133334017191033
3000.0,290.0,june16,15.0,3989.872532757138,16372.341507122415,1011.5318198524202,0.0,0.2797799205530246,0.0,406.8497297884204,7.43871208059967e-42,2.231613624179901e-42,2.2316136241799012e-41,7.810647684629654e-43,2.7151299094188795e-41,7.524493968247168e-39,4.103474828507508
3000.0,295.0,june16,15.0,3361.3974708860633,13672.982027397147,837.0122768815854,0.0,0.28924651775289406,0.0,406.8497297884204,8.829516076731568e-42,2.64885482301947e-42,2.6488548230194703e-41,9.270991880568145e-43,3.222773368007022e-41,7.390413355147652e-39,4.067648097501826
3000.0,300.0,june16,15.0,2821.324427897421,11353.689409715378,687.2859751300441,0.0,0.2991338481496826,0.0,406.8497297884204,1.051970936628222e-41,3.155912809884666e-42,3.155912809884666e-41,1.104569483459633e-42,3.8396939186930095e-41,7.230048709889934e-39,4.024240990312717
3000.0,305.0,june16,15.0,2349.81532410562,9338.32790968154,558.0924020681869,0.0,0.30970040978786106,0.0,406.8497297884204,1.2630572583728406e-41,3.7891717751185213e-42,3.789171775118522e-41,1.3262101212914826e-42,4.610158993060868e-41,7.049026592749571e-39,3.9740688614480235
3000.0,310.0,june16,15.0,1944.9216778547343,7614.50185287191,448.23341355843854,0.0,0.32133416487854083,0.0,406.8497297884204,1.5260004218889723e-41,4.578001265666917e-42,4.578001265666917e-41,1.602300442983421e-42,5.569901539894749e-41,6.840043781949114e-39,3.9150686321059327
3000.0,315.0,june16,15.0,1594.925942198225,6143.248592918549,355.8172228685781,0.0,0.33379464124515723,0.0,406.8497297884204,1.8608709172143252e-41,5.582612751642975e-42,5.582612751642975e-41,1.9539144630750416e-42,6.792178847832286e-41,6.621299218801048e-39,3.8517453571866453
3000.0,320.0,june16,15.0,1293.4694603841642,4885.8653750478015,277.62336507152054,0.0,0.34871084068866803,0.0,406.8497297884204,2.2945661972303872e-41,6.883698591691161e-42,6.883698591691161e-41,2.4092945070919065e-42,8.375166619890912e-41,6.370251890544624e-39,3.777333384892354
3000.0,325.0,june16,15.0,1035.543031101884,3829.07672440179,213.1678667539871,0.0,0.3653880543928962,0.0,406.8497297884204,2.866082057246083e-41,8.598246171738249e-42,8.59824617173825e-41,3.009386160108388e-42,1.0461199508948203e-40,6.109565980850263e-39,3.6976509999081424
3000.0,330.0,june16,15.0,817.8469124902905,2952.716843820641,160.72009207615864,0.0,0.3847499161764247,0.0,406.8497297884204,3.6289814825003304e-41,1.0886944447500992e-41,1.0886944447500992e-40,3.8104305566253474e-42,1.3245782411126205e-40,5.832502380101278e-39,3.610353965670434
3000.0,335.0,june16,15.0,635.2735226008282,2231.0091675079248,118.35874384379282,0.0,0.4080020049231453,0.0,406.8497297884204,4.671926651053319e-41,1.4015779953159958e-41,1.4015779953159959e-40,4.9055229836059856e-42,1.7052532276344614e-40,5.529633697490087e-39,3.5118875384166945
3000.0,340.0,june16,15.0,484.1399951058668,1649.5442466527209,85.16706213439176,0.0,0.4344145924109969,0.0,406.8497297884204,6.130357605135125e-41,1.8391072815405375e-41,1.8391072815405375e-40,6.436875485391881e-42,2.2375805258743205e-40,5.221045470625842e-39,3.407163761159653
3000.0,345.0,june16,15.0,361.8912074240161,1191.7752916911074,59.733325401987,0.0,0.46598399096509596,0.0,406.8497297884204,8.201225230293813e-41,2.460367569088144e-41,2.460367569088144e-40,8.611286491808504e-42,2.9934472090572413e-40,4.898864553761262e-39,3.2931866462694774
3000.0,350.0,june16,15.0,263.7454684207563,835.4360043965793,40.55525026086614,0.0,0.5032524491557366,0.0,406.8497297884204,1.1253089270950142e-40,3.375926781285043e-41,3.375926781285043e-40,1.181574373449765e-41,4.107377583896802e-40,4.5637185159125076e-39,3.167584297842032
3000.0,355.0,june16,15.0,187.17940873175615,567.3968390305332,26.619562653849936,0.0,0.5471753555369754,0.0,406.8497297884204,1.5856184828538787e-40,4.756855448561636e-41,4.756855448561636e-40,1.6648994069965726e-41,5.787507462416657e-40,4.22084705494313e-39,3.0312994515527114
3000.0,360.0,june16,15.0,128.0909992173836,369.09105537702817,16.73123896785578,0.0,0.5978108631670708,0.0,406.8497297884204,2.3170646798612397e-40,6.95119403958372e-41,6.9511940395837195e-40,2.432917913854302e-41,8.457286081493524e-40,3.876736286273665e-39,2.881475338877189
3000.0,365.0,june16,15.0,84.89923087998952,230.87561998025788,10.1330154045937,0.0,0.6578591470513473,0.0,406.8497297884204,3.495851811829392e-40,1.0487555435488177e-40,1.0487555435488178e-39,3.670644402420862e-41,1.275985911317728e-39,3.542352026144403e-39,2.7194076741003146
3000.0,370.0,june16,15.0,53.82208649021795,136.72682874701687,5.856173790535913,0.0,0.7262305358809704,0.0,406.8497297884204,5.514374292209484e-40,1.6543122876628452e-40,1.6543122876628453e-39,5.790093006819959e-41,2.0127466166564616e-39,3.2293134201242214e-39,2.5403479809699814
3000.0,375.0,june16,15.0,32.17313779711106,75.4575313026624,3.2268551407112467,0.0,0.7966917772188091,0.0,406.8497297884204,9.224935782340246e-40,2.7674807347020737e-40,2.7674807347020738e-39,9.686182571457258e-41,3.3671015605541895e-39,2.976753145197575e-39,2.345358161162571
3000.0,380.0,june16,15.0,18.03035995992356,38.50666268226982,1.719715461138989,0.0,0.8654387241291028,0.0,406.8497297884204,1.646085440082315e-39,4.938256320246944e-40,4.938256320246944e-39,1.7283897120864307e-40,6.008211856300449e-39,2.8307985816653336e-39,2.1356569013519056
3000.0,385.0,june16,15.0,9.36244419057009,17.912395984196056,0.9127473029447812,0.0,0.9201261080055444,0.0,406.8497297884204,3.170060339517613e-39,9.51018101855284e-40,9.51018101855284e-39,3.328563356493494e-40,1.1570720239239288e-38,2.893464025066919e-39,1.913217918269412
3000.0,390.0,june16,15.0,4.368981989630166,7.368987042372511,0.493146360721423,0.0,0.9560422493201909,0.0,406.8497297884204,6.79323308723131e-39,2.037969926169393e-39,2.037969926169393e-38,7.132894741592876e-40,2.479530076839428e-38,3.350058174500478e-39,1.6866599724747995
3000.0,395.0,june16,15.0,1.7788527472218203,2.645269522768908,0.2758043439736515,0.0,0.9713147881485483,0.0,406.8497297884204,1.6684637362944317e-38,5.005391208883295e-39,5.005391208883295e-38,1.7518869231091535e-39,6.089892637474675e-38,4.6016954623251316e-39,1.487064922546423
3000.0,400.0,june16,15.0,0.6065062969143836,0.8633070580870935,0.1592524875546226,0.0,0.9659210794228484,0.0,406.8497297884204,4.893521000601084e-38,1.468056300180325e-38,1.4680563001803251e-37,5.138197050631138e-39,1.7861351652193953e-37,7.793053922465084e-39,1.4234098845785945
3000.0,405.0,june16,15.0,0.1656646563599776,0.2955728048915292,0.0849766813046147,0.0,0.9501138163915561,0.0,406.8497297884204,1.7915416396954243e-37,5.374624919086273e-38,5.3746249190862725e-37,1.8811187216801956e-38,6.539126984888298e-37,1.5223926296034493e-38,1.7841633296197492
3000.0,410.0,june16,15.0,0.0345115849020971,0.1191797558147186,0.038561470646289,0.0,0.9254951034676573,0.0,406.8497297884204,8.599869607167721e-37,2.579960882150316e-37,2.579960882150316e-36,9.029863087526107e-38,3.1389524066162174e-36,3.31623619418711e-38,3.453326068704443
3000.0,415.0,june16,15.0,0.004663283052166,0.0474371957241405,0.0137034677319968,0.0,0.852419918640186,0.0,406.8497297884204,6.364510298316076e-36,1.9093530894948224e-36,1.9093530894948226e-35,6.682735813231879e-37,2.3230462588853674e-35,8.721586150293566e-38,10.172489036904352
3000.0,200.0,annual,8.0,106341.74194295396,462518.6174642071,28537.85015430564,0.25536328762930294,0.0647142913818705,3.946010721533484,406.8497297884204,2.790956069291645e-43,8.372868207874935e-44,8.372868207874935e-43,2.9305038727562273e-44,1.0186989652914503e-42,7.964788609269484e-39,4.3493609283955585
3000.0,205.0,annual,8.0,84541.59617493257,365085.297199781,22479.9382089315,0.2117535764389423,0.07420473207095943,2.853639795322617,406.8497297884204,3.5106402472057418e-43,1.0531920741617225e-43,1.0531920741617225e-42,3.686172259566029e-44,1.2813836902300956e-42,7.891897583097308e-39,4.318410270422981
3000.0,210.0,annual,8.0,67318.37504625399,288747.6876466934,17756.702878770637,0.16916565333438816,0.08488710315615677,1.9928310313899402,406.8497297884204,4.4088279001209905e-43,1.322648370036297e-43,1.322648370036297e-42,4.62926929512704e-44,1.6092221835441612e-42,7.828624706608269e-39,4.289284871304408
3000.0,215.0,annual,8.0,53744.79627711241,229176.9688404438,14091.632100575584,0.12963107590102302,0.09652402991608652,1.3429927864980173,406.8497297884204,5.522304495572635e-43,1.6566913486717904e-43,1.6566913486717904e-42,5.798419720351267e-44,2.0156411408840116e-42,7.781828329896421e-39,4.264170388864985
3000.0,220.0,annual,8.0,43038.975707121346,182612.65987665657,11239.314629580684,0.09427254025027698,0.10931008601227997,0.8624322209360108,406.8497297884204,6.895961746729598e-43,2.0687885240188794e-43,2.0687885240188794e-42,7.240759834066079e-44,2.517026037556303e-42,7.750588374504674e-39,4.242960174501573
3000.0,225.0,annual,8.0,34582.062379598436,146134.39255964913,9012.312588148876,0.06364154915241381,0.12282803060628952,0.5181353868353481,406.8497297884204,8.582343263304808e-43,2.574702978991442e-43,2.574702978991442e-42,9.011460426470048e-44,3.1325552911062546e-42,7.734676022769661e-39,4.2257280943967235
3000.0,230.0,annual,8.0,27929.6112902049,117654.41921013274,7276.56071499764,0.03927756592634966,0.13740731383630755,0.28584770948321403,406.8497297884204,1.062653994754382e-42,3.187961984263146e-43,3.187961984263146e-42,1.1157866944921011e-43,3.8786870808534937e-42,7.732466311865046e-39,4.212533357075217
3000.0,235.0,annual,8.0,22658.292002756814,95251.18434253392,5912.435884506424,0.021062766023260834,0.15253639463086915,0.1380835444172634,406.8497297884204,1.3098742396762406e-42,3.9296227190287215e-43,3.929622719028722e-42,1.3753679516600527e-43,4.781040974818278e-42,7.744547458852374e-39,4.203811316887645
3000.0,240.0,annual,8.0,18508.42730476075,77699.37849756604,4841.036129009705,0.009428588392665463,0.16765559523386497,0.05623783912200128,406.8497297884204,1.6035675274170453e-42,4.8107025822511365e-43,4.810702582251136e-42,1.6837459037878978e-43,5.853021475072215e-42,7.762928335532678e-39,4.198054065759556
3000.0,245.0,annual,8.0,15206.21890898334,63788.70889479429,3989.144087919477,0.0032244554250398035,0.18290548632909853,0.017629079858425347,406.8497297884204,1.9518009826847642e-42,5.855402948054292e-43,5.855402948054293e-42,2.0493910318190024e-43,7.124073586799388e-42,7.786015350872353e-39,4.194909285247103
3000.0,250.0,annual,8.0,12571.741402319534,52713.28427361045,3307.186718962713,0.0007140461622177225,0.1976011605757406,0.003613572714538933,406.8497297884204,2.360811605940076e-42,7.082434817820228e-43,7.082434817820229e-42,2.47885218623708e-43,8.616962361681277e-42,7.807644789138053e-39,4.192997818415566
3000.0,255.0,annual,8.0,10452.35484021787,43805.409320646526,2754.652547696175,8.467765793522798e-05,0.21178707695994173,0.00039982448008970943,406.8497297884204,2.839504921443586e-42,8.518514764330758e-43,8.518514764330757e-42,2.9814801675157654e-43,1.0364192963269088e-41,7.821849466050401e-39,4.190960792116912
3000.0,260.0,annual,8.0,8732.341945196507,36560.365534174074,2301.371540811514,4.9936611037969735e-06,0.2251261137475319,2.2181616431211194e-05,406.8497297884204,3.39880334459411e-42,1.0196410033782329e-42,1.019641003378233e-41,3.5687435118238155e-43,1.24056322077685e-41,7.821909290063874e-39,4.1867766704080145
3000.0,265.0,annual,8.0,7326.406015943894,30623.168258036807,1926.7363211476193,0.0,0.23762311975531086,0.0,406.8497297884204,4.051033063808378e-42,1.2153099191425133e-42,1.2153099191425133e-41,4.253584716998797e-43,1.4786270682900577e-41,7.805272542209523e-39,4.1798349956846454
3000.0,270.0,annual,8.0,6163.747495399899,25685.819678717413,1612.2911202110984,0.0,0.2492977900047514,0.0,406.8497297884204,4.8151734041057993e-42,1.4445520212317396e-42,1.4445520212317398e-41,5.0559320743110894e-43,1.7575382924986165e-41,7.763461321716427e-39,4.167240740781017
3000.0,275.0,annual,8.0,5193.530551035797,21557.682745590824,1347.883213274954,0.0,0.25994879337807153,0.0,406.8497297884204,5.714708466200136e-42,1.7144125398600406e-42,1.7144125398600408e-41,6.000443889510143e-43,2.0858685901630494e-41,7.702759610351423e-39,4.150872423633161
3000.0,280.0,annual,8.0,4375.6147128492275,18056.611513694592,1122.1129946260692,0.0,0.2703199392698269,0.0,406.8497297884204,6.782935646120268e-42,2.0348806938360802e-42,2.0348806938360804e-41,7.122082428426281e-43,2.4757715108338974e-41,7.611220230223924e-39,4.126645671217436
3000.0,285.0,annual,8.0,3674.733450370265,15051.431484586146,928.032505011902,0.0,0.28036452639859916,0.0,406.8497297884204,8.076643764864857e-42,2.4229931294594573e-42,2.4229931294594574e-41,8.4804759531081e-43,2.947974974175673e-41,7.495387945196293e-39,4.095924694366491
3000.0,290.0,annual,8.0,3080.7437648241503,12498.854291397432,762.9106128451277,0.0,0.2904049131428544,0.0,406.8497297884204,9.633879113333997e-42,2.890163734000199e-42,2.8901637340001994e-41,1.0115573069000697e-42,3.5163658763669086e-41,7.349788618429515e-39,4.057089860607369
3000.0,295.0,annual,8.0,2567.3553345278056,10299.575087178227,621.3408788591611,0.0,0.3005757415187968,0.0,406.8497297884204,1.1560344846044482e-41,3.468103453813345e-42,3.468103453813345e-41,1.2138362088346707e-42,4.219525868806236e-41,7.182914826556252e-39,4.011745062579174
3000.0,300.0,annual,8.0,2127.134352093846,8419.89762825819,500.95834618255935,0.0,0.31157801096809346,0.0,406.8497297884204,1.395281542995076e-41,4.185844628985228e-42,4.185844628985228e-41,1.46504562014483e-42,5.092777631932027e-41,6.989779342378629e-39,3.9583290166745035
3000.0,305.0,annual,8.0,1744.540287592275,6799.691430082331,398.3075341938503,0.0,0.32374530171008215,0.0,406.8497297884204,1.7012798856273743e-41,5.103839656882123e-42,5.103839656882123e-41,1.786343879908743e-42,6.209671582539916e-41,6.776325962178352e-39,3.897698137695012
3000.0,310.0,annual,8.0,1418.667887599579,5430.534081438228,312.4022593466789,0.0,0.3374756934083981,0.0,406.8497297884204,2.092069135341591e-41,6.276207406024773e-42,6.276207406024773e-41,2.1966725921086705e-42,7.636052343996806e-41,6.535671245901659e-39,3.827910766787585
3000.0,315.0,annual,8.0,1139.9732266609517,4279.003720317834,241.46396145869625,0.0,0.35254109415958607,0.0,406.8497297884204,2.6035271983015213e-41,7.810581594904563e-42,7.810581594904564e-41,2.733703558216597e-42,9.50287427380055e-41,6.286579910673459e-39,3.7536001901126106
3000.0,320.0,annual,8.0,903.5006220874494,3313.8167253593165,182.83689127235536,0.0,0.3707423128108366,0.0,406.8497297884204,3.284946604785033e-41,9.8548398143551e-42,9.8548398143551e-41,3.4491939350242854e-42,1.199005510746537e-40,6.00609425214574e-39,3.6677525663491726
3000.0,325.0,annual,8.0,704.7083752571863,2520.251012658566,135.75296972178208,0.0,0.39132504911440014,0.0,406.8497297884204,4.211602139486658e-41,1.2634806418459973e-41,1.2634806418459974e-40,4.4221822464609915e-42,1.53723478091263e-40,5.717374977219249e-39,3.576303476936527
3000.0,330.0,annual,8.0,540.5109770162551,1879.320316652104,98.60349120874405,0.0,0.41531075904860354,0.0,406.8497297884204,5.491010223938664e-41,1.6473030671815988e-41,1.647303067181599e-40,5.765560735135597e-42,2.004218731737612e-40,5.4143277834325964e-39,3.4769327480200025
3000.0,335.0,annual,8.0,406.3646386442454,1367.8164773093424,69.66149732937272,0.0,0.4439573360438258,0.0,406.8497297884204,7.303665276706433e-41,2.19109958301193e-41,2.19109958301193e-40,7.668848540541755e-42,2.665837825997848e-40,5.087842591679175e-39,3.3659830291158928
3000.0,340.0,annual,8.0,298.4842948715826,969.581759607388,47.857148605568376,0.0,0.47641824223142104,0.0,406.8497297884204,9.943408587792665e-41,2.9830225763377994e-41,2.9830225763377994e-40,1.0440579017182298e-41,3.6293441345443223e-40,4.758631824318783e-39,3.248351006288397
3000.0,345.0,annual,8.0,214.2018524386124,668.6778182166788,31.910398343452773,0.0,0.514561077183191,0.0,406.8497297884204,1.3855861969251225e-40,4.1567585907753674e-41,4.156758590775368e-40,1.4548655067713788e-41,5.0573896187766965e-40,4.421460748307046e-39,3.1217181859261167
3000.0,350.0,annual,8.0,149.14767318544904,444.9032360101698,20.4879694417731,0.0,0.5586052967276143,0.0,406.8497297884204,1.9899414034149934e-40,5.969824210244981e-41,5.96982421024498e-40,2.0894384735857433e-41,7.263286122464725e-40,4.076985866408546e-39,2.98297134985794
3000.0,355.0,annual,8.0,100.63238788313404,285.25011225664247,12.662901548303488,0.0,0.6085147743938832,0.0,406.8497297884204,2.949300283318389e-40,8.847900849955167e-41,8.847900849955168e-40,3.0967652974843084e-41,1.076494603411212e-39,3.734669912404434e-39,2.8345756098713255
3000.0,360.0,annual,8.0,65.04941088774525,173.8529092882467,7.45304943138809,0.0,0.6630625835056267,0.0,406.8497297884204,4.562610576241927e-40,1.3687831728725781e-40,1.3687831728725781e-39,4.790741105054024e-41,1.665352860328303e-39,3.400536216090518e-39,2.6726284975625982
3000.0,365.0,annual,8.0,40.54081946504875,101.39116749482704,4.224232347900937,0.0,0.7233856323836673,0.0,406.8497297884204,7.320896173561754e-40,2.196268852068526e-40,2.1962688520685263e-39,7.686940982239841e-41,2.67212710335004e-39,3.092516643198375e-39,2.5009649245555803
3000.0,370.0,annual,8.0,24.045029976059872,55.66615379582762,2.2884917256629427,0.0,0.7863783846549602,0.0,406.8497297884204,1.2343304640927192e-39,3.702991392278157e-40,3.7029913922781576e-39,1.296046987297355e-40,4.5053061939384245e-39,2.8247550538098878e-39,2.3150794093935803
3000.0,375.0,annual,8.0,13.356437047315277,28.248672097917996,1.1851145654004052,0.0,0.8459744422022639,0.0,406.8497297884204,2.222113045891912e-39,6.666339137675736e-40,6.666339137675736e-39,2.3332186981865075e-40,8.110712617505478e-39,2.6334585366527638e-39,2.114985605655675
3000.0,380.0,annual,8.0,6.929844773050714,13.198269309573954,0.5978825515156503,0.0,0.900330708596641,0.0,406.8497297884204,4.282853942831906e-39,1.2848561828495717e-39,1.2848561828495718e-38,4.496996639973502e-40,1.5632416891336454e-38,2.5606436431092026e-39,1.9045548265237262
3000.0,385.0,annual,8.0,3.327131044157448,5.590662007422777,0.3017700989393931,0.0,0.9415703292888449,0.0,406.8497297884204,8.920452069837024e-39,2.676135620951107e-39,2.676135620951107e-38,9.366474673328876e-40,3.2559650054905135e-38,2.6919257036988326e-39,1.6803251609942338
3000.0,390.0,annual,8.0,1.4338311811374058,2.0736086504796156,0.1530931838669763,0.0,0.9684541254624425,0.0,406.8497297884204,2.0699447326797325e-38,6.209834198039197e-39,6.209834198039197e-38,2.173441969313719e-39,7.555298274281023e-38,3.168944295546173e-39,1.4462013922968935
3000.0,395.0,annual,8.0,0.5386286113040468,0.653476302136483,0.0777143948369696,0.0,0.9798180395481282,0.0,406.8497297884204,5.510199864358809e-38,1.6530599593076426e-38,1.6530599593076427e-37,5.78570985757675e-39,2.011222950490965e-37,4.2822184788939684e-39,1.2132224104367277
3000.0,400.0,annual,8.0,0.1698172423635436,0.178606150543437,0.0398662568951827,0.0,0.9769995886584747,0.0,406.8497297884204,1.747732597490638e-37,5.243197792471914e-38,5.243197792471914e-37,1.83511922736517e-38,6.379223980840828e-37,6.967555671564672e-39,1.0517550989379405
3000.0,405.0,annual,8.0,0.042796654663432,0.0473221061454762,0.0182959699848248,0.0,0.9708862761055708,0.0,406.8497297884204,6.93500771097262e-37,2.0805023132917858e-37,2.080502313291786e-36,7.281758096521251e-38,2.531277814505006e-36,1.2688269292448358e-38,1.1057431128118296
3000.0,410.0,annual,8.0,0.0080778766320314,0.0145370253155614,0.0069203856102164,0.0,0.9663765126563961,0.0,406.8497297884204,3.6741726027090376e-36,1.1022517808127112e-36,1.1022517808127113e-35,3.857881232844489e-37,1.3410729999887985e-35,2.5426691209238964e-38,1.7996097214356284
3000.0,415.0,annual,8.0,0.0009218989164871,0.0044581744620153,0.0019131884632997,0.0,0.9681045955683023,0.0,406.8497297884204,3.219389076035282e-35,9.658167228105847e-36,9.658167228105846e-35,3.3803585298370464e-36,1.1750770127528778e-34,6.159298039143782e-38,4.835860398885372
3000.0,200.0,annual,11.5,106311.08705336587,462523.3821562911,28544.816151479215,0.25543692184379646,0.06441270818753744,3.965629283899886,406.8497297884204,2.7917608437749157e-43,8.375282531324747e-44,8.375282531324748e-43,2.931348885963662e-44,1.0189927079778442e-42,7.969030002445346e-39,4.350659888597643
3000.0,205.0,annual,11.5,84513.48716778879,365089.829735994,22486.355213540388,0.2118240052307519,0.07385995431463109,2.86791411118963,406.8497297884204,3.511807878729359e-43,1.0535423636188078e-43,1.0535423636188078e-42,3.687398272665827e-44,1.281809875736216e-42,7.896775940281814e-39,4.31990019547014
3000.0,210.0,annual,11.5,67292.6656852649,288752.0046796711,17762.610110379548,0.16923028357015366,0.08449501334606851,2.0028434444649723,406.8497297884204,4.410512305796835e-43,1.3231536917390504e-43,1.3231536917390505e-42,4.631037921086677e-44,1.6098369916158447e-42,7.834221047490027e-39,4.290987758312259
3000.0,215.0,annual,11.5,53721.29435221044,229181.07788100367,14097.05978137484,0.12968778674255288,0.096080138246848,1.3497876783790683,406.8497297884204,5.5247203864610754e-43,1.6574161159383225e-43,1.6574161159383228e-42,5.80095640578413e-44,2.0165229410582923e-42,7.78823135633221e-39,4.266112360927761
3000.0,220.0,annual,11.5,43017.56920159541,182616.56332538015,11244.291461031704,0.09431945237690957,0.10881129696087632,0.8668167277780231,406.8497297884204,6.899393331683787e-43,2.069817999505136e-43,2.069817999505136e-42,7.244362998267977e-44,2.518278566064582e-42,7.75787895257511e-39,4.24516230727903
3000.0,225.0,annual,11.5,34562.592690199825,146138.10198283708,9016.870837319071,0.06367739950675355,0.12227080670881543,0.5207898861614574,406.8497297884204,8.58717784151908e-43,2.576153352455724e-43,2.576153352455724e-42,9.016536733595033e-44,3.1343199121544636e-42,7.742947345406592e-39,4.228215842854704
3000.0,230.0,annual,11.5,27911.93611261963,117657.928243832,7280.729354106877,0.03930243836622858,0.13678991612785485,0.28731970512719196,406.8497297884204,1.0633269182661439e-42,3.1899807547984318e-43,3.1899807547984315e-42,1.1164932641794511e-43,3.881143251671425e-42,7.741795506832317e-39,4.215326653411052
3000.0,235.0,annual,11.5,22642.264512999423,95254.5052726889,5916.244481867842,0.021077675453653997,0.15185674586797648,0.13879973084619388,406.8497297884204,1.3108014435761786e-42,3.932404330728536e-43,3.932404330728536e-42,1.3763415157549876e-43,4.7844252690530514e-42,7.755021807381969e-39,4.206933684482008
3000.0,240.0,annual,11.5,18493.944242831847,77702.51512898998,4844.503236187226,0.00943597215179224,0.1669152312058223,0.05653152251969619,406.8497297884204,1.6048233205297428e-42,4.814469961589228e-43,4.8144699615892284e-42,1.68506448655623e-43,5.857605119933561e-42,7.77457176981507e-39,4.201511268160498
3000.0,245.0,annual,11.5,15193.15590649764,63791.660076844186,3992.2960869046624,0.00322722779632932,0.1821054524798618,0.017721752711859103,406.8497297884204,1.9534791317964636e-42,5.860437395389391e-43,5.860437395389391e-42,2.0511530883862867e-43,7.130198831057092e-42,7.798867093720938e-39,4.198710292281176
3000.0,250.0,annual,11.5,12559.985881912851,52716.056301235905,3310.047958250045,0.0007147144738153774,0.19674359495107896,0.0036327204145735668,406.8497297884204,2.363021207867251e-42,7.089063623601753e-43,7.089063623601752e-42,2.4811722682606137e-43,8.625027408715466e-42,7.82171352440255e-39,4.197142958349201
3000.0,255.0,annual,11.5,10441.79387027121,43807.99979426833,2757.2416407584637,8.476330205076194e-05,0.21087438648865509,0.0004019611080424988,406.8497297884204,2.8423768346906124e-42,8.527130504071837e-43,8.527130504071837e-42,2.9844956764251433e-43,1.0374675446620735e-41,7.837119767336193e-39,4.195447672932322
3000.0,260.0,annual,11.5,8722.883214373616,36562.792175951174,2303.7104484558554,4.999076021667675e-06,0.224161686083167,2.230120637035604e-05,406.8497297884204,3.402488865214572e-42,1.0207466595643715e-42,1.0207466595643716e-41,3.572613308475301e-43,1.2419084358033186e-41,7.838349149549516e-39,4.19159482907014
3000.0,265.0,annual,11.5,7317.994251796527,30625.458744330605,1928.8479445135624,0.0,0.23661395006906044,0.0,406.8497297884204,4.055689576715255e-42,1.2167068730145763e-42,1.2167068730145764e-41,4.258474055551018e-43,1.480326695501068e-41,7.822808503632299e-39,4.184952555382538
3000.0,270.0,annual,11.5,6156.217798182248,25687.92499346779,1614.1861628528577,0.0,0.24823854278724597,0.0,406.8497297884204,4.821062863993672e-42,1.4463188591981016e-42,1.4463188591981016e-41,5.062116007193356e-43,1.75968794535769e-41,7.782092965302354e-39,4.1726796932123955
3000.0,275.0,annual,11.5,5186.8665392249595,21559.65056203045,1349.5820869495012,0.0,0.2588489213708817,0.0,406.8497297884204,5.722050641755696e-42,1.7166151925267087e-42,1.7166151925267087e-41,6.008153173843481e-43,2.0885484842408288e-41,7.722377046731384e-39,4.156584789484861
3000.0,280.0,annual,11.5,4369.71009154415,18058.425866193404,1123.6341252847617,0.0,0.26917652782598783,0.0,406.8497297884204,6.792101166369439e-42,2.0376303499108315e-42,2.0376303499108314e-41,7.131706224687911e-43,2.479116925724845e-41,7.631836652919133e-39,4.132637060096587
3000.0,285.0,annual,11.5,3669.540653772456,15053.119456796145,929.3887496624905,0.0,0.2791797967376194,0.0,406.8497297884204,8.088073088647056e-42,2.4264219265941165e-42,2.426421926594117e-41,8.492476743079408e-43,2.952146677356175e-41,7.516964135036524e-39,4.102180865967746
3000.0,290.0,annual,11.5,3076.182141615264,12500.4102083476,764.1148525204287,0.0,0.28917863071526295,0.0,406.8497297884204,9.648165044573399e-42,2.894449513372019e-42,2.8944495133720194e-41,1.0130573296802068e-42,3.5215802412692904e-41,7.372306210126958e-39,4.063611851599852
3000.0,295.0,annual,11.5,2563.371571266058,10301.00899513202,622.4083239553161,0.0,0.29930479331321824,0.0,406.8497297884204,1.1578310902002597e-41,3.473493270600779e-42,3.473493270600779e-41,1.2157226447102727e-42,4.226083479230948e-41,7.206437082749e-39,4.018539142198693
3000.0,300.0,annual,11.5,2123.6678317602928,8421.208203971575,501.9000961575166,0.0,0.3102597443465782,0.0,406.8497297884204,1.3975590987255382e-41,4.1926772961766146e-42,4.1926772961766145e-41,1.4674370536618152e-42,5.101090710348214e-41,7.014350460361598e-39,3.9654074323814084
3000.0,305.0,annual,11.5,1741.5418928696056,6800.891700015726,399.13467793380545,0.0,0.3223747359041684,0.0,406.8497297884204,1.704208961667253e-41,5.112626885001758e-42,5.112626885001759e-41,1.7894194097506154e-42,6.220362710085472e-41,6.802088950469639e-39,3.905097963971246
3000.0,310.0,annual,11.5,1416.0869153020035,5431.626481277154,313.12537999244825,0.0,0.3360486680337478,0.0,406.8497297884204,2.0958821586981254e-41,6.287646476094375e-42,6.287646476094376e-41,2.200676266633032e-42,7.649969879248157e-41,6.562738973617433e-39,3.8356589716237663
3000.0,315.0,annual,11.5,1137.7692756994109,4279.995645853278,242.0930480332039,0.0,0.3510517632356219,0.0,406.8497297884204,2.608570440718633e-41,7.8257113221559e-42,7.825711322155901e-41,2.7389989627545652e-42,9.52128210862301e-41,6.315167690028919e-39,3.761743032850201
3000.0,320.0,annual,11.5,901.628629245996,3314.7122100280885,183.3821157318492,0.0,0.3691817795561075,0.0,406.8497297884204,3.291766925623622e-41,9.875300776870865e-42,9.875300776870866e-41,3.456355271904803e-42,1.201494927852622e-40,6.036511833169845e-39,3.676360867999588
3000.0,325.0,annual,11.5,703.1338923648954,2521.0548052258127,136.22173416839175,0.0,0.38968568152358557,0.0,406.8497297884204,4.2210329116194804e-41,1.266309873485844e-41,1.2663098734858442e-40,4.432084557200454e-42,1.5406770127411102e-40,5.7499642320266146e-39,3.5854548224756844
3000.0,330.0,annual,11.5,539.1975501714495,1880.04306268154,99.00450595320834,0.0,0.4135829404337816,0.0,406.8497297884204,5.504385730246008e-41,1.6513157190738023e-41,1.6513157190738024e-40,5.779605016758308e-42,2.0091007915397927e-40,5.449589897988959e-39,3.486742590139254
3000.0,335.0,annual,11.5,405.282032476289,1368.4583368582842,70.00075562965087,0.0,0.44213536761761335,0.0,406.8497297884204,7.323175130200159e-41,2.1969525390600474e-41,2.1969525390600477e-40,7.689333886710167e-42,2.6729589225230577e-40,5.12627792722278e-39,3.3765581180516455
3000.0,340.0,annual,11.5,297.6012052634725,970.151336844803,48.14273470333149,0.0,0.4744862083808972,0.0,406.8497297884204,9.972914250531156e-41,2.991874275159347e-41,2.991874275159347e-40,1.0471559963057714e-41,3.6401137014438716e-40,4.8012336498239546e-39,3.2599039240647834
3000.0,345.0,annual,11.5,213.49326391716144,669.1783284118475,32.14812694953894,0.0,0.5125196141797332,0.0,406.8497297884204,1.3901849859295522e-40,4.1705549577886565e-41,4.170554957788656e-40,1.45969423522603e-41,5.074175198642865e-40,4.4691843411006254e-39,3.134423616622858
3000.0,350.0,annual,11.5,148.58650681640515,445.3379901438389,20.683445527225807,0.0,0.5564437212300136,0.0,406.8497297884204,1.997456811212717e-40,5.99237043363815e-41,5.992370433638151e-40,2.0973296517733528e-41,7.290717360926416e-40,4.131428914770439e-39,2.9971630647061556
3000.0,355.0,annual,11.5,100.19851537150488,285.6262022612244,12.821473407887712,0.0,0.6062391537622542,0.0,406.8497297884204,2.962071134430579e-40,8.886213403291736e-41,8.886213403291736e-40,3.110174691152108e-41,1.081155964067161e-39,3.797811628237345e-39,2.8506031372042933
3000.0,360.0,annual,11.5,64.72395886628614,174.17607898401187,7.58042756760519,0.0,0.6606741163818974,0.0,406.8497297884204,4.585552789004845e-40,1.3756658367014534e-40,1.3756658367014533e-39,4.814830428455088e-41,1.6737267679867683e-39,3.4760450774481186e-39,2.691060343571442
3000.0,365.0,annual,11.5,40.30245209849195,101.66375838732418,4.324376731416343,0.0,0.7209133394922804,0.0,406.8497297884204,7.364195343981039e-40,2.2092586031943114e-40,2.2092586031943118e-39,7.732405111180091e-41,2.687931300553079e-39,3.184555499111617e-39,2.522520419821509
3000.0,370.0,annual,11.5,23.87600039374903,55.89095614784385,2.3654081064589385,0.0,0.7838373077716508,0.0,406.8497297884204,1.243068877534602e-39,3.729206632603806e-40,3.729206632603806e-39,1.3052223214113322e-40,4.5372014030012974e-39,2.940365199807161e-39,2.340884370335186
3000.0,375.0,annual,11.5,13.242582223031691,28.429182488559704,1.2425063495674984,0.0,0.8433474731991342,0.0,406.8497297884204,2.2412179520285918e-39,6.723653856085776e-40,6.723653856085776e-39,2.3532788496300217e-40,8.180445524904359e-39,2.7847275361601907e-39,2.1468005264951464
3000.0,380.0,annual,11.5,6.858511080393016,13.339852343651785,0.6395790844187809,0.0,0.8976114665193177,0.0,406.8497297884204,4.327398856921084e-39,1.2982196570763252e-39,1.298219657076325e-38,4.543768799767138e-40,1.5795005827761955e-38,2.767713798824466e-39,1.9450070412202887
3000.0,385.0,annual,11.5,3.2849194347602992,5.696376087893481,0.3306358012784276,0.0,0.9386075140536317,0.0,406.8497297884204,9.035080950665398e-39,2.710524285199619e-39,2.7105242851996195e-38,9.486834998198667e-40,3.29780454699287e-38,2.987321229738711e-39,1.734099176867376
3000.0,390.0,annual,11.5,1.4114447479539307,2.1488744502552475,0.1722244652565961,0.0,0.9649512665259696,0.0,406.8497297884204,2.1027754045985552e-38,6.308326213795666e-39,6.308326213795666e-38,2.2079141748284832e-39,7.675130226784726e-38,3.621493696117087e-39,1.522464448835362
3000.0,395.0,annual,11.5,0.5281989051428243,0.7037306135758072,0.0896116419724496,0.0,0.9752003529154253,0.0,406.8497297884204,5.619003129407855e-38,1.6857009388223563e-38,1.6857009388223564e-37,5.899953285878248e-39,2.050936142233867e-37,5.035280966745706e-39,1.3323212273329483
3000.0,400.0,annual,11.5,0.1658897740044884,0.2100137080752573,0.0468845760396682,0.0,0.9702412627276149,0.0,406.8497297884204,1.7891104613036787e-37,5.367331383911036e-38,5.367331383911036e-37,1.8785659843688627e-38,6.530253183758427e-37,8.388168546635816e-39,1.2659834479584924
3000.0,405.0,annual,11.5,0.0416393055155094,0.0646675760435423,0.0219901881441231,0.0,0.9608091215301328,0.0,406.8497297884204,7.12776369394984e-37,2.138329108184952e-37,2.1383291081849523e-36,7.484151878647333e-38,2.6016337482916914e-36,1.5674086467680685e-38,1.5530416572259005
3000.0,410.0,annual,11.5,0.0078375865535718,0.0227398137792983,0.0086064406368773,0.0,0.9502034864485883,0.0,406.8497297884204,3.786817894336053e-36,1.1360453683008159e-36,1.1360453683008159e-35,3.976158789052855e-37,1.382188531432659e-35,3.2591023410267937e-38,2.901379605043743
3000.0,415.0,annual,11.5,0.0008986484208206,0.0076160695612272,0.0025470476389659,0.0,0.9289058166407724,0.0,406.8497297884204,3.302683487984267e-35,9.9080504639528e-36,9.908050463952801e-35,3.46781766238348e-36,1.2054794731142573e-34,8.41209218032199e-38,8.475026923513195
3000.0,200.0,annual,15.0,106266.69977572247,462514.8293548709,28553.349262468957,0.25554361706999795,0.0639972793391034,3.993038762100259,406.8497297884204,2.7929269537976054e-43,8.378780861392816e-44,8.378780861392815e-43,2.9325733014874856e-44,1.0194183381361259e-42,7.974741877634652e-39,4.35239666171073
3000.0,205.0,annual,15.0,84472.80999722175,365082.2634242884,22494.221555437704,0.2119260072973488,0.0733854887731107,2.887846232823634,406.8497297884204,3.51349896025117e-43,1.054049688075351e-43,1.054049688075351e-42,3.689173908263729e-44,1.2824271204916769e-42,7.903342404668983e-39,4.321890836072527
3000.0,210.0,annual,15.0,67255.49081709718,288745.3744881815,17769.853656330175,0.1693238240886344,0.0839561303592831,2.0168131066073145,406.8497297884204,4.412950176839454e-43,1.3238850530518362e-43,1.3238850530518362e-42,4.633597685681427e-44,1.6107268145464007e-42,7.841747883511346e-39,4.293260981076341
3000.0,215.0,annual,15.0,53687.36251935554,229175.3221608108,14103.719032989162,0.12976975285332026,0.0954711628388785,1.3592560202951085,406.8497297884204,5.528212155844529e-43,1.6584636467533585e-43,1.6584636467533585e-42,5.804622763636755e-44,2.0177974368832527e-42,7.796835100078653e-39,4.268701448654472
3000.0,220.0,annual,15.0,42986.68717927036,182611.600683536,11250.402412480187,0.09438721231900148,0.10812798429462778,0.8729212232590468,406.8497297884204,6.904349917847541e-43,2.071304975354262e-43,2.0713049753542623e-42,7.249567413739918e-44,2.5200877200143522e-42,7.767671497235936e-39,4.248096624007759
3000.0,225.0,annual,15.0,34534.52132321095,146133.84577970137,9022.47156107317,0.06372915964651983,0.1215083918210209,0.5244836071930854,406.8497297884204,8.594157924385494e-43,2.5782473773156484e-43,2.5782473773156486e-42,9.02386582060477e-44,3.136867642400705e-42,7.754054546413974e-39,4.231529500931103
3000.0,230.0,annual,15.0,27886.47216232748,117654.295168738,7285.852125981009,0.03933832656790185,0.1359464192668736,0.28936640464709557,406.8497297884204,1.0642978730586117e-42,3.1928936191758352e-43,3.1928936191758354e-42,1.1175127667115424e-43,3.8846872366639325e-42,7.754316921101152e-39,4.219045510090734
3000.0,235.0,annual,15.0,22619.200272810307,95251.44221213124,5920.925377914282,0.021099167839035798,0.15092989011624214,0.1397944954626667,406.8497297884204,1.31213803545256e-42,3.9364141063576795e-43,3.93641410635768e-42,1.377744937225188e-43,4.7893038294018436e-42,7.769071393437652e-39,4.211087972311268
3000.0,240.0,annual,15.0,18473.126946351123,77699.97891840055,4848.768707408236,0.009446605512913948,0.16590750369207602,0.05693898891063316,406.8497297884204,1.6066317898246093e-42,4.8198953694738276e-43,4.819895369473828e-42,1.6869633793158398e-43,5.864206032859823e-42,7.790185946828851e-39,4.206108643331124
3000.0,245.0,annual,15.0,15174.395629607365,63789.5787723115,3996.177248632843,0.0032312176545434422,0.18101828077384727,0.017850228389807328,406.8497297884204,1.9558942401346416e-42,5.867682720403925e-43,5.867682720403925e-42,2.053688952141374e-43,7.139013976491442e-42,7.816100063158077e-39,4.203764046315566
3000.0,250.0,annual,15.0,12543.118185725403,52714.37193769293,3313.5718512707904,0.0007156756053638953,0.19558022955025137,0.003659243099415697,406.8497297884204,2.3661989443143302e-42,7.09859683294299e-43,7.09859683294299e-42,2.4845088915300467e-43,8.636626146747305e-42,7.840570216386625e-39,4.202652893575069
3000.0,255.0,annual,15.0,10426.662588374984,43806.67707295648,2760.434955149467,8.488631144201385e-05,0.2096389129418884,0.0004049167697484875,406.8497297884204,2.8465017217075725e-42,8.539505165122717e-43,8.539505165122718e-42,2.9888268077929512e-43,1.0389731284232639e-41,7.857582852494723e-39,4.201409291003426
3000.0,260.0,annual,15.0,8709.348646027658,36561.78423777615,2306.597386060601,5.006844723878576e-06,0.2228587861610966,2.2466445277411265e-05,406.8497297884204,3.407776426887007e-42,1.022332928066102e-42,1.0223329280661021e-41,3.5781652482313575e-43,1.2438383958137574e-41,7.860368198536505e-39,4.197992952601801
3000.0,265.0,annual,15.0,7305.957372010089,30624.75062375284,1931.4545477030188,0.0,0.2352521234415213,0.0,406.8497297884204,4.062371500164885e-42,1.2187114500494655e-42,1.2187114500494656e-41,4.2654900751731296e-43,1.482765597560183e-41,7.8462859084526e-39,4.1917505214415245
3000.0,270.0,annual,15.0,6145.478087637684,25687.42525617829,1616.529172792873,0.0,0.2468140247595844,0.0,406.8497297884204,4.8294880538549114e-42,1.4488464161564734e-42,1.4488464161564735e-41,5.070962456547657e-43,1.7627631396570426e-41,7.807008328711143e-39,4.179890464153051
3000.0,275.0,annual,15.0,5177.366435585993,21559.36598901933,1351.6839280530835,0.0,0.2573716766988131,0.0,406.8497297884204,5.7325502026425705e-42,1.719765060792771e-42,1.719765060792771e-41,6.019177712774699e-43,2.092380823964538e-41,7.748595975669409e-39,4.164156865705636
3000.0,280.0,annual,15.0,4361.309901740277,18058.30432270937,1125.5162437194008,0.0,0.2676448891398427,0.0,406.8497297884204,6.80518323121923e-42,2.041554969365769e-42,2.041554969365769e-41,7.145442392780192e-43,2.483891879395019e-41,7.659344268224122e-39,4.140568941341139
3000.0,285.0,annual,15.0,3662.1619552806783,15053.157136608415,931.0681422854744,0.0,0.27759623779719345,0.0,406.8497297884204,8.104369323884422e-42,2.4313107971653266e-42,2.431310797165327e-41,8.509587790078643e-43,2.958094803217814e-41,7.545720090784455e-39,4.110456424490571
3000.0,290.0,annual,15.0,3069.713333322478,12500.56826985866,765.6086892478247,0.0,0.2875429697350501,0.0,406.8497297884204,9.668496627126403e-42,2.900548988137921e-42,2.900548988137921e-41,1.0151921458482724e-42,3.5290012689011366e-41,7.40228502969126e-39,4.072226593331038
3000.0,295.0,annual,15.0,2557.733493701134,10301.2702264358,623.7328817554956,0.0,0.29761439158932723,0.0,406.8497297884204,1.1603833269793087e-41,3.481149980937926e-42,3.481149980937926e-41,1.2184024933282741e-42,4.2353991434744757e-41,7.237692364778336e-39,4.027499445037757
3000.0,300.0,annual,15.0,2118.769587527044,8421.539463879015,503.0699864866253,0.0,0.30851068598688725,0.0,406.8497297884204,1.4007900238040627e-41,4.202370071412188e-42,4.202370071412188e-41,1.470829524994266e-42,5.112883586884828e-41,7.046954183457093e-39,3.9747311427611858
3000.0,305.0,annual,15.0,1737.3162407998536,6801.2952667364525,400.1643648370422,0.0,0.32056213825528385,0.0,406.8497297884204,1.7083540873254598e-41,5.125062261976379e-42,5.125062261976379e-41,1.793771791691733e-42,6.235492418737927e-41,6.836224282713576e-39,3.914828576980989
3000.0,310.0,annual,15.0,1412.457228236338,5432.071303351669,314.02683908154313,0.0,0.3341669094848538,0.0,406.8497297884204,2.1012680891252607e-41,6.303804267375782e-42,6.303804267375783e-41,2.206331493581524e-42,7.669628525307202e-41,6.598545760909198e-39,3.845830652255866
3000.0,315.0,annual,15.0,1134.6778271823302,4280.469177363425,242.87767660948737,0.0,0.34909520589912524,0.0,406.8497297884204,2.6156775340516243e-41,7.847032602154872e-42,7.847032602154872e-41,2.7464614107542054e-42,9.547222999288427e-41,6.352896822300918e-39,3.7724092908317672
3000.0,320.0,annual,15.0,899.0110815697421,3315.200213878765,184.06229963979928,0.0,0.36714086797114515,0.0,406.8497297884204,3.301351186645066e-41,9.904053559935198e-42,9.9040535599352e-41,3.466418745977319e-42,1.204993183125449e-40,6.07654291332471e-39,3.687607730140736
3000.0,325.0,annual,15.0,700.9380818855053,2521.548964896155,136.8074062036848,0.0,0.38755051542130303,0.0,406.8497297884204,4.2342560315222426e-41,1.2702768094566727e-41,1.2702768094566728e-40,4.445968833098355e-42,1.5455034515056183e-40,5.7927758487486586e-39,3.597391881053536
3000.0,330.0,annual,15.0,537.3738352427464,1880.5424746493673,99.5064678457578,0.0,0.4113465264489986,0.0,406.8497297884204,5.523066264673322e-41,1.6569198794019967e-41,1.6569198794019967e-40,5.799219577906988e-42,2.0159191866057624e-40,5.495808156757056e-39,3.499505095553964
3000.0,335.0,annual,15.0,403.7825286069076,1368.9417425655563,70.42625414956035,0.0,0.43978936090500603,0.0,406.8497297884204,7.350370782973394e-41,2.2051112348920184e-41,2.2051112348920184e-40,7.717889322122064e-42,2.682885335785289e-40,5.176590808551872e-39,3.3902946402573435
3000.0,340.0,annual,15.0,296.38457372972715,970.6213813761668,48.50169727795488,0.0,0.47201865153274924,0.0,406.8497297884204,1.0013852150260037e-40,3.0041556450780106e-41,3.0041556450780108e-40,1.0514544757773038e-41,3.655056034844913e-40,4.8568882557810984e-39,3.274871458935227
3000.0,345.0,annual,15.0,212.5217445489731,669.6244511610591,32.44744341388418,0.0,0.5099358851112213,0.0,406.8497297884204,1.3965400609928663e-40,4.1896201829785993e-41,4.189620182978599e-40,1.4663670640425098e-41,5.097371222623962e-40,4.5314154604288394e-39,3.150851469726912
3000.0,350.0,annual,15.0,147.82153199514917,445.75356852682467,20.930106617755772,0.0,0.5537363849649193,0.0,406.8497297884204,2.0077936284984026e-40,6.023380885495207e-41,6.023380885495208e-40,2.1081833099233226e-41,7.328446744019168e-40,4.2023334710922286e-39,3.0154847031449536
3000.0,355.0,annual,15.0,99.6125298016084,286.01233492026716,13.022266677615796,0.0,0.6034347448843846,0.0,406.8497297884204,2.9794959598540484e-40,8.938487879562146e-41,8.938487879562146e-40,3.128470757846751e-41,1.0875160253467276e-39,3.8799790954098263e-39,2.871248581778806
3000.0,360.0,annual,15.0,64.28759438103913,174.52929450411528,7.742004928817645,0.0,0.6577798206901094,0.0,406.8497297884204,4.616678115774534e-40,1.3850034347323602e-40,1.3850034347323603e-39,4.847512021563261e-41,1.685087512257705e-39,3.5742344727091e-39,2.7148207392807757
3000.0,365.0,annual,15.0,39.986227453895665,101.97811175952326,4.451825351763615,0.0,0.717982164527116,0.0,406.8497297884204,7.422433897694891e-40,2.2267301693084673e-40,2.226730169308467e-39,7.793555592579636e-41,2.709188372658635e-39,3.304337939754774e-39,2.5503309077382847
3000.0,370.0,annual,15.0,23.65527506219602,56.16387097357232,2.4636956292974723,0.0,0.780911442711329,0.0,406.8497297884204,1.254667846027492e-39,3.7640035380824754e-40,3.764003538082476e-39,1.3174012383288666e-40,4.579537638000345e-39,3.0911196884780056e-39,2.3742641261157416
3000.0,375.0,annual,15.0,13.096804937498268,28.65922336674734,1.3162962517608696,0.0,0.8404241108496409,0.0,406.8497297884204,2.266164392850968e-39,6.798493178552904e-40,6.798493178552905e-39,2.3794726124935166e-40,8.271500033906033e-39,2.9829436961836765e-39,2.188260686748976
3000.0,380.0,annual,15.0,6.768912002471742,13.527078803371056,0.6932994343666168,0.0,0.8946813132504018,0.0,406.8497297884204,4.384679989728855e-39,1.3154039969186567e-39,1.3154039969186567e-38,4.603913989215299e-40,1.6004081962510322e-38,3.0398961567576385e-39,1.9984125659236662
3000.0,385.0,annual,15.0,3.2335695161484312,5.840679018694115,0.3680841261695018,0.0,0.9354671133395142,0.0,406.8497297884204,9.178560368426896e-39,2.753568110528069e-39,2.753568110528069e-38,9.63748838684824e-40,3.3501745344758166e-38,3.3784823727064346e-39,1.806263632040626
3000.0,390.0,annual,15.0,1.385183484555751,2.254625445018766,0.1972292241590784,0.0,0.9611496381060429,0.0,406.8497297884204,2.1426412703001573e-38,6.427923810900472e-39,6.427923810900472e-38,2.2497733338151652e-39,7.820640636595574e-38,4.225914753925222e-39,1.6276727741537131
3000.0,395.0,annual,15.0,0.5167171144817676,0.7759891277777635,0.1053156800059868,0.0,0.9698037944048388,0.0,406.8497297884204,5.743861036853768e-38,1.72315831105613e-38,1.7231583110561302e-37,6.031054088696456e-39,2.0965092784516248e-37,6.04918630956147e-39,1.501767806851198
3000.0,400.0,annual,15.0,0.1619708157477042,0.2556553122551355,0.0561612729717828,0.0,0.961299997895701,0.0,406.8497297884204,1.8323988103945822e-37,5.497196431183747e-38,5.497196431183747e-37,1.9240187509143114e-38,6.688255657940225e-37,1.0290984978374022e-38,1.5784035603880646
3000.0,405.0,annual,15.0,0.0407169114136092,0.090239618607458,0.0269315013568798,0.0,0.9442972018405569,0.0,406.8497297884204,7.289234860666092e-37,2.1867704581998274e-37,2.1867704581998277e-36,7.653696603699396e-38,2.6605707241431234e-36,1.963100385406444e-38,2.2162687560161145
3000.0,410.0,annual,15.0,0.007772871819963,0.0350999136897285,0.0109048076580417,0.0,0.9135278127788167,0.0,406.8497297884204,3.818345869701297e-36,1.145503760910389e-36,1.1455037609103891e-35,4.009263163186362e-37,1.3936962424409732e-35,4.16383272809706e-38,4.515694392332792
3000.0,415.0,annual,15.0,0.000966998103414,0.0125642687225913,0.0034376407928045,0.0,0.8128119477305695,0.0,406.8497297884204,3.069242111715566e-35,9.207726335146698e-36,9.207726335146698e-35,3.2227042173013446e-36,1.1202733707761816e-34,1.0550951886226857e-37,12.99306449333559
3000.0,200.0,sun,8.0,102668.20131149322,446015.44262213743,27504.370387287316,0.2486940039584191,0.06572314297914743,3.783963953722123,406.8497297884204,2.890818445277549e-43,8.672455335832647e-44,8.672455335832647e-43,3.0353593675414265e-44,1.0551487325263054e-42,7.951014124131578e-39,4.344241322285717
3000.0,205.0,sun,8.0,81511.67296155727,351590.20134522254,21639.38128824421,0.20473456516946675,0.07540986684107488,2.7149572562028474,406.8497297884204,3.641136530650137e-43,1.0923409591950413e-43,1.0923409591950413e-42,3.823193357182644e-44,1.3290148336873e-42,7.879194170929302e-39,4.313372411225572
3000.0,210.0,sun,8.0,64822.941291233066,277729.5276996187,17073.946897486,0.16192724593394098,0.08631373986553185,1.876030933038093,406.8497297884204,4.5785508059763576e-43,1.3735652417929072e-43,1.3735652417929073e-42,4.807478346275175e-44,1.6711710441813702e-42,7.817393332868205e-39,4.284432674102988
3000.0,215.0,sun,8.0,51691.34344866768,220187.6731487765,13537.18785982134,0.12237215585594972,0.09818768794676286,1.2463085587909926,406.8497297884204,5.741679559740346e-43,1.7225038679221038e-43,1.722503867922104e-42,6.028763537727364e-44,2.095713039305226e-42,7.772619483110136e-39,4.259662420409616
3000.0,220.0,sun,8.0,41349.6837641868,175278.74048565477,10788.785226890051,0.08722818584747533,0.11122732758281902,0.7842334050732801,406.8497297884204,7.177688027490774e-43,2.1533064082472323e-43,2.1533064082472326e-42,7.536572428865314e-44,2.6198561300341327e-42,7.743853455421807e-39,4.238937871574842
3000.0,225.0,sun,8.0,33194.94155162165,140161.65756514104,8646.652862840552,0.0571418986781133,0.12498912710825047,0.45717495593535823,406.8497297884204,8.940974625100195e-43,2.6822923875300583e-43,2.6822923875300586e-42,9.388023356355205e-44,3.263455738161571e-42,7.730950383870733e-39,4.2223800077242135
3000.0,230.0,sun,8.0,26789.040242166724,112780.7905728933,6978.918252608336,0.03360949077071282,0.13981068005940459,0.24039287096259296,406.8497297884204,1.10789758577304e-42,3.3236927573191196e-43,3.3236927573191197e-42,1.163292465061692e-43,4.043826188071595e-42,7.731926683372178e-39,4.209960101346709
3000.0,235.0,sun,8.0,21720.67701963159,91272.91635441755,5669.79688076079,0.016537357420602458,0.1551507779012004,0.10658894299024013,406.8497297884204,1.3664174916209278e-42,4.099252474862784e-43,4.0992524748627835e-42,1.4347383662019743e-43,4.987423844416386e-42,7.74730963180932e-39,4.202121152665879
3000.0,240.0,sun,8.0,17736.131453208236,74443.45998656344,4642.509699951683,0.006295584069418644,0.17042542224633087,0.03694040470276249,406.8497297884204,1.673392706170132e-42,5.0201781185103954e-43,5.020178118510396e-42,1.7570623414786387e-43,6.10788337752098e-42,7.768741870223234e-39,4.197277189953256
3000.0,245.0,sun,8.0,14567.77328285378,61110.98776493805,3825.6789398012374,0.0015211104518127534,0.18578816809470985,0.008187337586736588,406.8497297884204,2.0373403974103586e-42,6.112021192231076e-43,6.112021192231076e-42,2.1392074172808766e-43,7.436292450547808e-42,7.794210251579093e-39,4.194943631973287
3000.0,250.0,sun,8.0,12042.607875510765,50503.27410712189,3171.9407271816713,0.00017255524107680307,0.20051808077404462,0.0008605470409985037,406.8497297884204,2.4645420091962035e-42,7.393626027588611e-43,7.393626027588611e-42,2.5877691096560138e-43,8.995578333566142e-42,7.817381172819583e-39,4.193715732438883
3000.0,255.0,sun,8.0,10011.930599023435,41971.05274151806,2641.967721507963,7.457444828318115e-06,0.21467481677577677,3.473833093383867e-05,406.8497297884204,2.9644145767818514e-42,8.893243730345555e-43,8.893243730345555e-42,3.112635305620944e-43,1.0820113205253757e-41,7.83188762502534e-39,4.192103843150083
3000.0,260.0,sun,8.0,8363.788827357403,35027.623802822025,2206.7536973627657,0.0,0.2279274472282177,0.0,406.8497297884204,3.548572736843091e-42,1.0645718210529273e-42,1.0645718210529273e-41,3.726001373685245e-43,1.295229048947728e-41,7.8308260073892e-39,4.188009109968077
3000.0,265.0,sun,8.0,7015.922975518415,29332.06117198385,1846.5807017116704,0.0,0.24030105350868416,0.0,406.8497297884204,4.230307703353923e-42,1.2690923110061767e-42,1.2690923110061767e-41,4.441823088521619e-43,1.5440623117241816e-41,7.811604567315571e-39,4.1807843778125955
3000.0,270.0,sun,8.0,5900.522858403646,24590.290174534264,1543.8711822641594,0.0,0.2518280709798265,0.0,406.8497297884204,5.0299801766216624e-42,1.5089940529864987e-42,1.5089940529864986e-41,5.281479185452745e-43,1.8359427644669064e-41,7.765641442046171e-39,4.167476470244034
3000.0,275.0,sun,8.0,4968.651403579834,20619.822500360577,1288.9571768570802,0.0,0.2623332262155807,0.0,406.8497297884204,5.973353853741825e-42,1.7920061561225472e-42,1.7920061561225474e-41,6.272021546428916e-43,2.1802741566157658e-41,7.699397319687422e-39,4.149983733112032
3000.0,280.0,sun,8.0,4182.1495723942,17247.908573582976,1071.037101626069,0.0,0.27259002191133264,0.0,406.8497297884204,7.096712467048944e-42,2.129013740114683e-42,2.129013740114683e-41,7.451548090401391e-43,2.590300050472864e-41,7.60084235178169e-39,4.124173053836733
3000.0,285.0,sun,8.0,3507.2777562311276,14349.760848432452,883.5327533794133,0.0,0.28257728884565936,0.0,406.8497297884204,8.46226477408123e-42,2.538679432224369e-42,2.538679432224369e-41,8.885378012785291e-43,3.0887266425396486e-41,7.476688095669608e-39,4.091424131703931
3000.0,290.0,sun,8.0,2934.6157270663603,11885.57336982286,723.9349633909496,0.0,0.29265290013273676,0.0,406.8497297884204,1.0113594340729227e-41,3.0340783022187676e-42,3.034078302218768e-41,1.0619274057765688e-42,3.691461934366167e-41,7.321584548806728e-39,4.050129378167164
3000.0,295.0,sun,8.0,2439.264752882707,9761.619115507292,587.1430607777189,0.0,0.30296643607403295,0.0,406.8497297884204,1.2167401252528357e-41,3.650220375758507e-42,3.6502203757585074e-41,1.2775771315154777e-42,4.4411014571728504e-41,7.144005213120151e-39,4.00186945839769
3000.0,300.0,sun,8.0,2014.3538357866487,7946.687079398559,470.9426683544777,0.0,0.314259306178813,0.0,406.8497297884204,1.473401171243722e-41,4.420203513731166e-42,4.4202035137311663e-41,1.5470712298059084e-42,5.377914275039585e-41,6.938874791421312e-39,3.9450303805712497
3000.0,305.0,sun,8.0,1645.09446521885,6383.615829093163,372.0375815318514,0.0,0.3269157767341881,0.0,406.8497297884204,1.8041221119496626e-41,5.412366335848988e-42,5.412366335848988e-41,1.8943282175471457e-42,6.585045708616268e-41,6.712012273178885e-39,3.8803946910391787
3000.0,310.0,sun,8.0,1330.8674525521387,5065.1826562296965,289.5101948318888,0.0,0.34137592693711166,0.0,406.8497297884204,2.2300878237392002e-41,6.690263471217601e-42,6.690263471217601e-41,2.3415922149261606e-42,8.139820556648081e-41,6.456331603429587e-39,3.8059257114722027
3000.0,315.0,sun,8.0,1062.5524245310712,3959.269475076798,221.62749597329963,0.0,0.3574726622332446,0.0,406.8497297884204,2.793228110375032e-41,8.379684331125095e-42,8.379684331125095e-41,2.932889515893783e-42,1.0195282602868866e-40,6.190561517846496e-39,3.726187417834103
3000.0,320.0,sun,8.0,835.4995657123468,3036.086945294606,165.8375042725886,0.0,0.3771421776621576,0.0,406.8497297884204,3.5523074131305596e-41,1.0656922239391678e-41,1.0656922239391678e-40,3.729922783787088e-42,1.2965922057926541e-40,5.891057958025872e-39,3.6338581968095203
3000.0,325.0,sun,8.0,645.3221684743274,2281.016250488704,121.34224569721772,0.0,0.3997312673491297,0.0,406.8497297884204,4.59917766030597e-41,1.3797532980917911e-41,1.3797532980917911e-40,4.829136543321269e-42,1.678699846011679e-40,5.58074545662002e-39,3.5346937730056434
3000.0,330.0,sun,8.0,489.0311984954837,1675.4529424047787,86.55793057200235,0.0,0.42646477818106443,0.0,406.8497297884204,6.069042854685563e-41,1.8207128564056688e-41,1.8207128564056688e-40,6.372494997419841e-42,2.2152006419602304e-40,5.253237900543799e-39,3.4260655507447177
3000.0,335.0,sun,8.0,362.21896872236334,1196.6872869987194,59.78423416428338,0.0,0.45888798967323224,0.0,406.8497297884204,8.193804182635815e-41,2.4581412547907446e-41,2.4581412547907446e-40,8.603494391767607e-42,2.9907385266620725e-40,4.898603079509842e-39,3.303767583513735
3000.0,340.0,sun,8.0,261.1013890465346,828.2257189483802,39.913843985346354,0.0,0.4964867100021851,0.0,406.8497297884204,1.1367045237811322e-40,3.4101135713433965e-41,3.4101135713433965e-40,1.1935397499701889e-41,4.148971511801132e-40,4.537024701963753e-39,3.172046391529423
3000.0,345.0,sun,8.0,183.02466692499337,554.2478804644096,25.68082557373185,0.0,0.5415815166986,0.0,406.8497297884204,1.6216127316672836e-40,4.864838195001851e-41,4.864838195001851e-40,1.7026933682506479e-41,5.9188864705855855e-40,4.1644353710090346e-39,3.028268756208418
3000.0,350.0,sun,8.0,123.65422858101984,354.59533874263366,15.751434634604054,0.0,0.5950475349175396,0.0,406.8497297884204,2.4002020270602333e-40,7.2006060811807e-41,7.2006060811807e-40,2.520212128413245e-41,8.76073739876985e-40,3.780662533908342e-39,2.8676361723472987
3000.0,355.0,sun,8.0,80.24385171696355,215.99257131702075,9.186480599633848,0.0,0.6573271613373924,0.0,406.8497297884204,3.698665053387396e-40,1.1095995160162186e-40,1.1095995160162188e-39,3.883598306056766e-41,1.3500127444863993e-39,3.3977714757487004e-39,2.691702438198887
3000.0,360.0,sun,8.0,49.231646676785,122.76113634429008,5.0186348976239135,0.0,0.7273326614284351,0.0,406.8497297884204,6.028543632579446e-40,1.808563089773834e-40,1.8085630897738338e-39,6.329970814208419e-41,2.2004184258914977e-39,3.0255059456311645e-39,2.4935411393049676
3000.0,365.0,sun,8.0,28.6473290379424,65.2325381216986,2.6043949511634414,0.0,0.8042950440796359,0.0,406.8497297884204,1.0360307228001548e-39,3.108092168400464e-40,3.1080921684004644e-39,1.0878322589401625e-40,3.7815121382205646e-39,2.698233183710934e-39,2.2770897082691497
3000.0,370.0,sun,8.0,15.48938169808504,31.541274551869225,1.2844494295944322,0.0,0.8778701846834505,0.0,406.8497297884204,1.916119932220575e-39,5.748359796661725e-40,5.7483597966617256e-39,2.011925928831604e-40,6.993837752605099e-39,2.4611591539752398e-39,2.03631592058763
3000.0,375.0,sun,8.0,7.536187759518385,13.306326276319297,0.6125951188214207,0.0,0.9326803238469762,0.0,406.8497297884204,3.9382661309078173e-39,1.1814798392723453e-39,1.1814798392723454e-38,4.135179437453209e-40,1.4374671377813534e-38,2.4125626084138512e-39,1.7656574784131525
3000.0,380.0,sun,8.0,3.244455815566054,4.809030952049312,0.3011319449790574,0.0,0.9661671263066469,0.0,406.8497297884204,9.147763044600191e-39,2.7443289133800573e-39,2.7443289133800573e-38,9.605151196830202e-40,3.3389335112790696e-38,2.754683677827999e-39,1.4822303724947752
3000.0,385.0,sun,8.0,1.1964237196597156,1.437236015257267,0.1578726093984219,0.0,0.9809823192208398,0.0,406.8497297884204,2.480685773925872e-38,7.442057321777616e-39,7.442057321777617e-38,2.604720062622166e-39,9.054503074829433e-38,3.916323362272212e-39,1.2012767647786544
3000.0,390.0,sun,8.0,0.3548779463668302,0.3563064249691883,0.0817630434185797,0.0,0.9777741110227642,0.0,406.8497297884204,8.363301612096856e-38,2.5089904836290566e-38,2.5089904836290567e-37,8.781466692701699e-39,3.052605088415352e-37,6.838089928325529e-39,1.0040252673263657
3000.0,395.0,sun,8.0,0.0800431889570452,0.086434491103445,0.0362793813457956,0.0,0.9739925311244828,0.0,406.8497297884204,3.707937351846476e-37,1.1123812055539428e-37,1.1123812055539429e-36,3.8933342194388e-38,1.3533971334239636e-36,1.3452167319395779e-38,1.0798481698402804
3000.0,400.0,sun,8.0,0.0126650810921534,0.0272070036180568,0.013301150392908,0.0,0.9707941911015662,0.0,406.8497297884204,2.3434127893473298e-36,7.030238368041989e-37,7.03023836804199e-36,2.4605834288146964e-37,8.553456681117753e-36,3.117008594377287e-38,2.148190242138504
3000.0,405.0,sun,8.0,0.0009289097831369,0.0078336670359674,0.0030960190154817,0.0,0.9682275594789916,0.0,406.8497297884204,3.1950910140322254e-35,9.585273042096677e-36,9.585273042096677e-35,3.354845564733837e-36,1.1662082201217622e-34,9.892062535638479e-38,8.433183908897316
3000.0,410.0,sun,8.0,1.922220201902209e-06,0.000908208379237,0.0002469181160255,0.0,1.4808602419380266,0.0,406.8497297884204,1.5440225308267382e-32,4.6320675924802145e-33,4.6320675924802146e-32,1.621223657368075e-33,5.635682237517594e-32,3.812471344126627e-36,472.478844171051
3000.0,415.0,sun,8.0,7.62060664502878e-08,3.990822598713382e-06,7.064772034609109e-07,0.0,0.0,,406.8497297884204,3.8946391530173563e-31,1.168391745905207e-31,1.168391745905207e-30,4.0893711106682246e-32,1.4215432908513349e-30,2.7514737773130727e-37,52.36883078483984
3000.0,200.0,sun,11.5,102638.1574745688,446020.1124022321,27511.193901273666,0.248766800687071,0.06541731092391809,3.8027671448677065,406.8497297884204,2.891664634259162e-43,8.674993902777486e-44,8.674993902777486e-43,3.03624786597212e-44,1.055457591504594e-42,7.95531464505594e-39,4.345558448988573
3000.0,205.0,sun,11.5,81484.14252453542,351594.6418722176,21645.663041189415,0.20480373730379825,0.07506006342667333,2.7285313648032337,406.8497297884204,3.642366734182252e-43,1.0927100202546757e-43,1.0927100202546757e-42,3.824485070891365e-44,1.3294638579765219e-42,7.884144300054657e-39,4.314884233657488
3000.0,210.0,sun,11.5,64797.77861088597,277733.75544484187,17079.725849845006,0.1619901265390523,0.08591579378016494,1.8854522482041054,406.8497297884204,4.580328777580532e-43,1.3740986332741594e-43,1.3740986332741594e-42,4.809345216459558e-44,1.671820003816894e-42,7.823075982323118e-39,4.2861616771255
3000.0,215.0,sun,11.5,51668.35767116657,220191.695566639,13542.494063361002,0.12242659573508692,0.09773706784557264,1.2526117105183106,406.8497297884204,5.7442338690853965e-43,1.7232701607256188e-43,1.7232701607256188e-42,6.031445562539667e-44,2.0966453622161696e-42,7.779125307064618e-39,4.261635273333191
3000.0,220.0,sun,11.5,41328.76324984209,175282.5599742383,10793.647206425452,0.08727234053224663,0.1107209499202565,0.7882188564594321,406.8497297884204,7.18132135482828e-43,2.154396406448484e-43,2.154396406448484e-42,7.540387422569695e-44,2.621182294512322e-42,7.751264917998571e-39,4.241176028293274
3000.0,225.0,sun,11.5,33175.928871598706,140165.28557373126,8651.10263815747,0.05717464593410348,0.12442351785016716,0.459516391450643,406.8497297884204,8.946098577779808e-43,2.6838295733339424e-43,2.6838295733339423e-42,9.393403506668799e-44,3.2653259808896294e-42,7.739361700744769e-39,4.224909153748643
3000.0,230.0,sun,11.5,26771.7941804902,112784.22088775464,6982.984562543561,0.033631141592724983,0.1391842092670784,0.241630439040615,406.8497297884204,1.1086112798185976e-42,3.325833839455793e-43,3.325833839455793e-42,1.1640418438095276e-43,4.046431171337881e-42,7.741415452834927e-39,4.212800237719798
3000.0,235.0,sun,11.5,21705.05205641321,91276.1611503827,5673.509027503219,0.01654926228039061,0.1544615200398917,0.10714165104756543,406.8497297884204,1.36740114385968e-42,4.10220343157904e-43,4.1022034315790405e-42,1.4357712010526642e-43,4.991014175087832e-42,7.757962733906123e-39,4.205295657119295
3000.0,240.0,sun,11.5,17722.025048350264,74446.52304074242,4645.886118477511,0.0063005952381456,0.16967516194438526,0.037133279650033615,406.8497297884204,1.674724695879841e-42,5.024174087639523e-43,5.024174087639524e-42,1.7584609306738334e-43,6.11274513996142e-42,7.780580216859626e-39,4.200790983966734
3000.0,245.0,sun,11.5,14555.0622614524,61113.868040753216,3828.7457548531816,0.0015224388465086703,0.18497813862637935,0.008230371749948825,406.8497297884204,2.0391196187512363e-42,6.117358856253709e-43,6.11735885625371e-42,2.141075599688798e-43,7.442786608442012e-42,7.807270583931634e-39,4.198804989148488
3000.0,250.0,sun,11.5,12031.180767346095,50505.97787020071,3174.7220351066853,0.0001727191325054413,0.1996506659260802,0.0008651067187994745,406.8497297884204,2.4668828092107702e-42,7.400648427632311e-43,7.400648427632311e-42,2.5902269496713086e-43,9.00412225361931e-42,7.831667212427314e-39,4.197923615883099
3000.0,255.0,sun,11.5,10001.675715908928,41973.57772591308,2644.481964432188,7.465091069530039e-06,0.2137526076032941,3.4923976615923146e-05,406.8497297884204,2.9674540399529565e-42,8.902362119858868e-43,8.902362119858868e-42,3.115826741950604e-43,1.0831207245828289e-41,7.847378688937026e-39,4.1966545325148665
3000.0,260.0,sun,11.5,8354.614826729228,35029.98748643506,2209.0225866807596,0.0,0.22695396566030532,0.0,406.8497297884204,3.552469338804054e-42,1.0657408016412161e-42,1.065740801641216e-41,3.7300928057442564e-43,1.2966513086634795e-41,7.847485007909018e-39,4.192890781076145
3000.0,265.0,sun,11.5,7007.774889313881,29334.29074509871,1848.6268440319016,0.0,0.23928342289840585,0.0,406.8497297884204,4.235226370460537e-42,1.2705679111381613e-42,1.2705679111381613e-41,4.446987688983565e-43,1.545857625218096e-41,7.82935315898515e-39,4.185963620182837
3000.0,270.0,sun,11.5,5893.238460309568,24592.337750802573,1545.705213347471,0.0,0.25076080707087517,0.0,406.8497297884204,5.036197535423381e-42,1.5108592606270142e-42,1.5108592606270143e-41,5.28800741219455e-43,1.8382121004295338e-41,7.784476785951604e-39,4.1729751674617885
3000.0,275.0,sun,11.5,4962.2139790407045,20621.73482630551,1290.5992264567474,0.0,0.26122581732348693,0.0,406.8497297884204,5.981103018699523e-42,1.7943309056098567e-42,1.7943309056098566e-41,6.280158169634498e-43,2.1831026018253254e-41,7.71920692929172e-39,4.1557528380289845
3000.0,280.0,sun,11.5,4176.4545165653935,17249.670148422843,1072.5053340962488,0.0,0.27143933002840165,0.0,406.8497297884204,7.106389616300904e-42,2.1319168848902712e-42,2.1319168848902712e-41,7.46170909711595e-43,2.59383220994983e-41,7.621640769648914e-39,4.130218605279705
3000.0,285.0,sun,11.5,3502.2779506672164,14351.398233498405,884.8398662224375,0.0,0.28138533184678044,0.0,406.8497297884204,8.474345391067292e-42,2.5423036173201874e-42,2.5423036173201874e-41,8.898062660620657e-43,3.093136067739561e-41,7.498438642154713e-39,4.0977325145665064
3000.0,290.0,sun,11.5,2930.2318335540713,11887.081122729396,725.0936681949057,0.0,0.29141913209893355,0.0,406.8497297884204,1.0128725198331871e-41,3.038617559499561e-42,3.0386175594995617e-41,1.0635161458248466e-42,3.6969846973911327e-41,7.344274508196631e-39,4.056703291053795
3000.0,295.0,sun,11.5,2435.4441875058565,9763.007135053193,588.1683216395421,0.0,0.30168733562547434,0.0,406.8497297884204,1.2186488674933741e-41,3.655946602480122e-42,3.655946602480122e-41,1.2795813108680428e-42,4.448068366350815e-41,7.167706590615066e-39,4.008717253771891
3000.0,300.0,sun,11.5,2011.036978783833,7947.954187855771,471.84542599172875,0.0,0.31293177475524586,0.0,406.8497297884204,1.4758312911492009e-41,4.427493873447603e-42,4.4274938734476026e-41,1.549622855706661e-42,5.386784212694583e-41,6.963642442642177e-39,3.952167101702061
3000.0,305.0,sun,11.5,1642.232966781292,6384.77481629278,372.82875439964727,0.0,0.325534241603135,0.0,406.8497297884204,1.8072656931034536e-41,5.421797079310361e-42,5.421797079310361e-41,1.8976289777586263e-42,6.596519779827606e-41,6.738006172289758e-39,3.887861798808407
3000.0,310.0,sun,11.5,1328.411494308537,5066.235999521433,290.2001945236214,0.0,0.3399356196358104,0.0,406.8497297884204,2.2342107951212865e-41,6.702632385363859e-42,6.702632385363859e-41,2.345921334877351e-42,8.154869402192695e-41,6.483684073509721e-39,3.8137550158420632
3000.0,315.0,sun,11.5,1060.4622656363774,3960.224464299666,222.226141903685,0.0,0.35596694966697007,0.0,406.8497297884204,2.798733530764795e-41,8.396200592294385e-42,8.396200592294385e-41,2.938670207303035e-42,1.02153773872915e-40,6.219517547583387e-39,3.7344322307622684
3000.0,320.0,sun,11.5,833.7310119981317,3036.947608381651,166.35477902058943,0.0,0.37556129618021145,0.0,406.8497297884204,3.5598427529213503e-41,1.067952825876405e-41,1.067952825876405e-40,3.7378348905674174e-42,1.2993426048162926e-40,5.921968545102779e-39,3.6425988294513103
3000.0,325.0,sun,11.5,643.8413696547369,2281.78729475143,121.78542909610512,0.0,0.39806661473293575,0.0,406.8497297884204,4.609755509402745e-41,1.3829266528208232e-41,1.3829266528208233e-40,4.840243284872882e-42,1.6825607609320016e-40,5.614010527407479e-39,3.5440209379137126
3000.0,330.0,sun,11.5,487.80242723125343,1676.1447823168369,86.93556232360935,0.0,0.42470580351709547,0.0,406.8497297884204,6.084330735690067e-41,1.82529922070702e-41,1.82529922070702e-40,6.388547272474571e-42,2.2207807185268742e-40,5.289447138700357e-39,3.4361140673911073
3000.0,335.0,sun,11.5,361.21256550759824,1197.300184006695,60.10221156291352,0.0,0.4570287026149465,0.0,406.8497297884204,8.216633595723847e-41,2.464990078717154e-41,2.464990078717154e-40,8.62746527551004e-42,2.999071262439204e-40,4.938378507051375e-39,3.3146692511213574
3000.0,340.0,sun,11.5,260.28673161000273,828.7681008628747,40.180073276924375,0.0,0.49451082964800563,0.0,406.8497297884204,1.1402622341096986e-40,3.420786702329096e-41,3.4207867023290963e-40,1.1972753458151836e-41,4.1619571545004e-40,4.581582012143719e-39,3.184058195116333
3000.0,345.0,sun,11.5,182.37723534134497,554.722939256261,25.901009052874805,0.0,0.5394924265651865,0.0,406.8497297884204,1.6273693892729479e-40,4.882108167818844e-41,4.882108167818844e-40,1.7087378587365953e-41,5.939898270846259e-40,4.215050928392997e-39,3.0416237981567056
3000.0,350.0,sun,11.5,123.1475922725951,355.0063866004441,15.931064501189043,0.0,0.5928404327007624,0.0,406.8497297884204,2.4100765968510223e-40,7.230229790553067e-41,7.230229790553066e-40,2.530580426693573e-41,8.79677957850623e-40,3.839508571723982e-39,2.8827716405093384
3000.0,355.0,sun,11.5,79.85828029490662,216.3465085378564,9.330790686419077,0.0,0.6550210900112776,0.0,406.8497297884204,3.716522932859386e-40,1.1149568798578157e-40,1.1149568798578158e-39,3.9023490795023554e-41,1.3565308704936757e-39,3.4678097567787265e-39,2.7091305715439384
3000.0,360.0,sun,11.5,48.94865506368252,123.06357947740496,5.133190813417986,0.0,0.7249494774193236,0.0,406.8497297884204,6.063397037336385e-40,1.8190191112009154e-40,1.8190191112009155e-39,6.366566889203205e-41,2.2131399186277803e-39,3.112457397016096e-39,2.5141360741638032
3000.0,365.0,sun,11.5,28.44616462024255,65.48583843881865,2.6930789584398784,0.0,0.8018950769062978,0.0,406.8497297884204,1.0433572822802662e-39,3.1300718468407986e-40,3.1300718468407984e-39,1.0955251463942795e-40,3.808254080322971e-39,2.8098435430440015e-39,2.302097288441421
3000.0,370.0,sun,11.5,15.35278541164566,31.74824257195748,1.351179216044172,0.0,0.8754583883024234,0.0,406.8497297884204,1.9331679700909716e-39,5.799503910272915e-40,5.799503910272915e-39,2.0298263685955203e-40,7.056063090832046e-39,2.6120563823092226e-39,2.0679141745754652
3000.0,375.0,sun,11.5,7.4503172735140755,13.470394750373258,0.66098752128087,0.0,0.9300828048135388,0.0,406.8497297884204,3.9836575973729576e-39,1.1950972792118872e-39,1.1950972792118872e-38,4.182840477241605e-40,1.4540350230411294e-38,2.6331479609192572e-39,1.8080296792541433
3000.0,380.0,sun,11.5,3.196870419233229,4.935322068111808,0.3349083394485039,0.0,0.9630493673596174,0.0,406.8497297884204,9.283927440697446e-39,2.7851782322092338e-39,2.785178232209234e-38,9.748123812732318e-40,3.3886335158545675e-38,3.10926472272438e-39,1.5437979714221721
3000.0,385.0,sun,11.5,1.1737528942138653,1.5282194767283694,0.1798390401813403,0.0,0.97674270891468,0.0,406.8497297884204,2.52859977221624e-38,7.58579931664872e-39,7.585799316648721e-38,2.6550297608270523e-39,9.229389168589276e-38,4.547409560381244e-39,1.3019942138263372
3000.0,390.0,sun,11.5,0.3467204837642086,0.415821106885346,0.0949345098437432,0.0,0.9714488411165738,0.0,406.8497297884204,8.560069104442422e-38,2.5680207313327267e-38,2.5680207313327268e-37,8.988072559664543e-39,3.1244252231214837e-37,8.126459646588112e-39,1.1992977812298222
3000.0,395.0,sun,11.5,0.0778345428173588,0.1196218095545386,0.0431832249047652,0.0,0.9648762590120066,0.0,406.8497297884204,3.813154408720205e-37,1.1439463226160615e-37,1.1439463226160614e-36,4.003812129156215e-38,1.3918013591828747e-36,1.6466430442836156e-38,1.5368730286658836
3000.0,400.0,sun,11.5,0.0122526552034241,0.0427263583138845,0.0164240391049129,0.0,0.9539261371159339,0.0,406.8497297884204,2.422292353512009e-36,7.266877060536026e-37,7.266877060536026e-36,2.5434069711876095e-37,8.841367090318831e-36,3.978382433761273e-38,3.487110149149083
3000.0,405.0,sun,11.5,0.0009184055578227,0.0134309696606593,0.004218115646199,0.0,0.9067753321330306,0.0,406.8497297884204,3.2316347344233966e-35,9.69490420327019e-36,9.69490420327019e-35,3.3932164711445667e-36,1.1795466780645397e-34,1.363140903607148e-37,14.624225154408501
3000.0,410.0,sun,11.5,1.6053957223620603e-05,0.0021502317675923,0.0004944632227592,0.0,0.16894319088782567,0.0,406.8497297884204,1.848735025019569e-33,5.546205075058707e-34,5.5462050750587066e-33,1.9411717762705476e-34,6.747882841321426e-33,9.141314784989863e-37,133.9378034736886
3000.0,415.0,sun,11.5,1.635456014175585e-06,5.2190793131519107e-05,8.484325137531904e-06,0.0,0.0,,406.8497297884204,1.8147545854013343e-32,5.444263756204003e-33,5.444263756204003e-32,1.9054923146714012e-33,6.62385423671487e-32,1.539696794737183e-37,31.91207386756158
3000.0,200.0,sun,15.0,102594.6508079074,446011.7175248402,27519.551808921788,0.24887229365564867,0.06499599461786902,3.8290404680910517,406.8497297884204,2.8928908842473297e-43,8.678672652741989e-44,8.67867265274199e-43,3.0375354284596963e-44,1.0559051727502753e-42,7.961106056660194e-39,4.347319416876111
3000.0,205.0,sun,15.0,81444.29891883598,351587.2216672225,21653.3630069013,0.20490392994420684,0.07457864762140111,2.7474878732637085,406.8497297884204,3.644148627155683e-43,1.093244588146705e-43,1.093244588146705e-42,3.8263560585134677e-44,1.3301142489118243e-42,7.890807307490304e-39,4.316904023172939
3000.0,210.0,sun,15.0,64761.39101873215,277727.2594977579,17086.811576792217,0.16208114420505243,0.0853688311287377,1.8985986110156672,406.8497297884204,4.582902334646975e-43,1.3748707003940926e-43,1.3748707003940926e-42,4.812047451379325e-44,1.672759352146146e-42,7.830718866695402e-39,4.288469644165389
3000.0,215.0,sun,15.0,51635.1684540992,220186.0622860565,13549.003808261625,0.12250528711893091,0.09711883872589055,1.261395716074112,406.8497297884204,5.74792605467275e-43,1.7243778164018249e-43,1.724377816401825e-42,6.035322357406388e-44,2.0979930099555537e-42,7.787867200436731e-39,4.264265400466151
3000.0,220.0,sun,15.0,41298.58013086133,175277.708547736,10799.616739639863,0.08733612363156064,0.11002722793385654,0.7937682814663224,406.8497297884204,7.186569832529089e-43,2.1559709497587265e-43,2.1559709497587264e-42,7.545898324155543e-44,2.6230979888731172e-42,7.761219986397199e-39,4.24415822510943
3000.0,225.0,sun,15.0,33148.51450431737,140161.1300582824,8656.569744410963,0.057221930307664585,0.12364962764104157,0.46277478872626693,406.8497297884204,8.95349714860006e-43,2.6860491445800175e-43,2.6860491445800176e-42,9.401172006030062e-44,3.268026459239021e-42,7.75065725232411e-39,4.228277862648336
3000.0,230.0,sun,15.0,26746.946823008675,112780.6786339084,6987.98126876207,0.033662384224012805,0.13832833043653997,0.2433513374865454,406.8497297884204,1.10964115664753e-42,3.32892346994259e-43,3.32892346994259e-42,1.1651232144799067e-43,4.050190221763484e-42,7.754151617700419e-39,4.216581405728539
3000.0,235.0,sun,15.0,21682.56578913791,91273.1794984654,5678.071092406908,0.016566424969459093,0.15352159509849045,0.10790941143381846,406.8497297884204,1.3688192300720039e-42,4.106457690216012e-43,4.106457690216012e-42,1.4372601915756043e-43,4.996190189762814e-42,7.772252901002526e-39,4.209519315476473
3000.0,240.0,sun,15.0,17701.74817421156,74444.05905995799,4650.039788379279,0.00630781239971549,0.16865402312041844,0.037400900867996086,406.8497297884204,1.676643047759053e-42,5.02992914327716e-43,5.02992914327716e-42,1.760475200147006e-43,6.119747124320544e-42,7.796456882989097e-39,4.205463682305138
3000.0,245.0,sun,15.0,14536.806725818587,61111.85059425326,3832.521841252714,0.001524350747597881,0.18387746515361902,0.00829003568395058,406.8497297884204,2.041680375151444e-42,6.125041125454331e-43,6.125041125454331e-42,2.143764393909016e-43,7.45213336930277e-42,7.824784630624943e-39,4.203939128234641
3000.0,250.0,sun,15.0,12014.78374158602,50504.34961222632,3178.1473123205624,0.00017295484878014603,0.198474042221298,0.0008714230175616712,406.8497297884204,2.4702494566544284e-42,7.410748369963285e-43,7.410748369963285e-42,2.59376192948715e-43,9.016410516788662e-42,7.850816671427602e-39,4.203517158400344
3000.0,255.0,sun,15.0,9986.982681755431,41972.30370540246,2647.5828446872433,7.476073849969215e-06,0.2125043767120073,3.5180799405844836e-05,406.8497297884204,2.9718198133749544e-42,8.915459440124863e-43,8.915459440124862e-42,3.120410804043702e-43,1.0847142318818582e-41,7.868139155393174e-39,4.202701160389407
3000.0,260.0,sun,15.0,8341.48758291681,35029.02144098778,2211.8230137078517,0.0,0.22563898285878145,0.0,406.8497297884204,3.558059964059209e-42,1.0674179892177626e-42,1.0674179892177628e-41,3.73596296226217e-43,1.2986918868816112e-41,7.86979891265869e-39,4.1993734442195265
3000.0,265.0,sun,15.0,6996.115228944446,29333.617677985072,1851.1525366100475,0.0,0.23791033464876762,0.0,406.8497297884204,4.242284759216478e-42,1.2726854277649433e-42,1.2726854277649433e-41,4.454398997177302e-43,1.5484339371140143e-41,7.853116193045727e-39,4.192843702262869
3000.0,270.0,sun,15.0,5882.848933263505,24591.86788609727,1547.9727554642905,0.0,0.24932570426913567,0.0,406.8497297884204,5.0450918162551966e-42,1.513527544876559e-42,1.513527544876559e-41,5.297346407067957e-43,1.8414585129331468e-41,7.809664680378899e-39,4.180265066309454
3000.0,275.0,sun,15.0,4953.037244806553,20621.47455300809,1292.6307485350364,0.0,0.2597386558496739,0.0,406.8497297884204,5.992184500650267e-42,1.79765535019508e-42,1.79765535019508e-41,6.29179372568278e-43,2.187147342737347e-41,7.745681936435597e-39,4.16339985624588
3000.0,280.0,sun,15.0,4168.353005703425,17249.56829196345,1074.321986217849,0.0,0.26989818425617546,0.0,406.8497297884204,7.120201424606743e-42,2.1360604273820228e-42,2.1360604273820228e-41,7.47621149583708e-43,2.5988735199814607e-41,7.649388936754674e-39,4.13822156337561
3000.0,285.0,sun,15.0,3495.1741091173567,14351.450880247348,886.4584228025277,0.0,0.2797924009255619,0.0,406.8497297884204,8.491569256035818e-42,2.547470776810745e-42,2.547470776810745e-41,8.916147718837609e-43,3.099422778453073e-41,7.527423089823944e-39,4.106076101562663
3000.0,290.0,sun,15.0,2924.01583107798,11887.250172538672,726.5310554343314,0.0,0.2897738289396443,0.0,406.8497297884204,1.0150257291367521e-41,3.045077187410256e-42,3.045077187410256e-41,1.0657770155935896e-42,3.7048439113491445e-41,7.374477142827262e-39,4.065385025003873
3000.0,295.0,sun,15.0,2430.0379691487815,9763.27564913116,589.4405734335852,0.0,0.2999865330905206,0.0,406.8497297884204,1.2213600522410671e-41,3.664080156723201e-42,3.6640801567232017e-41,1.2824280548531206e-42,4.457964190679895e-41,7.199191695618483e-39,4.017746131164831
3000.0,300.0,sun,15.0,2006.3511743813613,7948.289770593592,472.9669361607589,0.0,0.3111709877891961,0.0,406.8497297884204,1.4792780739705108e-41,4.4378342219115324e-42,4.4378342219115324e-41,1.5532419776690363e-42,5.399364969992364e-41,6.99649618375621e-39,3.961564591524896
3000.0,305.0,sun,15.0,1638.2013381811446,6385.179532726975,373.8137508042458,0.0,0.3237078930886878,0.0,406.8497297884204,1.8117133906401133e-41,5.43514017192034e-42,5.43514017192034e-41,1.902299060172119e-42,6.612753875836413e-41,6.772433779374585e-39,3.8976769118112706
3000.0,310.0,sun,15.0,1324.9587897658855,5066.679557044398,291.06046906158525,0.0,0.33803735399852086,0.0,406.8497297884204,2.2400329156439324e-41,6.720098746931797e-42,6.720098746931797e-41,2.3520345614261292e-42,8.176120142100352e-41,6.519850311407134e-39,3.824028034818848
3000.0,315.0,sun,15.0,1057.5316962818335,3960.6945848913497,222.9729086806619,0.0,0.35399026274520057,0.0,406.8497297884204,2.8064892157675525e-41,8.419467647302657e-42,8.419467647302658e-41,2.9468136765559304e-42,1.0243685637551566e-40,6.257710636206008e-39,3.745225413873382
3000.0,320.0,sun,15.0,831.2594684278457,3037.4303914406178,167.0001935610253,0.0,0.37349573601589003,0.0,406.8497297884204,3.570427061192572e-41,1.0711281183577715e-41,1.0711281183577716e-40,3.7489484142522004e-42,1.3032058773352885e-40,5.962620103146821e-39,3.6540099773964503
3000.0,325.0,sun,15.0,641.777638153925,2282.2746267385314,122.33925194356443,0.0,0.39590126827590555,0.0,406.8497297884204,4.624578864238168e-41,1.3873736592714506e-41,1.3873736592714506e-40,4.855807807450077e-42,1.6879712854469313e-40,5.657675188049164e-39,3.5561766117365825
3000.0,330.0,sun,15.0,486.0978133021961,1676.6357132469648,87.40838157808696,0.0,0.42243308678998537,0.0,406.8497297884204,6.105666842615941e-41,1.831700052784782e-41,1.8317000527847821e-40,6.410950184746738e-42,2.228568397554818e-40,5.336864571680476e-39,3.4491735353778235
3000.0,335.0,sun,15.0,359.8201803471495,1197.774142204495,60.5011608850847,0.0,0.45464049113622057,0.0,406.8497297884204,8.248429251755402e-41,2.4745287755266207e-41,2.4745287755266208e-40,8.660850714343173e-42,3.0106766768907215e-40,4.990395452096925e-39,3.328813133962912
3000.0,340.0,sun,15.0,259.16607969423166,829.2275815026753,40.51485890968066,0.0,0.49199615337633956,0.0,406.8497297884204,1.1451928062688487e-40,3.435578418806546e-41,3.435578418806546e-40,1.2024524465822913e-41,4.179953742881298e-40,4.639732497036367e-39,3.1995992009487177
3000.0,345.0,sun,15.0,181.49134348968175,555.1577324945293,26.178394920270787,0.0,0.5368621327814846,0.0,406.8497297884204,1.6353128716114597e-40,4.905938614834379e-41,4.905938614834379e-40,1.7170785151920326e-41,5.968891981381827e-40,4.280986617124687e-39,3.058866179620801
3000.0,350.0,sun,15.0,122.45881202015002,355.4101025401844,16.157898136733515,0.0,0.5900976565682781,0.0,406.8497297884204,2.4236322825498015e-40,7.270896847649404e-41,7.270896847649404e-40,2.5448138966772915e-41,8.846257831306774e-40,3.916080354233863e-39,2.902282789430485
3000.0,355.0,sun,15.0,79.33956856309548,216.72014495874467,9.513710861159783,0.0,0.6522145762358169,0.0,406.8497297884204,3.740821074149204e-40,1.122246322244761e-40,1.1222463222447611e-39,3.9278621278566643e-41,1.3653996920644592e-39,3.558909008278869e-39,2.731551845866115
3000.0,360.0,sun,15.0,48.57131824484151,123.40379449190512,5.27868796570208,0.0,0.7221201604413559,0.0,406.8497297884204,6.11050185211422e-40,1.8331505556342661e-40,1.8331505556342662e-39,6.416026944719931e-41,2.2303331760216903e-39,3.2255432591155606e-39,2.540672128144497
3000.0,365.0,sun,15.0,28.18151516173324,65.78696023971969,2.8061350141771095,0.0,0.7991443753483506,0.0,406.8497297884204,1.0531553338826213e-39,3.1594660016478636e-40,3.1594660016478636e-39,1.1058131005767523e-40,3.844016968671567e-39,2.955296057775408e-39,2.3344011087469725
3000.0,370.0,sun,15.0,15.176826143124543,32.007842012813796,1.436653896806136,0.0,0.8728220552116406,0.0,406.8497297884204,1.9555810107845793e-39,5.866743032353738e-40,5.866743032353738e-39,2.0533600613238083e-40,7.137870689363714e-39,2.809493079663748e-39,2.108994443961137
3000.0,375.0,sun,15.0,7.342960094289209,13.687042766706227,0.7234284139918055,0.0,0.9273623710366381,0.0,406.8497297884204,4.0419003546751905e-39,1.2125701064025572e-39,1.2125701064025571e-38,4.24399537240895e-40,1.4752936294564444e-38,2.924025563095589e-39,1.8639680171149178
3000.0,380.0,sun,15.0,3.1396055243777736,5.10872484970519,0.3786267984742776,0.0,0.9598046957670454,0.0,406.8497297884204,9.453261812359498e-39,2.8359785437078494e-39,2.8359785437078496e-38,9.925924902977473e-40,3.4504405615112164e-38,3.579258255152824e-39,1.6271868583610258
3000.0,385.0,sun,15.0,1.148281047244526,1.6567594640397936,0.2085263508531769,0.0,0.9720672010101618,0.0,406.8497297884204,2.5846906626817367e-38,7.75407198804521e-39,7.75407198804521e-38,2.7139251958158237e-39,9.434120918788337e-38,5.389761119733021e-39,1.4428170420607729
3000.0,390.0,sun,15.0,0.3383637193478654,0.5014460323018862,0.112318085577475,0.0,0.9633603565450171,0.0,406.8497297884204,8.771482080488769e-38,2.6314446241466307e-38,2.6314446241466308e-37,9.210056184513208e-39,3.2015909593784004e-37,9.85196074957626e-39,1.4819734020784863
3000.0,395.0,sun,15.0,0.076043641641541,0.1682197167326343,0.052451088932461,0.0,0.9491034230501778,0.0,406.8497297884204,3.9029578763966046e-37,1.1708873629189814e-37,1.1708873629189813e-36,4.098105770216435e-38,1.4245796248847606e-36,2.0471439067452744e-38,2.212147039532882
3000.0,400.0,sun,15.0,0.0121814731238771,0.0658355128755247,0.0206583770797633,0.0,0.9116294980600279,0.0,406.8497297884204,2.4364469475615423e-36,7.309340842684627e-37,7.309340842684627e-36,2.5582692949396197e-37,8.893031358599629e-36,5.033303977756462e-38,5.404560861073482
3000.0,405.0,sun,15.0,0.0010723515107799,0.0220838370134889,0.0057675276620641,0.0,0.7282554663839972,0.0,406.8497297884204,2.76770375302479e-35,8.30311125907437e-36,8.303111259074369e-35,2.9060889406760294e-36,1.0102118698540481e-34,1.59628079559691e-37,20.593841470347503
3000.0,410.0,sun,15.0,7.813191499246561e-05,0.0043610819839841,0.0008770450280726,0.0,0.03376009014936169,0.0,406.8497297884204,3.79864144022777e-34,1.1395924320683308e-34,1.139592432068331e-33,3.9885735122391583e-35,1.3865041256831358e-33,3.3315795885823064e-37,55.816908934135895
3000.0,415.0,sun,15.0,1.0321449759997423e-05,0.0002359835805883,3.552295289715447e-05,0.0,0.0,,406.8497297884204,2.875517848713603e-33,8.62655354614081e-34,8.62655354614081e-33,3.0192937411492834e-34,1.049564014780465e-32,1.0214688509478028e-37,22.863414159403796
