r,node1_128,node2_128,node1_129,node2_129,node1_130,node2_130,node1_131,node2_131,node1_132,node2_132,node1_134,node2_134,node1_136,node2_136,node1_nat,node2_nat
-2.0,98.25161022473506,236.6164191113835,94.7621930617193,233.55360017641067,93.76318375886123,228.95795753004143,90.64800242964753,225.81201684566017,89.61145326585788,222.3238652771645,84.5953386004217,217.7975878211153,82.81916468021213,209.35515766472014,91.15569835414273,226.1191484023924
-1.99,98.19920839680343,236.4547296586997,94.7111029174397,233.3833877545305,93.7096370824793,228.8011712883738,90.59576581011358,225.64962032440656,89.55768187420571,222.17518620938404,84.54269144525803,217.65103078285242,82.76805116840512,209.21141368458328,91.10260319805974,225.95641837932632
-1.98,98.14562404165828,236.29053567216857,94.65886988887488,233.21126974849273,93.65488593522882,228.6420670634313,90.54306166491477,225.4853512066721,89.50271155960638,222.02463070720216,84.48888963392092,217.50291717784899,82.71582309691554,209.06553738090875,91.04924977164018,225.79120654951797
-1.97,98.09179962155757,236.12372885294494,94.60601918219615,233.0364627145072,93.59965577640095,228.4812005163432,90.48917292552505,225.31851979613842,89.44650086923713,221.871640262491,84.43389389711804,217.35237448427986,82.66244275606964,208.9177731998815,90.9946881716833,225.62343349795924
-1.96,98.03734554132417,235.95510858962513,94.55296472694192,232.85894212829984,93.54405872869603,228.31777456716554,90.43405832246142,225.14936456192765,89.38900638439743,221.71718054882146,84.37766313385528,217.2002239213052,82.60840628803561,208.76827352832228,90.93887596476566,225.45391995731669
-1.95,97.98162654802636,235.78381207012512,94.49868903393224,232.67924933296976,93.48717492088804,228.1520538081337,90.37767461436488,224.9781787767864,89.33152721851499,221.56026753399738,84.32181566731887,217.04584689395298,82.55435303627569,208.61637429670535,90.88176867264735,225.28179087366792
-1.94,97.92459713524464,235.60980177953422,94.44314855729789,232.4969247854418,93.42895816603689,227.98430843889665,90.32160722122364,224.80433852825794,89.27314241458889,221.40112985069837,84.2647763929255,216.88913731294375,82.49907452622624,208.4630266995441,90.82486020827493,225.10700821796954
-1.93,97.86646265201492,235.43365119229026,94.38629762207161,232.31176772846817,93.36952587317727,227.81391367717939,90.2643079475295,224.62785081498615,89.21338528238881,221.24013839623086,84.20641981172176,216.73077834065413,82.4425276028189,208.30732518317402,90.76681479199408,224.9301343447726
-1.92,97.8083944737031,235.25485638455672,94.32944850587053,232.12374563896063,93.31029649053448,227.6410138313083,90.20565011853338,224.44938031359894,89.15220570801127,221.07658257684378,84.14669866041172,216.56987275979816,82.3846670233179,208.14943165134292,90.70738222999697,224.7507188971312
-1.91,97.748918445502,235.0732295971327,94.2715686643051,231.93343374179324,93.2496369610068,227.4660286341133,90.1455837105462,224.26814726097015,89.09061575884787,220.9108243736087,84.08675892897737,216.40675622611937,82.32700021625712,207.9897824472154,90.64651100688934,224.56854158459296
-1.9,97.68798162323034,234.8888803060501,94.21228094515057,231.74016410234435,93.18749364685418,227.28828819667496,90.08527101035054,224.08412306618786,89.02836848449029,220.74295165200954,84.02606539342372,216.241644009589,82.26828148981245,207.82761754672478,90.58536636321915,224.38366577624606
-1.89,97.62552832972928,234.70213430711556,94.15153219491086,231.54388408650058,93.12384519106823,227.10776469172387,90.02410787339939,223.89751297392021,88.96459399006248,220.57242540113904,83.9639102093511,216.07390419583385,82.208158742617,207.66334029926983,90.52337085483028,224.19654199905773
-1.88,97.56333668228886,234.51241852684657,94.0903040851013,231.3445518594598,93.06049151486872,226.92494551875345,89.96143008273972,223.70844841036825,88.89923396844397,220.39948228953136,83.90023860612494,215.90383502506575,82.14657970703007,207.49700657414223,90.45982738134536,224.00653004766897
-1.87,97.49958340859037,234.31969368819415,94.02832596506265,231.142303408172,92.99553842118281,226.73942831392546,89.89717929113405,223.51646033341723,88.83351419550013,220.2243687574533,83.83620784925431,215.73163339523768,82.08479355692849,207.32807744911088,90.39467577731293,223.81359499727608
-1.86,97.4341911434743,234.1239180156749,93.9647707031163,230.93719743936762,92.928923085822,226.5509979922093,89.8325934350271,223.32151155576398,88.7668756206766,220.0464966716824,83.77136989023808,215.5567080119434,82.02217738075363,207.15688075163663,90.32926297987022,223.61769962911498
-1.85,97.36732280781277,233.92556128240716,93.89957590115917,230.72886248293614,92.86100501469073,226.35961811872014,89.76703004669037,223.12356252765252,88.69852660510757,219.86583866292222,83.70490017651447,215.37907979394805,81.95799772058866,206.98353223021047,90.26276495210004,223.4192720547577
-1.84,97.30045016295344,233.72403859165283,93.83390758151315,230.5172456859843,92.79294267114068,226.1656700396267,89.69976691483451,222.92307273915918,88.62839871278688,219.68297488164163,83.63673470200297,215.19940273052893,81.89219369328046,206.80749391695758,90.19452801563556,223.2178455616786
-1.83,97.23179913650014,233.5192888668869,93.767242977836,230.30229119036545,92.72307942515063,225.9688186418921,89.63073536989899,222.71947636858005,88.55848939934094,219.49732729652243,83.56857761497324,215.0168886880505,81.82628475493526,206.62878352649233,90.12449676593663,223.01329735742655
-1.82,97.16129611553646,233.3112592512982,93.6987993095692,230.0839400044792,92.65134100185625,225.7688590807141,89.56180514607856,222.51271095512308,88.48682997109638,219.30876457233586,83.49901410110543,214.83150777052154,81.7592304733942,206.448041854395,90.05472382879013,222.80558013606802
-1.81,97.08991071882089,233.09989384441604,93.62850262244977,229.86212984707424,92.57905146633247,225.56574485082723,89.4912013326066,222.30272647285452,88.41324152268142,219.11725073295733,83.42761673225024,214.64342964373714,81.69042371229968,206.2644995362572,89.98306301859421,222.59464382991416
-1.8,97.01763576167392,232.88523736916542,93.55828159657933,229.63691862684112,92.50558004081958,225.35942667719112,89.41867638282038,222.08947002877457,88.3387702077315,218.9232535826935,83.35493963279703,214.45286477919475,81.61995671689348,206.0781274577588,89.90943456481541,222.38049339450876
-1.79,96.9433398748798,232.66734453465293,93.48622385584241,229.40821015558313,92.4300656750811,225.15011094863368,89.34506857913757,221.87288574047963,88.26343416058326,218.72627332022543,83.28194665146187,214.25929368138947,81.54971763640611,205.88904612248066,89.8349919045516,222.16330209118922
-1.78,96.86716875821766,232.4458914375998,93.41214389448037,229.17579585125384,92.35308871325536,224.93761013643245,89.27074911855098,221.65320774053671,88.18599747318201,218.5261841830951,83.20696247613367,214.0626772096112,81.47758038003742,205.69754826725546,89.75952017151715,221.94268657796565
-1.77,96.79085048252175,232.2208082561207,93.3370937900181,228.9395982842678,92.27559614107528,224.7217033683677,89.19433356376796,221.4300656675106,88.10693102413919,218.3229401345907,83.12990216800793,213.86297367778428,81.40346468712734,205.50308468052546,89.68189979454641,221.71858425894624
-1.76,96.71231675817589,231.99202136238586,93.26100244064855,228.69953587376716,92.19586779691652,224.50232889771564,89.11600606630276,221.20337131292277,88.02749876461318,218.11649238761663,83.05294738647274,213.66052636295757,81.32879252730723,205.30561735072806,89.60272480707182,221.49092911383127
-1.75,96.63146712677738,231.7594531350956,93.18269397104656,228.45552267545864,92.11413488896741,224.27942155377093,89.03754026173858,220.97305513523438,87.9457686742573,217.90712518141706,82.97397047067666,213.45499623401855,81.252950966205,205.10510581599618,89.52299703668822,221.25965154892265
-1.74,96.55043324244879,231.5230217612845,93.10273801864882,228.20746819314712,92.03214494183459,224.05291258650504,88.95677684998495,220.73904388108792,87.86204054565954,217.69450129315325,82.89272607840955,213.24620028957077,81.17495421741584,204.90179531159197,89.44091189905532,221.02467823569233
-1.73,96.4671462940572,231.2826410512791,93.02212813218264,227.95527711622387,91.94769630796333,223.82272951840943,88.87365196851285,220.5012603841649,87.77802841714511,217.47847262048734,82.81112810816346,213.03408551690626,81.09566360292241,204.69553231768703,89.35692083434523,220.78593194453944
-1.72,96.38130331044657,231.0382202202878,92.93907529832376,227.69884908720337,91.86109912387371,223.5887959837772,88.79054204448362,220.25962339555602,87.69149059684175,217.25897791428972,82.72769140933401,212.81859579948272,81.01568892025544,204.48605149626349,89.27242191638182,220.54333136032838
-1.71,96.29518227880476,230.78966362204798,92.85409451367333,227.43807843324436,91.77405907667969,223.35103152454548,88.7049010421092,220.01404738544497,87.60299514591239,217.03595250980004,82.64176650182368,212.59967178893757,80.9333556324333,204.27330155959245,89.1853234889354,220.29679087801787
-1.7,96.20654111789113,230.53687052907017,92.76840185944191,227.1728538623371,91.68430103745736,223.10935141086827,88.6168592551566,219.76444231753953,87.51384205848406,216.809328181949,82.55543654247376,212.37727554055817,80.84939136115354,204.0572282618649,89.09638938155477,220.04622040171265
-1.69,96.11535285996229,230.2797348649997,92.68000290045278,226.90305816943362,91.59268391818735,222.86366641720005,88.52852608884135,219.5107134492348,87.42189833599097,216.5790330006319,82.46699930875226,212.15155502620928,80.76478858231104,203.83777428553236,89.00651917750146,219.7915251004073
-1.68,96.0236631925951,230.01814488496439,92.58982791542553,226.62856789046788,91.4999478020549,222.61388261467977,88.43738959308428,219.2527610661579,87.32848345408472,216.3449911421686,82.37581768547048,211.9221607873832,80.67759172833102,203.61487910990283,88.9137666961574,219.5326051822434
-1.67,95.92896188008112,229.751982885373,92.49839129451905,226.349516884083,91.40418998327412,222.3599011114735,88.34426141915274,218.9904802162054,87.23353397562951,216.1071227203195,82.28462316709533,211.68901854597627,80.58885930612745,203.38862463352788,88.81971082308564,219.2693556307121
-1.66,95.83237730540606,229.48112485913364,92.40393905807599,226.0655916024223,91.30734013757649,222.10161778259206,88.25002641688131,218.72376045337188,87.13548369370103,215.8653435885205,82.19055504709362,211.45204998353833,80.49905329454162,203.15886795762518,88.72376503189663,219.00166590275762
-1.65,95.73415638703092,229.2054401299945,92.30833943910213,225.77661260960278,91.20814732711774,221.83892303948048,88.15266835090591,218.45248551313395,87.03694119951443,215.6195651343728,82.0944112757558,211.2111724853226,80.40637889324944,202.92542802173196,88.62461630483696,218.7294196549732
-1.64,95.63255910634555,228.92479097183283,92.21037800324862,225.4824292875519,91.10615436013596,221.57170146397135,88.05422371584088,218.17653298220048,86.93542394965299,215.36969404797043,81.99719903340758,210.96629896370393,80.31273715195714,202.68822956347697,88.52518504208078,218.45249439508262
-1.63,95.53026872131063,228.63903215047134,92.10950496721942,225.18288279418172,91.00320902500809,221.29983154150233,87.95328554406258,217.89577397522325,86.83179668487678,215.11563209817615,81.8967598307361,210.7173376244108,80.21705484457198,202.44719329372862,88.42233057485895,218.17076113511908
-1.62,95.42458882985446,228.34827929286058,92.0077049823489,224.87780552242907,90.89665654585146,221.02318526213983,87.84963351569309,217.61022561927712,86.72649306733493,214.85727585010636,81.79545271248018,210.46419172849642,80.11839882954942,202.202235707555,88.31766136427001,217.88408402124944
-1.61,95.3168557884467,228.05229605127423,91.90228876844283,224.56761128147386,90.7889590949604,220.74162777802584,87.74478007389158,217.3198570176432,86.61772121841868,214.59451640209846,81.69138160721434,210.20675932321467,80.0194337540773,201.95326889959847,88.21076467679151,217.59265839307014
-1.6,95.20669772386303,227.75077413434093,91.7954794266979,224.25161250990593,90.67804663238032,220.45501698331032,87.6361844266981,217.02430646417594,86.5082760183062,214.32723910688117,81.58496651308468,209.94493297630538,79.91708138423854,201.70020032153315,88.10076587374955,217.2961436646901
-1.59,95.0934001767522,227.44353558037736,91.68559409734793,223.92958578526333,90.56491184785808,220.16320307530938,87.52670512888972,216.72341693769158,86.39487697390628,214.05532320194376,81.47692558517058,209.67859945586775,79.81319492289859,201.44293256872314,87.98943783240121,216.99428870265066
-1.58,94.9783195294354,227.1303923923243,91.57318624774123,223.6015650270812,90.44921313974923,219.8661185415635,87.41355049567308,216.41702286261105,86.28028873349197,213.77864150284904,81.36533141838582,209.40763942681775,79.7070362745847,201.1813631086254,87.87399883391362,216.686927857115
-1.57,94.85929886184036,226.81177827492382,91.4583867043274,223.26771281174584,90.33050160172385,219.56394761338333,87.29853914650977,216.1051536586593,86.16206283567969,213.497060010222,81.25294412355802,209.1319270751661,79.59796034787661,200.9153840283393,87.75780293041467,216.37389782581886
-1.56,94.73879401964618,226.48696844922762,91.34022450295925,222.92724933884514,90.20953686490125,219.2561315144886,87.18037287847042,215.78790939761146,86.0419679892234,213.21043750896564,81.13642233779107,208.85158462931912,79.4876321642743,200.6448817545571,87.63714717478952,216.0557013255103
-1.55,94.61384945654042,226.15569018919302,91.22000821975553,222.58038881176236,90.08507019649696,218.9424868138438,87.05967446808467,215.4646705343634,85.91843383983978,212.91862513424726,81.01891573028412,208.56634624518748,79.37328704999322,200.3697923259337,87.51522251027,215.73150944522294
-1.54,94.48735146402723,225.81827582796157,91.09589358688501,222.2270237512878,89.95829683163817,218.62284162951988,86.93598579577872,215.13523407555343,85.79265914287939,212.62150214414763,80.89731786007462,208.27599159304498,79.25838331455515,200.0901947490456,87.38884778124343,215.40111914730235
-1.53,94.35623338076792,225.4742885084998,90.96969039291572,221.86644779867123,89.82785176383287,218.29770950101906,86.80940352510112,214.80015249752918,85.66327282815116,212.31937105116015,80.77423394238852,207.98036689235482,79.13910785274152,199.8057478112946,87.26095404685307,215.06493829628877
-1.52,94.22309354379051,225.1231869906919,90.83937631651293,221.49939626606698,89.69465304012452,217.96620098339565,86.67961325033383,214.45860627965817,85.53160118726645,212.01161210688244,80.64704669539704,207.6793098426364,79.01872264778935,199.51631352335468,87.12825441157854,214.72245660557505
-1.51,94.08549513563551,224.76572894836727,90.70653589554836,221.1245546373864,89.55795403977115,217.62809003581617,86.54690193002494,214.11040371784915,85.39574508879741,211.69804309583716,80.51819380766338,207.37267421547523,78.89407920273506,199.22174653493602,86.9941319034609,214.37318848104664
-1.5,93.94496975108397,224.4006575727839,90.56971808254767,220.7429350677036,89.4176252172326,217.2840560012584,86.41034982362225,213.75606297626507,85.25790843415514,211.3784715516069,80.38483584640257,207.06089798444705,78.7679890464185,198.92189368355247,86.85504476098625,214.01793361887525
-1.49,93.80051659834382,224.02862217984048,90.42949456302576,220.3531859469413,89.27433528471039,216.93303296653832,86.27120764754439,213.3944803269058,85.11518793637904,211.05343278480447,80.24997536351079,206.74321168001265,78.63741870417056,198.61668168110722,86.71374505704755,213.65543794415623
-1.48,93.65174798732487,223.6486863242865,90.28580097149278,219.95600754762964,89.12606645985335,216.5752255031065,86.12713692429058,213.02638165897739,84.97054792125603,210.7220767854921,80.11025630070672,206.41941577548343,78.50541182762503,198.30640366451493,86.56802071493281,213.2863364883323
-1.47,93.49998489748411,223.26138117973298,90.13733376831424,219.55060733727547,88.9757755698515,216.2105095727254,85.9811951605184,212.65075062251165,84.82123983204467,210.38414367679337,79.9686233237844,206.08968009801177,78.36849453561996,197.99039094563437,86.4186094085913,212.90981860407098
-1.46,93.3429570592611,222.86564542849513,89.98631139303896,219.13675506727452,88.82033764038268,215.83838173468376,85.83014522172788,212.26816705599992,84.66831134309692,210.04026722291545,79.8225263071408,205.7539467279309,78.23009165724925,197.66845647087695,86.26582339940228,212.52628005709167
-1.45,93.18235192059348,222.46219695834225,89.82999042551279,218.71484605653202,88.66084076375435,215.45909627592437,85.67554317847919,211.87757109516215,84.51198202555126,209.68949391894878,79.67302193144906,205.41150943083557,78.08693473364201,197.34076394614354,86.10787534753499,212.13482785907212
-1.44,93.01725427716134,222.0500536647378,89.66969923363642,218.28397449225582,88.49772555414754,215.07200996818435,85.51709126763825,211.4798314671012,84.35055664518991,209.33190900767215,79.52015697832208,205.06279020012744,77.9409769301252,197.00726561190575,85.94697000391737,211.73618829955382
-1.43,92.84665153136513,221.62900939937137,89.50529349606626,217.84396757762832,88.32926841354936,214.67717022246552,85.35337576249397,211.07375746375203,84.18590412401025,208.9675269308511,79.36227206589261,204.70732800894945,77.79122524564625,196.66729110828493,85.78125801781542,211.32924404479044
-1.42,92.67188572248256,221.19949322253748,89.33535306307373,217.39483066517477,88.1563890316464,214.27438629967654,85.18624813830901,210.65957126019256,84.01674010368104,208.59570305495623,79.20175787294893,204.34478514368237,77.63683432681668,196.32117620373225,85.61017707065535,210.9142711375996
-1.41,92.49218826946542,220.76058574507388,89.16090703476772,216.93637271388923,87.97934233639582,213.86300361435633,85.01431375766197,210.2372168221101,83.84226417304362,208.2168496273081,79.03646625530305,203.97550650145686,77.48005493918582,195.9686282153119,85.43555113814317,210.49111493888142
-1.4,92.30660936672035,220.3120826505359,88.98186001993052,216.46805789503142,87.79663780701951,213.44355103447933,84.8368494899342,209.80602939021014,83.66362821191187,207.83016717585386,78.86597998014453,203.59859971238956,77.31811185910817,195.60912060981036,85.25575906373957,210.05916367342746
-1.39,92.1150490737195,219.85376088724954,88.79690582815842,215.98964023599515,87.60819942846932,213.01522747910153,84.65470755564431,209.3658447389872,83.48045036882925,207.435873905348,78.69237038810297,203.2146149696678,77.15187786914926,195.24326826242765,85.07026602861194,209.61825644610437
-1.38,91.91868814605081,219.3854775312268,88.6059465486181,215.50085310364335,87.41515229094725,212.57774278137586,84.4679249263428,208.91689458868026,83.29161998003579,207.03361473971432,78.5136174183312,202.82271224543533,76.98219125481651,194.86987749057204,84.87911751468057,209.16865084281747
-1.37,91.71619426513908,218.9069733401185,88.40991429091062,215.00140810655913,87.21649989893794,212.13096701231345,84.27520279784285,208.4585650471029,83.09705229228715,206.62281506581573,78.32938223948199,202.42302088302682,76.80713550721859,194.4899028921749,84.68363907654049,208.70969064000732
-1.36,91.50709313363251,218.41775650854984,88.20801260869615,214.49099378857917,87.01157956600058,211.67500513622548,84.0764301602345,207.9905502943171,82.89733491676822,206.2041290440083,78.14007096726178,202.01538843886848,76.62673552992524,194.1020562957177,84.48196295855712,208.24109732694146
-1.35,91.29118956841131,217.91751683971543,87.99948310232344,213.96927423626448,86.80023238616876,211.2091668958747,83.87147492369435,207.51261742687967,82.69235316693751,205.77654755764365,77.94641654010351,201.5991379594038,76.44296842999901,193.70704400952715,84.27394566382819,207.76264236891163
-1.34,91.06825906816245,217.4059193076484,87.78413233453844,213.43588752364076,86.5822741886221,210.73320880731922,83.66129860210711,207.02451431139087,82.48106730370613,205.33988558223334,77.74684562548897,201.1746538760893,76.25349907634632,193.30407876910115,84.05941959414774,207.27407830143846
-1.33,90.83804482380484,216.8826024564089,87.56173746155505,212.89044396734366,86.35749318784418,210.24686710960898,83.44450918975704,206.52596858052237,82.26330701004213,204.89415392890803,77.54123880572075,200.7414420642668,76.058248291498,192.8930032715915,83.83819091125757,206.77513779151485
-1.32,90.60025422544598,216.34743806374198,87.33204323831414,212.33293233064597,86.12566767146664,209.74985667233943,83.22078302332892,206.01668654197383,82.03887590612715,204.43922131949031,77.32945532348764,200.2990635031179,75.85711803945335,192.47415679897176,83.61003704126985,206.26553255005146
-1.31,90.35455477623637,215.79993344467266,87.09475851702722,211.7627656282098,85.88682254669153,209.24186980748772,82.98987738597296,205.49635194851479,81.80754906547925,203.97452068348016,77.111331342223,199.84733687772842,75.65082777364591,192.0466751530167,83.374703763303,205.7449521660231
-1.3,90.10056930047179,215.23956951698537,86.84955214651731,211.17931534435775,85.64008256118505,208.72257493889208,82.7515153002747,204.9646246582743,81.5690701206732,203.49981955145236,76.88705649365917,199.38617978265907,75.43879156307918,191.6104154213345,83.13212348956185,205.21306277620587
-1.29,89.83787031013131,214.6658646549977,86.59604816157432,210.58247401385526,85.38508134891286,208.19161512822038,82.50538171995292,204.42113909343485,81.32314788776966,203.0148660003224,76.65626021334764,198.91544627051923,75.2202424304824,191.1656309778336,82.88150557867607,204.66950559788435
-1.28,89.5659733602487,214.0787344539025,86.33382012206681,209.97193301328429,85.12151411047286,207.6486064343648,82.25111906838677,203.86559386371206,81.06945242406903,202.51938770210793,76.41824526367968,198.43460864519247,74.99498690004546,190.71179070693213,82.62253505939734,204.11400331881345
-1.27,89.28432918252811,213.47770188123684,86.06238443064106,209.3468540204269,84.84939234391183,207.0934389341763,81.98832199881564,203.29804023395826,80.80761041411468,202.0130908373822,76.1727226853541,197.94341051720258,74.7628022787806,190.2485566615277,82.35517719052481,203.54658832589737
-1.26,88.99231433346569,212.86191544906913,85.78119241677099,208.7073989709305,84.56789272350429,206.52571311888397,81.71653122246728,202.71758709185906,80.5371997548277,201.49565886319667,75.91936459557373,197.44157443406323,74.5234337049445,189.77572418045852,82.07875259247454,202.96638863984816
-1.25,88.68922002499181,212.2317065771117,85.48962091796986,208.05266481182596,84.27643283792999,205.94473310646114,81.43522621373234,202.12376614881157,80.25774318139813,200.96675120124672,75.65779958117507,196.92880071016148,74.27659069546772,189.29307156017802,81.7927213543172,202.3729533363312
-1.24,88.37426179381748,211.58581199483936,85.18696102156912,207.38217672826082,83.9743519091886,205.3502281284486,81.14381655365159,201.51706562180456,79.96870073657597,200.42600170918965,75.38760729263963,196.4047661371543,74.02194310193997,188.80035936459015,81.49647130066096,201.7667722084566
-1.23,88.04884070434572,210.92427344642377,84.87248416262194,206.69608194117788,83.66089879262043,204.74221206234685,80.8426744206517,200.89605851993443,79.66946083751341,199.87303626753067,75.10884037276054,195.8691827864357,73.75911636494452,188.29732961493667,81.1893071931599,201.1464300337174
-1.22,87.71000439736284,210.24651911075316,84.5474936247972,205.99334408560412,83.3364502558049,204.1195032036727,80.53095560966347,200.26124699147638,79.3598214485509,199.3080313504479,74.82114151160307,195.32204352976234,73.4876859311151,187.7837049071121,80.8705811681921,200.51244269605328
-1.21,87.35714888130752,209.55182117714324,84.20908168513894,205.27357294904849,83.000338612688,203.4826729617265,80.20723960062104,199.61139581989946,79.04027621566651,198.73004346379244,74.52352635812159,194.7626445360796,73.2071706642388,187.25918742234552,80.54167839033018,199.86357292099618
-1.2,86.99147312104294,208.8397717696302,83.85666478083921,204.53633651396402,82.65038292771837,202.83038784285827,79.870711417075,198.94694772454716,78.7085736530298,198.138591600701,74.21533043089903,194.19055762079492,72.91702504100768,186.72345783139485,80.19959797699542,199.20031791782986
-1.19,86.60940728963608,208.10991902706954,83.49142763893441,203.78115963749096,82.28814319062955,202.16268449671364,79.52317571412162,198.26694084371937,78.36408474034249,197.5340453893881,73.89579897725636,193.60552274403085,72.61690495717582,186.17617406654952,79.84420976367109,198.52167133914128
-1.18,86.21289780706785,207.36176561010552,83.10978770216204,203.00752244021024,81.91075749881828,201.4791789401919,79.16086773417067,197.5709505818712,78.00843109014936,196.91524045440727,73.56601555983342,193.0076526624638,72.30758205072861,185.61704919417338,79.47608785209594,197.82724421539393
-1.17,85.79889527408959,206.59476695874181,82.71374539507454,202.21485845884388,81.51927553937817,200.77912031632147,78.78532431168775,196.85864673330107,77.63775845526477,196.2823564136093,73.22416755438073,192.39575772247343,71.9869128863832,185.04623908331357,79.09251173681767,197.11672364921301
-1.16,85.36645553916927,205.8083292659517,82.3001935877039,201.40255251519545,81.11070873306178,200.06213954257709,78.39376944718228,196.1297072848169,77.2545857218493,195.63440862958103,72.86872692541736,191.7703458200058,71.65402231609598,184.46282490999428,78.69457456697715,196.3899018671849
-1.15,84.91621665991941,205.001807138976,81.86821034217539,200.5704349202964,80.68664182964285,199.32782918494968,77.987790071408,195.38368028931163,76.85501697329003,194.971823767848,72.50192105604448,191.13011270605307,71.31012972952396,183.86644895467916,78.28035377648438,195.6461763026922
-1.14,84.4457440857922,204.17450085754896,81.41854009101449,199.71772645736618,80.24455543705974,198.57574258527885,77.5641533007788,194.62001858533927,76.44092283414048,194.29345246766684,72.119434107302,190.47573002819433,70.95334031404803,183.25754836101603,77.84842782372905,194.88504939889953
-1.13,83.9537045818416,203.32608695549814,80.94861768913205,198.84369184739685,79.78333111685417,197.80539282253005,77.12239926512113,193.8384427101995,76.00997492452001,193.59900963411613,71.72416331490871,189.8059163139964,70.58287996013418,182.63476665082743,77.3990459887796,194.10624021727938
-1.12,83.43876918720223,202.45594629054236,80.457181860976,197.94825159730672,79.30211552924068,197.01625147556817,76.66310475056694,193.03835862347975,75.56103220424305,192.888302046255,71.31241961080514,189.12042825173066,70.19903939153124,181.9988147293101,76.93101032631711,193.30934082688202
-1.11,82.899295247586,201.56331396280058,79.94292474424797,197.03054427764243,78.79983253838702,196.2077471297686,76.18369859675185,192.21921223862978,75.09343945122441,192.16093876347452,70.88401864932801,188.41943127793127,69.80020280871362,181.34839163019691,76.44254452056613,192.49372900460432
-1.1,82.3345556177011,200.64762724847253,79.4042269441292,196.08996204829637,78.27514684997917,195.37926366691016,75.68303470667233,191.38040806067778,74.60635397688745,191.41628387487987,70.4397327102496,187.70205415427148,69.3851066890406,180.6838995540034,75.93251108186227,191.65883604242177
-1.09,81.74245836605893,199.70863961439153,78.84022299715907,195.12614224672072,77.7264170419815,194.5309902914955,75.15979054995357,190.52224371283532,74.09871862554394,190.65391438404612,69.97688902216865,186.9679077597181,68.9551049437223,180.0046877497474,75.39950039074971,190.80470004890654
-1.08,81.11951552696868,198.74538317532887,78.24918881199598,194.13875802368685,77.15163470858026,193.66159608292472,74.61273848580015,189.64334077850185,73.5692269776081,189.87338644046437,69.49470827334063,186.2166146888014,68.50718699926273,179.3102816319463,74.84284429279982,189.9305189091608
-1.07,80.46672189820079,197.75738373266827,77.62733172028514,193.1270412095997,76.55076727715492,192.77122391964863,74.04143093883663,188.74411418068777,73.0162785329133,189.07463214932898,68.99220395104628,185.44776265936773,68.04074833363664,178.60044123736063,74.26102360865634,189.03610880491394
-1.06,79.77930839621133,196.74412116662725,76.97598955677208,192.09079274229478,75.92027629538474,191.85881575949082,73.44241611519443,187.82344725778685,72.43792081515782,188.25685366132873,68.46815000922847,184.66090386874436,67.5549975178383,177.87490167827792,73.65077470471387,188.12066918705503
-1.05,79.05548990808788,195.70503238576225,76.29009729782055,191.02941709482045,75.2595778421378,190.92456273935,72.8148137456486,186.88118018341063,71.83315610989679,187.41948537613683,67.92103918739014,183.85574488796743,67.04893026211907,177.13345409175054,73.01280308613462,187.18454651557485
-1.04,78.29299127014679,194.63951435500815,75.56813016982002,189.94233689149294,74.56525309970016,189.96768832650025,72.15642484125487,185.91727651328318,71.20073416783293,186.56250567168505,67.34986838291032,183.03211259020065,66.5212957457256,176.3755498584853,72.34277190674868,186.22683315402588
-1.03,77.48873981075548,193.54758508956763,74.80791238670787,188.8293560480761,73.83576519994348,188.98774018029513,71.46624723720782,184.9310059748684,70.5381354208651,185.68529543683107,66.75394009934533,182.1891024687959,65.97055305510197,175.6010784405315,71.64015275227781,185.2472515479346
-1.02,76.63867876158453,192.42827163853707,74.00649073001011,187.6902758418019,73.06895198695264,187.98438350135294,70.74084570100443,183.9220794523435,69.84307900505016,184.7875806191281,66.12914981974902,181.32659989461837,65.3948147255191,174.80961680167516,70.90283850021142,184.24554157552873
-1.01,75.7418241995486,191.2815477454701,73.1599557529804,186.52475831947928,72.26190479496807,186.95726130378765,69.9781569462421,182.890191016787,69.11416178016802,183.868658836704,65.47727125094025,180.44432882310866,64.79456931549034,174.0007794844297,70.12753698964265,183.22142592660373
-1.0,74.79199069858522,190.10675842441776,72.26675694851055,185.33247521938188,71.41079805310214,185.90599942082116,69.17538082620824,181.83537061833076,68.34940101987816,182.9288755236639,64.79355190492906,179.5418212272841,64.16593086587265,173.1741648810057,69.31332231455447,182.17461504097287
-0.99,73.7861186694215,188.90414133580475,71.3214458801069,184.1134946909206,70.5142969929568,184.83060014338787,68.3303041760837,180.75728468716386,67.54612708902316,181.96743200021183,64.07683057869681,178.61851965241146,63.50898260776597,172.32977822719997,68.45577594299749,181.10498960647752
-0.98,72.71961029198397,187.67337845029087,70.32123418317956,182.8679058195359,69.56719958763588,183.73077038124703,67.43984504280488,179.65548292432052,66.70083302026083,180.98409152833332,63.32540715167118,177.6747968704673,62.82023777100033,171.46738857075067,67.55235628918955,180.01271575385945
-0.97,71.58716499735608,186.41435266495714,69.26186590541742,181.59583467692698,68.56685401775913,182.6060224355826,66.50054533756874,178.53047807863604,65.81108968807781,179.97866577582016,62.536951596239476,176.70990598254792,62.098516814450335,170.58644510016055,66.59962797539947,178.8970701091804
-0.96,70.38395245293214,185.12714073070853,68.13726112477605,180.29746113387677,67.509227969709,181.45695398672632,65.50854412574812,177.38163335386423,64.87314878757365,178.95096243235423,61.70837577174238,175.72364833755464,61.342086323953815,169.6871639831673,65.59510973005125,177.7588032138806
-0.95,69.1046595817033,183.81239830014272,66.9449553456174,178.97303632289922,66.38858346787397,180.28310666271258,64.4601335907174,176.20985878686753,63.88515418492252,177.90079167673656,60.83693557895396,174.7158798137213,60.54856442950514,168.76920420770568,64.53502478784455,176.59729074980675
-0.94,67.74293294089696,182.47007081019473,65.6772613724763,177.62291795686005,65.20268990305028,179.0846567382095,63.3507808220943,175.014732370987,62.842723174018325,176.82839948606252,59.920521296165795,173.6864538351532,59.71478688183876,167.83226413775947,63.41400838458578,175.41326218808985
-0.93,66.29052397653187,181.1006579493002,64.32909228209795,176.24855224030554,63.94420408406157,177.86199281996187,62.17729377421567,173.7967035091606,61.74194255690224,175.73364128779494,58.95573528848823,172.63522781752408,58.8379117455263,166.8764206761404,62.229559817036815,174.20686907209108
-0.92,64.74085601050129,179.70540674213635,62.893627206642336,174.84992570211415,62.60772483812859,176.61556784301393,60.93364898071887,172.5562858541314,60.57730143777572,174.61623123028352,57.938552412934264,171.5626719944611,57.91604607162249,165.90195658056732,60.97572340480524,172.9783709334286
-0.91,63.084935105316355,178.28487570411792,61.36435603516844,173.42877980481217,61.188672450013094,175.34591643433907,59.61418643559056,171.29407361565018,59.34523303812046,173.47719014250512,56.86520106105722,170.46838478010383,56.94584096441411,164.9085652579511,59.64736900848218,171.72834093268386
-0.9,61.314952794499185,176.84025341154404,59.734408327249,171.9861672607052,59.67877405610023,174.05367248737005,58.215132236867504,170.01075794117784,58.04116431660015,172.31603432134895,55.7336974523786,169.35240462472703,55.92322027448499,163.89636399175575,58.24115507567241,170.45743839377008
-0.89,59.42014041522068,175.37310297674014,57.99381552371832,170.52352765177636,58.07149624000967,172.73958672349886,56.72823779835736,168.70714317661387,56.657988376113074,171.1333862743224,54.537339894834965,168.21557791427819,54.845049380382754,162.86558956086697,56.74935394248623,169.16642464779844
-0.88,57.38995309070917,173.8852711330453,56.13363288197777,169.04269405222212,56.35850218260145,171.4045440963949,55.14682562668076,167.3841628146817,55.19145004144709,169.9302132336106,53.27255869264775,167.0576747982013,53.708144452464765,161.816713028459,55.1660719579061,167.85634319606106
-0.87,55.214074993555016,172.3785099734241,54.14622197081682,167.5457036470342,54.53286588218802,170.05024221956174,53.46568323886163,166.04360589979507,53.63334290557892,168.7067591346644,51.93391058917372,165.8792009095067,52.50723260126766,160.74977620697453,53.486166084263466,166.52856949270242
-0.86,52.87736177014255,170.85520649531415,52.02071430914228,166.03481111358943,52.58323781729292,168.677667853601,51.67484532997314,164.6862425317303,51.97919598327669,167.46390664375173,50.51685339920125,164.6813204727856,51.2380431588247,370.7347745452951,51.70117120648495,165.18390127477943
-0.85,50.36868507458376,169.31783219151487,49.74490468009683,164.51249679913792,50.50157189305689,167.28872641864854,49.76750724089365,163.31394049644044,50.21906443809581,166.2026507449827,49.0147739085859,163.4642163728647,49.895101532026914,369.7057847468282,49.80438956815976,163.82411457868272
-0.84,47.67286723708967,167.76908354752027,47.307337956107375,162.98146866029913,48.27585917865834,165.8848680599639,47.73369542536855,161.9284336216414,48.345207817671216,164.92411293127745,47.42127785970488,162.22881383273932,48.47535562484545,368.6627954843016,47.78797962722346,162.45091686098127
-0.83,44.77344578762068,166.2119437960279,44.69577698015805,161.44465690920677,45.894403382110504,164.4688563005196,45.56388725109883,160.53181095777322,46.349784271136635,163.6295542475379,45.73080724413612,160.97614309711264,46.97099596451038,367.60591141200894,45.6427353002539,161.06600474999902
-0.82,41.652633619722586,164.649644375214,41.89594851423801,388.61806034451354,43.34618409125968,163.04228419495053,43.24852440569199,384.5769412010037,44.22350133063246,162.32090535990622,43.934687725025356,373.82880353397053,45.37572033196084,366.5353269889839,43.36122230521213,383.92750517591566
-0.81,nan,163.08600846770875,158.36650003157877,387.25722919692083,40.61664081943964,161.60768091477345,40.77579009127002,383.25345922304814,41.954824953933,160.99940386200515,42.0262687134783,372.63331354566344,43.6857557494984,365.4508231052036,40.9341490989879,382.6336725479159
-0.8,nan,161.52456534825646,156.83219697348756,385.8828601163782,nan,160.16813391188322,156.2970251112518,381.9160540119527,159.66674008969295,382.4027922136763,157.12666315942113,371.4238845406689,41.89108563673156,364.3525534161969,156.86286623722995,381.32612419360754
-0.79,159.9688782378676,394.191799637709,155.3055776509071,384.4961865643841,158.726206870093,386.3044986899438,154.87866312906397,380.5654637169372,158.32531148491205,381.1448124754502,155.81832186291393,370.20053218919475,151.64076486843155,363.2409560874807,155.45394837839592,380.005060607759
-0.78,158.42283217921167,392.7058894723762,153.7902435962967,383.0972447629645,157.28469200048966,384.9455121502938,153.46204541682607,379.2020661896038,156.9772089428799,379.86993600482714,154.4999775573734,368.9635657562227,150.44493016782866,362.1156764617336,154.04514381816733,378.670821015348
-0.77,156.89034556956022,391.2028804346469,152.28978090720943,381.6871749343539,155.8466210547947,383.57044358197,152.04928899476792,377.82635558274245,155.62426824831365,378.5786004993872,153.173479333926,367.713318455082,149.2405333942657,360.97750733608484,152.63925155885997,377.3241455812346
-0.76,155.3752918705248,389.6835466732134,150.80768545319634,380.266514100584,154.41547170087733,382.1798529365338,150.6434360615405,376.43906893054964,154.26995133940383,377.2709514813344,151.84120102919167,366.45014965148704,148.02926024774922,359.8261267413772,151.23980335395422,375.96554670911314
-0.75,153.88141080503095,388.1487197760643,149.34728034685605,378.8359399612704,152.99429374124654,380.77433738453135,149.24800394110562,375.04078217956396,152.91576124750313,375.94728709743896,150.50552438489856,365.17444698072023,146.81289761242758,358.6620456017944,149.84884637626413,374.5954303282403
-0.74,152.41221143544595,386.59945582462666,147.9120173152864,377.3964646385731,151.58581055380245,379.35428834097246,147.86502171477775,373.63201032838106,151.5649836287052,374.6080460498855,149.16824984974824,363.8866283217803,145.5933264224188,357.48562148542106,148.4701381396908,373.21479129901894
-0.73,150.97087064127186,385.0367886901147,146.50484072752903,375.9490672587288,150.19363936903537,377.9207644428421,146.4984179841765,372.2139814331096,150.22012262013877,373.2540464620906,147.83226350699408,362.58737154672036,144.37251054140873,356.2969375658982,147.10579502825246,371.8239776787822
-0.72,149.5601316605953,383.46158394086154,145.12781936898332,374.49446809106774,148.82036408692568,376.4743419802784,145.14992381467343,370.787009960094,148.88352265161683,371.8852397546025,146.50008166914603,361.27707382916867,143.15277554494924,355.0963989007671,145.75950925454603,370.4239295076728
-0.71,148.1828975122648,381.87492367601493,143.78448159353533,373.0336612504798,147.46905176160305,375.015751278707,143.8229883505769,369.35196852504055,147.55874058623968,370.50286347958803,145.1738216049698,359.95618400044833,141.93597490391986,353.88449322605413,144.43318917530365,369.0154580302699
-0.7,146.84134044048125,380.2785930596072,142.4759499031037,371.56767419593274,146.14183853878,373.545898822908,142.51976414827067,367.90998334590154,146.2477652534367,369.10690503786884,143.85632101605134,358.6252574361223,140.7242115683869,352.66172689936866,143.12958718332828,367.5991267047444
-0.69,145.53770752048632,378.67324212014705,141.20417390809266,370.0975652607737,144.84178462803885,372.0657372629732,141.24239008734926,366.461876920089,144.95316572649585,367.69864029792564,142.5504447018025,357.28544170905263,139.5196118480789,351.42840637253727,141.85152308574624,366.1761770282668
-0.68,144.27310109609195,377.06057811618314,139.97062403769917,368.62442076031266,143.5706973108375,370.5762659105175,139.99297993132797,365.00847266971874,143.67748083801902,366.2784727646578,141.25820889738094,355.93688135580965,138.3242667198923,350.1850442166604,140.60070884201005,364.7473577666394
-0.67,143.0487297515136,375.44188315781804,138.77620820680684,367.14950936115827,142.33029899023182,369.07853028805675,138.7732929983552,363.5507680882623,142.42306877579023,364.84716618367,139.98209363142473,354.58052408322703,137.14037590926065,348.9321827941908,139.37900391600613,363.3134814673071
-0.66,141.86517285453553,373.81861379217565,137.62123633425074,365.673804912848,141.1220838626348,367.57362117022075,137.58468141865671,362.08978567744407,141.19205029032636,363.4058461584686,138.72444810881197,353.21724297618033,135.97044863161568,347.6703950162291,138.18853131883748,361.8755555282323
-0.65,140.72374414142976,372.19232266958045,136.50718849629493,364.1984569437672,139.94805497181338,366.06267297486636,136.42874623667296,360.62658012495956,139.98625326773157,361.95539763614784,137.48743918006784,351.8475805544121,134.8156883260413,346.40028526924027,137.03004427349038,360.43498972655277
-0.64,139.62311169334944,370.5644694332114,135.43283561647303,362.7246285412236,138.80829101580352,364.54686130417053,135.30621899139243,359.162430237971,138.80716132948297,360.49664504716026,136.27299954283276,350.4727798543862,133.6783651617,345.12250600589897,135.90449948115184,358.99243565739033
-0.63,138.56458045076175,368.9366489930773,134.39842818824778,361.2534864683336,137.70387357159936,363.02739967289034,134.21779352834463,357.6981886025431,137.65629950397772,359.0306369712411,135.08277781986277,349.09329685901514,132.56021038979156,343.8379187770006,134.81333758020182,357.54896266972446
-0.62,137.5466918244188,367.31041787391786,133.40375028665844,359.78619430024224,136.63480152167764,361.50553557841613,133.16365570338982,356.23494839787645,136.53529641028243,357.55846030052714,133.91868554027627,347.7104545407752,131.4627715352709,342.5470597127747,133.7566874720229,356.1056514610573
-0.61,136.56888669234928,365.68733622854626,132.4481199570944,358.32390534793046,135.60200373802783,359.98254580185323,132.14430765128841,354.77380690479845,135.44447590760268,356.0812380582464,132.78206744267027,346.32486155015954,130.3870891782672,341.2506576912834,132.7347243242594,354.66385245097445
-0.6,135.63021156788474,364.0689743029967,131.53040468169073,356.8677548182303,134.6049038188642,358.4597305693248,131.15985030229578,353.3158595739549,134.38456422357314,354.6001263628983,131.6736239445529,344.93770652967805,129.33523612517553,339.9494725824116,131.74760879044646,353.22454245884575
-0.59,134.73063985919066,362.45694980358155,130.64943262579007,355.41915875488525,133.6433365797781,356.9384072765086,130.20997680036612,351.86219369992494,133.3566574590624,353.1163108274194,130.5946106095006,343.54990195874757,128.3077980110084,338.644293979378,130.79508244393568,351.788680063027
-0.58,133.86738842705094,360.8525717039014,129.8049831563579,353.97900064221784,132.7171846505623,355.4199033532365,129.29397812422914,350.4141534482389,132.3605865383983,351.6310446324525,129.54597657091418,342.1623724817738,127.30560534495098,337.3362017239698,129.87649639552546,350.357342854301
-0.57,133.04097759611048,359.2577927048438,128.99525654845436,352.54827159629997,131.82502455651874,353.9055480787853,128.41133193175185,348.9726570739619,131.3965852923016,350.1455763949465,128.5277583922062,340.7763876927359,126.32937101984982,336.0259298004941,128.9925677310062,348.93198945307756
-0.56,132.2489275600418,357.67354831067905,128.21903037726372,351.1279833688215,130.9668844826031,352.396664341367,127.56186060145113,347.5386455764481,130.46473322430774,348.6610977349381,127.54033723606719,339.3925733256375,125.3795774241857,334.7142140293225,128.1408834464875,347.51343019959404
-0.55,131.49019862392564,356.1015085208223,127.47521391468291,349.7196868110433,130.14111026561557,350.8945589316798,126.74446365299808,346.11311215891067,129.56410990393076,347.17886874225377,126.5837367074545,338.01250100917224,124.4573862346056,333.4019396899779,127.32212933126267,346.1025470133619
-0.54,130.76350439791628,354.5432042946001,126.76248694033424,348.3237048587917,129.34772653961346,349.4005132984874,125.95810054677698,344.6975271786634,128.69482779944911,345.7001492467529,125.65815488259435,336.63656834385637,123.5619165066932,332.0902528145749,126.53475135519415,344.7008514927629
-0.53,130.06733774410327,352.99962764576577,126.07932543980094,346.941323592572,128.58530084610499,347.9157731721005,125.20206041159288,343.29243647532024,127.85591629309567,344.2261907289594,124.7635702748656,335.2664753848006,122.69375597426934,330.78001442279964,125.77777732301595,343.3089527940191
-0.52,129.40046616081779,351.47205500608794,125.42491224405777,345.57326336731376,127.85259769308034,346.44153836239616,124.47540323578912,341.8987755205194,127.04764447736918,342.75822771533086,123.898695332463,333.9025786334487,121.85248006692376,329.471963189461,125.05025740945759,341.9279438307192
-0.51,128.76217241182994,349.96167080441046,124.7978508167968,344.2204971083976,127.1488678791226,344.9789524079527,123.77697768994008,340.51785605820527,126.26846824529207,341.2974686318283,123.06421276447088,332.54640615548465,121.03868839052723,328.1670290303273,124.35102698427859,340.5588182604446
-0.5,128.14986582073016,348.4695556913913,124.19665893529952,342.8834292793179,126.4732431109431,343.5290924275163,123.1054439570653,339.14997439377066,125.51777613884616,339.84508647846803,122.25893358016408,331.1985852006609,120.25128124580637,326.8662073747447,123.67970762952893,339.2024065124806
-0.49,127.56362231220342,346.99667533348486,123.61986700024183,341.56336448093765,125.82376964400692,342.0929591264205,122.46084693639911,337.7964953833234,124.79473541046139,338.402419843933,121.4821201142442,329.8600396781828,119.49004493085077,325.5706334813762,123.0347356147452,337.85939407940805
-0.48,127.00155143959206,345.5438709183709,123.06750312321581,340.2605208091296,125.20016824057689,340.67183687264486,121.84084147606008,336.45780501560785,124.09830874288762,336.97065100972236,120.73320466994305,328.53210971207824,118.75455125424361,324.28092234113524,122.41473874068458,336.53105496672845
-0.47,126.46234031230861,344.1118507544601,122.53740200695704,338.97549843967977,124.60068156501818,339.26656367305407,121.24553951537206,335.1345397912955,123.42827129672911,335.5505692657948,120.01140338669735,327.2152126319549,118.0441651547944,322.9979733529133,121.81934983836034,335.2176466938104
-0.46,125.94506341463509,342.7018206654652,122.02862721877848,337.708877084191,124.02531804570152,337.8776353172628,120.67284689417787,333.8278272313151,122.78324595102578,334.1432645671986,119.3157318273948,325.91025121085005,117.35805722894928,321.7226664968126,121.24730966080752,333.9199428706029
-0.45,125.44872744146166,341.313871605414,121.54018193512795,336.4611470778537,123.47202148579765,336.50667303333137,120.12218044916008,332.5379373167097,122.16190807006907,332.7501642917541,118.64540664637235,324.61813421484453,116.69654174185206,320.45585656091185,120.69723285182376,332.6386466326174
-0.44,124.97228263078473,339.9488005431767,121.07101970141991,335.2327055258409,122.94005995990656,335.1535463532322,119.593277241927,331.26540038841046,121.56415332148299,331.37146014460063,118.00032879965788,323.339779098259,116.05790775258816,319.19836736227506,120.16838094854059,331.3743895302662
-0.43,124.51463470111953,338.6068402073152,120.62005568370286,334.02385345089294,122.42862432050383,333.819546805509,119.08443957602098,330.01073989299175,120.98868364038907,330.008923100134,117.37796625089916,322.075660506475,115.44179545585075,317.9509858565178,119.65993999293812,330.12770201490264
-0.42,124.07465701494016,337.28886583856394,120.18741401986009,332.83479412998884,121.93683746799245,332.5050565052434,118.59480455242789,328.7743949011368,120.434263070916,328.66252417982054,116.77955694080329,320.82644960374336,114.84722858385884,316.7144564189476,119.17102975767935,328.8990577999003
-0.41,123.65175111635992,335.9947139386626,119.77117189044536,331.6659702584191,121.46376458009898,331.2104925314456,118.12345567717213,327.5567168155707,119.90027721301007,327.33350748308635,116.20250982114676,319.59274728630976,114.27428156165557,315.489475350573,118.70071387379039,327.68882146224155
-0.4,123.24560075979083,334.72471799987807,119.3700761446115,330.5175579740213,121.0084239714982,329.93640441149256,117.67034076239509,326.35796711284917,119.38603160432793,326.0225142800305,115.64628097333511,318.3750798942377,113.721275544172,314.2766855299097,118.24801053274378,326.4972704521314
-0.39,122.8539803007628,333.47908316284565,118.98521075936264,329.38925671655437,120.56979823072177,328.6832352995862,117.23394026106685,325.17875780189786,118.89075988714939,324.72995319082656,115.11059177069251,317.1742824686004,113.18771384058057,313.07667155997603,117.81190344042498,325.32458860640696
-0.38,122.47787446247794,332.2578856030077,118.61358951118757,328.28184653078995,120.14730945094823,327.4513184163248,116.81319016508338,324.01903278096853,118.41363302610851,323.4564477168111,114.59453214239592,315.9904709745958,112.67301774003585,311.8900761951485,117.39169465618924,324.171252301055
-0.37,122.11470699224958,331.06107371327965,118.25667704657835,327.1947415343475,119.74093299022425,326.24087491663573,116.40771550540849,322.8786715198005,117.95376927830878,322.2025222525061,114.09695209826964,314.82392867591363,112.17653322202554,310.7177412416874,116.98762437217084,323.0374637634983
-0.36,121.76586602562227,329.88859376109997,117.91189973726114,326.1279842285601,119.34842055318049,325.05201312743947,116.01738673417329,321.7586033990026,117.51024458782372,320.968597847086,113.61706403238955,313.6752603221082,111.69753885034542,309.5596693281535,116.5973034308081,321.92311493683917
-0.35,121.4288594819386,328.7408315587817,117.5798760876201,325.0820351794538,118.97072613682013,323.8848163419129,115.64015911679007,320.658029537293,117.08210313870967,319.75498891590814,113.15464741080886,312.54473582128634,111.23525457501772,308.4165195242143,116.22168126352632,320.8285313280259
-0.34,121.10380484693005,327.61679455028013,117.25983929254596,324.05638151712577,118.60559689516174,322.739934219319,115.27721309684642,319.5775589566284,116.66931478707767,318.56190139961666,112.70872492069837,311.4324352411471,110.7888511868074,307.288865546173,115.85853055510425,319.7538026913034
-0.33,120.79081310931717,326.5172679105168,116.95065876964944,323.0509266367468,118.25416445444827,321.6164967560264,114.9262821002864,318.5170602183642,116.27118677144803,317.3895616806406,112.27820130106302,310.33864280337843,110.35746013959614,306.1767704010747,115.50903877578638,318.698676444419
-0.32,120.48836944795521,325.4412288372313,116.6519651837178,322.0655264362584,117.91411118682483,320.51544951304805,114.58757898676645,317.4763312340372,115.88601253082554,316.2385850731038,111.86212459111286,309.26370480741843,109.94161048618955,305.0807560742815,115.17089013227843,317.66323449801297
-0.31,120.19610468364753,324.3886126515077,116.36363414459969,321.0999661787664,117.58601176151055,319.43593247247884,114.26086901375236,316.4553783857518,115.5151160607605,315.1082932715372,111.46138478315436,308.2073850257106,109.53964883515009,304.00118666617186,114.84445494927459,316.6474849133188
-0.3,119.91364586302963,323.3594116247866,116.0854149312659,320.15422444485813,117.26932567631326,318.37802475639296,113.94475596125015,315.4541366316896,115.15586054941002,313.999595020724,111.07372662755785,307.16985157011453,109.15080735139382,302.9379891877656,114.52952294693281,315.6513626700395
-0.29,119.64061744721619,322.35314663060933,115.81635789253626,319.22809651973,116.96288713337779,317.3420282757922,113.63892095195487,314.4724710913296,114.8092672650184,312.9117241907691,110.69950131654856,306.1512003560049,108.77574453516695,301.8914627193695,114.2247900885603,314.6747312139289
-0.28,119.37664252058136,321.36936092310754,115.5560878382888,318.3209489234834,116.66637103600745,316.3273758579688,113.34373739643384,313.5101789238875,114.47407263619505,311.845122752796,110.33749773345012,305.15145509706394,108.41242390537262,300.86195758708254,113.92992748859166,313.7173847217787
-0.27,119.12142552964812,320.40796072818597,115.30423068463432,317.43284204691565,116.3794460274585,315.3338638083316,113.05827764766123,312.5669922438483,114.14933691372092,310.79974171582376,109.9880823339539,304.17056792413354,108.0615396297874,299.84952529318707,113.64460074468931,312.77905103894653
-0.26,118.87436051939513,319.4684155966256,115.06041451880765,316.5633989473583,116.10229682119332,314.36123821877493,112.78190412902218,311.6427415395141,113.83569420253619,309.77523465548956,109.64939711569515,303.2084208266839,107.72206182527654,298.854122419837,113.36861582234232,311.8593952004744
-0.25,118.63527427219881,318.5501183422351,114.82427063067409,315.712359565291,115.83396653736627,313.4094974342559,112.51427872683449,310.737578758843,113.53229554138765,308.7715088133928,109.32240299825172,302.2648277823806,107.39293384597491,297.87579053017686,113.10172702589654,310.9587898541816
-0.24,118.40375866804017,317.6527220427033,114.59543449447067,314.87908202256085,115.57401685800845,312.47824463159304,112.25506140843991,309.8505331205593,113.23830430996071,307.7883914564513,109.00597365703658,301.33953751985035,107.07507807874876,296.9148369122553,112.8431618180125,310.0763352623424
-0.23,118.17943287817126,316.7762177557807,114.37354669519966,314.06398055802316,115.32210784839108,311.5668821151455,112.00391132767356,308.9820914519862,112.95342133053718,306.82563279081535,108.69929497928776,300.4327561859742,106.76728140474381,295.9709827291092,112.59257944533879,309.21219248152175
-0.22,117.96193604634274,315.9195832521052,114.15901313132137,313.2661630361437,115.07789986512496,310.6753670304012,111.76048791441188,308.1311791173893,112.67734136556159,305.88298601028885,108.40208660423988,299.5440807441735,106.46887283172822,295.04407376431266,112.34963987407232,308.36562507540475
-0.21,117.75091354126494,315.08277411936416,113.9509077791044,312.4853493222487,114.84105462769196,309.80338319739764,111.52445193604613,307.2984175831168,112.40975426154345,304.96065142804,108.11431038257119,298.67320140353087,106.17957736969792,294.1339782611395,112.11400481075654,307.5370994412078
-0.2,117.54601776928722,314.2653836973183,113.7488505959719,311.72125971727354,114.61123624703858,308.9504629055507,111.2954665171742,306.48285383001775,112.1503461123015,304.05769537517847,107.83584219056186,297.820104369369,105.89911196484412,293.24125041184993,111.8855796723672,306.72566137364845
-0.19,117.34690890137614,313.4666849696282,113.5525026114159,310.9735794615959,114.38842194665226,308.1160705158686,111.07319810419746,305.68424783034743,111.89880042542968,303.17407459060064,107.56576707484845,296.98452752595995,105.62718659826086,292.36481467140095,111.66420528610631,305.9311224824797
-0.18,117.15392126036299,312.6863438119392,113.3615334431451,310.2419611220331,114.17245195382846,307.30049523448076,110.85731737230762,304.9023780039547,111.65479927597696,302.3095817951855,107.30378212324592,296.16593532642855,105.36377559835564,291.505512082153,111.4492918598655,305.153255393685
-0.17,116.96685134227273,311.9239861233508,113.17679813287748,309.5260271590357,113.96267152273136,306.50277098988994,110.64802861348619,304.136985842114,111.41802443080385,301.4638011130383,107.04958155776899,295.3642895875047,105.1081750211956,290.66229768943555,111.24051006853225,304.3917955652117
-0.16,116.78471667450948,311.17920079723535,112.99723409661003,308.82537279280695,113.75875581661676,305.72262197859516,110.44503843075049,303.38777796918686,111.18815843354686,300.63612207669553,106.8028578353804,294.57953812809416,104.86003409312468,289.8355358463622,111.03753644450491,303.6464433605929
-0.15,116.60720576206245,310.451542919251,112.82221883091987,308.1397103398492,113.56038644046555,304.95973240511887,110.24761290715752,302.6544282659,110.96488563812612,299.8268447994829,106.5633027271278,293.8110800242691,104.61905152018612,289.0250012476537,110.84005409599389,302.9168664303458
-0.14,116.43542286917274,309.7405372947768,112.65207380081635,307.4690713580455,113.367252111096,304.21374921018213,110.05543959062526,301.9365803787721,110.74789318265249,299.03520093416716,106.33060836346017,293.0586567425301,104.38516857970005,288.23024209467076,110.6482954853734,302.2027021739695
-0.13,116.26819077261918,309.04568195346,112.48722101508922,306.81250074707935,113.18035011268432,303.48428480539906,109.86821368337412,301.2338503122112,110.53687189755802,298.2608105798419,106.10446823665706,292.3219748578402,104.15814971810346,287.4511184338753,110.46236757256425,301.50356045798003
-0.12,116.10479754282751,308.3664517891259,112.32613529691042,306.1699453843686,112.9983837902172,302.7709202139112,109.68708562125886,300.5458291060045,110.33151714273788,297.5033636630645,105.8848109979115,291.60070828681893,103.93754348457132,286.68745210624974,110.28113720789428,300.819026435108
-0.11,115.946644846738,307.70309492660454,112.16957189989822,305.54120804346326,112.82087202232643,302.0732083053737,109.510587842983,299.87208570483375,110.13168966661914,296.76251305860194,105.6717489815067,290.89469010363985,103.723045667648,285.9390282780086,110.10431151925246,300.1488972798573
-0.1,115.79234798733756,307.05449532292516,112.01746660810441,304.92565198290924,112.64807669312148,301.39083719307524,109.3382715554205,299.2130250928815,109.93812811254779,296.0378774520102,105.46448015568728,290.20372786772054,103.51435508048658,285.20559730838715,109.93297090099088,299.49317383364655
-0.09,115.64154972843679,306.420449758999,111.86840193912023,304.32320218304125,112.48058343215284,300.7238333013005,109.17093998361354,298.5674869674304,109.74947312541073,295.3290444429043,105.26270497051745,289.52717528429883,103.31117443989696,284.4868767674693,109.7660677950032,298.85082715367645
-0.08,115.49567029615072,305.80077059687903,111.72444091416256,303.733559467878,112.31680199143052,300.07115123021873,109.00821585843617,297.9355498602759,109.56543719378388,294.63568221155674,105.06612922982714,288.8645984887673,103.11321117314296,283.7825537796729,109.60283116196867,298.2223277659056
-0.07,115.35246331461208,305.1948436641789,111.5832446965874,303.15604468704356,112.1572384345456,299.4328478942328,108.84894833487698,297.3168167775479,109.38600687243525,293.95784289822274,104.87446475804997,288.21643588507465,102.92131300934643,283.0922874828151,109.44465033470809,297.6065785444983
-0.06,115.21379621910208,304.6022411755454,111.44608470658193,302.59080373293233,112.00236808792589,298.80847952206904,108.69452924029905,296.71105540735215,109.21222212816595,293.294564663419,104.68897443065372,287.5815595081522,102.73447946288788,282.4161208511306,109.29023288462102,297.0041053001879
-0.05,115.07793242297771,304.0231020162885,111.31211983145432,302.03747975714606,111.85051288404131,298.1976758989155,108.54376547861213,296.1175934095135,109.04233435551666,292.6455483060793,104.50796141881723,286.96021587007516,102.55213246803564,281.7537206621381,109.1391276783733,296.4137903435154
-0.04,114.94578895396023,303.4564790176792,111.18145775768487,301.49554495425434,111.70331364375984,297.5999390357417,108.3962895732203,295.53692585459044,108.87610813169242,292.0110313042352,104.33113780566052,286.35162060083,102.37399694469995,281.10434533948796,108.9928955436088,295.8358592219554
-0.03,114.81665385974912,302.9021285315756,111.0541118557457,300.96476775437026,111.55931598544653,297.01544665692296,108.25340451302135,294.9680226466155,108.71541342094766,291.38979036982056,104.15906704774639,285.75612516709657,102.20170621169058,280.468504345411,108.84922404548108,295.27000614891807
-0.02,114.69074438672192,302.3599528317901,110.92965410883563,300.4449068737035,111.41874599896337,296.4432533172278,108.11289414699203,294.41068848661394,108.55792950699767,290.782437335923,103.99184648690726,285.1727323693798,102.03321859373808,279.845145561964,108.70992557463804,294.71564577235455
-0.01,114.56774857940057,301.82968824801577,110.80834049184382,299.9357122581149,111.28200210946495,295.88314398190295,107.97698298654026,293.86481916602537,108.40412938073986,290.18786981573817,103.82812308436678,284.6015049111243,101.86824978609707,279.2347065711636,108.5734245338391,294.1725682016003
0.0,114.44779219055177,301.31077846570724,110.68980293808924,299.43692601456064,111.1477954923564,295.33530766812015,107.8433554776336,293.33034073854554,108.25481757978785,289.60595366489656,103.66872149861632,284.04238091515424,101.7086389317335,278.6361365244332,108.44045381024789,293.6405525606398
0.01,114.33037216085542,300.8029397925619,110.5739613124407,298.9482833367095,111.01772090990994,294.79905366143544,107.71364371098778,292.80666919537236,108.10807404069672,289.03682200081175,103.51358082964099,283.49468412388893,101.55230234292611,278.0500849683927,108.31054230018658,293.11942507421685
0.02,114.21609672755719,300.305881086214,110.46106925519344,298.4695134196769,110.88961728975664,294.27404747219185,107.58632900186771,292.293567520352,107.96592030032431,288.47961250259783,103.36128349144786,282.9582008175819,101.39944264721282,277.4756380827697,108.18363704154763,292.608939115256
0.03,114.10371546367662,299.8193049137231,110.35016620430714,298.0003404665332,110.76564831642109,293.7600293808852,107.46255629171698,291.79079045820623,107.82637660572955,287.9341005991872,103.21379230348627,282.43270616450815,101.25115491503844,276.9125248978943,108.05975521424936,292.10869000762597
0.04,113.9948577253712,299.3429085552732,110.24265439010034,297.540484529638,110.6433930621124,293.2567310021663,107.34100598635096,291.2980854505078,107.69042866521954,287.40004964392455,103.06909818030265,281.91796511044527,101.10533297297785,276.36072320223303,107.93865946621656,291.6184235596984
0.05,113.88730308343398,298.87639981164796,110.13645795750787,297.08966250245487,110.5249879690278,292.7638763620333,107.22291850502933,290.8151935064552,107.5575282324689,286.87721196736146,102.92795208450863,281.4137333293149,100.96400928860085,275.82017629457084,107.82026964929379,291.1380127963204
0.06,113.78331071075927,298.4198968611378,110.03379625978357,296.6478215360114,110.40833246067064,292.28118296134124,107.1066068490613,290.3418501212056,107.42755189076549,286.3654317281164,102.79029996438756,280.9197581305025,100.82527881794243,275.29030192333613,107.70473396435223,290.6672253056237
0.07,113.68085847316604,297.97274297325936,109.93266146903541,296.21489328522415,110.2949724415012,291.8083627887009,106.99395747604093,289.8778149054513,107.30075511873636,285.8642512866707,102.65526957434099,280.43577942996785,100.69007980533527,274.770892740387,107.59132152463118,290.2057202987074
0.08,113.58072719970141,297.53462096473305,109.83376941035694,295.790223124793,110.1836743519736,291.34512334996293,106.8825671428651,289.4232213846047,107.17651949210544,285.37337496170284,102.52411295611421,279.9615307192384,100.5578929007127,274.2617311610052,107.48110316517791,289.7532212762505
0.09,113.48313470719461,297.1052132894939,109.73745276488353,295.3735201393468,110.07486422782847,290.8913412583888,106.77493063051968,288.97744946950576,107.05530524360559,284.89271138898596,102.39497128001938,279.4967400295274,100.4285958413918,273.7625902899034,107.37217713900513,289.3094489076115
0.1,113.38670013234403,296.6848356801248,109.64230229116575,294.96542078926313,109.96868779671522,290.44696042409504,106.66868344572161,288.54021829966644,106.9365831667845,284.4219107669763,102.26978010530577,279.04113088660995,100.30241990680227,273.2732348269749,107.26704028168594,288.87412190890916
0.11,113.29344818320732,296.27283593924335,109.55015214329842,294.5648000977251,109.8639564813991,290.01135843369286,106.56512640588525,288.11124566748396,106.82045000498796,283.9606637461126,102.14630294955808,278.59442326262837,100.17880416300152,272.7934219879112,107.1630716936363,288.4477115392127
0.12,113.20158541496046,295.86868461766596,109.45953003591141,294.1718345792783,109.76267276575436,289.58423088793114,106.4637913645217,287.69092704428607,106.70701844883838,283.5086746975494,102.02656509859081,278.1566615462179,100.05812360618135,272.32290239288403,107.06184970594813,288.0292726822113
0.13,113.11115099731907,295.47310711131524,109.37011594425978,293.78645025339483,109.66250366238914,289.16570569238337,106.36386471923896,287.2785238893521,106.59548562390361,283.06564531145307,101.90853150706675,277.7276406850968,99.93997109401836,271.8614210926867,106.96268300271319,287.61851017893025
0.14,113.0236375783255,295.0848929897584,109.28379974448292,293.4080739994317,109.56496059826459,288.75556787220256,106.26721801798041,286.87360802975775,106.48712610217694,282.63134331140833,101.79375404705972,277.3067528698141,99.82428876692043,271.4090791974745,106.86486736652432,287.2160878887795
0.15,112.93715390921736,294.7045082967213,109.19851852778173,293.0370679429222,109.46941412691571,288.3530738947994,106.171648914827,286.4769489926625,106.37985714627256,282.2061307746739,101.68094674920472,276.8939056220692,99.71138444882986,270.96548950217885,106.77028301838727,286.8209150011285
0.16,112.85225277263267,294.3312989411554,109.1145123086639,292.67271712582567,109.37491421325942,287.95881286623796,106.07832239964827,286.0872964008593,106.2762332513915,281.78906202864414,101.57065693476825,276.4894097877306,99.60022282887412,270.53023729051796,106.67674458155406,286.433247795756
0.17,112.76985648784513,293.9654911704403,109.0332742737996,292.31522607777356,109.28377740960387,287.5719003505819,105.98717785516709,285.7051847618777,106.17378034734004,281.37988563999204,101.46286278322546,276.09225704675515,99.49235520290198,270.1030508216187,106.5852466747919,286.05283425755147
0.18,112.68842150723236,293.6063513900206,108.95300138037456,291.9643222878067,109.19363980489602,287.19252036034146,105.89704232469117,285.32996255875935,106.07369424469958,280.9792592565457,101.35660881477911,275.7029726254851,99.3855310546712,269.6842894636862,106.49603260627137,285.6793907485878
0.19,112.6083499859198,293.2544906705088,108.87370621743129,291.61948436396034,109.1049953029417,286.8202945018469,105.80956817812043,284.96185842249344,105.97585027222344,280.58594588244546,101.25361919809872,275.3208702968086,99.28221888586268,269.2733641133079,106.407798197187,285.3128949900579
0.2,112.53075454198695,292.9088518964319,108.7972284002464,291.2814392872853,109.01901815043429,286.4552110165455,105.72360567802308,284.60022542867097,105.87899294984551,280.2004557131846,101.15164951801012,274.9460619933615,99.18018547622519,268.86976096667775,106.32188785361228,284.95312481906865
0.21,112.45405694122101,292.5699375581574,108.7216510913442,290.9491725295219,108.93397765027363,286.09677174414355,105.63858847169911,284.24557212238045,105.78545468096715,279.82217349210487,101.0525819675976,274.5781556775579,99.08033669281193,268.4742674629133,106.23773185631819,284.59970078094096
0.22,112.37823940990171,292.237357462724,108.64695620302939,290.6226199219388,108.85048766471259,285.7453844562433,105.55626236992453,283.89691461244314,105.69296575802734,279.4511979669769,100.95517397145186,274.2172640307345,98.98289179915706,268.08567266773133,106.15449393213197,284.25303925471883
0.23,112.3050668758744,291.9106523056206,108.57440193278079,290.30238477373535,108.76937002670878,285.40010349772075,105.47517857346837,283.5549140906829,105.60200979130052,279.08705301986157,100.85914409464354,273.86269274877407,98.88639475449614,267.7044987322903,106.07348422130535,283.91223640036884
0.24,112.23281346350355,291.59010304783385,108.50322619218292,289.9876034337141,108.6891307395464,285.0615316686285,105.39498074307438,283.2189181348334,105.51369465499297,278.7300039079498,100.76610032291372,273.5151424032607,98.79304255749045,267.3301093480248,105.99409044807933,283.57771547936096
0.25,112.16138270017937,291.27555624456744,108.43287451849305,289.67818391442404,108.6101374630333,284.7290985132988,105.31714181503227,282.8886123005622,105.42627176816565,278.3791451450408,100.673980756541,273.173558797841,98.70090096714893,266.9627490604671,105.91555738131136,283.2492237516216
0.26,112.0916110239401,290.96652991427317,108.36361833470741,289.3740436897907,108.53359481120621,284.40244233932776,105.24064938120085,282.56455363525856,105.34063048470871,278.0353755543695,100.58385454453872,272.838250058461,98.61005770709029,266.6017488467201,105.83880449104122,282.9262813470414
0.27,112.02352582697095,290.6629237148277,108.29656786721732,289.07558440028566,108.45787608228885,284.0819405424754,105.16498758563255,282.24610057913054,105.25715694305124,277.6976087210807,100.49587113224138,272.5091929256471,98.5220801600933,266.24767503594217,105.76389271392054,282.608973240205
0.28,111.9562098675452,290.3647484336549,108.23028728021572,288.7821558512871,108.38296579855574,283.7672678651149,105.09101804977611,281.93302174913475,105.17452369124697,277.3658112186556,100.40875888993293,272.18578531755725,98.43496299369276,265.8995075803268,105.68978812380767,282.29752945458574
0.29,111.88964863902255,290.07214458168073,108.1647618507937,288.49366425815157,108.31052725175721,283.4580337395214,105.01884496123809,281.6252278490742,105.09354724046979,277.0405203478376,100.32385800262499,271.86801253551346,98.34938549367955,265.5579106170093,105.61669088251986,281.991317120429
0.3,111.82510712569578,289.7846032899929,108.10059648700454,288.2100155668645,108.2390630966129,283.154142553283,104.94745085093408,281.32318278559956,105.01464805240636,276.7208574715806,100.24066241596162,271.55629961496294,98.26621329555272,265.2222787275043,105.54599583803247,281.690246463821
0.31,111.76165007244809,289.5020233428781,108.03813131397506,287.93111550763354,108.1683577553984,282.8557093429997,104.87682122819902,281.0261927201335,104.9365403433749,276.406729469133,100.15828817309023,271.2499097559373,98.18385278645236,264.89226694573915,105.47605799232,281.39422709454504
0.32,111.69889920435848,289.2243034613849,107.97637214623806,287.65686970213693,108.09907324894165,282.5626872473859,104.80866425420675,280.7341643036882,104.85961773147889,276.0983364115965,100.07797170895965,270.9487504656083,98.10289151486718,264.568420693433,105.4068633585376,281.10340157238386
0.33,111.6368415488743,288.9513424051571,107.915305836677,287.38718377470036,108.03161182418802,282.27466434820644,104.74128390095163,280.44700615419276,104.78503795255617,275.7955791072132,99.9993032428677,270.65272861009186,98.02426503236426,264.25016592329916,105.33932785393593,280.8175997575046
0.34,111.5767067587994,288.68303906371057,107.85541824377441,287.1219954919982,107.9648627503457,281.9915435171256,104.67462090524843,280.16462655611326,104.71120374571282,275.4980168486899,99.92140923173079,270.36189241510664,97.94640437352686,263.93723119027237,105.27330911103532,280.5365251466237
0.35,111.51752896286409,288.4192924989995,107.7971887015061,286.86126134701874,107.8988132627459,281.71322744174296,104.60907612118294,279.88693351800094,104.63810187759472,275.20555371724197,99.84507416382024,270.07625087617396,97.86944744505537,263.629532170182,105.20798795325678,280.2600862262003
0.36,111.45900016434669,288.1600021382051,107.73960733389666,286.6047594789587,107.83451088734573,281.43961865994,104.54546947332439,279.6139535458686,104.56725947955758,274.91809331013457,99.77068370829315,269.795413479605,97.79511811709003,263.32751115438714,105.14335184803865,279.9881913313851
0.37,111.40110872948438,287.90506775475814,107.68266236671185,286.3523970811045,107.77148281454129,281.1706197334937,104.48253607779056,279.3455551451338,104.49745854445233,274.6355388757574,99.69702353240086,269.5192858569082,97.72151135221375,263.03055081869496,105.08055170502865,279.7207487393215
0.38,111.3446265861639,287.6543896277137,107.62634233652837,286.1040817329512,107.70911178912117,280.9061332348789,104.42026396043768,279.08152017403347,104.42834773716466,274.35798191593545,99.62410473945587,269.2477734940243,97.64861435330033,262.7385145340307,105.01887285399101,279.45766675179493
0.39,111.28940665901114,287.40786853629936,107.57199348383341,285.85972150694903,107.64738633343293,280.6460619590382,104.35905732071326,278.82175720036537,104.36030740408897,274.0852010775032,99.55375456744619,268.98078183203484,97.5777150008812,262.45131466291474,104.95783730924211,279.1988537751155
0.4,111.23478375749619,287.1654060210714,107.51827375889928,285.61922506039343,107.58728579888832,280.3903089018954,104.2996296332013,278.5661750273481,104.29431107807339,273.81698446826977,99.48409302545316,268.71821633578105,97.50812692526078,262.1688629426717,104.89743380621968,278.94421839918954
0.41,111.180747422422,286.9269041995921,107.46513916954439,285.3825822355769,107.52837355912371,280.13877742517906,104.24082284764755,278.31468273954783,104.22896509730948,273.5532356024426,99.41510824567749,268.45998257164473,97.4392087369466,261.8910706035245,104.83860681760085,278.6936694834921
0.42,111.12728745934267,286.69226604525153,107.4125794145379,285.1497240592522,107.470067872204,279.89137132551014,104.18262618769539,278.06718976576275,104.16425842963964,273.2938580982994,99.34752651562457,268.2059863123973,97.37105746949254,261.6179274511244,104.78095612695371,278.4471162263409
0.43,111.07567161959858,286.46139539023466,107.36094497444873,284.9204982344883,107.41235839009207,279.64799488233655,104.12502915322499,277.82360598592345,104.10082810710172,273.0387558969678,99.28163941777852,267.95613362791596,97.30526352017105,261.3493933930088,104.72389921082957,278.2044682374601
0.44,111.024663095013,286.23419695316034,107.31079586526779,284.6948152339505,107.35574202783825,279.40855291792656,104.06947824036016,277.583841753415,104.03903188368427,272.78783321473867,99.2163906668911,267.7103309219199,97.24010175877649,261.0852021368161,104.66742591694351,277.96563562195144
0.45,110.97419486266502,286.0105764730199,107.2611852652698,284.47258641092856,107.30065112636449,279.17295100957097,104.01450117472058,277.3478080225308,103.97783827340201,272.54099469263974,99.15176954984474,267.4684850662836,97.17556150767668,260.82526452014355,104.61187183666442,277.73052903845223
0.46,110.92425773031214,285.7904407068966,107.21210389723834,284.25372401469394,107.24612059336569,278.9410953652507,103.96008749073022,277.11541635665003,103.91723730006875,272.29814547778585,99.08874309315972,267.23050343116284,97.11199201005478,260.5694913629656,104.55796034945352,277.4990597702941
0.47,110.87484670348832,285.5736974971438,107.16354271259985,284.0381412445305,107.19214107751581,278.71289305049453,103.90622770741075,276.88670439245624,103.85768460779262,272.0591912795412,99.02701913689246,266.99629398596727,97.05037467865832,260.3177936034404,104.50459735564722,277.27113978801333
0.48,110.82718372139922,285.36025587986194,107.11573145520842,283.8257523049132,107.13870345564501,278.48825196731866,103.85347824853672,276.6616010944415,103.79980197477066,271.82403848324367,98.96588731327779,266.7657653726172,96.98934398151192,260.07008231627754,104.45177368378879,277.04668180877707
0.49,110.78001882272662,285.1503012041233,107.06938103102426,283.61647245100454,107.08680868590396,278.26708094384287,103.80205572689358,276.43991550794004,103.74247807342459,271.59259414771117,98.90533792402152,266.53882693976504,96.92889025784913,259.82626884691825,104.39948038677328,276.82559935887673
0.5,110.73334370313023,284.9436655562931,107.02351827768307,283.4105982840722,107.03578404382974,278.0492897928266,103.75115380860652,276.2215613082994,103.68570386033323,271.36476615355843,98.84614178267027,266.3153888304678,96.86916590667529,259.586264860364,104.34841152926528,276.60780683009506
0.51,110.68715025537982,284.74009822365787,106.97813502455799,283.2077902411794,106.9852690009186,277.83478936209104,103.70076391497233,276.0064530646991,103.62947051032951,271.14063572644943,98.78830044803316,266.0953620689264,96.81144488738647,259.3499824554928,104.29847841473389,276.3934192939844
0.52,110.64143056314626,284.5395120387663,106.9332232954615,283.00787373002686,106.93525529003112,277.6234915933068,103.65087767237638,275.79450629968824,103.57511678150125,270.9200922986179,98.73100869343884,265.87869883997973,96.75426852857319,259.1173341665257,104.24904403559643,276.1823757014343
0.53,110.59690858823441,284.34182118454726,106.88877530251764,282.81076750394794,106.88573483835297,277.4157558255851,103.60209125102276,275.5856375436761,103.52139862397394,270.70293116230624,98.67425771784362,265.6656335907251,96.69762806679914,258.8883822362071,104.20010028656667,275.9744036441932
0.54,110.55325478429275,284.1471829149292,106.84554524656372,282.6163915507563,106.83768956090805,277.2110994407076,103.55444965010872,275.37981620177493,103.46819058357478,270.48906279339656,98.61822256224575,265.4557526883768,96.64151495160507,258.6630166455774,104.15163925335668,275.769420355132
0.55,110.51004566420598,283.9556669036522,106.80310405823666,282.42520459666815,106.7903926070417,277.00942000778645,103.50728167985542,275.1773685022046,103.4154846373855,270.278398749853,98.56400156834253,265.2489699882757,96.5869810654911,258.4410644283781,104.10420469022637,275.56734415627517
0.56,110.46727405540055,283.76682445052637,106.76109801002514,282.2367113094629,106.74355974501022,276.8106330756644,103.460579744482,274.9777847391097,103.36358170416779,270.07085171737907,98.51029091867723,265.0452004289019,96.53339981990598,258.2224396812021,104.057918122548,275.36809449591146
0.57,110.42493294878558,283.58057426651663,106.71952004909387,282.05074116550077,106.6971836421031,276.61465548902754,103.41433642348152,274.7809847721418,103.31322290673569,269.8663355493674,98.45708260963778,264.8443600965729,96.4803165350056,258.00705729911346,104.01208570937007,275.17210422300394
0.58,110.38301549383455,283.39707736260635,106.67836328382076,281.86721825131946,106.65125713210573,276.42192005005313,103.36871081959254,274.58688964928916,103.26333773057623,269.6652099077363,98.40436882376582,264.6466024199314,96.42772343121902,257.7948330431296,103.96670026373782,274.9788869672666
0.59,110.34236798110328,283.21652972469167,106.63762097894251,281.68672998160486,106.6062711983353,276.2319741290877,103.32453486210783,274.3956442475748,103.21391886917097,269.4670742485084,98.35274732719918,264.45197816047795,96.37561291051645,257.5856835865737,103.9217547622709,274.78828866450823
0.6,110.30232855690079,283.0383627121195,106.59798765920661,281.50864833021836,106.56239363601914,276.04462257369653,103.28079040029596,274.20739162873963,103.1649591808856,269.27174799147286,98.30237569821763,264.26006703579964,96.32536747137256,257.3795778038508,103.87724234018829,274.6002324950068
0.61,110.26268710213118,282.86249994874316,106.55906844583177,281.33281596813026,106.51893927736866,275.8597865230002,103.23747068820248,274.02163960500303,103.11667740473278,269.07914886573496,98.2524709059576,264.07078896015,96.27560157198211,257.1768607281146,103.83424224087992,274.4150797342279
0.62,110.22343739412003,282.68957080831,106.52053845805673,281.1595325301617,106.47590159968503,275.6779702200425,103.19456913048472,273.8383131866219,103.06988806582538,268.8893550417483,98.2030258235295,263.88416564151163,96.22629147105646,256.9770054619582,103.79171431653188,274.23261694375884
0.63,110.1845733467821,282.51895630352044,106.48239158072253,280.988835904616,106.43327422366966,275.49870884768893,103.15207927793905,273.65769178372204,103.02353199844717,268.7026691857865,98.15403348381128,263.70064638237335,96.17743023809683,256.7799316622315,103.74959411523398,274.0524968491056
0.64,110.14608900668428,282.35044555962276,106.44462183330903,280.82019746439005,106.39105090923226,275.3217575755655,103.1103829995133,273.4797736703071,102.97760268467728,268.51849745161365,98.10600541705821,263.5195524412921,96.12901109836943,256.58556011508637,103.70787538644278,273.87464679816065
0.65,110.1084131742463,282.18461807338645,106.40722336604894,280.65385957939276,106.34989547225125,275.14728741451466,103.06977933216633,273.30408567345705,102.93209374875812,268.33676196851604,98.05918067769781,263.34080803314043,96.08222893493837,256.3940262807661,103.66655201631558,273.69981158751784
0.66,110.0716372832415,282.02104260136883,106.37031241718778,280.49005958619796,106.3095427243874,274.9755946043886,103.02956327537575,273.130617943842,102.88699895292469,268.15774954761645,98.01278345087982,263.16477540483754,96.03598005781315,256.20551518651894,103.62561802373689,273.5271297152354
0.67,110.03521834866326,281.8593785297163,106.33457141725823,280.32813394172894,106.2695705511703,274.80601362099964,102.98972895181404,272.9600375020646,102.84317903434977,267.9814743045196,97.96680737141085,262.9913468347703,95.990148819896,256.01950194294875,103.58610739448072,273.3565277023516
0.68,109.9991509505965,281.70038127949175,106.29917936610605,280.16848614570625,106.22997325963459,274.63862377324193,102.9502706104726,272.79149824723805,102.80007336528382,267.80743205604,97.92124621199524,262.8200696518317,95.94472902841325,255.83591107512356,103.54698520393497,273.1886326324224
0.69,109.9634297839824,281.543349633612,106.26413094052454,280.0111105530568,106.19074527739427,274.47399354233653,102.91118262306978,272.6249327037788,102.75735864937317,267.63566820887706,97.87609387920752,262.65116046476777,95.8997146250143,255.65500569793082,103.50822981606397,273.0229048853636
0.7,109.92804965543743,281.3881897652392,106.22942093047271,279.8554330656401,106.15188114926532,274.31128448381446,102.87252538420792,272.461207237645,102.7150291800547,267.4667729823474,97.83250915059908,262.4848928353034,95.85564456834294,255.4768440435858,103.46983577236783,272.8590736672161
0.71,109.89300548018247,281.2356120964385,106.1950442359361,279.70222410347867,106.11367840347943,274.1507126997689,102.83515900745083,272.29934177006226,102.67307937046765,267.2999147572758,97.78934543737999,262.3205855665005,95.81263829163329,255.30090839914345,103.43179772938726,272.6978709978061
0.72,109.85872023866584,281.08464817844737,106.16099586389616,279.55081773194985,106.07652264441735,273.99265586560836,102.79814152209289,272.1394278647593,102.6315037500954,267.13513661398923,97.74656792251837,262.1585402954706,95.77001505005275,255.12715174108405,103.39411045549812,272.5386282421487
0.73,109.82521622354177,280.93590223717143,106.12727092540368,279.4012241233295,106.0397097860532,273.8363375512354,102.76146778796556,271.9820922834546,102.59122012052681,266.9731207633621,97.70417102591423,261.99894479560726,95.72776929553784,254.95634614544002,103.35724465444488,272.38117361100217
0.74,109.79202830703747,280.78910619124025,106.0946580170828,279.2539243459404,106.00323484138856,273.6823256314028,102.7251327715296,271.82644141073104,102.55146763855387,266.81295363797744,97.6621492837166,261.84112618843614,95.68589559662202,254.78757630803554,103.32121216177977,272.22635122438487
0.75,109.75915184883216,280.6439612357822,106.06241173108603,279.10804974027644,105.96709292544638,273.53037086933057,102.68913154296352,271.6729344027231,102.5120685410338,266.6549017231338,97.62061760349427,261.68568899604014,95.64438863513892,254.62077406779855,103.28551029259837,272.07314030711086
0.76,109.72658230314643,280.50116423391563,106.03046974532622,278.96450985895757,105.931279252525,273.3800358206546,102.65345927335156,271.52153777585147,102.47301781312137,266.4992816338364,97.58043556554411,261.5322935584815,95.60384097478482,254.4567935654034,103.2501342627673,271.92199654307814
0.77,109.69431521623703,280.3597048214062,105.99882759819215,278.82247843044183,105.89578913354488,273.2322745330483,102.61829057857445,271.37165895435004,102.43431054142818,266.34533008292027,97.54060800235793,261.3805608703794,95.56417644286638,254.29471345424818,103.21507938555976,271.7729339050855
0.78,109.66234622397423,280.22057207935285,105.96748091870218,278.68233572472343,105.86099390905281,273.08596912264795,102.58417607558704,271.22431743015767,102.39594191129271,266.19374887873715,97.50112990264628,261.2314186370809,95.52485853465633,254.13452820779258,103.1803410690467,271.6253220236989
0.79,109.63067104949839,280.08284336849016,105.93642542411409,278.54399183182915,105.82705063130189,272.9417982207372,102.55037169063485,271.0784267061654,102.35836284829513,266.0440589182215,97.46199635650095,261.0837688294028,95.48588236990308,253.9770006915376,103.14591481357546,271.4802473751275
0.8,109.59994653316187,279.9470845851968,105.90565691761313,278.407167929901,105.79341248327651,272.79941383583343,102.51687300344081,270.9345414283777,102.3216653926748,265.8961006280412,97.42320255266006,260.93825130814315,95.44724316717183,253.82114889941167,103.11214190325803,271.33651770761224
0.81,109.56964827886205,279.8129278748218,105.87517128607529,278.27235921130966,105.7600751689127,272.65869618057525,102.48367568186977,270.79248176070246,102.2852878768178,265.7505041296972,97.38474377586641,260.7945814026194,95.40893624116778,253.66739005469844,103.07921414132329,271.19484547899276
0.82,109.5396267436792,279.6804618139534,105.84573247280585,278.13877704994957,105.72703447668914,272.5200719841644,102.45077547962694,270.6519750483971,102.24922587931624,265.60629746038603,97.34737677045243,260.65254587076305,95.37106834357598,253.51581416853645,103.04658072015147,271.0548466845875
0.83,109.50987801474606,279.5497221274794,105.81656827384384,278.0073545006385,105.69428627744966,272.38272733873754,102.4181682340314,270.5135924648419,102.2134750652525,265.46441855102165,97.31059173990873,260.5126946311763,95.33445166565238,253.36574506310106,103.01423751598222,270.91649712619716
0.84,109.48039825557953,279.4204689807952,105.78767047823689,277.8769383275706,105.66182652229581,272.2477059276384,102.38584986386184,270.3763878263485,102.17803118396124,265.324036217907,97.27412342087379,260.3740714662461,95.29814913431149,253.21817651081594,102.9821804858378,270.7800774033323
0.85,109.45118370415021,279.2929951167735,105.75903532297203,277.74875634556577,105.62965124054665,272.1137808038039,102.35437013492798,270.24153150288464,102.1428900668643,265.18555957537257,97.23796747916526,260.237870513446,95.2621564424947,253.07211554810243,102.95040566545194,270.64497547328386
0.86,109.4222306710127,279.1668765714206,105.7306591183086,277.6214703986445,105.5984713267458,271.98208281677006,102.32344992971655,270.1077438874513,102.10850086144123,265.04884271173336,97.20211966479398,260.1028091176718,95.22646936739498,252.9279995951539,102.91890916726496,270.51198616401
0.87,109.3935355374939,279.04252113871445,105.70253824593414,277.49634811337,105.56768544650636,271.8515115016732,102.29280227368913,269.9760759691719,102.07487919997405,264.91368924414803,97.166575809796,259.96987566725124,95.19108376826439,252.78578915893553,102.88768717848265,270.38005796284716
0.88,109.36534997080312,278.9194603150214,105.6746691571777,277.372073922679,105.53716804736537,271.722974669367,102.26242342209268,269.84557548041863,102.04154372499642,264.78048240696796,97.1313318261348,259.8382241173507,95.1559955842936,252.6450507645557,102.85721587420184,270.2503536264534
0.89,109.33788779442722,278.79807974608576,105.64704837127852,277.2499179343375,105.50691548313998,271.5956096525883,102.23230970171512,269.71700743427925,102.00849060107784,264.64857427791634,97.09715361864482,259.70848138893354,95.1213058024654,252.50653607923,102.82734009538659,270.12156470997155
0.9,109.31066873136774,278.6780012142327,105.61980898716311,277.12855813203805,105.47692417644403,271.47015840098044,102.20245750910486,269.5896523666606,101.97571606504668,264.51872553586014,97.06343290213016,259.5800912028505,95.08775592070454,252.36916807686404,102.79772343829566,269.99496487498783
0.91,109.2836894635181,278.5594557912432,105.59337109134704,277.0092587325651,105.44719061699773,271.34585578676024,102.17286330884538,269.46411195899486,101.94321642419922,264.389986200446,97.02999579209714,259.4534636926473,95.05448733830293,252.23413038497523,102.76836240070783,269.86923140910665
0.92,109.25694673500955,278.4422855715133,105.56716725958711,276.8907748160933,105.41771135998913,271.22341588088216,102.14352363188307,269.33976393111345,101.91098805456441,264.2633471707785,96.99683852383852,259.3281898667337,95.02149631518773,252.10021058362176,102.73925354619347,269.74560946751643
0.93,109.23043735070627,278.32643943422545,105.5411943002878,276.7741682337706,105.38848302448542,271.1020354307988,102.11471201744214,269.2171801813719,101.87902739922224,264.13770133618556,96.96395740307742,259.2046033639462,94.98877918168826,251.9683501387235,102.710393502505,269.62279525201353
0.94,109.20415817474542,278.212104996778,105.51544908158706,276.6584908982297,105.35990990162998,270.9825339498641,102.0866288078926,269.09570420338054,101.8480733002446,264.0141272514876,96.93134880423032,259.0823044329607,94.95633233678319,251.83773230411418,102.68177896001654,269.5020814653033
0.95,109.17810612912058,278.09882613256553,105.48992852991712,276.5444489770312,105.33193103180831,270.86393908763756,102.05878592057356,268.9760073132663,101.81748361903323,263.8915009152505,96.89900916872398,258.9616860263469,94.92415224640246,251.70897750857222,102.65340667021054,269.3821323594643
0.96,109.15227819230681,277.98725636470243,105.46462962860794,276.43151019840485,105.30418915184285,270.7473044202384,102.03118016577945,268.85727177677813,101.78714714074637,263.77085063156716,96.86715240892696,258.8422240882742,94.89223544178206,251.58151856410265,102.62527344421014,269.2641794775154
0.97,109.12667139792629,277.87643232413745,105.43954941653205,276.3199083109139,105.2766811508695,270.63143347566063,102.00380841235985,268.740393184901,101.75706058620042,263.6511710461532,96.83619961022512,258.7245021283131,94.86097850155026,251.45579881504577,102.59810478598301,269.1470519878323
0.98,109.10189623508126,277.76754182103076,105.41468498678913,276.20964134657737,105.2494039744632,270.5175241446468,101.97666758632558,268.62426991353664,101.72722073552109,263.5333071159372,96.80550129959305,258.6077428611248,94.83045117192772,251.33135888979552,102.57117217236427,269.0317066948465
0.99,109.07737571341998,277.6593942038281,105.39003348542904,276.1003583895155,105.22235462331066,270.4044312024926,101.94975466949609,268.51014226306256,101.69762442673992,263.41650284883366,96.77505419454737,258.49284701314997,94.8001729809903,251.2086046256194,102.54446541137213,268.9173338849036
1.0,109.05306388391504,277.5527687699951,105.36583405238697,275.9926977732561,105.19553015192203,270.29299499628695,101.92306669818639,268.3967441302144,101.66826855443232,263.301291482848,96.74485507189821,258.37870092471064,94.77014072768452,251.0870471352605,102.51798156713966,268.8044708886724
1.01,109.0289580195186,277.4472297935171,105.34222436096312,275.8857328813973,105.16892766737983,270.18261155153607,101.89660076193249,268.2850636620032,101.63915006839555,263.18729233953314,96.71490076634466,258.2665209099682,94.74035126875943,250.96718984389793,102.49171775654965,268.6927869964186
1.02,109.00505544193743,277.342749840868,105.3188156130297,275.78049771389044,105.14254432812403,270.0735238413207,101.87047615220278,268.1743330272292,101.61066215530427,263.07460346924944,96.6851881691117,258.1551137085778,94.71080151739388,250.84838152445434,102.46567114800652,268.58228443482926
1.03,108.98135352051399,277.23975313095406,105.29560518493618,275.6760582235178,105.11660473449503,269.9657827147811,101.84513123278285,268.06497115058073,101.58278166955746,262.96334059341854,96.65571422662748,258.0453289317357,94.68148844186483,250.73135371767518,102.4398389602435,268.4732248728268
1.04,108.95784967113912,277.1374394851284,105.27259049985108,275.5728641680293,105.0913370015069,269.8589225630097,101.81999613561447,267.9568435012333,101.55512582944996,262.85304784857135,96.62647593923911,257.9365932711969,94.6524090642549,250.61516465260274,102.4142184611642,268.3649643148817
1.05,108.93454135519535,277.03678342444874,105.2497690266907,275.470887555454,105.06627641416979,269.75375788159147,101.7950681788589,267.84968314032096,101.527691818047,262.7444536276185,96.59821542396007,257.8290811036556,94.62360048530192,250.50089993759568,102.3888069667171,268.2584656783326
1.06,108.9114260785296,276.9369301168709,105.22713827907806,275.3696248642814,105.04142035249825,269.64927694129943,101.77034472785544,267.7440951788424,101.50047686746396,262.63656365763563,96.57022072379017,257.72295093567976,94.59577686572928,250.38734413408545,102.36390322500392,268.1526376759417
1.07,108.88850139045456,276.8381450153808,105.20469581433082,275.2700498900695,105.01676624208686,269.54635522785077,101.74582319405017,267.63917787835595,101.4734782577545,262.5304424641373,96.54244913239985,257.61759236544873,94.56817449034352,250.27563664917113,102.33956421168178,268.04833217966626
1.08,108.86600428396372,276.740688878786,105.18243923247749,275.17111392458065,104.99231155308713,269.44436960427964,101.72150103395451,267.5359123204534,101.44669331582996,262.42513788733305,96.51489787729187,257.5140028896656,94.54079060641024,250.16476238950946,102.31542281168666,267.94498714048194
1.09,108.84403911249096,276.643874682878,105.16036617530082,275.0733789318908,104.96805379921267,269.34339788617854,101.69737574813311,267.4334567477373,101.42011941440927,262.32112310749176,96.48756423390951,257.4110848358244,94.51362250902197,250.05537648726977,102.29147654890872,267.8426517338895
1.1,108.82225398650344,276.5485465645694,105.13847432540747,274.97676923396733,104.94399053677185,269.2438447128899,101.67344488021976,267.33212380837836,101.39375397099789,262.2183393087963,96.46044552455537,257.3095702023736,94.48666754001134,249.94711988213737,102.26772298991902,267.74172896713173
1.11,108.80064664784463,276.45405185684575,105.11697397900242,274.88077597555485,104.92011936372705,269.14493485555516,101.64970601596032,267.2320694433152,101.36779407118038,262.1163165056158,96.43353911734062,257.20911312978683,94.45992308689495,249.83993661577784,102.24415974302019,267.64143823385297
1.12,108.77921487696213,276.36033898404537,105.09599428827494,274.78637123889433,104.89643791877957,269.04753162645363,101.62615678228221,267.1326469156132,101.34253884791683,262.01599015805243,96.40684242516353,257.1094788043293,94.43338658184702,249.73423483740555,102.22078445732343,267.5426962620598
1.13,108.75795649206353,276.2681037216869,105.07518580392619,274.6926311062863,104.87299824702832,268.9509771129727,101.60338108592208,267.034850645356,101.31748102036448,261.91631053939676,96.38035290471653,257.01142084971355,94.40705550070194,249.62918643493836,102.1975948218505,267.44475349398147
1.14,108.73686934829504,276.17647199078925,105.05454639010429,274.59976416763453,104.85030645374502,268.8552645749884,101.58081749785319,266.9377550955404,101.29261819923222,261.8179175957896,96.35463602992375,256.9139946862745,94.38092736198455,249.52593004351638,102.17458856466031,267.3477266770684
1.15,108.71595133694194,276.0858723917682,105.03407394723631,274.5082203448276,104.82779415575293,268.76100547078863,101.55843328556742,266.84163958966286,101.26794803517576,261.72061781806354,96.32926285730389,256.81784000327326,94.35555815583498,249.42335984185974,102.15176345199897,267.2520738561442
1.16,108.69520038465035,275.9964265212042,105.01376641124104,274.41725711862745,104.80545917132409,268.667351878382,101.53622625714671,266.7468132085256,101.2434682179323,261.62395367053426,96.30408594282383,256.72273714506724,94.33054879818904,249.32203281934335,102.12911728747291,267.15701692006013
1.17,108.67461445266945,275.9075625953262,104.99362175276276,274.32739369391714,104.78329935504613,268.57486026700343,101.5141942573627,266.6525823169539,101.21917647547848,261.5289733193422,96.27910293165387,256.62824364339735,94.30573168521332,249.2218804958942,102.10713493255793,267.06324265496534
1.18,108.65419153611377,275.8198878386116,104.97363797642524,274.23855730434184,104.76131259704553,268.4834288519364,101.4923351668875,266.55966621061253,101.19507057321081,261.4346017772001,96.25431150806355,256.5353688350525,94.28110451853578,249.12237500244115,102.08543313162234,266.970404898945
1.19,108.63392966324459,275.73313843903435,104.95381312010532,274.1502812996705,104.73949682223142,268.3925816167436,101.47064690152531,266.4676338645616,101.17114831314794,261.3412152058871,96.22970939457919,256.44312503247914,94.25666503791177,249.02458136947533,102.06390068535063,266.8781425416604
1.2,108.61411743597309,275.64695028708775,104.93414525422564,274.06324205147865,104.71784998955906,268.3031203523542,101.44912741146435,266.37617644113493,101.14740753315388,261.24908932734616,96.2052943511638,256.3517325352708,94.23241102040123,248.9273901889649,102.04253556287637,266.78743373022843
1.21,108.59469134041356,275.56201882560265,104.91463248106571,273.9770254698543,104.69637009131266,268.21442420672054,101.4277746805484,266.28627461582334,101.12387728894187,261.15755082720443,96.181064174419,256.2616810094223,94.20834027956798,248.8312999495778,102.02133576668112,266.6973217458678
1.22,108.57541755810202,275.47787608699224,104.89527293409081,273.8913498742152,104.6750551524067,268.1262917779208,101.40658672556735,266.19694711286655,101.10112585490889,261.0672486721319,96.15701669680793,256.172203282512,94.18445066470044,248.7363955794337,102.00029933189113,266.60795679045447
1.23,108.55629426760939,275.39427474198186,104.87606477729831,273.80696178171115,104.65390322970538,268.0396769367505,101.38556159556617,266.1083595836703,101.07854639032382,260.977884204237,96.1331497858987,256.0837602667403,94.16074006005299,248.6420731341085,101.97942432559199,266.51994125398585
1.24,108.5373196770903,275.31191180092816,104.85747227027572,273.72328018227654,104.63291241135947,267.9536266050058,101.36497007736655,266.021108348555,101.0561368911551,260.8890865586942,96.10988408341234,255.99640488973697,94.1372063841074,248.5492039729201,101.95870884616124,266.4324685185852
1.25,108.51849202367077,275.2302888785482,104.83905225692952,273.64012094036815,104.61242361818228,267.86819673870076,101.34481381482135,265.93439927616714,101.03389538547322,260.8016823458957,96.08701300499261,255.90960322709122,94.1141598056578,248.45709837092213,101.93815102261799,266.34585995630835
1.26,108.49980957285122,275.1491882957471,104.82077546052558,273.55821722128024,104.59229891711254,267.7841746183454,101.3248117158871,265.84852068427426,101.0118199327875,260.71498921269716,96.06431309300994,255.8239284436323,94.09162418313495,248.365662950229,101.9177490139893,266.2604182315064
1.27,108.4812706179247,275.0692257933904,104.80264018427661,273.47698849637396,104.57232678267525,267.7006835261318,101.30496197471237,265.76382266937935,100.98990862339976,260.62884317299773,96.0417823695602,255.73918125488876,94.06925626262858,248.27571887851798,101.8975010086925,266.1755008796312
1.28,108.46287347940955,274.9900387643541,104.78464475867001,273.39626423208114,104.55250544435641,267.61779852591536,101.28526281430719,265.67964832474,100.96815957777449,260.54415703731433,96.01941888820734,255.65496850709116,94.04705411290033,248.18632420663,101.87740522393348,266.091478958209
1.29,108.44461650449642,274.91135578108543,104.76678754090973,273.31668426516705,104.53283315966233,267.5362702427305,101.26571248595249,265.59631093965606,100.94657094592479,260.4600480096938,95.9972207333368,255.57188717327847,94.02501583340415,248.0977877831683,101.85792686406995,266.0085290382926
1.3,108.42649806650884,274.8336321754529,104.74906691437215,273.2378289450022,104.51330821355202,267.45525460123844,101.24630926862443,265.5140843237773,100.925140906814,260.3764671306048,95.97518601952517,255.48966301986206,94.00313955365506,248.01048789437795,101.83865834897941,265.92608577760353
1.31,108.40851656437715,274.75679987642786,104.73148128807537,273.1594608841113,104.4939289178839,267.3747488761056,101.22705146843307,265.43236360540044,100.90386766777196,260.29432577172827,95.95331289092587,255.4079548023814,93.98142343261371,247.92371891429357,101.81953403444135,265.84448679092145
1.32,108.39067042212552,274.6804540529394,104.71402909616184,273.0820501032205,104.47469361087605,267.2956326141444,101.2079374180751,265.3514057480392,100.88274946392622,260.21271642013414,95.93159952067026,255.3272985310911,93.95986565808671,247.8379046785259,101.80055226833996,265.76394921652803
1.33,108.37301131923294,274.60481423657296,104.69670879739353,273.0054912604146,104.45560065657976,267.2170113276736,101.18896547630003,265.27157129100857,100.86214291867184,260.13161701622914,95.91004411028388,255.24751498402046,93.93846444614202,247.7531655419091,101.78171142437286,265.6839012664836
1.34,108.35589001992179,274.5302582336982,104.67951887465966,272.9294031379128,104.43664844436613,267.1388797227532,101.17013402738951,265.1922256428251,100.84189498147786,260.0518535801214,95.888644889117,255.16822959711388,93.91721804053913,247.66893953272017,101.76300990153497,265.60456748432193
1.35,108.33889689475335,274.4561718254367,104.6624578344964,272.8540129316619,104.41783538842498,267.0619422117059,101.15144148064964,265.113491608344,100.8217940739983,259.97266214719565,95.86760738402626,255.08983631276487,93.89612471217329,247.58567676669344,101.74444612361508,265.52636525080055
1.36,108.32203048431258,274.3825500590606,104.64552420661809,272.77967611250057,104.39915992727609,266.98563679422875,101.13288626991533,265.03597253229475,100.80183855712069,259.8939631686475,95.8470914356784,255.01241357937417,93.8751827585338,247.5034174248838,101.72601853870478,265.4486362528473
1.37,108.30528935168472,274.3101114584072,104.62871654346009,272.7057941062166,104.38062052329221,266.90980431517806,101.11474655230637,264.9589258278541,100.78202681673484,259.8164171830025,95.82672364989165,254.93547192350104,93.85496956554861,247.4216541028697,101.7077256187192,265.37141583190873
1.38,108.28867208201453,274.2382092935063,104.61237029651777,272.6323622039849,104.36255587705685,266.8348909185996,101.09694768826212,264.8823465559726,100.76235726324323,259.73956453536044,95.80650238141726,254.8591857652842,93.83490669054521,247.34077813490526,101.68956585892948,265.2954743334738
1.39,108.27217728207607,274.16675576663175,104.59624120140946,272.56009484492705,104.34477108899154,266.76082541907016,101.07927898998507,264.8069877507357,100.742828331083,259.6631875225948,95.78642601004576,254.78404660585298,93.81498739734158,247.26092004442978,101.67153777750642,265.2199902975718
1.4,108.25580357985277,274.0960684413312,104.58023142217783,272.4883474904984,104.32711527878915,266.687216755413,101.06173900448054,264.7321662795157,100.72343847825962,259.58770477994966,95.76649294011678,254.7093721011447,93.79521010334912,247.18154150667283,101.65363991507505,265.14495899162387
1.41,108.23954962412733,274.02627786649424,104.5643396175265,272.41703514027904,104.30958701932391,266.61418175703125,101.04432630080129,264.6577966409649,100.70418618589157,259.5131143173464,95.7467016000408,254.63515732641994,93.77557324992844,247.10289366083384,101.63587083427987,265.07098414026257
1.42,108.22341408408145,273.95692054181166,104.54856446655484,272.3464692129183,104.29218490492677,266.54228269125736,101.02703946962069,264.58432719624994,100.68506995776586,259.43898331254996,95.72705044183238,254.5621129720002,93.75607530192246,247.02536062972788,101.61840985139278,264.9976733584263
1.43,108.20739564890474,273.88799201080076,104.5329046683644,272.2767873567404,104.27490755097409,266.47082497046785,101.00987712281629,264.5116595415124,100.66608831990416,259.3654157567629,95.70753794065448,254.48963148507949,93.73671474720078,246.9482912943654,101.60136224391185,264.92480032643107
1.44,108.19149302741297,273.8200998515624,104.51735894167454,272.20752597004537,104.25775359348596,266.39980404551784,100.99283789306287,264.43942870065166,100.64723982013908,259.29301333019373,95.68816259437368,254.4175941525485,93.7174900962149,246.87171882110493,101.58443675527666,264.8526125815559
1.45,108.1757049476751,273.75276908097914,104.50192602444712,272.1386808075029,104.2407216887338,266.3297248880577,100.97592043343528,264.3677113486621,100.62852302770035,259.22105479770653,95.66892292312592,254.3463224399036,93.69839988156419,246.7964369467951,101.56763205059853,264.78140558861327
1.46,108.16003015664894,273.68585249809246,104.4866046735198,272.0708478559635,104.22381051285726,266.26034758417165,100.95912341702046,264.29712834417774,100.61034618269987,259.1495355616349,95.6498174688925,254.27596221803387,93.67944265757195,246.72160349338736,101.55094681481722,264.7106219159621
1.47,108.14446741982528,273.6194081482475,104.47139366424808,272.0035710377623,104.20701876148976,266.19139236666894,100.94244553653859,264.22696769041437,100.5923914172847,259.07897426304254,95.63084479508593,254.20603116331392,93.66061699987173,246.64721381896481,101.53437975232538,264.64025729620874
1.48,108.12901552088003,273.554036627143,104.45629179015533,271.9366966299779,104.19034514939295,266.12287878928163,100.92588550397281,264.15722512840665,100.57456166374118,259.0091170403704,95.6123590482126,254.13652484543513,93.64192150500314,246.57385708809005,101.51792958660164,264.5709170988135
1.49,108.11396955118427,273.4890652411464,104.44129786259109,271.8702729563466,104.17378841009928,266.0555136839443,100.9094420502077,264.0883053926291,100.55685559065539,258.93968433592596,95.59416046333281,254.06808696613592,93.62340110984266,246.50118838487234,101.50159505985232,264.50215600759464
1.5,108.09913477988678,273.42448996989873,104.4264107103971,271.8049164577997,104.15734729556286,265.9885565046877,100.89311392467599,264.02014849706546,100.53927188593697,258.87072040825564,95.57608793652297,254.00019330263768,93.60548152339759,246.42894894196363,101.48537493266123,264.43380024705027
1.51,108.08440510287473,273.36046865908554,104.41162917958101,271.73994906459205,104.1410205758183,265.92200314757497,100.87689989501324,263.95239594189604,100.52180925646034,258.80289562027883,95.55814013037497,253.93271014251243,93.58768548466091,246.35733926193964,101.46926798364754,264.3659477117608
1.52,108.0697793907211,273.29737794150435,104.39695213299738,271.6753669393504,104.12481218525758,265.8560625440649,100.86117711077456,263.88504370860164,100.50446642771422,258.73548112261943,95.54031572684471,253.8657386575791,93.57001168684585,246.28676634204353,101.45327300913141,264.29914451281115
1.53,108.05525653038636,273.2346699866493,104.38237845003603,271.61131785394167,104.10914045108865,265.79103792468436,100.84561432554186,263.8187156495337,100.48724214345908,258.66847276917525,95.52261342689306,253.79981572087615,93.5524588420612,246.21660868514732,101.43738882280725,264.2327334178873
1.54,108.04083542491728,273.17234100030896,104.36809185171158,271.54819579340574,104.09357727197897,265.72640366668696,100.83015980016593,263.75288925075887,100.47013516539232,258.60212637045856,95.5050319501349,253.7342895821739,93.53502568096083,246.14686210372673,101.42161425542432,264.1667105685521
1.55,108.02651499315238,273.1105481763765,104.35409646842632,271.48544634284235,104.07812150389356,265.66215589708924,100.81481238862476,263.68745009029766,100.45314427282092,258.53666396449415,95.48757003449619,253.66915624470684,93.51771095240113,246.078067616249,101.40594815447449,264.10133877918906
1.56,108.01229416943413,273.0496456937732,104.34019912375399,271.42306587688194,104.06277201912881,265.5985879421457,100.79957096133217,263.62242307881945,100.43626826234156,258.47159417757285,95.47022643587874,253.60464351146123,93.50051342310637,246.00992536129743,101.39038938388705,264.0368101768177
1.57,107.99817190332733,272.9891094860217,104.32639877658349,271.3612036903126,104.04752770601628,265.5358099558689,100.78443440483814,263.5584610345152,100.41950594752765,258.40691309780664,95.45299992783261,253.5410103861641,93.48343187734143,245.94218085996778,101.37493851481574,263.9726572281185
1.58,107.98414715934383,272.92893596956395,104.31269440071881,271.3002276970111,104.03238746863279,265.4734056544475,100.76940162153588,263.4948736163517,100.40285615862358,258.34298083628056,95.43588930123576,253.4777570314119,93.46646511659215,245.87483210842996,101.36000221022238,263.9088762873259
1.59,107.97021891667326,272.8691863369086,104.29908498460864,271.239608639068,104.01735022651712,265.4113713798707,100.75447152937527,263.4316571855334,100.38631774224542,258.2797861433783,95.41889336398081,253.4148796754273,93.44961195925261,245.80864090038853,101.34516779299706,263.84579302781333
1.6,107.95638616891966,272.81038359088063,104.2855695310818,271.1793430887614,104.00241491439279,265.3499849631895,100.73964306158271,263.36887639667407,100.37002885037549,258.2169672924901,95.4020109406689,253.35262940400446,93.4328712403195,245.7428345944519,101.33043420567277,263.7834502002942
1.61,107.9426479238439,272.7519314622721,104.27214705708866,271.1194887365242,103.98758048189703,265.28936379854656,100.7249151663871,263.3070813193542,100.35415506497016,258.1545205896149,95.38524087231015,253.29119458296304,93.41624181109339,245.6774094025317,101.3158004056484,263.7214673859363
1.62,107.92900320311156,272.6938265640093,104.25881659344803,271.06057421900994,103.97284589331552,265.22910047570826,100.71028680675184,263.24564521839204,100.33838708267568,258.09280837329294,95.36875803629502,253.2301233637518,93.39972253888632,245.61250663677103,101.30126536492304,263.65984113715007
1.63,107.91545104204648,272.63606555619623,104.24557718459968,271.0020017334328,103.958210127323,265.1691915370536,100.6957569601126,263.1845646527695,100.3227238281669,258.0317908130358,95.35266367580886,253.16941218395385,93.38331230673617,245.5485765982048,101.28682806983628,263.5988627823654
1.64,107.90199048938942,272.57915618783784,104.23242788836221,270.9437680365871,103.94367217672936,265.1098045056697,100.68132461812087,263.1238490578698,100.30716424095992,257.9711331565177,95.33667607098396,253.1092371119579,93.36723572792158,245.48501542933022,101.2724875208139,263.53862063995354
1.65,107.888620607062,272.5227043479788,104.21936777569611,270.88586992989974,103.92923104823134,265.05125427006135,100.66698878639298,263.06413622694237,100.2917072751511,257.9108319127422,95.32079414084028,253.04991301414702,93.35149840256267,245.4218195501086,101.25824273211933,263.4787236310151
1.66,107.87534046993565,272.46658504496503,104.20639593047191,270.82881680493256,103.9148857621694,264.9930468163245,100.65274848426458,263.0047674868477,100.27635189916157,257.8511546965695,95.30501681928018,252.9909371551708,93.3358646612217,245.3591692985716,101.24409273161025,263.41916849289953
1.67,107.86248633202936,272.4107951191427,104.19351144924339,270.77221064157413,103.90063535228992,264.9351788738894,100.63860274455035,262.94573958118605,100.26109709548727,257.7922275780124,95.2893430548269,252.93230616772118,93.3203334618664,245.2974125633654,101.2300365605005,263.36011979161054
1.68,107.84972720585306,272.3555481232556,104.18071344102546,270.7159292615905,103.88647886551229,264.8776472174057,100.62456261505315,262.8870492984995,100.24594186045441,257.7336452128612,95.27377181036877,252.87402780750986,93.30490377673527,245.2360094451537,101.21607327312702,263.3018967801416
1.69,107.83705329121048,272.30101640499646,104.168001027077,270.6599696358416,103.87248450457096,264.82105623231973,100.61097624651893,262.82920474176643,100.23088520397991,257.6754042995248,95.2583020629089,252.81673061860698,93.28957459208807,245.1749565577621,101.20220193672189,263.2440047383616
1.7,107.82446372674181,272.2468032527067,104.155373340688,270.6045555598791,103.85888713081899,264.76482313902017,100.59747970391349,262.7718229116447,100.21592614933721,257.617585828822,95.24293280332006,252.75976706255477,93.27434490796125,245.11437399293715,101.18842163118899,263.1864405764418
1.71,107.81195766281371,272.1929056753225,104.14282952697148,270.5498388606506,103.84537898869725,264.7089154088634,100.58407208578677,262.7147679221497,100.20106373292668,257.5606661716791,95.22766303610504,252.70313395412603,93.25921373792899,245.0547062860763,101.17473144888554,263.12920124662304
1.72,107.79953426131758,272.13932072197656,104.13036874265961,270.4954336118937,103.83195918961671,264.6533299882274,100.57075250291044,262.65803673131893,100.1862970040512,257.50407685883437,95.21249177916185,252.64682815234858,93.24418010886912,244.99537767655306,101.16113049440814,263.0728723729244
1.73,107.78719269547209,272.0864748722421,104.118173406385,270.44133694309227,103.81862685693959,264.5983636500239,100.55752007806781,262.6018843013315,100.17162502469613,257.44781476564634,95.19741806355394,252.591231821467,93.22924306073398,244.9363849591126,101.14761788438335,263.01690780969176
1.74,107.77493214962973,272.03409190790586,104.10619799027523,270.3875460218364,103.80538112577565,264.54402691744315,100.5443739458482,262.5464122956677,100.15704686931403,257.3918768102904,95.18244093328526,252.53620102487818,93.21440164632628,244.87772497313765,101.13419274726262,262.9612577987384
1.75,107.76275181908754,271.98201138637944,104.09430143895669,270.33450762809275,103.79222114278278,264.4900020828335,100.5313132524456,262.4912538033666,100.14256162461385,257.33669566851665,95.1675594450801,252.48148695237998,93.19965493107951,244.82003418922832,101.12096556825547,262.9059194511762
1.76,107.75065090990147,271.9302305119772,104.08248296679054,270.28190553254973,103.77914606597159,264.43628625332184,100.51833715546144,262.4364059411462,100.12816838935436,257.28202065357425,95.15277266816727,252.42708663010924,93.18500199284304,244.76269995806405,101.10806906985005,262.8511589732695
1.77,107.73862863870485,271.87874652586856,104.07074179867095,270.2295994671545,103.76615506451404,264.3828765746203,100.50544482371154,262.3818658640872,100.11417065487237,257.22765931284727,95.13807968406908,252.37301970423857,93.1704419216716,244.70568795858213,101.09525570688686,262.7970475913057
1.78,107.72668423253037,271.82807980122027,104.05907716984684,270.1775867456567,103.75324731855615,264.33027392701894,100.49263543703697,262.32815407558843,100.10034782354536,257.173608727128,95.12352139123776,252.3198454979103,93.1559738196193,244.64899519618464,101.0825246661519,262.7432380601128
1.79,107.7148169286358,271.77774426598495,104.04748832574722,270.12586471678264,103.74042201903426,264.27805793360085,100.47990818611875,262.27481882854784,100.0866124867747,257.1199237067068,95.10941252899515,252.26697495220898,93.14159680053771,244.5929909978998,101.06987514517378,262.6897276396852
1.8,107.70302597433317,271.7276960237927,104.03597452181016,270.07498636288557,103.72767836749529,264.2261382751309,100.46726227229648,262.2217816620282,100.07296380255676,257.0670875824974,95.09539286584734,252.21440524967244,93.12730998987827,244.53757425896828,101.05730635204407,262.6365136260042
1.81,107.69131062682153,271.6779324589006,104.02453502331518,270.0244015653174,103.71501557592052,264.1745122454092,100.45469690739051,262.16903987731035,100.05940093985569,257.0145522348763,95.08146154348889,252.1621336105845,93.11344942370059,244.48246673125567,101.04481750524101,262.58405580057365
1.82,107.67967015302294,271.62845098941443,104.0131691052191,269.9740982889645,103.7024328665529,264.12319744830444,100.4422113135278,262.1166836262415,100.04592307842191,256.96231489697345,95.06761771480627,252.11032475906495,93.09974087292322,244.4276655755815,101.03240783345701,262.53201609900765
1.83,107.66810382942184,271.5797534906225,104.00187605199518,269.9240740174644,103.68992947172791,264.072719375119,100.42980472297127,262.06510140080564,100.03252940861427,256.91037283851335,95.05386054369234,252.05922541190893,93.08611809297942,244.37318903796682,101.02007657542956,262.4802635378919
1.84,107.65661094190766,271.53136951304464,103.9906551574755,269.8743336599253,103.67750463370777,264.0225255659632,100.41747637795258,262.0138052913432,100.01921913122585,256.8589063445861,95.04018920486448,252.00841461378278,93.07258026638974,244.3196160204486,101.00782297977544,262.4287955505431
1.85,107.64519078562051,271.48325858142465,103.97950572469654,269.8254036943492,103.66515760451897,263.97261345359516,100.40522553050836,261.96279273635395,100.00599145731327,256.80812536892836,95.02660288368642,251.95788972901522,93.05912658624288,244.2663397980992,100.99564630482853,262.37760960334305
1.86,107.63384266479997,271.43541824601783,103.96842706574775,269.7767439768074,103.65288764579303,263.9229805038828,100.39305144231948,261.91206120727287,99.99284560802927,256.7576302599727,95.01310077599369,251.90764815656263,93.04575625602185,244.2133576774072,100.98354581848054,262.32724285866834
1.87,107.62262990697363,271.38784608821595,103.95741850162327,269.7283521177112,103.64069402861043,263.8736395183778,100.38095338455383,261.8617560783847,99.97978081445879,256.7074184279082,94.99968208792247,251.85788275649358,93.03246848943347,244.16066700042316,100.97152079802511,262.2771809493374
1.88,107.61171871777998,271.34091953126966,103.9464793620765,269.68022575758954,103.6285760333476,263.825104198983,100.36909327995063,261.8121342559255,99.96679631745818,256.65748731653105,94.98634603574195,251.8087621464087,93.01926251024143,244.10845754357248,100.959570530005,262.22739232336676
1.89,107.6008760201543,271.29439632686564,103.93560898547759,269.6323625665855,103.6167601667413,263.7768392025704,100.35746561253971,261.76278470568377,99.95389136749756,256.6080273972192,94.97309184568998,251.75991586981183,93.00613755210263,244.05694241037423,100.9476943100622,262.1778745740446
1.9,107.59010116457414,271.2481327597886,103.92480671867368,269.58520245319824,103.60511282021271,263.7288421234039,100.34591025834204,261.7137050259128,99.94106522450647,256.55920647420794,94.95991875381193,251.71134145856158,92.99309285840675,244.005709671029,100.93589144279106,262.1286253250902
1.91,107.57939350979524,271.20212653366184,103.91407191685197,269.5383803599122,103.59353740739445,263.68111058621724,100.33442653635288,261.66489284518354,99.92831715772225,256.5106573864251,94.94682600580285,251.6630364763376,92.98012768211903,243.9547568019624,100.92416124159429,262.0801491409414
1.92,107.56875242271867,271.1563753807929,103.90340394340542,269.4918132492295,103.5820332557024,263.63364224570216,100.32301377420892,261.61644139028124,99.91564644554161,256.4623777074036,94.93381285685257,251.61511143259392,92.96724128562612,243.90408131227164,100.91250302854176,262.0319759193778
1.93,107.55817727826032,271.1110326301008,103.89280216980106,269.4454989067898,103.57059970102414,263.5868642583092,100.31167130804971,261.56869133359226,99.90305237537505,256.41436504159043,94.92087857149393,251.5678784556811,92.95443294058502,243.85392594394912,100.90091613423212,261.9840629173714
1.94,107.54766745922295,271.0662842176799,103.88226597545089,269.3994351455446,103.55923608758398,263.5404395694133,100.30039848238167,261.52120050058386,99.89053424350398,256.3667112580387,94.908022423454,251.52090642853426,92.94170192777491,243.80437572969188,100.88939989765694,261.93640787610195
1.95,107.53722235617089,271.02178281381026,103.87187879111356,269.35385468840286,103.54794176781083,263.4942698165743,100.28919464994487,261.473966637219,99.8780913549407,256.31976026002957,94.89524369550807,251.4741930376587,92.92904753695193,243.75509433687932,100.87795366606774,261.88900856480006
1.96,107.5268413673069,270.97752626401586,103.86174499108289,269.30878725528476,103.53671610220842,263.4483527714269,100.27805917158234,261.4269875174121,99.86597730254353,256.27306788200247,94.88254167933661,251.42773599884842,92.91646906670668,243.7060793987894,100.86680377452683,261.8422330741867
1.97,107.5165238983516,270.9335124402829,103.85167357358067,269.26396266171514,103.52555845922802,263.4026862332261,100.26699141611181,261.38026094256844,99.85402021278507,256.2266318484218,94.8700558849576,251.38153305669377,92.90396582432464,243.6573285787668,100.85580066318698,261.7958639413475
1.98,107.50626936242504,270.88973924063265,103.84166395878759,269.21937882774273,103.51446821514382,263.35746538371455,100.25599076020005,261.33424043766695,99.8421347478777,256.1804499122327,94.8578516282427,251.33602759173357,92.89153712564918,243.60902545133388,100.84486416911152,261.7497427029797
1.99,107.49607717993074,270.84652191090333,103.83171557412228,269.1750336986397,103.50344475393034,263.31279707593706,100.24505658823955,261.28852493439643,99.8303202571592,256.1345198543884,94.84572039872886,251.29084421344868,92.87918229494716,243.5613518683533,100.83399368172239,261.7038672371965
2.0,107.4859467784416,270.80370190483507,103.82182785412759,269.1309252444982,103.49248746714241,263.26837146640713,100.23418829222754,261.2430542295109,99.81857609794541,256.0892463444505,94.83366153313871,251.24590700409124,92.86713084121526,243.5139343054698,100.82318859797948,261.6582354480059
