R_lo,R_mid,R_hi,R_hi_over_lo,N_lo,N_mid,dRdE_248,pct_248_in_1_300,node1,node2,peak_accepted,f248_over_fpeak,onset,halo,delta,r,rho_hi,rho_lo,rho_248,ratio_enh
6466423480903.935,2339470054816.412,224581736601.9662,0.034730440600616544,28.793184961271344,10.417009371348545,2672705791.127863,0.9951490457353513,nan,nan,9.5,0.008923927087146703,0.5,annual,0.0,-2.0,3.573863149400408,3.696293857212802,3.596778784931603,0.9668774419616318
6336037006658.405,2292475061493.1094,220030326788.35315,0.034726805818389,28.79619868379794,10.41890495258064,2618572210.0350823,0.9951493509764285,nan,nan,9.5,0.008923287932562179,0.5,annual,0.0,-1.98,3.5014346605268,3.6217632105206037,3.5239288226674352,0.9667762515107917
6206978584494.896,2245957486160.466,215525536194.8537,0.034723099695113974,28.799272207276875,10.420841659013094,2564992581.0269117,0.9951496627588092,nan,nan,9.5,0.008922635945128961,0.5,annual,0.0,-1.96,3.4297480428103873,3.5479916961010334,3.4518243383052525,0.966673074962214
6079248214413.411,2199917328818.4824,211067364821.4677,0.03471932011610315,28.80240732410513,10.422820840537296,2511966904.103352,0.9951499812946928,nan,nan,9.5,0.008921970734837897,0.5,annual,0.0,-1.94,3.358803296251167,3.474979313954092,3.3804653318450564,0.9665678534440738
5952845896413.944,2154354589467.1592,206655812668.19528,0.03471546488255086,28.805605898788727,10.424843906646709,2459495179.264403,0.9951503068055406,nan,nan,9.5,0.00892129189573169,0.5,annual,0.0,-1.92,3.2886004208491415,3.4027260640797774,3.309851803286846,0.9664605257427622
5827771630496.501,2109269268106.4958,202290879735.03638,0.03471153170732637,28.808869871591856,10.42691232975628,2407577406.510064,0.9951506395225845,nan,nan,9.5,0.008920599005082318,0.5,annual,0.0,-1.9,3.21913941660431,3.3312319464780917,3.239983752630622,0.9663510281857465
5704025416661.077,2064661364736.4922,197972566021.99097,0.034707518210512586,28.812201262408596,10.429027648745775,2356213585.8403363,0.9951509796873822,nan,nan,9.5,0.008919891622517025,0.5,annual,0.0,-1.88,3.150420283516672,3.2604969611490335,3.170861179876384,0.9662392945173702
5581607254907.676,2020530879357.1494,193700871529.05914,0.0347034219146727,28.81560217487364,10.431191472744757,2305403717.2552195,0.9951513275523861,nan,nan,9.5,0.008919169289089174,0.5,annual,0.0,-1.86,3.0824430215862284,3.1905211080926037,3.102484085024133,0.9661252557670781
5460517145236.294,1976877811968.4653,189475796256.24072,0.03469924023982558,28.819074800729027,10.433405485178708,2255147800.754712,0.9951516833815702,nan,nan,9.5,0.008918431526289837,0.5,annual,0.0,-1.84,3.0152076308129767,3.121304387308801,3.034852468073866,0.9660088401095347
5340755087646.934,1933702162570.4424,185297340203.53595,0.03469497049810901,28.82262142446564,10.435671448097464,2205445836.3388157,0.9951520474510926,nan,nan,9.5,0.0089176778349957,0.5,annual,0.0,-1.82,2.9487141111969213,3.0528467987976264,2.967966329025586,0.9658899727160505
5222321082139.593,1891003931163.078,181165503370.94458,0.034690609888107606,28.82624442825991,10.437991206809178,2156297824.0075293,0.995152420050008,nan,nan,9.5,0.008916907694348391,0.5,annual,0.0,-1.8,2.8829624627380577,2.985148342559079,2.9018256678792915,0.9657685755966751
5105215128714.276,1848783117746.3745,177080285758.4668,0.03468615548882141,28.82994629722738,10.44036669484524,2107703763.7608547,0.9951528014810231,nan,nan,9.5,0.008916120560560044,0.5,annual,0.0,-1.78,2.8179526854363885,2.9182090185931613,2.836430484634984,0.9656445674322859
4989437227370.978,1807039722320.3303,173041687366.10248,0.03468160425324786,28.833729625017337,10.442799939283969,2059663655.5987892,0.9951531920613124,nan,nan,9.5,0.008915315865639315,0.5,annual,0.0,-1.76,2.753684779291913,2.8520288268998693,2.771780779292661,0.9655178633959126
4874987378109.701,1765773744884.9473,169049708193.85175,0.0346769530015484,28.837597119774276,10.445293066463675,2012177499.5213354,0.995153592123398,nan,nan,9.5,0.00891449301603167,0.5,annual,0.0,-1.74,2.690158744304632,2.7866077674792065,2.707876551852326,0.9653883749625002
4761865580930.446,1724985185440.2227,165104348241.71445,0.03467219841376829,28.841551610494392,10.447848308118614,1965245295.528491,0.9951540020160773,nan,nan,9.5,0.008913651391167088,0.5,annual,0.0,-1.72,2.627374580474543,2.7219458403311716,2.644717802313975,0.9652560097062319
4650071835833.213,1684674043986.1592,161205607509.69077,0.034667337022075376,28.845596053807725,10.450468007974761,1918867043.6202583,0.9951544221054376,nan,nan,9.5,0.008912790341907811,0.5,annual,0.0,-1.7,2.56533228780165,2.6580430454557646,2.5823045306776113,0.96512067108446
4539606142817.998,1644840320522.7546,157353485997.78052,0.034662365202480325,28.849733541219607,10.453154628846006,1873042743.7966354,0.9951548527759319,nan,nan,9.5,0.008911909188887996,0.5,annual,0.0,-1.68,2.504031866285949,2.5948993828529847,2.5206367369432328,0.9649822582072023
4430468501884.807,1605484015050.011,153547983705.98386,0.03465727916599826,28.853967306847473,10.455910760275547,1827772396.0576239,0.9951552944315484,nan,nan,9.5,0.008911007220736419,0.5,annual,0.0,-1.66,2.4434733159274433,2.5325148525228336,2.4597144211108417,0.9648406655910864
4322658913033.6343,1566605127567.9265,149789100634.30063,0.03465207494920734,28.858300735693025,10.458739126771853,1783056000.4032216,0.9951557474970646,nan,nan,9.5,0.008910083692172529,0.5,annual,0.0,-1.64,2.38365663672613,2.4708894544653095,2.3995375831804346,0.9646957828965049
4216177376264.4863,1528203658076.503,146076836782.73108,0.03464674840415621,28.86273737249296,10.461642596693771,1738893556.8334317,0.9951562124193959,nan,nan,9.5,0.008909137821965216,0.5,annual,0.0,-1.62,2.3245818286820126,2.410023188680415,2.340106223152016,0.9645474946466448
4111023891577.358,1490279606575.7388,142411192151.27493,0.03464129518756779,28.867280931195786,10.464624191845143,1695285065.3482509,0.9951566896690551,nan,nan,9.5,0.008908168790742597,0.5,annual,0.0,-1.6,2.266248891795087,2.3499160551681477,2.2814203410255813,0.9643956799269267
4007198458972.2495,1452832973065.6345,138792166739.9323,0.03463571074928223,28.87193530511637,10.46768709784567,1652230525.947681,0.9951571797417302,nan,nan,9.5,0.008907175738640086,0.5,annual,0.0,-1.58,2.2086578260653558,2.290568053928508,2.2234799368011333,0.9642402120632613
3904701078449.162,1415863757546.19,135219760548.70322,0.034629990319875834,28.876704577825176,10.47083467535225,1609729938.6317217,0.9951576831599832,nan,nan,9.5,0.008906157762772567,0.5,annual,0.0,-1.56,2.1518086314928184,2.2319791849614954,2.1662850104786715,0.9640809582773684
3803531750008.0967,1379371960017.4058,131693973577.58763,0.034624128897387876,28.881593034834218,10.47407047221297,1567783303.4003727,0.9951582004750983,nan,nan,9.5,0.008905113914515253,0.5,annual,0.0,-1.54,2.0957013080774747,2.1741494482671118,2.109835562058195,0.9639177793172572
3703690473649.051,1343357580479.2812,128214805826.58559,0.0346181212330798,28.886605176147945,10.477398236645252,1526390620.253635,0.9951587322690703,nan,nan,9.5,0.008904043196576146,0.5,annual,0.0,-1.52,2.040335855819325,2.117078843845355,2.0541315915397056,0.9637505290607702
3605177249372.0273,1307820618931.8164,124782257295.69702,0.03461196181614438,28.891745729754064,10.480821931540063,1485551889.1915069,0.9951592791567747,nan,nan,9.5,0.008902944559841227,0.5,annual,0.0,-1.5,1.9857122747183686,2.0607673716962274,1.999173098923201,0.9635790540898944
3507992077177.025,1272761075375.012,121396327984.92203,0.034605644857274846,28.897019666136305,10.484345750005673,1445267110.2139897,0.9951598417883147,nan,nan,9.5,0.008901816899971639,0.5,annual,0.0,-1.48,1.9318305647746068,2.005215031819727,1.9449600842086832,0.9634031932333338
3412134957064.0435,1238178949808.8674,118057017894.26053,0.03459916427099419,28.902432213899992,10.487974132277849,1405536283.321083,0.9951604208515796,nan,nan,9.5,0.008900659053729823,0.5,annual,0.0,-1.46,1.8786907259880383,1.950421824215855,1.891492547396151,0.9632227770745666
3317605889033.0825,1204074242233.3828,114764327023.71255,0.03459251365663589,28.907988876609718,10.491711784138268,1366359408.5127869,0.995161017075015,nan,nan,9.5,0.008899469795009197,0.5,annual,0.0,-1.44,1.8262927583586637,1.8963877488846106,1.8387704884856049,0.963037627422359
3224404873084.1436,1170446952648.558,111518255373.2781,0.034585686277855944,28.91369545094921,10.495563697000048,1327736485.7891014,0.9951616312306568,nan,nan,9.5,0.008898247830539151,0.5,annual,0.0,-1.42,1.774636661886483,1.8431128058259945,1.786793907477045,0.9628475567403896
3132531909217.225,1137297081054.3933,108318802942.95715,0.03457867504054395,28.919558046324415,10.49953516983858,1289667515.1500263,0.9951622641374308,nan,nan,9.5,0.00889699179523402,0.5,annual,0.0,-1.4,1.7237224365714956,1.7905969950400058,1.7355628043704707,0.9626523675323067
3041986997432.327,1104624627450.8882,105165969732.74973,0.03457147246898753,28.925583106043685,10.50363183316796,1252152496.595562,0.9951629166647554,nan,nan,9.5,0.008895700247151311,0.5,annual,0.0,-1.38,1.6735500824137024,1.7388403165266448,1.685077179165883,0.9624518516781572
2952770137729.452,1072429591838.0438,102059755742.65585,0.03456407068012928,28.931777430223093,10.507859675288465,1215191430.1257086,0.995163589736489,nan,nan,9.5,0.008894371662020383,0.5,annual,0.0,-1.36,1.6241195994131032,1.687842770285913,1.6353370318632816,0.9622457897177145
2864881330108.5957,1040711974215.8586,99000160972.67545,0.034556461355738866,28.93814820058038,10.512225071059232,1178784315.7404647,0.9951642843352411,nan,nan,9.5,0.008893004427298479,0.5,annual,0.0,-1.34,1.5754309875696972,1.6376043563178075,1.586342362462665,0.9620339500757628
2778320574569.763,1009471774584.334,95987185422.80864,0.03454863571230355,28.944703007299285,10.516734813483358,1142931153.4398324,0.9951650015071095,nan,nan,9.5,0.008891596835705926,0.5,annual,0.0,-1.32,1.5274842468834862,1.5881250746223317,1.5380931709640355,0.9618160882238659
2693087871112.948,978708992943.4684,93020829093.05525,0.0345405844684204,28.951449878165068,10.52139614843034,1107631943.2238097,0.9951657423668756,nan,nan,9.5,0.008890147078186666,0.5,annual,0.0,-1.3,1.4802793773544676,1.5394049251994817,1.490589457367391,0.9615919457725832
2609183219738.1567,948423629293.2637,90101091983.41547,0.034532297809449164,28.958397310194844,10.526216812864334,1072886685.0923985,0.995166508103718,nan,nan,9.5,0.008888653236233904,0.5,annual,0.0,-1.28,1.4338163789826437,1.491443908049261,1.4438312216727338,0.9613612494874236
2526606620445.385,918615683633.7183,87227974093.88913,0.03452376534915941,28.96555430401071,10.531205076996889,1038695379.0455968,0.9951672999875087,nan,nan,9.5,0.00888711327351326,0.5,annual,0.0,-1.26,1.3880952517680127,1.4442420231716673,1.397818463880061,0.9611237102211222
2445358073234.6353,889285155964.8331,84401475424.47636,0.03451497608807572,28.972930401231864,10.53636979084066,1005058025.0834067,0.9951681193757487,nan,nan,9.5,0.00888552502670767,0.5,annual,0.0,-1.24,1.3431159957105765,1.3977992705667022,1.3525511839893758,0.9608790217539919
2365437578105.9053,860432046286.6077,81621595975.17706,0.03450591836819238,28.98053572519321,10.541720435707777,971974623.2058263,0.9951689677212414,nan,nan,9.5,0.008883886195498592,0.5,annual,0.0,-1.22,1.298878610810333,1.3521156502343643,1.3080293820006752,0.9606268595332035
2286845135059.198,832056354599.0426,78888335745.99133,0.034496579823691996,28.98838102533305,10.5472671812743,939445173.412857,0.9951698465805741,nan,nan,9.5,0.008882194331587564,0.5,annual,0.0,-1.2,1.2553830970672841,1.3071911621746555,1.2642530579139617,0.9603668793008185
2209580744094.5103,804158080902.1368,76201694736.91908,0.034486947327261694,28.996477725632353,10.553020948922924,907469675.7044978,0.9951707576235237,nan,nan,9.5,0.008880446826649537,0.5,annual,0.0,-1.18,1.2126294544814284,1.2630258063875732,1.2212222117292335,0.9600987155992596
2133644405211.8452,776737225195.8916,73561672947.9604,0.034477006931554095,29.00483797753275,10.558993482181643,876048130.0807495,0.9951717026434985,nan,nan,9.5,0.008878640899095448,0.5,annual,0.0,-1.16,1.1706176830527675,1.21961958287312,1.1789368434464917,0.9598219801416139
2059036118411.2,749793787480.3057,70968270379.11517,0.03446674380528882,29.013474717810528,10.565197425199727,845180536.5416114,0.9951726835691598,nan,nan,9.5,0.008876773579505141,0.5,annual,0.0,-1.14,1.129347782781299,1.176972491631294,1.1373969530657355,0.9595362600327328
1985755883692.577,723327767755.3807,68421487030.38355,0.03445614216343229,29.02240173194092,10.57164641034733,814866895.0870847,0.9951737024773701,nan,nan,9.5,0.008874841694573091,0.5,annual,0.0,-1.12,1.0888197536670259,1.1350845326620966,1.0966025405869664,0.9592411158254734
1913803701055.974,697339166021.115,65921322901.7654,0.03444518519082818,29.0316337235508,10.578355156195446,785107205.7171677,0.9951747616076424,nan,nan,9.5,0.008872841849387848,0.5,annual,0.0,-1.1,1.049033595709946,1.0939557059655267,1.0565536060101823,0.9589360793946107
1843179570501.3928,671827982277.5093,63467777993.26076,0.034433854958578924,29.041186390629722,10.585339577333974,755901468.4318615,0.9951758633783372,nan,nan,9.5,0.008870770407841181,0.5,annual,0.0,-1.08,1.0099893089100593,1.053586011541585,1.0172501493353845,0.9586206516089407
1773883492028.8315,646794216524.5635,61060852304.86966,0.03442213233239628,29.0510765092508,10.592616907723396,727249683.2311658,0.9951770104047934,nan,nan,9.5,0.008868623470934141,0.5,annual,0.0,-1.06,0.9716868932673669,1.0139754493902706,0.9786921705625725,0.9582942997798094
1705915465638.2922,622237868762.2778,58700545836.59206,0.034409996872048064,29.061322025644245,10.600205839557875,699151850.1150806,0.9951782055197228,nan,nan,9.5,0.008866396852713728,0.5,annual,0.0,-1.04,0.9341263487818681,0.9751240195115845,0.9408796696917465,0.9579564548617607
1639275491329.774,598158938990.6519,56386858588.427986,0.03439742672092729,29.071942157568515,10.608126679953212,671607969.083606,0.9951794517961795,nan,nan,9.5,0.008864086053535168,0.5,annual,0.0,-1.02,0.8973076754535632,0.9370317219055263,0.9038126467229067,0.9576065083781994
1573963569103.2766,574557427209.686,54119790560.377426,0.03438439848465535,29.08295750604065,10.616401528174707,644618040.136742,0.995180752573486,nan,nan,9.5,0.008861686230299206,0.5,annual,0.0,-1.0,0.8612308732824518,0.8996985565720961,0.8674911016560529,0.9572438090417658
1509979698958.7996,551433333419.38,51899341752.4404,0.03437088709750693,29.094390178615274,10.625054476600383,618182063.2744884,0.9951821114865789,nan,nan,9.5,0.008859192163261205,0.5,annual,0.0,-0.98,0.8258959422685347,0.8631245235112932,0.831915034491185,0.9568676590356762
1447323880896.3445,528786657619.734,49725512164.616875,0.03435686567530503,29.106263925547157,10.634111839193928,592300038.4968455,0.9951835324993167,nan,nan,9.5,0.008856598218946627,0.5,annual,0.0,-0.96,0.791302882411811,0.8273096227231189,0.7970844452283031,0.956477309918395
1385996114915.91,506617399810.74786,47598301796.90688,0.03434230535328357,29.118604290331575,10.643602411959785,566971965.8038131,0.9951850199423505,nan,nan,9.5,0.008853898308634962,0.5,annual,0.0,-0.94,0.7574516937122813,0.7922538542075721,0.7629993338674073,0.9560719581098149
1325996401017.497,484925559992.4218,45517710649.31041,0.03432717510724962,29.131438776295,10.65355777069971,542197845.1953913,0.9951865785563566,nan,nan,9.5,0.008851085841788382,0.5,annual,0.0,-0.92,0.7243423761699453,0.7579572179646537,0.7296597004084976,0.9556507399125054
1267324739201.1047,463711138164.7556,43483738721.82745,0.03431144155620185,29.144797031101376,10.664012612420269,517977676.67157996,0.99518821354148,nan,nan,9.5,0.00884815367370073,0.5,annual,0.0,-0.9,0.6919749297848032,0.7244197139943628,0.6970655448515737,0.9552127260167135
1209981129466.7334,442974134327.7494,41496386014.458015,0.03429506874437491,29.158711051250496,10.67500514800036,494311460.23237914,0.9951899306140832,nan,nan,9.5,0.008845094046522978,0.5,annual,0.0,-0.88,0.6603493545568548,0.6916413422966997,0.6652168671966359,0.9547569154325924
1153965571814.3833,422714548481.4031,39555652527.20209,0.034278017900489545,29.17321540886757,10.686577555273695,471199195.8777889,0.995191736072077,nan,nan,9.5,0.008841898522679971,0.5,annual,0.0,-0.86,0.6294656504861001,0.6596221028716648,0.634113667443684,0.954282228787849
1099278066244.0541,402932380625.7167,37661538260.05968,0.03426024717180005,29.18834750331603,10.698776503588258,448640883.6078092,0.9951936368703777,nan,nan,9.5,0.00883855790952528,0.5,annual,0.0,-0.84,0.5993238175725392,0.6283619957192575,0.6037559455927182,0.9537875009237634
1045918612755.7462,383627630760.6903,35814043213.0308,0.03424171133035804,29.20414784039778,10.711653763267615,426636523.42244005,0.9951956407083593,nan,nan,9.5,0.008835062173880899,0.5,annual,0.0,-0.82,0.5699238558161722,0.5978610208394785,0.5741437016437383,0.9532714727177252
993887211349.4596,364800298886.3239,34013167386.11545,0.03422236144877421,29.22066034212313,10.725266916342504,405186115.3216816,0.9951977561315822,nan,nan,9.5,0.008831400344869704,0.5,annual,0.0,-0.8,0.5412657652169993,0.5681191782323274,0.5452769355967447,0.952732782056608
943183862025.1936,346450385002.6174,32258910779.313606,0.034202144542685074,29.23793269021411,10.73968018860645,384289659.3055335,0.9951999926505748,nan,nan,9.5,0.008827560403162772,0.5,annual,0.0,-0.78,0.5133495457750198,0.539136467897804,0.5171556474517369,0.9521699538832304
893808564782.9485,328577889109.5708,30551273392.62528,0.03418100317716727,29.256016706613067,10.754965427689363,363947155.373996,0.995202360880072,nan,nan,9.5,0.008823529154421058,0.5,annual,0.0,-0.76,0.48617519749023413,0.5109128898359084,0.4897798372087151,0.9515813892391336
845761319622.7247,311182811207.1842,28890255226.050484,0.03415887503455205,29.274968774249444,10.771203257719549,344158603.5270691,0.9952048727029367,nan,nan,9.5,0.00881929208429923,0.5,annual,0.0,-0.74,0.45974272036264247,0.4834484440466409,0.4631495048676793,0.9509653532327609
799042126544.5219,294265151295.4574,27275856279.589188,0.03413569244157918,29.294850301086736,10.788484448631559,324924003.7647527,0.9952075414639742,nan,nan,9.5,0.008814833191884199,0.5,annual,0.0,-0.72,0.4340521143922443,0.4567431305300012,0.43726465042862955,0.9503199618756686
753650985548.3402,277824909374.39075,25708076553.241425,0.034111381854741135,29.315728229901957,10.806911547778201,306243356.0870468,0.9952103822001798,nan,nan,9.5,0.00881013479784419,0.5,annual,0.0,-0.7,0.4091033795790401,0.4307969492859895,0.4121252738915657,0.9496431677547746
709587896634.1798,261862085443.98407,24186916047.007187,0.03408586330422781,29.337675595148145,10.826600833899453,288116660.4939516,0.995213411915593,nan,nan,9.5,0.0088051773228448,0.5,annual,0.0,-0.68,0.3848965159230298,0.40560990031460586,0.38773137525648815,0.9489327445520683
666852859802.04,246376679504.23715,22712374760.886456,0.034059049799424694,29.36077212632313,10.847684669615814,270543916.9854668,0.995216649911125,nan,nan,9.5,0.008799939030921768,0.5,annual,0.0,-0.66,0.36143152342421314,0.3811819836158499,0.3640829545233963,0.9481862704939878
625445875051.9216,231368691555.15027,21284452694.87925,0.03403084670294182,29.385104894071127,10.870314349723188,253525125.56159264,0.995220118182534,nan,nan,9.5,0.00879439573145656,0.5,annual,0.0,-0.64,0.3387084020825903,0.35751319918972196,0.3411800116922907,0.9474011109247115
585366942383.8241,216838121596.72333,19903149848.98556,0.03400115108641564,29.410768990098294,10.89466357043859,237060286.222329,0.9952238419034346,nan,nan,9.5,0.00878852043214882,0.5,annual,0.0,-0.62,0.31672715189816125,0.33460354703622186,0.319022546763171,0.9465744003720157
546616061797.74756,202784969628.95627,18568466223.205387,0.033969851090976305,29.437868223850952,10.920932681856717,221149398.96767586,0.995227850015156,nan,nan,9.5,0.00878228293388524,0.5,annual,0.0,-0.6,0.2954877728709259,0.31245302715534967,0.29761055973603723,0.9457030247430162
509193233293.6922,189209235651.8492,17280401817.53874,0.03393682533006435,29.466515806182624,10.949353935729166,205792463.79763326,0.9952321759518576,nan,nan,9.5,0.008775649356636573,0.5,annual,0.0,-0.58,0.2749902650008845,0.2910616395471054,0.27694405061088945,0.9447836046988942
473098456871.6578,176110919665.40204,16038956631.98561,0.03390194239491392,29.49683497043589,10.980198008279025,190989480.7122013,0.9952368585381953,nan,nan,9.5,0.008768581583454567,0.5,annual,0.0,-0.56,0.2552346282880369,0.27042938421148904,0.25702301938772787,0.9438124818878073
438331732531.64435,163490021669.61487,14844130666.545992,0.03386506055770068,29.528959450586513,11.013782170354377,176740449.71137974,0.9952419431090169,nan,nan,9.5,0.008761036607298413,0.5,annual,0.0,-0.54,0.23622086273238294,0.2505562611485005,0.23784746606655205,0.9427857106806793
404893060273.6521,151346541664.48755,13695923921.219898,0.0338260278206876,29.563033688171085,11.05048060540096,163045370.7951688,0.9952474829172298,nan,nan,9.5,0.008752965762868511,0.5,annual,0.0,-0.52,0.21794896833392283,0.23144227035813997,0.21941739064736232,0.941699059539395
372782440097.68085,139680479650.0203,12594336396.007328,0.03378468254220132,29.599212564773225,11.090737555199969,149904243.9635684,0.9952535409194256,nan,nan,9.5,0.008744313823061142,0.5,annual,0.0,-0.5,0.20041894509265662,0.21308741184040733,0.20173279313015863,0.9405480284436566
341999872003.7306,128491835626.21289,11539368090.90827,0.03374085499886502,29.63766033888703,11.135084227658018,137317069.21657854,0.9952601920616965,nan,nan,9.5,0.008735017937520462,0.5,annual,0.0,-0.48,0.18363079300858406,0.19549168559530256,0.18479367351494091,0.9393278923827362
312545355991.80145,117780609593.06548,10531019005.922733,0.033694370445865714,29.678548278758527,11.184160766097248,125283846.5541992,0.9952675262352619,nan,nan,9.5,0.008725006389953618,0.5,annual,0.0,-0.46,0.16758451208170536,0.17865509162282572,0.16860003180170918,0.9380337865517292
284418892061.8934,107546801550.57803,9569289141.05072,0.033645054559063234,29.722050182576446,11.238745111088708,113804575.97643049,0.9952756521397458,nan,nan,9.5,0.008714197153164713,0.5,annual,0.0,-0.44,0.1522801023120205,0.1625776299229768,0.15315186799046357,0.9366608578570439
257620480214.00632,97790411498.7505,8654178496.292223,0.03359274266200872,29.768334490024753,11.29979137137599,102879257.48327228,0.9952847023925383,nan,nan,9.5,0.008702496229590781,0.5,annual,0.0,-0.42,0.1377175636995294,0.1472593004957558,0.1384491820812039,0.9352045217918075
232150120448.14032,88511439437.5829,7785687071.6472435,0.03353729499092152,29.817550886876777,11.36848149984228,92507891.0747246,0.9952948403729626,nan,nan,9.5,0.008689795787114716,0.5,annual,0.0,-0.4,0.12389689624423206,0.1327001033411627,0.1244919740739302,0.933660887404901
208007812764.2954,79709885367.07526,6963814867.115786,0.03347862166603737,29.869807962089943,11.446295872033833,82690476.75078748,0.9953062695189797,nan,nan,9.5,0.008675972147911664,0.5,annual,0.0,-0.38,0.11081809994612854,0.11890003845919753,0.11128024396864254,0.9320274524903333
185193557162.47153,71385749287.22757,6188561882.697847,0.033416723440700374,29.925136190403265,11.535111168042098,73427014.51146092,0.9953192461493571,nan,nan,9.5,0.008660883787143463,0.5,annual,0.0,-0.36,0.09848117480521884,0.10585910584986026,0.09881399176534089,0.930304238020813
163707353642.66882,63539031198.0399,5459928118.393433,0.033351758469635125,29.98342653837707,11.637338408172317,64717504.35674496,0.9953340974471234,nan,nan,9.5,0.008644369698306887,0.5,annual,0.0,-0.34,0.086886120821503,0.09357730551315097,0.08709321746402535,0.9284956469417938
143549202204.8871,56169731099.512085,4777913574.202531,0.03328415275609151,30.04432792170095,11.756121207966226,56561946.28663953,0.9953512471523778,nan,nan,9.5,0.008626248884180539,0.5,annual,0.0,-0.32,0.07603293799498084,0.08205463744906953,0.07611792106469577,0.9266135389626662
124719102849.12637,49277848991.644226,4142518250.125151,0.03321478550993416,30.107073842187283,11.895626287260285,48960340.301144585,0.9953712530279616,nan,nan,9.5,0.008606322547563775,0.5,annual,0.0,-0.3,0.06592162632565254,0.071291101657616,0.06588810256735211,0.9246823908297699
107217055575.38663,42863384874.436295,3553742146.1612854,0.03314530628629857,30.17018431998544,12.061478608046132,41912686.40026018,0.9953948627482575,nan,nan,9.5,0.00858438223827658,0.5,annual,0.0,-0.28,0.056552185813517945,0.06128669813879032,0.05640376197199446,0.9227481253019935
91043060383.66797,36926338747.88832,3011585262.310943,0.03307869100203474,30.23094232895999,12.26142895903032,35418984.58398634,0.9954230994092645,nan,nan,9.5,0.008560230776472819,0.5,annual,0.0,-0.26,0.04792461645857721,0.05204142689259258,0.047664899278622844,0.9208935903600033
76197117273.97037,31466710612.000282,2516047598.5741186,0.033020246547222375,30.284449832011287,12.506405137101911,29479234.852323025,0.9954573961163538,nan,nan,9.5,0.008533730587256224,0.5,annual,0.0,-0.24,0.040038918260830246,0.043555287919022745,0.0396715144872372,0.9192665270694552
62679226246.293816,26484500466.772194,2067129154.9508135,0.03297949382508597,30.321872291422082,12.812213694215146,24093437.20527029,0.9954998146346976,nan,nan,9.5,0.008504911986837114,0.5,annual,0.0,-0.22,0.03289509122027708,0.03582828121808082,0.032423607597837606,0.9181319924349732
50489387300.6384,21979708312.20408,1664829931.4410305,0.03297385887310976,30.32705404145166,13.202374547158131,19261591.642828107,0.995553413390137,nan,nan,9.5,0.008474217276899116,0.5,annual,0.0,-0.2,0.026493135336917755,0.028860406789766858,0.02592117861042403,0.9179751182963757
39627600437.003876,17952334148.29585,1309149928.0447614,0.033036315941610474,30.269718989473112,13.712970351003248,14983698.16499646,0.995622891509084,nan,nan,9.5,0.008443068598734477,0.5,annual,0.0,-0.18,0.020833050610752142,0.022651664634080717,0.020164227524996445,0.9197138906695462
30093865655.39048,14402377975.047594,1000089144.7620137,0.03323232569102918,30.09118318402683,14.401094192933028,11259756.771775313,0.9957157642680928,nan,nan,9.5,0.008415263043793857,0.5,annual,0.0,-0.16,0.015914837041780355,0.017202054751022527,0.015152754341554806,0.9251707003684745
21888182955.798233,11329839792.459316,737647581.5927887,0.03370072258087481,29.67295426975506,15.359421050354431,8089767.463164777,0.9958445996466286,nan,nan,9.5,0.008400686997976763,0.5,annual,0.0,-0.14,0.01173849463000242,0.012511577140592301,0.01088675906009926,0.9382106266937595
15010552338.226826,8734719600.53091,521825238.5370766,0.03476389321185493,28.765477845242817,16.738783323356433,5473730.2391647585,0.9960314058612306,nan,nan,9.5,0.008426402486522962,0.5,annual,0.0,-0.12,0.008304023375418178,0.008580231802789865,0.007366241680629682,0.9678087452973151
9460973802.676666,6617017399.262518,352622115.5948896,0.037271228411511606,26.830347230818386,18.76517979622267,3411645.0997753483,0.9963160740779246,nan,nan,9.5,0.008575679139820581,0.5,annual,0.0,-0.1,0.0056114232780278255,0.005408018737615451,0.004591202203146193,1.03761165600215
9460973802.676666,6617017399.262518,352622115.5948896,0.037271228411511606,26.830347230818386,18.76517979622267,3411645.0997753483,0.9963160740779246,nan,nan,9.5,0.008575679139820581,0.5,annual,0.0,-0.1,0.0056114232780278255,0.005408018737615451,0.004591202203146193,1.03761165600215
8979058813.632782,6431505168.6219635,338265860.40691423,0.037672752504230154,26.54438376616397,19.013166628418354,3235903.950489973,0.9963523098360862,nan,nan,9.5,0.008605184274569118,0.5,annual,0.0,-0.098,0.005382966181934445,0.005132549706092529,0.0043546995400070565,1.0487898783609755
8510424345.409171,6250767117.888037,324375797.4200754,0.03811511438851523,26.236311133866568,19.270140274347053,3065702.322050658,0.9963902882294352,nan,nan,9.5,0.008638926163165937,0.5,annual,0.0,-0.096,0.005161927797413025,0.004864671997295923,0.0041256516558877175,1.0611050036430685
8055070398.00565,6074803247.060661,310951926.6343677,0.03860325376068174,25.90455214473455,19.536149246001322,2901040.214457494,0.9964301044724824,nan,nan,9.5,0.008677523067943642,0.5,annual,0.0,-0.094,0.004948308124463477,0.004604385611225527,0.0039040585507883006,1.0746945504302385
7612996971.422489,5903613556.139942,297994248.0498006,0.03914283023734348,25.547462815960834,19.811166137519994,2741917.6277104993,0.9964718570439918,nan,nan,9.5,0.008721700256717434,0.5,annual,0.0,-0.092,0.004742107163085953,0.0043516905478814955,0.0036899202247088294,1.0897160795117935
7184204065.659404,5737198045.125774,285502761.666364,0.03974034688561691,25.163343512784653,20.095070225030653,2588334.5618094928,0.9965156470878734,nan,nan,9.5,0.008772312124303393,0.5,annual,0.0,-0.09,0.004543324913280293,0.004106586807263666,0.0034832366776490604,1.1063506329013018
6768691680.716556,5575556714.018214,273477467.48406345,0.040403298064702546,24.750454737595494,20.387627417030703,2440291.0167546556,0.9965615775694876,nan,nan,9.5,0.008830369718349817,0.5,annual,0.0,-0.088,0.004351961375046585,0.003869074389372131,0.0032840079096092376,1.124806849669493
6366459816.593926,5418689562.817259,261918365.50289845,0.04114034691936931,24.3070385857439,20.688467387206927,2297786.992545934,0.9966097521243991,nan,nan,9.5,0.008897075210535682,0.5,annual,0.0,-0.086,0.004168016548384819,0.00363915329420688,0.003092233920589288,1.145325907270746
5977508473.291523,5266596591.522905,250825455.72286898,0.04196153913350316,23.831347006086688,20.997057799993957,2160822.489183291,0.9966602735232347,nan,nan,9.5,0.008973865361470835,0.5,annual,0.0,-0.084,0.003991490433294997,0.0034168235217679165,0.0029079147105891628,1.16818747233095
5601837650.809346,5119277800.135156,240198738.14397514,0.04287856112882378,23.321678099123087,21.31267566054681,2029397.5066667441,0.99671324166083,nan,nan,9.5,0.00906246672588983,0.5,annual,0.0,-0.082,0.003822383029777121,0.0032020850720552415,0.002731050279608885,1.1937168887657768
5239447349.147396,4976733188.654011,230038212.76621696,0.04390505284944806,22.77642173507989,21.634375996964298,1903512.0449963126,0.996768750960354,nan,nan,9.5,0.009164966315554838,0.5,annual,0.0,-0.08,0.0036606943378311896,0.0029949379450688544,0.002561640627648481,1.2222938855405998
5239447349.147396,4976733188.654011,230038212.76621696,0.04390505284944806,22.77642173507989,21.634375996964298,1903512.0449963126,0.996768750960354,nan,nan,9.5,0.009164966315554838,0.5,annual,0.0,-0.08,0.0036606943378311896,0.0029949379450688544,0.002561640627648481,1.2222938855405998
4890337568.305655,4838962757.079469,220343879.5895946,0.04505698768478608,22.194115749501368,21.96095832610538,1783166.1041720503,0.9968268870638927,nan,nan,9.5,0.009283902801555416,0.5,annual,0.0,-0.078,0.0035064243574572064,0.0027953821408087456,0.002399685754708022,1.2543631535267463
4554508308.284135,4705966505.411534,211115738.61410782,0.046353135031088254,21.573513837398856,22.29093167711873,1668359.6841938847,0.9968877226607235,nan,nan,9.5,0.009422385276836689,0.5,annual,0.0,-0.076,0.003359573088655167,0.0026034176592749226,0.002245185660787412,1.2904472229749109
4231959569.082851,4577744433.650203,202353789.83975673,0.047815624543788064,20.913665973017483,22.62247935793692,1559092.785061816,0.9969513122845511,nan,nan,9.5,0.009584249389761696,0.5,annual,0.0,-0.074,0.0032201405314250735,0.0024190445004673928,0.00209814034588665,1.3311621720075415
3922691350.7016544,4454296541.795422,194058033.26653624,0.04947063531568063,20.21401167821735,22.95342515234864,1455365.4067757719,0.9970176858934041,nan,nan,9.5,0.009774264726261637,0.5,annual,0.0,-0.072,0.0030881266857668444,0.002242262664386072,0.00195854981000564,1.3772368129816621
3626703653.1407266,4335622829.847267,186228468.89445293,0.051349237959704544,19.4744856931418,23.281203220891697,1357177.5493358609,0.997086841034217,nan,nan,9.5,0.009998413329257548,0.5,annual,0.0,-0.07,0.0029635315516805855,0.0020730721510310635,0.0018264140531445265,1.4295361356364964
3343996476.3999763,4221723297.8056974,178865096.72350398,0.05348842260625333,18.69563451817123,23.6028346230779,1264529.2127420832,0.9971587333933057,nan,nan,10.0,0.010262752762209575,0.5,annual,0.0,-0.068,0.002846355129166251,0.001911472960402315,0.0017017330753033109,1.4890899260051096
3074569820.4795847,4112597945.670781,171967916.75369564,0.05593235047330014,17.878740863525124,23.91491403341897,1177420.3969944199,0.9972332655514584,nan,nan,10.0,0.010577528336651546,0.5,annual,0.0,-0.066,0.002736597418223941,0.0017574650924999306,0.0015845068764819671,1.5571276094771418
2818423685.3792744,4008246773.442417,165536928.98501742,0.05873386951853592,17.02595126453244,24.213610811912545,1095851.10209289,0.9973102738079074,nan,nan,10.0,0.010955654658969655,0.5,annual,0.0,-0.064,0.0026342584188534884,0.0016110485473237513,0.0014747354566805213,1.6351204457677437
2575558071.0991025,3908669781.1206303,159572133.41747254,0.06195633296257855,16.14040005569725,24.494688999956967,1019821.3280372939,0.997389513024356,nan,nan,10.0,0.011413335360369198,0.5,annual,0.0,-0.062,0.0025393381310549437,0.0014722233248738099,0.0013724188158987043,1.7248321556599442
2345972977.6393833,3813866968.705526,154073530.051071,0.0656757479815928,15.226320685076535,24.753550901581455,949331.0748280659,0.9974706395842347,nan,nan,10.0,0.011972048478560801,0.5,annual,0.0,-0.06,0.002451836554828467,0.001340989425150286,0.0012775569541371011,1.8283787394920632
2345972977.6393833,3813866968.705526,154073530.051071,0.0656757479815928,15.226320685076535,24.753550901581455,949331.0748280659,0.9974706395842347,nan,nan,10.0,0.011972048478560801,0.5,annual,0.0,-0.06,0.002451836554828467,0.001340989425150286,0.0012775569541371011,1.8283787394920632
2129668404.999667,3723838336.196944,149041118.8857972,0.06998325116525383,14.289133233302723,24.985308511071608,884380.3424647546,0.9975531927819287,nan,nan,10.0,0.0126606856473511,0.5,annual,0.0,-0.058,0.0023717536901738095,0.0012173468481529225,0.0011901498713951038,1.9482973926227072
1926644353.1802487,3638583883.5950036,144474899.9216618,0.07498784074143305,13.335495329811113,25.18488599450799,824969.1309476118,0.9976365752698801,nan,nan,10.0,0.013518751190489734,0.5,annual,0.0,-0.056,0.002299089537091141,0.0011012955938818883,0.0011101975676730512,2.087622569148055
1736900822.1809719,3558103610.8996305,140374873.15865943,0.08081916443703165,12.373302878912174,25.347154592817088,771097.4402765662,0.997720033612348,nan,nan,10.0,0.014601252151987284,0.5,annual,0.0,-0.054,0.002233844095580376,0.0009928356623370934,0.0010377000429708477,2.249963594500625
1560437812.0020092,3482397518.1108937,136741038.5967954,0.08762991869657369,11.411627613881373,25.467098640221277,722765.2704516354,0.9978026405256093,nan,nan,10.0,0.015986355278897385,0.5,annual,0.0,-0.052,0.002176017365641599,0.0008919670535186371,0.0009726572972885169,2.4395714584497625
1397255322.6431866,3411465605.2287307,133573396.23606424,0.09559698508314399,10.460580939140138,25.540007975837106,679972.6214727834,0.9978832810061332,nan,nan,10.0,0.01778769835092613,0.5,annual,0.0,-0.05,0.002125609347274723,0.0007986897674264196,0.0009150693306260102,2.661370451913981
1247353354.1045268,3345307872.253152,130871946.07646675,0.10491970510667327,9.531098080987613,25.56168814283951,642719.4933400461,0.9979606452058867,nan,nan,89.0,0.01902885134060615,0.5,annual,0.0,-0.048,0.002082620040479761,0.0007130038040604539,0.0008649361429833762,2.920910139075752
1110731906.3861482,3283924319.1841974,128636688.11800699,0.11581254430381527,8.63464321599449,25.528675895104165,611005.8860534425,0.9980332315031442,nan,nan,91.5,0.018472798738572542,0.5,annual,0.0,-0.046,0.0020470494452567768,0.0006349091634208077,0.00082225773436064,3.2241611291724652
987390979.4879892,3227314946.021847,126867622.36068265,0.1284877267427233,7.782844520257912,25.438444308876864,584831.799612953,0.9980993635743148,nan,nan,91.5,0.018033862475046274,0.5,annual,0.0,-0.044,0.0020188975616057345,0.0005644058455074459,0.0007870341047577755,3.577031630121734
877330573.4100034,3175479752.766081,125564748.80449213,0.14312136452334925,6.98707704003798,25.289579941822627,564197.234018489,0.9981572251777404,nan,nan,94.0,0.017715169420509807,0.5,annual,0.0,-0.042,0.0019981643895266086,0.0005014938503203417,0.0007592652541746636,3.9844245113877883
780550688.152298,3128418739.416937,124728067.44943933,0.1597949618681303,6.258019579023043,25.08191462747625,549102.1892702114,0.9982049155659526,nan,nan,96.0,0.017528664820239754,0.5,annual,0.0,-0.04,0.0019848499290194602,0.00044617317785955663,0.0007389511826115206,4.4486088082243205
780550688.152298,3128418739.416937,124728067.44943933,0.1597949618681303,6.258019579023043,25.08191462747625,549102.1892702114,0.9982049155659526,nan,nan,96.0,0.017528664820239754,0.5,annual,0.0,-0.04,0.0019848499290194602,0.00044617317785955663,0.0007389511826115206,4.4486088082243205
697051323.7146646,3086131905.97435,124357578.29551691,0.17840519638181224,5.6052178988097365,24.816597012211236,539546.6653680131,0.9982405267328548,nan,nan,96.0,0.017482973902876137,0.5,annual,0.0,-0.038,0.0019789541800841735,0.0003984438281249715,0.0007260918900682024,4.966708078769579
626832480.0972595,3048619252.438364,124453281.34273043,0.19854312801949928,5.036689055799444,24.49609379155546,535530.6623118571,0.9982622409907731,nan,266.85129672456304,96.0,0.01759316469946085,0.5,annual,0.0,-0.036,0.001980477142720837,0.0003583058011166756,0.0007206873765446594,5.527337644404845
569894157.3002276,3015880778.8090334,125015176.59108464,0.21936560498061927,4.558599786362811,24.12411725556934,537054.1801019068,0.9982684438173822,nan,266.9877795255424,96.0,0.01786532093566709,0.5,annual,0.0,-0.034,0.0019894188169295255,0.0003257590968347518,0.0007227376420411112,6.107024596580031
526236355.32327396,2987916485.086259,126043264.0405695,0.2395183509568423,4.175045444347541,23.705483254738144,544117.2187379989,0.9982578430062752,nan,267.14808897059015,98.5,0.018298519901658292,0.5,annual,0.0,-0.032,0.0020057792027100797,0.0003008037152790315,0.0007322426865573384,6.668066585711812
495859074.16655064,2964726371.270087,127537543.6911898,0.25720522288627534,3.8879459319617133,23.24591085467869,556719.7782202064,0.9982295817262076,nan,268.05274935790635,98.5,0.018897754558308985,0.5,annual,0.0,-0.03,0.002029558300062576,0.0002834396564496016,0.000749202510093439,7.160459921117112
478762313.830035,2946310437.360519,129498015.54294568,0.27048498138247085,3.697062938167281,22.751780596849596,574861.8585484922,0.9981833311659826,nan,268.9698149160253,100.5,0.019669517874001844,0.5,annual,0.0,-0.028,0.0020607561089870164,0.0002736669203464492,0.000773617112649363,7.530161505739157
474946074.31374586,2932668683.3575544,131924679.59583776,0.2777677019153322,3.600130587914124,22.229871562637324,598543.4597229471,0.9981193489360987,nan,269.1720606543262,100.5,0.020608940524178,0.5,annual,0.0,-0.026,0.0020993726294834107,0.0002714855069695851,0.0008054864942252328,7.732908665797051
484410355.61769706,2923801109.261196,134817535.84986493,0.2783126625729378,3.593081215763686,21.687097978983907,627764.58174349,0.9980384927600444,nan,270.11445187626146,100.5,0.021722021765316252,0.5,annual,0.0,-0.024,0.002145407861551741,0.00027689541631901706,0.000844810654820939,7.748080087681809
507155157.7418563,2919707715.071442,138176584.30502784,0.27245426216361224,3.6703408199923375,21.13026407300765,662525.2246101657,0.9979421848905927,nan,nan,100.5,0.023006694358291765,0.5,annual,0.0,-0.022,0.0021988618051920184,0.00028989664839472674,0.0008915895944365422,7.584985260671318
543180480.6861055,2920388500.78824,142001824.9613218,0.2614265976236031,3.825165492303046,20.565851893690027,702825.3883228755,0.9978323299856038,nan,nan,100.5,0.02445941762502904,0.5,annual,0.0,-0.02,0.0022597344604041677,0.00031048920319664663,0.0009458233130719095,7.277980803000667
543180480.6861055,2920388500.78824,142001824.9613218,0.2614265976236031,3.825165492303046,20.565851893690027,702825.3883228755,0.9978323299856038,nan,nan,100.5,0.02445941762502904,0.5,annual,0.0,-0.02,0.0022597344604041677,0.00031048920319664663,0.0009458233130719095,7.277980803000667
592486324.450712,2925843466.4116945,146293257.81875592,0.24691415106396408,4.049990637194974,19.999851736411184,748665.072881727,0.9977111962008397,nan,nan,100.5,0.026075200552399192,0.5,annual,0.0,-0.018,0.002328025827188334,0.0003386730807249295,0.0010075118107271855,6.873961822431226
655072689.0355498,2936072611.9417515,151050882.87732592,0.23058644545190105,4.336768356180737,19.437639529232317,800044.2782867115,0.9975812743424319,nan,nan,102.5,0.027846365987599826,0.5,annual,0.0,-0.016,0.002403735905544449,0.0003744482809795033,0.0010766550874023587,6.419406971923114
730939574.4404677,2951075937.3783617,156274700.13702673,0.21379975253994776,4.6772738888608085,18.88390081561995,856963.004537766,0.9974451319774047,nan,nan,102.5,0.029765039748394763,0.5,annual,0.0,-0.014,0.0024868646954724323,0.0004178148039602818,0.0011532531430973442,5.952074153190699
820086980.6656667,2970853442.7215986,161964709.59786496,0.19749698924179698,5.063368326975824,18.342597286148322,919421.2516349353,0.9973052782369506,nan,nan,102.5,0.03182479001048856,0.5,annual,0.0,-0.012,0.002577412196972389,0.00046877264966737963,0.0012373059778122023,5.498213683757375
922514907.7110333,2995405127.971416,168120911.25983724,0.18224194520279674,5.4872109650015615,17.81696937950749,987419.0195782105,0.9971640513419832,nan,nan,102.5,0.03401588997786691,0.5,annual,0.0,-0.01,0.002675378410044266,0.0005273218181007321,0.0013288135915469211,5.073521174754804
1038223355.5766236,3024730993.12784,174743305.1229448,0.16830993464397007,5.941419929342397,17.309567259241884,1060956.308367583,0.9970235358419699,nan,nan,10.0,0.03161533515374792,0.5,annual,0.0,-0.008,0.002780763334688082,0.0005934623092603711,0.0014277759843014889,4.685661231214047
1167212324.2624803,3058831038.190888,181831891.18719,0.15578304598701276,6.419183767169167,16.822302282727296,1140033.1180031057,0.99688551146629,nan,nan,10.0,0.02843125196901848,0.5,annual,0.0,-0.006,0.0028935669709038744,0.0006671941231463212,0.0015341931560759771,4.336919152192968
1309481813.7685263,3097705263.1605186,189386669.45256916,0.14462718570144767,6.914329385239434,16.3565116389373,1224649.4484846988,0.9967514313213047,nan,nan,9.5,0.02591117691742943,0.5,annual,0.0,-0.004,0.0030137893186915855,0.0007485172597585383,0.001648065106870278,4.026345791496904
1465031824.0946991,3141353668.036725,197407639.91908094,0.13474631518060495,7.4213532196384495,15.91302985702272,1314805.2998123614,0.9966224244277943,nan,nan,9.5,0.023879681193264373,0.5,annual,0.0,-0.002,0.003141430378051194,0.0008374317190969867,0.0017693918366843908,3.7512674841581566
1633862355.2411854,3189776252.819566,205894802.58673114,0.1260172265590498,7.935423015609815,15.492262129715025,1410500.6719861662,0.996499316328661,nan,nan,9.5,0.022222368429557042,0.5,annual,0.0,0.0,0.0032764901489827913,0.000933937501161773,0.0018981733455184129,3.5082541871452815
1633862355.2411854,3189776252.819566,205894802.58673114,0.1260172265590498,7.935423015609815,15.492262129715025,1410500.6719861662,0.996499316328661,nan,nan,9.5,0.022222368429557042,0.5,annual,0.0,0.0,0.0032764901489827913,0.000933937501161773,0.0018981733455184129,3.5082541871452815
1815973407.2077982,3242973017.5089774,214848157.45551372,0.11831018923666929,8.452357370501593,15.0942556637027,1511735.5650060587,0.9963826614413955,nan,nan,9.5,0.020851250687856204,0.5,annual,0.0,0.002,0.0034189686314862818,0.0010380346059527903,0.0020344096333722713,3.293694267878556
2011364979.994738,3300943962.105028,224267704.52543578,0.11150025318926576,8.968589499994705,14.718766436255404,1618509.9788721204,0.9962727815818203,nan,nan,9.5,0.019702820163840187,0.5,annual,0.0,0.004,0.0035688658255617787,0.0011497230334701536,0.0021781007002460756,3.1041091825307205
2220037073.6018004,3363689086.6076508,234153443.79648972,0.10547276285643188,9.48112074546854,14.365319732521812,1730823.9135842249,0.9961698062469975,nan,nan,9.5,0.01873032547028803,0.5,annual,0.0,0.006,0.0037261817312091608,0.0012690027837137454,0.0023292465461396553,2.9363069798038297
2441989688.0290546,3431208391.0168576,244505375.26867825,0.10012547410305409,9.987468313715555,14.033263633760301,1848677.369142399,0.9960737115017002,nan,nan,9.5,0.017898737461314613,0.5,annual,0.0,0.008,0.0038909163484284713,0.0013958738566836057,0.0024878471710530472,2.787441236038853
2677222823.2765675,3503501875.3326893,255323498.9420036,0.09536878915051282,10.485610742333964,13.72181522597928,1972070.3455467515,0.9959843554607338,nan,nan,9.5,0.017181390198661974,0.5,annual,0.0,0.01,0.0040630696772197454,0.0015303362523797727,0.002653902574986397,2.655017595578362
2925736479.3443036,3580569539.5551214,266607814.8164646,0.0911250267065115,10.973933683670934,13.430099721645519,2101002.842797183,0.9959015092955303,nan,nan,9.5,0.0165576914054769,0.5,annual,0.0,0.012,0.004242641717582965,0.001672389970802226,0.0028274127579395714,2.5368734515597575
3187530656.2322216,3662411383.684143,278358322.89206004,0.08732726141717796,11.451177831202344,13.157182963429223,2235474.86089372,0.995824883388875,nan,nan,9.5,0.01601153137026757,0.5,annual,0.0,0.014,0.00442963246951811,0.001822035011950942,0.003008377719912606,2.431145636864072
3462605353.940401,3749027407.7197843,290575023.1687924,0.08391803092377297,11.916390184468831,12.90209793958102,2375486.3998363717,0.9957541487333449,nan,nan,9.5,0.015530157536940868,0.5,annual,0.0,0.016,0.004624041933025222,0.001979271375825966,0.0031967974609055133,2.336234429245747
3750960572.4686737,3840417611.661984,303257915.6466555,0.08084806805822221,12.368879356274245,12.663866014751257,2521037.4596250933,0.995688953956291,nan,nan,9.5,0.01510336553578894,0.5,annual,0.0,0.018,0.0048258701081041995,0.0021440990624272027,0.0033926719809182324,2.250768256314206
4052596311.817169,3936581995.510783,316407000.32565475,0.0780751340574011,12.80817525416987,12.44151359312261,2672128.0402599485,0.995628938502177,nan,nan,9.5,0.01472290901805987,0.5,annual,0.0,0.02,0.005035116994755131,0.002316518071754725,0.0035960012799508495,2.173571212825079
4052596311.817169,3936581995.510783,316407000.32565475,0.0780751340574011,12.80817525416987,12.44151359312261,2672128.0402599485,0.995628938502177,nan,nan,9.5,0.01472290901805987,0.5,annual,0.0,0.02,0.005035116994755131,0.002316518071754725,0.0035960012799508495,2.173571212825079
4367512571.986026,4037520559.2662363,330022277.205794,0.07556298276566241,13.233993198775941,12.234084903148933,2828758.141740945,0.9955737425541885,nan,nan,9.5,0.014382063224768434,0.5,annual,0.0,0.022,0.005251782592978076,0.002496528403808613,0.0038067853580033752,2.10363422461613
4695709352.974979,4143233302.928247,344103746.2870643,0.07328046103812973,13.64620235508172,12.040651540805387,2990927.7640679753,0.9955230142657798,nan,nan,9.5,0.014075298177312458,0.5,annual,0.0,0.024,0.005475866902772894,0.0026841300585887145,0.004025024215075664,2.0400900043018195
5037186654.784132,4253720226.4968605,358651407.5694703,0.07120073806056731,14.044798231576538,11.860319342739288,3158636.907241157,0.9954764148256441,nan,nan,9.5,0.013798031108381332,0.5,annual,0.0,0.026,0.0057073699241396575,0.0028793230360950888,0.004250717851167875,1.9821915959384464
5391944477.413525,4368981329.972077,373665261.05301154,0.06930065074265304,14.429878930191947,11.692233090279844,3331885.5712604085,0.9954336218149966,nan,nan,9.5,0.013546436899934459,0.5,annual,0.0,0.028,0.00594629165707836,0.003082107336327759,0.004483866266279898,1.9292941511125932
5759982820.863145,4489016613.353899,389145306.7376889,0.0675601505838128,14.801624794477544,11.53557947540611,3510673.75612582,0.995394331246136,nan,nan,9.5,0.013317301485522043,0.5,annual,0.0,0.03,0.006192632101589016,0.0032924829592867184,0.004724469460411855,1.8808395299730216
6141301685.132977,4613826076.642328,405091544.62350196,0.06596183763519681,15.160281093600195,11.389588693909882,3695001.461837328,0.9953582586034981,nan,nan,9.5,0.013107907424290063,0.5,annual,0.0,0.032,0.006446391257671617,0.0035104499049719573,0.004972527433563659,1.836343326973957
6535901070.2230425,4743409719.837357,421503974.7104502,0.06449056835189612,15.506143387408965,11.253534971042244,3884868.688394933,0.995325139146864,nan,nan,9.5,0.012915943811481645,0.5,annual,0.0,0.034,0.006707569125326155,0.003736008173383489,0.005228040185735312,1.7953839536843124
6943780976.133182,4877767542.938941,438382596.99852973,0.06313312567105969,15.839545236683906,11.12673627177609,4080275.4357985808,0.9952947276828206,nan,nan,9.5,0.012739434774296381,0.5,annual,0.0,0.036,0.00697616570455257,0.003969157764521221,0.005491007716926741,1.7575934539336882
7364941402.863695,5016899545.947183,455727411.4877496,0.061877941257013944,16.160847948163575,11.008553401624914,4281221.704048461,0.9952667979653548,nan,nan,9.5,0.01257668228796593,0.5,annual,0.0,0.038,0.007252180995351004,0.0042098986783853255,0.005761430027138201,1.7226497712606523
7799382350.414427,5160805728.862023,473538418.17810524,0.060714861370137006,16.470432072696067,10.89838866446727,4487707.493144375,0.9952411418492725,nan,nan,9.5,0.012426220118239904,0.5,annual,0.0,0.04,0.007535614997721387,0.004458230914975715,0.006039307116369425,1.6902702308237068
7799382350.414427,5160805728.862023,473538418.17810524,0.060714861370137006,16.470432072696067,10.89838866446727,4487707.493144375,0.9952411418492725,nan,nan,9.5,0.012426220118239904,0.5,annual,0.0,0.04,0.007535614997721387,0.004458230914975715,0.006039307116369425,1.6902702308237068
8247103818.785249,5309486091.683424,491815617.06959164,0.0596349491744404,16.76869040459585,10.795684210516102,4699732.803086377,0.9952175682900236,nan,nan,9.5,0.012286776476881296,0.5,annual,0.0,0.042,0.007826467711663636,0.004714154474292313,0.006324638984620485,1.66020603574696
8708105807.97633,5462940634.411441,510559008.162215,0.05863031747898151,17.0560222594478,10.699920179795855,4917297.633874502,0.9951959022596425,nan,nan,9.5,0.012157243550855111,0.5,annual,0.0,0.044,0.008124739137177851,0.004977669356335219,0.006617425631891429,1.6322376107278538
9182388317.987602,5621169357.046047,529768591.4559729,0.05769398691386166,17.33282883523063,10.610612723561589,5140401.985508734,0.9951759836297245,nan,nan,9.5,0.012036652492088455,0.5,annual,0.0,0.046,0.008430429274263995,0.005248775561104393,0.006917667058182235,1.6061706537305533
9669951348.819088,5784172259.587257,549444366.950866,0.0568197653877509,17.599509487161278,10.527311967336097,5369045.857989045,0.9951576660578187,nan,nan,9.5,0.011924152773818602,0.5,annual,0.0,0.048,0.008743538122922074,0.005527473088599847,0.007225363263492864,1.5818327801459966
10170794900.470852,5951949342.035087,569586334.6468964,0.05600214538005556,17.856458769812363,10.449599964024555,5603229.25131547,0.9951408159025243,nan,nan,9.5,0.011818995060531695,0.5,annual,0.0,0.05,0.009064065683152127,0.005813761938821619,0.007540514247823366,1.5590706634591414
10684918972.942785,6124500604.389505,590194494.5440612,0.055236216207029676,18.104064120755872,10.377088673320857,5842952.165488064,0.9951253111841367,nan,nan,9.5,0.011720516921826072,0.5,annual,0.0,0.052,0.009392011954954104,0.006107642111769647,0.007863120011173813,1.537747592783041
11212323566.23485,6301826046.650496,611268846.6423581,0.054517588886138876,18.342704078284182,10.309417993843184,6088214.600506657,0.995111040601423,nan,nan,9.5,0.011628130861084801,0.5,annual,0.0,0.054,0.00972737693832797,0.006409113607443909,0.008193180553543978,1.5177413811217266
11753008680.347237,6483925668.818125,632809390.941794,0.0538423316235565,18.572746941785322,10.246253866694778,6339016.556371426,0.9950979026104411,nan,nan,9.5,0.01154131423831246,0.5,annual,0.0,0.056,0.010070160633273838,0.0067181764258445135,0.008530695874934097,1.4989425693755816
12306974315.279755,6670799470.892319,654816127.4423623,0.05320691428025276,18.794549797283405,10.1872864630682,6595358.033082257,0.9950858045680143,nan,nan,9.5,0.011459600750776129,0.5,annual,0.0,0.058,0.010420363039791596,0.0070348305669713515,0.008875665975344017,1.4812528803060836
12874220471.03259,6862447452.873156,677289056.1440699,0.052608160444975446,19.008457842694042,10.132228463785196,6857239.030639267,0.9950746619400267,nan,nan,9.5,0.011382573200997389,0.5,annual,0.0,0.06,0.010777984157881356,0.00735907603082453,0.009228090854773897,1.464583884272461
12874220471.03259,6862447452.873156,677289056.1440699,0.052608160444975446,19.008457842694042,10.132228463785196,6857239.030639267,0.9950746619400267,nan,nan,9.5,0.011382573200997389,0.5,annual,0.0,0.06,0.010777984157881356,0.00735907603082453,0.009228090854773897,1.464583884272461
13454747147.605412,7058869614.760513,700228177.0469047,0.052043205967755905,19.21480395768785,10.080813435029302,7124659.549042264,0.9950643975730955,nan,nan,9.5,0.011309857333478843,0.5,annual,0.0,0.062,0.01114302398754293,0.007690912817403859,0.009587970513223477,1.4488558448260191
14048554344.998695,7260065956.554558,723633490.1508831,0.05150946299385585,19.41390847191092,10.032794301768398,7397619.588291513,0.9950549410270754,nan,nan,9.5,0.01124111656256457,0.5,annual,0.0,0.064,0.011515482528776573,0.008030340926709612,0.009955304950693114,1.433996717433886
14655642063.212107,7466036478.255173,747504995.4559942,0.051004588692319774,19.60607909285188,9.987941918302136,7676119.148386767,0.9950462279651233,nan,nan,9.5,0.011176047446452219,0.5,annual,0.0,0.066,0.011895359781582118,0.008377360358741596,0.010330094167182478,1.4199412788981394
15276010302.245602,7676781179.862342,771842692.962236,0.050526458001195096,19.791610961060186,9.946043733859568,7960158.229328145,0.9950381995977055,nan,nan,9.5,0.011114375788467346,0.5,annual,0.0,0.068,0.012282655745959527,0.008731971113499786,0.010712338162691726,1.4066303685968813
15909659062.099455,7892300061.376165,796646582.6696179,0.050073139817773796,19.970786805844426,9.906902550097586,8249736.831115639,0.9950308021767144,nan,nan,9.5,0.011055853267665672,0.5,annual,0.0,0.07,0.01267737042190895,0.00909417319098434,0.011102036937220847,1.3940102256329219
16556588342.773495,8112593122.796576,821916664.5781345,0.049642876150682275,20.143877179168157,9.870335366615944,8544854.953749256,0.9950239865358673,nan,nan,9.5,0.011000254517763755,0.5,annual,0.0,0.072,0.013079503809430307,0.009463966591195161,0.011499190490769853,1.3820319084387802
17216798144.26779,8337660364.123611,847652938.6877881,0.04923406382446367,20.311140749326384,9.83617231013291,8845512.597229006,0.9950177076735948,nan,nan,9.5,0.010947374587123766,0.5,annual,0.0,0.074,0.01348905590852363,0.009841351314132286,0.011903798823338755,1.3706507854417511
17890288466.58218,8567501785.357194,873855404.9985723,0.04884523838902172,20.472824639233544,9.804255642695477,9151709.761554772,0.995011924374835,nan,nan,9.5,0.010897026723706378,0.5,annual,0.0,0.076,0.013906026719188816,0.010226327359795622,0.012315861934927399,1.3598260871111731
18577059309.716805,8802117386.497383,900524063.5104926,0.048475059938010205,20.629164796883135,9.774438844181784,9463446.446726626,0.9950065988682906,nan,nan,9.5,0.010849040438058732,0.5,annual,0.0,0.078,0.014330416241425954,0.010618894728185252,0.012735379825535876,1.3495205111497506
19277110673.67165,9041507167.544182,927658914.2235482,0.048122300583693225,20.78038638782081,9.746585764350614,9780722.652744649,0.9950016965159488,nan,nan,9.5,0.010803259804922999,0.5,annual,0.0,0.08,0.014762224475235033,0.011019053419301168,0.0131623524951643,1.3396998738001633
19277110673.67165,9041507167.544182,927658914.2235482,0.048122300583693225,20.78038638782081,9.746585764350614,9780722.652744649,0.9950016965159488,nan,nan,9.5,0.010803259804922999,0.5,annual,0.0,0.08,0.014762224475235033,0.011019053419301168,0.0131623524951643,1.3396998738001633
19990442558.446712,9285671128.49758,955259957.1377397,0.047785833372363556,20.926704201382403,9.720569839774695,10103538.379608762,0.994997185531885,nan,nan,9.5,0.010759541970249146,0.5,annual,0.0,0.082,0.01520145142061606,0.011426803433143366,0.013596779943812564,1.3303328012560671
20717054964.041996,9534609269.357582,983327192.2530667,0.04746462245525726,21.068323064039,9.696273371136247,10431893.627319021,0.9949930367276193,nan,nan,9.5,0.010717755835533086,0.5,annual,0.0,0.084,0.01564809707756903,0.011842144769711849,0.014038662171480743,1.3213904560254577
21456947890.457504,9788321590.124191,1011860619.5695295,0.047157714355988714,21.205438254515546,9.6735868565459,10765788.395875363,0.9949892232814944,nan,nan,9.5,0.010677780895658948,0.5,annual,0.0,0.086,0.01610216144609395,0.01226507742900662,0.01448799917816875,1.3128462938205934
22210121337.69324,10046808090.797401,1040860239.0871278,0.046864230197638,21.338235916449573,9.652408376756535,11105222.685277808,0.9949857205297803,nan,nan,9.5,0.010639506209984047,0.5,annual,0.0,0.088,0.016563644526190812,0.01269560141102768,0.014944790963876617,1.3046758471641418
22976575305.74919,10310068771.377216,1070326050.8058616,0.046583358771402496,21.466893465266818,9.632643028369383,11450196.495526344,0.9949825057774174,nan,nan,9.5,0.010602829489374788,0.5,annual,0.0,0.09,0.017032546317859616,0.01313371671577502,0.01540903752860432,1.2968565324240378
23756309794.62539,10578103631.863636,1100258054.7257314,0.04631435034470939,21.591579986703465,9.614202401363478,11800709.826621067,0.9949795581264876,nan,nan,9.5,0.01056765628439846,0.5,annual,0.0,0.092,0.01750886682110037,0.01357942334324866,0.015880738872351998,1.2893674774345503
24549324804.32166,10850912672.25661,1130656250.8467321,0.04605651112032587,21.712456625023762,9.597004097514624,12156762.67856174,0.994976858320703,nan,nan,9.5,0.010533899261974575,0.5,annual,0.0,0.094,0.017992606035912996,0.014032721293448501,0.016359894995119324,1.282189367240783
25355620334.83829,11128495892.55624,1161520639.168873,0.04580919826966169,21.829676959491245,9.580971286501843,12518355.051348638,0.9949743886043487,nan,nan,9.5,0.010501477559563632,0.5,annual,0.0,0.096,0.01848376396229764,0.014493610566374708,0.016846505896906668,1.2753043058283984
26175196386.175003,11410853292.762419,1192851219.6921449,0.04557181547345238,21.943387368066226,9.566032296724625,12885486.944981612,0.9949721325942753,nan,nan,9.5,0.010470316207470434,0.5,annual,0.0,0.098,0.018982340600254152,0.01496209116202712,0.017340571577713838,1.2686956919785506
27008052958.33198,11697984872.875229,1224647992.4165537,0.04534380891158427,22.053727377642588,9.552120238071037,13258158.359460704,0.9949700751636674,nan,nan,9.5,0.01044034561111641,0.5,annual,0.0,0.1,0.01948833594978263,0.015438163080405841,0.01784209203754088,1.2623481076266954
27008052958.33198,11697984872.875229,1224647992.4165537,0.04534380891158427,22.053727377642588,9.552120238071037,13258158.359460704,0.9949700751636674,nan,nan,9.5,0.01044034561111641,0.5,annual,0.0,0.1,0.01948833594978263,0.015438163080405841,0.01784209203754088,1.2623481076266954
36067047325.01323,14831880568.866165,1568256290.7230737,0.04348169331941559,22.998184377365927,9.457561660427105,17289546.150787197,0.9949578076466475,nan,nan,9.5,0.010193857027808473,0.5,annual,0.0,0.12,0.02495631858152395,0.020616405014138348,0.023267309481903323,1.2105077759390819
46454093773.71569,18443194255.517113,1958483809.1431189,0.04215955258288245,23.719416804390338,9.417077725848767,21874886.026724324,0.9949549994671366,nan,nan,9.5,0.01001650213128185,0.5,annual,0.0,0.14,0.031166172370459155,0.026553779220498855,0.029438004828251887,1.1737000639969033
58169192304.438995,22531925932.827934,2395330547.6766763,0.0411786798609869,24.28441133557101,9.40660400907195,27014177.987271927,0.9949569152344567,nan,nan,9.5,0.009883263609028208,0.5,annual,0.0,0.16,0.038117897316588045,0.03325028569948715,0.03635417807658637,1.146393076471399
71212342917.18343,27098075600.79873,2878796506.323756,0.04042552721052388,24.73684498392076,9.412987524916502,32707422.032430142,0.9949611717688774,nan,nan,9.5,0.009779764262586583,0.5,annual,0.0,0.18,0.04581149341991078,0.04070592445110341,0.044015829226906944,1.1254256975527053
85583545611.94905,32141643259.429497,3408881685.0843573,0.039831040659858034,25.106047530608613,9.428794023584338,38954618.162198864,0.9949665237065657,nan,nan,9.5,0.009697196254136752,0.5,annual,0.0,0.2,0.05424696068042734,0.04892069547534765,0.05242295827921347,1.108875500508036
101282800388.73553,37662628908.72015,3985586083.958474,0.03935106522194604,25.412272688422703,9.44970905541544,45755766.37657814,0.9949723040028341,nan,nan,9.5,0.009629882258690744,0.5,annual,0.0,0.22,0.06342429909813764,0.057894598772219696,0.06157556523350601,1.0955132334136035
118310107247.54314,43661032548.67079,4608909702.946112,0.038956178894359185,25.669868770029673,9.473180288336252,53110866.675567925,0.9949781515950533,nan,nan,9.5,0.009574008108868869,0.5,annual,0.0,0.24,0.07334350867304176,0.06762763434171969,0.07147365008978451,1.0845198029911853
136665466188.37186,50136854179.281364,5278852542.04727,0.03862608959875205,25.889237310532945,9.497680372757117,61019919.059168324,0.9949838724872616,nan,nan,9.5,0.00952692175061018,0.5,annual,0.0,0.26,0.0840045894051397,0.07811980218384763,0.08211721284804911,1.0753302883108022
156348877211.22156,57090093800.55189,5995414601.261946,0.038346387311514636,26.07807593128129,9.522292885055068,69482923.52737924,0.9949893660466171,nan,nan,9.5,0.009486724938071666,0.5,annual,0.0,0.28,0.09540754129443141,0.08937110229860344,0.09350625350829968,1.0675435217936469
177360340316.0923,64520751412.482376,6758595880.590143,0.038106579343188826,26.24218749717665,9.546472751504206,78499880.08020073,0.9949945845990724,nan,nan,9.5,0.009452024903104287,0.5,annual,0.0,0.3,0.10755236434091696,0.10138153468598715,0.10564077207053629,1.0608673924106884
199699855502.98413,72428827015.07277,7568396380.031856,0.0378988575678702,26.386019636849884,9.56990402962588,88070788.71763268,0.994999510680512,nan,nan,9.5,0.009421777644383698,0.5,annual,0.0,0.32,0.12043905854459622,0.1141510993459988,0.11852076853475879,1.0550845259889985
223367422771.89697,80814320608.32312,8424816099.587091,0.03771730002091899,26.513032466411275,9.592413609156871,98195649.43967527,0.9950041439552941,nan,nan,9.5,0.00939518583630571,0.5,annual,0.0,0.34,0.13406762390546934,0.12767979627863835,0.1321462429009674,1.0500300581063797
248363042122.8307,89677232192.23334,9327855039.255836,0.03755733928658614,26.62595431399894,9.61391786373512,108874462.24632828,0.9950084935752981,nan,nan,9.5,0.009371630450461889,0.5,annual,0.0,0.36,0.1484380604235361,0.14196762548390568,0.1465171951691619,1.04557683427877
274686713555.78564,99017561766.80357,10277513199.038109,0.037415399769420835,26.72696285921521,9.634389160995756,120107227.13759193,0.9950125736722377,nan,nan,9.5,0.009350623826707627,0.5,annual,0.0,0.38,0.1635503680987968,0.15701458696180104,0.16163362533934247,1.0416253117844765
302338437070.76154,108835309332.03375,11273790578.933899,0.03728864476565147,26.817815618795365,9.653834579418426,131893944.1134661,0.9950164006891672,nan,nan,9.5,0.00933177676182729,0.5,annual,0.0,0.4,0.17940454693125127,0.17282068071232423,0.17749553341150906,1.0380965182626867
331318212667.75867,119130474887.92389,12316687178.94321,0.03717479663967104,26.899945403678448,9.672282258787176,144234613.17395088,0.9950199918081825,nan,nan,9.5,0.009314774979435511,0.5,annual,0.0,0.42,0.19600059692089955,0.18938590673547545,0.19410291938566174,1.034927045520146
361626040346.7768,129903058434.47397,13406202999.06604,0.03707200672332758,26.974531145915808,9.689772595829247,157129234.31904608,0.9950233640388947,nan,nan,9.5,0.009299362013287267,0.5,annual,0.0,0.44,0.2133385180677416,0.20671026503125456,0.21145578326180023,1.032065427594923
393261920107.81586,141153059971.68393,14542338039.302387,0.036978759691036166,27.04255113895572,9.706352554190468,170577807.54875195,0.9950265337081188,nan,nan,9.5,0.009285326559839019,0.5,annual,0.0,0.46,0.23141831037177743,0.2247937555996615,0.2295541250399249,1.0294694786091552
426225851950.8761,152880479499.5539,15725092299.652258,0.03689380225924125,27.104823541182114,9.722071997182152,184580332.86306834,0.9950295161937469,nan,nan,9.5,0.009272492999681602,0.5,annual,0.0,0.48,0.2502399738330071,0.24363637844069644,0.24839794472003554,1.0271043077990838
460517835875.9574,165085317018.08383,16954465780.115646,0.03681608932228721,27.16203753326495,9.736981345156709,199136810.2619953,0.9950323258067293,nan,nan,9.5,0.009260714201491957,0.5,annual,0.0,0.5,0.2698035084514306,0.26323813355435927,0.2679872423021322,1.0249408199656436
496137871883.05963,177767572527.27368,18230458480.69255,0.036744742769786974,27.214777533352088,9.75113010545199,214247239.74553275,0.9950349757618565,nan,nan,9.5,0.009249865993879084,0.5,annual,0.0,0.52,0.2901089142270478,0.2835990209406499,0.28832201778621486,1.0229545689713795
533085959972.18304,190927246027.12347,19553070401.38298,0.03667901965079568,27.26354219716194,9.764565979040267,229911621.31368077,0.995037478200514,nan,nan,9.5,0.009239842872172237,0.5,annual,0.0,0.54,0.31115619115985893,0.3047190405995686,0.3094022711722835,1.021124871447562
571362100143.3276,204564337517.63324,20922301542.186928,0.03661828731191396,27.308759458956033,9.77733434847775,246129954.96643934,0.9950398442425027,nan,nan,9.5,0.009230554630738888,0.5,annual,0.0,0.56,0.3329453392498638,0.3265981925311153,0.3312280024603382,1.0194341146518862
610966292396.4928,218678846998.80292,22338151903.104393,0.03656200379808813,27.350798537258814,9.789478017132318,262902240.7038085,0.995042084052744,nan,nan,9.5,0.00922192369674908,0.5,annual,0.0,0.58,0.35547635849706244,0.34923647673528957,0.35379921165037886,1.017867210836921
651898536731.6793,233270774470.6325,23800621484.135376,0.03650970226664534,27.389979592180442,9.801037112670452,280228478.5257881,0.9950442069140857,nan,nan,9.5,0.009213883001093322,0.5,annual,0.0,0.6,0.37874924890145484,0.3726338932120919,0.37711589874240553,1.0164111633449355
694158833148.8871,248340119933.12213,25309710285.279877,0.03646097849172123,27.42658155011003,9.812049096332672,298108668.4323784,0.9950462213009719,nan,nan,9.5,0.009206374264618438,0.5,annual,0.0,0.62,0.40276401046304106,0.3967904419615223,0.40117806373641834,1.0150547187376504
737747181648.1157,263886883386.27158,26865418306.537903,0.036415480770148084,27.460848486717193,9.822548838632924,316542810.42357904,0.9950481349508346,nan,nan,9.5,0.009199346608368889,0.5,annual,0.0,0.64,0.4275206431818211,0.4217061229835805,0.42598570663241686,1.0137880857814032
782663582229.3654,279911064830.08105,28467745547.90944,0.03637290170934101,27.492994867197734,9.832568734991964,335530904.4993903,0.9950499549315174,nan,nan,9.5,0.009192755418718885,0.5,annual,0.0,0.66,0.45301914705779484,0.4473809362782666,0.45153882743040147,1.0126027068261607
828908034892.6359,296412664264.5505,30116692009.3945,0.03633297150183296,27.523209874247446,9.84213884353861,355072950.6598122,0.9950516877038665,nan,nan,9.5,0.009186561414597377,0.5,annual,0.0,0.68,0.47925952209096245,0.47381488184558046,0.4778374261303723,1.0114910705720646
876480539637.9275,313391681689.6797,31812257690.99307,0.03629545238292987,27.551661002861906,9.85128703324975,375168948.9048444,0.9950533391791814,nan,nan,9.5,0.009180729876123138,0.5,annual,0.0,0.7,0.5062417682813237,0.5010079596855223,0.5048815027323287,1.0104465577734265
925381096465.2401,330848117105.469,33554442592.705166,0.03626013403653482,27.578497062157147,9.860039134650872,395818899.23448735,0.9950549147715352,nan,nan,9.5,0.009175230003047288,0.5,annual,0.0,0.72,0.5339658856288788,0.528960169798092,0.5326710572362714,1.0094633133392588
975609705374.5742,348781970511.9182,35343246714.53079,0.036226829765865394,27.603850694720368,9.868419088066469,417022801.6487409,0.9950564194451718,nan,nan,9.5,0.00917003437826647,0.5,annual,0.0,0.74,0.5624318741336279,0.5576715121832899,0.5612060896422002,1.0085361397280295
1027166366365.9292,367193241909.02734,37178670056.469925,0.036195373285056516,27.627840501174116,9.87644908629881,438780656.14760494,0.9950578577572889,nan,nan,9.5,0.009165118516904863,0.5,annual,0.0,0.76,0.5916397337955707,0.5871419868411155,0.590486599950115,1.0076604076275544
1080051079439.305,386081931296.7965,39060712618.52259,0.03616561601771693,27.650572839962596,9.884149709898443,461092462.73107946,0.9950592338965563,nan,nan,9.5,0.009160460485485675,0.5,annual,0.0,0.78,0.6215894646147074,0.617371593771569,0.6205125881600156,1.0068319807482087
1134263844594.702,405448038675.22565,40989374400.68877,0.03613742481171583,27.67214335858813,9.891540054058806,483958221.3991647,0.9950605517177505,nan,nan,9.5,0.009156040578827102,0.5,annual,0.0,0.8,0.6522810665910378,0.6483603329746503,0.6512840542719025,1.006047152203774
1189804661832.1194,425291564044.31445,42964655402.968445,0.036110679997512676,27.692638301712417,9.898637846748118,507377932.1518601,0.9950618147728671,nan,nan,9.5,0.009151841044725113,0.5,annual,0.0,0.82,0.6837145397245616,0.6801082044503595,0.682800998285775,1.0053025904563477
1246673531151.5588,445612507404.06335,44986555625.361664,0.036085273731453454,27.712135633000827,9.905459558073932,531351594.98916626,0.9950630263390522,nan,nan,9.5,0.009147845848390783,0.5,annual,0.0,0.84,0.7158898840152796,0.712615208198697,0.7150634202016336,1.0045952931945703
1304870452553.019,466410868754.47235,47055075067.86839,0.036061108576566886,27.730706000808215,9.91202050112043,555879209.9110831,0.9950641894437059,nan,nan,9.5,0.009144040470114037,0.5,annual,0.0,0.86,0.7488070994631914,0.7458813442196621,0.7480713200194785,1.0039225478237292
1364395426036.5005,487686648095.54126,49170213730.48865,0.0360380962821941,27.748413572391875,9.918334924648592,580960776.9176104,0.9950653068870117,nan,nan,9.5,0.009140411730820983,0.5,annual,0.0,0.88,0.782466186068297,0.7799066125132553,0.7818246977393093,1.003281897491282
1425248451602.0024,509439845427.2701,51331971613.22243,0.03601615673079627,27.765316756991222,9.924416098134934,606596296.0087483,0.9950663812622047,nan,nan,9.5,0.009136947641146797,0.5,annual,0.0,0.9,0.8168671438305964,0.8146910130794761,0.816323553361126,1.0026711117665268
1487429529249.5254,531670460749.6588,53540348716.06972,0.03599521702590052,27.781468834607814,9.930276389665764,632785767.1844968,0.9950674149737943,nan,nan,9.5,0.009133637270412949,0.5,annual,0.0,0.92,0.8520099727500896,0.8502345459183248,0.8515678868849289,1.0020881612494903
1550938658979.07,554378494062.7074,55795345039.03052,0.03597521069966667,27.79691850447635,9.93592733721609,659529190.4448556,0.9950684102539755,nan,nan,9.5,0.009130470632517037,0.5,annual,0.0,0.94,0.8878946728267764,0.8865372110298019,0.8875576983107175,1.0015311955099975
1615775840790.6355,577563945366.416,58096960582.10484,0.03595607702221658,27.811710364902126,9.941379713835126,686826565.789825,0.9950693691774111,nan,nan,9.5,0.009127438586245698,0.5,annual,0.0,0.96,0.9245212440606569,0.9235990084139066,0.9242929876384922,1.0009985238597583
1681941074684.2224,601226814660.7845,60445195345.292694,0.03593776039784333,27.82588533424613,9.94664358724099,714677893.2194052,0.9950702936745809,nan,nan,9.5,0.009124532747930823,0.5,annual,0.0,0.98,0.9618896864517316,0.9614199380706395,0.9617737548682532,1.000488598543145
1749434360659.8298,625367101945.8131,62840049328.59407,0.03592020983564816,27.839481021282168,9.951728374300506,743083172.7335957,0.9950711855438225,nan,nan,9.5,0.009121745414704575,0.5,annual,0.0,1.0,1.0,1.0,1.0,1.0
1818255698717.458,649984807221.5015,65281522532.00896,0.035903378484146396,27.852532051867012,9.956642890839436,772042404.3323969,0.9950720464622258,nan,nan,9.5,0.009119069496884655,0.5,annual,0.0,1.02,1.0388521847054621,1.0393391942019883,1.0389717230337328,0.999531423909304
1888405088857.108,675079930487.8499,67769614955.53737,0.03588722322102648,27.86507035780065,9.961395397196217,801555588.0158083,0.9950728779954965,nan,nan,9.5,0.009116498458248842,0.5,annual,0.0,1.04,1.078446240568118,1.0794375206766047,1.0786889239694513,0.9990816697682833
1959882531078.7783,700652471744.8582,70304326599.17929,0.035871704290604434,27.877125432869978,9.965993639899786,831622723.7838306,0.9950736816068905,nan,nan,9.5,0.009114026263146906,0.5,annual,0.0,1.06,1.1187821675879677,1.1202949794238488,1.1191516028071562,0.9986496307993281
2032688025382.4705,726702430992.5266,72885657462.93475,0.03585678498264415,27.88872456033168,9.97044488982052,862243811.6364636,0.9950744586653205,nan,nan,9.5,0.009111647329554856,0.5,annual,0.0,1.08,1.1598599657650115,1.1619115704437213,1.1603597595468473,0.9982342850085172
2106821571768.1829,753229808230.8549,75513607546.8037,0.03584243134715377,27.899893015472273,9.974755977113125,893418851.5737069,0.995075210452726,nan,nan,9.5,0.009109356487307988,0.5,annual,0.0,1.1,1.2016796350992485,1.2042872937362212,1.2023133941885242,0.9978346872456964
2182283170235.9167,780234603459.843,78188176850.7862,0.03582861194055473,27.91065424636479,9.978933323241922,925147843.5955608,0.9950759381707697,nan,nan,9.5,0.009107148940859055,0.5,annual,0.0,1.12,1.2442411755906797,1.2474221493013493,1.245012506732187,0.9974499621379569
2259072820785.67,807716816679.4907,80909365374.88214,0.03581529759927931,27.921030035504227,9.982982970352674,957430787.7020247,0.9950766429469415,nan,nan,9.5,0.009105020236000372,0.5,annual,0.0,1.14,1.2875445872393039,1.2913161371391042,1.2884570971778353,0.997079297786709
2337190523417.447,835676447889.7991,83677173119.0917,0.03580246123740854,27.931040644634248,9.986910608230525,990267683.8931,0.9950773258401184,nan,nan,9.5,0.009102966230066848,0.5,annual,0.0,1.16,1.3315898700451232,1.3359692572494886,1.3326471655254706,0.9967219401340254
2416636278131.243,864113497090.7667,86491600083.4147,0.03579007766543075,27.94070494476432,9.990721599061569,1023658532.1687851,0.995077987845644,nan,nan,9.5,0.009100983065202906,0.5,annual,0.0,1.18,1.376377024008135,1.3813815096325,1.377582711775091,0.996377187916974
2497410084927.062,893027964282.395,89352646267.85132,0.03577812342759916,27.95004053310975,9.994421000194848,1057603332.5290816,0.9950786298999603,nan,nan,9.5,0.009099067144332307,0.5,annual,0.0,1.2,1.421906049128342,1.4275528942881401,1.4232637359266984,0.9960443881397376
2579511943804.9004,922419849464.6826,92260311672.40137,0.035766576655703756,27.959063838460153,9.998013585083239,1092102084.9739878,0.9950792528848675,nan,nan,9.5,0.009097215109517703,0.5,annual,0.0,1.22,1.4681769454057416,1.4744834112164074,1.4696902379802907,0.9957229320026985
2662941854764.761,952289152637.6309,95214596297.065,0.03575541693736158,27.967790216286897,10.001503862564665,1127154789.5035052,0.9950798576313944,nan,nan,9.5,0.009095423822437523,0.5,annual,0.0,1.24,1.515189712840336,1.5221730604173032,1.51686221793587,0.9954122512357086
2747699817806.6416,982635873801.2383,98215500141.84207,0.03574462519717414,27.976234034734176,10.0048960946299,1162761446.1176324,0.9950804449233744,nan,nan,9.5,0.009093690346742534,0.5,annual,0.0,1.26,1.5629443514321228,1.570621841890826,1.5647796757934342,0.9951118147895738
2833785832930.5454,1013460012955.5063,101263023206.73276,0.035734183589312435,27.984408752494495,10.008194312809373,1198922054.8163712,0.9950810155007132,nan,nan,9.5,0.009092011932084596,0.5,annual,0.0,1.28,1.611440861181105,1.6198297556369783,1.6134426115529859,0.9948211258456762
2921199900136.4673,1044761570100.4338,104357165491.73688,0.03572407540027018,27.99232698944637,10.011402333298898,1235636615.5997198,0.995081570062396,nan,nan,9.5,0.009090385999635698,0.5,annual,0.0,1.3,1.6606792420872798,1.6697968016557567,1.6628510252145225,0.9945397191086747
3009942019424.412,1076540545236.0217,107497926996.8546,0.03571428496068217,28.00000059082519,10.01452377093301,1272905128.4676795,0.9950821092692496,nan,nan,9.5,0.009088810128937714,0.5,annual,0.0,1.32,1.7106594941506497,1.720522979947164,1.713004916778046,0.9942671583515744
3100012190794.377,1108796938362.269,110685307722.08575,0.035704797565238824,28.007440685606113,10.017562052104442,1310727593.420249,0.9950826337465004,nan,nan,9.5,0.009087282045942523,0.5,annual,0.0,1.34,1.7613816173712118,1.7720082905111987,1.7639042862435543,0.994003034186188
3191410414246.3643,1141530749479.1768,113919307667.43051,0.03569559939984466,28.014657739697512,10.020520426719026,1349104010.45743,0.9950831440861048,nan,nan,9.5,0.009085799612118677,0.5,annual,0.0,1.36,1.812845611748969,1.8242527333478622,1.8155491336110499,0.9937469620352665
3284136689780.3706,1174741978586.7437,117199926832.8887,0.03568667747526871,28.021661604474435,10.023401979267167,1388034379.5792203,0.9950836408489289,nan,nan,9.5,0.009084360814515559,0.5,annual,0.0,1.38,1.8650514772839188,1.8772563084571523,1.86793945888053,0.9934985802853611
3378191017396.399,1208430625684.9712,120527165218.46043,0.03567801956662349,28.028461561120174,10.026209639085438,1427518700.785622,0.995084124566742,nan,nan,9.5,0.009082963756688113,0.5,annual,0.0,1.4,1.9179992139760627,1.931019015839071,1.921075262051997,0.9932575486019484
3473573397094.448,1242596690773.8586,123901022824.14572,0.03566961415808448,28.035066361191664,10.028946189875217,1467556974.076634,0.9950845957440702,nan,nan,9.5,0.009081606650396706,0.5,annual,0.0,1.42,1.971688821825401,1.9855408554936174,1.97495654312545,0.9930235463904504
3570283828874.519,1277240173853.4058,127321499649.9445,0.035661450392329395,28.041484263777875,10.03161427853919,1508149199.4522562,0.995085054859896,nan,nan,9.5,0.009080287808005941,0.5,annual,0.0,1.44,2.026120300831933,2.040821827420792,2.0295833021008884,0.9927962713886497
3668322312736.6104,1312361074923.613,130788595695.85681,0.03565351802423463,28.04772306957966,10.034216423391008,1549295376.9124894,0.9950855023692654,nan,nan,9.5,0.009079005635514748,0.5,annual,0.0,1.46,2.0812936509956583,2.0968619316205945,2.0849555389783134,0.9925754383776216
3767688848680.7236,1347959393984.4802,134302310961.88266,0.035645807378416966,28.053790152204154,10.036755021788528,1590995506.457333,0.9950859387047303,nan,nan,9.5,0.009077758626157511,0.5,annual,0.0,1.48,2.137208872316578,2.153661168093025,2.1410732537577246,0.9923607779997189
3868383436706.8574,1384035131036.0073,137862645448.02197,0.0356383093102539,28.059692486935084,10.039232357236514,1633249588.0867877,0.9950863642777319,nan,nan,9.5,0.009076545354522438,0.5,annual,0.0,1.5,2.1938659647946905,2.2112195368380836,2.197936446439122,0.9921520356733969
3970406076815.0127,1420588286078.1943,141469599154.27487,0.03563101517005515,28.06543667721304,10.041650606000657,1676057621.8008523,0.9950867794798551,nan,nan,9.5,0.00907536447113902,0.5,annual,0.0,1.52,2.251264928429998,2.2695370378557698,2.2555451170225047,0.9919489705957674
4073756769005.1885,1457618859111.0415,145123172080.64127,0.03562391677009238,28.07102897903517,10.044011843271175,1719419607.5995278,0.9950871846840103,nan,nan,9.5,0.009074214697491614,0.5,annual,0.0,1.54,2.309405763222499,2.328613671146084,2.313899265507874,0.9917513548247222
4178435513277.3853,1495126850134.5483,148823364227.1212,0.035617006354225274,28.076475323462134,10.046318048910766,1763335545.4828136,0.995087580245526,nan,nan,9.5,0.00907309482142049,0.5,annual,0.0,1.56,2.3682884691721937,2.388449436709026,2.3729988918952287,0.9915589724333408
4284442309631.603,1533112259148.7153,152570175593.7146,0.03561027656988882,28.081781337401228,10.04857111281895,1807805435.45071,0.9950879665031649,nan,nan,9.5,0.009072003692875726,0.5,annual,0.0,1.58,2.4279130462790817,2.449044334544596,2.43284399618457,0.9913716187300288
4391777158067.8423,1571575086153.5422,156363606180.42157,0.035603720442230626,28.086952362817406,10.050772839941834,1852829277.5032172,0.9950883437800796,nan,nan,9.5,0.00907094021999278,0.5,annual,0.0,1.6,2.4882794945431645,2.5103983646527936,2.493434578375897,0.9911890995385153
4500440058586.103,1610515331149.0288,160203655987.242,0.03559733135020867,28.091993474509096,10.052924954954111,1898407071.6403348,0.995088712384687,nan,nan,9.5,0.009069903365461658,0.5,annual,0.0,1.62,2.5493878139644397,2.5725115270336194,2.5547706384692104,0.9910112305324269
4610431011186.382,1649932994135.1748,164090325014.17593,0.03559110300447838,28.096909496571975,10.055029106637672,1944538817.862062,0.9950890726115083,nan,nan,9.5,0.009068892143164434,0.5,annual,0.0,1.64,2.611238004542909,2.635383821687072,2.616852176464508,0.9908378366196745
4721750015868.686,1689828075111.982,168023613261.2235,0.035585029426914994,28.101705017662365,10.057086871979324,1991224516.1684012,0.9950894247419246,nan,nan,9.5,0.009067905615058252,0.5,annual,0.0,1.66,2.6738300662785734,2.6990152486131547,2.6796791923617937,0.9906687513723673
4834397072633.007,1730200574079.4485,172003520728.38446,0.03557910493163203,28.10638440516074,10.059099760008147,2038464166.5593498,0.9950897690449092,nan,nan,9.5,0.009066942888283138,0.5,annual,0.0,1.68,2.73716399917143,2.763405807811863,2.7432516861610643,0.9905038164983766
4948372181479.353,1771050491037.5754,176030047415.65906,0.03557332410737011,28.11095181832668,10.061069215391399,2086257769.0349097,0.9950901057776974,nan,nan,9.5,0.009066003112476023,0.5,annual,0.0,1.7,2.8012398032214816,2.828555499283201,2.8075696578623215,0.9903428813510494
5063675342407.717,1812377825986.3613,180103193323.0471,0.03556768180114213,28.115411220527974,10.062996621806365,2134605323.59508,0.9950904351864162,nan,nan,9.5,0.009065085477273957,0.5,annual,0.0,1.72,2.866057478428726,2.8944643230271656,2.8726331074655644,0.9901858024738993
5180306555418.1045,1854182578925.8083,184222958450.5487,0.03556217310303174,28.119766390618807,10.06488330510407,2183506830.239861,0.9950907575066751,nan,nan,9.5,0.009064189209991181,0.5,annual,0.0,1.74,2.9316170247931654,2.9611322790437598,2.938442034970794,0.9900324431774031
5298265820510.511,1896464749855.914,188389342798.16373,0.035556793332051355,28.12402093353528,10.066730536279568,2232962288.9692516,0.995091072964122,nan,nan,9.5,0.009063313573456147,0.5,annual,0.0,1.76,2.9979184423147966,3.02855936733298,3.004996440378008,0.9898826731452959
5417553137684.941,1939224338776.6812,192602346365.89243,0.03555153802297476,28.128178290170226,10.068539534262365,2282971699.7832546,0.9950913817749598,nan,nan,9.5,0.009062457863995716,0.5,annual,0.0,1.78,3.0649617309936246,3.0967455878948305,3.0722963236872105,0.9897363680679971
5538168506941.39,1982461345688.1064,196861969153.7345,0.03554640291406682,28.13224174658384,10.070311468539423,2333535062.681866,0.9950916841464365,nan,nan,9.5,0.009061621409555066,0.5,annual,0.0,1.8,3.1327468908296434,3.1656909407293066,3.1403416848983965,0.9895934093010123
5660111928279.86,2026175770590.1936,201168211161.69022,0.035541383935640006,28.13621444260152,10.072047461622263,2384652377.66509,0.9950919802772963,nan,nan,9.5,0.00906080356794269,0.5,annual,0.0,1.82,3.2012739218228585,3.2353954258364115,3.209132524011571,0.9894536835463528
5783383401700.351,2070367613482.9395,205521072389.75934,0.035536477199373445,28.140099379845996,10.073748591368782,2436323644.7329226,0.9950922703582187,nan,nan,9.5,0.00906000372519099,0.5,annual,0.0,1.84,3.270542823973265,3.3058590432161434,3.2786688410267284,0.9893170825551834
5907982927202.866,2115036874366.346,209920552837.9421,0.035531678988336035,28.14389942924649,10.075415893169577,2488548863.8853674,0.9950925545722135,nan,nan,9.5,0.00905922129402358,0.5,annual,0.0,1.86,3.3405535972808678,3.3770817928685055,3.3489506359438748,0.9891835028500713
6033910504787.396,2160183553240.4114,214366652506.23828,0.035526985747660084,28.147617338064293,10.077050362007906,2541328035.1224213,0.9950928330950068,nan,nan,9.5,0.009058455712421365,0.5,annual,0.0,1.88,3.4113062417456623,3.4490636747934924,3.4199779087630047,0.9890528454653449
6161166134453.951,2205807650105.1377,218859371394.648,0.035522394075816456,28.151255736470677,10.07865295440156,2594661158.444087,0.9950931060953969,nan,nan,9.5,0.009057706442280015,0.5,annual,0.0,1.9,3.4828007573676514,3.5218046889911085,3.4917506594841226,0.9889250157041982
6289749816202.527,2251909164960.523,223398709503.17123,0.03551790071644686,28.154817143709785,10.080224590234511,2648548233.850362,0.9950933737355891,nan,nan,9.5,0.00905697296815211,0.5,annual,0.0,1.92,3.555037144146834,3.5953048354613535,3.5642688881072244,0.9887999229113065
6419661550033.124,2298488097806.5693,227984666831.80798,0.035513502550711826,28.158303973877008,10.081766154485477,2702989261.3412485,0.9950936361715175,nan,nan,9.5,0.009056254796067847,0.5,annual,0.0,1.94,3.6280154020832103,3.6695641142042255,3.6375325946323143,0.9886774802597976
6550901335945.743,2345544448643.275,232617243380.55832,0.03550919659011713,28.16171854134032,10.083278498860032,2757984240.916745,0.9950938935531458,nan,nan,9.5,0.009055551452428529,0.5,annual,0.0,1.96,3.7017355311767814,3.7445825252197262,3.711541779059389,0.9885576045515432
6683469173940.38,2393078217470.641,237296439149.42212,0.035504979969784016,28.16506306583006,10.084762443332554,2813533172.5768523,0.995094146024737,nan,nan,9.5,0.009054862482967812,0.5,annual,0.0,1.98,3.7761975314275453,3.820360068507853,3.78629644138845,0.9884402160298056
6817365064017.041,2441089404288.6665,242022254138.39944,0.03550084994213161,28.168339677220587,10.086218777603564,2869636056.3215704,0.9950943937251381,nan,nan,9.5,0.009054187451775766,0.5,annual,0.0,2.0,3.8514014028355037,3.8968967440686098,3.8617965816194975,0.988325238203359
0.0,1292159406.7652318,1130706098.66366,inf,0.0,1.1427898092107114,15775927.342213344,0.8818251487905484,nan,nan,192.5,0.7241775210662026,90.5,annual,300.0,-2.0,3.597676293631111,nan,3.611032633650702,nan
0.0,1266109785.9887023,1107815902.7545123,inf,0.0,1.1428882568309433,15456619.641225895,0.8818251751436749,nan,nan,192.5,0.7241645987398748,90.5,annual,300.0,-1.98,3.524844356776573,nan,3.537944662121043,nan
0.0,1240325838.333961,1085159900.2395277,inf,0.0,1.1429890084034469,15140577.178814808,0.881825225488355,nan,nan,192.5,0.7241512504933165,90.5,annual,300.0,-1.96,3.452757575558236,nan,3.4656040877364216,nan
0.0,1214807563.8010085,1062738091.1187062,inf,0.0,1.1430921446715288,14827799.95498008,0.8818253013221504,nan,nan,192.5,0.7241374579285736,90.5,annual,300.0,-1.94,3.381415949976099,nan,3.394010910496838,nan
0.0,1189554962.389844,1040550475.3920484,inf,0.0,1.1431977501539798,14518287.969721714,0.8818254042377801,nan,nan,192.5,0.7241232016545764,90.5,annual,300.0,-1.92,3.310819480030165,nan,3.3231651304022924,nan
0.0,1164568034.1004677,1018597053.059554,inf,0.0,1.1433059133662928,14212041.223039713,0.8818255359299295,nan,nan,192.5,0.7241084612224769,90.5,annual,300.0,-1.9,3.240968165720432,nan,3.253066747452786,nan
0.0,1139846778.9328797,996877824.1212225,inf,0.0,1.1434167270574893,13909059.71493407,0.8818256982025947,nan,nan,192.5,0.7240932150560374,90.5,annual,300.0,-1.88,3.1718620070468995,nan,3.1837157616483163,nan
0.0,1115391196.8870804,975392788.577055,inf,0.0,1.1435302884638516,13609343.44540479,0.8818258929770442,nan,nan,192.5,0.7240774403766357,90.5,annual,300.0,-1.86,3.10350100400957,nan,3.115112172988885,nan
0.0,1091201287.9630687,954141946.4270501,inf,0.0,1.1436466995809806,13312892.414451867,0.8818261223004402,nan,nan,192.5,0.7240611131224026,90.5,annual,300.0,-1.84,3.03588515660844,nan,3.047255981474491,nan
0.0,1067277052.1608456,933125297.6712091,inf,0.0,1.1437660674557186,13019706.62207531,0.8818263883551765,nan,nan,192.5,0.7240442078609649,90.5,annual,300.0,-1.82,2.9690144648435126,nan,2.980147187105135,nan
0.0,1043618489.4804107,912342842.3095307,inf,0.0,1.1438885044996516,12729786.068275109,0.8818266934690063,nan,nan,192.5,0.7240266976952123,90.5,annual,300.0,-1.8,2.9028889287147845,nan,2.9137857898808166,nan
0.0,1020225599.9217645,891794580.3420165,inf,0.0,1.1440141288260497,12443130.753051274,0.8818270401260454,nan,nan,192.5,0.7240085541614405,90.5,annual,300.0,-1.78,2.83750854822226,nan,2.848171789801537,nan
0.0,997098383.4849057,871480511.7686651,inf,0.0,1.1441430646123112,12159740.676403794,0.8818274309787146,nan,nan,192.5,0.7239897471191635,90.5,annual,300.0,-1.76,2.772873323365936,nan,2.7833051868672936,nan
0.0,974236840.1698359,851400636.5894773,inf,0.0,1.1442754424901693,11879615.838332683,0.8818278688607383,nan,nan,192.5,0.7239702446318056,90.5,annual,300.0,-1.74,2.7089832541458136,nan,2.71918598107809,nan
0.0,951640969.9765539,831554954.8044524,inf,0.0,1.1444113999661523,11602756.238837924,0.8818283568012776,nan,nan,192.5,0.7239500128374046,90.5,annual,300.0,-1.72,2.645838340561891,nan,2.655814172433922,nan
0.0,929310772.9050608,811943466.4135911,inf,0.0,1.1445510818750582,11329161.877919534,0.8818288980403381,nan,nan,192.5,0.7239290158083597,90.5,annual,300.0,-1.7,2.5834385826141713,nan,2.5931897609347945,nan
0.0,907246248.9553553,792566171.4168932,inf,0.0,1.144694640869475,11058832.755577499,0.8818294960455632,nan,nan,192.5,0.7239072153991516,90.5,annual,300.0,-1.68,2.5217839803026525,nan,2.531312746580703,nan
0.0,885447398.1274387,773423069.8143587,inf,0.0,1.1448422379487189,10791768.87181183,0.8818301545305572,nan,nan,192.5,0.7238845710808475,90.5,annual,300.0,-1.66,2.460874533627335,nan,2.47018312937165,nan
0.0,863914220.4213098,754514161.6059871,inf,0.0,1.1449940430309011,10527970.226622518,0.8818308774749122,nan,nan,192.5,0.7238610397610625,90.5,annual,300.0,-1.64,2.4007102425882176,nan,2.4098009093076342,nan
0.0,842646715.8369699,735839446.7917796,inf,0.0,1.1451502355722627,10267436.820009574,0.8818316691460976,nan,nan,192.5,0.7238365755879066,90.5,annual,300.0,-1.62,2.3412911071853046,nan,2.350166086388658,nan
0.0,821644884.3744177,717398925.371735,inf,0.0,1.1453110052383553,10010168.651972987,0.8818325341234207,nan,nan,192.5,0.7238111297362659,90.5,annual,300.0,-1.6,2.282617127418591,nan,2.2912786606147186,nan
0.0,800908726.033654,699192597.3458537,inf,0.0,1.1454765526321593,9756165.72251276,0.881833477324285,nan,nan,192.5,0.723784650174585,90.5,annual,300.0,-1.58,2.2246883032880787,nan,2.233138631985817,nan
0.0,780438240.8146784,681220462.7141356,inf,0.0,1.1456470900848117,9505428.031628894,0.8818345040329917,nan,nan,192.5,0.7237570814100928,90.5,annual,300.0,-1.56,2.1675046347937674,nan,2.175746000501953,nan
0.0,760233428.7174911,663482521.4765811,inf,0.0,1.1458228425152646,9257955.579321388,0.8818356199323588,nan,nan,192.5,0.7237283642101675,90.5,annual,300.0,-1.54,2.111066121935658,nan,2.119100766163127,nan
0.0,740294289.7420923,645978773.6331897,inf,0.0,1.1460040483659273,9013748.365590246,0.8818368311384889,nan,nan,192.5,0.7236984352972621,90.5,annual,300.0,-1.52,2.0553727647137494,nan,2.063202928969339,nan
0.0,720620823.8884815,628709219.1839619,inf,0.0,1.146190960622173,8772806.390435463,0.8818381442390316,nan,nan,192.5,0.7236672270144874,90.5,annual,300.0,-1.5,2.0004245631280426,nan,2.008052488920589,nan
0.0,701213031.1566591,611673858.1288972,inf,0.0,1.1463838479245478,8535129.653857041,0.8818395663353392,nan,nan,192.5,0.7236346669585901,90.5,annual,300.0,-1.48,1.9462215171785369,nan,1.9536494460168765,nan
0.0,682070911.5466251,594872690.4679958,inf,0.0,1.146582995783567,8300718.155854981,0.881841105088978,nan,nan,192.5,0.7236006775766514,90.5,annual,300.0,-1.46,1.8927636268652321,nan,1.8999938002582022,nan
0.0,663194465.0583792,578305716.2012578,inf,0.0,1.1467887079082217,8069571.896429282,0.8818427687731057,nan,nan,192.5,0.7235651757223547,90.5,annual,300.0,-1.44,1.8400508921881291,nan,1.8470855516445654,nan
0.0,644583691.6919216,561972935.3286831,inf,0.0,1.1470013076607,7841690.875579944,0.8818445663292803,nan,nan,192.5,0.7235280721671418,90.5,annual,300.0,-1.42,1.7880833131472271,nan,1.7949247001759667,nan
0.0,626238591.4472523,545874347.8502719,inf,0.0,1.1472211396513974,7617075.093306967,0.8818465074304035,nan,nan,192.5,0.7234892710609391,90.5,annual,300.0,-1.4,1.736860889742527,nan,1.7435112458524058,nan
0.0,608159164.3243713,530009953.76602393,inf,0.0,1.147448571490125,7395724.54961035,0.8818486025504888,nan,nan,192.5,0.7234486693364436,90.5,annual,300.0,-1.38,1.6863836219740278,nan,1.6928451886738827,nan
0.0,590345410.3232789,514379753.0759395,inf,0.0,1.1476839957114804,7177639.244490099,0.8818508630421631,nan,nan,192.5,0.7234061560501281,90.5,annual,300.0,-1.36,1.6366515098417305,nan,1.6429265286403985,nan
0.0,572797329.4439743,498983745.780018,inf,0.0,1.1479278318947441,6962819.177946203,0.8818533012228414,nan,nan,192.5,0.7233616116521774,90.5,annual,300.0,-1.34,1.5876645533456335,nan,1.5937552657519507,nan
0.0,555514921.6864583,483821931.87826014,inf,0.0,1.1481805290013964,6751264.349978673,0.8818559304707195,nan,nan,192.5,0.7233149071764903,90.5,annual,300.0,-1.32,1.5394227524857387,nan,1.5453314000085419,nan
0.0,538498187.0507303,468894311.37066525,inf,0.0,1.148442567956519,6542974.760587499,0.8818587653318347,nan,nan,192.5,0.7232659033406,90.5,annual,300.0,-1.3,1.491926107262044,nan,1.4976549314101695,nan
0.0,521747125.53679085,454200884.25723416,inf,0.0,1.1487144645039975,6337950.409772691,0.881861821639681,nan,nan,192.5,0.7232144495439148,90.5,annual,300.0,-1.28,1.4451746176745521,nan,1.4507258599568367,nan
0.0,505261737.1446393,439741650.53796595,inf,0.0,1.1489967723696815,6136191.2975342395,0.881865116649056,nan,nan,192.5,0.7231603827509578,90.5,annual,300.0,-1.26,1.3991682837232602,nan,1.4045441856485403,nan
0.0,489042021.87427646,425516610.21286154,inf,0.0,1.1492900867715523,5937697.423872153,0.8818686691860873,nan,nan,192.5,0.723103526244318,90.5,annual,300.0,-1.24,1.353907105408171,nan,1.359109908485283,nan
0.0,473087979.7257016,411525763.28191996,inf,0.0,1.149595048321696,5742468.788786424,0.881872499816684,nan,nan,192.5,0.7230436882296712,90.5,annual,300.0,-1.22,1.3093910827292816,nan,1.3144230284670624,nan
0.0,457399610.69891524,397769109.74514216,inf,0.0,1.1499123473715176,5550505.39227706,0.8818766310360122,nan,nan,192.5,0.7229806602725376,90.5,annual,300.0,-1.2,1.265620215686595,nan,1.2704835455938805,nan
0.0,441976914.7939169,384246649.6025274,inf,0.0,1.1502427288594628,5361807.234344053,0.8818810874820054,nan,nan,192.5,0.7229142155432183,90.5,annual,300.0,-1.18,1.2225945042801085,nan,1.2272914598657358,nan
0.0,426819892.010707,370958382.8540761,inf,0.0,1.150586997729622,5176374.314987411,0.8818858961764219,nan,nan,192.5,0.7228441068426085,90.5,annual,300.0,-1.16,1.180313948509824,nan,1.1848467712826296,nan
0.0,411928542.3492853,357904309.4997879,inf,0.0,1.1509460250003762,4994206.634207126,0.8818910867975392,nan,nan,192.5,0.7227700643771283,90.5,annual,300.0,-1.14,1.13877854837574,nan,1.1431494798445605,nan
0.0,397302865.8096522,345084429.53966355,inf,0.0,1.1513207545748938,4815304.192003207,0.8818966919892512,nan,nan,192.5,0.7226917932457595,90.5,annual,300.0,-1.12,1.0979883038778588,nan,1.1021995855515305,nan
0.0,382942862.3918071,332498742.9737022,inf,0.0,1.1517122109002818,4639666.988375647,0.8819027477121849,nan,nan,192.5,0.7226089705959261,90.5,annual,300.0,-1.1,1.057943215016178,nan,1.0619970884035377,nan
0.0,368848532.0957503,320147249.8019042,inf,0.0,1.1521215075999582,4467295.023324447,0.8819092936433948,nan,nan,192.5,0.7225212423975245,90.5,annual,300.0,-1.08,1.0186432817906985,nan,1.0225419884005826,nan
0.0,355019874.9214817,308029950.02426946,inf,0.0,1.1525498572249548,4298188.296849608,0.8819163736324015,nan,nan,192.5,0.722428219775528,90.5,annual,300.0,-1.06,0.9800885042014202,nan,0.9838342855426654,nan
0.0,341456890.8690015,296146843.6407981,inf,0.0,1.1529985822950752,4132346.8089511306,0.8819240362227264,nan,nan,192.5,0.722329474830946,90.5,annual,300.0,-1.04,0.9422788822483433,nan,0.945873979829786,nan
0.0,328159579.93830955,284497930.6514901,inf,0.0,1.1534691278310385,3969770.5596290138,0.8819323352497704,nan,nan,192.5,0.7222245358671451,90.5,annual,300.0,-1.02,0.9052144159314679,nan,0.9086610712619445,nan
0.0,315127942.1294059,273083211.05634546,inf,0.0,1.1539630756150194,3810459.5488832593,0.8819413305279566,nan,nan,192.5,0.7221128819230956,90.5,annual,300.0,-1.0,0.8688951052507938,nan,0.8721955598391411,nan
0.0,302361977.4422905,261902684.85536405,inf,0.0,1.1544821604607456,3654413.776713865,0.8819510886425158,nan,nan,192.5,0.7219939364964579,90.5,annual,300.0,-0.98,0.8333209502063208,nan,0.8364774455613754,nan
0.0,289861685.8769633,250956352.04854602,inf,0.0,1.1550282888272592,3501633.2431208314,0.8819616838643451,nan,nan,192.5,0.7218670603167437,90.5,annual,300.0,-0.96,0.7984919507980491,nan,0.8015067284286475,nan
0.0,277627067.4334245,240244212.63589132,inf,0.0,1.1556035601747867,3352117.94810416,0.881973199210065,nan,nan,192.5,0.7217315430011385,90.5,annual,300.0,-0.94,0.7644081070259788,nan,0.7672834084409575,nan
0.0,265658122.11167398,229766266.6174,inf,0.0,1.1562102915396195,3205867.8916638494,0.8819857276739173,nan,nan,192.5,0.7215865933917283,90.5,annual,300.0,-0.92,0.7310694188901099,nan,0.7338074855983056,nan
0.0,253954849.91171166,219522513.993072,inf,0.0,1.1568510459010428,3062883.0737999,0.8819993736638126,nan,nan,192.5,0.7214313283312851,90.5,annual,300.0,-0.9,0.6984758863904424,nan,0.7010789599006914,nan
0.0,242517250.83353764,209512954.7629073,inf,0.0,1.157528665031617,2923163.494512311,0.8820142546806633,nan,nan,192.5,0.7212647595834037,90.5,annual,300.0,-0.88,0.666627509526976,nan,0.669097831348115,nan
0.0,231345324.8771519,199737588.92690587,inf,0.0,1.1582463076682723,2786709.153801083,0.882030503288826,nan,nan,192.5,0.7210857785391438,90.5,annual,300.0,-0.86,0.6355242882997109,nan,0.6378640999405764,nan
0.0,220439072.04255447,190196416.48506784,inf,0.0,1.1590074940232165,2653520.0516662165,0.882048269436193,nan,nan,192.5,0.720893138273012,90.5,annual,300.0,-0.84,0.6051662227086471,nan,0.6073777656780757,nan
0.0,209798492.3297453,180889437.43739316,inf,0.0,1.1598161578801842,2523596.188107711,0.8820677231959382,nan,nan,192.5,0.7206854324118983,90.5,annual,300.0,-0.82,0.5755533127537847,nan,0.5776388285606129,nan
0.0,199423585.73872453,171816651.78388184,inf,0.0,1.1606767078057594,2396937.5631255675,0.8820890580189537,nan,nan,192.5,0.7204610701557365,90.5,annual,300.0,-0.8,0.5466855584351239,nan,0.5486472885881882,nan
0.0,189314352.26949188,162978059.5245338,inf,0.0,1.1615940993639917,2273544.1767197847,0.8821124946075607,nan,nan,192.5,0.7202182466308075,90.5,annual,300.0,-0.78,0.5185629597526641,nan,0.5204031457608013,nan
0.0,179470791.92204756,154373660.6593491,inf,0.0,1.1625739206773065,2153416.028890362,0.8821382855485407,nan,nan,192.5,0.7199549075559206,90.5,annual,300.0,-0.76,0.49118551670640564,nan,0.49290640007845193,nan
0.0,169892904.69639152,146003455.1883277,inf,0.0,1.1636224942570652,2036553.1196373012,0.8821667208787628,nan,nan,192.5,0.7196687069450638,90.5,annual,300.0,-0.74,0.4645532292963484,nan,0.4661570515411407,nan
0.0,160580690.59252372,137867443.11146963,inf,0.0,1.1647469987725079,1922955.448960601,0.8821981348021426,nan,nan,192.5,0.7193569562399805,90.5,annual,300.0,-0.72,0.43866609752249247,nan,0.44015510014886716,nan
0.0,151534149.61044428,129965624.42877495,inf,0.0,1.1659556153903567,1812623.016860262,0.882232913835608,nan,nan,192.5,0.719016562838751,90.5,annual,300.0,-0.7,0.4135241213848381,nan,0.4149005459016316,nan
0.0,142753281.7501531,122297999.14024362,inf,0.0,1.1672577045717047,1705555.8233362848,0.8822715067388766,nan,nan,192.5,0.7186439554295283,90.5,annual,300.0,-0.68,0.389127300883385,nan,0.390393388799434,nan
0.0,134238087.01165015,114864567.24587554,inf,0.0,1.1686640208577486,1601753.8683886677,0.8823144366842172,nan,nan,192.5,0.7182349928078046,90.5,annual,300.0,-0.66,0.365475636018133,nan,0.3666336288422741,nan
0.0,125988565.39493552,107665328.74567083,inf,0.0,1.1701869753497731,1501217.1520174125,0.8823623162568986,nan,nan,192.5,0.717784851889672,90.5,annual,300.0,-0.64,0.34256912678908247,nan,0.34362126603015214,nan
0.0,118004716.90000917,100700283.63962945,inf,0.0,1.171840958485342,1403945.6742225178,0.8824158660566452,nan,nan,192.5,0.7172878893470316,90.5,annual,300.0,-0.62,0.3204077731962332,nan,0.321356300363068,nan
0.0,110286541.52687107,93969431.92775139,inf,0.0,1.1736427396056317,1309939.4350039843,0.8824759379124331,nan,nan,192.5,0.7167374695633083,90.5,annual,300.0,-0.6,0.29899157523958525,nan,0.2998387318410217,nan
0.0,102834039.27552125,87472773.61003667,inf,0.0,1.1756119650894665,1219198.434361812,0.8825435440517881,nan,nan,192.5,0.7161257492690681,90.5,annual,300.0,-0.58,0.2783205329191386,nan,0.27906856046401335,nan
0.0,95647210.14595973,81210308.68648529,inf,0.0,1.177771784062643,1131722.6722960009,0.8826198940166246,nan,nan,192.5,0.7154434060208459,90.5,annual,300.0,-0.56,0.25839464623489333,nan,0.2590457862320429,nan
0.0,88726054.13818647,75182037.15709719,inf,0.0,1.1801496407019176,1047512.1488065501,0.88270644174191,nan,nan,192.5,0.7146792932780208,90.5,annual,300.0,-0.54,0.23921391518684917,nan,0.23977040914511005,nan
0.0,82070571.25220148,69387959.02187246,inf,0.0,1.1827782861624625,966566.863893461,0.8828049460866747,nan,nan,192.5,0.7138199986908247,90.5,annual,300.0,-0.52,0.22077833977500647,nan,0.22124242920321527,nan
0.0,75680761.4880048,63828074.28081107,inf,0.0,1.1856970829959232,888886.8175567328,0.8829175493415945,nan,nan,192.5,0.7128492735652123,90.5,annual,300.0,-0.5,0.2030879199993651,nan,0.2034618464063583,nan
0.0,69556624.84559637,58502382.933912985,inf,0.0,1.1889537033759936,814472.0097963659,0.8830468800035782,nan,nan,192.5,0.7117472891586237,90.5,annual,300.0,-0.48,0.18614265585992495,nan,0.18642866075453923,nan
0.0,63698161.324976236,53410884.98117825,inf,0.0,1.1926063638043665,743322.4406123597,0.8831961886652969,nan,nan,188.0,0.7103668812903668,90.5,annual,300.0,-0.46,0.16994254735668618,nan,0.17014287224775795,nan
0.0,58105370.92614439,48553580.42260684,inf,0.0,1.196726799968189,675438.1100047152,0.8833695296191891,nan,nan,188.0,0.7086830704405572,90.5,annual,300.0,-0.44,0.15448759448964872,nan,0.15460448088601467,nan
0.0,52778253.64910082,43930469.25819877,inf,0.0,1.2014042768106963,610819.0179734315,0.8835720063553222,nan,nan,188.0,0.7067466357371804,90.5,annual,300.0,-0.42,0.13977779725881256,nan,0.13981348666930918,nan
0.0,47716809.493845515,39541551.48795402,inf,0.0,1.2067510681360596,549465.1645185087,0.8838101075537155,nan,nan,188.0,0.7045046593597064,90.5,annual,300.0,-0.4,0.12581315566417772,nan,0.12576988959764154,nan
0.0,42921038.460378505,35386827.11187261,inf,0.0,1.2129100561824062,491376.54963994713,0.8840921730798205,nan,nan,188.0,0.7018897849038268,90.5,annual,300.0,-0.38,0.11259366970574422,nan,0.11247368967101176,nan
0.0,38390940.54869977,31466296.12995453,inf,0.0,1.2200654436781098,436553.1733377466,0.8844290496044304,nan,nan,188.0,0.6988153045100569,90.5,annual,300.0,-0.36,0.100119339383512,nan,0.09992488688941985,nan
0.0,34126515.758809336,27779958.542199813,inf,0.0,1.2284581241173789,384995.0356119076,0.8848350273511812,nan,nan,188.0,0.695168225962568,90.5,annual,300.0,-0.34,0.0883901646974812,nan,0.08812348125286591,nan
0.0,30127764.09070716,24327814.34860839,inf,0.0,1.238408171773579,336702.13646242954,0.8853292009265916,nan,nan,188.0,0.6907993421379883,90.5,annual,300.0,-0.32,0.0774061456476516,nan,0.0770694727613498,nan
0.0,26394685.54439328,21109863.54918031,inf,0.0,1.250348467809882,291674.4758893122,0.8859374817583358,nan,nan,188.0,0.6855087828701008,90.5,annual,300.0,-0.3,0.06716728223402335,nan,0.06676286141487148,nan
0.0,22927280.11986764,18126106.143915538,inf,0.0,1.2648761922628227,249912.05389255594,0.8866956312304881,nan,nan,188.0,0.6790246539084642,90.5,annual,300.0,-0.28,0.057673574456596335,nan,0.057203647213431005,nan
0.0,19725547.817130305,15376542.132814113,inf,0.0,1.2828337897267066,211414.87047216087,0.8876539246388471,nan,nan,186.0,0.6708850142925086,90.5,annual,300.0,-0.26,0.048925022315370686,nan,0.04839183015702843,nan
0.0,16789488.636181243,12861171.515876018,inf,0.0,1.3054400693946158,176182.92562812674,0.888884472189368,nan,nan,184.0,0.6600013382487878,90.5,annual,300.0,-0.24,0.04092162581034634,nan,0.040327410245663685,nan
0.0,14119102.577020457,10579994.293101251,inf,0.0,1.3345094700312743,144216.2193604539,0.8904929461169484,nan,nan,184.0,0.6458998963692706,90.5,annual,300.0,-0.22,0.0336633849415233,nan,0.03301038747933684,nan
0.0,11714389.63964797,8533010.464489834,inf,0.0,1.372831978631394,115514.75166914218,0.892637705335482,nan,nan,180.0,0.6269460340719721,90.5,annual,300.0,-0.2,0.027150299708901635,nan,0.026440761858047883,nan
0.0,9575349.82406373,6720220.03004172,inf,0.0,1.4248565941678377,90078.52255419147,0.895561334002371,nan,nan,180.0,0.6011988506996585,90.5,annual,300.0,-0.18,0.021382370112481185,nan,0.020618533381796766,nan
0.0,7701983.130267787,5141622.989756948,inf,0.0,1.4979673044117672,67907.5320156016,0.8996423476529019,nan,nan,176.5,0.5666968623823359,90.5,annual,300.0,-0.16,0.01635959615226209,nan,0.015543702050583457,nan
0.0,6094289.558260141,3797219.343635524,inf,0.0,1.6049348238138283,49001.78005337316,0.905475789867,nan,nan,176.5,0.5189459492513638,90.5,annual,300.0,-0.14,0.012081977828244352,nan,0.011216267864408092,nan
0.0,4752269.108040736,2687009.0916773994,inf,0.0,1.7686092401995082,33361.26666750565,0.9139764980528652,nan,nan,176.5,0.4551608709072492,90.5,annual,300.0,-0.12,0.00854951514042783,nan,0.007636230823270558,nan
0.0,3675921.7796096457,1810992.2338826356,inf,0.0,2.029783292736014,20985.991857999597,0.9264070324477494,nan,nan,172.0,0.3694752460839161,90.5,annual,300.0,-0.1,0.005762208088812712,nan,0.004803590927170971,nan
0.0,3675921.7796096457,1810992.2338826356,inf,0.0,2.029783292736014,20985.991857999597,0.9264070324477494,nan,nan,172.0,0.3694752460839161,90.5,annual,300.0,-0.1,0.005762208088812712,nan,0.004803590927170971,nan
0.0,3582899.0684648873,1736271.1847821414,inf,0.0,2.063559598217056,19928.052498748755,0.9279175865678188,nan,nan,170.5,0.35979188619430724,90.5,annual,300.0,-0.098,0.0055244609436422695,nan,0.004561433780538073,nan
0.0,3492533.088538024,1663892.0696232878,inf,0.0,2.0990142042859476,18902.765525261275,0.9294807918544248,nan,nan,170.5,0.34991533998647506,90.5,annual,300.0,-0.096,0.005294165354833863,nan,0.0043267506053554965,nan
0.0,3404823.839829018,1593854.8884060462,inf,0.0,2.136219466775958,17910.13093753768,0.9310971138348391,nan,nan,170.5,0.33988152368304364,90.5,annual,300.0,-0.094,0.005071321322387402,nan,0.004099541401623361,nan
0.0,3319771.3223379287,1526159.641130465,inf,0.0,2.175245126963841,16950.148735578052,0.9327667497657021,nan,nan,170.5,0.3297022774629451,90.5,annual,300.0,-0.092,0.00485592884630304,nan,0.0038798061693416865,nan
0.0,3237375.536064694,1460806.3277964946,inf,0.0,2.2161565667284635,16022.818919381345,0.9344895811743033,nan,nan,170.5,0.3193913869150376,90.5,annual,300.0,-0.09,0.00464798792658062,nan,0.0036675449085102323,nan
0.0,3157636.481009346,1397794.9484041608,inf,0.0,2.2590126574819624,15128.14148894862,0.9362651218487226,nan,nan,170.5,0.3089647228242598,90.5,annual,300.0,-0.088,0.0044474985632202224,nan,0.0034627576191292417,nan
0.0,3080554.157171881,1337125.5029534623,inf,0.0,2.3038631380281864,14266.116444279587,0.9380924614094635,nan,nan,170.5,0.29844037631135517,90.5,annual,300.0,-0.086,0.004254460756221845,nan,0.003265444301198648,nan
0.0,3006128.5645523034,1278797.9914443986,inf,0.0,2.3507454536716077,13436.74378537401,0.9399702047777824,nan,nan,170.5,0.28783878596718515,90.5,annual,300.0,-0.084,0.004068874505585486,nan,0.003075604954718398,nan
0.0,2934359.7031506132,1222812.4138769712,inf,0.0,2.399680989373602,12640.023512231977,0.9418964080837308,nan,nan,170.5,0.27718285310295776,90.5,annual,300.0,-0.082,0.0038907398113111487,nan,0.0028932395796885113,nan
0.0,2865247.5729668057,1169168.770251179,inf,0.0,2.4506706353020773,11875.955624853603,0.9438685118334327,nan,nan,170.5,0.2664980407209192,90.5,annual,300.0,-0.08,0.0037200566733988313,nan,0.0027183481761090143,nan
0.0,2865247.5729668057,1169168.770251179,inf,0.0,2.4506706353020773,11875.955624853603,0.9438685118334327,nan,nan,170.5,0.2664980407209192,90.5,annual,300.0,-0.08,0.0037200566733988313,nan,0.0027183481761090143,nan
0.0,2798792.1740008835,1117867.0605670232,inf,0.0,2.503689636029917,11144.540123239225,0.9458832724820915,nan,nan,170.5,0.25581245131775354,90.5,annual,300.0,-0.078,0.003556825091848536,nan,0.002550930743979984,nan
0.0,2734993.5062528476,1068907.2848245031,inf,0.0,2.5586816977319864,10445.777007388408,0.9479366939351975,nan,nan,170.5,0.24515687819369333,90.5,annual,300.0,-0.076,0.003401045066660262,nan,0.0023909872833013206,nan
0.0,2673851.5697226985,1022289.4430236183,inf,0.0,2.6155523643228347,9779.666277301149,0.9500239609198529,nan,nan,170.5,0.2345648245871617,90.5,annual,300.0,-0.074,0.0032527165978340077,nan,0.002238517794073024,nan
0.0,2615366.364410403,978013.5351643439,inf,0.0,2.674161727190126,9146.207932977024,0.9521393766198085,nan,nan,170.5,0.22407248472601313,90.5,annual,300.0,-0.072,0.003111839685369693,nan,0.0020935222762949973,nan
0.0,2559537.8903160063,936079.5612467129,inf,0.0,2.734316607561753,8545.401974416682,0.9542763074337525,nan,nan,170.5,0.2137186808248247,90.5,annual,300.0,-0.07,0.002978414329267424,nan,0.001956000729967388,nan
0.0,2506366.1474394836,896487.5212707112,inf,0.0,2.795762448412976,7977.248401620113,0.9564271381704007,nan,nan,170.5,0.20354475020682178,90.5,annual,300.0,-0.068,0.002852440529527155,nan,0.001825953155090195,nan
0.0,2455851.1357808746,859237.4152363694,inf,0.0,2.85817527522971,7441.747214587186,0.9585832414008201,nan,nan,170.5,0.1935943771343063,90.5,annual,300.0,-0.066,0.0027339182861489835,nan,0.0017033795516633874,nan
0.0,2407992.8553401227,824329.2431436362,inf,0.0,2.9211542297796895,6938.89841331806,0.9607349650044256,nan,nan,170.5,0.18391336463272812,90.5,annual,300.0,-0.064,0.002622847599132747,nan,0.001588279919687002,nan
0.0,2362791.306117239,791763.0049925263,inf,0.0,2.9842153412302235,6468.701997811512,0.9628716421177848,nan,nan,170.5,0.17454934262465885,90.5,annual,300.0,-0.062,0.0025192284684784918,nan,0.0014806542591607591,nan
0.0,2320246.488112288,761538.7007830909,inf,0.0,3.0467873605456646,6031.157968070128,0.9649816276676694,nan,nan,170.5,0.16555141007274443,90.5,annual,300.0,-0.06,0.0024230608941863806,nan,0.00138050257008525,nan
0.0,2320246.488112288,761538.7007830909,inf,0.0,3.0467873605456646,6031.157968070128,0.9649816276676694,nan,nan,170.5,0.16555141007274443,90.5,annual,300.0,-0.06,0.0024230608941863806,nan,0.00138050257008525,nan
0.0,2280358.401325174,733656.3305152515,inf,0.0,3.1082106246172017,5626.266324091266,0.9670523653826311,nan,nan,170.5,0.1569697105679704,90.5,annual,300.0,-0.058,0.002334344876256164,nan,0.0012878248524598706,nan
0.0,2243127.0457559656,708115.8941890616,inf,0.0,3.167740004374295,5254.027065876359,0.9690704885769987,nan,nan,170.5,0.14885494287764764,90.5,annual,300.0,-0.056,0.0022530804146880115,nan,0.0012026211062849486,nan
0.0,2208552.4214046234,684917.391804494,inf,0.0,3.2245529867272564,4914.440193425026,0.9710219570467119,nan,nan,170.5,0.1412578103380655,90.5,annual,300.0,-0.054,0.0021792675094818377,nan,0.0011248913315603966,nan
0.0,2176634.5282711852,664060.8233615755,inf,0.0,3.2777638006903267,4607.50570673735,0.9728922310887834,nan,nan,170.5,0.1342284155743638,90.5,annual,300.0,-0.052,0.002112906160637727,nan,0.001054635528286234,nan
0.0,2147373.366355614,645546.1888602787,inf,0.0,3.3264441854220115,4333.223605813133,0.974666481968269,nan,nan,170.5,0.12781560974836784,90.5,annual,300.0,-0.05,0.002053996368155592,nan,0.000991853696462415,nan
0.0,2120768.935657919,629373.4883006077,inf,0.0,3.369650891054019,4091.593890652574,0.9763298361610885,nan,nan,170.5,0.12206630824846665,90.5,annual,300.0,-0.048,0.0020025381320354467,nan,0.0009365458360889857,nan
0.0,2096821.2361781178,615542.7216825825,inf,0.0,3.406459311949086,3882.616561255815,0.9778676484957374,nan,nan,170.5,0.11702478729058256,90.5,annual,300.0,-0.046,0.001958531452277355,nan,0.0008887119471659783,nan
0.0,2075530.2679162049,604053.8890061917,inf,0.0,3.4360018297886166,3706.291617622685,0.9792657970449323,nan,nan,170.5,0.11273197812992661,90.5,annual,300.0,-0.044,0.001921976328881279,nan,0.0008483520296933536,nan
0.0,2056896.030872165,594906.9902714277,inf,0.0,3.457508592954508,3562.619059752731,0.9805109904618479,nan,nan,170.5,0.10922477731879507,90.5,annual,300.0,-0.042,0.001892872761847195,nan,0.0008154660836710081,nan
0.0,2040918.5250460217,588102.0254783094,inf,0.0,3.4703477230606743,3451.5988876468314,0.9815910766216002,nan,nan,170.5,0.1065353925259617,90.5,annual,300.0,-0.04,0.0018712207511751642,nan,0.0007900541090991427,nan
0.0,2040918.5250460217,588102.0254783094,inf,0.0,3.4703477230606743,3451.5988876468314,0.9815910766216002,nan,nan,170.5,0.1065353925259617,90.5,annual,300.0,-0.04,0.0018712207511751642,nan,0.0007900541090991427,nan
0.0,2027597.7504377356,583638.9946268005,inf,0.0,3.474061481677134,3373.231101304406,0.9824953401278921,nan,nan,170.5,0.10469074372225419,90.5,annual,300.0,-0.038,0.0018570202968650705,nan,0.0007721161059776248,nan
0.0,2016933.7070473335,581517.8977169284,inf,0.0,3.468394893718538,3327.5157007252114,0.9832147756648718,nan,266.03016657255364,170.5,0.10371193893998645,90.5,annual,300.0,-0.036,0.0018502713989170007,nan,0.0007616520743063984,nan
0.0,2008926.3948748473,581738.7347487173,inf,0.0,3.4533137899827238,3314.4526859102302,0.9837423244529512,nan,266.5709793332896,170.5,0.10361384228607845,90.5,annual,300.0,-0.034,0.001850974057331032,nan,0.0007586620140856887,nan
0.0,2003575.8139202173,584301.5057221168,inf,0.0,3.429010184466445,3334.042056858479,0.9840730622656526,nan,267.15136475711677,170.5,0.1044047494500493,90.5,annual,300.0,-0.032,0.0018591282721070045,nan,0.0007631459253152704,nan
0.0,2000881.9641834735,589206.2106371506,inf,0.0,3.395894218460083,3386.283813570416,0.9842043295515014,nan,267.7718638411446,170.5,0.10608618268274322,90.5,annual,300.0,-0.03,0.0018747340432449932,nan,0.0007751038079952484,nan
0.0,2000844.8456646127,596452.84949382,inf,0.0,3.354573370489605,3471.177956045782,0.9841357970516152,nan,268.4336056011229,170.5,0.10865281327623287,90.5,annual,300.0,-0.028,0.0018977913707450022,nan,0.0007945356621255635,nan
0.0,2003464.4583636404,606041.4222921276,inf,0.0,3.3058209961726326,3588.7244842851333,0.9838694636925422,nan,269.13582594967335,170.5,0.11209251515478116,90.5,annual,300.0,-0.026,0.00192830025460704,nan,0.0008214414877063429,nan
0.0,2008740.8022805518,617971.929032068,inf,0.0,3.250537294512472,3738.9233982879923,0.9834095871830724,nan,269.8793780310683,170.5,0.11638654853151746,90.5,annual,300.0,-0.024,0.0019662606948310894,nan,0.0008558212847374774,nan
0.0,2016673.877415351,632244.3697136445,inf,0.0,3.1897063446033393,3921.7746980546235,0.9827625513397656,nan,270.66408166022495,170.5,0.12150986796117254,90.5,annual,300.0,-0.022,0.0020116726914171604,nan,0.0008976750532190274,nan
0.0,2027263.6837680037,648858.7443368335,inf,0.0,3.1243528756632077,4137.278383584467,0.9819366774036369,nan,271.49034869831945,170.5,0.12743154478682323,90.5,annual,300.0,-0.02,0.0020645362443651783,nan,0.0009470027931508647,nan
0.0,2027263.6837680037,648858.7443368335,inf,0.0,3.1243528756632077,4137.278383584467,0.9819366774036369,nan,271.49034869831945,170.5,0.12743154478682323,90.5,annual,300.0,-0.02,0.0020645362443651783,nan,0.0009470027931508647,nan
0.0,2040510.2213385736,667815.0529016808,inf,0.0,3.0555019873728244,4385.4344548781155,0.9809419892298517,nan,nan,170.5,0.1341152901800374,90.5,annual,300.0,-0.018,0.0021248513536752892,nan,0.0010038045045331254,nan
0.0,2056413.4901270275,689113.2954081648,inf,0.0,2.984144267466215,4666.242911935536,0.9797899440490365,nan,nan,170.5,0.14152006190550354,90.5,annual,300.0,-0.016,0.002192618019347424,nan,0.0010680801873658014,nan
0.0,2074973.4901333386,712753.4718562601,inf,0.0,2.91120783281403,4979.703754756365,0.9784931414206636,nan,nan,170.5,0.1496007357464863,90.5,annual,300.0,-0.014,0.0022678362413815017,nan,0.0011398298416488099,nan
0.0,2096190.2213575453,738735.582246,inf,0.0,2.8375379117172552,5325.816983340853,0.9770650230300872,nan,nan,172.0,0.15827013645861843,90.5,annual,300.0,-0.012,0.0023505060197776284,nan,0.001219053467382208,nan
0.0,2120063.6837996272,767059.6265773673,inf,0.0,2.7638838107793346,5704.582597688963,0.9755195752102076,nan,nan,172.0,0.16749652712064603,90.5,annual,300.0,-0.01,0.0024406273545357496,nan,0.001305751064565987,nan
0.0,2146593.8774595945,797725.6048503687,inf,0.0,2.6908925379952375,6116.000597800647,0.9738710446508723,nan,nan,172.0,0.17723856229877244,90.5,annual,300.0,-0.008,0.0025382002456558863,nan,0.0013999226332001365,nan
0.0,2175780.802337459,830733.5170650154,inf,0.0,2.6191080023164353,6560.070983676171,0.9721336758873216,nan,nan,172.0,0.18744172460945485,90.5,annual,300.0,-0.006,0.0026432246931380743,nan,0.001501568173284717,nan
0.0,2207624.458433197,866083.3632212892,inf,0.0,2.5489745585485126,7036.793755315134,0.9703214770378997,nan,nan,172.0,0.19805114931778917,90.5,annual,300.0,-0.004,0.0027557006969822556,nan,0.001610687684819637,nan
0.0,2242124.845746802,903775.1433191833,inf,0.0,2.48084367258921,7546.168912717462,0.9684480180842676,nan,nan,172.0,0.20901227867073383,90.5,annual,300.0,-0.002,0.0028756282571884085,nan,0.0017272811678048794,nan
0.0,2279281.9642783124,943808.8573587273,inf,0.0,2.4149825957948097,8088.196455883643,0.9665262639174995,nan,nan,172.0,0.22027145633519846,90.5,annual,300.0,0.0,0.0030030073737566275,nan,0.0018513486222405554,nan
0.0,2279281.9642783124,943808.8573587273,inf,0.0,2.4149825957948097,8088.196455883643,0.9665262639174995,nan,nan,172.0,0.22027145633519846,90.5,annual,300.0,0.0,0.0030030073737566275,nan,0.0018513486222405554,nan
0.0,2319095.8140276875,986184.5053398903,inf,0.0,2.351584111766598,8662.876384813317,0.9645684425338772,nan,nan,172.0,0.23177645404932531,90.5,annual,300.0,0.002,0.0031378380466868137,nan,0.0019828900481265836,nan
0.0,2361566.3949949704,1030902.0872627081,inf,0.0,2.290776616104731,9270.20869950699,0.962585947234025,nan,nan,172.0,0.2434769255814575,90.5,annual,300.0,0.004,0.003280120275979082,nan,0.0021219054454630786,nan
0.0,2406693.707180117,1077961.6031271424,inf,0.0,2.232633982693217,9910.193399963893,0.9605892704959036,nan,nan,172.0,0.25532478586869395,90.5,annual,300.0,0.006,0.00342985406163331,nan,0.002268394814249866,nan
0.0,2454477.7505831425,1127363.0529332075,inf,0.0,2.177184842271536,10582.830486184206,0.9585879663583493,nan,nan,178.5,0.26727201300391557,90.5,annual,300.0,0.008,0.0035870394036495424,nan,0.0024223581544869856,nan
0.0,2504918.5252040606,1179106.4366809137,inf,0.0,2.1244210423065772,11288.119958168554,0.9565906376427347,nan,nan,178.5,0.2788377578917594,90.5,annual,300.0,0.01,0.003751676302027813,nan,0.002583795466174581,nan
0.0,2558016.031042863,1233191.7543702556,inf,0.0,2.0743051694739436,12026.061815916362,0.9546049441134494,nan,nan,178.5,0.2903928729713326,90.5,annual,300.0,0.012,0.0039237647567681045,nan,0.00275270674931252,nan
0.0,2613770.2680995455,1289619.006001227,inf,0.0,2.0267770992334913,12796.656059427769,0.9526376276811568,nan,nan,178.5,0.30190264595785227,90.5,annual,300.0,0.014,0.004103304767870397,nan,0.0029290920039008357,nan
0.0,2672181.2363741198,1348388.1915738403,inf,0.0,1.9817595949539921,13599.902688702849,0.9506945509315023,nan,nan,178.5,0.313335681349693,90.5,annual,300.0,0.016,0.00429029633533473,nan,0.0031129512299395436,nan
0.0,2733248.935866553,1409499.311088065,inf,0.0,1.939163016515856,14435.801703741334,0.9487807455637692,nan,nan,178.5,0.32466384302796153,90.5,annual,300.0,0.018,0.004484739459161006,nan,0.0033042844274285836,nan
0.0,2796973.3665768686,1472952.3645439274,inf,0.0,1.89888921998024,15304.353104543585,0.9469004677025167,nan,nan,178.5,0.33586215792048835,90.5,annual,300.0,0.02,0.004686634139349309,nan,0.0035030915963680377,nan
0.0,2796973.3665768686,1472952.3645439274,inf,0.0,1.89888921998024,15304.353104543585,0.9469004677025167,nan,nan,178.5,0.33586215792048835,90.5,annual,300.0,0.02,0.004686634139349309,nan,0.0035030915963680377,nan
0.0,2863354.5285051023,1538747.351941447,inf,0.0,1.8608347399541518,16205.556891109652,0.9450572574617115,nan,nan,178.5,0.3469086885385714,90.5,annual,300.0,0.022,0.004895980375899702,nan,0.003709372736757917,nan
0.0,2932392.4216511897,1606884.2732805796,inf,0.0,1.8248933482088798,17139.413063438926,0.9432540005647911,nan,nan,178.5,0.35778438162833803,90.5,annual,300.0,0.024,0.005112778168812043,nan,0.003923127848598083,nan
0.0,3004087.046015164,1677363.1285613477,inf,0.0,1.7909580787028088,18105.921621532074,0.9414929902330422,nan,nan,178.5,0.3684728994922922,90.5,annual,300.0,0.026,0.005337027518086404,nan,0.004144356931888688,nan
0.0,3078438.401597025,1750183.91778375,inf,0.0,1.7589228025219417,19105.082565388635,0.9397759879333074,nan,nan,178.5,0.37896043978290755,90.5,annual,300.0,0.028,0.005568728423722781,nan,0.0043730599866296255,nan
0.0,3155446.4883967703,1825346.6409477894,inf,0.0,1.7286834279095298,20136.89589500912,0.9381042819149438,nan,nan,178.5,0.38923554879204864,90.5,annual,300.0,0.03,0.005807880885721183,nan,0.004609237012821013,nan
0.0,3235111.3064144007,1902851.2980534653,inf,0.0,1.7001387915722999,21201.361610393156,0.9364787427608864,nan,nan,178.5,0.3992889324911355,90.5,annual,300.0,0.032,0.006054484904081609,nan,0.004852888010462767,nan
0.0,3317432.8556499174,1982697.8891007747,inf,0.0,1.6731912985263193,22298.479711540745,0.93489987542735,nan,nan,178.5,0.4091132688433977,90.5,annual,300.0,0.034,0.006308540478804047,nan,0.005104012979554886,nan
0.0,3402411.136103291,2064886.4140896974,inf,0.0,1.6477473593157617,23428.250198451587,0.9333678674531247,nan,nan,178.5,0.4187030242281319,90.5,annual,300.0,0.036,0.0065700476098884365,nan,0.005362611920097301,nan
0.0,3490046.1477745795,2149416.8730202788,inf,0.0,1.6237176657455468,24590.67307112681,0.9318826331855765,nan,nan,184.0,0.42777987648551474,90.5,annual,300.0,0.038,0.006839006297334919,nan,0.005628684832090271,nan
0.0,3580337.8906637514,2236289.2658924973,inf,0.0,1.601017339424937,25785.748329565184,0.9304438540008555,nan,nan,184.0,0.4364487254812369,90.5,annual,300.0,0.04,0.007115416541143426,nan,0.005902231715533515,nan
0.0,3580337.8906637514,2236289.2658924973,inf,0.0,1.601017339424937,25785.748329565184,0.9304438540008555,nan,nan,184.0,0.4364487254812369,90.5,annual,300.0,0.04,0.007115416541143426,nan,0.005902231715533515,nan
0.0,3673286.364770783,2325503.5927063255,inf,0.0,1.5795659814466094,27013.47597376709,0.929051014594892,nan,nan,184.0,0.4448745125090622,90.5,annual,300.0,0.042,0.007399278341313872,nan,0.006183252570427119,nan
0.0,3768891.5700957086,2417059.8534617973,inf,0.0,1.5592876463931047,28273.856003732693,0.927703435494466,nan,nan,184.0,0.4530584519655336,90.5,annual,300.0,0.044,0.007690591697846363,nan,0.006471747396771122,nan
0.0,3867153.506638509,2510958.048158899,inf,0.0,1.5401107595063201,29566.88841946193,0.9264003019882565,nan,nan,184.0,0.46100263533937685,90.5,annual,300.0,0.046,0.007989356610740857,nan,0.006767716194565509,nan
0.0,3968072.1743991976,2607198.1767976335,inf,0.0,1.521967992196549,30892.5732209546,0.925140689710629,nan,nan,184.0,0.4687099050229781,90.5,annual,300.0,0.048,0.008295573079997363,nan,0.007071158963810233,nan
0.0,4071647.5733777755,2705780.2393780123,inf,0.0,1.5047961080215961,32250.91040821097,0.9239235871294975,nan,nan,184.0,0.4761837398363372,90.5,annual,300.0,0.05,0.008609241105615915,nan,0.007382075704505356,nan
0.0,4177879.703574234,2806704.2359000198,inf,0.0,1.4885357887502966,33641.89998123131,0.9227479151971991,nan,nan,184.0,0.4834281517574582,90.5,annual,300.0,0.052,0.008930360687596468,nan,0.007700466416650942,nan
0.0,4286768.564988559,2909970.1663636463,inf,0.0,1.4731314480606466,35065.54194001463,0.9216125444225481,nan,nan,184.0,0.4904475932577815,90.5,annual,300.0,0.054,0.009258931825938987,nan,0.008026331100246758,nan
0.0,4398314.157620789,3015578.030768924,inf,0.0,1.458531038740619,36521.83628456196,0.9205163096153558,nan,nan,184.0,0.49724687457974964,90.5,annual,300.0,0.056,0.009594954520643576,nan,0.008359669755293049,nan
0.0,4512516.481470883,3123527.829115822,inf,0.0,1.444685857896852,38010.783014872664,0.9194580225434855,nan,nan,184.0,0.5038310902591391,90.5,annual,300.0,0.058,0.009938428771710138,nan,0.008700482381789661,nan
0.0,4629375.536538884,3233819.5614043726,inf,0.0,1.4315503535789282,39532.382130947386,0.9184364827284904,nan,nan,186.0,0.5101811516591582,90.5,annual,300.0,0.06,0.010289354579138774,nan,0.009048768979736747,nan
0.0,4629375.536538884,3233819.5614043726,inf,0.0,1.4315503535789282,39532.382130947386,0.9184364827284904,nan,nan,186.0,0.5101811516591582,90.5,annual,300.0,0.06,0.010289354579138774,nan,0.009048768979736747,nan
0.0,4748891.322824721,3346453.2276345175,inf,0.0,1.419081935348469,41086.63363278506,0.9174504865900508,nan,nan,186.0,0.5162212015986182,90.5,annual,300.0,0.062,0.010647731942929298,nan,0.00940452954913406,nan
0.0,4871063.840328492,3461428.8278063373,inf,0.0,1.4072407906233058,42673.53752038719,0.9164988351328487,nan,nan,186.0,0.5220648514106532,90.5,annual,300.0,0.064,0.011013560863081967,nan,0.009767764089981944,nan
0.0,4995893.089050131,3578746.3619197784,inf,0.0,1.3959897080747963,44293.093793752334,0.9155803403526508,nan,nan,188.0,0.5277012647854075,90.5,annual,300.0,0.066,0.011386841339596613,nan,0.01013847260228007,nan
0.0,5123379.068989624,3698405.829974831,inf,0.0,1.3852939089230483,45945.30245288122,0.9146938305218604,nan,nan,188.0,0.5330468476396405,90.5,annual,300.0,0.068,0.011767573372473202,nan,0.010516655086028606,nan
0.0,5253521.780147034,3820407.23197154,inf,0.0,1.3751208866380267,47630.16349777374,0.9138381544988758,nan,nan,188.0,0.5382159083362099,90.5,annual,300.0,0.07,0.012155756961711877,nan,0.010902311541227526,nan
0.0,5386321.222522318,3944750.5679098805,inf,0.0,1.36544025529509,49347.676928429995,0.9130121851905656,nan,nan,188.0,0.5432142176760261,90.5,annual,300.0,0.072,0.01255139210731256,nan,0.011295441967876853,nan
0.0,5521777.396115499,4071435.8377898633,inf,0.0,1.3562236066362618,51097.84274485003,0.9122148222830605,nan,nan,188.0,0.5480474634152033,90.5,annual,300.0,0.074,0.012954478809275284,nan,0.011696046365976596,nan
0.0,5659890.3009265335,4200463.041611457,inf,0.0,1.3474443757408194,52880.66094703313,0.911444994343146,nan,nan,188.0,0.552721233802789,90.5,annual,300.0,0.076,0.013365017067599952,nan,0.012104124735526594,nan
0.0,5800659.936955457,4331832.179374687,inf,0.0,1.3390777151004032,54696.13153497975,0.9107016603805704,nan,nan,188.0,0.5572410041849634,90.5,annual,300.0,0.078,0.01378300688228664,nan,0.01251967707652695,nan
0.0,5944086.304202265,4465543.251079553,inf,0.0,1.3311003768164762,56544.25450869037,0.9099838109508251,nan,nan,188.0,0.5616121262909889,90.5,annual,300.0,0.08,0.01420844825333535,nan,0.012942703388977773,nan
0.0,5944086.304202265,4465543.251079553,inf,0.0,1.3311003768164762,56544.25450869037,0.9099838109508251,nan,nan,188.0,0.5616121262909889,90.5,annual,300.0,0.08,0.01420844825333535,nan,0.012942703388977773,nan
0.0,6090169.40266696,4601596.256726053,inf,0.0,1.3234906025849382,58425.02986816449,0.9092904688681744,nan,nan,188.0,0.5658398198554274,90.5,annual,300.0,0.082,0.014641341180746073,nan,0.013373203672878949,nan
0.0,6238909.232349536,4739991.19631419,inf,0.0,1.3162280210986264,60338.45761340248,0.9086206895899411,nan,nan,188.0,0.5699291662678501,90.5,annual,300.0,0.084,0.015081685664518825,nan,0.013811177928230564,nan
0.0,6390305.79325,4880728.069843963,inf,0.0,1.3092935524790053,62284.53774440392,0.9079735613252354,nan,nan,188.0,0.5738851039745511,90.5,annual,300.0,0.086,0.015529481704653597,nan,0.01425662615503252,nan
0.0,6544359.085368352,5023806.877315371,inf,0.0,1.302669319340065,64263.27026116897,0.9073482049143377,nan,nan,188.0,0.5777124253877937,90.5,annual,300.0,0.088,0.01598472930115039,nan,0.014709548353284854,nan
0.0,6701069.108704586,5169227.618728414,inf,0.0,1.2963385640876444,66274.65516369753,0.9067437735187515,nan,nan,188.0,0.5814157750858068,90.5,annual,300.0,0.09,0.0164474284540092,nan,0.015169944522987545,nan
0.0,6860435.863258706,5316990.294083094,inf,0.0,1.2902855720638053,68318.6924519902,0.9061594521565344,nan,nan,188.0,0.584999649112165,90.5,annual,300.0,0.092,0.016917579163230032,nan,0.01563781466414073,nan
0.0,7022459.349030685,5467094.903379386,inf,0.0,1.2844956001568362,70395.38212604556,0.9055944571126483,nan,nan,188.0,0.588468395205986,90.5,annual,300.0,0.094,0.017395181428812814,nan,0.016113158776744078,nan
0.0,7187139.566020576,5619541.446617337,inf,0.0,1.278954810511603,72504.72418586524,0.9050480352499082,nan,nan,188.0,0.5918262138148859,90.5,annual,300.0,0.096,0.017880235250757687,nan,0.016595976860797973,nan
0.0,7354476.514228324,5774329.923796898,inf,0.0,1.273650208991246,74646.71863144836,0.904519463242372,nan,nan,188.0,0.5950771597609252,90.5,annual,300.0,0.098,0.018372740629064497,nan,0.017086268916302202,nan
0.0,7524470.19365397,5931460.334918102,inf,0.0,1.2685695880587664,76821.36546279516,0.9040080467498147,nan,nan,188.0,0.5982251444462414,90.5,annual,300.0,0.1,0.018872697563733356,nan,0.01758403494325683,nan
0.0,7524470.19365397,5931460.334918102,inf,0.0,1.2685695880587664,76821.36546279516,0.9040080467498147,nan,nan,188.0,0.5982251444462414,90.5,annual,300.0,0.1,0.018872697563733356,nan,0.01758403494325683,nan
0.0,9370527.204893924,7631570.812919959,inf,0.0,1.2278634942402655,100363.71499326042,0.8997036104813251,nan,nan,192.5,0.6241731222789151,90.5,annual,300.0,0.12,0.024282102510332602,nan,0.02297276364257361,nan
0.0,11482257.337922199,9565874.68508518,inf,0.0,1.2003353290656196,127171.30310008724,0.8965316621430961,nan,nan,192.5,0.6427744361701485,90.5,annual,300.0,0.14,0.03043666309313326,nan,0.02910888948692836,nan
0.0,13859660.592738707,11734371.951413695,inf,0.0,1.181116522479839,157244.12978327475,0.8941405240716914,nan,nan,192.5,0.6568097133219546,90.5,annual,300.0,0.16,0.03733637931213512,nan,0.03599241247632089,nan
0.0,16502736.969343511,14137062.611905556,inf,0.0,1.167338465024955,190582.19504282373,0.8922994349871151,nan,nan,192.5,0.6676085463986415,90.5,annual,300.0,0.18,0.04498125116733834,nan,0.04362333261075137,nan
0.0,19411486.467736613,16773946.666560762,inf,0.0,1.1572402639406172,227185.49887873358,0.8908544443583954,nan,nan,192.5,0.6760675102136415,90.5,annual,300.0,0.2,0.05337127865874291,nan,0.05200164989021966,nan
0.0,22585909.08791797,19645024.115379274,inf,0.0,1.1497012655859453,267054.0412910045,0.8897007295581877,nan,nan,192.5,0.6828018728142753,90.5,annual,300.0,0.22,0.06250646178634871,nan,0.06112736431472582,nan
0.0,26026004.82988762,22750294.958361134,inf,0.0,1.1439853803004258,310187.8222796364,0.8887653996448452,nan,nan,192.5,0.6882419049593136,90.5,annual,300.0,0.24,0.07238680055015588,nan,0.0710004758842698,nan
0.0,29731773.693645544,26089759.195506327,inf,0.0,1.1395955581976591,356586.8418446297,0.887996725392485,nan,nan,192.5,0.6926941827505834,90.5,annual,300.0,0.26,0.08301229495016436,nan,0.08162098459885174,nan
0.0,33703215.679191746,29663416.826814845,inf,0.0,1.1361879137512252,406251.0999859839,0.8873572870567633,nan,nan,192.5,0.696381075194126,90.5,annual,300.0,0.28,0.09438294498637415,nan,0.0929888904584715,nan
0.0,37940330.78652625,33471267.852286704,inf,0.0,1.133519380083304,459180.59670369944,0.8868195329452897,nan,nan,195.0,0.6994268158584833,90.5,annual,300.0,0.3,0.10649875065878527,nan,0.10510419346312917,nan
0.0,42443119.015649006,37513312.27192188,inf,0.0,1.131414861689433,515375.3319977755,0.8863628445988696,nan,nan,195.0,0.7019898448150477,90.5,annual,300.0,0.32,0.11935971196739766,nan,0.11796689361282457,nan
0.0,47211580.36656005,41789550.08572039,inf,0.0,1.1297460793360488,574835.3058682131,0.8859715604804068,nan,nan,195.0,0.7041782562871601,90.5,annual,300.0,0.34,0.13296582891221137,nan,0.13157699090755795,nan
0.0,52245714.83925933,46299981.2936822,inf,0.0,1.1284176230625915,637560.5183150112,0.8856336208361857,nan,nan,195.0,0.7060615596944874,90.5,annual,300.0,0.36,0.1473171014932263,nan,0.14593448534732906,nan
0.0,57545522.433746934,51044605.89580738,inf,0.0,1.1273575615650608,703550.9693381708,0.8853396225101008,nan,nan,195.0,0.7076939503434944,90.5,annual,300.0,0.38,0.16241352971044265,nan,0.16103937693213816,nan
0.0,63111003.150022805,56023423.892095886,inf,0.0,1.1265109978208039,772806.6589376914,0.8850821490900673,nan,nan,195.0,0.709118158664023,90.5,annual,300.0,0.4,0.1782551135638603,nan,0.17689166566198505,nan
0.0,68942156.98808697,61236435.28254773,inf,0.0,1.1258355694609703,845327.5871135734,0.8848552890691759,nan,nan,195.0,0.7103682246571125,90.5,annual,300.0,0.42,0.19484185305347929,nan,0.19349135153686992,nan
0.0,75038983.94793943,66683640.0671629,inf,0.0,1.1252982571491468,921113.7538658159,0.8846542844192922,nan,nan,195.0,0.711471524654955,90.5,annual,300.0,0.44,0.21217374817929957,nan,0.2108384345567925,nan
0.0,81401484.02958012,72365038.24594139,inf,0.0,1.1248730879257918,1000165.15919442,0.8844752709592679,nan,nan,195.0,0.7124502705237037,90.5,annual,300.0,0.46,0.2302507989413211,nan,0.22893291472175306,nan
0.0,88029657.23300911,78280629.81888321,inf,0.0,1.1245394606134633,1082481.8030993852,0.8843150842289316,nan,nan,195.0,0.7133226316441893,90.5,annual,300.0,0.48,0.24907300533954402,nan,0.24777479203175148,nan
0.0,94923503.5582264,84430414.7859884,inf,0.0,1.1242809098929047,1168063.6855807113,0.8841711127131611,nan,nan,195.0,0.7141035837779607,90.5,annual,300.0,0.5,0.26864036737396835,nan,0.26736406648678773,nan
0.0,102083023.00523195,90814393.14725688,inf,0.0,1.1240841838771396,1256910.8066383987,0.8840411857062204,nan,nan,195.0,0.7148055578662939,90.5,annual,300.0,0.52,0.2889528850445938,nan,0.2877007380868619,nan
0.0,109508215.57402582,97432564.90268871,inf,0.0,1.1239385485068338,1349023.166272447,0.8839234868047631,nan,nan,195.0,0.7154389406549153,90.5,annual,300.0,0.54,0.31001055835142066,nan,0.3087848068319739,nan
0.0,117199081.26460795,104284930.05228388,inf,0.0,1.123835257940428,1444400.7644828565,0.8838164865630936,nan,nan,195.0,0.7160124644411828,90.5,annual,300.0,0.56,0.33181338729444887,nan,0.3306162727221238,nan
0.0,125155620.07697834,111371488.59604236,inf,0.0,1.123767147720658,1543043.601269627,0.8837188896181444,nan,nan,195.0,0.7165335130459096,90.5,annual,300.0,0.58,0.35436137187367833,nan,0.3531951357573115,nan
0.0,133377832.01113701,118692240.5339642,inf,0.0,1.1237283196534695,1644951.6766327585,0.8836295928425637,nan,nan,195.0,0.7170083639088861,90.5,annual,300.0,0.6,0.37765451208910916,nan,0.3765213959375371,nan
0.0,141865717.06708398,126247185.86604936,inf,0.0,1.1237138958297745,1750124.9905722514,0.8835476519765538,nan,nan,195.0,0.7174423810616841,90.5,annual,300.0,0.62,0.4016928079407413,nan,0.4005950532628006,nan
0.0,150619275.2448192,134036324.59229782,inf,0.0,1.1237198252262006,1858563.5430881048,0.883472254832199,nan,nan,195.0,0.7178401700175522,90.5,annual,300.0,0.64,0.4264762594285746,nan,0.42541610773310184,nan
0.0,159638506.5443427,142059656.71270964,inf,0.0,1.1237427306134011,1970267.3341803194,0.8834026996321722,nan,nan,195.0,0.7182057029114114,90.5,annual,300.0,0.66,0.45200486655260935,nan,0.45098455934844095,nan
0.0,168923410.9656545,150317182.2272848,inf,0.0,1.1237797865997543,2085236.3638488958,0.883338377388818,nan,nan,195.0,0.7185424202317682,90.5,annual,300.0,0.68,0.47827862931284537,nan,0.4773004081088181,nan
0.0,178473988.50875452,158808901.13602322,inf,0.0,1.1238286218975078,2203470.6320938314,0.8832787574847433,nan,nan,195.0,0.7188533140086703,90.5,annual,300.0,0.7,0.5052975477092826,nan,0.5043636540142327,nan
0.0,188290239.1736429,167534813.43892503,inf,0.0,1.1238872405602092,2324970.13891513,0.8832233758068497,nan,nan,195.0,0.7191409962160586,90.5,annual,300.0,0.72,0.5330616217419213,nan,0.5321742970646856,nan
0.0,198372162.96031952,176494919.13599014,inf,0.0,1.1239539581729991,2449734.884312789,0.8831718249295916,nan,nan,195.0,0.7194077553128684,90.5,annual,300.0,0.74,0.5615708514107611,nan,0.5607323372601761,nan
0.0,208719759.86878443,185689218.22721863,inf,0.0,1.1240273498991442,2577764.8682868094,0.8831237459524793,nan,nan,195.0,0.7196556032134496,90.5,annual,300.0,0.76,0.5908252367158024,nan,0.5900377746007047,nan
0.0,219333029.89903763,195117710.71261042,inf,0.0,1.124106207980751,2709060.090837191,0.8830788216804834,nan,nan,195.0,0.7198863144928187,90.5,annual,300.0,0.78,0.620824777657045,nan,0.6200906090862711,nan
0.0,230211973.0510791,204780396.5921656,inf,0.0,1.124189506818674,2843620.5519639337,0.8830367709003693,nan,nan,195.0,0.7201014592584923,90.5,annual,300.0,0.8,0.6515694742344891,nan,0.6508908407168754,nan
0.0,241356589.32490873,214677275.86588398,inf,0.0,1.1242763741593786,2981446.2516670357,0.8829973435559629,nan,nan,195.0,0.7203024308307676,90.5,annual,300.0,0.82,0.683059326448134,nan,0.6824384694925172,nan
0.0,252766878.72052678,224808348.53376576,inf,0.0,1.1243660672261988,3122537.1899464997,0.8829603166643093,nan,nan,195.0,0.7204904691471141,90.5,annual,300.0,0.84,0.7152943342979805,nan,0.714733495413197,nan
0.0,264442841.2379331,235173614.5958109,inf,0.0,1.1244579528720804,3266893.3668023264,0.8829254908452808,nan,nan,195.0,0.7206666806287807,90.5,annual,300.0,0.86,0.7482744977840283,nan,0.7477759184789151,nan
0.0,276384476.8771277,245773074.05201936,inf,0.0,1.124551491017398,3414514.782234513,0.8828926873613545,nan,nan,195.0,0.7208320551075539,90.5,annual,300.0,0.88,0.7819998169062775,nan,0.7815657386896707,nan
0.0,288591785.63811064,256606726.9023912,inf,0.0,1.1246462207823804,3565401.436243061,0.8828617455834464,nan,nan,195.0,0.7209874802993734,90.5,annual,300.0,0.9,0.8164702916647282,nan,0.8161029560454643,nan
0.0,301064767.5208817,267674573.14692634,inf,0.0,1.1247417488385327,3719553.3288279697,0.8828325208139876,nan,nan,195.0,0.7211337542227674,90.5,annual,300.0,0.92,0.8516859220593801,nan,0.8513875705462957,nan
0.0,313803422.5254411,278976612.78562474,inf,0.0,1.124837739594245,3876970.4599892395,0.8828048824106915,nan,nan,195.0,0.7212715958889406,90.5,annual,300.0,0.94,0.8876467080902329,nan,0.8874195821921649,nan
0.0,326807750.65178883,290512845.8184865,inf,0.0,1.1249339069019326,4037652.82972687,0.8827787121643654,nan,nan,195.0,0.7214016545330492,90.5,annual,300.0,0.96,0.9243526497572874,nan,0.9241989909830719,nan
0.0,340077751.89992476,302283272.2455116,inf,0.0,1.125030007031672,4201600.438040863,0.882753902892082,nan,nan,195.0,0.7215245176098339,90.5,annual,300.0,0.98,0.961803747060543,nan,0.961725796919017,nan
0.0,353613426.2698491,314287892.06670004,inf,0.0,1.1251258327024676,4368813.284931216,0.8827303572135753,nan,nan,195.0,0.7216407177391194,90.5,annual,300.0,1.0,1.0,nan,1.0,nan
0.0,367414773.76156163,326526705.2820518,inf,0.0,1.1252212079994834,4539291.370397931,0.8827079864840035,nan,nan,195.0,0.7217507387559375,90.5,annual,300.0,1.02,1.0389414085756583,nan,1.0390216002260209,nan
0.0,381481794.37506247,338999711.891567,inf,0.0,1.1253159840356557,4713034.694441006,0.8826867098605871,nan,nan,195.0,0.7218550209948461,90.5,annual,300.0,1.04,1.0786279727875183,nan,1.0787905975970793,nan
0.0,395814488.11035156,351706911.8952453,inf,0.0,1.125410035240489,4890043.257060442,0.8826664534841956,nan,nan,195.0,0.7219539659173078,90.5,annual,300.0,1.06,1.1190596926355787,nan,1.1193069921131757,nan
0.0,410412854.96742904,364648305.2930871,inf,0.0,1.1255032561787406,5070317.058256241,0.8826471497599664,nan,nan,195.0,0.7220479401738754,90.5,annual,300.0,1.08,1.1602365681198412,nan,1.1605707837743102,nan
0.0,425276894.94629467,377823892.0850923,inf,0.0,1.1255955588179563,5253856.098028399,0.8826287367234072,nan,nan,195.0,0.7221372791787785,90.5,annual,300.0,1.1,1.202158599240305,nan,1.2025819725804823,nan
0.0,440406608.0469487,391233672.27126074,inf,0.0,1.125686870177151,5440660.376376919,0.8826111574805553,nan,nan,195.0,0.7222222902627099,90.5,annual,300.0,1.12,1.24482578599697,nan,1.2453405585316926,nan
0.0,455801994.2693905,404877645.8515923,inf,0.0,1.1257771302999142,5630729.893301796,0.8825943597124261,nan,nan,195.0,0.7223032554598009,90.5,annual,300.0,1.14,1.2882381283898356,nan,1.2888465416279395,nan
0.0,471463053.6136212,418755812.82608753,inf,0.0,1.1258662905043024,5824064.64880304,0.8825782952354146,nan,nan,195.0,0.7223804339765315,90.5,annual,300.0,1.16,1.3323956264189034,nan,1.3330999218692259,nan
0.0,487389786.07963985,432868173.1947458,inf,0.0,1.1259543118693667,6020664.642880642,0.8825629196105201,nan,nan,195.0,0.7224540643834396,90.5,annual,300.0,1.18,1.3772982800841718,nan,1.3781006992555491,nan
0.0,503582191.6674472,447214726.9575677,inf,0.0,1.1260411639244334,6220529.875534609,0.8825481917952734,nan,nan,195.0,0.7225243665646651,90.5,annual,300.0,1.2,1.4229460893856425,nan,1.4238488737869113,nan
0.0,520040270.3770423,461795474.1145527,inf,0.0,1.1261268235124398,6423660.346764931,0.8825340738330896,nan,nan,195.0,0.7225915434554673,90.5,annual,300.0,1.22,1.4693390543233136,nan,1.4703444454633101,nan
0.0,536764022.20842606,476610414.66570127,inf,0.0,1.1262112738029804,6630056.05657162,0.8825205305754996,nan,nan,195.0,0.7226557825936931,90.5,annual,300.0,1.24,1.5164771748971868,nan,1.5175874142847476,nan
0.0,553753447.1615978,491659548.6110129,inf,0.0,1.1262945034343508,6839717.004954664,0.8825075294333298,nan,nan,195.0,0.7227172575076469,90.5,annual,300.0,1.26,1.5643604511072604,nan,1.5655777802512223,nan
0.0,571008545.2365582,506942875.9504881,inf,0.0,1.1263765057669481,7052643.191914075,0.8824950401534088,nan,nan,195.0,0.7227761289598076,90.5,annual,300.0,1.28,1.6129888829535364,nan,1.6143155433627356,nan
0.0,588529316.4333065,522460396.6841264,inf,0.0,1.1264572782329463,7268834.617449843,0.8824830346178504,nan,nan,195.0,0.7228325460632782,90.5,annual,300.0,1.3,1.6623624704360127,nan,1.6638007036192863,nan
0.0,606315760.7518435,538212110.8119283,inf,0.0,1.126536821769351,7488291.281561976,0.8824714866633231,nan,nan,192.5,0.7228830873750464,90.5,annual,300.0,1.32,1.7124812135546912,nan,1.7140332610208755,nan
0.0,624367878.1921682,554198018.3338932,inf,0.0,1.126615140323362,7711013.184250465,0.8824603719180482,nan,nan,192.5,0.7229313254244305,90.5,annual,300.0,1.34,1.76334511230957,nan,1.7650132155675013,nan
0.0,642685668.7542818,570418119.2500217,inf,0.0,1.126692240420547,7937000.325515322,0.8824496676545687,nan,nan,192.5,0.7229775691431515,90.5,annual,300.0,1.36,1.814954166700651,nan,1.816740567259167,nan
0.0,661269132.4381831,586872413.5603133,inf,0.0,1.1267681307876365,8166252.705356533,0.8824393526565512,nan,nan,192.5,0.7230219284066848,90.5,annual,300.0,1.38,1.8673083767279326,nan,1.8692153160958684,nan
0.0,680118269.2438729,603560901.2647684,inf,0.0,1.126842822022894,8398770.323774107,0.8824294070981101,nan,nan,192.5,0.7230645055897552,90.5,annual,300.0,1.4,1.9204077423914157,nan,1.9224374620776083,nan
0.0,699233079.171351,620483582.3633868,inf,0.0,1.1269163263079611,8634553.180768043,0.8824198124343213,nan,nan,192.5,0.7231053961737954,90.5,annual,300.0,1.42,1.9742522636911002,nan,1.9764070052043863,nan
0.0,718613562.2206174,637640456.8561685,inf,0.0,1.126988657155915,8873601.276338339,0.882410551301738,nan,nan,192.5,0.7231446892977232,90.5,annual,300.0,1.44,2.0288419406269864,nan,2.031123945476202,nan
0.0,738259718.3916721,655031524.7431135,inf,0.0,1.1270598291909668,9115914.610484999,0.8824016074278896,nan,nan,192.5,0.723182468258003,90.5,annual,300.0,1.46,2.0841767731990735,nan,2.086588282893056,nan
0.0,758171547.6845151,672656786.024222,inf,0.0,1.1271298579558429,9361493.183208019,0.8823929655488345,nan,nan,192.5,0.7232188109632611,90.5,annual,300.0,1.48,2.140256761407362,nan,2.142800017454948,nan
0.0,778349050.0991464,690516240.6994938,inf,0.0,1.1271987597434028,9610336.994507398,0.882384611333948,nan,nan,192.5,0.7232537903481191,90.5,annual,300.0,1.5,2.197081905251852,nan,2.1997591491618773,nan
0.0,798792225.635566,708609888.7689289,inf,0.0,1.1272665514495024,9862446.044383138,0.8823765313172316,nan,nan,192.5,0.7232874747503696,90.5,annual,300.0,1.52,2.2546522047325435,nan,2.257465678013844,nan
0.0,819501074.2937738,726937730.2325273,inf,0.0,1.1273332504444886,10117820.332835242,0.8823687128345129,nan,nan,192.5,0.7233199282551653,90.5,annual,300.0,1.54,2.312967659849436,nan,2.31591960401085,nan
0.0,840475596.0737698,745499765.0902889,inf,0.0,1.1273988744610512,10376459.859863706,0.8823611439659308,nan,nan,192.5,0.7233512110094785,90.5,annual,300.0,1.56,2.372028270602529,nan,2.375120927152893,nan
0.0,861715790.9755542,764295993.342214,inf,0.0,1.127463441496442,10638364.62546853,0.8823538134832442,nan,nan,192.5,0.7233813795097287,90.5,annual,300.0,1.58,2.4318340369918245,nan,2.4350696474399736,nan
0.0,883221658.999127,783326414.9883025,inf,0.0,1.1275269697273216,10903534.629649717,0.8823467108014563,nan,nan,192.5,0.723410486865169,90.5,annual,300.0,1.6,2.492384959017321,nan,2.495765764872093,nan
0.0,904993200.1444879,802591030.0285541,inf,0.0,1.127589477435713,11171969.872407265,0.8823398259343984,nan,nan,192.5,0.7234385830393351,90.5,annual,300.0,1.62,2.5536810366790186,nan,2.55720927944925,nan
0.0,927030414.4116367,822089838.4629687,inf,0.0,1.1276509829447248,11443670.353741167,0.8823331494538792,nan,nan,192.5,0.723465715071627,90.5,annual,300.0,1.64,2.6157222699769163,nan,2.619400191171443,nan
0.0,949333301.8005744,841822840.2915475,inf,0.0,1.1277115045628756,11718636.07365144,0.8823266724520676,nan,nan,192.5,0.7234919272808662,90.5,annual,300.0,1.66,2.678508658911018,nan,2.6823385000386764,nan
0.0,971901862.3113,861790035.5142889,inf,0.0,1.1277710605359923,11996867.032138068,0.8823203865068517,nan,nan,192.5,0.7235172614524872,90.5,annual,300.0,1.68,2.7420402034813187,nan,2.746024206050946,nan
0.0,994736095.9438143,881991424.1311941,inf,0.0,1.127829669005772,12278363.22920106,0.8823142836498621,nan,nan,192.5,0.7235417570108548,90.5,annual,300.0,1.7,2.806316903687822,nan,2.810457309208254,nan
0.0,1017836002.6981163,902427006.1422623,inf,0.0,1.1278873479742255,12563124.664840411,0.8823083563369674,nan,nan,192.5,0.723565451178038,90.5,annual,300.0,1.72,2.871338759530526,nan,2.8756378095106,nan
0.0,1041201582.5742073,923096781.5474944,inf,0.0,1.127944115273287,12851151.339056127,0.8823025974209909,nan,nan,192.5,0.7235883791202473,90.5,annual,300.0,1.74,2.9371057710094326,nan,2.9415657069579844,nan
0.0,1064832835.5720859,944000750.346889,inf,0.0,1.1279999885389869,13142443.251848198,0.8822970001264901,nan,nan,192.5,0.723610574083021,90.5,annual,300.0,1.76,3.0036179381245383,nan,3.008241001550405,nan
0.0,1088729761.6917534,965138912.5404477,inf,0.0,1.128054985189633,13437000.403216638,0.8822915580263841,nan,nan,192.5,0.723632067516135,90.5,annual,300.0,1.78,3.0708752608758476,nan,3.075663693287866,nan
0.0,1112892360.9332085,986511268.1281693,inf,0.0,1.12810912240753,13734822.79316143,0.8822862650203139,nan,nan,192.5,0.7236528891891237,90.5,annual,300.0,1.8,3.1388777392633567,nan,3.143833782170362,nan
0.0,1137320633.2964523,1008117817.1100545,inf,0.0,1.1281624171238043,14035910.421682592,0.8822811153145643,nan,nan,192.5,0.7236730672982071,90.5,annual,300.0,1.82,3.207625373287068,nan,3.2127512681978985,nan
0.0,1162014578.7814844,1029958559.4861026,inf,0.0,1.1282148860059682,14340263.288780108,0.8822761034034186,nan,nan,192.5,0.7236926285653492,90.5,annual,300.0,1.84,3.277118162946979,nan,3.282416151370471,nan
0.0,1186974197.3883047,1052033495.2563148,inf,0.0,1.1282665454478835,14647881.394453993,0.8822712240518508,nan,nan,192.5,0.7237115983301071,90.5,annual,300.0,1.86,3.3473561082430945,nan,3.352828431688083,nan
0.0,1212199489.1169128,1074342624.420689,inf,0.0,1.1283174115618464,14958764.738704227,0.882266472279418,nan,nan,192.5,0.7237300006348555,90.5,annual,300.0,1.88,3.4183392091754072,nan,3.4239881091507303,nan
0.0,1237690453.9673097,1096885946.9792278,inf,0.0,1.128367500172512,15272913.32153083,0.8822618433452818,nan,nan,192.5,0.7237478583039373,90.5,annual,300.0,1.9,3.490067465743924,nan,3.4958951837584173,nan
0.0,1263447091.9394948,1119663462.931929,inf,0.0,1.1284168268124573,15590327.14293379,0.8822573327342584,nan,nan,192.5,0.723765193017225,90.5,annual,300.0,1.92,3.5625408779486403,nan,3.5685496555111413,nan
0.0,1289469403.0334682,1142675172.2787943,inf,0.0,1.1284654067191533,15911006.202913117,0.8822529361438086,nan,nan,192.5,0.7237820253785412,90.5,annual,300.0,1.94,3.6357594457895597,nan,3.6419515244089045,nan
0.0,1315757387.2492297,1165921075.0198226,inf,0.0,1.128513254833188,16234950.501468802,0.8822486494719143,nan,nan,192.5,0.7237983749793447,90.5,annual,300.0,1.96,3.7097231692666797,nan,3.7161007904517045,nan
0.0,1342311044.58678,1189401171.1550145,inf,0.0,1.1285603857975661,16562160.038600847,0.8822444688057558,nan,nan,192.5,0.7238142604580555,90.5,annual,300.0,1.98,3.7844320483800016,nan,3.7909974536395428,nan
0.0,1369130375.0461183,1213115460.6843696,inf,0.0,1.128606813957951,16892634.814309254,0.8822403904111495,nan,nan,192.5,0.7238296995553534,90.5,annual,300.0,2.0,3.8598860831295245,nan,3.866641513972419,nan
0.0,11334832.359991714,68198112.41741061,inf,0.0,0.16620448804530244,1186155.0604611062,0.7044517928448574,nan,nan,243.0,0.9852263816503626,152.5,annual,350.0,-2.0,3.642296370452093,nan,3.6391015039178245,nan
0.0,11106777.252758391,66820262.45507664,inf,0.0,0.16621870140401637,1162179.469935541,0.7044485525442036,nan,nan,243.0,0.9852329808938579,152.5,annual,350.0,-1.98,3.5687087338013845,nan,3.565544841347094,nan
0.0,10881042.425008329,65456479.903455526,inf,0.0,0.16623323528942022,1138448.7233249561,0.7044452691832557,nan,nan,243.0,0.9852397039181101,152.5,annual,350.0,-1.96,3.4958724035602655,nan,3.492739355320586,nan
0.0,10657627.876741538,64106764.76254725,inf,0.0,0.1662481005899706,1114962.8206293515,0.7044419421743425,nan,nan,243.0,0.9852465541970739,152.5,annual,350.0,-1.94,3.423787379728735,nan,3.420685045838302,nan
0.0,10436533.607958013,62771117.03235182,inf,0.0,0.16626330868987232,1091721.761848727,0.7044385709376327,nan,nan,243.0,0.9852535353339369,152.5,annual,350.0,-1.92,3.352453662306793,nan,3.3493819129002396,nan
0.0,10217759.618657755,61449536.712869234,inf,0.0,0.16627887149746196,1068725.5469830828,0.704435154903313,nan,nan,243.0,0.9852606510670641,152.5,annual,350.0,-1.9,3.28187125129444,nan,3.2788299565064007,nan
0.0,10001305.90884076,60142023.80409951,inf,0.0,0.16629480147555384,1045974.1760324191,0.7044316935140366,nan,nan,243.0,0.9852679052762635,152.5,annual,350.0,-1.88,3.2120401466916766,nan,3.2090291766567858,nan
0.0,9787172.478507038,58848578.30604263,inf,0.0,0.16631111167390908,1023467.6489967358,0.7044281862276494,nan,nan,243.0,0.9852753019893915,152.5,annual,350.0,-1.86,3.1429603484985016,nan,3.139979573351394,nan
0.0,9575359.327656578,57569200.21869856,inf,0.0,0.16632781576400096,1001205.9658760321,0.7044246325202353,nan,nan,243.0,0.9852828453893253,152.5,annual,350.0,-1.84,3.074631856714914,nan,3.0716811465902234,nan
0.0,9365866.456289388,56303889.542067364,inf,0.0,0.16634492807626897,979189.1266703091,0.7044210318895211,nan,nan,243.0,0.9852905398213162,152.5,annual,350.0,-1.82,3.0070546713409163,nan,3.004133896373277,nan
0.0,9158693.864405459,55052646.27614898,inf,0.0,0.1663624636400698,957417.1313795662,0.704417383858663,nan,nan,243.0,0.9852983898007528,152.5,annual,350.0,-1.8,2.9402287923765056,nan,2.937337822700553,nan
0.0,8953841.552004803,53815470.42094348,inf,0.0,0.16638043822655532,935889.9800038037,0.704413687980486,nan,nan,243.0,0.9853064000213594,152.5,annual,350.0,-1.78,2.874154219821686,nan,2.8712929255720527,nan
0.0,8751309.51908741,52592361.9764508,inf,0.0,0.16639886839472945,914607.6725430209,0.7044099438421971,nan,nan,243.0,0.9853145753638538,152.5,annual,350.0,-1.76,2.8088309536764533,nan,2.8059992049877733,nan
0.0,8551097.765653286,51383320.942670986,inf,0.0,0.1664177715409608,893570.2089972192,0.7044061510706546,nan,nan,243.0,0.9853229209050972,152.5,annual,350.0,-1.74,2.744258993940811,nan,2.74145666094772,nan
0.0,8353206.291702425,50188347.319603994,inf,0.0,0.16643716595225666,872777.589366397,0.7044023093382364,nan,nan,243.0,0.9853314419277616,152.5,annual,350.0,-1.72,2.6804383406147556,nan,2.677665293451887,nan
0.0,8157635.097234836,49007441.10724986,inf,0.0,0.1664570708636335,852229.8136505557,0.7043984183693882,nan,nan,243.0,0.9853401439305542,152.5,annual,350.0,-1.7,2.6173689936982902,nan,2.614625102500279,nan
0.0,7964384.182250509,47840602.305608556,inf,0.0,0.16647750651995472,831926.8818496941,0.7043944779479299,nan,nan,243.0,0.9853490326390284,152.5,annual,350.0,-1.68,2.5550509531914125,nan,2.552336088092892,nan
0.0,7773453.546749453,46687830.91468013,inf,0.0,0.166498494242645,811868.7939638132,0.7043904879252088,nan,nan,243.0,0.9853581140170182,152.5,annual,350.0,-1.66,2.493484219094125,nan,2.49079825022973,nan
0.0,7584843.19073166,45549126.934464514,inf,0.0,0.16652005650173346,792055.5499929122,0.7043864482291969,nan,nan,243.0,0.9853673942787395,152.5,annual,350.0,-1.64,2.432668791406425,nan,2.4300115889107894,nan
0.0,7398553.114197139,44424490.36496178,inf,0.0,0.16654221699372565,772487.149936992,0.7043823588746517,nan,nan,243.0,0.9853768799015963,152.5,annual,350.0,-1.62,2.3726046701283154,nan,2.369976104136074,nan
0.0,7214583.317145881,43313921.20617187,inf,0.0,0.16656500072586047,753163.5937960516,0.7043782199744641,nan,nan,243.0,0.9853865776397365,152.5,annual,350.0,-1.6,2.313291855259793,nan,2.3106917959055795,nan
0.0,7032933.799577891,42217419.45809479,inf,0.0,0.16658843410736685,734084.8815700915,0.7043740317523406,nan,nan,243.0,0.9853964945384063,152.5,annual,350.0,-1.58,2.2547303468008595,nan,2.252158664219308,nan
0.0,6853604.561493167,41134985.12073057,inf,0.0,0.1666125450484044,715251.0132591117,0.7043697945569827,nan,nan,243.0,0.9854066379491483,152.5,annual,350.0,-1.56,2.196920144751515,nan,2.19437670907726,nan
0.0,6676595.60289171,40066618.19407919,inf,0.0,0.16663736306745094,696661.9888631119,0.7043655088779528,nan,nan,243.0,0.9854170155459004,152.5,annual,350.0,-1.54,2.139861249111759,nan,2.1373459304794347,nan
0.0,6501906.92377352,39012318.67814066,inf,0.0,0.16666291940798333,678317.8083820929,0.7043611753634319,nan,nan,243.0,0.9854276353420474,152.5,annual,350.0,-1.52,2.0835536598815922,nan,2.0810663284258335,nan
0.0,6329538.524138596,37972086.57291497,inf,0.0,0.16668924716540015,660218.4718160536,0.7043567948401109,nan,nan,243.0,0.9854385057084801,152.5,annual,350.0,-1.5,2.0279973770610136,nan,2.0255379029164535,nan
0.0,6159490.403986938,36945921.87840213,inf,0.0,0.1667163814252435,642363.9791649949,0.7043523683354975,nan,nan,243.0,0.9854496353927329,152.5,annual,350.0,-1.48,1.9731924006500239,nan,1.9707606539512978,nan
0.0,5991762.563318549,35933824.59460213,inf,0.0,0.16674435941390478,624754.3304289163,0.7043478971029261,nan,nan,243.0,0.9854610335392452,152.5,annual,350.0,-1.46,1.919138730648623,nan,1.9167345815303645,nan
0.0,5826355.002133424,34935794.72151497,inf,0.0,0.16677322066314135,607389.5256078179,0.7043433826496613,nan,nan,243.0,0.98547270971083,152.5,annual,350.0,-1.44,1.8658363670568103,nan,1.863459685653654,nan
0.0,5663267.720431567,33951832.25914067,inf,0.0,0.1668030071898955,590269.5647016999,0.7043388267684602,nan,nan,243.0,0.9854846739113993,152.5,annual,350.0,-1.42,1.8132853098745874,nan,1.810935966321167,nan
0.0,5502500.718212979,32981937.2074792,inf,0.0,0.16683376369309186,573394.4477105621,0.7043342315730908,nan,nan,243.0,0.9854969366100299,152.5,annual,350.0,-1.4,1.7614855591019525,nan,1.7591634235329028,nan
0.0,5344053.995477655,32026109.56653058,inf,0.0,0.1668655377693002,556764.1746344045,0.7043295995383253,nan,nan,243.0,0.985509508766425,152.5,annual,350.0,-1.38,1.7104371147389064,nan,1.7081420572888613,nan
0.0,5187927.552225601,31084349.33629482,inf,0.0,0.1668983801493974,540378.7454732275,0.7043249335450058,nan,nan,243.0,0.9855224018578504,152.5,annual,350.0,-1.36,1.6601399767854497,nan,1.6578718675890438,nan
0.0,5034121.38845681,30156656.516771886,inf,0.0,0.16693234495863427,524238.1602270303,0.7043202369309204,nan,nan,243.0,0.9855356279076046,152.5,annual,350.0,-1.34,1.610594145241581,nan,1.608352854433448,nan
0.0,4882635.50417129,29243031.10796181,inf,0.0,0.16696749000283787,508342.41889581364,0.7043155135482595,nan,nan,243.0,0.98554919951509,152.5,annual,350.0,-1.32,1.561799620107302,nan,1.559585017822076,nan
0.0,4733469.899369031,28343473.109864555,inf,0.0,0.16700387708384307,492691.52147957694,0.7043107678286258,nan,nan,243.0,0.9855631298875481,152.5,annual,350.0,-1.3,1.51375640138261,nan,1.5115683577549262,nan
0.0,4586624.574050045,27457982.522480167,inf,0.0,0.1670415723476742,477285.4679783209,0.7043060048566384,nan,nan,243.0,0.9855774328734983,152.5,annual,350.0,-1.28,1.4664644890675078,nan,1.4643028742320006,nan
0.0,4442099.528214319,26586559.34580861,inf,0.0,0.1670806466694841,462124.2583920447,0.7043012304534321,nan,nan,243.0,0.9855921229979335,152.5,annual,350.0,-1.26,1.419923883161994,nan,1.4177885672532966,nan
0.0,4299894.761861865,25729203.579849914,inf,0.0,0.16712117607982904,447207.892720749,0.7042964512714676,nan,nan,243.0,0.9856072154992856,152.5,annual,350.0,-1.24,1.3741345836660697,nan,1.3720254368188165,nan
0.0,4160010.2749926746,24885915.224604044,inf,0.0,0.16716324223751203,432536.3709644334,0.7042916749023688,nan,nan,243.0,0.9856227263681703,152.5,annual,350.0,-1.22,1.329096590579733,nan,1.3270134829285587,nan
0.0,4022446.0676067537,24056694.28007104,inf,0.0,0.1672069329549993,418109.69312309823,0.7042869099997605,nan,nan,243.0,0.9856386723878798,152.5,annual,350.0,-1.2,1.284809903902986,nan,1.2827527055825243,nan
0.0,3887202.1397040975,23241540.74625086,inf,0.0,0.16725234278330492,403927.8591967431,0.7042821664194069,nan,nan,243.0,0.9856550711765673,152.5,annual,350.0,-1.18,1.2412745236358271,nan,1.2392431047807126,nan
0.0,3754278.49128471,22440454.62314354,inf,0.0,0.1672995736642878,389990.8691853685,0.7042774553793755,nan,nan,243.0,0.9856719412310025,152.5,annual,350.0,-1.16,1.1984904497782574,nan,1.1964846805231244,nan
0.0,3623675.1223485866,21653435.910749048,inf,0.0,0.16734873565953323,376298.7230889738,0.7042727896433787,nan,nan,243.0,0.9856893019717322,152.5,annual,350.0,-1.14,1.1564576823302757,nan,1.1544774328097582,nan
0.0,3495392.0328957336,20880484.609067425,inf,0.0,0.16739994776643485,362851.42090755986,0.7042681837310579,nan,nan,243.0,0.9857071737893794,152.5,annual,350.0,-1.12,1.1151762212918839,nan,1.1132213616406166,nan
0.0,3369429.2229261454,20121600.718098633,inf,0.0,0.1674533388337971,349648.9626411258,0.7042636541596108,nan,nan,243.0,0.9857255780917236,152.5,annual,350.0,-1.1,1.0746460666630802,nan,1.0727164670156968,nan
0.0,3245786.692439825,19376784.23784269,inf,0.0,0.16750904859129473,336691.34828967205,0.7042592197219902,nan,nan,243.0,0.9857445373510655,152.5,annual,350.0,-1.08,1.0348672184438654,nan,1.0329627489350002,nan
0.0,3124464.441436769,18646035.168299586,inf,0.0,0.1675672288095176,323978.57785319857,0.7042549018078734,nan,nan,243.0,0.9857640751512007,152.5,annual,350.0,-1.06,0.995839676634239,nan,0.9939602073985265,nan
0.0,3005462.469916982,17929353.509469327,inf,0.0,0.16762804461017836,311510.65133170533,0.7042507247747792,nan,nan,243.0,0.9857842162331134,152.5,annual,350.0,-1.04,0.9575634412342013,nan,0.9557088424062758,nan
0.0,2888780.7778804605,17226739.261351917,inf,0.0,0.16769167594945972,299287.56872519234,0.7042467163781441,nan,nan,243.0,0.9858049865382198,152.5,annual,350.0,-1.02,0.9200385122437528,nan,0.918208653958248,nan
0.0,2774419.3653272055,16538192.42394735,inf,0.0,0.16775831930156035,287309.33003365964,0.7042429082708904,nan,nan,243.0,0.9858264132476171,152.5,annual,350.0,-1.0,0.8832648896628926,nan,0.8814596420544434,nan
0.0,2662378.232257218,15863712.997255627,inf,0.0,0.16782818957439544,275575.93525710714,0.704239336585156,nan,nan,243.0,0.9858485248153477,152.5,annual,350.0,-0.98,0.8472425734916214,nan,0.8454618066948615,nan
0.0,2552657.378670497,15203300.98127675,inf,0.0,0.16790152229533303,264087.3843955349,0.7042360426114472,nan,nan,243.0,0.9858713509930888,152.5,annual,350.0,-0.96,0.8119715637299388,nan,0.8102151478795027,nan
0.0,2445256.804567043,14556956.37601072,inf,0.0,0.16797857611201805,252843.677448943,0.704233073593675,nan,nan,243.0,0.9858949228429135,152.5,annual,350.0,-0.94,0.7774518603778451,nan,0.7757196656083671,nan
0.0,2340176.5099468557,13924679.18145753,inf,0.0,0.16805963566206225,241844.81441733128,0.7042304836624599,nan,nan,243.0,0.9859192727338033,152.5,annual,350.0,-0.92,0.7436834634353399,nan,0.7419753598814542,nan
0.0,2237416.4948099353,13306469.39761719,inf,0.0,0.16814501487604167,231090.79530069983,0.7042283349340229,nan,nan,243.0,0.9859444343163342,152.5,annual,350.0,-0.9,0.7106663729024236,nan,0.7089822306987644,nan
0.0,2136976.759156282,12702327.024489691,inf,0.0,0.1682350607913225,220581.62009904862,0.7042266988080241,nan,nan,243.0,0.9859704424683248,152.5,annual,350.0,-0.88,0.678400588779096,nan,0.6767402780602976,nan
0.0,2038857.3029858947,12112252.062075038,inf,0.0,0.16833015797035877,210317.28881237766,0.7042256575053684,nan,nan,243.0,0.9859973332021486,152.5,annual,350.0,-0.86,0.6468861110653571,nan,0.6452495019660536,nan
0.0,1943058.126298774,11536244.510373227,inf,0.0,0.16843073363706912,200297.80144068695,0.7042253058965449,nan,nan,243.0,0.986025143521677,152.5,annual,350.0,-0.84,0.6161229397612068,nan,0.6145099024160326,nan
0.0,1849579.2290949207,10974304.369384265,inf,0.0,0.16853726366974228,190523.1579839765,0.7042257536831851,nan,nan,243.0,0.9860539112132495,152.5,annual,350.0,-0.82,0.5861110748666455,nan,0.5845214794102347,nan
0.0,1758420.611374335,10426431.639108151,inf,0.0,0.16865027961999332,180993.3584422464,0.7042271280108536,nan,nan,243.0,0.9860836745504193,152.5,annual,350.0,-0.8,0.556850516381673,nan,0.5552842329486599,nan
0.0,1669582.273137015,9892626.319544876,inf,0.0,0.1687703769663693,171708.40281549646,0.7042295766106981,nan,nan,243.0,0.9861144718860865,152.5,annual,350.0,-0.78,0.528341264306289,nan,0.526798163031308,nan
0.0,1583064.2143829614,9372888.410694448,inf,0.0,0.16889822486061906,162668.29110372678,0.7042332715927406,nan,nan,243.0,0.9861463410975237,152.5,annual,350.0,-0.76,0.5005833186404939,nan,0.49906326965817893,nan
0.0,1498866.4351121753,8867217.912556864,inf,0.0,0.1690345776875102,153873.02330693734,0.7042384140460605,nan,nan,243.0,0.9861793188390595,152.5,annual,350.0,-0.74,0.4735766793842874,nan,0.47207955282927283,nan
0.0,1416988.9353246556,8375614.825132123,inf,0.0,0.16918028883954833,145322.59942512817,0.7042452396433316,nan,nan,243.0,0.986213439542816,152.5,annual,350.0,-0.72,0.44732134653766953,nan,0.4458470125445898,nan
0.0,1337431.7150204028,7898079.14842023,inf,0.0,0.16933632721165062,137017.01945829924,0.7042540255023702,nan,nan,243.0,0.9862487340886221,152.5,annual,350.0,-0.7,0.42181732010064055,nan,0.4203656488041297,nan
0.0,1260194.7741994176,7434610.882421183,inf,0.0,0.1695037970553501,128956.28340645065,0.7042650986300542,nan,nan,243.0,0.9862852280381703,152.5,annual,350.0,-0.68,0.39706460007320044,nan,0.39563546160789276,nan
0.0,1185278.1128616983,6985210.027134977,inf,0.0,0.16968396200791785,121140.39126958221,0.7042788463703819,nan,nan,243.0,0.9863229392930511,152.5,annual,350.0,-0.66,0.3730631864553488,nan,0.37165645095587857,nan
0.0,1112681.7310072456,6549876.582561619,inf,0.0,0.16987827434331323,113569.3430476941,0.7042957294073859,nan,nan,243.0,0.986361874987743,152.5,annual,350.0,-0.64,0.34981307924708605,nan,0.34842861684808757,nan
0.0,1042405.6286360602,6128610.548701105,inf,0.0,0.17008841079924505,106243.13874078618,0.7043162980473384,nan,nan,243.0,0.9864020273615879,152.5,annual,350.0,-0.62,0.32731427844841204,nan,0.3259519592845193,nan
0.0,974449.8057481409,5721411.925553434,inf,0.0,0.17031631674621683,99161.77834885853,0.7043412127408968,nan,nan,243.0,0.9864433682604774,152.5,annual,350.0,-0.6,0.30556678405932663,nan,0.3042264782651741,nan
0.0,908814.262343489,5328280.713118608,inf,0.0,0.1705642610206184,92325.26187191112,0.7043712701298472,nan,nan,243.0,0.9864858417878632,152.5,annual,350.0,-0.58,0.28457059607983004,nan,0.28325217379005185,nan
0.0,845498.9984221037,4949216.911396628,inf,0.0,0.17083490450280361,85733.58930994401,0.7044074363520055,nan,nan,243.0,0.9865293544388966,152.5,annual,350.0,-0.56,0.2643257145099222,nan,0.2630290458591527,nan
0.0,784504.0139839847,4584220.520387492,inf,0.0,0.17113138656725715,79386.7606629571,0.7044508899660683,nan,nan,243.0,0.986573761785249,152.5,annual,350.0,-0.54,0.24483213934960305,nan,0.24355709447247634,nan
0.0,725829.3090291328,4233291.540091201,inf,0.0,0.17145743499005406,73284.77593095045,0.70450307774731,nan,nan,243.0,0.9866188503926874,152.5,annual,350.0,-0.52,0.2260898705988726,nan,0.224836319630023,nan
0.0,669474.8835575479,3896429.970507756,inf,0.0,0.17181750695504136,67427.63511392406,0.7045657878781123,nan,nan,243.0,0.9866643130885017,152.5,annual,350.0,-0.5,0.20809890825773097,nan,0.20686672133179268,nan
0.0,615440.7375692293,3573635.811637154,inf,0.0,0.17221697173649142,61815.33821187794,0.7046412469032809,nan,nan,243.0,0.9867097148574568,152.5,annual,350.0,-0.48,0.190859252326178,nan,0.18964829957778537,nan
0.0,563726.8710641778,3264909.0634793974,inf,0.0,0.17266234988591594,56447.885224812046,0.7047322495332612,nan,nan,243.0,0.9867544453832114,152.5,annual,350.0,-0.46,0.1743709028042138,nan,0.1731810543680009,nan
0.0,514333.2840423933,2970249.726034487,inf,0.0,0.17316162999165327,51325.276152726445,0.7048423344242225,nan,nan,243.0,0.9867976523250113,152.5,annual,350.0,-0.44,0.15863385969183838,nan,0.15746498570243958,nan
0.0,467259.97650387516,2689657.79930242,inf,0.0,0.17372469338852772,46447.51099562108,0.7049760251922171,nan,nan,243.0,0.986838146427709,152.5,annual,350.0,-0.42,0.14364812298905164,nan,0.14250009358110116,nan
0.0,422506.94844862394,2423133.2832831987,inf,0.0,0.17436389131519528,41814.58975349596,0.7051391653590641,nan,nan,243.0,0.9868742648358837,152.5,annual,350.0,-0.4,0.12941369269585365,nan,0.1282863780039857,nan
0.0,380074.1998766395,2170676.1779768225,inf,0.0,0.17509484083014515,37426.512426351095,0.7053393907383082,nan,nan,243.0,0.9869036713674326,152.5,annual,350.0,-0.38,0.11593056881224442,nan,0.11482383897109323,nan
0.0,339961.7307879218,1932286.48338329,inf,0.0,0.17593754016882326,33283.27901418649,0.7055868064703142,nan,nan,243.0,0.9869230599713575,152.5,annual,350.0,-0.36,0.10319875133822387,nan,0.10211247648242373,nan
0.0,302169.54118247126,1707964.1995026052,inf,0.0,0.17691795956289325,29384.889517002168,0.705894974668048,nan,nan,243.0,0.9869277064898648,152.5,annual,350.0,-0.34,0.09121824027379222,nan,0.09015229053797733,nan
0.0,266697.63106028707,1497709.3263347629,inf,0.0,0.17807035475498917,25731.34393479809,0.7062823835020997,nan,nan,243.0,0.9869107773724112,152.5,annual,350.0,-0.32,0.07998903561894916,nan,0.07894328113775384,nan
0.0,233546.0004213698,1301521.8638797658,inf,0.0,0.17944070468795806,22322.64226757424,0.7067746799476173,nan,nan,243.0,0.9868622391324362,152.5,annual,350.0,-0.3,0.06951113737369485,nan,0.06848544828175326,nan
0.0,202714.64926571908,1119401.8121376126,inf,0.0,0.18109194309647816,19158.78451533064,0.7074081451291416,nan,nan,243.0,0.9867670932769389,152.5,annual,350.0,-0.28,0.05978454553802924,nan,0.05877879196997566,nan
0.0,174203.57759333524,951349.171108305,inf,0.0,0.18311213472797916,16239.7706780673,0.7082352493271373,nan,nan,243.0,0.986602434948814,152.5,annual,350.0,-0.26,0.0508092601119524,nan,0.04982331220242104,nan
0.0,148012.7854042182,797363.9407918421,inf,0.0,0.18562763856267492,13565.600755784206,0.7093337976436102,nan,nan,243.0,0.9863323850579053,152.5,annual,350.0,-0.24,0.04258528109546428,nan,0.04161900897908937,nan
0.0,124142.27269836792,657446.1211882241,inf,0.0,0.18882501348399697,11136.274748481377,0.7108224915114724,nan,nan,243.0,0.9858990165995322,152.5,annual,350.0,-0.22,0.0351126084885649,nan,0.03416588229998072,nan
0.0,102592.03947578455,531595.7122974516,inf,0.0,0.19298883926734856,8951.79265615881,0.7128883917027349,nan,nan,243.0,0.9852053699049038,152.5,annual,350.0,-0.2,0.028391242291254296,nan,0.02746393216509507,nan
0.0,83362.0857364676,419812.7141195225,inf,0.0,0.1985697024715027,7012.154478816487,0.7158373594188542,nan,nan,243.0,0.9840819697986807,152.5,annual,350.0,-0.18,0.022421182503532346,nan,0.021513158574432364,nan
0.0,66452.41148041765,322097.1266544389,inf,0.0,0.20631171774379395,5317.360216454402,0.7201906851229222,nan,nan,239.5,0.982122722787314,152.5,annual,350.0,-0.16,0.01720242912539917,nan,0.016313561527992584,nan
0.0,51863.01670763463,238448.9499022012,inf,0.0,0.21750155213057565,3867.409869072595,0.7268777816445576,nan,nan,239.5,0.9757562443424911,152.5,annual,350.0,-0.14,0.012734982156854776,nan,0.01186514102577586,nan
0.0,39593.90141811801,168868.18386280639,inf,0.0,0.23446631871333024,2662.3034366710326,0.737630360011581,nan,nan,227.5,0.9450759904634753,152.5,annual,350.0,-0.12,0.009018841597899018,nan,0.008167897067782082,nan
0.0,29645.06561186848,113354.8285362582,inf,0.0,0.26152450667230354,1702.0409192497484,0.7557631547827782,nan,nan,222.5,0.8791876952685858,152.5,annual,350.0,-0.1,0.006054007448532088,nan,0.0052218296540113545,nan
0.0,29645.06561186848,113354.8285362582,inf,0.0,0.26152450667230354,1702.0409192497484,0.7557631547827782,nan,nan,222.5,0.8791876952685858,152.5,annual,350.0,-0.1,0.006054007448532088,nan,0.0052218296540113545,nan
0.0,28777.79740282316,108577.20059280978,inf,0.0,0.2650445696306605,1619.4810828315258,0.7581866995773066,nan,nan,222.5,0.8698257880975929,152.5,annual,350.0,-0.098,0.005798845886122773,nan,0.00496853762256652,nan
0.0,27933.73198861062,103940.24675649025,inf,0.0,0.26874798608140094,1539.3696855630888,0.7607498600549117,nan,nan,222.5,0.8599884893805165,152.5,annual,350.0,-0.096,0.005551197387809367,nan,0.0047227573565638645,nan
0.0,27112.869369230506,99443.96702729785,inf,0.0,0.27264468805621855,1461.706727444475,0.7634609364129207,nan,nan,218.0,0.848804509106369,152.5,annual,350.0,-0.094,0.005311061953591779,nan,0.004484488856003502,nan
0.0,26315.20954468338,95088.36140523558,inf,0.0,0.27674479984502565,1386.492208475689,0.7663285160787512,nan,nan,218.0,0.8362701153788874,152.5,annual,350.0,-0.092,0.005078439583470169,nan,0.004253732120885446,nan
0.0,25540.752514968655,90873.42989030038,inf,0.0,0.28105852883291266,1313.7261286566534,0.7693614185791945,nan,nan,218.0,0.8231809609339437,152.5,annual,350.0,-0.09,0.004853330277444371,nan,0.00403048715120946,nan
0.0,24789.49828008665,86799.17248249386,inf,0.0,0.2855960209192816,1243.4084879874479,0.7725686196122095,nan,nan,213.5,0.8088045076463384,152.5,annual,350.0,-0.088,0.004635734035514472,nan,0.0038147539469757883,nan
0.0,24061.446840037304,82865.58918181586,inf,0.0,0.2903671726419992,1175.5392864680534,0.7759591496897601,nan,nan,213.5,0.7929890438979146,152.5,annual,350.0,-0.086,0.004425650857680466,nan,0.0036065325081843726,nan
0.0,23356.59819482065,79072.67998826643,inf,0.0,0.2953813908708612,1110.118524098451,0.7795419620111619,nan,nan,213.5,0.7766021622338842,152.5,annual,350.0,-0.084,0.004223080743942354,nan,0.0034058228348351543,nan
0.0,22674.952344436733,75420.44490184565,inf,0.0,0.30064728965662524,1047.1462008786436,0.7833257635120453,nan,nan,213.5,0.7596481155557935,152.5,annual,350.0,-0.082,0.0040280236943001394,nan,0.003212624926928143,nan
0.0,22016.50928888546,71908.88392255339,inf,0.0,0.3061723126254813,986.6223168086412,0.7873188023681276,nan,nan,213.5,0.7421368542348149,152.5,annual,350.0,-0.08,0.0038404797087538156,nan,0.0030269387844633687,nan
0.0,22016.50928888546,71908.88392255339,inf,0.0,0.3061723126254813,986.6223168086412,0.7873188023681276,nan,nan,213.5,0.7421368542348149,152.5,annual,350.0,-0.08,0.0038404797087538156,nan,0.0030269387844633687,nan
0.0,21381.269028166873,68537.99705038976,inf,0.0,0.3119622683523589,928.5468718884722,0.7915286046960596,nan,nan,213.5,0.7240850063672659,152.5,annual,350.0,-0.078,0.0036604487873033893,nan,0.002848764407440919,nan
0.0,20769.231562281024,65307.78428535475,inf,0.0,0.31802076566450777,872.9198661181016,0.7959616529019291,nan,nan,213.5,0.7055169366021922,152.5,annual,350.0,-0.076,0.003487930929948859,nan,0.0026781017958606864,nan
0.0,20180.39689122786,62218.24562744829,inf,0.0,0.32434853615231235,819.7412994975293,0.8006229982408773,nan,nan,213.5,0.6864658695156487,152.5,annual,350.0,-0.074,0.0033229261366902224,nan,0.0025149509497226705,nan
0.0,19614.765015007088,59269.381076668906,inf,0.0,0.33094263275052727,769.0111720267234,0.805515800879515,nan,nan,213.5,0.6669750557483979,152.5,annual,350.0,-0.072,0.003165434407527399,nan,0.0023593118690267735,nan
0.0,19072.33593361913,56461.190633018574,inf,0.0,0.3377954966905286,720.7294837057349,0.8106407923633772,nan,nan,213.5,0.6470989498011915,152.5,annual,350.0,-0.07,0.0030154557424604956,nan,0.0022111845537731516,nan
0.0,18553.109647063775,53793.674296496465,inf,0.0,0.34489389114422553,674.8962345345607,0.8159956582052275,nan,nan,211.5,0.6266476762678987,152.5,annual,350.0,-0.068,0.0028729901414894675,nan,0.0020705690039617957,nan
0.0,18057.086155341374,51266.83206710438,inf,0.0,0.35221770933117197,631.5114245131883,0.8215743426890479,nan,nan,211.5,0.6056679208519093,152.5,annual,350.0,-0.066,0.0027380376046144106,nan,0.0019374652195926678,nan
0.0,17584.26545845138,48880.66394483927,inf,0.0,0.3597386786377294,590.5750536416365,0.8273662843012681,nan,nan,211.5,0.584589263136114,152.5,annual,350.0,-0.064,0.0026105981318351626,nan,0.0018118732006658245,nan
0.0,17134.647556393928,46635.169929701995,inf,0.0,0.367419001200655,552.0871219198063,0.8333555987803369,nan,nan,209.5,0.5632882865528963,152.5,annual,350.0,-0.062,0.0024906717231517692,nan,0.0016937929471809632,nan
0.0,16708.2324491696,44530.35002169565,inf,0.0,0.37520999590232673,516.0476293478961,0.8395202378061813,nan,nan,209.5,0.5419483785596567,152.5,annual,350.0,-0.06,0.002378258378564396,nan,0.0015832244591386913,nan
0.0,16708.2324491696,44530.35002169565,inf,0.0,0.37520999590232673,516.0476293478961,0.8395202378061813,nan,nan,209.5,0.5419483785596567,152.5,annual,350.0,-0.06,0.002378258378564396,nan,0.0015832244591386913,nan
0.0,16305.020136777544,42566.20422081552,inf,0.0,0.38305083657903755,482.45657592571035,0.8458311647538068,nan,nan,209.5,0.52094049331315,152.5,annual,350.0,-0.058,0.0022733580980727904,nan,0.00148016773653841,nan
0.0,15925.010619218336,40742.73252706481,inf,0.0,0.3908675150504346,451.3139616533488,0.852251604201087,nan,nan,209.5,0.500420941428364,152.5,annual,350.0,-0.056,0.002175970881677124,nan,0.001384622779380425,nan
0.0,15568.203896491666,39059.93494044187,inf,0.0,0.39857219220231377,422.6197865307887,0.8587364378874605,nan,nan,209.5,0.4805578492013337,152.5,annual,350.0,-0.054,0.002086096729377309,nan,0.0012965895876646664,nan
0.0,15234.599968597822,37517.81146094836,inf,0.0,0.4060631304268708,396.3740505580334,0.86523183466582,nan,nan,209.5,0.4615292554079507,152.5,annual,350.0,-0.052,0.0020037356411734333,nan,0.0012160681613911444,nan
0.0,14924.198835536541,36116.36208858258,inf,0.0,0.4132254184109675,372.57675373507004,0.8716752129141576,nan,nan,209.5,0.44352056780793014,152.5,annual,350.0,-0.05,0.001928887617065407,nan,0.0011430585005598197,nan
0.0,14637.000497307847,34855.58682334479,inf,0.0,0.41993269462055377,351.22789606191145,0.8779956373422834,nan,nan,209.5,0.426721375602405,152.5,annual,350.0,-0.048,0.0018615526570532437,nan,0.0010775606051707316,nan
0.0,14373.004953911925,33735.48566523622,inf,0.0,0.42605003812715325,332.3274775385734,0.884114744194603,nan,nan,209.5,0.4113216540184919,152.5,annual,350.0,-0.046,0.0018017307611370088,nan,0.0010195744752239284,nan
0.0,14132.212205348735,32756.058614256137,inf,0.0,0.43143811567115997,315.875498165034,0.8899482658456319,nan,nan,209.5,0.39750744344795486,152.5,annual,350.0,-0.044,0.001749421929316663,nan,0.0009691001107193432,nan
0.0,13914.622251618113,31917.305670404123,inf,0.0,0.43595854848489574,301.8719579412701,0.8954081853650055,nan,nan,209.5,0.38545613489155905,152.5,annual,350.0,-0.042,0.0017046261615921844,nan,0.0009261375116569047,nan
0.0,13720.23509272027,31219.226833681307,inf,0.0,0.4394802973761669,290.31685686733704,0.9004054940036401,nan,nan,209.5,0.37533154133069135,152.5,annual,350.0,-0.04,0.0016673434579636333,nan,0.0008906866780367828,nan
0.0,13720.23509272027,31219.226833681307,inf,0.0,0.4394802973761669,290.31685686733704,0.9004054940036401,nan,nan,209.5,0.37533154133069135,152.5,annual,350.0,-0.04,0.0016673434579636333,nan,0.0008906866780367828,nan
0.0,13549.050728654887,30661.822104085506,inf,0.0,0.4418866785757509,281.2101949431988,0.9048534536194729,nan,nan,209.5,0.3672789756226455,152.5,annual,350.0,-0.038,0.001637573818430893,nan,0.000862747609858867,nan
0.0,13401.06915942216,30245.09148161837,inf,0.0,0.4430824475292706,274.5519721688335,0.908671189966823,nan,nan,209.5,0.361420583880188,152.5,annual,350.0,-0.036,0.0016153172429940515,nan,0.0008423203071230903,nan
0.0,13276.29038502241,29969.034966281302,inf,0.0,0.44300026343723786,270.3421885443176,0.9117873734346565,nan,nan,209.5,0.3578511938921566,152.5,annual,350.0,-0.034,0.001600573731653184,nan,0.0008294047698296869,nan
0.0,13174.714405455083,29833.65255807136,inf,0.0,0.4416058134286585,268.5808440695745,0.9141436950975433,nan,nan,209.5,0.3566349273238485,152.5,annual,350.0,-0.032,0.0015933432844081332,nan,0.0008240009979784221,nan
0.0,13096.341220720467,29838.94425698988,inf,0.0,0.4389009580207451,269.2679387446423,0.9156978306132405,nan,nan,209.5,0.3578027908951762,152.5,annual,350.0,-0.03,0.0015936259012589702,nan,0.0008261089915694129,nan
0.0,13041.170830818506,29984.910063037034,inf,0.0,0.4349244604503451,272.40347256949593,0.9164256106739174,nan,nan,209.5,0.36135140703222146,152.5,annual,350.0,-0.028,0.0016014215822057049,nan,0.000835728750602582,nan
0.0,13009.203235749259,30271.54997621291,inf,0.0,0.42975015306357833,277.98744554417993,0.9163221848509494,nan,268.86350652196273,209.5,0.367242973138909,152.5,annual,350.0,-0.026,0.0016167303272483413,nan,0.0008528602750780664,nan
0.0,13000.438435512722,30698.86399651721,inf,0.0,0.42348272030481726,286.01985766865903,0.9154020673456286,nan,268.9252547314466,209.5,0.3754064576071451,152.5,annual,350.0,-0.024,0.001639552136386864,nan,0.0008775035649957576,nan
0.0,13014.876430108876,31266.852123950142,inf,0.0,0.41625157462332424,296.50070894295243,0.9136980723284331,nan,nan,209.5,0.3857399584535182,152.5,annual,350.0,-0.022,0.0016698870096212835,nan,0.0009096586203557148,nan
0.0,13052.51721953743,31975.514358510234,inf,0.0,0.40820351076114975,309.42999936702165,0.9112592631508675,nan,nan,209.5,0.39811407572697505,152.5,annual,350.0,-0.02,0.0017077349469515216,nan,0.0009493254411578197,nan
0.0,13052.51721953743,31975.514358510234,inf,0.0,0.40820351076114975,309.42999936702165,0.9112592631508675,nan,nan,209.5,0.39811407572697505,152.5,annual,350.0,-0.02,0.0017077349469515216,nan,0.0009493254411578197,nan
0.0,13113.360803798962,32824.85070020032,inf,0.0,0.3994949108395773,324.80772894090535,0.9081481345075286,nan,nan,209.5,0.41237608916126195,152.5,annual,350.0,-0.018,0.0017530959483777293,nan,0.000996504027402191,nan
0.0,13197.407182893168,33814.861149019016,inf,0.0,0.3902842340453032,342.6338976646034,0.9044373057399681,nan,nan,211.5,0.4280426666393136,152.5,annual,350.0,-0.016,0.0018059700138998336,nan,0.0010511943790888283,nan
0.0,13304.65635681983,34945.545704964876,inf,0.0,0.3807253854081202,362.90850553809014,0.9002060211851693,nan,nan,211.5,0.4450594698036536,152.5,annual,350.0,-0.014,0.0018663571435177564,nan,0.001113396496217653,nan
0.0,13435.10832557925,36216.904368039846,inf,0.0,0.3709623602572522,385.6315525613817,0.8955367325367223,nan,nan,211.5,0.4633546674809005,152.5,annual,350.0,-0.012,0.0019342573372316018,nan,0.0011831103787887142,nan
0.0,13588.763089171292,37628.93713824289,inf,0.0,0.36112534986699946,410.8030387344778,0.8905119879354901,nan,nan,213.5,0.48214561933057515,152.5,annual,350.0,-0.01,0.0020096705950413143,nan,0.0012603360268020117,nan
0.0,13765.62064759602,39181.644015574464,inf,0.0,0.3513283067480341,438.4229640573755,0.885211785652036,nan,nan,213.5,0.5017552272410497,152.5,annual,350.0,-0.008,0.002092596916946919,nan,0.0013450734402575357,nan
0.0,13965.681000853547,40875.025000035166,inf,0.0,0.3416678277466872,468.4913285300878,0.8797114795432741,nan,nan,213.5,0.52200052484967,152.5,annual,350.0,-0.006,0.0021830363029484473,nan,0.0014373226191553266,nan
0.0,14188.944148943645,42709.08009162399,inf,0.0,0.3322231272250312,501.00813215259495,0.8740802592856111,nan,nan,213.5,0.5427031826318951,152.5,annual,350.0,-0.004,0.002280988753045845,nan,0.0015370835634953238,nan
0.0,14435.410091866273,44683.80929034042,inf,0.0,0.3230568369422091,535.9733749248815,0.8683801772982692,nan,nan,213.5,0.5636977247332889,152.5,annual,350.0,-0.002,0.0023864542672390856,nan,0.0016443562732774795,nan
0.0,14705.07882962178,46799.212596186335,inf,0.0,0.31421637275196584,573.3870568469918,0.862665659028303,nan,nan,213.5,0.5848331638083897,152.5,annual,350.0,0.0,0.0024994328455282687,nan,0.0017591407485019303,nan
0.0,14705.07882962178,46799.212596186335,inf,0.0,0.31421637275196584,573.3870568469918,0.862665659028303,nan,nan,213.5,0.5848331638083897,152.5,annual,350.0,0.0,0.0024994328455282687,nan,0.0017591407485019303,nan
0.0,14997.950362209776,49055.29000915986,inf,0.0,0.305735637469665,613.249177918894,0.8569834135099884,nan,nan,213.5,0.6059739552363961,152.5,annual,350.0,0.002,0.002619924487913294,nan,0.0018814369891685784,nan
0.0,15314.024689630683,51452.04152926309,inf,0.0,0.29763687182210075,655.5597381406299,0.8513726544404654,nan,nan,213.5,0.627000359009835,152.5,annual,350.0,0.004,0.0027479291943942746,nan,0.0020112449952775515,nan
0.0,15653.301811884081,53989.467156493774,inf,0.0,0.28993251158622196,700.3187375121385,0.8458655450855006,nan,nan,218.0,0.6468739068418854,152.5,annual,350.0,0.006,0.0028834469649710887,nan,0.002148564766828663,nan
0.0,16015.78172897011,56667.56689085273,inf,0.0,0.2826269523767991,747.5261760334357,0.8404877896971331,nan,nan,218.0,0.6654931038978305,152.5,annual,350.0,0.008,0.003026477799643781,nan,0.0022933963038219616,nan
0.0,16401.464440888896,59486.34073234063,inf,0.0,0.27571816048809333,797.1820537045666,0.8352593067833337,nan,nan,218.0,0.6836845728780652,152.5,annual,350.0,0.01,0.0031770216984123873,nan,0.002445739606257585,nan
0.0,16810.349947640352,62445.78868095712,inf,0.0,0.26919909737270525,849.2863705254894,0.8301949332056475,nan,nan,218.0,0.7013991617327078,152.5,annual,350.0,0.012,0.0033350786612768883,nan,0.002605594674135406,nan
0.0,17242.43824922447,65545.91073670182,inf,0.0,0.2630589468576829,903.8391264962121,0.8253051211169272,nan,nan,222.5,0.7170741162427924,152.5,annual,350.0,0.014,0.0035006486882372635,nan,0.0027729615074554488,nan
0.0,17697.72934564132,68786.70689957548,inf,0.0,0.2572841489777808,960.8403216167428,0.8205966012588419,nan,nan,222.5,0.7317593379834407,152.5,annual,350.0,0.016,0.003673731779293554,nan,0.002947840106217738,nan
0.0,18176.223236890637,72168.17716957629,inf,0.0,0.25185925361785544,1020.2899558870606,0.8160729956925575,nan,nan,222.5,0.7458923107548749,152.5,annual,350.0,0.018,0.003854327934445662,nan,0.0031302304704222098,nan
0.0,18677.919922972615,75690.32154670576,inf,0.0,0.24676761230888875,1082.1880293071927,0.81173537056244,nan,nan,222.5,0.759470647507019,152.5,annual,350.0,0.02,0.004042437153693669,nan,0.0033201326000689467,nan
0.0,18677.919922972615,75690.32154670576,inf,0.0,0.24676761230888875,1082.1880293071927,0.81173537056244,nan,nan,222.5,0.759470647507019,152.5,annual,350.0,0.02,0.004042437153693669,nan,0.0033201326000689467,nan
0.0,19202.819403887566,79353.14003096521,inf,0.0,0.24199192869235214,1146.534541877141,0.8075827251353869,nan,nan,222.5,0.7724973041588958,152.5,annual,350.0,0.022,0.004238059437037645,nan,0.003517546495157956,nan
0.0,19750.921679634943,83156.63262235181,inf,0.0,0.2375146883271709,1213.3294935968634,0.8036124173743957,nan,nan,222.5,0.7849795511458326,152.5,annual,350.0,0.024,0.0044411947844774395,nan,0.0037224721556891075,nan
0.0,20322.226750215006,87100.79932086702,inf,0.0,0.2333184874153772,1282.5728844664081,0.7998205289921443,nan,nan,222.5,0.7969280785807265,152.5,annual,350.0,0.026,0.0046518431960131295,nan,0.00393490958166255,nan
0.0,20916.734615627778,91185.64012651071,inf,0.0,0.2293862782188945,1354.2647144857417,0.7962021745813103,nan,nan,225.0,0.8081733210361873,152.5,annual,350.0,0.028,0.004870004671644708,nan,0.00415485877307818,nan
0.0,21534.44527587324,95411.15503928311,inf,0.0,0.2257015468160613,1428.4049836549007,0.7927517602948073,nan,nan,225.0,0.8181848061534134,152.5,annual,350.0,0.03,0.005095679211372189,nan,0.004382319729936109,nan
0.0,22175.35873095138,99777.34405918414,inf,0.0,0.2222484366571012,1504.9936919738566,0.7894631978714906,nan,nan,227.5,0.8276321166706294,152.5,annual,350.0,0.032,0.005328866815195566,nan,0.004617292452236251,nan
0.0,22839.47498086224,104284.2071862136,inf,0.0,0.21901182927995277,1584.0308394426092,0.7863300797474283,nan,nan,227.5,0.8358680070589225,152.5,annual,350.0,0.034,0.00556956748311483,nan,0.004859776939978606,nan
0.0,23526.794025605515,108931.7444203703,inf,0.0,0.21597739162989105,1665.516426061139,0.7833458206951477,nan,nan,227.5,0.8437075831854315,152.5,annual,350.0,0.036,0.0058177812151299175,nan,0.005109773193163112,nan
0.0,24237.315865181725,113719.95576165701,inf,0.0,0.21313159772925122,1749.4504518295316,0.7805037709941117,nan,nan,227.5,0.8511698437264817,152.5,annual,350.0,0.038,0.006073508011240974,nan,0.005367281211790033,nan
0.0,24971.040499590643,118648.84121007237,inf,0.0,0.21046173097787318,1835.8329167476886,0.7777973056269062,nan,nan,227.5,0.8582734082970686,152.5,annual,350.0,0.04,0.00633674787144793,nan,0.005632300995859066,nan
0.0,24971.040499590643,118648.84121007237,inf,0.0,0.21046173097787318,1835.8329167476886,0.7777973056269062,nan,nan,227.5,0.8582734082970686,152.5,annual,350.0,0.04,0.00633674787144793,nan,0.005632300995859066,nan
0.0,25727.96792883202,123718.40076561482,inf,0.0,0.2079558721226424,1924.6638208156457,0.7752198934666023,nan,nan,227.5,0.8650363915604744,152.5,annual,350.0,0.042,0.006607500795750699,nan,0.005904832545370322,nan
0.0,26508.098152906154,128928.63442828626,inf,0.0,0.20560287689737927,2015.9431640334078,0.7727651499040835,nan,nan,227.5,0.8714763119017185,152.5,annual,350.0,0.044,0.006885766784149386,nan,0.006184875860323816,nan
0.0,27311.431171812863,134279.542198086,inf,0.0,0.20339234647913593,2109.6709464009778,0.7704268758792834,nan,nan,227.5,0.8776100281078866,152.5,annual,350.0,0.046,0.007171545836643953,nan,0.006472430940719555,nan
0.0,28137.96698555232,139771.12407501414,inf,0.0,0.20131459320918732,2205.847167918333,0.7681990858383955,nan,nan,227.5,0.8834536985470591,152.5,annual,350.0,0.048,0.007464837953234403,nan,0.006767497786557471,nan
0.0,28987.705594124494,145403.38005907135,inf,0.0,0.1993606034629181,2304.4718285855024,0.7660760267447984,nan,nan,227.5,0.8890227582522416,152.5,annual,350.0,0.05,0.007765643133920775,nan,0.007070076397837652,nan
0.0,29860.64699752931,151176.3101502568,inf,0.0,0.1975219991005885,2405.5449284024994,0.7640521899252237,nan,nan,227.5,0.8943319101044128,152.5,annual,350.0,0.052,0.008073961378703021,nan,0.0073801667745601405,nan
0.0,30756.79119576667,157089.91434856976,inf,0.0,0.19579099857117402,2509.0664673692513,0.7621223172328502,nan,nan,227.5,0.8993951269805147,152.5,annual,350.0,0.054,0.008389792687581107,nan,0.007697768916724712,nan
0.0,31676.13818883688,163144.19265401232,inf,0.0,0.1941603784574421,2615.0364454858336,0.7602814027518545,nan,nan,227.5,0.9042256623011046,152.5,annual,350.0,0.056,0.00871313706055514,nan,0.0080228828243316,nan
0.0,32618.687976739573,169339.14506658248,inf,0.0,0.19262343602782586,2723.454862752203,0.7585246910495878,nan,nan,227.5,0.9088360668894714,152.5,annual,350.0,0.058,0.009043994497625015,nan,0.008355508497380669,nan
0.0,33584.44055947517,175674.7715862823,inf,0.0,0.19117395318758246,2834.321719168403,0.7568476727982109,nan,nan,227.5,0.9132382104534608,152.5,annual,350.0,0.06,0.009382364998790842,nan,0.008695645935872054,nan
0.0,33584.44055947517,175674.7715862823,inf,0.0,0.19117395318758246,2834.321719168403,0.7568476727982109,nan,nan,227.5,0.9132382104534608,152.5,annual,350.0,0.06,0.009382364998790842,nan,0.008695645935872054,nan
0.0,34573.39593704302,182151.07221310813,inf,0.0,0.18980616208832293,2947.6370147343596,0.7552460784333841,nan,nan,230.5,0.9173947003838986,152.5,annual,350.0,0.062,0.009728248564052428,nan,0.009043295139805528,nan
0.0,35585.55410944399,188768.04694706498,inf,0.0,0.18851471255314212,3063.4007494501816,0.7537158703889049,nan,nan,230.5,0.9208716245379924,152.5,annual,350.0,0.064,0.010081645193410038,nan,0.009398456109181426,nan
0.0,36620.915076677506,195525.6957881496,inf,0.0,0.18729464139770124,3181.612923315759,0.7522532343396241,nan,nan,230.5,0.9241939615083656,152.5,annual,350.0,0.066,0.010442554886863499,nan,0.009761128843999406,nan
0.0,37679.47883874343,202424.0187363613,inf,0.0,0.18614134367037488,3302.273536331152,0.7508545697969806,nan,nan,230.5,0.9273701782910166,152.5,annual,350.0,0.068,0.010810977644412773,nan,0.010131313344259658,nan
0.0,38761.2453956423,209463.0157917029,inf,0.0,0.18505054579271307,3425.382588496346,0.7495164803292526,nan,nan,233.5,0.9303440353016854,152.5,annual,350.0,0.07,0.011186913466058013,nan,0.010509009609962136,nan
0.0,39866.214747373764,216642.6869541728,inf,0.0,0.18401828055154618,3550.940079811352,0.7482357636195214,nan,nan,233.5,0.9327852559933474,152.5,annual,350.0,0.072,0.01157036235179913,nan,0.01089421764110687,nan
0.0,40994.38689393805,223963.03222377162,inf,0.0,0.1830408638733677,3678.946010276174,0.7470094015261587,nan,nan,233.5,0.9351217415384223,152.5,annual,350.0,0.074,0.011961324301636163,nan,0.011286937437693878,nan
0.0,42145.76183533473,231424.05160049762,inf,0.0,0.18211487329800125,3809.400379890759,0.745834550271665,nan,nan,233.5,0.9373591897900801,152.5,annual,350.0,0.076,0.012359799315569015,nan,0.011687168999722991,nan
0.0,43320.33957156411,239025.74508435224,inf,0.0,0.18123712806031145,3942.303188655138,0.7447085308540616,nan,nan,233.5,0.9395029409727933,152.5,annual,350.0,0.078,0.012765787393597763,nan,0.012094912327194311,nan
0.0,44518.12010262621,246768.11267533543,inf,0.0,0.18040467068448676,4077.65443656935,0.7436288197498094,nan,nan,236.5,0.9412872965755846,152.5,annual,350.0,0.08,0.013179288535722403,nan,0.012510167420107953,nan
0.0,44518.12010262621,246768.11267533543,inf,0.0,0.18040467068448676,4077.65443656935,0.7436288197498094,nan,nan,236.5,0.9412872965755846,152.5,annual,350.0,0.08,0.013179288535722403,nan,0.012510167420107953,nan
0.0,45739.103428521,254651.15437344718,inf,0.0,0.1796147499941994,4215.454123633358,0.7425930399568755,nan,nan,236.5,0.9428722549718452,152.5,annual,350.0,0.082,0.013600302741942938,nan,0.012932934278463804,nan
0.0,46983.28954924845,262674.8701786876,inf,0.0,0.1788648054428942,4355.702249847186,0.7415989524105597,nan,nan,236.5,0.9443929276052832,152.5,annual,350.0,0.084,0.014028830012259373,nan,0.01336321290226194,nan
0.0,48250.6784648086,270839.26009105647,inf,0.0,0.17815245267095572,4498.398815210801,0.7406444477919494,nan,nan,236.5,0.9458527038312482,152.5,annual,350.0,0.086,0.014464870346671694,nan,0.013801003291502257,nan
0.0,49541.27017520148,279144.32411055407,inf,0.0,0.17747547020007057,4643.543819724221,0.7397275387390012,nan,nan,236.5,0.9472547607135291,152.5,annual,350.0,0.088,0.014908423745179918,nan,0.014246305446184812,nan
0.0,50855.06468042699,287590.0622371801,inf,0.0,0.17683178717937068,4791.137263387438,0.7388463524624885,nan,nan,239.5,0.9484295071174019,152.5,annual,350.0,0.09,0.015359490207784026,nan,0.014699119366309578,nan
0.0,52192.06198048523,296176.4744709349,inf,0.0,0.17621947210262667,4941.179146200494,0.7379991237632768,nan,nan,239.5,0.949402053187177,152.5,annual,350.0,0.092,0.015818069734484044,nan,0.015159445051876688,nan
0.0,53552.2620753759,304903.5608118168,inf,0.0,0.17563672242066003,5093.669468163283,0.7371841884428776,nan,nan,239.5,0.9503375394969279,152.5,annual,350.0,0.094,0.01628416232527987,nan,0.015627282502885812,nan
0.0,54935.66496509952,313771.32125982875,inf,0.0,0.17508185497809794,5248.6082292759265,0.7363999770960673,nan,nan,239.5,0.9512378384607686,152.5,annual,350.0,0.096,0.016757767980171676,nan,0.016102631719337325,nan
0.0,56342.27064965556,322779.7558149677,inf,0.0,0.17455329720849522,5405.99542953836,0.7356450092719858,nan,nan,239.5,0.9521047078947927,152.5,annual,350.0,0.098,0.017238886699159288,nan,0.016585492701231032,nan
0.0,57772.079129044425,331928.8644772357,inf,0.0,0.1740495790266126,5565.831068950604,0.7349178879885836,nan,nan,239.5,0.9529397990575234,152.5,annual,350.0,0.1,0.017727518482242823,nan,0.01707586544856699,nan
0.0,57772.079129044425,331928.8644772357,inf,0.0,0.1740495790266126,5565.831068950604,0.7349178879885836,nan,nan,239.5,0.9529397990575234,152.5,annual,350.0,0.1,0.017727518482242823,nan,0.01707586544856699,nan
0.0,73346.31763872913,431157.02699197945,inf,0.0,0.17011509275504294,7298.851616312067,0.7289211775739353,nan,nan,239.5,0.9598432886190532,152.5,annual,350.0,0.12,0.0230270548383519,nan,0.02239274002124887,nan
0.0,91240.83563168095,544452.6002195699,inf,0.0,0.1675826979150891,9276.716078653815,0.7246297438374508,nan,nan,239.5,0.9648199000858417,152.5,annual,350.0,0.14,0.029077897604049812,nan,0.02846079113815382,nan
0.0,111455.63310789915,671815.5841600029,inf,0.0,0.16590212513045,11499.42445597579,0.7214549707793967,nan,nan,239.5,0.9685377189062357,152.5,annual,350.0,0.16,0.03588004677933634,nan,0.035280018799281665,nan
0.0,133990.71006738424,813245.9788132817,inf,0.0,0.1647603720868173,13966.97674827805,0.7190391130870074,nan,nan,239.5,0.9713980084604462,152.5,annual,350.0,0.18,0.04343350236421165,nan,0.04285042300463258,nan
0.0,158846.06651013633,968743.7841794065,inf,0.0,0.16397118526514212,16679.372955560542,0.7171561003173637,nan,nan,239.5,0.9736531460657049,152.5,annual,350.0,0.2,0.051738264358675755,nan,0.051172003754206406,nan
0.0,186021.70243615494,1138309.0002583745,inf,0.0,0.1634193372747923,19636.61307782329,0.7156579445762788,nan,nan,243.0,0.9750877979783754,152.5,annual,350.0,0.22,0.06079433276272851,nan,0.06024476104800322,nan
0.0,215517.6178454404,1321941.627050188,inf,0.0,0.16303111531963144,22838.697115066283,0.7144446891743966,nan,nan,243.0,0.9760037266068595,152.5,annual,350.0,0.24,0.07060170757637003,nan,0.07006869488602298,nan
0.0,247333.8127379927,1519641.6645548465,inf,0.0,0.16275798335026895,26285.62506728955,0.7134469246154288,nan,nan,243.0,0.9767678756629039,152.5,annual,350.0,0.26,0.0811603887996003,nan,0.08064380526826578,nan
0.0,281470.2871138117,1731409.1127723497,inf,0.0,0.16256717435379478,29977.396934493067,0.7126152593630883,nan,nan,243.0,0.9774137761240954,152.5,annual,350.0,0.28,0.0924703764324193,nan,0.09197009219473154,nan
0.0,317927.0409728976,1957243.9717026986,inf,0.0,0.16243608133140292,33914.01271667684,0.7119137758828694,nan,nan,243.0,0.977965988225565,152.5,annual,350.0,0.3,0.10453167047482707,nan,0.10404755566542029,nan
0.0,356704.07431525004,2197146.241345891,inf,0.0,0.16234880846927432,38095.472413840835,0.7113158458005094,nan,nan,243.0,0.9784428634858413,152.5,annual,350.0,0.32,0.1173442709268235,nan,0.1168761956803319,nan
0.0,397801.38714086945,2451115.9217019286,inf,0.0,0.16229399173608103,42521.77602598512,0.710801383847136,nan,nan,243.0,0.9788583583156024,152.5,annual,350.0,0.34,0.1309081777884087,nan,0.13045601223946662,nan
0.0,441218.97944975516,2719153.0127708092,inf,0.0,0.16226338767164641,47192.92355310962,0.7103550034916957,nan,nan,243.0,0.9792232547925674,152.5,annual,350.0,0.36,0.1452233910595825,nan,0.14478700534282418,nan
0.0,486956.85124190804,3001257.5145525364,inf,0.0,0.1622509394414659,52108.91499521439,0.7099647518205203,nan,nan,243.0,0.9795460008134699,152.5,annual,350.0,0.38,0.16028991074034518,nan,0.1598691749904048,nan
0.0,535015.0025173275,3297429.4270471083,inf,0.0,0.16225214651415318,57269.750352299416,0.7096212250050861,nan,nan,243.0,0.979833299929541,152.5,annual,350.0,0.4,0.17610773683069655,nan,0.17570252118220836,nan
0.0,585393.4332760139,3607668.750254526,inf,0.0,0.16226363166926389,62675.429624364726,0.7093169390198342,nan,nan,243.0,0.980090532958127,152.5,annual,350.0,0.42,0.1926768693306367,nan,0.192287043918235,nan
0.0,638092.1435179673,3931975.4841747885,inf,0.0,0.1622828387628884,68325.95281141024,0.7090458747918518,nan,nan,243.0,0.9803220643020701,152.5,annual,350.0,0.44,0.20999730824016563,nan,0.2096227431984845,nan
0.0,693111.1332431871,4270349.628807894,inf,0.0,0.162307818677759,74221.31991343603,0.7088031446198295,nan,nan,243.0,0.9805314678324871,152.5,annual,350.0,0.46,0.22806905355928317,nan,0.227709619022957,nan
0.0,750450.4024516739,4622791.1841538455,inf,0.0,0.16233707570960423,80361.5309304421,0.7085847442439714,nan,nan,243.0,0.9807216957322956,152.5,annual,350.0,0.48,0.2468921052879895,nan,0.24654767139165257,nan
0.0,810109.9511434276,4989300.150212644,inf,0.0,0.1623694559865076,86746.58586242839,0.708387366296061,nan,nan,243.0,0.9808952062846198,152.5,annual,350.0,0.5,0.26646646342628466,nan,0.266136900304571,nan
0.0,872089.7793184477,5369876.526984284,inf,0.0,0.16240406551921452,93376.48470939495,0.7082082583310512,nan,nan,243.0,0.9810540617032255,152.5,annual,350.0,0.52,0.2867921279741684,nan,0.2864773057617125,nan
0.0,936389.8869767347,5764520.314468771,inf,0.0,0.162440209400672,100251.22747134176,0.7080451136439843,nan,nan,243.0,0.9812000038245956,152.5,annual,350.0,0.54,0.307869098931641,nan,0.30756888776307695,nan
0.0,1003010.2741182888,6173231.5126661025,inf,0.0,0.16247734627485363,107370.81414826884,0.707895986477054,nan,nan,243.0,0.9813345132478467,152.5,annual,350.0,0.56,0.3296973762987023,nan,0.3294116463086644,nan
0.0,1071950.9407431092,6596010.121576278,inf,0.0,0.16251505394702767,114735.24474017616,0.707759225567118,nan,nan,243.0,0.981458855964198,152.5,annual,350.0,0.58,0.3522769600753523,nan,0.3520055813984748,nan
0.0,1143211.8868511966,7032856.141199299,inf,0.0,0.16255300320365249,122344.51924706371,0.7076334216231983,nan,nan,243.0,0.9815741204350011,152.5,annual,350.0,0.6,0.3756078502615911,nan,0.3753506930325081,nan
0.0,1216793.112442551,7483769.5715351645,inf,0.0,0.1625909377368693,130198.63766893157,0.7075173654835085,nan,nan,243.0,0.9816812473086006,152.5,annual,350.0,0.62,0.39969004685741855,nan,0.39944698121076455,nan
0.0,1292694.6175171717,7948750.412583875,inf,0.0,0.16262865864685763,138297.60000577962,0.7074100145320193,nan,nan,243.0,0.9817810534140032,152.5,annual,350.0,0.64,0.42452354986283475,nan,0.4242944459332438,nan
0.0,1370916.402075059,8427798.664345428,inf,0.0,0.1626660124042647,146641.40625760792,0.7073104655556097,nan,nan,243.0,0.9818742512681307,152.5,annual,350.0,0.66,0.4501083592778396,nan,0.449893087199946,nan
0.0,1451458.466116214,8920914.32681983,inf,0.0,0.16270288144709005,155230.05642441654,0.7072179326623532,nan,nan,243.0,0.9819614650389232,152.5,annual,350.0,0.68,0.4764444751024334,nan,0.47624290501087135,nan
0.0,1534320.8096406343,9428097.400007071,inf,0.0,0.16273917679716415,164063.5505062053,0.7071317292059247,nan,nan,243.0,0.9820432436882922,152.5,annual,350.0,0.7,0.5035318973366156,nan,0.5033438993660193,nan
0.0,1619503.4326483223,9949347.883907162,inf,0.0,0.162774832234767,173141.88850297438,0.70705125290288,nan,nan,243.0,0.9821200718556506,152.5,annual,350.0,0.72,0.5313706259803868,nan,0.5311960702653905,nan
0.0,1707006.3351392774,10484665.778520096,inf,0.0,0.16280979968254364,182465.07041472377,0.7069759735111356,nan,nan,243.0,0.9821923789195574,152.5,annual,350.0,0.74,0.5599606610337466,nan,0.5597994177089849,nan
0.0,1796829.5171134984,11034051.083845876,inf,0.0,0.16284404553320414,192033.09624145337,0.7069054225755967,nan,nan,243.0,0.9822605465813259,152.5,annual,350.0,0.76,0.5893020024966954,nan,0.589153941696802,nan
0.0,1888972.9785709872,11597503.799884502,inf,0.0,0.16287754771762172,201845.96598316322,0.7068391848518613,nan,nan,243.0,0.9823249152426254,152.5,annual,350.0,0.78,0.6193946503692328,nan,0.6192596422288421,nan
0.0,1983436.7195117425,12175023.92663597,inf,0.0,0.1629102933565879,211903.67963985336,0.7067768910997079,nan,nan,243.0,0.9823857893936498,152.5,annual,350.0,0.8,0.6502386046513587,nan,0.6501165193051054,nan
0.0,2080220.7399357634,12766611.464100279,inf,0.0,0.1629422768747483,222206.2372115236,0.7067182120005328,nan,nan,243.0,0.9824434421853335,152.5,annual,350.0,0.82,0.6818338653430733,nan,0.6817245729255912,nan
0.0,2179325.039843052,13372266.412277438,inf,0.0,0.162973498482064,232753.6386981742,0.7066628530016601,nan,nan,243.0,0.9824981193253536,152.5,annual,350.0,0.84,0.7141804324443769,nan,0.7140838030903002,nan
0.0,2280749.619233608,13991988.771167444,inf,0.0,0.16300396294867164,243545.8840998051,0.7066105499285896,nan,nan,243.0,0.9825500424110954,152.5,annual,350.0,0.86,0.7472783059552693,nan,0.7471942097992322,nan
0.0,2384494.47810743,14625778.540770292,inf,0.0,0.16303367861481693,254582.9734164162,0.706561065236415,nan,nan,243.0,0.9825994117917357,152.5,annual,350.0,0.88,0.7811274858757504,nan,0.7810557930523873,nan
0.0,2490559.616464519,15273635.721085984,inf,0.0,0.16306265658975894,265864.9066480076,0.7065141847954994,nan,nan,243.0,0.9826464090348213,152.5,annual,350.0,0.9,0.81572797220582,nan,0.8156685528497655,nan
0.0,2598945.0343048745,15935560.312114526,inf,0.0,0.16309091010305457,277391.68379457924,0.7064697151255765,nan,nan,243.0,0.982691199059318,152.5,annual,350.0,0.92,0.8510797649454788,nan,0.8510324891913663,nan
0.0,2709650.7316284967,16611552.313855905,inf,0.0,0.1631184539790627,289163.3048561311,0.7064274810077148,nan,nan,243.0,0.9827339319862977,152.5,annual,350.0,0.94,0.8871828640947258,nan,0.8871476020771902,nan
0.0,2822676.708435386,17301611.726310134,inf,0.0,0.16314530421134182,301179.7698326632,0.7063873234158776,nan,nan,243.0,0.9827747447496907,152.5,annual,350.0,0.96,0.9240372696535618,nan,0.924013891507237,nan
0.0,2938022.964725542,18005738.54947721,inf,0.0,0.16317147761822004,313441.07872417563,0.7063490977197777,nan,nan,243.0,0.9828137625024376,152.5,annual,350.0,0.98,0.9616429816219866,nan,0.9616313574815071,nan
0.0,3055689.500498965,18723932.783357125,inf,0.0,0.16319699156445552,325947.2315306683,0.7063126721188303,nan,nan,243.0,0.9828510998475679,152.5,annual,350.0,1.0,1.0,nan,1.0,nan
0.0,3175676.315755655,19456194.427949887,inf,0.0,0.16322186373680675,338698.22825214115,0.7062779262735992,nan,nan,243.0,0.9828868619190002,152.5,annual,350.0,1.02,1.039108324787602,nan,1.0391198190627158,nan
0.0,3297983.4104956114,20202523.48325549,inf,0.0,0.16324611196364094,351694.0688885943,0.7062447501065824,nan,nan,243.0,0.9829211453329174,152.5,annual,350.0,1.04,1.078967955984793,nan,1.0789908146696545,nan
0.0,3422610.7847188334,20962919.949273948,inf,0.0,0.1632697540705619,364934.7534400277,0.7062130427486164,nan,nan,243.0,0.982954039027364,152.5,annual,350.0,1.06,1.1195788935915727,nan,1.1196129868208164,nan
0.0,3549558.4384253244,21737383.826005243,inf,0.0,0.16329280776552582,378420.28190644144,0.7061827116108782,nan,nan,243.0,0.9829856250050162,152.5,annual,350.0,1.08,1.160941137607941,nan,1.1609863355162016,nan
0.0,3678826.3716150806,22525915.113449387,inf,0.0,0.16331529054811142,392150.6542878353,0.7061536715655449,nan,nan,243.0,0.9830159789918426,152.5,annual,350.0,1.1,1.2030546880338984,nan,1.203110860755809,nan
0.0,3810414.5842881044,23328513.811606377,inf,0.0,0.16333721963858455,406125.8705842095,0.706125844220678,nan,nan,243.0,0.9830451710225131,152.5,annual,350.0,1.12,1.2459195448694445,nan,1.24598656253964,nan
0.0,3944323.0764443926,24145179.92047619,inf,0.0,0.16335861192317852,420345.9307955637,0.7060991572770521,nan,nan,243.0,0.983073265961838,152.5,annual,350.0,1.14,1.289535708114578,nan,1.289613440867693,nan
0.0,4080551.8480839506,24975913.44005888,inf,0.0,0.16337948391265447,434810.8349218985,0.7060735439564354,nan,nan,243.0,0.9831003239702137,152.5,annual,350.0,1.16,1.333903177769302,nan,1.3339914957399701,nan
0.0,4219100.899206772,25820714.37035439,inf,0.0,0.16339985171172725,449520.5829632133,0.7060489424923079,nan,nan,243.0,0.9831264009199334,152.5,annual,350.0,1.18,1.3790219538336135,nan,1.3791207271564694,nan
0.0,4359970.229812865,26679582.711362764,inf,0.0,0.16341973099736545,464475.17491950863,0.7060252956752813,nan,nan,243.0,0.9831515487682819,152.5,annual,350.0,1.2,1.4248920363075146,nan,1.4250011351171925,nan
0.0,4503159.839902221,27552518.46308397,inf,0.0,0.16343913700432666,479674.6107907839,0.7060025504465458,nan,nan,243.0,0.9831758158925401,152.5,annual,350.0,1.22,1.471513425191004,nan,1.4716327196221375,nan
0.0,4648669.729474846,28439521.625518035,inf,0.0,0.16345808451657348,495118.89057703974,0.7059806575335895,nan,nan,243.0,0.9831992473913357,152.5,annual,350.0,1.24,1.5188861204840827,nan,1.5190154806713065,nan
0.0,4796499.898530737,29340592.198664926,inf,0.0,0.16347658786345118,510808.01427827554,0.7059595711231903,nan,nan,243.0,0.9832218853562077,152.5,annual,350.0,1.26,1.5670101221867492,nan,1.567149418264698,nan
0.0,4946650.347069896,30255730.182524685,inf,0.0,0.16349466091970297,526741.9818944919,0.7059392485673376,nan,nan,243.0,0.9832437691167453,152.5,annual,350.0,1.28,1.6158854302990056,nan,1.6160345324023129,nan
0.0,5099121.075092318,31184935.577097267,inf,0.0,0.16351231710855918,542920.7934256883,0.7059196501183357,nan,nan,243.0,0.9832649354622446,152.5,annual,350.0,1.3,1.6655120448208496,nan,1.6656708230841502,nan
0.0,5253912.082598011,32128208.382382706,inf,0.0,0.16352956940726765,559344.4488718652,0.7059007386897713,nan,nan,243.0,0.9832854188424547,152.5,annual,350.0,1.32,1.715889965752283,nan,1.7160582903102113,nan
0.0,5411023.369586968,33085548.598380975,inf,0.0,0.16354643035454317,576012.9482330219,0.7058824796404882,nan,nan,243.0,0.9833052515496673,152.5,annual,350.0,1.34,1.7670191930933044,nan,1.767196934080494,nan
0.0,5570454.936059194,34056956.22509211,inf,0.0,0.1635629120595062,592926.2915091594,0.7058648405790389,nan,nan,243.0,0.983324463884139,152.5,annual,350.0,1.36,1.8188997268439158,nan,1.8190867543950013,nan
0.0,5732206.782014683,35042431.262516074,inf,0.0,0.16357902621175338,610084.4787002766,0.7058477911864077,nan,nan,243.0,0.9833430843045862,152.5,annual,350.0,1.38,1.8715315670041146,nan,1.87172775125373,nan
0.0,5896278.907453442,36041973.71065289,inf,0.0,0.16359478409226755,627487.5098063743,0.7058313030550702,nan,nan,243.0,0.9833611395653015,152.5,annual,350.0,1.4,1.9249147135739029,nan,1.9251199246566824,nan
0.0,6062671.312375466,37055583.56950255,inf,0.0,0.163610196584926,645135.3848274522,0.7058153495426505,nan,nan,243.0,0.9833786548412485,152.5,annual,350.0,1.42,1.9790491665532797,nan,1.9792632746038576,nan
0.0,6231383.996780757,38083260.83906505,inf,0.0,0.16362527418841002,663028.1037635105,0.7057999056386904,nan,nan,243.0,0.9833956538423462,152.5,annual,350.0,1.44,2.0339349259422455,nan,2.034157801095256,nan
0.0,6402416.960669317,39125005.519340396,inf,0.0,0.16364002702835287,681165.6666145489,0.7057849478431854,nan,nan,243.0,0.9834121589180093,152.5,annual,350.0,1.46,2.0895719917407996,nan,2.0898035041308773,nan
0.0,6575770.204041142,40180817.6103286,inf,0.0,0.1636544648695954,699548.0733805676,0.7057704540556948,nan,nan,243.0,0.9834281911529026,152.5,annual,350.0,1.48,2.145960363948943,nan,2.1462003837107213,nan
0.0,6751443.726896234,41250697.11202964,inf,0.0,0.16366859712844367,718175.3240615667,0.7057564034739818,nan,nan,243.0,0.9834437704547492,152.5,annual,350.0,1.5,2.203100042566675,nan,2.203348439834789,nan
0.0,6929437.529234595,42334644.024443515,inf,0.0,0.16368243288484063,737047.4186575459,0.7057427765012548,nan,nan,243.0,0.9834589156349529,152.5,annual,350.0,1.52,2.260991027593995,nan,2.2612476725030795,nan
0.0,7109751.611056218,43432658.34757024,inf,0.0,0.1636959808943852,756164.3571685054,0.7057295546611688,nan,nan,243.0,0.9834736444827125,152.5,annual,350.0,1.54,2.319633319030904,nan,2.3198980817155928,nan
0.0,7292385.97236111,44544740.08140982,inf,0.0,0.16370924960014516,775526.1395944451,0.7057167205198435,nan,nan,243.0,0.9834879738332187,152.5,annual,350.0,1.56,2.3790269168774025,nan,2.3792996674723286,nan
0.0,7477340.61314927,45670889.225962244,inf,0.0,0.16372224714421968,795132.7659353651,0.70570425761425,nan,nan,243.0,0.9835019196304914,152.5,annual,350.0,1.58,2.4391718211334896,nan,2.439452429773288,nan
0.0,7664615.533420698,46811105.78122751,inf,0.0,0.16373498137902162,814984.2361912655,0.7056921503863621,nan,nan,243.0,0.983515496985328,152.5,annual,350.0,1.6,2.500068031799165,nan,2.5003563686184704,nan
0.0,7854210.73317539,47965389.747205615,inf,0.0,0.16374745987825448,835080.550362146,0.7056803841225414,nan,nan,243.0,0.9835287202288081,152.5,annual,350.0,1.62,2.561715548874429,nan,2.5620114840078756,nan
0.0,8046126.212413346,49133741.12389655,inf,0.0,0.16375968994756754,855421.7084480064,0.705668944897687,nan,nan,243.0,0.9835416029617394,152.5,annual,350.0,1.64,2.624114372359281,nan,2.6244177759415024,nan
0.0,8240361.971134573,50316159.91130036,inf,0.0,0.16377167863487718,876007.7104488476,0.7056578195237193,nan,nan,243.0,0.9835541581004027,152.5,annual,350.0,1.66,2.6872645022537234,nan,2.6875752444193544,nan
0.0,8436918.009339066,51512646.10941698,inf,0.0,0.16378343274034843,896838.5563646686,0.70564699550201,nan,nan,243.0,0.9835663979189126,152.5,annual,350.0,1.68,2.7511659385577527,nan,2.7514838894414275,nan
0.0,8635794.327026827,52723199.71824649,inf,0.0,0.16379495882603165,917914.2461954703,0.7056364609794183,nan,nan,243.0,0.9835783340884827,152.5,annual,350.0,1.7,2.8158186812713732,nan,2.816143711007725,nan
0.0,8836990.924197853,53947820.73778881,inf,0.0,0.16380626322515765,939234.779941252,0.7056262047076213,nan,nan,243.0,0.983589977713851,152.5,annual,350.0,1.72,2.8812227303945805,nan,2.8815547091182445,nan
0.0,9040507.800852146,55186509.168044,inf,0.0,0.16381735205108958,960800.1576020141,0.7056162160054446,nan,nan,243.0,0.9836013393671094,152.5,annual,350.0,1.74,2.9473780859273777,nan,2.947716883772988,nan
0.0,9246344.956989704,56439265.00901201,inf,0.0,0.16382823120593937,982610.3791777563,0.7056064847239564,nan,nan,243.0,0.9836124291191419,152.5,annual,350.0,1.76,3.0142847478697625,nan,3.014630234971954,nan
0.0,9454502.392610533,57706088.26069289,inf,0.0,0.16383890638885268,1004665.4446684791,0.7055970012140858,nan,nan,243.0,0.98362325656887,152.5,annual,350.0,1.78,3.081942716221737,nan,3.0822947627151436,nan
0.0,9664980.107714627,58986978.92308658,inf,0.0,0.16384938310397015,1026965.3540741816,0.7055877562965491,nan,nan,243.0,0.983633830870482,152.5,annual,350.0,1.8,3.150351990983299,nan,3.1507104670025545,nan
0.0,9877778.102301989,60281936.99619316,inf,0.0,0.163859666668073,1049510.107394865,0.7055787412339086,nan,nan,243.0,0.9836441607588023,152.5,annual,350.0,1.82,3.2195125721544517,nan,3.2198773478341907,nan
0.0,10092896.376372615,61590962.48001255,inf,0.0,0.16386976221792204,1072299.704630528,0.7055699477045856,nan,nan,243.0,0.9836542545729521,152.5,annual,350.0,1.84,3.2894244597351916,nan,3.289795405210048,nan
0.0,10310334.92992651,62914055.374544814,inf,0.0,0.16387967471729853,1095334.145781172,0.7055613677786636,nan,nan,243.0,0.9836641202784272,152.5,annual,350.0,1.86,3.3600876537255213,nan,3.3604646391301296,nan
0.0,10530093.762963668,64251215.67978988,inf,0.0,0.16388940896375742,1118613.4308467954,0.7055529938953559,nan,nan,243.0,0.9836737654877211,152.5,annual,350.0,1.88,3.431502154125438,nan,3.4318850495944324,nan
0.0,10752172.875484094,65602443.395747826,inf,0.0,0.16389896959510233,1142137.5598273994,0.7055448188419943,nan,nan,243.0,0.9836831974796006,152.5,annual,350.0,1.9,3.503667960934945,nan,3.504056636602959,nan
0.0,10976572.267487789,66967738.52241859,inf,0.0,0.16390836109559223,1165906.5327229835,0.7055368357344203,nan,nan,243.0,0.9836924232171349,152.5,annual,350.0,1.92,3.576585074154039,nan,3.5769794001557083,nan
0.0,11203291.93897475,68347101.05980222,inf,0.0,0.16391758780188956,1189920.349533548,0.7055290379986868,nan,nan,243.0,0.9837014493645724,152.5,annual,350.0,1.94,3.6502534937827233,nan,3.650653340252681,nan
0.0,11432331.88994498,69740531.00789869,inf,0.0,0.16392665390876038,1214179.010259093,0.7055214193539463,nan,nan,243.0,0.98371028230315,152.5,annual,350.0,1.96,3.724673219820996,nan,3.725078456893877,nan
0.0,11663692.120398475,71148028.366708,inf,0.0,0.163935563474535,1238682.514899618,0.705513973796464,nan,nan,243.0,0.9837189281459091,152.5,annual,350.0,1.98,3.799844252268857,nan,3.8002547500792954,nan
0.0,11897372.630335234,72569593.13623017,inf,0.0,0.16394432042633988,1263430.8634551235,0.7055066955846456,nan,nan,243.0,0.983727392751598,152.5,annual,350.0,2.0,3.8757665911263084,nan,3.8761822198089377,nan
6483626218771.251,2339770604423.371,223710436436.02325,0.03450390705564453,28.982225067650965,10.458924678252545,2660525614.0053763,0.9951821806276968,nan,nan,9.5,0.008856302260239876,0.5,sunframe,0.0,-2.0,3.5738602707145506,3.6962843560810623,3.5967902889876453,0.9668791484710579
6352892810922.237,2292769711867.376,219176685149.94055,0.03450029642765578,28.98525820196693,10.460828487751211,2606638763.207795,0.9951824837233676,nan,nan,9.5,0.008855668051931644,0.5,sunframe,0.0,-1.98,3.501431850043771,3.621753864355546,3.52394013462996,0.9667779703375329
6223490989460.558,2246246295560.507,214689372213.60022,0.034496614934797096,28.988351520580345,10.4627735988983,2553303339.3811193,0.9951827933136485,nan,nan,9.5,0.008855021110157993,0.5,sunframe,0.0,-1.96,3.429745299872311,3.5479825036727815,3.451835459723252,0.9666748064067188
6095420754386.208,2200200355502.763,210248497627.0023,0.03449286047656504,28.991506827316186,10.464761367313526,2500519342.5253487,0.9951831096092028,nan,nan,9.5,0.008854361047932538,0.5,sunframe,0.0,-1.94,3.3588006202001712,3.474970274032767,3.38047626426752,0.9665695978176587
5968682105699.192,2154631891694.1453,205854061390.14676,0.034489030868906076,28.994725998565528,10.466793208468983,2448286772.6404834,0.9951834328298876,nan,nan,9.5,0.008853687462444491,0.5,sunframe,0.0,-1.92,3.2885978110273517,3.4027171754355057,3.3098625482627653,0.9664622833681298
5843275043399.51,2109540904134.6528,201506063503.0337,0.03448512384003769,28.998010986957414,10.468870601022353,2396605629.7265234,0.9951837632052578,nan,nan,9.5,0.00885299993424241,0.5,sunframe,0.0,-1.9,3.2191368723538534,3.331223207880996,3.239994311708987,0.9663527993975399
5719199567487.157,2064927392824.2861,197204503965.66293,0.03448113702601719,29.001363825255122,10.470995090374961,2345475913.783469,0.9951841009751183,nan,nan,9.5,0.008852298026367021,0.5,sunframe,0.0,-1.88,3.1504178041796735,3.2604883713692367,3.170871554606186,0.9662410796627563
5596455677962.14,2020791357763.046,192949382778.03467,0.03447706796604063,29.004786630492603,10.473168292472467,2294897624.8113213,0.9951844463900912,nan,nan,9.5,0.008851581283429256,0.5,sunframe,0.0,-1.86,3.0824406065048153,3.19051266590023,3.102494276954363,0.9661270552063703
5475043374824.449,1977132798950.9297,188740699940.14874,0.03447291409745233,29.008281608368684,10.47539189786779,2244870762.8100767,0.9951847997122321,nan,nan,9.5,0.00885084923062955,0.5,sunframe,0.0,-1.84,3.015205279329276,3.1212960914739725,3.034862478753514,0.9660106542168523
5354962658074.093,1933951716387.94,184578455452.00525,0.034468672750444296,29.011851057917806,10.477667676067497,2195395327.7797384,0.995185161215695,nan,nan,9.5,0.008850101372713873,0.5,sunframe,0.0,-1.82,2.9487118226530575,3.052838648090467,2.967976160003643,0.9658918018800173
5236213527711.067,1891248110074.0752,180462649313.60406,0.03446434114242293,29.01549737647755,10.479997480184974,2146471319.7203054,0.99518553118743,nan,nan,9.5,0.00884933719286181,0.5,sunframe,0.0,-1.8,2.8829602364761575,2.9851403357497124,2.9018353207047487,0.9657704202211677
5118795983735.377,1849021980009.3372,176393281524.94543,0.034459916372018534,29.019223064975293,10.482383251925894,2098098738.6317782,0.9951859099279431,nan,nan,9.5,0.00884855615150136,0.5,sunframe,0.0,-1.78,2.8179505207985804,2.918201154451711,2.8364399608568314,0.9656464279372248
5002710026147.015,1807273326193.7236,172370352086.02908,0.03445539541271098,29.023030733557878,10.48482702693398,2050277584.5141554,0.9951862977521,nan,nan,9.5,0.008847757685044885,0.5,sunframe,0.0,-1.76,2.753682675620321,2.8520211041964587,2.77179008045989,0.9655197402181063
4887955654945.988,1766002148627.2366,168393860996.8552,0.03445077510604297,29.026923107590438,10.487330940527679,2003007857.3674393,0.9951866949900012,nan,nan,9.5,0.00884694120453993,0.5,sunframe,0.0,-1.74,2.690156700941383,2.7866001849839597,2.707885679513927,0.9653902685565451
4774532870132.29,1725208447309.8745,164463808257.42365,0.03444605215438946,29.03090303405263,10.489897233861488,1956289557.191627,0.9951871019879015,nan,nan,9.5,0.008846106094228229,0.5,sunframe,0.0,-1.72,2.6273725967617643,2.72193839681421,2.6447267580189386,0.9652579205454734
4662441671705.927,1684892222241.6387,160580193867.7346,0.034441223113249236,29.034973488363388,10.492528260548976,1910122683.9867215,0.9951875191092149,nan,nan,9.5,0.008845251710005502,0.5,sunframe,0.0,-1.7,2.565330363081467,2.6580357396872136,2.5823133159749285,0.9651225996620135
4551682059666.895,1645053473422.5276,156743017827.78784,0.034436284383021855,29.03913758166751,10.49522649378828,1864507237.75272,0.9951879467355921,nan,nan,9.5,0.008844377377774014,0.5,sunframe,0.0,-1.68,2.5040299999004882,2.594892213602968,2.520645353381894,0.964984205037049
4442254034015.195,1605692200852.5425,152952280137.5836,0.03443123220022955,29.043398568620884,10.497994534035,1819443218.4896252,0.99518838526807,nan,nan,9.5,0.008843482391679093,0.5,sunframe,0.0,-1.66,2.443471507218831,2.532507818561474,2.4597228702398377,0.9648426312092424
4334157594750.826,1566808404531.683,149207980797.12164,0.03442606262814025,29.04775985571434,10.500835117272146,1774930626.197435,0.9951888351283192,nan,nan,9.5,0.008842566012219976,0.5,sunframe,0.0,-1.64,2.3836548850364925,2.4708825545627304,2.3995458665487566,0.9646977678622713
4227392741873.791,1528402084459.95,145510119806.40222,0.034420771546744174,29.052225010179615,10.503751123931812,1730969460.8761508,0.9951892967599865,nan,nan,9.5,0.008841627464224433,0.5,sunframe,0.0,-1.62,2.3245801333534764,2.410016421606739,2.340114342308654,0.9645494995439479
4121959475384.087,1490473240637.3418,141858697165.42514,0.03441535464203142,29.056797769525275,10.50674558852928,1687559722.5257714,0.9951897706301432,nan,nan,9.5,0.008840665934675597,0.5,sunframe,0.0,-1.6,2.266247252169779,2.349909419693499,2.281428297519527,0.9643977053657533
4017857795281.716,1453021873063.8591,138253712874.19043,0.034409807394513985,29.061482051754577,10.50982171007657,1644701411.1462975,0.9951902572308425,nan,nan,9.5,0.008839680570378287,0.5,sunframe,0.0,-1.58,2.2086562414854014,2.2905615488230104,2.223487732181377,0.9642422586811976
3915087701566.675,1416047981739.5022,134695166932.69815,0.034404125066929685,29.06628196632244,10.512982863349844,1602394526.7377288,0.995190757080818,nan,nan,9.5,0.008838670475450864,0.5,sunframe,0.0,-1.56,2.1518071013003444,2.231972808995272,2.1662926462942034,0.9640830267412558
3813649194238.967,1379551566664.271,131183059340.94821,0.03439830269105978,29.071201825894246,10.51623261109333,1560639069.3000655,0.9951912707273053,nan,nan,9.5,0.008837634708627215,0.5,sunframe,0.0,-1.54,2.0956998316146067,2.1741432002102856,2.1098430398580064,0.9639198703249666
3713542273298.591,1343532627838.165,127717390098.94073,0.03439233505358605,29.076246158974637,10.519574717251508,1519435038.833308,0.9951917987480305,nan,nan,9.5,0.008836572280351968,0.5,sunframe,0.0,-1.52,2.0403344324281902,2.117072722468051,2.0541389128727867,0.9637526433431156
3614766938745.5464,1307991165261.185,124298159206.67567,0.034386216680904906,29.08141972348218,10.523013161331972,1478782435.3374553,0.9951923417533479,nan,nan,9.5,0.008835482149650227,0.5,sunframe,0.0,-1.5,1.9857109037410936,2.0607613757685668,1.9991802653385433,0.9635811924126911
3517323190579.8345,1272927178933.3306,120925366664.15298,0.03437994182280938,29.086727521352284,10.526552154012828,1438681258.812508,0.9951929003885799,nan,nan,9.5,0.008834363220751214,0.5,sunframe,0.0,-1.48,1.931829245553317,2.0052091601118347,1.9449670972552768,0.963405356399616
3421211028801.454,1238340668854.6016,117599012471.37267,0.03437350443494007,29.09217481425948,10.530196154122068,1399131509.2584662,0.9951934753365504,nan,nan,9.5,0.008833214339442987,0.5,sunframe,0.0,-1.46,1.8786894578648599,1.9504160754978537,1.891499408622987,0.9632249659269828
3326430453410.4067,1204231635024.998,114319096628.33481,0.034366898159896804,29.097767140559498,10.533949887131286,1360133186.67533,0.9951940673203384,nan,nan,9.5,0.008832034289132991,0.5,sunframe,0.0,-1.44,1.8262915406757239,1.8963821219266244,1.8387771994416742,0.9630398428457592
3232981464406.6895,1170600077444.5208,111085619135.03932,0.034360116306891834,29.10351033356146,10.537818365323245,1321686291.063099,0.9951946771062895,nan,nan,9.5,0.008830821786586463,0.5,sunframe,0.0,-1.42,1.7746354939859075,1.8431072993981454,1.786800469711338,0.9628497996646224
3140864061790.306,1137445996113.1685,107898579991.48625,0.034353151829813224,29.10941054125213,10.541806909812147,1283790822.4217734,0.9951953055072789,nan,nan,9.5,0.008829575477311632,0.5,sunframe,0.0,-1.4,1.7237213177954116,1.7905916079124191,1.7355692194319787,0.962654638935246
3050078245561.2544,1104769391030.942,104757979197.67557,0.034345997303554004,29.115474247606823,10.54592117461784,1246446780.751353,0.9951959533863078,nan,nan,9.5,0.008828293930557122,0.5,sunframe,0.0,-1.38,1.6735490121042353,1.7388350474694436,1.685083448603596,0.9624541525889876
2960624015719.5347,1072570262197.8417,101663816753.60733,0.03433864489844702,29.1217082956359,10.550167173020126,1209654166.0518384,0.995196621660398,nan,nan,9.5,0.008826975633883252,0.5,sunframe,0.0,-1.36,1.62411857691238,1.6878376180692196,1.6353431572261903,0.9622481212204939
2872501372265.1465,1040848609613.8662,98616092659.28143,0.034331086352629485,29.128119912331528,10.554551306448511,1173412978.3232286,0.9951973113048883,nan,nan,9.5,0.00882561898726433,0.5,sunframe,0.0,-1.34,1.575430012219844,1.6375993197117467,1.5863483452997609,0.9620363133132922
2785710315198.092,1009604433279.017,95614806914.698,0.03432331294214231,29.13471673569703,10.559080396195618,1137723217.5655248,0.9951980233581261,nan,nan,9.5,0.008824222296674159,0.5,sunframe,0.0,-1.32,1.527483318026629,1.5881201523970259,1.5380990128243088,0.9618184844019044
2700250844518.3667,978837733193.2926,92659959519.85687,0.034315315448548364,29.141506844061457,10.563761718280585,1102584883.7787256,0.9951987589266206,nan,nan,9.5,0.0088227837671014,0.5,sunframe,0.0,-1.3,1.4802784943327325,1.5394001161250552,1.4905951597998326,0.9615943761644359
2616122960225.9756,948548509356.6943,89751550474.75824,0.03430708412383097,29.14849878790378,10.568603041832292,1067997976.9628325,0.9951995191907239,nan,nan,9.5,0.00882130149493497,0.5,sunframe,0.0,-1.28,1.4338155411381577,1.4914392108958368,1.443836786226334,0.9613637154389503
2533326662320.915,918736761769.2214,86889579779.40195,0.03429860865230771,29.15570162443651,10.57361267141284,1033962497.117844,0.9952003054108693,nan,nan,9.5,0.008819773459652442,0.5,sunframe,0.0,-1.26,1.388094458442902,1.444237436709369,1.3978238921038113,0.9611262131562063
2451861950803.1875,889402490430.8745,84074047433.7881,0.034289878109265856,29.163124955226323,10.578799493759556,1000478444.2437615,0.9952011189344553,nan,nan,9.5,0.008818197514736243,0.5,sunframe,0.0,-1.24,1.3431152462469673,1.3977947935656532,1.352556477432266,0.9608815631805272
2371728825672.7905,860545695341.6526,81304953437.91661,0.0342808809159929,29.1707789671611,10.584173029491419,967545818.3405839,0.995201961203464,nan,nan,9.5,0.008816571377732944,0.5,sunframe,0.0,-1.22,1.298877904550352,1.3521112814646878,1.308034542211697,0.9606294410496521
2292927286929.7275,832166376501.5571,78582297791.78757,0.034271604790839544,29.17867447710794,10.589743490403823,935164619.4083122,0.9952028337628729,nan,nan,9.5,0.008814892619360339,0.5,sunframe,0.0,-1.2,1.2553824333530574,1.307186900406475,1.2642580864421054,0.9603695026034083
2215457334573.995,804264533910.5864,75906080495.4009,0.03426203669591168,29.18682298064683,10.59552184306653,903334847.4469452,0.9952037382699936,nan,nan,9.5,0.008813158651554687,0.5,sunframe,0.0,-1.18,1.2126288326550825,1.2630216503910128,1.2212271101234895,0.9601013824898968
2139318968605.5962,776840167568.742,73276301548.75665,0.03425216277894175,29.19523670530962,10.601519879545876,872056502.4564843,0.995204676504826,nan,nan,9.5,0.008811366714336466,0.5,sunframe,0.0,-1.16,1.1706171024564282,1.2196155314183026,1.1789416132558515,0.959824692536595
2064512189024.5273,749893277476.0225,70692960951.85475,0.03424196830983926,29.203928668804206,10.607750296196183,841329584.436928,0.9952056503815979,nan,nan,9.5,0.008809513861356873,0.5,sunframe,0.0,-1.14,1.129347242757093,1.1769685434883426,1.1374015958391892,0.9595390199723538
1991036995830.7927,723423863632.4294,68156058704.69534,0.03423143761136197,29.21291274276146,10.61422678161101,811154093.388278,0.9952066619616045,nan,nan,9.5,0.008807596943968758,0.5,sunframe,0.0,-1.12,1.0888192535570793,1.1350806866011354,1.0966070578735048,0.9592439254846452
1918893389024.3884,697431926037.9615,65665594807.27828,0.03422055398328526,29.222203722606057,10.620964114995866,781530029.3105328,0.9952077134675573,nan,nan,9.5,0.00880561259364429,0.5,sunframe,0.0,-1.1,1.049033134856385,1.0939519607566786,1.0565579993587966,0.9589389410946132
1848081368605.317,671917464692.6194,63221569259.60363,0.034209299619374856,29.231817404225303,10.627978276425845,752457392.203693,0.9952088072996437,nan,nan,9.5,0.008803557202536956,0.5,sunframe,0.0,-1.08,1.009988886655011,1.0535823659549735,1.017254420295065,0.9586235678304572
1778600934573.577,646880479596.4026,60823982061.67137,0.03419765551638712,29.241770668191318,10.635286570690322,723936182.0677584,0.9952099460535261,nan,nan,9.5,0.008801426901956918,0.5,sunframe,0.0,-1.06,0.9716865089529569,1.0139719021960194,0.9786963206823099,0.9582972731774101
1710452086929.1692,622320970749.3115,58472833213.48152,0.03418560137423067,29.252081572384057,10.64290776671018,695966398.9027294,0.9952111325405719,nan,nan,9.5,0.008799217538495574,0.5,sunframe,0.0,-1.04,0.9341260017502231,0.9751205694798168,0.9408837005205319,0.9579594882800365
1643634825672.0935,598238938151.3462,56168122715.03407,0.03417311548632254,29.262769453965653,10.650862254850123,668548042.7086056,0.9952123698106454,nan,nan,9.5,0.008796924647496552,0.5,sunframe,0.0,-1.02,0.8973073650468094,0.9370283678063657,0.9038165598097305,0.9576096048697593
1578149150802.3499,574634381802.5063,53909850566.329025,0.03416017461905969,29.273855041772812,10.659172224851446,641681113.4853873,0.9952136611778392,nan,nan,9.5,0.00879454342352553,0.5,sunframe,0.0,-1.0,0.8612305988427158,0.8996952971756659,0.8674948985499059,0.9572469718873725
1513995062319.9377,551507301702.7921,51698016767.36637,0.03414675387920224,29.285360580323562,10.667861867593404,615365611.2330743,0.9952150102495797,nan,nan,9.5,0.00879206868743864,0.5,sunframe,0.0,-0.98,0.8258957031379422,0.8631213575877171,0.8319187167410581,0.9568708917668143
1451172560224.8582,528857697852.2035,49532621318.14612,0.03413282656782807,29.297309966779927,10.676957604471827,589601535.9516666,0.9952164209596756,nan,nan,9.5,0.008789494849587827,0.5,sunframe,0.0,-0.96,0.7913026779324888,0.82730654904252,0.7970880143831868,0.9564806163426359
1389681644517.1106,506685570250.7405,47413664218.66828,0.03411836401936767,29.30972890236879,10.686488348884922,564388887.6411645,0.9952178976059035,nan,nan,9.5,0.008786815868629352,0.5,sunframe,0.0,-0.94,0.7574515232263557,0.7922508715400743,0.7630027914762927,0.9560753423393887
1329522315196.695,484990918898.4032,45341145468.932846,0.034103335424065365,29.322645059941554,10.696485805165919,539727666.3015677,0.9952194448928882,nan,nan,9.5,0.008784025205316731,0.5,sunframe,0.0,-0.92,0.7243422390195426,0.75795432508038,0.7296630480203751,0.9556542063965757
1270694572263.611,463773743795.19147,43315065068.93981,0.0340877076320382,29.33608826954748,10.706984811336516,515617871.9328762,0.9952210679811595,nan,nan,9.5,0.008781115770559393,0.5,sunframe,0.0,-0.9,0.6919748253120498,0.7244169096634366,0.6970687840154344,0.9552162795779305
1213198415717.86,443034044941.1053,41335423018.68917,0.034071444936919604,29.35009072410681,10.718023733319345,492059504.53508997,0.9952227725434595,nan,nan,9.5,0.008778079866909762,0.5,sunframe,0.0,-0.88,0.6603492821038769,0.6916386252892452,0.66521999946147,0.9547605613086124
1157033845559.44,422771822336.1448,39402219318.18092,0.034054508836886675,29.364687207493482,10.729644919799478,469052564.10820913,0.9952245648295526,nan,nan,9.5,0.00877490912250153,0.5,sunframe,0.0,-0.86,0.629465609395024,0.6596194719578046,0.6341166943584826,0.9542859726786392
1102200861788.352,402987075980.3098,37515453967.415085,0.034036857770683646,29.379915347571007,10.741895228839121,446597050.6522337,0.9952264517410883,nan,nan,9.5,0.008771594416294869,0.5,sunframe,0.0,-0.84,0.5993238071854914,0.6283594496691154,0.603758868706472,0.9537913490456557
1048699464404.5964,383679805873.60046,35675126966.391655,0.03401844682608507,29.395815896956474,10.75482663972163,424692964.1671636,0.9952284409183595,nan,nan,9.5,0.00876812579328618,0.5,sunframe,0.0,-0.82,0.569923875475279,0.5978585584231777,0.574146522505438,0.953275431865398
996529653408.1731,364850012016.01697,33881238315.110638,0.03399922741810581,29.41243304450689,10.76849696645527,403340304.6529991,0.9952305408412172,nan,nan,9.5,0.008764492368102785,0.5,sunframe,0.0,-0.8,0.5412658142643869,0.5681167982199915,0.5452796557553811,0.9527368596743955
945691428799.0817,346497694407.55884,32133788013.57201,0.03397914693419416,29.429814760701724,10.782970693066508,382539072.1097398,0.9952327609469186,nan,nan,9.5,0.00876068221511964,0.5,sunframe,0.0,-0.78,0.5133496235528148,0.5391341690595566,0.5171582684563006,0.9521741581474621
896184790577.322,328622853048.2263,30432776061.775776,0.03395814834368143,29.44801318020243,10.798319955470106,362289266.5373858,0.9952351117682441,nan,nan,9.5,0.008756682242895133,0.5,sunframe,0.0,-0.76,0.48617530334056264,0.5109106709418729,0.48978236060819696,0.9515857291535716
848009738742.8944,311225487938.0195,28778202459.72195,0.03393616976897376,29.46708502484723,10.814625700601402,342590887.93593717,0.9952376050961104,nan,nan,9.5,0.008752478050314752,0.5,sunframe,0.0,-0.74,0.4597428536276308,0.4834463038669406,0.46315193221107,0.9509698387396632
801166273295.7987,294305599076.9382,27170067207.41052,0.03391314401645943,29.487092070102943,10.831979061011214,323443936.30539393,0.995240254171834,nan,nan,9.5,0.008748053761340066,0.5,sunframe,0.0,-0.72,0.43405227441401883,0.4567410678347596,0.4372669832649198,0.9503246039855799
755654394236.035,277863186464.98254,25608370304.841496,0.033888998066016016,29.50810165741674,10.850482992759988,304848411.64575607,0.9952430739155312,nan,nan,9.5,0.008743391834668553,0.5,sunframe,0.0,-0.7,0.4091035656997272,0.4307949628453299,0.4121275137697463,0.9496479786988812
711474101563.6039,261898250102.1526,24093111752.014885,0.033863652519558404,29.53018725379481,10.870254236887863,286804313.9570237,0.9952460811987471,nan,nan,9.5,0.008738472843896374,0.5,sunframe,0.0,-0.68,0.38489672748475584,0.4056079888986519,0.3877335237255498,0.9489377379618844
668625395278.5044,246410789988.44818,22624291548.930664,0.033837021011603824,29.55342905798555,10.891425680911311,269311643.23919654,0.9952492951716373,nan,nan,9.5,0.008733275222916363,0.5,sunframe,0.0,-0.66,0.3614317597691044,0.38118014599472505,0.3640850131323298,0.9481914616143363
627108275380.7367,231400806123.8694,21201909695.588844,0.03380900958884096,29.57791464941526,10.914149217983576,252370399.49227482,0.9952527376577099,nan,nan,9.5,0.008727774970248483,0.5,sunframe,0.0,-0.64,0.3387086625527731,0.35751143413354936,0.3411819819900867,0.947406516867507
586922741870.3014,216868298508.4162,19825966191.989426,0.03377951607193061,29.603739670828467,10.9385992293299,235980582.7162584,0.9952564336329189,nan,nan,9.5,0.008721945304758326,0.5,sunframe,0.0,-0.62,0.31672743583576196,0.3346018533151253,0.3190244302988202,0.9465800404203698
548068794747.1978,202813267142.08862,18496461038.13241,0.03374842942237586,29.631008527377,10.9649768528135,220142192.91114736,0.9952604118107226,nan,nan,9.5,0.00871575626373698,0.5,sunframe,0.0,-0.6,0.2954880796180709,0.3124514035394524,0.2976123580585304,0.9457089207178433
510546434011.42633,189235712024.88663,17213394234.01779,0.03371562915202449,29.659835072066393,10.993515250519941,204855230.07694167,0.9952647053612873,nan,nan,9.5,0.00870917423256273,0.5,sunframe,0.0,-0.58,0.27499059389969993,0.2910600848065309,0.27694576526921744,0.9447897814036836
474355659662.98694,176135633156.8103,15976765779.645578,0.03368098483529534,29.690343227495813,11.02448615609095,190119694.21364143,0.9952693528018093,nan,nan,9.5,0.00870216139312264,0.5,sunframe,0.0,-0.56,0.25523497868064915,0.2704278971163608,0.2570246519308813,0.9438189676519417
439496471701.87933,163513030537.8595,14786575675.015766,0.03364435581873304,29.722667462790415,11.058208075459984,175935585.32124642,0.9952743991070154,nan,nan,9.5,0.008694675075850178,0.5,sunframe,0.0,-0.54,0.2362212339609185,0.25055484046894194,0.2378490180435217,0.9427925380280162
405968870128.104,151367904168.03436,13642823920.128353,0.03360559127556589,29.75695299630347,11.095056643273768,162302903.39975682,0.9952798971054614,nan,nan,9.5,0.008686666997706165,0.5,sunframe,0.0,-0.52,0.21794935974050791,0.23144091486427454,0.21941886360713891,0.9417062660174905
373772854941.66046,139700254047.33484,12545510514.983347,0.03356453083502141,29.793355519112296,11.13547781738241,149221648.4491726,0.9952859092504078,nan,nan,9.5,0.008678082365890724,0.5,sunframe,0.0,-0.5,0.20041935601941754,0.21308612030235838,0.20173418862173287,0.9405556576610089
342908426142.5491,128510080175.7609,11494635459.580736,0.03352100614407868,29.832040115438037,11.180004849013999,136691820.46949378,0.9952925098867255,nan,nan,9.5,0.008668858824959595,0.5,sunframe,0.0,-0.48,0.1836312227976472,0.19549045678319366,0.18479499308730366,0.9393359953181819
313375583730.76953,117797382553.3126,10490198753.92053,0.033474843920619474,29.873178867430976,11.229280332680815,124713419.46072024,0.995299788181979,nan,nan,9.5,0.00865892522422389,0.5,sunframe,0.0,-0.46,0.16758496007519708,0.17865392430678018,0.16860127700385105,0.9380424232239322
285174327706.3222,107562161179.98994,9532200398.002728,0.033425871377241095,29.91694632921004,11.28408517329612,113286445.42285216,0.9953078519575286,nan,nan,9.5,0.008648200184599265,0.5,sunframe,0.0,-0.44,0.15228056785206706,0.1625765228731182,0.1531530403713753,0.9366700994762538
258304658069.20682,97804416055.79285,8620640391.827324,0.03337392541143265,29.963511563953983,11.34537709617431,102410898.35588944,0.9953168327552077,nan,nan,9.5,0.00863659045285189,0.5,sunframe,0.0,-0.42,0.13771804612825714,0.14725825248220747,0.13845028318987632,0.9352144535661725
232766574819.4234,88524147180.72137,7755518735.394323,0.03331886780312393,30.01302462943358,11.414342508995361,92086778.25983202,0.9953268926241343,nan,nan,9.5,0.00862398905304534,0.5,sunframe,0.0,-0.4,0.12389739490376739,0.1326991131340481,0.12449300545935399,0.9336716122481578
208560077956.9721,79721354554.77551,6936835428.703725,0.0332606100681208,30.065594045085394,11.492467332423498,82314085.13468,0.9953382333392553,nan,nan,9.5,0.008610273292658111,0.5,sunframe,0.0,-0.38,0.11081861417859776,0.11889910482864016,0.11128120717980843,0.9320390959907715
185685167481.85272,71396038177.95528,6164590471.755527,0.03319915400543773,30.121249470278936,11.581635228661574,73092818.98043334,0.9953511091153939,nan,nan,9.5,0.008595302779222989,0.5,sunframe,0.0,-0.36,0.09848170395274825,0.1058582275659835,0.09881488835123961,0.9303169552065537
164141843394.06555,63548198050.26071,5438783864.549736,0.03313465812305098,30.179879819080558,11.684266121415677,64422979.797092125,0.9953658444386146,nan,nan,9.5,0.0085789178019329,0.5,sunframe,0.0,-0.34,0.08688666422621895,0.09357648134607831,0.08709404897364764,0.9285096316550087
143930105693.61023,56177834171.69167,4759415607.086341,0.03306754750266007,30.241129915049083,11.803515139137659,56304567.58465624,0.9953828595411038,nan,nan,9.5,0.008560938831941188,0.5,sunframe,0.0,-0.32,0.07603349499900969,0.08205386616892436,0.07611868904703237,0.9266290371069105
125049954380.48698,49284946542.24828,4126485699.365349,0.032998698158735615,30.30422579671598,11.943564120391422,48737582.34312567,0.9954027075482712,nan,nan,9.5,0.008541168704476406,0.5,sunframe,0.0,-0.3,0.06592219627112057,0.07129038203452182,0.06588880857139377,0.924699719510526
107501389454.6956,42869535161.930466,3539994141.386755,0.03292975243709401,30.367674397501425,12.110058223185867,41722024.07250047,0.995426129891249,nan,nan,9.5,0.00851940071597525,0.5,sunframe,0.0,-0.28,0.05655276804255153,0.061286028942870524,0.05640440754673193,0.9227677011879619
91284410916.23631,36931600030.738266,2999940933.150565,0.03286367193521517,30.428736081936318,12.31077572982491,35257892.77278063,0.9954541410870468,nan,nan,9.5,0.0084954394070148,0.5,sunframe,0.0,-0.26,0.04792521031330266,0.05204080689397063,0.04766548597304682,0.9209159729392128
76399018765.10901,31471141148.67169,2506326074.6567755,0.032805736450130955,30.48247374419202,12.556682654702643,29345188.443966143,0.9954881621764853,nan,nan,9.5,0.00846914855941022,0.5,sunframe,0.0,-0.24,0.04003952308337389,0.043554715887822074,0.039672043850338436,0.9192924868686599
62845213001.313736,26488158515.73073,2059149565.9053884,0.032765416291330625,30.519984580955533,12.863639899845808,23983911.086057052,0.9955302375074526,nan,nan,9.5,0.008440558709079593,0.5,sunframe,0.0,-0.22,0.032895706352765265,0.03582775592442488,0.03242408117860684,0.9181626229160296
50622993624.85058,21982652131.915394,1658411406.8964052,0.03276004218925329,30.52499121408468,13.255246581458522,19174060.699053336,0.9955833996005212,nan,nan,9.5,0.008410109472095077,0.5,sunframe,0.0,-0.2,0.02649376012147681,0.028859927003779092,0.025921597957852,0.9180120281665147
39732360635.71926,17954621997.225624,1304111597.6298187,0.03282240412510065,30.466994318531913,13.767703645805756,14915637.282954976,0.9956523077312386,nan,nan,9.5,0.00837921324376822,0.5,sunframe,0.0,-0.18,0.0208336843895084,0.022651229125884558,0.020164594188073887,0.9197595536085426
30173314033.92003,14404068111.66149,996250138.1056356,0.033017590874694046,30.28688567240194,14.458284682450081,11208640.837761937,0.9957444135221184,nan,nan,9.5,0.008351640025560575,0.5,sunframe,0.0,-0.16,0.01591547915686015,0.017201662290741417,0.01515306986927246,0.9252291370367423
21945853819.452896,11330990475.223005,734827028.3238575,0.03348363815640218,29.865332892710068,15.41994243334928,8053071.3634743225,0.9958721791002588,nan,nan,9.5,0.008337204234463083,0.5,sunframe,0.0,-0.14,0.01173914442353208,0.012511226498349673,0.010887025001447856,0.9382888580172825
15049979992.31759,8735389087.910057,519842268.2844749,0.03454106042332505,28.951050944710296,16.803922306544266,5448928.860092047,0.9960574298787351,nan,nan,9.5,0.00836276849080623,0.5,sunframe,0.0,-0.12,0.00830468018952404,0.008579921748709177,0.0073664595845999575,0.9679202716240921
9485692552.514482,6617263949.722792,351295857.9874995,0.037034286747400155,27.002005110040386,18.836726364016112,3396213.3276151987,0.9963397358007616,nan,nan,9.5,0.008510983839405897,0.5,sunframe,0.0,-0.1,0.0056120864548362195,0.0054077480418201354,0.004591373618728889,1.037786230319138
9485692552.514482,6617263949.722792,351295857.9874995,0.037034286747400155,27.002005110040386,18.836726364016112,3396213.3276151987,0.9963397358007616,nan,nan,9.5,0.008510983839405897,0.5,sunframe,0.0,-0.1,0.0056120864548362195,0.0054077480418201354,0.004591373618728889,1.037786230319138
9002501059.837412,6431712629.605962,336995326.1936338,0.037433522523764085,26.714023489645296,19.085465375001583,3221270.2577672945,0.9963756725009149,nan,nan,9.5,0.008540274752786988,0.5,sunframe,0.0,-0.098,0.0053836299588300406,0.005132282878482544,0.004354866391945483,1.0489737386458737
8532625431.033716,6250936071.980415,323159177.8971935,0.03787335803137947,26.403784929011664,19.343210713232548,3051841.457628399,0.9964133379803853,nan,nan,9.5,0.008573770909815143,0.5,sunframe,0.0,-0.096,0.0051625921678170855,0.004864409025572497,0.004125813959671784,1.0612989451908794
8076065666.103222,6074934276.846079,309787413.0981731,0.03835870409008802,26.06970239795985,19.61001002620111,2887926.927198603,0.9964528267838888,nan,nan,9.5,0.008612085945731597,0.5,sunframe,0.0,-0.094,0.004948973081797265,0.004604126483089896,0.003904216321907914,1.0748994624656656
7632821765.046202,5903707244.2030525,296880031.7965821,0.038895187249899724,25.710121758125183,19.88583472076757,2729526.6664779233,0.9964942367121582,nan,nan,9.5,0.008655939698102058,0.5,sunframe,0.0,-0.092,0.004742772700770732,0.004351435251034897,0.0036900734786538968,1.089932959393746
7202893727.862362,5737254974.051237,284437033.99241054,0.039489272608888584,25.323332994867865,20.170562509115182,2576640.6754661812,0.9965376682302115,nan,nan,9.5,0.008706180162015272,0.5,sunframe,0.0,-0.09,0.0045439910247373275,0.004106335329407331,0.00348338542990949,1.1065806029516747
6786281554.551869,5575577466.390684,272458419.6856638,0.0401484108042811,24.907586127751987,20.46395729969823,2429268.9541635565,0.9965832236331792,nan,nan,9.5,0.008763810808917145,0.5,sunframe,0.0,-0.088,0.004352628053697138,0.003868826718207294,0.0032841521756749362,1.1250511771987615
6382985245.114707,5418674721.221393,260944188.8763414,0.040881214487540625,24.46111282493259,20.76564626541365,2287411.502569995,0.9966310059071987,nan,nan,9.5,0.008830024798525809,0.5,sunframe,0.0,-0.086,0.004168683787650154,0.0036389094174347765,0.003092373715950163,1.1455860285164332
5993004799.550879,5266546738.54336,249894341.5644434,0.041697670855056004,23.982154866061208,21.07509400001844,2151068.32068546,0.9966811172095509,nan,nan,9.5,0.008906248116730011,0.5,sunframe,0.0,-0.084,0.003992158226596377,0.0034165834270897806,0.0029080500507351215,1.1684650212088825
5616340217.860388,5119193518.356588,239308877.74996993,0.04260939837457666,23.46900069343998,21.391573795708176,2020239.4085099706,0.9967336568768103,nan,nan,9.5,0.008994194365366632,0.5,sunframe,0.0,-0.082,0.0038230513705358096,0.0032018487471723077,0.0027311811800298357,1.194013731570585
5252991500.043231,4976615060.6610775,229187797.43292078,0.04362995779281855,22.92003134058954,21.714136251593608,1894924.7660435438,0.9967887188523584,nan,nan,9.5,0.009095934893277037,0.5,sunframe,0.0,-0.08,0.0036613632194684486,0.0029947053776823566,0.0025617671038343295,1.2226121630375633
5252991500.043231,4976615060.6610775,229187797.43292078,0.04362995779281855,22.92003134058954,21.714136251593608,1894924.7660435438,0.9967887188523584,nan,nan,9.5,0.009095934893277037,0.5,sunframe,0.0,-0.08,0.0036613632194684486,0.0029947053776823566,0.0025617671038343295,1.2226121630375633
4902958646.099396,4838811365.456827,219531100.61329636,0.04477522990897482,22.333777001992754,22.0415756671324,1775124.3932862342,0.996846388405477,nan,nan,9.5,0.009213989312027094,0.5,sunframe,0.0,-0.078,0.0035070937733943,0.0027951533186199194,0.0023998078221486767,1.2547053322734705
4566241656.028889,4705782432.74384,210338787.29109633,0.04606387553172582,21.708985369918878,22.372394998319155,1660838.2902379702,0.9969067379939917,nan,nan,9.5,0.009351443364195024,0.5,sunframe,0.0,-0.076,0.003360243032313359,0.0026031925699850004,0.00224530333497278,1.2908161582270958
4242840529.831731,4577528262.522113,201610857.46632078,0.04751789657159624,21.044702567868896,22.704770566668472,1552066.456898751,0.9969698221024927,nan,nan,9.5,0.009512103881062028,0.5,sunframe,0.0,-0.074,0.003220810996225627,0.002418823131777612,0.0020982536423066393,1.331561185235825
3932755267.507767,4454048854.791593,193347311.13896468,0.049163321383456214,20.34036700247243,23.03651821457362,1448808.8932685044,0.9970356708705492,nan,nan,9.5,0.009700704602610424,0.5,sunframe,0.0,-0.072,0.003088797665131023,0.002242045003997665,0.0019586587441501563,1.3776697879050424
3635985869.057182,4335344209.552355,185548148.30903462,0.051031042196307434,19.595915681149055,23.36506318743608,1351065.5993473397,0.9971042823134372,nan,nan,9.5,0.00992318259851198,0.5,sunframe,0.0,-0.07,0.0029642030390296527,0.0020728581866452643,0.001826518640503479,1.4300076378244426
3352532334.4798846,4221414326.804361,178213368.97652772,0.053157837478150956,18.811901451239848,23.687416668276768,1258836.5751352557,0.9971756129369189,nan,nan,10.0,0.010185718954827434,0.5,sunframe,0.0,-0.068,0.0028470271179214697,0.0019112626797203592,0.0017018333313666058,1.4896053525923627
3082394663.776055,4112259206.547676,171342973.14145023,0.05558761671730522,17.989618174953808,24.000162546221535,1172121.8206322347,0.9972495665645658,nan,nan,10.0,0.010498148738238032,0.5,sunframe,0.0,-0.066,0.0027372699018065744,0.0017572584832230517,0.0015846028167395125,1.5576933774626305
2825572856.9454174,4007878848.7822003,164936960.8037917,0.05837292795277508,17.13122906579264,24.299458588605592,1090921.3358382953,0.9973259812410994,nan,nan,10.0,0.010873454461122345,0.5,sunframe,0.0,-0.064,0.0026349313906847997,0.0016108455971531846,0.0014748270966222243,1.6357442298265341
2582066913.9880276,3908273253.5079575,158995331.96355534,0.06157676669888678,16.23989133580277,24.58105659607545,1015235.1207532383,0.9974046141611607,nan,nan,10.0,0.011327718030480277,0.5,sunframe,0.0,-0.062,0.0025400115845561964,0.0014720240215107898,0.0013725061710144722,1.7255231894580725
2351876834.9042,3813442420.7250543,153518086.6207511,0.06527471351492113,15.319868079871547,24.84034620719139,945063.1753774966,0.9974851247157286,nan,nan,10.0,0.011882256086210524,0.5,sunframe,0.0,-0.06,0.0024525104834209246,0.0013407937562960465,0.0012776400399168413,1.8291481981509254
2351876834.9042,3813442420.7250543,153518086.6207511,0.06527471351492113,15.319868079871547,24.84034620719139,945063.1753774966,0.9974851247157286,nan,nan,10.0,0.011882256086210524,0.5,sunframe,0.0,-0.06,0.0024525104834209246,0.0013407937562960465,0.0012776400399168413,1.8291481981509254
2135002619.6934843,3723386350.4333305,148505224.77536345,0.06955739698187531,14.376616195982315,25.072426617080403,880405.4997106204,0.9975670559664582,nan,nan,10.0,0.01256574308577643,0.5,sunframe,0.0,-0.058,0.0023724280872787344,0.001217154801508698,0.0011902287033287234,1.9491588780145652
1931444268.3561769,3638105042.632904,143956746.42740306,0.07453321267712398,13.416837461870522,25.272209416511014,821262.0937528608,0.9976498151696198,nan,nan,10.0,0.013417386308253816,0.5,sunframe,0.0,-0.056,0.002299764396129798,0.0011011071571489133,0.001110272161250458,2.0885927234226296
1741201780.8921192,3557598497.323702,139872651.57686448,0.08033109838952701,12.44847910769228,25.4345539118395,767632.9575041465,0.9977326543903245,nan,nan,10.0,0.014491779053341345,0.5,sunframe,0.0,-0.054,0.0022345194099740277,0.000992650823216602,0.0010377704136819486,2.2510628689484733
1564275157.3014872,3481866714.5057936,136252940.2237531,0.08710292405256978,11.48067083714048,25.55443360552741,719518.0909644953,0.997814652776942,nan,nan,10.0,0.01586649993870602,0.5,sunframe,0.0,-0.052,0.002176693128811509,0.0008917857997118642,0.0009727234606232196,2.4408250608103406
1400664397.5841036,3410909694.179115,133097612.36806336,0.09502462731089119,10.523587708776898,25.627129093395812,676917.494133871,0.9978947026861188,nan,nan,10.0,0.0176543314566729,0.5,sunframe,0.0,-0.05,0.002126285552642154,0.0007985120866345992,0.0009151313020742219,2.662809478067609
1250369501.739993,3344727436.343677,130406668.00979617,0.1042945048070386,9.588232878138296,25.64843874465392,639831.1670123099,0.9979715025061066,nan,nan,89.0,0.01893223674323699,0.5,sunframe,0.0,-0.048,0.002083296681465977,0.0007128296839848207,0.0008649939380350044,2.9225728505300848
1113390469.769273,3283319940.999521,128180107.14895551,0.11512592448857423,8.686140888269227,25.614894651196078,608259.1095998302,0.9980435596165623,nan,nan,91.5,0.01838040464724164,0.5,sunframe,0.0,-0.046,0.002047726515283041,0.000634738591762596,0.0008223113685055919,3.226094240775152
989727301.6718824,3226687208.1466246,126417929.78553908,0.12773006218176405,7.829010515762275,25.52396810816724,582201.3218964131,0.998109207283186,nan,nan,91.5,0.017943625721984064,0.5,sunframe,0.0,-0.044,0.00201957505409331,0.0005642388099678901,0.0007870835934859589,3.579291283079662
879379997.4477745,3174829237.7849693,125120135.9195453,0.14228221733798993,7.028285183555372,25.374247034277897,561657.8039019697,0.9981666391964832,nan,nan,94.0,0.017627858805858702,0.5,sunframe,0.0,-0.042,0.0019988422978967587,0.0005013303386006763,0.0007593106129759852,3.98707627285428
782348557.0970569,3127746029.9145937,124286725.55097806,0.1588636221330172,6.294707287755882,25.165567891896078,546628.5556166609,0.9982139645764478,nan,nan,96.0,0.01744324723457201,0.5,sunframe,0.0,-0.04,0.001985528246693449,0.000446013177661016,0.0007389924269758884,4.451725523236699
782348557.0970569,3127746029.9145937,124286725.55097806,0.1588636221330172,6.294707287755882,25.165567891896078,546628.5556166609,0.9982139645764478,nan,nan,96.0,0.01744324723457201,0.5,sunframe,0.0,-0.04,0.001985528246693449,0.000446013177661016,0.0007389924269758884,4.451725523236699
698632980.6195204,3085437584.535431,123917698.67983004,0.17737167027234338,5.637878915300064,24.89908719582802,537113.5770403793,0.9982492850630251,nan,nan,96.0,0.017397700857393707,0.5,sunframe,0.0,-0.038,0.0019796329004832637,0.00039828732714879,0.0007261290354855233,4.970363768927358
628233268.0153221,3047903901.6475263,124013055.30610678,0.1973996946992024,5.065863964601363,24.57728256210004,533112.8681730888,0.9982707919079311,nan,266.8534275308759,96.0,0.01750726426451995,0.5,sunframe,0.0,-0.036,0.0019811562592662916,0.00035815278706408777,0.000720720438504841,5.531595259963129
571149419.2846068,3015144981.2509336,124572795.42981303,0.21810894176491796,4.584864755695433,24.203879914934802,534626.4290149515,0.9982768784331872,nan,266.98918000825546,96.0,0.01777799146788669,0.5,sunframe,0.0,-0.034,0.0019900983230426083,0.0003256095574069919,0.0007227666360340608,6.111916182346907
527381434.427079,2987160823.345554,125596919.05093873,0.2381519538839682,4.198999771747484,23.783710985251492,541654.2595658052,0.9982662588163195,nan,267.1486629099278,98.5,0.018210428778578078,0.5,sunframe,0.0,-0.032,0.0020064590918120536,0.00030065763817733397,0.0007322676280729634,6.673567663125868
496929313.4428913,2963951427.9314327,127085426.16948873,0.25574145604130033,3.910199056028318,23.322512401843227,554196.3598257224,0.9982380808303518,nan,268.053789203604,98.5,0.018806664230499207,0.5,sunframe,0.0,-0.03,0.002030238565574705,0.0002832970293752009,0.0007492234146216466,7.166466129391848
479793056.33202094,2945516795.0085726,129038316.78546312,0.2689457779400782,3.7182215971533212,22.8266833324069,572252.7297946662,0.9981920182328686,nan,268.97126062592935,98.5,0.019575290272094807,0.5,sunframe,0.0,-0.028,0.002061436744330563,0.00027352773100057976,0.0007736339956800607,7.5364817190188065
475972663.09448683,2931856924.576973,131455590.89886253,0.2761830690952242,3.6207867603035924,22.303021914318155,595823.3694727272,0.9981283289869313,nan,269.1724889998348,100.5,0.02051061132741223,0.5,sunframe,0.0,-0.026,0.002100053628079639,0.0002713497430534813,0.0008054993712483282,7.739287328773079
485468133.7303025,2922971816.636636,134337248.50968584,0.27671692367828143,3.6138013776223783,21.758461253774204,624908.2788598242,0.9980478688549109,nan,270.1151653427032,100.5,0.021618263659296713,0.5,sunframe,0.0,-0.024,0.002146089216821914,0.00027676306553391333,0.0008448195413263391,7.754247166910867
508279468.23943603,2918861471.18756,137683289.61793372,0.27088107669357014,3.691656915301005,21.199823735235395,659507.4579560022,0.9979520558083808,nan,nan,100.5,0.02289668452182539,0.5,sunframe,0.0,-0.022,0.0021995435105573993,0.0002897676984418575,0.0008915945059141546,7.590713258878791
544406666.6217688,2919525888.2296925,141493714.22360152,0.2599044480877114,3.8475678556394866,20.633608385005616,699620.9067611628,0.9978427879969554,nan,nan,100.5,0.024342350480897623,0.5,sunframe,0.0,-0.02,0.00226041650928602,0.0003103636417772463,0.0009458242650116414,7.283122779273104
544406666.6217688,2919525888.2296925,141493714.22360152,0.2599044480877114,3.8475678556394866,20.633608385005616,699620.9067611628,0.9978427879969554,nan,nan,100.5,0.024342350480897623,0.5,sunframe,0.0,-0.02,0.00226041650928602,0.0003103636417772463,0.0009458242650116414,7.283122779273104
593849728.877569,2924965067.763139,145768522.32669824,0.2454636505471077,4.073922952629138,20.06582094046114,745248.6252754132,0.9977223250406895,nan,nan,100.5,0.02595029469639952,0.5,sunframe,0.0,-0.018,0.002328708213007921,0.0003385508955402325,0.0010075088186189444,6.878458287023444
656608655.0067099,2935179009.7878437,150507713.92721966,0.2292198142372668,4.362624598259616,19.501850989559212,796390.6134987446,0.9975931474893277,nan,nan,100.5,0.027714160557766127,0.5,sunframe,0.0,-0.016,0.002404418621723034,0.00037432945973074405,0.001076648166736052,6.423268485073382
732683445.0090405,2950167714.3037577,155711289.02516076,0.21252191527712144,4.705397081971681,18.94639581223332,853046.8714310942,0.9974578113359464,nan,nan,102.5,0.02962409029388734,0.5,sunframe,0.0,-0.014,0.0024875477354312785,0.00041769933434869467,0.0011532423093628791,5.955354799188352
822074098.8847618,2969931181.310956,161379247.62052807,0.19630742270004323,5.094050883282162,18.403426866225946,915217.3990725069,0.9973188132945641,nan,nan,102.5,0.03167400250048604,0.5,sunframe,0.0,-0.012,0.00257809555413276,0.00046866051939419907,0.0012372912464994864,5.500987276387742
924780616.6337602,2994469410.809392,167511589.71331826,0.181136570879986,5.52069631848425,17.876192423068577,982902.1964229736,0.9971784788339885,nan,nan,102.5,0.0338546438758325,0.5,sunframe,0.0,-0.01,0.002676062077827424,0.0005272130148671924,0.0013287949781458615,5.075864977463687
1040802998.2560923,3023782402.7990904,174108315.3035326,0.16728268038741065,5.977905170362503,17.367248643624887,1056101.263482486,0.9970388799155302,nan,nan,10.0,0.03137571145773069,0.5,sunframe,0.0,-0.008,0.002781447306515292,0.000593356820767707,0.001427753504301993,4.687646975923446
1170141243.7518003,3057870157.2800694,181169424.39117336,0.15482697098197606,6.458822992257683,16.87851119225088,1134814.6002510965,0.9969017842924951,nan,nan,10.0,0.02821572043810428,0.5,sunframe,0.0,-0.006,0.0028942512401963997,0.000667091937095767,0.0015341668249679525,4.338609236976738
1312795353.1208072,3096732674.252288,188694916.97623688,0.14373521092047364,6.957237503573733,16.41132004971958,1219042.206728726,0.9967686340724657,nan,nan,9.5,0.02571427109165469,0.5,sunframe,0.0,-0.004,0.003014473878870688,0.0007484183638513282,0.0016480349401436323,4.027792508134538
1468765326.3630505,3140369953.7157393,196684793.05872187,0.13391165322900955,7.467609994253793,15.966511212578371,1308784.0829153727,0.9966405485183525,nan,nan,9.5,0.023698191815217026,0.5,sunframe,0.0,-0.002,0.0031421152225381377,0.0008373361010343553,0.0017693578498290303,3.7525137380995575
1638051163.4787169,3188781995.6704817,205139052.6386341,0.12523360515979357,7.985077158195965,15.544490211172665,1404040.2288111101,0.9965183448136378,nan,nan,9.5,0.0220534594283854,0.5,sunframe,0.0,0.0,0.0032771752711988397,0.0009338451486449546,0.001898135554024246,3.5093347927696015
1638051163.4787169,3188781995.6704817,205139052.6386341,0.12523360515979357,7.985077158195965,15.544490211172665,1404040.2288111101,0.9965183448136378,nan,nan,9.5,0.0220534594283854,0.5,sunframe,0.0,0.0,0.0032771752711988397,0.0009338451486449546,0.001898135554024246,3.5093347927696015
1820652864.4676192,3241968800.1164513,214057695.7159675,0.11757194350091583,8.5054305493573,15.145303649433888,1504810.6444158833,0.9964025704738905,nan,nan,9.5,0.020692752401468062,0.5,sunframe,0.0,0.002,0.003419654024852698,0.0010379455066830195,0.002034368052729205,3.2946373415892953
2016570429.3299584,3299930367.0537167,223440722.29072928,0.11080233997330381,9.025080158423867,14.768706139250755,1611095.3297297738,0.9962935418468565,nan,nan,9.5,0.0195530440223911,0.5,sunframe,0.0,0.004,0.0035695514834998268,0.0011496371751486642,0.0021780553459440173,3.104937419093318
2225803858.065529,3362666696.48221,233288132.3629117,0.1048107323192732,9.541007660874003,14.414220999682575,1722894.2847526553,0.9961913843089198,nan,nan,9.5,0.018587937126579766,0.5,sunframe,0.0,0.006,0.003726867647140103,0.001268920154041772,0.0023291974336685124,2.937038737440856
2448353150.6744027,3430177788.4019456,243599925.9325176,0.09949542036671369,10.050713855112784,14.081193889000518,1840207.509484555,0.9960960710227302,nan,nan,9.5,0.017762668022112856,0.5,sunframe,0.0,0.008,0.0038916025157735715,0.0013957944433623838,0.002487794315902727,2.788091422974101
2684218307.156644,3502463642.8129616,254376102.9995491,0.09476729307796364,10.552163805895722,13.768839138239215,1963035.003925581,0.996007458266787,nan,nan,9.5,0.01705077288268391,0.5,sunframe,0.0,0.01,0.0040637560894002675,0.0015302600431105358,0.002653845992646807,2.6555983786519928
2933399327.512218,3579524259.7152357,265616663.56400508,0.09054909813089494,11.043732302605944,13.476278979209019,2091376.7680756338,0.9959253162805372,nan,nan,9.5,0.01643181553500593,0.5,sunframe,0.0,0.012,0.004243328368020172,0.0016723169532862087,0.0028273524639006184,2.537394816025612
3195896211.741083,3661359639.108755,277321607.6258843,0.08677428466139175,11.52415146840072,13.202576136973958,2225232.8019347405,0.9958493552601939,nan,nan,9.5,0.015889808410317452,0.5,sunframe,0.0,0.014,0.0044303193516332644,0.0018219651738893786,0.0030083137296641974,2.431615826210218
3471708959.84332,3747969780.9935513,289490935.18518925,0.08338571537351856,11.99246172465623,12.946760417889944,2364603.105502911,0.9957792466086343,nan,nan,9.5,0.015412095657039994,0.5,sunframe,0.0,0.016,0.004624729040239586,0.001979204704920091,0.003196729789937558,2.3366602902382985
3760837571.8187594,3839354685.3695626,302124646.2419138,0.08033440436402704,12.447966819653054,12.707849998756336,2509487.678780099,0.9957146398267854,nan,nan,9.5,0.014988550298828222,0.5,sunframe,0.0,0.018,0.004826557433839039,0.0021440355463782507,0.003392600644720636,2.251155509987771
4063282047.667531,3935514352.2368298,315222740.7960633,0.07757835589508545,12.89019325638157,12.484868135776258,2659886.521766368,0.995655175579599,nan,nan,9.5,0.014610988539584901,0.5,sunframe,0.0,0.02,0.005035804532431708,0.0023164576982639302,0.0035959262940135194,2.1739246679124737
4063282047.667531,3935514352.2368298,315222740.7960633,0.07757835589508545,12.89019325638157,12.484868135776258,2659886.521766368,0.995655175579599,nan,nan,9.5,0.014610988539584901,0.5,sunframe,0.0,0.02,0.005035804532431708,0.0023164576982639302,0.0035959262940135194,2.1739246679124737
4379042387.389773,4036448781.5954084,328785218.8476416,0.07508153376054015,13.318854183098216,12.276855984410572,2815799.634461727,0.9956004955189184,nan,nan,9.5,0.01427273663861249,0.5,sunframe,0.0,0.022,0.005252470336017654,0.002496471160577209,0.0038067067378162196,2.103957946304988
4708118590.985225,4142157973.445199,342812080.3966399,0.07281296632014164,13.733817622581576,12.082882168716592,2977227.0168660684,0.9955502494332237,nan,nan,9.5,0.013968306577396384,0.5,sunframe,0.0,0.024,0.005476554844596738,0.0026840759333179383,0.00402494197612859,2.040387448289087
5050510658.4539795,4252641927.786251,357303325.44306254,0.07074597988323765,14.135078793882636,11.902049673097498,3144168.6689795093,0.9955041002462761,nan,nan,9.5,0.013693150366519117,0.5,sunframe,0.0,0.026,0.005708058058169028,0.0028792720164861714,0.0042506320089507905,1.98246571546063
5406218589.796087,4367900644.618563,372258953.9869094,0.06885754761924089,14.522736207941419,11.733500558786186,3316624.590801968,0.9954617273217627,nan,nan,9.5,0.013443471920253351,0.5,sunframe,0.0,0.028,0.005946979976734522,0.0030820594100819366,0.00448377683628271,1.9295474828554398
5775242385.011533,4487934123.942137,387678966.0281811,0.06712773944074157,14.896971182573058,11.576418937353184,3494594.7823335347,0.9954228284609794,nan,nan,9.5,0.013216081570016061,0.5,sunframe,0.0,0.03,0.006193320600293231,0.0032924381141052257,0.00472437645812447,1.8810742634038449
6157582044.100299,4612742365.756973,403563361.56687737,0.06553925853956577,15.258030412356653,11.430032567494516,3678079.243574146,0.9953871209129145,nan,nan,9.5,0.01300828250576068,0.5,sunframe,0.0,0.032,0.006447079928845151,0.0035104081285560283,0.0049724308744759855,1.8365613606008522
6553237567.062408,4742325370.063067,419912140.60299766,0.06407705142776166,15.60621123659797,11.293613381249337,3867077.974523803,0.9953543416546419,nan,nan,9.5,0.012817781369462869,0.5,sunframe,0.0,0.034,0.006708257962390271,0.0037359694534343578,0.005227940085337258,1.7955869409541296
6962208953.897701,4876683136.860373,436725303.13653797,0.06272797987369268,15.941849267481151,11.166477192496732,4061590.975182451,0.9953242471465924,nan,nan,9.5,0.012642617293124615,0.5,sunframe,0.0,0.036,0.006976854700928529,0.003969122088740123,0.005490904090708212,1.7577828408758067
7384496204.606477,5015815666.1489935,454002849.1675075,0.06148054472345708,16.265308066121662,11.047982794262978,4261618.2455502795,0.9952966127222477,nan,nan,9.5,0.012481105148465272,0.5,sunframe,0.0,0.038,0.007252870144460072,0.004209866034473494,0.005761322890589106,1.7228268275209262
7820099319.188582,5159722957.928867,471744778.6959017,0.060324653107455696,16.57697058313307,10.93753061176953,4467159.785627089,0.9952712317347959,nan,nan,9.5,0.012331789838690205,0.5,sunframe,0.0,0.04,0.007536304292984825,0.004458201290634384,0.006039196484979669,1.6904360753779333
7820099319.188582,5159722957.928867,471744778.6959017,0.060324653107455696,16.57697058313307,10.93753061176953,4467159.785627089,0.9952712317347959,nan,nan,9.5,0.012331789838690205,0.5,sunframe,0.0,0.04,0.007536304292984825,0.004458201290634384,0.006039196484979669,1.6904360753779333
8269018297.643886,5308405012.199959,489951091.72171533,0.059251421884181636,16.877232110221648,10.83456104474822,4678215.595412936,0.9952479145534359,nan,nan,9.5,0.01219340923722238,0.5,sunframe,0.0,0.042,0.007827157146502707,0.004714127857222718,0.006324524873879978,1.6603616583097938
8731253139.972555,5461861828.962324,508621788.2449548,0.058253011347985446,17.16649451864917,10.738552604694677,4894785.674907854,0.9952264874782162,nan,nan,9.5,0.012064863948017816,0.5,sunframe,0.0,0.044,0.00812542870501382,0.004977645734238592,0.006617308057290077,1.6323838896615912
9206803846.174532,5620093408.215937,527756868.2656178,0.05732248422832459,17.44516158819706,10.6490199297366,5116870.024111827,0.9952067916237298,nan,nan,9.5,0.011945192485052337,0.5,sunframe,0.0,0.046,0.008431118968518126,0.0052487549216819725,0.006917546035209945,1.6063083710939126
9695670416.24983,5783099749.960808,547356331.7837048,0.05645368584995855,17.713635255947317,10.565511740980604,5344468.6430248255,0.9951886818075567,nan,nan,9.5,0.011833550785287049,0.5,sunframe,0.0,0.048,0.008744227937015632,0.005527455419552866,0.007225238807639544,1.581962634394794
10197852850.198515,5950880854.196955,567420178.7992177,0.05564114202610524,17.972312637487356,10.487608788940657,5577581.531646889,0.9951720254683291,nan,nan,9.5,0.01172919520858071,0.5,sunframe,0.0,0.05,0.009064755610506372,0.005813747227851312,0.007540386374578924,1.5591932802101875
10713351148.020477,6123436720.924351,587948409.3121538,0.05487997183969742,18.221583693974313,10.41492182636945,5816208.689978069,0.9951567016299732,nan,nan,9.5,0.011631468359958997,0.5,sunframe,0.0,0.052,0.0093927019889903,0.006107630346577247,0.007862988736028156,1.5378635339733726
11242165309.715681,6300767350.14297,608941023.3225112,0.05416581295030891,18.46182943690679,10.347089634008642,6060350.118018194,0.9951425999224526,nan,nan,9.5,0.011539787209136508,0.5,sunframe,0.0,0.054,0.009728067072467383,0.00640910477573065,0.008193045891987012,1.517851152832552
11784295335.284315,6482872741.852888,630398020.8302962,0.053494757462736894,18.693420578578657,10.283777118009203,6310005.8157674465,0.9951296196647792,nan,nan,9.5,0.011453633089835573,0.5,sunframe,0.0,0.056,0.010070850860937725,0.00671817051531163,0.008530557842455733,1.4990466285404453
12339741224.726196,6669752896.054028,652319401.8355024,0.052863296722008575,18.91671655021224,10.224673491676953,6565175.783225708,0.9951176690127329,nan,nan,9.5,0.011372543245092091,0.5,sunframe,0.0,0.058,0.010421053354401225,0.007034827565320082,0.00887552458743416,1.4813516404828995
12908502978.0415,6861407812.746466,674705166.3381367,0.052268273670918276,19.13206482188436,10.16949054945844,6825860.020393094,0.9951066641713785,nan,nan,9.5,0.011296103650146066,0.5,sunframe,0.0,0.06,0.01077867455285799,0.007359075925756106,0.009227946126922452,1.4646777206270691
12908502978.0415,6861407812.746466,674705166.3381367,0.052268273670918276,19.13206482188436,10.16949054945844,6825860.020393094,0.9951066641713785,nan,nan,9.5,0.011296103650146066,0.5,sunframe,0.0,0.06,0.01077867455285799,0.007359075925756106,0.009227946126922452,1.4646777206270691
13490580595.2299,7057837491.930082,697555314.338187,0.05170684163028786,19.339800468768892,10.117961037435835,7092058.527269419,0.9950965286708644,nan,nan,9.5,0.011223942895958038,0.5,sunframe,0.0,0.062,0.01114371445630783,0.0076909155966195155,0.009587822460920355,1.4489450984491323
14085974076.291876,7259041933.605041,720869845.8356696,0.05117642854738507,19.54024593713264,10.069837121831588,7363771.30385494,0.9950871927028968,nan,nan,9.5,0.011155726957097841,0.5,sunframe,0.0,0.064,0.011516173064751004,0.008030346577910585,0.00995515358942822,1.434081699092419
14694683421.227076,7465021137.771229,744648760.8305742,0.050674705911316086,19.733710971111755,10.024888954954838,7640998.350149419,0.9950785925145906,nan,nan,9.5,0.011091154700122983,0.5,sunframe,0.0,0.066,0.011896050378187344,0.008377368869629111,0.010329939512445721,1.4200222723049336
15316708630.035486,7675775104.428625,768892059.322898,0.05019956166138264,19.920492667753248,9.982903336507427,7923739.666152968,0.9950706698560696,nan,nan,9.5,0.011029954014458904,0.5,sunframe,0.0,0.068,0.012283346396616813,0.00873198247177509,0.010712180229973011,1.4067076332689636
15952049702.717354,7891303833.577335,793599741.3126507,0.04974907652008286,20.100875633265613,9.94368246708946,8211995.251865581,0.9950633714779509,nan,nan,9.5,0.010971878468589913,0.5,sunframe,0.0,0.07,0.012678061120039557,0.00909418738434866,0.011101875742010084,1.3940839993971137
16600706639.27252,8111607325.217285,818771806.7998271,0.04932150327039979,20.275132218043083,9.907042790007065,8505765.107287265,0.9950566486749038,nan,nan,9.5,0.010916704411175591,0.5,sunframe,0.0,0.072,0.013080194548455498,0.009463983607349732,0.011499026048556949,1.3821024096340802
17262679439.70105,8336685579.348518,844408255.784429,0.048915248570418464,20.44352281191822,9.872813917012213,8805049.23241803,0.9950504568714807,nan,nan,9.5,0.010864228450328776,0.5,sunframe,0.0,0.074,0.013489746681864664,0.009841371140778342,0.011903631149613616,1.3707182148602293
17937968104.00279,8566538595.970958,870509088.2664508,0.048528856959679845,20.60629618436818,9.84083763333308,9109847.62725776,0.9950447552466468,nan,nan,9.5,0.01081426525539477,0.5,sunframe,0.0,0.076,0.013906717520266967,0.010226349984634401,0.012315691045179933,1.3598906297127031
18626572632.177868,8801166375.08466,897074304.2458969,0.04816099676309633,20.763689857147153,9.810966977237342,9420160.291806526,0.9950395063935626,nan,nan,9.5,0.010766645634654749,0.5,sunframe,0.0,0.078,0.014331107063662477,0.010618920138917987,0.012735205735255991,1.349582337580584
19328493024.22628,9040568916.689625,924103903.7227676,0.04781044764144304,20.915930499115014,9.783065389367522,9735987.22606441,0.9950346760114469,nan,nan,9.5,0.010721214849838052,0.5,sunframe,0.0,0.08,0.014762915312051194,0.011019081603629091,0.013162175219841903,1.3397591417409127
19328493024.22628,9040568916.689625,924103903.7227676,0.04781044764144304,20.915930499115014,9.783065389367522,9735987.22606441,0.9950346760114469,nan,nan,9.5,0.010721214849838052,0.5,sunframe,0.0,0.08,0.014762915312051194,0.011019081603629091,0.013162175219841903,1.3397591417409127
20043729280.148014,9284746220.785849,951597886.6970627,0.04747608957378792,21.063234334954817,9.75700592717017,10057328.43003133,0.995030232626542,nan,nan,9.5,0.010677831134479008,0.5,sunframe,0.0,0.082,0.015202142265433122,0.011426834378767712,0.01359659949893756,1.3303896566209394
20772281399.94308,9533698287.373333,979556253.1687825,0.04715689308789484,21.20580756107318,9.732670539882337,10384183.903707348,0.9950261473394577,nan,nan,9.5,0.010636364388252594,0.5,sunframe,0.0,0.084,0.01564878792380826,0.011842178464333853,0.014038478572543046,1.321445034031459
21514149383.611485,9787425116.45208,1007979003.1379265,0.04685191058056703,21.3438467633116,9.709949399722586,10716553.647092393,0.9950223935963771,nan,nan,9.5,0.01059669502364845,0.5,sunframe,0.0,0.086,0.0161028522871766,0.012265113860327517,0.01448781244065826,1.3128987199427926
22269333231.15323,10045926708.022085,1036866136.6044953,0.0465602685918765,21.477539332203783,9.688740285144473,11054437.660186492,0.9950189469818496,nan,nan,9.5,0.010558712944875676,0.5,sunframe,0.0,0.088,0.016564335355538157,0.012695640566748706,0.014944601103283245,1.3047262379908575
23037832942.568295,10309203062.083351,1066217653.5684881,0.04628116091589405,21.607063872431436,9.6689480122373,11397835.942989627,0.9950157850310727,nan,nan,9.5,0.010522316641837826,0.5,sunframe,0.0,0.09,0.017033237128892917,0.01313375858359741,0.015408844560417972,1.2969049964239114
23819648517.856716,10577254178.63588,1096033554.0299058,0.0460138424464261,21.73259060388838,9.650483910593191,11746748.495501898,0.9950128870597907,nan,nan,9.5,0.010487412384495461,0.5,sunframe,0.0,0.092,0.017509557607240888,0.013579467910873647,0.015880542812062578,1.2894141156458903
24614779957.01831,10850080057.67962,1126313837.9887433,0.045757623669822896,21.854281752386957,9.63326534019558,12101175.31772307,0.9950102340100824,nan,nan,9.5,0.010453913505016241,0.5,sunframe,0.0,0.094,0.017993296790581995,0.014032768548577315,0.016359695858216745,1.2822342738921757
25423227260.053383,11127680699.214672,1157058505.44501,0.04551186572851256,21.97229192855334,9.617215246116631,12461116.409653414,0.9950078083105021,nan,nan,9.5,0.010421739756873383,0.5,sunframe,0.0,0.096,0.018484454678916386,0.014493660496708584,0.016846303698880842,1.2753475688984217
26244990426.961647,11410056103.240929,1188267556.398696,0.045275975988849325,22.086768493875923,9.602261748037279,12826571.771292783,0.9950055937491598,nan,nan,9.5,0.01039081674154119,0.5,sunframe,0.0,0.098,0.018983031272243902,0.014962143755267296,0.017340366334054665,1.2687373937014264
27080069457.743294,11697206269.758472,1219940990.849808,0.04504940405538647,22.197851913213754,9.588337761820943,13197541.402641216,0.9950035753585182,nan,nan,9.5,0.01036107539470394,0.5,sunframe,0.0,0.1,0.01948902657056465,0.015438218324253555,0.01784188376373827,1.2623883249498582
27080069457.743294,11697206269.758472,1219940990.849808,0.04504940405538647,22.197851913213754,9.588337761820943,13197541.402641216,0.9950035753585182,nan,nan,9.5,0.01036107539470394,0.5,sunframe,0.0,0.1,0.01948902657056465,0.015438218324253555,0.01784188376373827,1.2623883249498582
36163232278.59217,14831319871.952877,1562216427.7192454,0.043199026449968154,23.148669823801946,9.493767706441181,17210522.550123278,0.9949915938649622,nan,nan,9.5,0.010116473051595628,0.5,sunframe,0.0,0.12,0.024957008328398166,0.020616486087629282,0.02326707175861123,1.2105364717498277
46577981486.773254,18442909723.272964,1950930214.33109,0.04188524603379593,23.874755306274917,9.45339284193537,21774930.668510795,0.9949889446145027,nan,nan,9.5,0.009940476365941696,0.5,sunframe,0.0,0.14,0.031166860585551893,0.026553884893756475,0.029437739204461053,1.173721310845934
58324317082.28612,22531975823.718582,2386082350.685329,0.040910592186085185,24.443547418023627,9.443083897438395,26890765.757803604,0.9949909473559109,nan,nan,9.5,0.009808258858320727,0.5,sunframe,0.0,0.16,0.038118583342025635,0.03325041474263488,0.03635388610128752,1.1464092594655253
71402239065.1311,27098518173.28985,2867672836.781973,0.04016222564345864,24.899018517487796,9.449654725501775,32558027.81800185,0.9949952486742469,nan,nan,9.5,0.009705553074735767,0.5,sunframe,0.0,0.18,0.04581217659781956,0.040706075634264705,0.044015512449090834,1.1254383008922813
85811747435.3082,32142536771.986755,3395701672.6210213,0.03957152457687654,25.270696812736546,9.465653897439429,38776716.84910542,0.9950006200101122,nan,nan,9.5,0.009623618450657045,0.5,sunframe,0.0,0.2,0.054247640352933654,0.04892086756864593,0.052422618247870825,1.10888549302224
101552842192.81712,37664031619.80922,3970168858.202466,0.03909461096779897,25.578973041160822,9.486758111558506,45546832.851114355,0.9950064041707982,nan,nan,9.5,0.009556821047788109,0.5,sunframe,0.0,0.22,0.0634249746073678,0.0578947905457784,0.061575203497627566,1.0955212724574344
118625523337.65817,43663002716.75733,4591074393.526316,0.03870224774864162,25.838292558475445,9.510410630314492,52868375.82402863,0.9950122460526722,nan,nan,9.5,0.009501375861606048,0.5,sunframe,0.0,0.24,0.07334417936112213,0.06762784456566229,0.07147326819836101,1.0845263490530093
137029790869.83122,50139450062.831055,5258418278.5925665,0.03837427062548536,26.059127214677893,9.535082111469277,60741345.76784833,0.9950179553568258,nan,nan,9.5,0.009454651124746251,0.5,sunframe,0.0,0.26,0.08400525461419657,0.07812002962829752,0.08211681235007127,1.0753356727320957
156765644789.33627,57093373658.030365,5972200513.401218,0.038096360471241895,26.24922663557003,9.559855455274258,69165742.68257338,0.9950234337908715,nan,nan,9.5,0.009414763117952486,0.5,sunframe,0.0,0.28,0.09540820036659113,0.08937134573368409,0.09350583595275827,1.0675479884894667
177833085096.1734,64524773502.35533,6732421097.952274,0.037858090885120356,26.414432862831905,9.58418562409608,78141566.5682038,0.9950286351852301,nan,nan,9.5,0.009380329735541914,0.5,sunframe,0.0,0.3,0.10755301661830587,0.10138179288182206,0.10564033900642203,1.06087112449942
200232111790.3424,72433649595.80586,7539080032.245728,0.03765170314010219,26.559223530446808,9.60775708521421,87668817.42473952,0.9950335430530656,nan,nan,9.5,0.009350314971491568,0.5,sunframe,0.0,0.32,0.12043970336934065,0.1141513710727113,0.11852032151106243,1.0550876633152646
223962724871.84357,80820001938.38202,8392177316.281586,0.0374713127869103,26.687082080276777,9.630397320321615,97747495.25218067,0.9950381576969999,nan,nan,9.5,0.009323927608395325,0.5,sunframe,0.0,0.34,0.13406826061969562,0.12768008030635197,0.13214578346667966,1.0500327090805084
249024924340.6764,89683830530.08372,9291712950.059835,0.03731238137973847,26.800755219097976,9.652023368791886,108377600.0505271,0.9950424886855841,nan,nan,9.5,0.009300553361591211,0.5,sunframe,0.0,0.36,0.14843868836937057,0.1419679205827438,0.1465167248732735,1.045579084063962
275418710196.8416,99025135370.9111,10237686933.580496,0.03717135602829461,26.90243528481463,9.67260827698297,119559131.81977895,0.9950465504204189,nan,nan,9.5,0.00927970830904882,0.5,sunframe,0.0,0.38,0.16355098661836578,0.15701489190188717,0.16163314573084417,1.041627228075683
303144082440.3387,108843916460.8641,11230099266.843555,0.03704541806140561,26.993891615487332,9.692159781901632,131292090.55993617,0.9950503595161919,nan,nan,9.5,0.0092610062317528,0.5,sunframe,0.0,0.4,0.17940515536668108,0.1728209942637818,0.1774950460393916,1.0380981554408237
332201041071.1678,119140173799.9427,12268949949.849018,0.03693230433682063,27.076566652328374,9.710706644573836,143576476.2709988,0.9950539332603605,nan,nan,9.5,0.009244135263623613,0.5,sunframe,0.0,0.42,0.19600119461431653,0.18938622766842783,0.19410242579891585,1.0349284476877063
362589586089.329,129913907388.14694,13354238982.596886,0.03683017796133528,27.15164724563131,9.728289837964521,156412288.9529667,0.9950572887230011,nan,nan,9.5,0.009228840905816748,0.5,sunframe,0.0,0.44,0.21333910436127218,0.20671059211582524,0.21145528500941665,1.0320666308271849
394309717494.8221,141165117225.47675,14485966365.087147,0.03673753326983977,27.220118254944598,9.7449568546356,169799528.60584003,0.9950604422609323,nan,nan,9.5,0.00921491347609623,0.5,sunframe,0.0,0.46,0.2314188846075478,0.2247940876059739,0.22955362367089435,1.02947051264616
427361435287.6472,152893803311.9322,15664132097.319813,0.03665312497552954,27.282803326254523,9.760758040216786,183738195.22961873,0.9950634092614494,nan,nan,9.5,0.009202178702841105,0.5,sunframe,0.0,0.48,0.2502405353531436,0.24363671413887397,0.24839744178334877,1.0271051973328842
461744739467.80457,165099965647.51324,16888736179.294884,0.03657591464660847,27.340396259720762,9.775744253138441,198228288.8243028,0.9950662040311007,nan,nan,9.5,0.009190490584107274,0.5,sunframe,0.0,0.5,0.2698040565980596,0.2632384717145255,0.2679867393467799,1.0249415856305923
497459630035.2937,177783604232.2199,18159778611.012356,0.03650502978447509,27.393485388286997,9.789965397728436,213269809.38989222,0.9950688397711531,nan,nan,9.5,0.009179725901819676,0.5,sunframe,0.0,0.52,0.29010944834229574,0.28359936033292826,0.28832151636118786,1.0229552281137906
534506106990.11487,190944719066.0522,19477259392.47223,0.03643973218968748,27.442572705926803,9.803469534315001,228862756.92638704,0.9950713286036093,nan,nan,9.5,0.009169779961453845,0.5,sunframe,0.0,0.54,0.311156710585852,0.3047193799940824,0.30940177282657255,1.021125438729544
572884170332.2682,204583310149.01013,20841178523.674507,0.03637939325777983,27.488089010009737,9.816302370646364,245007131.4337872,0.9950736816253098,nan,nan,9.5,0.009160563250161336,0.5,sunframe,0.0,0.56,0.3329458433287284,0.3265985306979879,0.33122750874293394,1.0194346025292134
612593820061.7535,218699377481.09363,22251536004.619183,0.03632347450448664,27.530405987909578,9.828507004446523,261702932.91209275,0.995075908976208,nan,nan,9.5,0.009151998790970124,0.5,sunframe,0.0,0.58,0.3554768465709249,0.3492368124446448,0.3537987241102721,1.0178676299402691
653635056178.5707,233292921062.30267,23708331835.30626,0.03627151207879712,27.569845939358018,9.840123830006661,278950161.36130357,0.9950780199132826,nan,nan,9.5,0.009144020030024357,0.5,sunframe,0.0,0.6,0.3787497203124415,0.37263422523405293,0.37711541892858685,1.0164115227863126
696007878682.72,248363940892.63745,25211566015.735733,0.03622310434682392,27.6066896538005,9.851190550306226,296748816.7814199,0.9950800228849525,nan,nan,9.5,0.009136569135960528,0.5,sunframe,0.0,0.62,0.40276446455327813,0.39679076906621247,0.40117759319787855,1.0150550263584102
739712287574.2013,263912436972.09775,26761238545.907616,0.03617790186190894,27.641182836334742,9.861742255290938,315098899.1724415,0.995081925602983,nan,nan,9.5,0.009129595620806574,0.5,sunframe,0.0,0.64,0.427521079293435,0.4217064439411234,0.42598524691814693,1.0137883483542962
784748282853.0144,279938409300.68365,28357349425.8219,0.0361355992047877,27.67354138318834,9.871811539825183,334000408.5343684,0.9950837351102526,nan,nan,9.5,0.009123055213818477,0.5,sunframe,0.0,0.66,0.45301956453291203,0.4473812498587855,0.4515383800893919,1.0126029302209385
831115864519.1598,296441857878.39526,29999898655.478584,0.036095928300965544,27.703955738776514,9.881428643568402,353453344.86720073,0.9950854578435524,nan,nan,9.5,0.009116908935860785,0.5,sunframe,0.0,0.68,0.4792599202717092,0.47381518681919915,0.4778369927116138,1.0114912598919876
878815032572.6368,313422782705.2323,31688886234.877655,0.03605865291369884,27.732594514646873,9.890621600965913,373457708.17093825,0.9950870996911729,nan,nan,9.5,0.00911112233395991,0.5,sunframe,0.0,0.7,0.5062421465098262,0.5010082548223639,0.5048810847848121,1.0104467174683938
927845787013.446,330881183781.19507,33424312164.019135,0.036023564079118636,27.759607511452717,9.899416393597013,394013498.44558144,0.9950886660452963,nan,nan,9.5,0.009105664844669592,0.5,sunframe,0.0,0.72,0.5339662432472635,0.5289604538682802,0.5326706563089876,1.0094634473000317
978208127841.5876,348817061106.28357,35206176442.90303,0.03599047630138314,27.785128255209262,9.907837099890441,415120715.6911299,0.9950901618494153,nan,nan,9.5,0.009100509261701403,0.5,sunframe,0.0,0.74,0.5624322104840211,0.5576717839569479,0.5612057072841397,1.0085362513650873
1029902055057.0609,367230414680.4975,37034479071.52932,0.03595922436476491,27.809276136107716,9.915906039105328,436779359.9075837,0.9950915916411176,nan,nan,9.5,0.009095631288467736,0.5,sunframe,0.0,0.76,0.5916400482200987,0.5871422450883669,0.5904862377102685,1.0076604999373786
1082927568659.8663,386121244503.83716,38909220049.89801,0.035929660649463895,27.832158220367745,9.92364390775932,458989431.0949428,0.9950929595905748,nan,nan,9.5,0.009091009160176798,0.5,sunframe,0.0,0.78,0.6215897564554965,0.6173718372625373,0.620512247587374,1.0068320563692406
1137284668650.0037,405489550576.30237,40830399378.00911,0.035901652860999354,27.85387079173502,9.931069907552642,481750929.2532075,0.9950942695351446,nan,nan,9.5,0.009086623323209137,0.5,sunframe,0.0,0.8,0.6522813351902145,0.6483605604794589,0.6512837369154565,1.0060472134638418
1192973355027.473,425335332897.89307,42798017055.86258,0.03587508210095521,27.874500668344783,9.938201864416277,505063854.38237715,0.995095525010441,nan,nan,9.5,0.00908245616191444,0.5,sunframe,0.0,0.82,0.683714784424252,0.6801084147391319,0.6828007056945151,1.005302639413017
1249993627792.274,445658591468.60944,44812073083.45848,0.03584984122087495,27.894126332077352,9.945056338692703,528928206.4824524,0.9950967292782126,nan,nan,9.5,0.009078491764857803,0.5,sunframe,0.0,0.84,0.7158901041576103,0.7126154000415561,0.7150631539245509,1.0045953316695981
1308345486944.4075,466459326288.45154,46872567460.79678,0.035825833412140955,27.91281890070732,9.951648726701139,553343985.5534331,0.9950978853513898,nan,nan,9.5,0.009074715724037419,0.5,sunframe,0.0,0.86,0.7488072943902887,0.7458815163867318,0.7480710816055635,1.0039225774325795
1368028932483.873,487737537357.41925,48979500187.87749,0.03580297099341858,27.930642967697384,9.957993354087659,578311191.595319,0.9950989960165675,nan,nan,9.5,0.009071114961781822,0.5,sunframe,0.0,0.88,0.7824663551222871,0.7799067637746591,0.7818244887375527,1.0032819196684999
1429043964410.6707,509493224675.5126,51132871264.70058,0.03578117436421032,27.947657330113728,9.964103561445016,603829824.6081104,0.9951000638542181,nan,nan,9.5,0.00906767758098211,0.5,sunframe,0.0,0.9,0.8168672863536055,0.8146911422053376,0.8163233753205188,1.0026711277876141
1491390582724.7998,531726388242.73145,53332680691.26609,0.0357603710986469,27.963915621609363,9.969991782727105,629899884.5918071,0.9951010912568629,nan,nan,9.5,0.009064392735075769,0.5,sunframe,0.0,0.92,0.8520100880842443,0.8502346516787672,0.8515677413544616,1.0020881722498272
1555068787426.2612,554437028059.0759,55578928467.573975,0.03574049515813424,27.979466864560443,9.975669616994276,656521371.5464091,0.9951020804454326,nan,nan,9.5,0.009061250514813246,0.5,sunframe,0.0,0.94,0.8878947603142028,0.8865372921949484,0.8875575868393809,1.0015312025012433
1620078578515.0547,577625144124.546,57871614593.62428,0.0357214862051128,27.994355953108983,9.98114789401751,683694285.4719167,0.9951030334840081,nan,nan,9.5,0.009058241849336818,0.5,sunframe,0.0,0.96,0.9245213030434817,0.9235990637538808,0.9242929117752773,1.0009985277441193
1686419955991.1802,601290736439.1418,60210739069.41699,0.03570328900314074,28.00862407695919,9.986436734249574,711418626.3683295,0.9951039522931191,nan,nan,9.5,0.009055358419508037,0.5,sunframe,0.0,0.98,0.9618897162720808,0.9614199663555647,0.9617737161621503,1.0004886001258084
1754092919854.638,625433805002.863,62596301894.9521,0.03568585289092865,28.022309094206918,9.99154560364371,739694394.2356477,0.9951048386617457,nan,nan,9.5,0.009052592581752554,0.5,sunframe,0.0,1.0,1.0,1.0,1.0,1.0
1823097470105.4275,650054349815.7102,65028303070.229614,0.03566913131993382,28.03544586018966,9.996483363769482,768521589.0738713,0.9951056942581744,nan,nan,9.5,0.009049937300965039,0.5,sunframe,0.0,1.02,1.0388521542272393,1.0393391646871866,1.0389717632888265,0.9995314229690423
1893433606743.549,675152370877.6826,67506742595.24951,0.0356530814467543,28.048066518273853,10.001258317642383,797900210.8830001,0.9951065206398237,nan,nan,9.5,0.009047386091242839,0.5,sunframe,0.0,1.04,1.0784461789537985,1.0794374604171244,1.0786890060286296,0.999081668461883
1965101329769.0022,700727868188.7808,70031620470.01184,0.035637663772912956,28.060200757606,10.005878251651176,827830259.6630344,0.9951073192621411,nan,nan,9.5,0.00904493296340443,0.5,sunframe,0.0,1.06,1.1187820741796783,1.1202948871898135,1.1191517282194097,0.998649629639987
2038100639181.7883,726780841749.0048,72602936694.51656,0.03562284182574202,28.071876042112205,10.010350473934698,858311735.4139743,0.9951080914866861,nan,nan,9.5,0.009042572378404579,0.5,sunframe,0.0,1.08,1.159859839904878,1.1619114450052543,1.1603599298611667,0.9982342844549851
2112431534981.9053,753311291558.3541,75220691268.76367,0.03560858187501353,28.08311781440805,10.014681849529559,889344638.1358192,0.9951088385884599,nan,nan,9.5,0.009040299205888521,0.5,sunframe,0.0,1.1,1.2016794761293978,1.204287133863446,1.2023136109538999,0.9978346877080031
2188094017169.3555,780319217616.8292,77884884192.7532,0.03559485268074065,28.093949677759763,10.018878832581406,920928967.8285697,0.9951095617625807,nan,nan,9.5,0.009038108687236463,0.5,sunframe,0.0,1.12,1.244240982853238,1.2474219537643896,1.2450127714976102,0.9974499639824741
2265088085744.1353,807804619924.4293,80595515466.48508,0.03558162526823214,28.104393558796108,10.022947495885768,953064724.4922248,0.9951102621303622,nan,nan,9.5,0.009035996402541586,0.5,sunframe,0.0,1.14,1.2875443600763972,1.2913159047080833,1.2884574114922964,0.997079301340644
2343413740706.25,835767498481.1559,83352585089.95943,0.035568872727032366,28.11446985329955,10.026893557999939,985751908.1267862,0.9951109407448447,nan,nan,9.5,0.009033958241042217,0.5,sunframe,0.0,1.16,1.3315896077988778,1.33596898669453,1.3326475309379604,0.9967219456894074
2423070982055.6953,864207853287.0073,86156093063.17612,0.03555657003084682,28.124197557088827,10.030722408144776,1018990518.7322525,0.9951115985958541,nan,nan,9.5,0.009031990374594335,0.5,sunframe,0.0,1.18,1.3763767260206776,1.381381199723727,1.3775831298346006,0.9963771957342039
2504059809792.4736,893125684341.9851,89006039386.13528,0.035544693875946894,28.133594383737268,10.034439129094759,1052780556.3086247,0.9951122366146202,nan,nan,9.5,0.009030089233826219,0.5,sunframe,0.0,1.2,1.4219057147417988,1.4275525437956762,1.4232642081822184,0.9960443984507475
2586380223916.582,922520991646.0879,91902424058.83678,0.03553322253588376,28.142676870642255,10.038048518235835,1087122020.8559015,0.9951128556780036,nan,nan,9.5,0.009028251486664442,0.5,sunframe,0.0,1.22,1.4681765739622388,1.4744830189103755,1.4696907659808116,0.9957229450137736
2670032224428.025,952393775199.3169,94845247081.28073,0.03552213573062719,28.151460474765315,10.041555106953666,1122014912.3740845,0.9951134566123614,nan,nan,9.5,0.009026474018960933,0.5,sunframe,0.0,1.24,1.5151893036819999,1.5221726250678276,1.5168628032303828,0.9954122671300066
2755015811326.7974,982744035001.6709,97834508453.46701,0.03551141450848899,28.15995965919494,10.044963178499467,1157459230.863172,0.9951140401970977,nan,nan,9.5,0.009024753916985259,0.5,sunframe,0.0,1.26,1.56294390390108,1.5706213622680298,1.5647803199309298,0.9951118337293825
2841330984612.905,1013571771053.1512,100870208175.39578,0.035501041139400405,28.168187971539858,10.048276784466687,1193454976.3231657,0.9951146071679207,nan,nan,9.5,0.00902308845157624,0.5,sunframe,0.0,1.28,1.6114403746194816,1.619829230510985,1.6134433160824544,0.9948211479744338
2928977744286.341,1044876983353.7565,103952346247.06688,0.035490999018292425,28.17615811503615,10.051499759999297,1230002148.754064,0.995115158219833,nan,nan,9.5,0.009021475063772405,0.5,sunframe,0.0,1.3,1.660678715837202,1.6697962297966893,1.6628517916849548,0.9945397445527846
3017956090347.112,1076659671903.4879,107080922668.48044,0.03548127257748288,28.183882013144583,10.054635737840963,1267100748.1558685,0.9951156940098853,nan,nan,9.5,0.009019911351762909,0.5,sunframe,0.0,1.32,1.7106589275542436,1.720522360125147,1.713005746738433,0.994267187222033
3108266022795.2124,1108919836702.3442,110255937439.63635,0.035471847207107776,28.191370868321233,10.05768816132431,1304750774.5285773,0.9951162151597095,nan,nan,9.5,0.009018395059019673,0.5,sunframe,0.0,1.34,1.7613810097706046,1.7720076214963545,1.7639051812428865,0.9940030665800544
3199907541630.6475,1141657477750.3271,113477390560.53473,0.03546270918274956,28.19863521556438,10.060660296390123,1342952227.8721929,0.9951167222578567,nan,nan,9.5,0.009016924063487912,0.5,sunframe,0.0,1.36,1.8128449624862868,1.8242520139103147,1.8155500951983188,0.9937469980369781
3292880646853.4126,1174872595047.4346,116745282031.17542,0.035453845599516046,28.20568497127009,10.063555242718065,1381705108.1867125,0.9951172158619497,nan,nan,9.5,0.009015496367726675,0.5,sunframe,0.0,1.38,1.8650507857012875,1.8772555373670252,1.867940488604726,0.9934986199679263
3387185338463.5093,1208565188593.6682,120059611851.55856,0.03544524431190997,28.21252947786819,10.066375944042994,1421009415.472138,0.995117696500674,nan,nan,9.5,0.009014110089903483,0.5,sunframe,0.0,1.4,1.9179984794156095,1.9310181918664868,1.9210763614621105,0.9932575920280208
3482821616460.9395,1242735258389.0273,123420380021.6841,0.035436893878905404,28.219177544656986,10.069125197724132,1460865149.728469,0.9951181646756192,nan,nan,9.5,0.009012763455558034,0.5,sunframe,0.0,1.42,1.9716880436292512,1.9855399774087006,1.974957713770472,0.9930235936132963
3579789480845.701,1277382804433.5122,126827586541.55203,0.03542878351371374,28.22563748520807,10.0718056636283,1501272310.9557047,0.9951186208629762,nan,nan,9.5,0.009011454790059522,0.5,sunframe,0.0,1.44,2.026119478342213,2.0408208939936654,2.0295845455298096,0.9927963224530285
3678088931617.795,1312507826727.1226,130281231411.16238,0.03542090303777909,28.231917151672388,10.074419872382846,1542230899.1538465,0.9951190655151229,nan,nan,9.5,0.009010182511690367,0.5,sunframe,0.0,1.46,2.081292783554495,2.0968609416213817,2.0849568567401247,0.9925754933205784
3777719968777.2207,1348110325269.8586,133781314630.51514,0.03541324283859444,28.23802396628216,10.076970233048963,1583740914.3228934,0.9951194990620786,nan,nan,9.5,0.009008945125296614,0.5,sunframe,0.0,1.48,2.1372079592660977,2.1536601202918493,2.141074647401416,0.9923608368513029
3878682592323.978,1384190300061.7202,137327836199.61029,0.03540579383097393,28.24396495031198,10.079459040261558,1625802356.4628458,0.9951199219128614,nan,nan,9.5,0.009007741216451539,0.5,sunframe,0.0,1.5,2.19386500547702,2.211218430005068,2.1979379175136846,0.992152098457316
3980976802258.069,1420747751102.7075,140920796118.4478,0.035398547421455824,28.249746750734705,10.081888480877797,1668415225.5737033,0.9951203344567449,nan,nan,9.5,0.00900656944608481,0.5,sunframe,0.0,1.52,2.251263922187262,2.2695358707610387,2.255546667076929,0.9919490373299763
4084602598579.49,1457782678392.8203,144560194387.0278,0.03539149547554559,28.255375664782758,10.08426064017271,1711579521.6554666,0.995120737064436,nan,nan,9.5,0.009005428545534435,0.5,sunframe,0.0,1.54,2.309404709396825,2.32861244255976,2.3139008960911513,0.9917514255219642
4189559981288.244,1495295081932.0588,148246031005.35016,0.03538463028753824,28.26085766260443,10.08657750761701,1755295244.7081351,0.9951211300891546,nan,nan,9.5,0.009004317311983206,0.5,sunframe,0.0,1.56,2.368287367105708,2.388448145401233,2.37300060455635,0.9915590471016325
4295848950384.3306,1533284961720.4229,151978305973.4149,0.035377944552686856,28.26619840818459,10.088840982269113,1799562394.731709,0.9951215138676515,nan,nan,9.5,0.00900323460424531,0.5,sunframe,0.0,1.58,2.4279118953139105,2.449042979285458,2.4328457924725257,0.9913716973731049
4403469505867.749,1571752317757.9126,155757019291.22205,0.035371431341507276,28.271403278683017,10.091052877810762,1844380971.7261882,0.9951218887211538,nan,nan,9.5,0.009002179338872077,0.5,sunframe,0.0,1.6,2.4882782940214336,2.510396944212434,2.4934364598396774,0.9911891821562349
4512421647738.499,1610697150044.5278,159582170958.7716,0.03536508407603039,28.276477382327958,10.093214927253088,1889750975.6915727,0.9951222549562397,nan,nan,9.5,0.009001150486549139,0.5,sunframe,0.0,1.62,2.5493865632282766,2.572510040182161,2.5547726066578065,0.9910113171211385
4622705375996.578,1650119458580.268,163453760976.06354,0.035358896507832416,28.281425574988976,10.095328787337689,1935672406.6278617,0.9951226128656668,nan,nan,9.5,0.009000147068759822,0.5,sunframe,0.0,1.64,2.6112367029344394,2.635382267194638,2.6168542329269107,0.9908379271725535
4734320690641.993,1690019243365.1355,167371789343.0979,0.03535286269768971,28.286252475541378,10.097396042655314,1982145264.5350575,0.9951229627291319,nan,nan,9.5,0.008999168154692141,0.5,sunframe,0.0,1.66,2.673828713139923,2.699013625249868,2.679681338646994,0.9906688458797188
4847267591674.737,1730396504399.127,171336256059.87463,0.03534697699672028,28.29096248012345,10.099418209502769,2029169549.4131577,0.995123304813992,nan,nan,9.5,0.008998212858368902,0.5,sunframe,0.0,1.68,2.737162593844726,2.7634041143478485,2.743253923818052,0.9905039149479173
4961546079094.817,1771251241682.245,175347161126.39386,0.03534123402888644,28.295559775378585,10.1013967394972,2076745261.262164,0.995123639375933,nan,nan,9.5,0.008997280335982391,0.5,sunframe,0.0,1.7,2.8012383450488505,2.8285537344885823,2.8075719884400887,0.9903429837281594
5077156152902.226,1812583455214.4883,179404504542.65536,0.03533562867474608,28.30004835076522,10.103333022965023,2124872400.0820749,0.9951239666596009,nan,nan,9.5,0.008996369783416815,0.5,sunframe,0.0,1.72,2.8660559667522936,2.894462485672065,2.8726355325131,0.9901859087618557
5194097813096.97,1854393144995.8577,183508286308.65936,0.035330156056349454,28.30443201001039,10.105228392121674,2173550965.872892,0.9951242868991824,nan,nan,9.5,0.008995480433943284,0.5,sunframe,0.0,1.74,2.931615458955058,2.9611303678983014,2.9384445560370898,0.9900325533575909
5312371059679.042,1896680311026.3518,187658506424.4057,0.03532481152318895,28.308714381775278,10.107084124056959,2222780958.634614,0.9951246003189593,nan,nan,9.5,0.008994611556073463,0.5,sunframe,0.0,1.76,2.9979168216571415,3.028557381167287,3.004999059012056,0.989882787197403
5431975892648.449,1939444953305.9724,191855164889.89453,0.03531959063911685,28.312898929595427,10.108901443539546,2272562378.367242,0.9951249071338251,nan,nan,9.5,0.008993762451559304,0.5,sunframe,0.0,1.78,3.0649600548585463,3.0967435254790256,3.0722990414379994,0.9897364859701895
5552912312005.186,1982687071834.7178,196098261705.12564,0.035314489170154666,28.316988961152237,10.110681525653188,2322895225.070774,0.995125207549769,nan,nan,9.5,0.008992932453527443,0.5,sunframe,0.0,1.8,3.1327451585592696,3.1656888008335136,3.140344503314918,0.9895935310300967
5675180317749.258,2026406666612.5896,200387796870.09924,0.03530950307312382,28.32098763692769,10.112425498276231,2373779498.745213,0.9951255017643286,nan,nan,9.5,0.008992120924737695,0.5,sunframe,0.0,1.82,3.2012721327593145,3.2353932072307554,3.2091354446428153,0.9894538090779247
5798779909880.658,2070603737639.5864,204723770384.81525,0.03530462848503394,28.324897978289506,10.114134444415093,2425215199.3905563,0.995125789967022,nan,nan,9.5,0.008991327255956295,0.5,sunframe,0.0,1.84,3.2705409774586798,3.3058567446707467,3.2786718654216878,0.9893172118637631
5923711088399.394,2115278284915.7095,209106182249.27362,0.03529986171317055,28.328722875050104,10.115809404401563,2477202327.0068054,0.9951260723397429,nan,nan,9.5,0.008990550864434994,0.5,sunframe,0.0,1.86,3.3405516926573644,3.3770794131534907,3.3489537656515376,0.9891836359092256
6049973853305.46,2160430308440.9568,213535032463.47437,0.0352951992258293,28.332465092538488,10.11745137796302,2529740881.593959,0.9951263490571439,nan,nan,9.5,0.008989791192488194,0.5,sunframe,0.0,1.88,3.4113042783553684,3.4490612126789855,3.419981145332363,0.9890529822478012
6177568204598.855,2206059808215.331,218010321027.41754,0.035290637643647704,28.336127278221607,10.119061326174053,2582830863.1520185,0.9951266202869901,nan,nan,9.5,0.008989047706160748,0.5,sunframe,0.0,1.9,3.482798734552693,3.52180214324723,3.491754004464166,0.98892515618195
6306494142279.586,2252166784238.83,222532047941.1031,0.035286173731490254,28.339711967908134,10.120640173297216,2636472271.680983,0.995126886190498,nan,nan,9.5,0.008988319893979812,0.5,sunframe,0.0,1.92,3.5550350612493378,3.5953022048582275,3.564272343046946,0.9888000670557046
6436751666347.647,2298751236511.455,227100213204.5311,0.03528180439084621,28.343221591564852,10.122188808520196,2690665107.180854,0.9951271469226428,nan,nan,9.5,0.00898760726578462,0.5,sunframe,0.0,1.94,3.6280132584453035,3.669561397511976,3.637536161080703,0.9886776280416393
6568340776803.042,2345813165033.206,231714816817.70145,0.03527752665270242,28.346658478773918,10.12370808759607,2745409369.6516294,0.9951274026324654,nan,nan,9.5,0.008986909351628505,0.5,sunframe,0.0,1.96,3.7017333261405883,3.744579721208476,3.711545458565436,0.98855775594115
6701261473645.77,2393352569804.0825,236375858780.61426,0.03527333767085734,28.350024863856174,10.125198834392842,2800705059.0933104,0.9951276534633452,nan,nan,9.5,0.008986225700748153,0.5,sunframe,0.0,1.98,3.776195264335194,3.8203571759477284,3.786300235501146,0.9884403709970969
6835513756875.826,2441369450824.084,241083339093.2694,0.035269234715644346,28.353322890684407,10.126661842358075,2856552175.505897,0.9951278995532712,nan,nan,9.5,0.008985555880595181,0.5,sunframe,0.0,2.0,3.851399073029119,3.8968937617297303,3.8618004918878333,0.9883253967179189
0.0,1176909630.7919235,1064312128.8601625,inf,0.0,1.1057936848397554,14874907.717974903,0.8795857156490293,nan,nan,192.5,0.7291202543049584,98.5,sunframe,300.0,-2.0,3.5983011381360437,nan,3.611446697194208,nan
0.0,1153182387.2397,1042766655.8053117,inf,0.0,1.1058872863067493,14573842.862830397,0.8795856013220543,nan,nan,192.5,0.7291068618505507,98.5,sunframe,300.0,-1.98,3.525458690781828,nan,3.5383518116750863,nan
0.0,1129697140.1634974,1021441611.4456406,inf,0.0,1.10598308068206,14275856.63345765,0.8795855081735435,nan,nan,192.5,0.7290930328569054,98.5,sunframe,300.0,-1.96,3.4533614842298506,nan,3.466004379053563,nan
0.0,1106453889.5633156,1000336995.7811488,inf,0.0,1.1060811448838814,13980949.029856663,0.8795854376161061,nan,nan,192.5,0.7290787485655033,98.5,sunframe,300.0,-1.94,3.3820095184801096,nan,3.3944043993296393,nan
0.0,1083452635.4391546,979452808.8118365,inf,0.0,1.106181559429575,13689120.052027442,0.8795853911540739,nan,nan,192.5,0.7290639892083282,98.5,sunframe,300.0,-1.92,3.311402793532605,nan,3.3235518725033155,nan
0.0,1060693377.7910146,958789050.5377038,inf,0.0,1.1062844086466792,13400369.69996998,0.8795853703901211,nan,nan,192.5,0.7290487339422717,98.5,sunframe,300.0,-1.9,3.2415413093873378,nan,3.2534467985745916,nan
0.0,1038176116.6188949,938345720.9587502,inf,0.0,1.106389780898818,13114697.973684281,0.8795853770324326,nan,nan,192.5,0.7290329607785226,98.5,sunframe,300.0,-1.88,3.1724250660443065,nan,3.1840891775434663,nan
0.0,1015900851.9227968,918122820.0749766,inf,0.0,1.1064977688277429,12832104.873170346,0.8795854129024644,nan,nan,192.5,0.7290166465065038,98.5,sunframe,300.0,-1.86,3.104054063503513,nan,3.115479009409942,nan
0.0,993867583.7027191,898120347.8863821,inf,0.0,1.1066084696128604,12552590.398428166,0.8795854799433561,nan,nan,192.5,0.7289997666118666,98.5,sunframe,300.0,-1.84,3.036428301764956,nan,3.047616294174015,nan
0.0,972076311.9586624,878338304.3929672,inf,0.0,1.1067219852497254,12276154.549457753,0.8795855802290394,nan,nan,192.5,0.728982295188009,98.5,sunframe,300.0,-1.82,2.969547780828636,nan,2.980501031835689,nan
0.0,950527036.6906261,858776689.5947315,inf,0.0,1.1068384228491261,12002797.326259097,0.8795857159741405,nan,nan,192.5,0.7289642048405305,98.5,sunframe,300.0,-1.8,2.9034125006945515,nan,2.9141332223949616,nan
0.0,929219757.8986112,839435503.4916755,inf,0.0,1.1069578949585446,11732518.728832208,0.8795858895447158,nan,nan,192.5,0.7289454665839652,98.5,sunframe,300.0,-1.78,2.838022461362705,nan,2.8485128658518346,nan
0.0,908154475.5826168,820314746.0837986,inf,0.0,1.1070805199079585,11465318.757177074,0.8795861034699396,nan,nan,192.5,0.7289260497300835,98.5,sunframe,300.0,-1.76,2.773377662833094,nan,2.7836399622063057,nan
0.0,887331189.7426435,801414417.3711019,inf,0.0,1.1072064221821418,11201197.411293708,0.8795863604548009,nan,nan,192.5,0.7289059217669589,98.5,sunframe,300.0,-1.74,2.7094781051057217,nan,2.719514511458378,nan
0.0,866749900.3786907,782734517.3535838,inf,0.0,1.1073357328218538,10940154.691182096,0.8795866633939416,nan,nan,192.5,0.7288850482279222,98.5,sunframe,300.0,-1.72,2.646323788180584,nan,2.6561365136080477,nan
0.0,846410607.4907591,764275046.0312457,inf,0.0,1.107468589856531,10682190.596842254,0.8795870153867326,nan,nan,192.5,0.7288633925494298,98.5,sunframe,300.0,-1.7,2.583914712057685,nan,2.593505968655319,nan
0.0,826313311.078848,746036003.4040868,inf,0.0,1.107605138771405,10427305.128274167,0.8795874197537149,nan,nan,192.5,0.7288409159167559,98.5,sunframe,300.0,-1.68,2.5222508767370218,nan,2.5316228766001885,nan
0.0,806458011.1429582,728017389.4721076,inf,0.0,1.1077455330122383,10175498.285477847,0.8795878800545567,nan,nan,192.5,0.7288175770963131,98.5,sunframe,300.0,-1.66,2.461332282218596,nan,2.4704872374426583,nan
0.0,786844707.6830887,710219204.2353076,inf,0.0,1.107889934531246,9926770.068453282,0.8795884001076753,nan,nan,192.5,0.7287933322532553,98.5,sunframe,300.0,-1.64,2.4011589285024058,nan,2.4100990511827267,nan
0.0,767473400.6992407,692641447.6936876,inf,0.0,1.1080385143781444,9681120.477200486,0.8795889840116974,nan,nan,192.5,0.7287681347528735,98.5,sunframe,300.0,-1.62,2.3417308155884546,nan,2.3504583178203955,nan
0.0,748344090.191413,675284119.8472466,inf,0.0,1.108191453340696,9438549.511719447,0.8795896361689708,nan,nan,192.5,0.728741934944127,98.5,sunframe,300.0,-1.6,2.2830479434767392,nan,2.2915650373556633,nan
0.0,729456776.1596065,658147220.6959851,inf,0.0,1.1083489426396302,9199057.17201017,0.8795903613113223,nan,nan,192.5,0.7287146799234382,98.5,sunframe,300.0,-1.58,2.2251103121672595,nan,2.2334192097885306,nan
0.0,710811458.6038206,641230750.239903,inf,0.0,1.1085111846833382,8962643.458072655,0.8795911645283386,nan,nan,192.5,0.7286863132766885,98.5,sunframe,300.0,-1.56,2.1679179216600173,nan,2.1760208351189974,nan
0.0,692408137.5240555,624534708.4790006,inf,0.0,1.1086783938883953,8729308.3699069,0.8795920512984169,nan,nan,192.5,0.7286567747970778,98.5,sunframe,300.0,-1.54,2.1114707719550125,nan,2.119369913347063,nan
0.0,674246812.9203115,608059095.4132774,inf,0.0,1.1088507975726414,8499051.90751291,0.8795930275229322,nan,nan,192.5,0.7286260001762442,98.5,sunframe,300.0,-1.52,2.0557688630522435,nan,2.0634664444727293,nan
0.0,656327484.792588,591803911.0427338,inf,0.0,1.1090286369283473,8271874.070890678,0.8795940995638348,nan,nan,192.5,0.7285939206657082,98.5,sunframe,300.0,-1.5,2.000812194951712,nan,2.008310428495994,nan
0.0,638650153.1408856,575769155.3673697,inf,0.0,1.1092121680839166,8047774.860040208,0.8795952742851169,nan,nan,192.5,0.7285604627053494,98.5,sunframe,300.0,-1.48,1.946600767653417,nan,1.9539018654168587,nan
0.0,621214817.9652038,559954828.3871849,inf,0.0,1.1094016632635593,7826754.2749615,0.8795965590985593,nan,nan,192.5,0.7285255475151993,98.5,sunframe,300.0,-1.46,1.8931345811573583,nan,1.9002407552353227,nan
0.0,604021479.2655431,544360930.1021796,inf,0.0,1.1095974120555727,7608812.3156545535,0.8795979620142901,nan,nan,192.5,0.7284890906463585,98.5,sunframe,300.0,-1.44,1.8404136354635372,nan,1.847327097951386,nan
0.0,587070137.0419031,528987460.5123539,inf,0.0,1.109799722801166,7393948.982119368,0.8795994916967295,nan,nan,192.5,0.7284510014863088,98.5,sunframe,300.0,-1.42,1.7884379305719527,nan,1.795160893565049,nan
0.0,570360791.294284,513834419.6177076,inf,0.0,1.1100089241172904,7182164.274355946,0.8796011575265623,nan,nan,192.5,0.7284111827132511,98.5,sunframe,300.0,-1.4,1.737207466482605,nan,1.7437421420763117,nan
0.0,553893442.0226858,498901807.41824067,inf,0.0,1.110225366568665,6973458.192364285,0.879602969669497,nan,nan,192.5,0.7283695296933942,98.5,sunframe,300.0,-1.38,1.6867222431954936,nan,1.6930708434851738,nan
0.0,537668089.2271086,484189623.91395354,inf,0.0,1.11044942450617,6767830.736144387,0.8796049391526416,nan,nan,192.5,0.7283259298142902,98.5,sunframe,300.0,-1.36,1.6369822607106204,nan,1.6431469977916358,nan
0.0,521684732.90755177,469697869.10484546,inf,0.0,1.1106814980910673,6565281.905696247,0.8796070779494934,nan,nan,192.5,0.7282802617463534,98.5,sunframe,300.0,-1.34,1.5879875190279824,nan,1.5939706049956963,nan
0.0,505943373.06401616,455426542.99091715,inf,0.0,1.1109220155271153,6365811.701019871,0.8796093990746123,nan,nan,192.5,0.7282323946236023,98.5,sunframe,300.0,-1.32,1.5397380181475824,nan,1.545541665097357,nan
0.0,490444009.6965012,441375645.572168,inf,0.0,1.1111714355256834,6169420.1221152535,0.879611916689277,nan,nan,192.5,0.7281821871333941,98.5,sunframe,300.0,-1.3,1.492233758069418,nan,1.4978601780966163,nan
0.0,475186642.8050073,427545176.8485986,inf,0.0,1.111430250032453,5976107.1689824015,0.8796146462195629,nan,nan,192.5,0.7281294865034251,98.5,sunframe,300.0,-1.28,1.4454747387934916,nan,1.4509261439934762,nan
0.0,460171272.3895338,413935136.8202083,inf,0.0,1.1116989872483525,5785872.841621308,0.8796176044885229,nan,nan,192.5,0.7280741273725686,98.5,sunframe,300.0,-1.26,1.3994609603198007,nan,1.4047395627879347,nan
0.0,445397898.4500816,400545525.48699784,inf,0.0,1.1119782149820563,5598717.1400319785,0.8796208098643967,nan,nan,192.5,0.7280159305300998,98.5,sunframe,300.0,-1.24,1.3541924226483477,nan,1.3593004344799933,nan
0.0,430866520.9866499,387376342.84896654,inf,0.0,1.1122685443768558,5414640.064214407,0.8796242824270923,nan,nan,192.5,0.7279547015055208,98.5,sunframe,300.0,-1.22,1.3096691257791306,nan,1.3146087590696505,nan
0.0,416577139.9992393,374427588.90611494,inf,0.0,1.1125706340610844,5233641.6141686,0.8796280441554972,nan,nan,192.5,0.7278902289884477,98.5,sunframe,300.0,-1.2,1.2658910697121513,nan,1.270664536556908,nan
0.0,402529755.4878494,361699263.65844256,inf,0.0,1.112885194778731,5055721.789894553,0.8796321191386532,nan,nan,192.5,0.7278222830548008,98.5,sunframe,300.0,-1.18,1.2228582544474076,nan,1.2274677669417646,nan
0.0,388724367.45248055,349191367.1059499,inf,0.0,1.1132129945656295,4880880.591392269,0.8796365338142372,nan,nan,192.5,0.7277506131717383,98.5,sunframe,300.0,-1.16,1.1805706799849018,nan,1.1850184502242211,nan
0.0,375160975.8931322,336903899.2486364,inf,0.0,1.1135548645468836,4709118.018661743,0.8796413172384522,nan,nan,192.5,0.7276749459492992,98.5,sunframe,300.0,-1.14,1.1390283463246318,nan,1.143316586404276,nan
0.0,361839580.80980515,324836860.0865028,inf,0.0,1.1139117054433068,4540434.071702985,0.8796465013920594,nan,nan,192.5,0.7275949826014045,98.5,sunframe,300.0,-1.12,1.0982312534665999,nan,1.1023621754819322,nan
0.0,348760182.2024986,312990249.6195483,inf,0.0,1.1142844948889943,4374828.750515984,0.8796521215281191,nan,nan,192.5,0.7275103960725848,98.5,sunframe,300.0,-1.1,1.058179401410804,nan,1.0621552174571867,nan
0.0,335922780.07121307,301364067.84777343,inf,0.0,1.1146742956791256,4212302.055100746,0.8796582165680129,nan,nan,192.5,0.7274208277792916,98.5,sunframe,300.0,-1.08,1.018872790157245,nan,1.0226957123300409,nan
0.0,323327374.41594833,289958314.77117795,inf,0.0,1.1150822650873238,4052853.9854572685,0.8796648295534243,nan,nan,192.5,0.7273258839057049,98.5,sunframe,300.0,-1.06,0.9803114197059226,nan,0.9839836601004943,nan
0.0,310973965.2367043,278772990.3897619,inf,0.0,1.1155096654160115,3896484.5415855525,0.8796720081634202,nan,nan,192.5,0.7272251311832248,98.5,sunframe,300.0,-1.04,0.9424952900568371,nan,0.9460190607685472,nan
0.0,298862552.5334812,267808094.70352536,inf,0.0,1.1159578759721,3743193.7234855983,0.8796798053074577,nan,nan,192.5,0.7271180920699442,98.5,sunframe,300.0,-1.02,0.9054244012099885,nan,0.9088019143341998,nan
0.0,286993136.30627894,257063627.71246827,inf,0.0,1.116428406695044,3592981.531157406,0.8796882798071277,nan,nan,192.5,0.7270042392308516,98.5,sunframe,300.0,-1.0,0.8690987531653765,nan,0.8723322207974518,nan
0.0,275365716.5550975,246539589.41659066,inf,0.0,1.1169229137061547,3445847.9646009747,0.8796974971820284,nan,nan,192.5,0.726882989200712,98.5,sunframe,300.0,-0.98,0.8335183459230014,nan,0.8366099801583032,nan
0.0,263980293.27993697,236235979.81589246,inf,0.0,1.1174432170987108,3301793.0238163047,0.87970753055808,nan,nan,192.5,0.7267536950887143,98.5,sunframe,300.0,-0.96,0.798683179482863,nan,0.8016351924167541,nan
0.0,252836866.4807973,226152798.91037375,inf,0.0,1.1179913213499457,3160816.7088033976,0.8797184617203863,nan,nan,192.5,0.726615638156123,98.5,sunframe,300.0,-0.94,0.7645932538449616,nan,0.7674078575728047,nan
0.0,241935436.1576784,216290046.70003453,inf,0.0,1.118569438811073,3022919.019562251,0.8797303823371923,nan,nan,192.5,0.7264680180640738,98.5,sunframe,300.0,-0.92,0.7312485690092969,nan,0.7339279756264545,nan
0.0,231276002.31058034,206647723.18487477,inf,0.0,1.119180016823472,2888099.956092866,0.8797433953871568,nan,nan,192.5,0.726309941546748,98.5,sunframe,300.0,-0.9,0.6986491249758691,nan,0.701195546577704,nan
0.0,220858564.93950313,197225828.36489445,inf,0.0,1.1198257691223126,2756359.5183952423,0.8797576168290228,nan,nan,192.5,0.7261404092134275,98.5,sunframe,300.0,-0.88,0.666794921744678,nan,0.6692105704265527,nan
0.0,210683124.0444468,188024362.24009353,inf,0.0,1.1205097123287655,2627697.7064693803,0.879773177561389,nan,nan,192.5,0.7259583001188293,98.5,sunframe,300.0,-0.86,0.6356859593157235,nan,0.637973047173001,nan
0.0,200749679.62541127,179043324.81047213,inf,0.0,1.1212352085056319,2502114.5203152797,0.8797902257310398,nan,nan,192.5,0.7257623536612341,98.5,sunframe,300.0,-0.84,0.605322237689006,nan,0.6074829768170488,nan
0.0,191058231.6823966,170282716.0760302,inf,0.0,1.122006014968015,2379609.9599329405,0.8798089294617514,nan,nan,192.5,0.7255511482679974,98.5,sunframe,300.0,-0.82,0.5757037568645252,nan,0.5777403593586959,nan
0.0,181608780.21540284,161742536.03676778,inf,0.0,1.122826342812623,2260184.0253223646,0.8798294800925008,nan,nan,192.5,0.7253230762023165,98.5,sunframe,300.0,-0.8,0.5468305168422815,nan,0.548745194797943,nan
0.0,172401325.22442988,153422784.69268474,inf,0.0,1.1237009259723731,2143836.7164835487,0.8798520960355856,nan,nan,192.5,0.7250763136661934,98.5,sunframe,300.0,-0.78,0.5187025176222743,nan,0.5204974831347893,nan
0.0,163435866.7094777,145323462.0437812,inf,0.0,1.124635103038213,2030568.0334164943,0.8798770273926398,nan,nan,192.5,0.7248087851724833,98.5,sunframe,300.0,-0.76,0.49131975920450394,nan,0.4929972243692349,nan
0.0,154712404.67054644,137444568.0900571,inf,0.0,1.1256349146455538,1920377.9761212014,0.8799045615017841,nan,nan,192.5,0.7245181209005578,98.5,sunframe,300.0,-0.74,0.46468224158897037,nan,0.46624441850128,nan
0.0,146230939.10763595,129786102.83151244,inf,0.0,1.1267072199361137,1813266.5445976702,0.8799350296346763,nan,nan,192.5,0.7242016054178111,98.5,sunframe,300.0,-0.72,0.4387899647756735,nan,0.4402390655309247,nan
0.0,137991470.02074635,122348066.26814727,inf,0.0,1.1278598365283012,1709233.7388459004,0.8799688151212789,nan,nan,192.5,0.7238561157190696,98.5,sunframe,300.0,-0.7,0.41364292876461356,nan,0.41498116545816877,nan
0.0,129993997.40987764,115130458.3999616,inf,0.0,1.12910170962996,1608279.558865893,0.8800063632573837,nan,nan,192.5,0.7234780459754997,98.5,sunframe,300.0,-0.68,0.38924113355579054,nan,0.39047071828301255,nan
0.0,122238521.27502972,108133279.22695535,inf,0.0,1.1304431175019636,1510404.0046576462,0.8800481934516023,nan,nan,192.5,0.7230632156492349,98.5,sunframe,300.0,-0.66,0.36558457914920417,nan,0.3667077240054556,nan
0.0,114725041.61620264,101356528.74912858,inf,0.0,1.1318959225622551,1415607.0762211613,0.8800949142033618,nan,nan,192.5,0.7226067566580737,98.5,sunframe,300.0,-0.64,0.3426732655448546,nan,0.34369218262549817,nan
0.0,107453558.43339643,94800206.96648124,inf,0.0,1.1334738801929944,1323888.7735564378,0.880147241683578,nan,nan,192.5,0.7221029739802959,98.5,sunframe,300.0,-0.62,0.32050719274274175,nan,0.3214240941431402,nan
0.0,100424071.726611,88464313.87901337,inf,0.0,1.1351930210407122,1235249.0966634755,0.8802060229325412,nan,nan,192.5,0.7215451723519707,98.5,sunframe,300.0,-0.6,0.29908636074286576,nan,0.29990345855838163,nan
0.0,93636581.49584647,82348849.48672497,inf,0.0,1.1370721276554219,1149688.045542275,0.880272265019532,nan,nan,192.5,0.7209254393563365,98.5,sunframe,300.0,-0.58,0.2784107695452266,nan,0.27913027587122263,nan
0.0,87091087.74110276,76453813.78961603,inf,0.0,1.1391333332403553,1067205.6201928363,0.8803471719614363,nan,nan,192.5,0.7202343719904706,98.5,sunframe,300.0,-0.56,0.2584804191498242,nan,0.25910454608166317,nan
0.0,80787590.46237987,70779206.78768653,inf,0.0,1.141402879870003,987801.8206151584,0.8804321918247188,nan,nan,192.5,0.7194607293613715,98.5,sunframe,300.0,-0.54,0.2392953095566585,nan,0.23982626918970298,nan
0.0,74726089.65967785,65325028.48093651,inf,0.0,1.143912086949718,911476.6468092424,0.8805290773125749,nan,nan,192.5,0.718590987988247,98.5,sunframe,300.0,-0.52,0.22085544076572972,nan,0.22129544519534236,nan
0.0,68906585.33299667,60091278.86936596,inf,0.0,1.1466985996885595,838230.0987750879,0.8806399643806916,nan,nan,192.5,0.7176087674943212,98.5,sunframe,300.0,-0.5,0.2031608127770377,nan,0.2035120740985812,nan
0.0,63329077.48233632,55077957.95297484,inf,0.0,1.1498080146037046,768062.1765126952,0.8807674752016654,nan,nan,192.5,0.7164940820957493,98.5,sunframe,300.0,-0.48,0.18621142559058243,nan,0.1864761558994196,nan
0.0,57993566.10769682,50285065.7317632,inf,0.0,1.1532960186838226,700972.8800220634,0.8809148543724274,nan,nan,192.5,0.7152223554686798,98.5,sunframe,300.0,-0.46,0.17000727920636396,nan,0.17018769059785732,nan
0.0,52900051.20907819,45712602.205731034,inf,0.0,1.1572312372636284,636962.2093031937,0.881086151037458,nan,nan,192.5,0.7137631105758447,98.5,sunframe,300.0,-0.44,0.15454837362438237,nan,0.15464667819389466,nan
0.0,48048532.786480375,41360567.37487832,inf,0.0,1.161699073201404,576030.1643560856,0.8812864652241683,nan,nan,192.5,0.7120782076129601,98.5,sunframe,300.0,-0.42,0.13983470884463753,nan,0.13985311868753147,nan
0.0,43439010.83990341,37228961.23920506,inf,0.0,1.1668069533500351,518176.7451807386,0.8815222851803084,nan,nan,188.0,0.7100627511129379,98.5,sunframe,300.0,-0.4,0.12586628486712947,nan,0.12580701207876768,nan
0.0,39071485.36934729,33317783.79871127,inf,0.0,1.1726916053419667,463401.9517771533,0.8818019555331255,nan,nan,188.0,0.7074198778706261,98.5,sunframe,300.0,-0.38,0.11264310169185822,nan,0.1125083583676034,nan
0.0,34945956.37481201,29627035.053396937,inf,0.0,1.1795293154319613,411705.78414532956,0.882136336411351,nan,nan,188.0,0.7043133869584729,98.5,sunframe,300.0,-0.36,0.10016515931882375,nan,0.09995715755403858,nan
0.0,31062423.856297605,26156715.003262095,inf,0.0,1.1875506481767186,363088.2422852677,0.8825397459190122,nan,nan,188.0,0.700629434674219,98.5,sunframe,300.0,-0.34,0.08843245774802619,nan,0.08815340963807335,nan
0.0,27420887.813804,22906823.64830668,inf,0.0,1.1970619861925296,317549.3261969672,0.8830313304583022,nan,nan,188.0,0.6962177210415929,98.5,sunframe,300.0,-0.32,0.07744499697946529,nan,0.07709711461970754,nan
0.0,24021348.247331258,19877360.98853074,inf,0.0,1.208477738125881,275089.03588042804,0.8836370931771022,nan,nan,188.0,0.6908769555716441,98.5,sunframe,300.0,-0.3,0.06720277701314124,nan,0.06678827249894116,nan
0.0,20863805.15687934,17068327.023934238,inf,0.0,1.2223696632729648,235707.37133565027,0.8843929546629631,nan,nan,188.0,0.6843333730842933,98.5,sunframe,300.0,-0.28,0.057705797849053914,nan,0.05722688327577423,nan
0.0,17948258.542448275,14479721.754517214,inf,0.0,1.2395444364701957,199404.3325626341,0.885349465484818,nan,nan,188.0,0.6762084647381625,98.5,sunframe,300.0,-0.26,0.04895405948720343,nan,0.04841294695020679,nan
0.0,15274708.404038051,12111545.180279648,inf,0.0,1.2611692543498705,166179.9195613794,0.8865792152093681,nan,nan,186.0,0.6658530758592666,98.5,sunframe,300.0,-0.24,0.040947561927589735,nan,0.04034646352223881,nan
0.0,12843154.74164867,9963797.301221538,inf,0.0,1.288981936643184,136034.1323318864,0.8881887238666809,nan,nan,184.0,0.6517911646138806,98.5,sunframe,300.0,-0.22,0.033686305170212816,nan,0.03302743299187033,nan
0.0,10653597.555280145,8036478.117342909,inf,0.0,1.32565501949037,108966.97087415497,0.8903378836345888,nan,nan,184.0,0.6333577952754791,98.5,sunframe,300.0,-0.2,0.027170289215072755,nan,0.026455855359101353,nan
0.0,8706036.844932437,6329587.628643714,inf,0.0,1.3754508754305597,84978.43518818496,0.8932721295711479,nan,nan,180.0,0.6075840751068112,98.5,sunframe,300.0,-0.18,0.0213995140621694,nan,0.020631730623931824,nan
0.0,7000472.610605583,4843125.835123992,inf,0.0,1.4454451213792094,64068.525273976265,0.8973754436341872,nan,nan,180.0,0.573058920108051,98.5,sunframe,300.0,-0.16,0.016373979711502878,nan,0.015555058786361717,nan
0.0,5536904.85229959,3577092.736783745,inf,0.0,1.5478784755460273,46237.241131529445,0.9032536544140646,nan,nan,176.5,0.5253320524933586,98.5,sunframe,300.0,-0.14,0.012093686163073197,nan,0.011225839846391169,nan
0.0,4315333.570014405,2531488.3336229306,inf,0.0,1.7046626337157678,31484.582760843987,0.9118431652078356,nan,nan,176.5,0.46087235841260255,98.5,sunframe,300.0,-0.12,0.008558633416880214,nan,0.007644073804020057,nan
0.0,3335758.763750097,1706312.625641604,inf,0.0,1.954951697374795,19810.550161920397,0.9244481323608711,nan,nan,172.0,0.37515212911316986,98.5,sunframe,300.0,-0.1,0.005768821472924116,nan,0.004809760659248502,nan
0.0,3335758.763750097,1706312.625641604,inf,0.0,1.954951697374795,19810.550161920397,0.9244481323608711,nan,nan,172.0,0.37515212911316986,98.5,sunframe,300.0,-0.1,0.005768821472924116,nan,0.004809760659248502,nan
0.0,3251111.0893048076,1635918.6330783407,inf,0.0,1.9873305576250617,18812.471319474833,0.9259832554782627,nan,nan,172.0,0.36538622599183723,98.5,sunframe,300.0,-0.098,0.005530828522651527,nan,0.004567439254139296,nan
0.0,3168883.379619738,1567728.9274668791,inf,0.0,2.0213209848337677,17845.17873474665,0.9275726294517336,nan,nan,172.0,0.3554467390566828,98.5,sunframe,300.0,-0.096,0.0053002879804013294,nan,0.004332592378006028,nan
0.0,3089075.634694854,1501743.5088071916,inf,0.0,2.0569928330494016,16908.67240773634,0.9292167975782899,nan,nan,172.0,0.3453435258757812,98.5,sunframe,300.0,-0.094,0.00507719984617343,nan,0.004105220030848817,nan
0.0,3011687.8545302087,1437962.3770993245,inf,0.0,2.0944135274285984,16002.95233844398,0.9309160327367064,nan,nan,172.0,0.3350882795737183,98.5,sunframe,300.0,-0.092,0.004861564119967987,nan,0.0038853222126676826,nan
0.0,2936720.039125747,1376385.532343231,inf,0.0,2.1336464022010757,15128.018526868584,0.9326702884235478,nan,nan,170.5,0.3246839093837283,98.5,sunframe,300.0,-0.09,0.004653380801784839,nan,0.0036728989234623846,nan
0.0,2864172.188481497,1317012.974538935,inf,0.0,2.1747486500535027,14283.870973011157,0.9344791449595867,nan,nan,170.5,0.31410890414269343,98.5,sunframe,300.0,-0.088,0.004452649891624071,nan,0.003467950163233167,nan
0.0,2794044.302597456,1259844.7036864355,inf,0.0,2.217768820571134,13470.509676871417,0.9363417509759198,nan,nan,170.5,0.3034340664863575,98.5,sunframe,300.0,-0.086,0.004259371389485675,nan,0.003270475931979962,nan
0.0,2726336.381473627,1204880.7197857322,inf,0.0,2.2627438025221784,12687.93463844915,0.9382567604765113,nan,nan,170.5,0.29268005327990676,98.5,sunframe,300.0,-0.084,0.004073545295369654,nan,0.0030804762297027164,nan
0.0,2661048.4251100104,1152121.0228368263,inf,0.0,2.309695225036174,11936.145857744434,0.9402222660092074,nan,nan,170.5,0.2818700200865397,98.5,sunframe,300.0,-0.082,0.003895171609276009,nan,0.002897951056401451,nan
0.0,2598180.4335066024,1101565.6128397165,inf,0.0,2.3586252178013942,11215.143334757377,0.9422357287646849,nan,nan,170.5,0.2710297229369266,98.5,sunframe,300.0,-0.08,0.0037242503312047382,nan,0.0027229004120761903,nan
0.0,2598180.4335066024,1101565.6128397165,inf,0.0,2.3586252178013942,11215.143334757377,0.9422357287646849,nan,nan,170.5,0.2710297229369266,98.5,sunframe,300.0,-0.08,0.0037242503312047382,nan,0.0027229004120761903,nan
0.0,2537732.4066634052,1053214.4897944045,inf,0.0,2.4095114824700046,10524.927069488302,0.9442939067644384,nan,nan,170.5,0.26018759883977893,98.5,sunframe,300.0,-0.078,0.0035607814611558456,nan,0.0025553242967270135,nan
0.0,2479704.34458042,1007067.653700889,inf,0.0,2.462301649216629,9865.497061936794,0.9463927826940005,nan,nan,170.5,0.24937481962771188,98.5,sunframe,300.0,-0.076,0.0034047649991293272,nan,0.00239522271035382,nan
0.0,2424096.247257646,963125.1045591703,inf,0.0,2.516906927026031,9236.85331210285,0.9485274933806893,nan,nan,170.5,0.23862531336574258,98.5,sunframe,300.0,-0.074,0.0032562009451251846,nan,0.0022425956529566085,nan
0.0,2370908.114695055,921386.8423692245,inf,0.0,2.573195107278261,8638.99581998607,0.9506922633952978,nan,nan,170.5,0.2279757473074089,98.5,sunframe,300.0,-0.072,0.0031150892991433365,nan,0.0020974431245352823,nan
0.0,2320139.946892686,881852.8671310828,inf,0.0,2.6309830509943897,8071.924585587071,0.952880345755689,nan,nan,170.5,0.21746546630905159,98.5,sunframe,300.0,-0.07,0.002981430061183888,nan,0.001959765125089991,nan
0.0,2271791.743850518,844523.178844732,inf,0.0,2.6900288834679733,7535.63960890584,0.9550839732001727,nan,nan,170.5,0.20713638075077132,98.5,sunframe,300.0,-0.068,0.002855223231246795,nan,0.0018295616546207313,nan
0.0,2225863.505568587,809397.7775102009,inf,0.0,2.750024237051398,7030.140889942252,0.9572943239428416,nan,nan,170.5,0.19703279840946286,98.5,sunframe,300.0,-0.066,0.002736468809332155,nan,0.0017068327131274734,nan
0.0,2182355.23204684,776476.663127441,inf,0.0,2.8105870217102145,6555.428428696461,0.9595015061753358,nan,nan,170.5,0.18720119542618135,98.5,sunframe,300.0,-0.064,0.0026251667954398034,nan,0.0015915783006102543,nan
0.0,2141266.9232852883,745759.8356964663,inf,0.0,2.871255357008541,6111.502225167308,0.9616945657839595,nan,nan,170.5,0.17768992254212265,98.5,sunframe,300.0,-0.062,0.0025213171895697886,nan,0.0014837984170687926,nan
0.0,2102598.5792839914,717247.2952173252,inf,0.0,2.9314834552940434,5698.362279357238,0.9638615217460808,nan,nan,170.5,0.16854884416791135,98.5,sunframe,300.0,-0.06,0.002424919991722273,nan,0.001383493062503682,nan
0.0,2102598.5792839914,717247.2952173252,inf,0.0,2.9314834552940434,5698.362279357238,0.9638615217460808,nan,nan,170.5,0.16854884416791135,98.5,sunframe,300.0,-0.06,0.002424919991722273,nan,0.001383493062503682,nan
0.0,2066350.2000428606,690939.0416899434,inf,0.0,2.990640382672323,5316.008591263755,0.965989433391224,nan,nan,170.5,0.15982890960367074,98.5,sunframe,300.0,-0.058,0.002335975201897006,nan,0.0012906622369143169,nan
0.0,2032521.7855619588,666835.0751143715,inf,0.0,3.048012711708893,4964.441160888212,0.9680645031012025,nan,nan,170.5,0.15158165782999428,98.5,sunframe,300.0,-0.056,0.0022544828200941587,nan,0.001205305940301025,nan
0.0,2001113.3358412501,644935.3954905837,inf,0.0,3.102812079834851,4643.659988230249,0.9700722170340648,nan,nan,170.5,0.14385865969467868,98.5,sunframe,300.0,-0.054,0.002180442846313644,nan,0.0011274241726637194,nan
0.0,1972124.85088077,625240.0028186057,inf,0.0,3.154188538785676,4353.665073289945,0.9719975250656906,nan,nan,170.5,0.1367109039617426,98.5,sunframe,300.0,-0.052,0.002113855280555549,nan,0.001057016934002419,nan
0.0,1945556.330680483,607748.8970984111,inf,0.0,3.201250286046088,4094.456416067113,0.9738250593618463,nan,nan,170.5,0.1301881364607209,98.5,sunframe,300.0,-0.05,0.002054720122819783,nan,0.0009940842243170787,nan
0.0,1921407.7752403992,592462.0783300041,inf,0.0,3.243089887974511,3866.034016561941,0.9755393888762048,nan,nan,170.5,0.12433816434867948,98.5,sunframe,300.0,-0.048,0.002003037373106362,nan,0.0009386260436077441,nan
0.0,1899679.1845605336,579379.5465134036,inf,0.0,3.27881644423322,3668.3978747745637,0.9771253047193755,nan,nan,170.5,0.11920614011899608,98.5,sunframe,300.0,-0.046,0.001958807031415349,nan,0.0008906423918744477,nan
0.0,1880370.5586408814,568501.3016485987,inf,0.0,3.307592354121246,3501.5479907048166,0.9785681289129986,nan,nan,170.5,0.11483384229054315,98.5,sunframe,300.0,-0.044,0.001922029097746707,nan,0.0008501332691171498,nan
0.0,1863481.8974814285,559827.3437355821,inf,0.0,3.328672524365993,3365.4843643522768,0.9798540367268209,nan,nan,170.5,0.11125897151370136,98.5,sunframe,300.0,-0.042,0.0018927035721004115,nan,0.0008170986753357474,nan
0.0,1849013.2010821968,553357.6727743719,inf,0.0,3.3414431425732127,3260.2069957177696,0.9809703808190484,nan,nan,170.5,0.10851448197086752,98.5,sunframe,300.0,-0.04,0.0018708304544765243,nan,0.0007915386105304412,nan
0.0,1849013.2010821968,553357.6727743719,inf,0.0,3.3414431425732127,3260.2069957177696,0.9809703808190484,nan,nan,170.5,0.10851448197086752,98.5,sunframe,300.0,-0.04,0.0018708304544765243,nan,0.0007915386105304412,nan
0.0,1836964.4694431506,549092.2887649337,inf,0.0,3.3454566873904046,3185.7158848007484,0.9819060039891746,nan,nan,170.5,0.10662796828795137,98.5,sunframe,300.0,-0.038,0.0018564097448749283,nan,0.0007734530747010984,nan
0.0,1827335.7025643133,547031.1917072937,inf,0.0,3.3404597951008372,3142.0110316009846,0.9826515267127128,nan,266.0404154865415,170.5,0.10562112761043005,98.5,sunframe,300.0,-0.036,0.0018494414432957125,nan,0.0007628420678476634,nan
0.0,1820126.9004457148,547174.381601474,inf,0.0,3.326411033935021,3129.0924361194043,0.9831995959086215,nan,266.5801277005257,170.5,0.10550931498381513,98.5,sunframe,300.0,-0.034,0.0018499255497389513,nan,0.0007597055899703611,nan
0.0,1815338.0630873004,549521.8584474277,inf,0.0,3.3034865404921323,3146.9600983550804,0.9835450826605784,nan,267.15943229745,170.5,0.10630120773107833,98.5,sunframe,300.0,-0.032,0.0018578620642044866,nan,0.0007640436410689664,nan
0.0,1812969.190489098,554073.6222451769,inf,0.0,3.272072731314506,3195.6140183084444,0.9836852188397611,nan,267.77893296111426,170.5,0.10799859122137871,98.5,sunframe,300.0,-0.03,0.0018732509866923926,nan,0.0007758562211435841,nan
0.0,1813020.282651104,560829.672994723,inf,0.0,3.2327467142919226,3275.054195979252,0.9836196656201368,nan,268.43964663514663,170.5,0.11059627442226781,98.5,sunframe,300.0,-0.028,0.0018960923172026743,nan,0.000795143330194155,nan
0.0,1815491.339573323,569790.0106960682,inf,0.0,3.1862463460099595,3385.2806313680276,0.9833505105019514,nan,269.1408804018545,170.5,0.11408213912867975,98.5,sunframe,300.0,-0.026,0.0019263860557353393,nan,0.0008219049682208062,nan
0.0,1820382.3612557524,580954.6353492076,inf,0.0,3.13343288871692,3526.2933244743226,0.9828821933595646,nan,269.88352766746186,170.5,0.11843732201098588,98.5,sunframe,300.0,-0.024,0.0019641322022903706,nan,0.0008561411352234289,nan
0.0,1827693.3476983937,594323.5469541441,inf,0.0,3.075249764316358,3698.092275298384,0.9822213658668125,nan,270.66734197319136,170.5,0.1236365238924437,98.5,sunframe,300.0,-0.022,0.0020093307568677787,nan,0.0008978518312020829,nan
0.0,1837424.2989012173,609896.7455108557,inf,0.0,3.012680937266147,3900.677483839684,0.9813766920972925,nan,271.4928024350869,170.5,0.12964843622115185,98.5,sunframe,300.0,-0.02,0.0020619817194674882,nan,0.0009470370561566404,nan
0.0,1837424.2989012173,609896.7455108557,inf,0.0,3.012680937266147,3900.677483839684,0.9813766920972925,nan,271.4928024350869,170.5,0.12964843622115185,98.5,sunframe,300.0,-0.02,0.0020619817194674882,nan,0.0009470370561566404,nan
0.0,1849575.2148642808,627674.2310193855,inf,0.0,2.946712041787099,4134.048950098783,0.9803586008694627,nan,nan,172.0,0.1364127002230069,98.5,sunframe,300.0,-0.018,0.002122085090089646,nan,0.0010036968100872372,nan
0.0,1864146.0955875535,647656.0034797129,inf,0.0,2.8782966352074366,4398.20667407565,0.9791790023107606,nan,nan,172.0,0.14388941505119288,98.5,sunframe,300.0,-0.016,0.0021896408687341815,nan,0.0010678310929938656,nan
0.0,1881136.9410710114,669842.0628918144,inf,0.0,2.8083290752895467,4693.150655769941,0.9778509820560712,nan,nan,172.0,0.15204789995067,98.5,sunframe,300.0,-0.014,0.0022646490554010155,nan,0.0011394399048764428,nan
0.0,1900547.7513146894,694232.409255721,inf,0.0,2.7376246426643287,5018.880895181893,0.976388486482587,nan,nan,172.0,0.16083826055086295,98.5,sunframe,300.0,-0.012,0.0023471096500902533,nan,0.0012185232457350254,nan
0.0,1922378.5263185687,720827.0425714167,inf,0.0,2.6669067789976912,5375.397392311471,0.9748060115163194,nan,nan,172.0,0.1702079882175083,98.5,sunframe,300.0,-0.01,0.00243702265280184,nan,0.0013050811155696056,nan
0.0,1946629.266082659,749625.9628389078,inf,0.0,2.596800754753185,5762.700147158628,0.9731183059951946,nan,nan,172.0,0.18010273116512857,98.5,sunframe,300.0,-0.008,0.0025343880635357975,nan,0.0013991135143801715,nan
0.0,1973299.9706069708,780629.1700582048,inf,0.0,2.527832735817237,6180.789159723618,0.9713400985505309,nan,nan,172.0,0.19046704745213422,98.5,sunframe,300.0,-0.006,0.002639205882292161,nan,0.0015006204421667852,nan
0.0,2002390.6398914822,813836.6642292904,inf,0.0,2.4604330671041486,6629.664430006062,0.9694858546937043,nan,nan,172.0,0.20124512279632287,98.5,sunframe,300.0,-0.004,0.0027514761090708727,nan,0.0016096018989293543,nan
0.0,2033901.273936189,849248.4453521586,inf,0.0,2.3949425931451533,7109.3259580058875,0.9675695684749835,nan,nan,172.0,0.21238143889870884,98.5,sunframe,300.0,-0.002,0.002871198743871911,nan,0.0017260578846678618,nan
0.0,2067831.872741124,886864.5134268368,inf,0.0,2.3316209425846113,7619.7737437235555,0.9656045908897098,nan,nan,172.0,0.22382138099538418,98.5,sunframe,300.0,0.0,0.0029983737866953694,nan,0.001849988399382419,nan
0.0,2067831.872741124,886864.5134268368,inf,0.0,2.3316209425846113,7619.7737437235555,0.9656045908897098,nan,nan,172.0,0.22382138099538418,98.5,sunframe,300.0,0.0,0.0029983737866953694,nan,0.001849988399382419,nan
0.0,2104182.4363062507,926684.8684532963,inf,0.0,2.270655870121504,8161.007787158729,0.9636034952720475,nan,nan,172.0,0.23551177648345845,98.5,sunframe,300.0,0.002,0.0031330012375411507,nan,0.0019813934430729443,nan
0.0,2142952.9646316087,968709.5104315707,inf,0.0,2.212172938899815,8733.028088311885,0.9615779783194338,nan,nan,178.5,0.2473851624344859,98.5,sunframe,300.0,0.004,0.0032750810964093688,nan,0.0021202730157395535,nan
0.0,2184143.4577171574,1012938.4393616236,inf,0.0,2.156245012375731,9335.834647182297,0.9595387941681836,nan,nan,178.5,0.259002797004028,98.5,sunframe,300.0,0.006,0.0034246133632999,nan,0.00226662711738207,nan
0.0,2227753.9155629114,1059371.655243469,inf,0.0,2.10290119103755,9969.427463770135,0.9574957180910652,nan,nan,178.5,0.27069044185619534,98.5,sunframe,300.0,0.008,0.0035815980382127924,nan,0.002420455748000536,nan
0.0,2273784.3381688823,1108009.1580771164,inf,0.0,2.0521349680131697,10633.806538075987,0.9554575358822586,nan,nan,178.5,0.2824061418383442,98.5,sunframe,300.0,0.01,0.0037460351211480777,nan,0.002581758907595093,nan
0.0,2322234.7255350635,1158850.9478625602,inf,0.0,2.003911486475723,11328.97187009931,0.9534320547859986,nan,nan,178.5,0.2941112704672832,98.5,sunframe,300.0,0.012,0.0039179246121057365,nan,0.00275053659616561,nan
0.0,2373105.0776614514,1211897.0245997955,inf,0.0,1.9581738625401126,12054.923459840242,0.9514261318557731,nan,nan,178.5,0.3057705771931652,98.5,sunframe,300.0,0.014,0.004097266511085753,nan,0.0029267888137121194,nan
0.0,2426395.394548055,1267147.3882888334,inf,0.0,1.914848593757258,12811.661307298844,0.9494457158420139,nan,nan,178.5,0.3173521781055584,98.5,sunframe,300.0,0.016,0.004284060818088165,nan,0.0031105155602346377,nan
0.0,2482105.676194845,1324602.038929645,inf,0.0,1.8738501098794396,13599.185412474868,0.947495899042065,nan,nan,178.5,0.328827498553268,98.5,sunframe,300.0,0.018,0.004478307533112874,nan,0.0033017168357331035,nan
0.0,2540235.9226018433,1384260.9765222552,inf,0.0,1.8350845438002585,14417.495775368656,0.9455809759578988,nan,nan,178.5,0.3401711760158029,98.5,sunframe,300.0,0.02,0.0046800066561599645,nan,0.0035003926402076,nan
0.0,2540235.9226018433,1384260.9765222552,inf,0.0,1.8350845438002585,14417.495775368656,0.9455809759578988,nan,nan,178.5,0.3401711760158029,98.5,sunframe,300.0,0.02,0.0046800066561599645,nan,0.0035003926402076,nan
0.0,2600786.1337690824,1446124.2010666835,inf,0.0,1.7984528105198034,15266.592395980251,0.9437045060539005,nan,nan,178.5,0.35136093117731965,98.5,sunframe,300.0,0.022,0.004889158187229502,nan,0.0037065429736581382,nan
0.0,2663756.3096965034,1510191.7125628865,inf,0.0,1.7638530840405342,16146.475274309076,0.9418693783577371,nan,nan,178.5,0.3623774145814264,98.5,sunframe,300.0,0.024,0.00510576212632134,nan,0.003920167836084578,nan
0.0,2729146.4503841368,1576463.5110108862,inf,0.0,1.7311827589552695,17057.144410355773,0.940077876078699,nan,nan,178.5,0.37320403554928666,98.5,sunframe,300.0,0.026,0.005329818473435553,nan,0.004141267227487074,nan
0.0,2796956.555831982,1644939.5964106815,inf,0.0,1.700339977185207,17998.59980411989,0.9383317398148276,nan,nan,178.5,0.38382677927768244,98.5,sunframe,300.0,0.028,0.005561327228572137,nan,0.004369841147865518,nan
0.0,2867186.626040037,1715619.9687622753,inf,0.0,1.67122479234638,18970.841455601923,0.9366322282732673,nan,nan,178.5,0.39423401724213486,98.5,sunframe,300.0,0.03,0.005800288391731103,nan,0.00460588959722003,nan
0.0,2939836.661008302,1788504.6280656662,inf,0.0,1.6437400356004916,19973.869364801518,0.9349801757338705,nan,nan,178.5,0.4044163152472977,98.5,sunframe,300.0,0.032,0.006046701962912445,nan,0.004849412575550522,nan
0.0,3014906.660736779,1863593.5743208518,inf,0.0,1.6177919382639532,21007.683531718667,0.9333760457433216,nan,nan,184.0,0.4140380291063076,98.5,sunframe,300.0,0.034,0.006300567942116156,nan,0.005100410082856995,nan
0.0,3092396.625225442,1940886.8075278131,inf,0.0,1.5932905583321235,22072.283956353098,0.9318199807384706,nan,nan,184.0,0.4232888437482859,98.5,sunframe,300.0,0.036,0.00656188632934217,nan,0.005358882119139383,nan
0.0,3172306.554474341,2020384.3276865934,inf,0.0,1.5701500506622603,23167.670638705866,0.9303118474667207,nan,nan,184.0,0.43229445759069524,98.5,sunframe,300.0,0.038,0.006830657124590634,nan,0.0056248286843979395,nan
0.0,3254636.4484834503,2102086.134797172,inf,0.0,1.548288813958371,24293.84357877582,0.9288512782030541,nan,nan,184.0,0.4410538934054627,98.5,sunframe,300.0,0.04,0.00710688032786148,nan,0.005898249778632387,nan
0.0,3254636.4484834503,2102086.134797172,inf,0.0,1.548288813958371,24293.84357877582,0.9288512782030541,nan,nan,184.0,0.4410538934054627,98.5,sunframe,300.0,0.04,0.00710688032786148,nan,0.005898249778632387,nan
0.0,3339386.3072527456,2185992.2288595224,inf,0.0,1.527629541938021,25450.802776563316,0.927437707862583,nan,nan,184.0,0.4495673557074278,98.5,sunframe,300.0,0.042,0.007390555939154615,nan,0.006179145401842811,nan
0.0,3426556.1307822606,2272102.609873677,inf,0.0,1.5080992011064007,26638.548232068504,0.9260704071795836,nan,nan,184.0,0.45783607808538107,98.5,sunframe,300.0,0.044,0.007681683958470152,nan,0.00646751555402925,nan
0.0,3516145.9190719756,2360417.2778396243,inf,0.0,1.4896289533561344,27857.07994529133,0.924748512173409,nan,nan,184.0,0.4658621829711762,98.5,sunframe,300.0,0.046,0.00798026438580805,nan,0.006763360235191688,nan
0.0,3608155.6721219053,2450936.232757365,inf,0.0,1.4721540380765596,29106.397916231606,0.9234710501529082,nan,nan,184.0,0.47364855366282693,98.5,sunframe,300.0,0.048,0.00828629722116831,nan,0.00706667944533008,nan
0.0,3702585.389932049,2543659.47462691,inf,0.0,1.4556136255129528,30386.50214488958,0.9222369625278852,nan,nan,184.0,0.4811987182287326,98.5,sunframe,300.0,0.05,0.008599782464550973,nan,0.007377473184444487,nan
0.0,3799435.072502399,2638587.003448246,inf,0.0,1.4399506506842847,31697.39263126551,0.9210451247018868,nan,nan,184.0,0.4885167447810524,98.5,sunframe,300.0,0.052,0.008920720115955991,nan,0.007695741452534973,nan
0.0,3898704.7198329414,2735718.819221362,inf,0.0,1.425111635172575,33039.06937535845,0.9198943633180466,nan,nan,184.0,0.49560714750892687,98.5,sunframe,300.0,0.054,0.009249110175383327,nan,0.008021484249601306,nan
0.0,4000394.3319237144,2835054.921946291,inf,0.0,1.4110465024703676,34411.532377169395,0.918783471121111,nan,nan,186.0,0.5023605222581582,98.5,sunframe,300.0,0.056,0.009584952642833093,nan,0.008354701575643728,nan
0.0,4104503.908774677,2936595.311623001,inf,0.0,1.3977083912546993,35814.78163669773,0.9177112196859966,nan,nan,186.0,0.5088705409301862,98.5,sunframe,300.0,0.058,0.009928247518305183,nan,0.00869539343066209,nan
0.0,4211033.450385871,3040339.988251525,inf,0.0,1.3850534698942019,37248.81715394406,0.9166763702476922,nan,nan,186.0,0.5151705313049949,98.5,sunframe,300.0,0.06,0.010278994801799704,nan,0.00904355981465654,nan
0.0,4211033.450385871,3040339.988251525,inf,0.0,1.3850534698942019,37248.81715394406,0.9166763702476922,nan,nan,186.0,0.5151705313049949,98.5,sunframe,300.0,0.06,0.010278994801799704,nan,0.00904355981465654,nan
0.0,4319982.956757232,3146288.9518318055,inf,0.0,1.37304075464591,38713.638928907385,0.9156776828502395,nan,nan,188.0,0.5211402257318071,98.5,sunframe,300.0,0.062,0.010637194493316467,nan,0.009399200727626832,nan
0.0,4431352.427888846,3254442.2023639213,inf,0.0,1.361631933321801,40209.24696158912,0.9147139240147054,nan,nan,188.0,0.526904898901657,98.5,sunframe,300.0,0.064,0.011002846592855732,nan,0.009762316169573314,nan
0.0,4545141.863780655,3364799.7398478203,inf,0.0,1.3507911956704497,41735.64125198791,0.9137838731082575,nan,nan,188.0,0.53247945529038,98.5,sunframe,300.0,0.066,0.011375951100417328,nan,0.010132906140495654,nan
0.0,4661351.264432649,3477361.5642834916,inf,0.0,1.3404850712994862,43292.82180010444,0.912886327578971,nan,nan,188.0,0.5378698354707889,98.5,sunframe,300.0,0.068,0.011756508016001217,nan,0.010510970640394017,nan
0.0,4779980.629844879,3592127.6756709814,inf,0.0,1.3306822756382164,44880.78860593861,0.9120201072043628,nan,nan,188.0,0.5430819400711633,98.5,sunframe,300.0,0.07,0.012144517339607554,nan,0.010896509669268384,nan
0.0,4901029.960017311,3709098.0740102627,inf,0.0,1.3213535641882708,46499.5416694905,0.9111840574859236,nan,nan,188.0,0.5481216055810408,98.5,sunframe,300.0,0.072,0.01253997907123625,nan,0.01128952322711877,nan
0.0,5024499.254949965,3828272.7593013477,inf,0.0,1.3124715951187673,48149.08099076017,0.9103770523073011,nan,nan,188.0,0.552994584172313,98.5,sunframe,300.0,0.074,0.012942893210887343,nan,0.011690011313945191,nan
0.0,5150388.514642799,3949651.7315442055,inf,0.0,1.3040108001191129,49829.406569746956,0.9095979959603169,nan,nan,188.0,0.5577065270577538,98.5,sunframe,300.0,0.076,0.013353259758560729,nan,0.012097973929747484,nan
0.0,5278697.739095848,4073234.990738862,inf,0.0,1.29594726331719,51540.51840645126,0.9088458246307426,nan,nan,188.0,0.56226297095421,98.5,sunframe,300.0,0.078,0.0137710787142565,nan,0.012513411074525749,nan
0.0,5409426.928309109,4199022.536885315,inf,0.0,1.288258607995381,53282.41650087353,0.9081195074245613,nan,nan,188.0,0.5666693272606103,98.5,sunframe,300.0,0.08,0.01419635007797464,nan,0.012936322748280094,nan
0.0,5409426.928309109,4199022.536885315,inf,0.0,1.288258607995381,53282.41650087353,0.9081195074245613,nan,nan,188.0,0.5666693272606103,98.5,sunframe,300.0,0.08,0.01419635007797464,nan,0.012936322748280094,nan
0.0,5542576.082282578,4327014.369983563,inf,0.0,1.2809238907851448,55055.10085301334,0.9074180470054836,nan,nan,188.0,0.5709308736007255,98.5,sunframe,300.0,0.082,0.014629073849715157,nan,0.013366708951010416,nan
0.0,5678145.2010162575,4457210.490033609,inf,0.0,1.2739235029875025,56858.571462871,0.9067404799054112,nan,nan,188.0,0.5750527474178384,98.5,sunframe,300.0,0.084,0.015069250029478048,nan,0.013804569682716789,nan
0.0,5816134.284510148,4589610.897035452,inf,0.0,1.2672390786475907,58692.82833044611,0.9060858765616042,nan,nan,188.0,0.5790399413422348,98.5,sunframe,300.0,0.086,0.015516878617263315,nan,0.014249904943399117,nan
0.0,5956543.332764253,4724215.590989092,inf,0.0,1.260853409003113,60557.871455738845,0.9054533411271037,nan,nan,188.0,0.5828973000838581,98.5,sunframe,300.0,0.088,0.015971959613070963,nan,0.014702714733057442,nan
0.0,6099372.345778566,4861024.571894527,inf,0.0,1.2547503629263506,62453.7008387491,0.9048420110947527,nan,nan,188.0,0.5866295186305593,98.5,sunframe,300.0,0.09,0.016434493016900975,nan,0.01516299905169174,nan
0.0,6244621.32355309,5000037.839751761,inf,0.0,1.2489148129853191,64380.316479477435,0.9042510567695234,nan,nan,188.0,0.5902411415581283,98.5,sunframe,300.0,0.092,0.016904478828753372,nan,0.015630757899302142,nan
0.0,6392290.266087798,5141255.394560769,inf,0.0,1.2433325667599728,66337.71837792253,0.9036796806190361,nan,nan,188.0,0.5937365632814056,98.5,sunframe,300.0,0.094,0.017381917048628067,nan,0.016105991275888333,nan
0.0,6542379.173382746,5284677.236321596,inf,0.0,1.2379903030627797,68325.9065340859,0.9031271165278183,nan,nan,188.0,0.5971200290965606,98.5,sunframe,300.0,0.096,0.017866807676525213,nan,0.01658869918145068,nan
0.0,6694888.045437875,5430303.3650341965,inf,0.0,1.2328755127285076,70344.88094796671,0.9025926289771823,nan,nan,188.0,0.600395636883165,98.5,sunframe,300.0,0.098,0.018359150712444653,nan,0.01707888161598898,nan
0.0,6849816.882253228,5578133.780698601,inf,0.0,1.2279764436548457,72394.64161956523,0.9020755121692707,nan,nan,192.5,0.6035524101898859,98.5,sunframe,300.0,0.1,0.018858946156386492,nan,0.017576538579503295,nan
0.0,6849816.882253228,5578133.780698601,inf,0.0,1.2279764436548457,72394.64161956523,0.9020755121692707,nan,nan,192.5,0.6035524101898859,98.5,sunframe,300.0,0.1,0.018858946156386492,nan,0.017576538579503295,nan
0.0,8532203.312218163,7177673.719691327,inf,0.0,1.18871428897789,94585.49251001785,0.8977238285652254,nan,nan,192.5,0.6288690233755382,98.5,sunframe,300.0,0.12,0.024266783037035066,nan,0.022964207308325824,nan
0.0,10456586.218203977,8997642.353863543,inf,0.0,1.1621473500459785,119854.96917223246,0.8945175155117764,nan,nan,192.5,0.647574290241226,98.5,sunframe,300.0,0.14,0.030419860719920533,nan,0.029099328934747943,nan
0.0,12622965.600210594,11038039.683215186,inf,0.0,1.143587626288887,148203.07160620822,0.8921003510361443,nan,nan,192.5,0.6616819298382293,98.5,sunframe,300.0,0.16,0.03731817920504268,nan,0.03598190345876944,nan
0.0,15031341.458238067,13298865.707746305,inf,0.0,1.1302724449260837,179629.7998119459,0.8902388966528698,nan,nan,192.5,0.6725320206416172,98.5,sunframe,300.0,0.18,0.04496173849240166,nan,0.04361193088039051,nan
0.0,17681713.792286403,15780120.427456897,inf,0.0,1.1205056307124752,214135.15378944486,0.888777545041281,nan,nan,192.5,0.6810278470330112,98.5,sunframe,300.0,0.2,0.05335053858199749,nan,0.051989411199610994,nan
0.0,20574082.602355555,18481803.84234693,inf,0.0,1.1132074973772115,251719.13353870536,0.8876104011005806,nan,nan,195.0,0.6876813414097424,98.5,sunframe,300.0,0.22,0.062484579473830036,nan,0.06111434441643096,nan
0.0,23708447.888445564,21403915.952416435,inf,0.0,1.1076687060980985,292381.7390597273,0.8866638516489793,nan,nan,195.0,0.6930082595667728,98.5,sunframe,300.0,0.24,0.07236386116789942,nan,0.07098673053085038,nan
0.0,27084809.650556415,24546456.7576654,inf,0.0,1.1034101547914175,336122.970352511,0.8858856641480441,nan,nan,195.0,0.6973739525588601,98.5,sunframe,300.0,0.26,0.08298838366420559,nan,0.08160656954286932,nan
0.0,30703167.88868811,27909426.258093834,inf,0.0,1.1001002888686786,382942.8274170562,0.8852380576208998,nan,nan,195.0,0.7009944061762189,98.5,sunframe,300.0,0.28,0.09435814696274858,nan,0.09297386145248775,nan
0.0,34563522.602840655,31492824.45370173,inf,0.0,1.0975046920181206,432841.310253363,0.8846932144512525,nan,nan,195.0,0.7040289026842985,98.5,sunframe,300.0,0.3,0.10647315106352838,nan,0.10508860625970565,nan
0.0,38665873.79301402,35296651.344489075,inf,0.0,1.0954544502151757,485818.41886143084,0.8842303160734826,nan,nan,195.0,0.7065967604692586,98.5,sunframe,300.0,0.32,0.11933339596654492,nan,0.11795080396452293,nan
0.0,43010221.45920825,39320906.93045589,inf,0.0,1.0938257740412087,541874.1532412607,0.8838335474685727,nan,nan,197.5,0.7087700975302595,98.5,sunframe,300.0,0.34,0.1329388816717983,nan,0.13156045456693977,nan
0.0,47596565.60142327,43565591.211602114,inf,0.0,1.0925265623102034,601008.5133928515,0.883490729177613,nan,nan,197.5,0.7106268943747248,98.5,sunframe,300.0,0.36,0.14728960817928827,nan,0.14591755806695597,nan
0.0,52424906.21965918,48030704.18792786,inf,0.0,1.091487353892175,663221.4993162041,0.8831923632973224,nan,nan,197.5,0.7122388544781508,98.5,sunframe,300.0,0.38,0.16238557548901525,nan,0.1610221144645717,nan
0.0,57495243.31391592,52716245.85943304,inf,0.0,1.090655117347051,728513.1110113184,0.8829309574365114,nan,nan,197.5,0.7136474699113707,98.5,sunframe,300.0,0.4,0.17822678360097893,nan,0.17687412375978698,nan
0.0,62807576.884193525,57622216.2261177,inf,0.0,1.0899889139585979,796883.3484781943,0.882700538444839,nan,nan,197.5,0.7148858147194315,98.5,sunframe,300.0,0.42,0.19481323251517949,nan,0.19347358595260172,nan
0.0,68361906.93049195,62748615.28798182,inf,0.0,1.0894568209473339,868332.2117168314,0.8824962977551909,nan,nan,197.5,0.7159805061207808,98.5,sunframe,300.0,0.44,0.21214492223161685,nan,0.21082050104301586,nan
0.0,74158233.45281123,68095443.04502538,inf,0.0,1.0890337170400237,942859.7007272303,0.882314329358068,nan,nan,197.5,0.716953155264546,98.5,sunframe,300.0,0.46,0.2302218527502909,nan,0.22891486903102953,nan
0.0,80196556.45115134,73662699.49724841,inf,0.0,1.0886996675182532,1020465.8155093908,0.8821514338761502,nan,nan,197.5,0.7178214530920437,98.5,sunframe,300.0,0.48,0.24904402407120177,nan,0.2477566899166427,nan
0.0,86476875.92551231,79450384.64465094,inf,0.0,1.088438732075219,1101150.5560633126,0.8820049704177513,nan,nan,197.5,0.7185999920403204,98.5,sunframe,300.0,0.5,0.2686114361943496,nan,0.2673459636998553,nan
0.0,92999191.87589413,85458498.48723286,inf,0.0,1.0882380748801457,1184913.922388996,0.8818727433845558,nan,nan,197.5,0.7193008942445269,98.5,sunframe,300.0,0.52,0.28892408911973394,nan,0.2876826903806674,nan
0.0,99763504.3022968,91687041.02499431,inf,0.0,1.0880872933297172,1271755.9144864413,0.8817529151410632,nan,nan,197.5,0.7199342964208622,98.5,sunframe,300.0,0.54,0.30998198284735534,nan,0.30876686995907904,nan
0.0,106769813.20472029,98136012.25793521,inf,0.0,1.0879779068675879,1361676.5323556475,0.8816439380214645,nan,nan,197.5,0.7205087274917205,98.5,sunframe,300.0,0.56,0.3317851173772135,nan,0.33059850243509004,nan
0.0,114018118.58316462,104805412.18605556,inf,0.0,1.0879029642167164,1454675.7759966159,0.8815445009393527,nan,nan,197.5,0.7210314051560762,98.5,sunframe,300.0,0.58,0.35433349270930836,nan,0.3531775878087006,nan
0.0,121508420.43762979,111695240.80935535,inf,0.0,1.0878567390800817,1550753.6454093452,0.8814534871278198,nan,nan,197.5,0.7215084706440996,98.5,sunframe,300.0,0.6,0.37762710884364004,nan,0.3765041260799106,nan
0.0,129240718.76811583,118805498.12783465,inf,0.0,1.0878344925506132,1649910.1405938365,0.88136994043766,nan,nan,197.5,0.7219451759211907,98.5,sunframe,300.0,0.62,0.40166596578020863,nan,0.4005781172487201,nan
0.0,137215013.57462266,126136184.14149335,inf,0.0,1.0878322862589662,1752145.2615500889,0.8812930382701277,nan,nan,197.5,0.7223460340169917,98.5,sunframe,300.0,0.64,0.42645006351901377,nan,0.425399561315129,nan
0.0,145431304.8571504,133687298.85033153,inf,0.0,1.0878468344249126,1857459.0082781026,0.8812220696931099,nan,nan,197.5,0.7227149405387715,98.5,sunframe,300.0,0.66,0.4519794020600558,nan,0.45096845827913734,nan
0.0,153889592.61569893,141458842.2543492,inf,0.0,1.0878753859656132,1965851.3807778787,0.881156417636665,nan,nan,197.5,0.7230552725039417,98.5,sunframe,300.0,0.68,0.47825398140333475,nan,0.47728480814074536,nan
0.0,162589876.85026827,149450814.35354626,inf,0.0,1.087915629992084,2077322.3790494148,0.8810955443213152,nan,nan,197.5,0.7233699691980937,98.5,sunframe,300.0,0.7,0.5052738015488503,nan,0.5043486108999524,nan
0.0,171532157.5608585,157663215.1479228,inf,0.0,1.0879656196274037,2191872.0030927137,0.8810389792649885,nan,nan,197.5,0.7236615986959657,98.5,sunframe,300.0,0.72,0.5330388624966026,nan,0.5321598665567593,nan
0.0,180716434.7474696,166096044.63747883,inf,0.0,1.0880237102689665,2309500.2529077744,0.880986309359667,nan,nan,197.5,0.7239324128763579,98.5,sunframe,300.0,0.74,0.5615491642465918,nan,0.5607185751111657,nan
0.0,190142708.4101015,174749302.82221437,inf,0.0,1.0880885093060886,2430207.128494596,0.8809371706190117,nan,nan,197.5,0.7241843931491269,98.5,sunframe,300.0,0.76,0.590804706798818,nan,0.5900247365631716,nan
0.0,199810978.5487543,183622989.7021293,inf,0.0,1.0881588349742313,2553992.629853179,0.8808912412826208,nan,nan,197.5,0.7244192886432238,98.5,sunframe,300.0,0.78,0.6208054901532808,nan,0.6200783509127769,nan
0.0,209721245.1634279,192717105.27722374,inf,0.0,1.0882336825355678,2680856.7569835247,0.8808482360275949,nan,nan,197.5,0.7246386482431342,98.5,sunframe,300.0,0.8,0.6515515143099804,nan,0.6508794181599817,nan
0.0,219873508.25412223,202031649.54749754,inf,0.0,1.0883121963642142,2810799.5098856296,0.8808079010884384,nan,nan,197.5,0.7248438475805667,98.5,sunframe,300.0,0.82,0.6830427792689165,nan,0.6824279383047855,nan
0.0,230267767.82083756,211566622.5129509,inf,0.0,1.0883936468132722,2943820.888559497,0.8807700101257379,nan,nan,197.5,0.725036111869295,98.5,sunframe,300.0,0.84,0.7152792850300899,nan,0.7147239113471892,nan
0.0,240904023.86357367,221322024.1735837,inf,0.0,1.0884774109721307,3079920.893005127,0.8807343607148674,nan,nan,197.5,0.7252165352991223,98.5,sunframe,300.0,0.86,0.7482610315934999,nan,0.7477673372871925,nan
0.0,251782276.3823307,231297854.529396,inf,0.0,1.0885629566024846,3219099.523222518,0.8807007713504349,nan,nan,197.5,0.7253860975692107,98.5,sunframe,300.0,0.88,0.7819880189591468,nan,0.7815582161247951,nan
0.0,262902525.37710857,241494113.5803877,inf,0.0,1.0886498286824473,3361356.7792116706,0.8806690788814542,nan,nan,197.5,0.7255456780332475,98.5,sunframe,300.0,0.9,0.8164602471270304,nan,0.8160965478599973,nan
0.0,274264770.84790725,251910801.3265589,inf,0.0,1.0887376380990121,3506692.6609725845,0.8806391363077534,nan,nan,197.5,0.7256960678429254,98.5,sunframe,300.0,0.92,0.8516777160971507,nan,0.8513823324927989,nan
0.0,285869012.79472667,262547917.76790956,inf,0.0,1.0888260521168285,3655107.16850526,0.8806108108804664,nan,nan,197.5,0.725837980407263,98.5,sunframe,300.0,0.94,0.887640425869508,nan,0.8874155700231999,nan
0.0,297715251.217567,273405462.9044396,inf,0.0,1.0889147863209454,3806600.3018096955,0.8805839824594601,nan,nan,197.5,0.7259720604297262,98.5,sunframe,300.0,0.96,0.9243483764441018,nan,0.9241962604512002,nan
0.0,309803486.11642826,284483436.7361492,inf,0.0,1.089003597786829,3961172.060885895,0.8805585420886162,nan,nan,197.5,0.7260988917401482,98.5,sunframe,300.0,0.98,0.9618015678209326,nan,0.9617244037768005,nan
0.0,322133717.49131024,295781839.26303816,inf,0.0,1.0890922792755962,4118822.4457338555,0.880534390756472,nan,nan,197.5,0.7262190041018802,98.5,sunframe,300.0,1.0,1.0,nan,1.0,nan
0.0,334705945.34221315,307300670.4851067,inf,0.0,1.0891806542883369,4279551.456353577,0.8805114383150829,nan,nan,197.5,0.7263328791447791,98.5,sunframe,300.0,1.02,1.0389436729813046,nan,1.039023049120799,nan
0.0,347520169.6691369,319039930.40235466,inf,0.0,1.0892685728424796,4443359.09274506,0.8804896025343445,nan,nan,197.5,0.7264409555501666,98.5,sunframe,300.0,1.04,1.0786325867648456,nan,1.0787935511391975,nan
0.0,360576390.4720814,330999619.0147821,inf,0.0,1.0893559078567352,4610245.354908304,0.8804688082726826,nan,nan,197.5,0.7265436335937809,98.5,sunframe,300.0,1.06,1.1190667413506237,nan,1.1193115060551952,nan
0.0,373874607.7510469,343179736.322389,inf,0.0,1.0894425520504,4780210.242843311,0.8804489867479492,nan,nan,195.0,0.7266406824959181,98.5,sunframe,300.0,1.08,1.1602461367386387,nan,1.1605769138687927,nan
0.0,387414821.50603306,355580282.3251753,inf,0.0,1.089528415278509,4953253.756550078,0.8804300748948841,nan,nan,195.0,0.7267293876457662,98.5,sunframe,300.0,1.1,1.20217077292889,nan,1.2025897745799894,nan
0.0,401197031.7370403,368201257.02314115,inf,0.0,1.089613422237245,5129375.896028608,0.880412014797552,nan,nan,195.0,0.7268137791601716,98.5,sunframe,300.0,1.12,1.2448406499213787,nan,1.245350088188786,nan
0.0,415221238.44406796,381042660.4162862,inf,0.0,1.0896975104846316,5308576.661278896,0.8803947531868754,nan,nan,195.0,0.7268941387395782,98.5,sunframe,300.0,1.14,1.2882557677161028,nan,1.2888578546951812,nan
0.0,429487441.6271169,394104492.504611,inf,0.0,1.0897806287303156,5490856.0523009505,0.8803782409948369,nan,nan,195.0,0.7269707252524418,98.5,sunframe,300.0,1.16,1.3324161263130652,nan,1.333113074099177,nan
0.0,443995641.28618634,407386753.2881151,inf,0.0,1.0898627353555124,5676214.069094762,0.8803624329581407,nan,nan,195.0,0.7270437769294985,98.5,sunframe,300.0,1.18,1.3773217257122636,nan,1.3781157464007712,nan
0.0,458745837.421277,420889442.76679885,inf,0.0,1.0899437971302435,5864650.71166034,0.8803472872651231,nan,nan,195.0,0.7271135133154047,98.5,sunframe,300.0,1.2,1.4229725659136996,nan,1.4238658715999661,nan
0.0,473738030.0323881,434612560.94066185,inf,0.0,1.0900237881000132,6056165.979997675,0.8803327652405842,nan,nan,195.0,0.727180137007964,98.5,sunframe,300.0,1.22,1.4693686469173715,nan,1.4703634496967593,nan
0.0,488972219.11952037,448556107.80970454,inf,0.0,1.0901026886183032,6250759.874106776,0.8803188310639407,nan,nan,195.0,0.7272438352109794,98.5,sunframe,300.0,1.24,1.516509968723281,nan,1.5176084806911532,nan
0.0,504448404.6826732,462720083.37392646,inf,0.0,1.0901804845047667,6448432.393987633,0.8803054515167094,nan,nan,195.0,0.727304781123238,98.5,sunframe,300.0,1.26,1.5643965313314265,nan,1.5656009645831452,nan
0.0,520166586.72184724,477104487.6333281,inf,0.0,1.0902571663119922,6649183.539640257,0.8802925957558658,nan,nan,195.0,0.7273631351831141,98.5,sunframe,300.0,1.28,1.6130283347418097,nan,1.614340901372738,nan
0.0,536126765.2370417,491709320.58790886,inf,0.0,1.0903327286861788,6853013.311064638,0.8802802351100883,nan,nan,195.0,0.727419046185714,98.5,sunframe,300.0,1.3,1.6624053789544286,nan,1.6638282910599291,nan
0.0,552328940.2282575,506534582.23766947,inf,0.0,1.09040716980919,7059921.708260785,0.8802683428962642,nan,nan,195.0,0.7274726522872818,98.5,sunframe,300.0,1.32,1.7125276639692857,nan,1.7140631336447207,nan
0.0,568773111.6954938,521580272.5826091,inf,0.0,1.0904804909112245,7269908.731228688,0.8802568942539731,nan,nan,195.0,0.7275240819096996,98.5,sunframe,300.0,1.34,1.763395189786378,nan,1.7650454291271105,nan
0.0,585459279.638751,536846391.6227287,inf,0.0,1.0905526958448577,7482974.37996836,0.8802458659959627,nan,nan,195.0,0.7275734545562962,98.5,sunframe,300.0,1.36,1.8150079564057087,nan,1.8167751775071017,nan
0.0,602387444.0580289,552332939.3580272,inf,0.0,1.0906237907124998,7699118.654479786,0.8802352364728534,nan,nan,195.0,0.7276208815487744,98.5,sunframe,300.0,1.38,1.8673659638272744,nan,1.8692523787846904,nan
0.0,619557604.9533278,568039915.7885056,inf,0.0,1.0906937835403867,7918341.554762976,0.8802249854505566,nan,nan,195.0,0.7276664666938767,98.5,sunframe,300.0,1.4,1.9204692120510782,nan,1.9224770329598793,nan
0.0,636969762.3246475,583967320.9141632,inf,0.0,1.090762683993194,8140643.080817928,0.8802150939990203,nan,nan,195.0,0.7277103068873427,98.5,sunframe,300.0,1.42,1.9743177010771182,nan,1.9764491400326676,nan
0.0,654623916.171988,600115154.7350004,inf,0.0,1.0908305031241174,8366023.23264464,0.880205544391159,nan,nan,195.0,0.7277524926618277,98.5,sunframe,300.0,1.44,2.0289114309053953,nan,2.031168700003055,nan
0.0,672520066.4953495,616483417.2510171,inf,0.0,1.090897253155985,8594482.010243116,0.8801963200108622,nan,nan,195.0,0.727793108684654,98.5,sunframe,300.0,1.46,2.0842504015359093,nan,2.086635712871043,nan
0.0,690658213.294732,633072108.4622133,inf,0.0,1.0909629472895281,8826019.413613353,0.8801874052691936,nan,nan,195.0,0.7278322342105837,98.5,sunframe,300.0,1.48,2.1403346129686605,nan,2.14285017863663,nan
0.0,709038356.570135,649881228.3685889,inf,0.0,1.091027599535456,9060635.442755353,0.8801787855279428,nan,nan,195.0,0.7278699434942094,98.5,sunframe,300.0,1.5,2.197164065203648,nan,2.1998120972998167,nan
0.0,727660496.321559,666910776.9701438,inf,0.0,1.091091224567413,9298330.09766911,0.8801704470297806,nan,nan,195.0,0.7279063061660309,98.5,sunframe,300.0,1.52,2.254738758240872,nan,2.2575214688606016,nan
0.0,746524632.5490037,684160754.2668782,inf,0.0,1.0911538375932603,9539103.378354631,0.8801623768343964,nan,nan,195.0,0.7279413875758367,98.5,sunframe,300.0,1.54,2.313058692080333,nan,2.315978293318987,nan
0.0,765630765.2524693,701631160.2587922,inf,0.0,1.0912154542424701,9782955.284811916,0.8801545627600191,nan,nan,195.0,0.727975249106603,98.5,sunframe,300.0,1.56,2.3721238667220303,nan,2.3751825706749723,nan
0.0,784978894.4319559,719321994.9458857,inf,0.0,1.0912760904676766,10029885.817040961,0.880146993329804,nan,nan,195.0,0.7280079484617722,98.5,sunframe,300.0,1.58,2.4319342821659653,nan,2.435134300928557,nan
0.0,804569020.0874631,737233258.3281584,inf,0.0,1.0913357624586872,10279894.975041766,0.8801396577226444,nan,nan,195.0,0.7280395399284679,98.5,sunframe,300.0,1.6,2.4924899384121364,nan,2.4958334840797405,nan
0.0,824401142.2189913,755364950.405611,inf,0.0,1.091394486567466,10532982.758814335,0.8801325457279695,nan,nan,195.0,0.7280700746189264,98.5,sunframe,300.0,1.62,2.5537908354605454,nan,2.557280120128524,nan
0.0,844475260.8265401,773717071.1782422,inf,0.0,1.0914522792427792,10789149.168358658,0.8801256477041778,nan,nan,195.0,0.728099600692182,98.5,sunframe,300.0,1.64,2.6158369733111884,nan,2.6194742090749052,nan
0.0,864791375.91011,792289620.6460538,inf,0.0,1.0915091569733506,11048394.203674752,0.8801189545403607,nan,nan,195.0,0.7281281635578397,98.5,sunframe,300.0,1.66,2.6786283519640715,nan,2.682415750918888,nan
0.0,885349487.4697005,811082598.8090444,inf,0.0,1.0915651362385361,11310717.8647626,0.8801124576210392,nan,nan,195.0,0.7281558060635683,98.5,sunframe,300.0,1.68,2.74216497141919,nan,2.7461047456604692,nan
0.0,906149595.5053124,830096005.6672146,inf,0.0,1.0916202334656067,11576120.151622217,0.8801061487936231,nan,nan,195.0,0.7281825686677912,98.5,sunframe,300.0,1.7,2.806446831676545,nan,2.810541193299651,nan
0.0,927191700.0169445,849329841.2205641,inf,0.0,1.0916744649928771,11844601.064253591,0.8801000203383609,nan,nan,195.0,0.7282084895988955,98.5,sunframe,300.0,1.72,2.871473932736137,nan,2.875725093836431,nan
0.0,948475801.0045979,868784105.4690933,inf,0.0,1.0917278470379883,12116160.60265673,0.880094064940573,nan,nan,195.0,0.728233605002153,98.5,sunframe,300.0,1.74,2.937246274597966,nan,2.941656447270812,nan
0.0,970001898.4682717,888458798.4128017,inf,0.0,1.091780395670732,12390798.766831625,0.8800882756649556,nan,nan,195.0,0.7282579490754284,98.5,sunframe,300.0,1.76,3.0037638572620318,nan,3.008335253602791,nan
0.0,991769992.4079669,908353920.0516899,inf,0.0,1.0918321267898863,12668515.55677829,0.8800826459317904,nan,nan,195.0,0.7282815541946415,98.5,sunframe,300.0,1.78,3.0710266807283344,nan,3.0757615128323708,nan
0.0,1013780082.8236825,928469470.3857573,inf,0.0,1.0918830561035902,12949310.972496707,0.8800771694948946,nan,nan,195.0,0.7283044510298629,98.5,sunframe,300.0,1.8,3.139034744996874,nan,3.1439352249595487,nan
0.0,1036032169.7154193,948805449.4150045,inf,0.0,1.0919331991128374,13233185.013986893,0.8800718404211674,nan,nan,195.0,0.7283266686528355,98.5,sunframe,300.0,1.82,3.2077880500676508,nan,3.2128563899843274,nan
0.0,1058526253.0831766,969361857.1394308,inf,0.0,1.0919825710977202,13520137.681248834,0.8800666530715961,nan,nan,195.0,0.7283482346366371,98.5,sunframe,300.0,1.84,3.277286595940663,nan,3.2825250079067043,nan
0.0,1081262332.926955,990138693.5590369,inf,0.0,1.092031187106097,13810168.974282544,0.8800616020836178,nan,nan,195.0,0.7283691751481401,98.5,sunframe,300.0,1.86,3.347530382615914,nan,3.352941078726682,nan
0.0,1104240409.246754,1011135958.6738218,inf,0.0,1.092079061944395,14103278.893088005,0.8800566823547074,nan,nan,195.0,0.7283895150338534,98.5,sunframe,300.0,1.88,3.418519410093399,nan,3.424104602444257,nan
0.0,1127460482.042574,1032353652.4837867,inf,0.0,1.0921262101702893,14399467.437665235,0.8800518890271085,nan,nan,195.0,0.7284092778996866,98.5,sunframe,300.0,1.9,3.490253678373123,nan,3.496015579059433,nan
0.0,1150922551.3144145,1053791774.988931,inf,0.0,1.0921726460870353,14698734.608014222,0.8800472174736104,nan,nan,195.0,0.7284284861851267,98.5,sunframe,300.0,1.92,3.562733187455083,nan,3.5686740085722075,nan
0.0,1174626617.0622764,1075450326.1892545,inf,0.0,1.0922183837392496,15001080.404134974,0.8800426632842913,nan,nan,195.0,0.7284471612322652,98.5,sunframe,300.0,1.94,3.6359579373392794,nan,3.6420798909825822,nan
0.0,1198572679.2861588,1097329306.0847578,inf,0.0,1.0922634369099598,15306504.82602749,0.8800382222541563,nan,nan,195.0,0.7284653233500878,98.5,sunframe,300.0,1.96,3.7099279280257136,nan,3.7162332262905573,nan
0.0,1222760737.9860623,1119428714.6754403,inf,0.0,1.0923078191187738,15615007.873691764,0.8800338903715882,nan,nan,195.0,0.7284829918743905,98.5,sunframe,300.0,1.98,3.7846431595143835,nan,3.791134014496131,nan
0.0,1247190793.1619866,1141748551.9613025,inf,0.0,1.0923515436210143,15926589.547127802,0.8800296638075726,nan,nan,195.0,0.7285001852236644,98.5,sunframe,300.0,2.0,3.8601036318052913,nan,3.8667822555993046,nan
0.0,3707324.7092560646,49729389.068371914,inf,0.0,0.07454997494859508,916571.3953614251,0.6559435151648759,nan,nan,251.0,0.9860043765780888,172.0,sunframe,350.0,-2.0,3.6585145313039713,nan,3.6474586126232826,nan
0.0,3632987.841519986,48725403.55345748,inf,0.0,0.07456044643189404,898052.244355825,0.6559421680189601,nan,nan,251.0,0.9859999210500366,172.0,sunframe,350.0,-1.98,3.5846528639007564,nan,3.573762403931093,nan
0.0,3559404.5528178634,47731660.653289035,inf,0.0,0.07457114426989031,879722.139584889,0.6559408145304483,nan,nan,251.0,0.9859953800706941,172.0,sunframe,350.0,-1.96,3.511544729882704,nan,3.5008184970457226,nan
0.0,3486574.8431496955,46748160.36786656,inf,0.0,0.07458207586594733,861581.0810486169,0.6559394551836317,nan,nan,251.0,0.9859907511750585,172.0,sunframe,350.0,-1.94,3.439190129249812,nan,3.428626891967171,nan
0.0,3414498.7125154836,45774902.69719006,inf,0.0,0.07459324894916895,843629.068747009,0.6559380905124628,nan,nan,251.0,0.985986031803195,172.0,sunframe,350.0,-1.92,3.3675890620020823,nan,3.3571875886954397,nan
0.0,3343176.1609152267,44811887.64125954,inf,0.0,0.07460467159247877,825866.1026800651,0.6559367211047864,nan,nan,251.0,0.9859812192956677,172.0,sunframe,350.0,-1.9,3.2967415281395143,nan,3.2865005872305275,nan
0.0,3272607.188348925,43859115.200074986,inf,0.0,0.07461635223191485,808292.1828477851,0.6559353476069436,nan,nan,251.0,0.9859763108887106,172.0,sunframe,350.0,-1.88,3.2266475276621063,nan,3.216565887572434,nan
0.0,3202791.79481658,42916585.37363643,inf,0.0,0.07462829968723579,790907.3092501694,0.6559339707287866,nan,nan,251.0,0.9859713037091172,172.0,sunframe,350.0,-1.86,3.157307060569862,nan,3.1473834897211614,nan
0.0,3133729.980318188,41984298.161943816,inf,0.0,0.07464052318394408,773711.4818872173,0.6559325912491537,nan,nan,251.0,0.9859661947688305,172.0,sunframe,350.0,-1.84,3.088720126862776,nan,3.0789533936767057,nan
0.0,3065421.7448537536,41062253.564997196,inf,0.0,0.07465303237684011,756704.7007589295,0.6559312100218408,nan,nan,251.0,0.9859609809592162,172.0,sunframe,350.0,-1.82,3.0208867265408537,nan,3.0112755994390707,nan
0.0,2997867.0884232717,40150451.58279654,inf,0.0,0.07466583737523348,739886.9658653054,0.6559298279821205,nan,nan,251.0,0.9859556590449907,172.0,sunframe,350.0,-1.8,2.953806859604091,nan,2.9443501070082543,nan
0.0,2931066.0110267475,39248892.21534187,inf,0.0,0.07467894876994853,723258.2772063457,0.6559284461538685,nan,nan,251.0,0.985950225657788,172.0,sunframe,350.0,-1.78,2.8874805260524914,nan,2.878176916384258,nan
0.0,2865018.512664177,38357575.46263316,inf,0.0,0.07469237766227417,706818.6347820496,0.6559270656573597,nan,nan,251.0,0.9859446772893352,172.0,sunframe,350.0,-1.76,2.8219077258860517,nan,2.8127560275670795,nan
0.0,2799724.593335564,37476501.324670434,inf,0.0,0.07470613569502367,690568.0385924177,0.6559256877177909,nan,nan,251.0,0.9859390102842103,172.0,sunframe,350.0,-1.74,2.7570884591047737,nan,2.7480874405567213,nan
0.0,2735184.2530409046,36605669.80145368,inf,0.0,0.07472023508588511,674506.4886374497,0.6559243136746264,nan,nan,251.0,0.985933220832157,172.0,sunframe,350.0,-1.72,2.693022725708657,nan,2.6841711553531815,nan
0.0,2671397.4917802014,35745080.89298291,inf,0.0,0.07473468866326224,658633.9849171459,0.6559229449918397,nan,nan,251.0,0.9859273049599142,172.0,sunframe,350.0,-1.7,2.6297105256977025,nan,2.621007171956462,nan
0.0,2608364.309553452,34894734.599258095,inf,0.0,0.07474950990482412,642950.527431506,0.6559215832691373,nan,nan,251.0,0.9859212585225415,172.0,sunframe,350.0,-1.68,2.5671518590719082,nan,2.558595490366561,nan
0.0,2546084.70636066,34054630.92027927,inf,0.0,0.07476471297900592,627456.1161805303,0.6559202302543016,nan,nan,251.0,0.9859150771941902,172.0,sunframe,350.0,-1.66,2.5053467258312763,nan,2.4969361105834804,nan
0.0,2484558.682201822,33224769.856046412,inf,0.0,0.07478031278972634,612150.7511642183,0.6559188878567374,nan,nan,251.0,0.9859087564582857,172.0,sunframe,350.0,-1.64,2.444295125975805,nan,2.4360290326072174,nan
0.0,2423786.237076941,32405151.40655954,inf,0.0,0.07479632502461665,597034.4323825707,0.6559175581623832,nan,nan,251.0,0.9859022915970801,172.0,sunframe,350.0,-1.62,2.383997059505496,nan,2.3758742564377755,nan
0.0,2363767.370986014,31595775.57181864,inf,0.0,0.0748127662070856,582107.1598355868,0.6559162434501201,nan,nan,251.0,0.9858956776805243,172.0,sunframe,350.0,-1.6,2.3244525264203477,nan,2.3164717820751517,nan
0.0,2304502.0839290423,30796642.35182371,inf,0.0,0.07482965375258108,567368.933523267,0.6559149462098626,nan,nan,251.0,0.9858889095544107,172.0,sunframe,350.0,-1.58,2.2656615267203613,nan,2.2578216095193473,nan
0.0,2245990.375906026,30007751.746574752,inf,0.0,0.0748470060294469,552819.7534456111,0.655913669162504,nan,nan,251.0,0.9858819818277331,172.0,sunframe,350.0,-1.56,2.2076240604055353,nan,2.199923738770362,nan
0.0,2188232.2469169647,29229103.75607177,inf,0.0,0.07486484242481785,538459.6196026193,0.655912415281949,nan,nan,251.0,0.9858748888592069,172.0,sunframe,350.0,-1.54,2.150340127475871,nan,2.142778169828196,nan
0.0,2131227.6969618592,28460698.380314764,inf,0.0,0.0748831834160455,524288.5319942916,0.6559111878194613,nan,nan,251.0,0.9858676247428784,172.0,sunframe,350.0,-1.52,2.0938097279313683,nan,2.0863849026928496,nan
0.0,2074976.7260407088,27702535.619303726,inf,0.0,0.07490205064820205,510306.49062062777,0.6559099903306067,nan,nan,251.0,0.9858601832927623,172.0,sunframe,350.0,-1.5,2.0380328617720265,nan,2.030743937364322,nan
0.0,2019479.3341535141,26954615.473038673,inf,0.0,0.0749214670182736,496513.495481628,0.6559088267051028,nan,nan,251.0,0.9858525580264319,172.0,sunframe,350.0,-1.48,1.9830095289978467,nan,1.9758552738426138,nan
0.0,1964735.5213002744,26216937.94151958,inf,0.0,0.07494145676672395,482909.5465772922,0.6559077011999159,nan,nan,251.0,0.9858447421474745,172.0,sunframe,350.0,-1.46,1.9287397296088271,nan,1.921718912127725,nan
0.0,1910745.28748099,25489503.024746478,inf,0.0,0.07496204557719087,469494.64390762046,0.6559066184760196,nan,nan,251.0,0.9858367285267339,172.0,sunframe,350.0,-1.44,1.87522346360497,nan,1.8683348522196552,nan
0.0,1857508.6326956614,24772310.72271934,inf,0.0,0.07498326068516858,456268.7874726127,0.6559055836392501,nan,nan,251.0,0.9858285096822385,172.0,sunframe,350.0,-1.42,1.8224607309862737,nan,1.8157030941184047,nan
0.0,1805025.5569442878,24065361.03543818,inf,0.0,0.07500513099663215,443231.97727226897,0.6559046022857834,nan,nan,251.0,0.9858200777577182,172.0,sunframe,350.0,-1.4,1.770451531752739,nan,1.7638236378239738,nan
0.0,1753296.060226869,23368653.962902997,inf,0.0,0.07502768721767936,430384.21330658917,0.6559036805528266,nan,nan,251.0,0.9858114244995957,172.0,sunframe,350.0,-1.38,1.7191958659043656,nan,1.7126964833363616,nan
0.0,1702320.142543407,22682189.505113795,inf,0.0,0.07505096199639862,417725.49557557364,0.6559028251751787,nan,nan,251.0,0.9858025412323358,172.0,sunframe,350.0,-1.36,1.6686937334411542,nan,1.6623216306555697,nan
0.0,1652097.8038938988,22005967.66207055,inf,0.0,0.07507499007832552,405255.8240792218,0.6559020435484505,nan,nan,251.0,0.9857934188320229,172.0,sunframe,350.0,-1.34,1.6189451343631027,nan,1.6126990797815957,nan
0.0,1602629.0442783474,21339988.433773294,inf,0.0,0.07509980847702707,392975.19881753426,0.6559013437998115,nan,nan,251.0,0.9857840476980274,172.0,sunframe,350.0,-1.32,1.569950068670214,nan,1.5638288307144421,nan
0.0,1553913.8636967496,20684251.820222,inf,0.0,0.07512545666155362,380883.6197905104,0.6559007348672745,nan,nan,251.0,0.9857744177226156,172.0,sunframe,350.0,-1.3,1.5217085363624854,nan,1.5157108834541066,nan
0.0,1505952.2621491086,20038757.8214167,inf,0.0,0.07515197676273133,368981.0869981508,0.655900226588705,nan,nan,251.0,0.9857645182583383,172.0,sunframe,350.0,-1.28,1.4742205374399195,nan,1.4683452380005912,nan
0.0,1458744.239635422,19403506.43735735,inf,0.0,0.07517941380053443,357267.600440455,0.655899829801877,nan,nan,251.0,0.9857543380830285,172.0,sunframe,350.0,-1.26,1.4274860719025135,nan,1.4217318943538946,nan
0.0,1412289.7961556911,18778497.668043993,inf,0.0,0.07520781593508583,345743.16011742345,0.6558995564571465,nan,nan,251.0,0.9857438653622245,172.0,sunframe,350.0,-1.24,1.3815051397502698,nan,1.3758708525140178,nan
0.0,1366588.9317099154,18163731.513476603,inf,0.0,0.07523723474419192,334407.7660290557,0.6558994197445385,nan,nan,251.0,0.9857330876088248,172.0,sunframe,350.0,-1.22,1.3362777409831872,nan,1.3307621124809594,nan
0.0,1321641.6462980954,17559207.973655194,inf,0.0,0.07526772553073059,323261.41817535216,0.6558994342373452,nan,nan,251.0,0.9857219916397629,172.0,sunframe,350.0,-1.2,1.2918038756012662,nan,1.2864056742547212,nan
0.0,1277447.9399202298,16964927.048579745,inf,0.0,0.07529934766369503,312304.1165563124,0.6558996160546685,nan,nan,251.0,0.9857105635294887,172.0,sunframe,350.0,-1.18,1.2480835436045057,nan,1.2428015378353015,nan
0.0,1234007.8125763205,16380888.73825029,inf,0.0,0.07533216495725555,301535.86117193685,0.6558999830457443,nan,nan,251.0,0.9856987885600241,172.0,sunframe,350.0,-1.16,1.2051167449929079,nan,1.1999497032227016,nan
0.0,1191321.264266366,15807093.042666791,inf,0.0,0.07536624609286034,290956.65202222514,0.6559005549993848,nan,nan,251.0,0.9856866511673591,172.0,sunframe,350.0,-1.14,1.1629034797664701,nan,1.1578501704169204,nan
0.0,1149388.2949903677,15243539.961829282,inf,0.0,0.07540166509016301,280566.4891071777,0.6559013538824083,nan,nan,251.0,0.9856741348839403,172.0,sunframe,350.0,-1.12,1.1214437479251949,nan,1.1165029394179593,nan
0.0,1108208.9047483238,14690229.49573774,inf,0.0,0.07543850183347117,270365.3724267941,0.6559024041116654,nan,nan,251.0,0.9856612222770165,172.0,sunframe,350.0,-1.1,1.0807375494690803,nan,1.075908010225817,nan
0.0,1067783.0935402357,14147161.64439218,inf,0.0,0.07547684266147452,260353.3019810745,0.6559037328650376,nan,nan,251.0,0.98564789488259,172.0,sunframe,350.0,-1.08,1.0407848843981276,nan,1.0360653828404938,nan
0.0,1028110.8613661026,13614336.407792583,inf,0.0,0.07551678102927087,250530.2777700189,0.6559053704377829,nan,nan,251.0,0.9856341331347559,172.0,sunframe,350.0,-1.06,1.0015857527123355,nan,0.9969750572619899,nan
0.0,989192.208225925,13091753.785938967,inf,0.0,0.07555841825320259,240896.29979362732,0.6559073506518052,nan,nan,251.0,0.9856199162902197,172.0,sunframe,350.0,-1.04,0.9631401544117052,nan,0.9586370334903052,nan
0.0,951027.1341197027,12579413.778831324,inf,0.0,0.07560186435079305,231451.3680518997,0.6559097113268207,nan,nan,251.0,0.9856052223478282,172.0,sunframe,350.0,-1.02,0.9254480894962361,nan,0.9210513115254396,nan
0.0,913615.6390474356,12077316.386469655,inf,0.0,0.0756472389901923,222195.48254483618,0.6559124948241415,nan,nan,251.0,0.9855900279630094,172.0,sunframe,350.0,-1.0,0.8885095579659283,nan,0.8842178913673936,nan
0.0,876957.723009124,11585461.608853962,inf,0.0,0.07569467256608285,213128.6432724366,0.6559157486759148,nan,nan,251.0,0.9855743083571025,172.0,sunframe,350.0,-0.98,0.8523245598207821,nan,0.8481367730161666,nan
0.0,841053.3860047677,11103849.44598424,inf,0.0,0.075744307422048,204250.85023470107,0.6559195263152076,nan,nan,251.0,0.9855580372216834,172.0,sunframe,350.0,-0.96,0.8168930950607969,nan,0.812807956471759,nan
0.0,805902.6280343666,10632479.8978605,inf,0.0,0.07579629924308937,195562.1034316296,0.6559238879254924,nan,nan,251.0,0.9855411866181754,172.0,sunframe,350.0,-0.94,0.7822151636859735,nan,0.7782314417341708,nan
0.0,771505.4490979211,10171352.964482728,inf,0.0,0.07585081864644116,187062.40286322206,0.655928901431986,nan,nan,251.0,0.9855237268732625,172.0,sunframe,350.0,-0.92,0.7482907656963111,nan,0.7444072288034016,nan
0.0,737861.8491954309,9720468.645850934,inf,0.0,0.07590805300425288,178751.74852947856,0.6559346436620794,nan,nan,251.0,0.9855056264709835,172.0,sunframe,350.0,-0.9,0.7151199010918103,nan,0.7113353176794518,nan
0.0,704971.8283268958,9279826.941965112,inf,0.0,0.0759682085383383,170630.14043039904,0.655941201708057,nan,nan,251.0,0.9854868519428148,172.0,sunframe,350.0,-0.88,0.6827025698724707,nan,0.6790157083623212,nan
0.0,672835.386492316,8849427.852825265,inf,0.0,0.0760315127353128,162697.57856598354,0.6559486745327574,nan,nan,251.0,0.9854673677577037,172.0,sunframe,350.0,-0.86,0.6510387720382924,nan,0.6474484008520097,nan
0.0,641452.5236916917,8429271.378431395,inf,0.0,0.07609821714045464,154954.06293623205,0.6559571748681254,nan,nan,251.0,0.9854471362148288,172.0,sunframe,350.0,-0.84,0.6201285075892756,nan,0.6166333951485176,nan
0.0,610823.2399250228,8019357.518783498,inf,0.0,0.07616860060102197,147399.59354114457,0.655966831468362,nan,nan,251.0,0.9854261173430456,172.0,sunframe,350.0,-0.82,0.5899717765254201,nan,0.5865706912518447,nan
0.0,580947.5351923094,7619686.273881579,inf,0.0,0.0762429730451837,140034.17038072116,0.6559777917941965,nan,nan,251.0,0.9854042688124947,172.0,sunframe,350.0,-0.8,0.5605685788467262,nan,0.5572602891619912,nan
0.0,551825.4094935511,7230257.643725631,inf,0.0,0.07632167990201864,132857.79345496173,0.6559902252237642,nan,nan,251.0,0.9853815458659859,172.0,sunframe,350.0,-0.78,0.5319189145531934,nan,0.528702188878957,nan
0.0,523456.862828748,6851071.628315657,inf,0.0,0.07640510729230843,125870.46276386626,0.6560043269097214,nan,nan,251.0,0.9853579012806098,172.0,sunframe,350.0,-0.76,0.504022783644822,nan,0.5008963904027418,nan
0.0,495841.89519790036,6482128.227651659,inf,0.0,0.0764936881505557,119072.17830743482,0.656020322433433,nan,nan,251.0,0.9853332853739549,172.0,sunframe,350.0,-0.74,0.4768801861216119,nan,0.47384289373334587,nan
0.0,468980.50660100795,6123427.441733634,inf,0.0,0.07658790947774055,112462.94008566739,0.6560384734474262,nan,nan,251.0,0.9853076460746063,172.0,sunframe,350.0,-0.72,0.4504911219835631,nan,0.4475416988707693,nan
0.0,442872.69703807094,5774969.270561585,inf,0.0,0.0766883209743909,106042.74809856397,0.6560590845500028,nan,nan,251.0,0.9852809290839343,172.0,sunframe,350.0,-0.7,0.4248555912306758,nan,0.4219928058150119,nan
0.0,417518.4665090895,5436753.714135513,inf,0.0,0.07679554536810176,99811.60234612461,0.6560825117050677,nan,nan,251.0,0.9852530781662469,172.0,sunframe,350.0,-0.68,0.3999735938629499,nan,0.39719621456607396,nan
0.0,392917.8150140631,5108780.772455413,inf,0.0,0.07691029083348522,93769.50282834918,0.6561091726117908,nan,nan,251.0,0.98522403561833,172.0,sunframe,350.0,-0.66,0.37584512988038526,nan,0.373151925123955,nan
0.0,369070.7425529922,4791050.445521288,inf,0.0,0.07703336601224946,87916.44954523782,0.6561395595508006,nan,nan,251.0,0.9851937429888546,172.0,sunframe,350.0,-0.64,0.352470199282982,nan,0.3498599374886555,nan
0.0,345977.24912587646,4483562.733333137,inf,0.0,0.07716569828580777,82252.44249679043,0.6561742553976853,nan,nan,251.0,0.985162142145392,172.0,sunframe,350.0,-0.62,0.3298488020707401,nan,0.32732025166017514,nan
0.0,323637.33473271615,4186317.6358909598,inf,0.0,0.07730835614527791,76777.48168300706,0.6562139537171485,nan,nan,251.0,0.9851291768253326,172.0,sunframe,350.0,-0.6,0.3079809382436594,nan,0.30553286763851406,nan
0.0,302050.9993735111,3899315.1531947576,inf,0.0,0.07746257676198266,71491.5671038877,0.6562594841557123,nan,nan,251.0,0.9850947948618402,172.0,sunframe,350.0,-0.58,0.28686660780174017,nan,0.2844977854236722,nan
0.0,281218.24304826144,3622555.285244531,inf,0.0,0.07762980021139375,66394.69875943236,0.6563118447717741,nan,nan,251.0,0.9850589513548149,172.0,sunframe,350.0,-0.56,0.2665058107449823,nan,0.26421500501564965,nan
0.0,261139.06575696703,3356038.0320402775,inf,0.0,0.07781171228211903,61486.876649640995,0.6563722435296169,nan,nan,251.0,0.98502161317108,172.0,sunframe,350.0,-0.54,0.24689854707338574,nan,0.2446845264144462,nan
0.0,241813.467499628,3099763.3935819995,inf,0.0,0.07801029846352084,56768.10077451366,0.6564421520139185,nan,nan,251.0,0.9849827653254026,172.0,sunframe,350.0,-0.52,0.22804481678695057,nan,0.22590634962006212,nan
0.0,223241.44827624434,2853731.369869696,inf,0.0,0.07822791263160755,52238.37113405032,0.6565233756071965,nan,nan,251.0,0.984942420041945,172.0,sunframe,350.0,-0.5,0.20994461988567675,nan,0.20788047463249723,nan
0.0,205423.00808681594,2617941.9609033666,inf,0.0,0.07846736526425176,47897.68772825101,0.6566181460887263,nan,nan,251.0,0.9849006296676085,172.0,sunframe,350.0,-0.48,0.19259795636956425,nan,0.19060690145175166,nan
0.0,188358.14693134296,2392395.1666830117,inf,0.0,0.07873203789844477,43746.05055711569,0.656729245130799,nan,nan,251.0,0.9848575051738839,172.0,sunframe,350.0,-0.46,0.1760048262386131,nan,0.17408563007782527,nan
0.0,172046.86480982532,2177090.9872086328,inf,0.0,0.07902603328049967,39783.45962064441,0.6568601709155386,nan,nan,251.0,0.9848132428552991,172.0,sunframe,350.0,-0.44,0.16016522949282339,nan,0.15831666051071824,nan
0.0,156489.16172226288,1972029.4224802274,inf,0.0,0.0793543747057516,36009.91491883712,0.6570153657623655,nan,nan,251.0,0.9847681631978552,172.0,sunframe,350.0,-0.42,0.145079166132195,nan,0.1432999927504304,nan
0.0,141685.03766865586,1777210.472497797,inf,0.0,0.07972327412043848,32425.416451693833,0.65720053137387,nan,nan,251.0,0.9847227680675054,172.0,sunframe,350.0,-0.4,0.13074663615672796,nan,0.12903562679696176,nan
0.0,127634.49264900418,1592634.1372613409,inf,0.0,0.08014049784747279,29029.964219214562,0.6574230719689033,nan,nan,251.0,0.9846778259058185,172.0,sunframe,350.0,-0.38,0.11716763956642225,nan,0.11552356265031244,nan
0.0,114337.52666330784,1418300.4167708596,inf,0.0,0.08061587327431505,25823.5582213993,0.6576927274149792,nan,nan,251.0,0.9846345004904441,172.0,sunframe,350.0,-0.36,0.10434217636127792,nan,0.10276380031048235,nan
0.0,101794.13971156688,1254209.311026354,inf,0.0,0.08116200287834406,22806.19845824807,0.6580224941726964,nan,nan,251.0,0.9845945487908706,172.0,sunframe,350.0,-0.34,0.09227024654129502,nan,0.09075633977747159,nan
0.0,90004.3317937812,1100360.8200278217,inf,0.0,0.08179528946832686,19977.88492976084,0.6584299916305427,nan,nan,251.0,0.984560630836803,172.0,sunframe,350.0,-0.32,0.08095185010647339,nan,0.07950118105128007,nan
0.0,78968.10290995086,956754.9437752641,inf,0.0,0.0825374391046784,17338.617635937604,0.658939534125121,nan,nan,251.0,0.9845368057167927,172.0,sunframe,350.0,-0.3,0.07038698705681311,nan,0.06899832413190772,nan
0.0,68685.45306007577,823391.6822686807,inf,0.0,0.08341771545569615,14888.396576778374,0.6595853506468485,nan,nan,251.0,0.9845293456557699,172.0,sunframe,350.0,-0.28,0.060575657392314165,nan,0.05924776901935462,nan
0.0,59156.38224415606,700271.0355080721,inf,0.0,0.08447640876826493,12627.221752283156,0.6604167260315977,nan,nan,251.0,0.9845481112964597,172.0,sunframe,350.0,-0.26,0.0515178611129766,nan,0.05024951571362078,nan
0.0,50380.89046219168,587393.0034934381,inf,0.0,0.08577032780873853,10555.093162451943,0.6615064648291201,nan,nan,251.0,0.9846089540742587,172.0,sunframe,350.0,-0.24,0.04321359821880038,nan,0.04200356421470618,nan
0.0,42358.97771418263,484757.58622477856,inf,0.0,0.08738177373162569,8672.010807284747,0.6629653115405856,nan,nan,251.0,0.984738079543444,172.0,sunframe,350.0,-0.22,0.0356628687097855,nan,0.03450991452261085,nan
0.0,35090.64400012896,392364.78370209446,inf,0.0,0.08943372457904317,6977.974686781567,0.6649674844323771,nan,nan,251.0,0.9849803435440486,172.0,sunframe,350.0,-0.2,0.028865672585932048,nan,0.027768566637334804,nan
0.0,28575.889320030514,310214.5959253836,inf,0.0,0.09211652093541052,5472.984800942388,0.6677978774970169,nan,nan,251.0,0.9854159053751474,172.0,sunframe,350.0,-0.18,0.022822009847239852,nan,0.02177952055887798,nan
0.0,22814.713673887472,238307.02289464793,inf,0.0,0.0957366400568628,4157.041149767206,0.671943536861818,nan,nan,251.0,0.9861958966384035,172.0,sunframe,350.0,-0.16,0.01753188049370905,nan,0.016542776287240355,nan
0.0,17807.117061699813,176642.06460988754,inf,0.0,0.10080904059305848,3030.1437332560527,0.6782798590351127,nan,nan,243.0,0.9852133948232997,172.0,sunframe,350.0,-0.14,0.012995284525339655,nan,0.012058333822422062,nan
0.0,13553.099483467364,125219.7210711003,inf,0.0,0.10823454458720488,2092.292551408901,0.68846617344465,nan,nan,239.5,0.977393890539365,172.0,sunframe,350.0,-0.12,0.009212221942131508,nan,0.008326193164422988,nan
0.0,10052.660939190342,84039.99227828895,inf,0.0,0.11961758523135141,1343.487604225778,0.7057930649317464,nan,nan,227.5,0.9322185804974222,172.0,sunframe,350.0,-0.1,0.006182692744084813,nan,0.005346354313243245,nan
0.0,10052.660939190342,84039.99227828895,inf,0.0,0.11961758523135141,1343.487604225778,0.7057930649317464,nan,nan,227.5,0.9322185804974222,172.0,sunframe,350.0,-0.1,0.006182692744084813,nan,0.005346354313243245,nan
0.0,9744.063931630175,80485.36321003636,inf,0.0,0.12106628513561966,1279.0046524139796,0.7081302952024352,nan,nan,227.5,0.92434805536587,172.0,sunframe,350.0,-0.098,0.005921184160464014,nan,0.005089747027500302,nan
0.0,9443.002714409595,77033.16028924385,inf,0.0,0.12258360787682915,1216.4121629488086,0.7106086005314036,nan,nan,227.5,0.9160504034451022,172.0,sunframe,350.0,-0.096,0.005667210910694853,nan,0.004840662759825502,nan
0.0,9149.477287528485,73683.38351591014,inf,0.0,0.12417287115422539,1155.710135830294,0.7132374064930171,nan,nan,227.5,0.9073026058374726,172.0,sunframe,350.0,-0.094,0.005420772994777235,nan,0.0045991015102189595,nan
0.0,8863.487650987036,70436.03289003737,inf,0.0,0.1258374057611173,1096.8985710584384,0.7160266553875122,nan,nan,227.5,0.8980812477376346,172.0,sunframe,350.0,-0.092,0.00518187041271132,nan,0.004365063278680685,nan
0.0,8585.033804785056,67291.10841162335,inf,0.0,0.1275805081448494,1039.9774686331823,0.7189867868423214,nan,nan,225.0,0.8880019426747395,172.0,sunframe,350.0,-0.09,0.004950503164496945,nan,0.004138548065210442,nan
0.0,8314.115748922644,64248.61008066924,inf,0.0,0.12940537917448502,984.9468285545879,0.7221287012719292,nan,nan,225.0,0.8766056691563161,172.0,sunframe,350.0,-0.088,0.004726671250134195,nan,0.003919555869808476,nan
0.0,8050.733483399783,61308.537897174945,inf,0.0,0.13131504615070513,931.8066508226407,0.7254637012495727,nan,nan,222.5,0.8635988373639263,172.0,sunframe,350.0,-0.086,0.004510374669623063,nan,0.003708086692474732,nan
0.0,7794.887008216476,58470.89186114047,inf,0.0,0.13331226461754941,880.5569354373255,0.7290034047771107,nan,nan,222.5,0.8499239074782693,172.0,sunframe,350.0,-0.084,0.0043016134229635515,nan,0.0035041405332091476,nan
0.0,7546.576323372757,55735.67197256589,inf,0.0,0.13539939604724455,831.1976823986444,0.7327596232256836,nan,nan,222.5,0.8356467261520578,172.0,sunframe,350.0,-0.082,0.004100387510155664,nan,0.003307717392011732,nan
0.0,7305.801428868573,53102.87823145111,inf,0.0,0.1375782570019262,783.7288917066046,0.736744195376206,nan,nan,222.5,0.8207595657828709,172.0,sunframe,350.0,-0.08,0.003906696931199393,nan,0.003118817268882514,nan
0.0,7305.801428868573,53102.87823145111,inf,0.0,0.1375782570019262,783.7288917066046,0.736744195376206,nan,nan,222.5,0.8207595657828709,172.0,sunframe,350.0,-0.08,0.003906696931199393,nan,0.003118817268882514,nan
0.0,7072.562324703955,50572.51063779621,inf,0.0,0.13984993498460324,738.1505633612294,0.740968767557108,nan,nan,222.5,0.8052596094191635,172.0,sunframe,350.0,-0.078,0.003720541686094746,nan,0.002937440163821586,nan
0.0,6846.859010878911,48144.569191601186,inf,0.0,0.14221456595925558,694.4626973624909,0.7454445084357179,nan,nan,222.5,0.789150111379776,172.0,sunframe,350.0,-0.076,0.003541921774841723,nan,0.002763586076828837,nan
0.0,6628.691487393428,45819.05389286598,inf,0.0,0.1446710685666409,652.6652937103893,0.7501817457003706,nan,nan,222.5,0.772441709854152,172.0,sunframe,350.0,-0.074,0.0033708371974403182,nan,0.0025972550079042677,nan
0.0,6418.059754247405,43595.96474158951,inf,0.0,0.14721683055507037,612.7583524048997,0.7551895108767268,nan,nan,222.5,0.75515388817015,172.0,sunframe,350.0,-0.072,0.0032072879538904524,nan,0.002438446957047779,nan
0.0,6214.963811440985,41475.30173777323,inf,0.0,0.1498473441069813,574.7418734460621,0.7604749781531983,nan,nan,218.0,0.7360821353485808,172.0,sunframe,350.0,-0.07,0.0030512740441922333,nan,0.0022871619242595303,nan
0.0,6019.403658974097,39457.06488141655,inf,0.0,0.15255578885719678,538.6158568338737,0.7660427837656323,nan,nan,218.0,0.7158942609601952,172.0,sunframe,350.0,-0.068,0.0029027954683456167,nan,0.002143399909539511,nan
0.0,5831.379296846859,37541.25417252073,inf,0.0,0.15533256481120133,504.3803025683241,0.7718942147691517,nan,nan,218.0,0.6953497930933542,172.0,sunframe,350.0,-0.066,0.0027618522263506955,nan,0.0020071609128876782,nan
0.0,5650.890725059084,35727.869611083595,inf,0.0,0.15816478246735566,472.03521064942925,0.7780262606122671,nan,nan,218.0,0.6745341275501707,172.0,sunframe,350.0,-0.064,0.0026284443182073105,nan,0.0018784449343040963,nan
0.0,5477.93794361082,34016.91119710576,inf,0.0,0.16103572460973167,441.58058107711133,0.7844305286624441,nan,nan,218.0,0.6535494133409898,172.0,sunframe,350.0,-0.062,0.0025025717439155055,nan,0.001757251973788456,nan
0.0,5312.520952502265,32408.378930589482,inf,0.0,0.16392430376972372,413.0164138515244,0.791092036620283,nan,nan,218.0,0.6325155824993737,172.0,sunframe,350.0,-0.06,0.002384234503475448,nan,0.0016435820313413696,nan
0.0,5312.520952502265,32408.378930589482,inf,0.0,0.16392430376972372,413.0164138515244,0.791092036620283,nan,nan,218.0,0.6325155824993737,172.0,sunframe,350.0,-0.06,0.002384234503475448,nan,0.0016435820313413696,nan
0.0,5154.6397517331325,30902.272811531322,inf,0.0,0.1668045513406268,386.3427089725181,0.7979879114444961,nan,nan,218.0,0.6115710155968606,172.0,sunframe,350.0,-0.058,0.002273432596886884,nan,0.0015374351069622392,nan
0.0,5004.294341303606,29498.59283993362,inf,0.0,0.16964518844875406,361.5594664401677,0.8050860465439889,nan,nan,213.5,0.5902735600998287,172.0,sunframe,350.0,-0.056,0.0021701660241499852,nan,0.0014388112006513641,nan
0.0,4861.484721213599,28197.33901579517,inf,0.0,0.17240934396293084,338.66668625445686,0.8123437964912035,nan,nan,213.5,0.5690587345589121,172.0,sunframe,350.0,-0.054,0.0020744347852646645,nan,0.0013477103124086797,nan
0.0,4726.210891463189,26998.51133911717,inf,0.0,0.1750544995647798,317.6643684153876,0.8197068201872738,nan,nan,213.5,0.5486016817606224,172.0,sunframe,350.0,-0.052,0.0019862388802310087,nan,0.0012641324422341938,nan
0.0,4598.472852052304,25902.1098098984,inf,0.0,0.17753275257504367,298.5525129229505,0.8271082164550168,nan,nan,213.5,0.5291089168959305,172.0,sunframe,350.0,-0.05,0.0019055783090489288,nan,0.0011880775901278683,nan
0.0,4478.270602980945,24908.13442813904,inf,0.0,0.17979149004117245,281.33111977715487,0.8344681255423633,nan,nan,213.5,0.5107964277781158,172.0,sunframe,350.0,-0.048,0.0018324530717184378,nan,0.0011195457560897412,nan
0.0,4365.604144249168,24016.585193839994,inf,0.0,0.18177455741580198,266.0001889780141,0.8416939887905508,nan,nan,213.5,0.493885751226182,172.0,sunframe,350.0,-0.046,0.0017668631682396017,nan,0.0010585369401198653,nan
0.0,4260.473475856975,23227.46210700071,inf,0.0,0.18342397702471666,252.55972052550922,0.8486816576619693,nan,nan,213.5,0.478599213300969,172.0,sunframe,350.0,-0.044,0.0017088085986123806,nan,0.0010050511422181653,nan
0.0,4162.878597804296,22540.765167620906,inf,0.0,0.1846822220473748,241.00971441962494,0.8553175127394408,nan,nan,213.5,0.46515443236009146,172.0,sunframe,350.0,-0.042,0.0016582893628367536,nan,0.0009590883623845801,nan
0.0,4072.8195100912076,21956.494375701383,inf,0.0,0.185494981138632,231.3501706604013,0.8614816853211434,nan,nan,213.5,0.4537582565655372,172.0,sunframe,350.0,-0.04,0.0016153054609127793,nan,0.0009206486006192692,nan
0.0,4072.8195100912076,21956.494375701383,inf,0.0,0.185494981138632,231.3501706604013,0.8614816853211434,nan,nan,213.5,0.4537582565655372,172.0,sunframe,350.0,-0.04,0.0016153054609127793,nan,0.0009206486006192692,nan
0.0,3990.2962127176042,21474.64973124057,inf,0.0,0.18581426298714715,223.5810892478125,0.8670523661278042,nan,nan,213.5,0.44460037998480123,172.0,sunframe,350.0,-0.038,0.0015798568928403424,nan,0.00088973185692213,nan
0.0,3915.308705683551,21095.23123423966,inf,0.0,0.18560160171786194,217.70247018184057,0.8719110434278168,nan,nan,213.5,0.437846945186034,172.0,sunframe,350.0,-0.036,0.0015519436586195307,nan,0.0008663381312930908,nan
0.0,3847.8569889891514,20818.23888469967,inf,0.0,0.1848310517666856,213.71431346254536,0.875948353740548,nan,nan,213.5,0.4336344858407552,172.0,sunframe,350.0,-0.034,0.0015315657582504188,nan,0.0008504674237323899,nan
0.0,3787.9410626342265,20643.672682618468,inf,0.0,0.18349162578147213,211.61661908986702,0.8790700801113742,nan,nan,213.5,0.4320645815463833,172.0,sunframe,350.0,-0.032,0.0015187231917328501,nan,0.0008421197342397891,nan
0.0,3735.5609266188703,20571.532627997018,inf,0.0,0.18158884873433903,211.40938706383588,0.881202729918544,nan,nan,213.5,0.43319958241921985,172.0,sunframe,350.0,-0.03,0.0015134159590668953,nan,0.0008412950628154092,nan
0.0,3690.7165809430585,20601.81872083545,inf,0.0,0.17914518280905403,213.09261738443112,0.8822980981510937,nan,nan,213.5,0.4370597104161901,172.0,sunframe,350.0,-0.028,0.001515644060252564,nan,0.0008479934094591671,nan
0.0,3653.4080256068164,20734.53096113383,inf,0.0,0.17619921243721426,216.66631005168793,0.8823362922589015,nan,nan,213.5,0.4436217602106038,172.0,sunframe,350.0,-0.026,0.0015254074952898613,nan,0.0008622147741712031,nan
0.0,3623.6352606101464,20969.66934889194,inf,0.0,0.17280364322013608,222.13046506557913,0.8813268589341449,nan,268.9117277739273,213.5,0.45281951227808487,172.0,sunframe,350.0,-0.024,0.001542706264178771,nan,0.0008839591569514088,nan
0.0,3601.398285953035,21307.233884109926,inf,0.0,0.16902232854536844,229.4850824261195,0.8793078855370612,nan,268.9413720967547,218.0,0.4634822864073942,172.0,sunframe,350.0,-0.022,0.0015675403669193036,nan,0.0009132265577998433,nan
0.0,3586.6971016353878,21747.224566786714,inf,0.0,0.16492665952018282,238.73016213328003,0.876343204793814,nan,nan,218.0,0.4763092584920931,172.0,sunframe,350.0,-0.02,0.0015999098035113805,nan,0.0009500169767163909,nan
0.0,3586.6971016353878,21747.224566786714,inf,0.0,0.16492665952018282,238.73016213328003,0.876343204793814,nan,nan,218.0,0.4763092584920931,172.0,sunframe,350.0,-0.02,0.0015999098035113805,nan,0.0009500169767163909,nan
0.0,3579.531707657396,22289.64139692438,inf,0.0,0.16059171360878488,249.86570418708925,0.8725180599501268,nan,nan,218.0,0.49116296416369276,172.0,sunframe,350.0,-0.018,0.001639814573955154,nan,0.0009943304137011652,nan
0.0,3579.902104018958,22934.484374521908,inf,0.0,0.15609254804070932,262.8917085875476,0.8679337459598307,nan,nan,218.0,0.5078313351116048,172.0,sunframe,350.0,-0.016,0.00168725467825055,nan,0.001046166868754168,nan
0.0,3587.808290720009,23681.753499578248,inf,0.0,0.15150095582170067,277.80817533463573,0.8627018071545773,nan,nan,218.0,0.5260858724554036,172.0,sunframe,350.0,-0.014,0.0017422301163974906,nan,0.0011055263418753222,nan
0.0,3603.2502677606335,24531.448772094813,inf,0.0,0.1468828971837745,294.6151044283653,0.8569383434279794,nan,nan,218.0,0.5456890964810613,172.0,sunframe,350.0,-0.012,0.0018047408883960798,nan,0.0011724088330646745,nan
0.0,3626.2280351408085,25483.570192070852,inf,0.0,0.1422967036333512,313.31249586873696,0.8507588755395282,nan,nan,218.0,0.5664015651269301,172.0,sunframe,350.0,-0.01,0.0018747869942462628,nan,0.0012468143423222272,nan
0.0,3656.741592860536,26538.1177595067,inf,0.0,0.13779204787613802,333.90034965574824,0.8442740771601285,nan,nan,222.5,0.5860889469812467,172.0,sunframe,350.0,-0.008,0.0019523684339480638,nan,0.0013287428696479703,nan
0.0,3694.7909409198605,27695.09147440278,inf,0.0,0.13340959513835784,356.3786657894078,0.8375865293524752,nan,nan,222.5,0.6059786432137931,172.0,sunframe,350.0,-0.006,0.0020374852075015146,nan,0.0014181944150419388,nan
0.0,3740.3760793187057,28954.491336758383,inf,0.0,0.129181204940396,380.74744426970267,0.8307885182913926,nan,nan,222.5,0.6261552161873954,172.0,sunframe,350.0,-0.004,0.002130137314906562,nan,0.0015151689785040806,nan
0.0,3793.4970080570592,30316.317346573094,inf,0.0,0.12513053497528023,407.00668509661875,0.8239607947389308,nan,nan,222.5,0.6464401790232724,172.0,sunframe,350.0,-0.002,0.0022303247561631765,nan,0.00161966656003434,nan
0.0,3854.1537271350358,31780.569503848335,inf,0.0,0.12127390375016196,435.156388270192,0.8171721492157503,nan,nan,222.5,0.6666761785271084,172.0,sunframe,350.0,0.0,0.002338047531271462,nan,0.0017316871596328594,nan
0.0,3854.1537271350358,31780.569503848335,inf,0.0,0.12127390375016196,435.156388270192,0.8171721492157503,nan,nan,222.5,0.6666761785271084,172.0,sunframe,350.0,0.0,0.002338047531271462,nan,0.0017316871596328594,nan
0.0,3922.346236552509,33347.24780858269,inf,0.0,0.11762128794157946,465.1965537903969,0.8104796271077749,nan,nan,222.5,0.686727288220314,172.0,sunframe,350.0,0.002,0.002453305640231314,nan,0.001851230777299538,nan
0.0,3998.0745363096144,35016.35226077771,inf,0.0,0.11417735652573702,497.1271816572661,0.803929205673726,nan,nan,222.5,0.7064785272732025,172.0,sunframe,350.0,0.004,0.002576099083042848,nan,0.0019782974130345054,nan
0.0,4081.338626406215,36787.88286043175,inf,0.0,0.11094247097312616,530.9482718707521,0.7975567711060189,nan,nan,225.0,0.7255432989899726,172.0,sunframe,350.0,0.006,0.002706427859705942,nan,0.002112887066837573,nan
0.0,4172.138506842353,38661.839607545415,inf,0.0,0.10791360548782837,566.6598244308678,0.7913892600980031,nan,nan,225.0,0.7429914817936387,172.0,sunframe,350.0,0.008,0.00284429197022064,nan,0.0022549997387087913,nan
0.0,4270.47417761808,40638.222502119184,inf,0.0,0.10508516157160626,604.2618393376475,0.7854458602008536,nan,nan,225.0,0.7598993452586851,172.0,sunframe,350.0,0.01,0.0029896914145869785,nan,0.0024046354286482974,nan
0.0,4376.3456387333545,42717.03154415281,inf,0.0,0.10244966657409034,643.7543165910591,0.7797391921117217,nan,nan,227.5,0.7748268026123664,172.0,sunframe,350.0,0.012,0.0031426261928049386,nan,0.0025617941366559635,nan
0.0,4489.752890188185,44898.266733645985,inf,0.0,0.09999835665869128,685.1372561911086,0.7742764223157445,nan,nan,227.5,0.7891265853082566,172.0,sunframe,350.0,0.014,0.0033030963048744978,nan,0.0027264758627318134,nan
0.0,4610.695931982589,47181.92807059929,inf,0.0,0.09772165149935182,728.4106581378026,0.7690602750707533,nan,nan,227.5,0.8028312838645925,172.0,sunframe,350.0,0.016,0.003471101750795699,nan,0.002898680606875873,nan
0.0,4739.174764116481,49568.01555501141,inf,0.0,0.0956095318937444,773.5745224311246,0.7640899284338517,nan,nan,227.5,0.8159410166694985,172.0,sunframe,350.0,0.018,0.0036466425305684445,nan,0.0030784083690880773,nan
0.0,4875.189386589922,52056.5291868834,inf,0.0,0.09365183316559482,820.6288490710958,0.7593617903275391,nan,nan,227.5,0.8284619886976349,172.0,sunframe,350.0,0.02,0.003829718644192814,nan,0.0032656591493685104,nan
0.0,4875.189386589922,52056.5291868834,inf,0.0,0.09365183316559482,820.6288490710958,0.7593617903275391,nan,nan,227.5,0.8284619886976349,172.0,sunframe,350.0,0.02,0.003829718644192814,nan,0.0032656591493685104,nan
0.0,5018.739799403022,54647.46896621628,inf,0.0,0.0918384674412948,869.5736380577173,0.7548701582497986,nan,nan,227.5,0.8404051906552962,172.0,sunframe,350.0,0.022,0.00402033009166888,nan,0.0034604329477171767,nan
0.0,5169.826002555593,57340.83489300795,inf,0.0,0.09015958718079274,920.4088893909574,0.7506077709378866,nan,nan,227.5,0.8517852862127113,172.0,sunframe,350.0,0.024,0.00421847687299649,nan,0.0036627297641339497,nan
0.0,5328.447996047716,60136.62696725947,inf,0.0,0.08860570113033964,973.1346030708528,0.7465662628403588,nan,nan,227.5,0.862619672853109,172.0,sunframe,350.0,0.026,0.004424158988175721,nan,0.003872549598618976,nan
0.0,5494.605779879412,63034.84518897078,inf,0.0,0.08716775242974348,1027.750779097378,0.7427365332688124,nan,nan,227.5,0.8729276991318414,172.0,sunframe,350.0,0.028,0.004637376437206568,nan,0.004089892451172154,nan
0.0,5668.29935405067,66035.48955814203,inf,0.0,0.08583716713510428,1084.2574174705608,0.7391090420960511,nan,nan,227.5,0.8827300201428844,172.0,sunframe,350.0,0.03,0.0048581292200890434,nan,0.004314758321793594,nan
0.0,5849.528718561484,69138.56007477314,inf,0.0,0.08460588002173082,1142.6545181903791,0.7356740432259566,nan,nan,230.5,0.8911269348045214,172.0,sunframe,350.0,0.032,0.005086417336823141,nan,0.004547147210483208,nan
0.0,6038.293873411869,72344.05673886398,inf,0.0,0.0834663432714029,1202.9420812568328,0.7324217660615969,nan,nan,230.5,0.8988128579494898,172.0,sunframe,350.0,0.034,0.005322240787408851,nan,0.004787059117240995,nan
0.0,6234.594818601725,75651.9795504137,inf,0.0,0.08241152254908353,1265.1201066699075,0.72934255403627,nan,nan,230.5,0.9061037887994462,172.0,sunframe,350.0,0.036,0.0055655995718461105,nan,0.0050344940420669,nan
0.0,6438.431554131216,79062.3285094243,inf,0.0,0.0814348840404283,1329.188594429669,0.7264269680758714,nan,nan,233.5,0.9119989444713752,172.0,sunframe,350.0,0.038,0.005816493690135068,nan,0.005289451984961183,nan
0.0,6649.804080000282,82575.1036158948,inf,0.0,0.08053037524400113,1395.1475445360406,0.7236658617102254,nan,nan,233.5,0.9175173954393671,172.0,sunframe,350.0,0.04,0.006074923142275649,nan,0.005551932945923539,nan
0.0,6649.804080000282,82575.1036158948,inf,0.0,0.08053037524400113,1395.1475445360406,0.7236658617102254,nan,nan,233.5,0.9175173954393671,172.0,sunframe,350.0,0.04,0.006074923142275649,nan,0.005551932945923539,nan
0.0,6868.712396208827,86190.30486982403,inf,0.0,0.07969240167537245,1462.996956989051,0.7210504334915061,nan,nan,233.5,0.9227475045911356,172.0,sunframe,350.0,0.042,0.006340887928267769,nan,0.005821936924954082,nan
0.0,7095.1565027569595,89907.93227121342,inf,0.0,0.07891580112591107,1532.7368317887021,0.7185722614317647,nan,nan,236.5,0.9267688432366632,172.0,sunframe,350.0,0.044,0.0066143880481115335,nan,0.0060994639220528215,nan
0.0,7329.1363996446025,93727.98582006244,inf,0.0,0.07819581670852253,1604.3671689349985,0.7162233233455845,nan,nan,236.5,0.9305505466885988,172.0,sunframe,350.0,0.046,0.006895423501806904,nan,0.006384513937219773,nan
0.0,7570.652086871842,97650.46551637117,inf,0.0,0.07752806959842518,1677.8879684279214,0.7139960062750805,nan,nan,236.5,0.9341354384806136,172.0,sunframe,350.0,0.048,0.007183994289353884,nan,0.006677086970454863,nan
0.0,7819.703564438638,101675.3713601401,inf,0.0,0.07690853212368207,1753.299230267494,0.7118831075746619,nan,nan,239.5,0.9368791494558616,172.0,sunframe,350.0,0.05,0.00748010041075251,nan,0.0069771830217581834,nan
0.0,8076.290832344982,105802.7033513686,inf,0.0,0.07633350166416623,1830.6009544537255,0.7098778297309108,nan,nan,239.5,0.9392977434764852,172.0,sunframe,350.0,0.052,0.0077837418660027385,nan,0.007284802091129772,nan
0.0,8340.413890590848,110032.46149005622,inf,0.0,0.07579957566744594,1909.7931409865605,0.7079737705766295,nan,nan,239.5,0.9415928309473449,172.0,sunframe,350.0,0.054,0.008094918655104533,nan,0.007599944178569407,nan
0.0,8612.072739176318,114364.64577620439,inf,0.0,0.07530362797633229,1990.8757898660565,0.7061649102156932,nan,nan,239.5,0.94377222844533,172.0,sunframe,350.0,0.056,0.008413630778058002,nan,0.007922609284077318,nan
0.0,8891.267378101285,118799.25620981169,inf,0.0,0.07484278657770714,2073.848901092181,0.7044455956955605,nan,nan,239.5,0.9458432013400476,172.0,sunframe,350.0,0.058,0.008739878234863038,nan,0.008252797407653376,nan
0.0,9177.997807365877,123336.29279087964,inf,0.0,0.07441441281948895,2158.712474664967,0.7028105242370972,nan,nan,239.5,0.9478125022602211,172.0,sunframe,350.0,0.06,0.009073661025519755,nan,0.00859050854929771,nan
0.0,9177.997807365877,123336.29279087964,inf,0.0,0.07441441281948895,2158.712474664967,0.7028105242370972,nan,nan,239.5,0.9478125022602211,172.0,sunframe,350.0,0.06,0.009073661025519755,nan,0.00859050854929771,nan
0.0,9472.264026969888,127975.75551940555,inf,0.0,0.07401608209715602,2245.4665105843587,0.7012547256480551,nan,nan,239.5,0.9496864076401611,172.0,sunframe,350.0,0.062,0.009414979150027952,nan,0.0089357427090101,nan
0.0,9774.066036913606,132717.6443953931,inf,0.0,0.07364556597911472,2334.1110088504383,0.6997735443992086,nan,nan,239.5,0.9514707522149295,172.0,sunframe,350.0,0.064,0.009763832608387904,nan,0.009288499886790874,nan
0.0,10083.403837196829,137561.95941883983,inf,0.0,0.07330081571821413,2424.645969463121,0.6983626217246035,nan,nan,239.5,0.9531709614096778,172.0,sunframe,350.0,0.066,0.010120221400599429,nan,0.009648780082639693,nan
0.0,10400.277427819527,142508.70058974533,inf,0.0,0.07297994708238825,2517.071392422455,0.6970178780138911,nan,nan,239.5,0.9547920816251246,172.0,sunframe,350.0,0.068,0.010484145526662493,nan,0.010016583296556749,nan
0.0,10724.686808781868,147557.86790811166,inf,0.0,0.07268122642880978,2611.3872777284278,0.6957354956909172,nan,nan,239.5,0.9563388084606542,172.0,sunframe,350.0,0.07,0.010855604986577252,nan,0.010391909528541991,nan
0.0,11056.631980083737,152709.4613739376,inf,0.0,0.07240305794157384,2707.5936253810473,0.6945119027148002,nan,nan,241.5,0.9577285153411387,172.0,sunframe,350.0,0.072,0.011234599780343614,nan,0.010774758778595453,nan
0.0,11396.112941725216,157963.48098722368,inf,0.0,0.07214397195163703,2805.6904353803175,0.6933437567945094,nan,nan,241.5,0.9589572475838759,172.0,sunframe,350.0,0.074,0.011621129907961618,nan,0.01116513104671715,nan
0.0,11743.12969370615,163319.92674796854,inf,0.0,0.07190261425862547,2905.677707726197,0.6922279303730331,nan,nan,241.5,0.9601354199739264,172.0,sunframe,350.0,0.076,0.012015195369431166,nan,0.011563026332906914,nan
0.0,12097.682236026654,168778.79865617325,inf,0.0,0.07167773637654204,3007.55544241871,0.6911614964104,nan,nan,241.5,0.9612657881164358,172.0,sunframe,350.0,0.078,0.012416796164752334,nan,0.011968444637164849,nan
0.0,12459.770568686728,174340.09671183786,inf,0.0,0.07146818662881181,3111.323639457887,0.6901417149745553,nan,nan,241.5,0.9623509280221572,172.0,sunframe,350.0,0.08,0.012825932293925126,nan,0.01238138595949107,nan
0.0,12459.770568686728,174340.09671183786,inf,0.0,0.07146818662881181,3111.323639457887,0.6901417149745553,nan,nan,241.5,0.9623509280221572,172.0,sunframe,350.0,0.08,0.012825932293925126,nan,0.01238138595949107,nan
0.0,12829.39469168636,180003.82091496224,inf,0.0,0.07127290202215901,3216.9822988437,0.6891660206339397,nan,nan,241.5,0.9633932491813393,172.0,sunframe,350.0,0.082,0.013242603756949535,nan,0.012801850299885465,nan
0.0,13206.554605025542,185769.97126554657,inf,0.0,0.07109090083320084,3324.5314205761656,0.6882320106344954,nan,nan,241.5,0.9643950066447102,172.0,sunframe,350.0,0.084,0.013666810553825572,nan,0.013229837658348105,nan
0.0,13591.250308704288,191638.54776359064,inf,0.0,0.07092127584618696,3433.9710046552586,0.6873374338359687,nan,nan,241.5,0.9653583121814856,172.0,sunframe,350.0,0.086,0.014098552684553222,nan,0.013665348034878887,nan
0.0,13983.481802722612,197609.55040909463,inf,0.0,0.07076318818485125,3545.301051080994,0.686480180376909,nan,nan,241.5,0.9662851445816362,172.0,sunframe,350.0,0.088,0.014537830149132498,nan,0.01410838142947787,nan
0.0,14383.24908708047,203682.9792020584,inf,0.0,0.07061586168578152,3658.521559853365,0.6856582720342433,nan,nan,241.5,0.9671773591661871,172.0,sunframe,350.0,0.09,0.01498464294756339,nan,0.014558937842145027,nan
0.0,14790.552161777907,209858.83414248208,inf,0.0,0.07047857776497496,3773.632530972405,0.6848698532413203,nan,nan,241.5,0.9680366965658506,172.0,sunframe,350.0,0.092,0.015438991079845909,nan,0.015017017272880491,nan
0.0,15205.391026814816,216137.11523036455,inf,0.0,0.07035067073329129,3890.633964438032,0.684113182727356,nan,nan,241.5,0.9688647908243936,172.0,sunframe,350.0,0.094,0.015900874545979972,nan,0.015482619721683936,nan
0.0,15627.765682191373,222517.82246570796,inf,0.0,0.07023152352032276,4009.525860250338,0.6833866257411593,nan,nan,241.5,0.9696631768796354,172.0,sunframe,350.0,0.096,0.016370293345965733,nan,0.01595574518855573,nan
0.0,16057.676127907403,229000.95584851003,inf,0.0,0.07012056376974236,4130.308218409275,0.6826886468225781,nan,nan,241.5,0.9704332974709439,172.0,sunframe,350.0,0.098,0.01684724747980303,nan,0.01643639367349568,nan
0.0,16495.122363963037,235586.5153787723,inf,0.0,0.07001726027248392,4252.981038914858,0.6820178030860852,nan,nan,243.0,0.9711519688226511,172.0,sunframe,350.0,0.1,0.017331736947491974,nan,0.016924565176503845,nan
0.0,16495.122363963037,235586.5153787723,inf,0.0,0.07001726027248392,4252.981038914858,0.6820178030860852,nan,nan,243.0,0.9711519688226511,172.0,sunframe,350.0,0.1,0.017331736947491974,nan,0.016924565176503845,nan
0.0,21284.053193194577,307075.54879168037,inf,0.0,0.06931210666868709,5583.684673035803,0.6765393025377169,nan,nan,243.0,0.9752280561610353,172.0,sunframe,350.0,0.12,0.022591074986220105,nan,0.022220046200335734,nan
0.0,26826.563056381576,388807.1969505644,inf,0.0,0.06899708458789791,7103.434541820781,0.6726822609791276,nan,nan,243.0,0.9781499726412478,172.0,sunframe,350.0,0.14,0.02860394641010969,nan,0.02826782903098697,nan
0.0,33122.65195352377,480781.4598554213,inf,0.0,0.06889336365733463,8812.230645269748,0.669867038242379,nan,nan,243.0,0.9803239362969591,172.0,sunframe,350.0,0.16,0.035370351219160504,nan,0.03506791366845738,nan
0.0,40172.31988462134,582998.3375062535,inf,0.0,0.06890640555933049,10710.07298338275,0.6677492054190596,nan,nan,243.0,0.9819913989863375,172.0,sunframe,350.0,0.18,0.04289028941337273,nan,0.04262030011274714,nan
0.0,47975.56684967432,695457.829903061,inf,0.0,0.06898414941472665,12796.961556159742,0.6661149154448792,nan,nan,243.0,0.9833030450114014,172.0,sunframe,350.0,0.2,0.05116376099274636,nan,0.05092498836385607,nan
0.0,56532.392848682524,818159.9370458421,inf,0.0,0.06909699471817939,15072.896363600745,0.6648261691958122,nan,nan,243.0,0.9843568835083808,172.0,sunframe,350.0,0.22,0.06019076595728127,nan,0.059981978421784266,nan
0.0,65842.79788164613,951104.6589345982,inf,0.0,0.06922771039246244,17537.877405705753,0.6637908608440729,nan,nan,247.0,0.9848343877822499,172.0,sunframe,350.0,0.24,0.06997130430697757,nan,0.06979127028653169,nan
0.0,75906.78194856504,1094291.9955693288,inf,0.0,0.06936611275226674,20191.904682474786,0.6629456794786971,nan,nan,247.0,0.984996368468417,172.0,sunframe,350.0,0.26,0.0805053760418352,nan,0.08035286395809843,nan
0.0,86724.34504943927,1247721.9469500342,inf,0.0,0.06950614699166802,23034.97819390782,0.6622459701249318,nan,nan,247.0,0.9851336059527058,172.0,sunframe,350.0,0.28,0.09179298116185423,nan,0.09166675943648439,nan
0.0,98295.48718426889,1411394.5130767145,inf,0.0,0.06964423219273644,26067.097940004875,0.661659512837184,nan,nan,247.0,0.9852512077212944,172.0,sunframe,350.0,0.3,0.10383411966703462,nan,0.10373295672168965,nan
0.0,110620.20835305376,1585309.6939493688,inf,0.0,0.06977829554392842,29288.26392076591,0.6611625876481315,nan,nan,247.0,0.985352993181599,172.0,sunframe,350.0,0.32,0.11662879155737632,nan,0.11655145581371404,nan
0.0,123698.50855579403,1769467.4895679979,inf,0.0,0.0699071948397278,32698.476136190977,0.6607374166758624,nan,nan,247.0,0.985441869912098,172.0,sunframe,350.0,0.34,0.1301769968328794,nan,0.13012225671255778,nan
0.0,137530.3877924895,1963867.8999325994,inf,0.0,0.07003036599213704,36297.73458628002,0.660370460298394,nan,nan,247.0,0.9855200867310213,172.0,sunframe,350.0,0.36,0.14447873549354368,nan,0.14444535941822065,nan
0.0,152115.84606314037,2168510.925043178,inf,0.0,0.07014760419531275,40086.0392710331,0.6600512570040059,nan,nan,247.0,0.9855894077962322,172.0,sunframe,350.0,0.38,0.15953400753936947,nan,0.15952076393070286,nan
0.0,167454.88336774663,2383396.5648997305,inf,0.0,0.07025892620382772,44063.39019045018,0.6597716175974244,nan,nan,247.0,0.9856512348245089,172.0,sunframe,350.0,0.4,0.1753428129703566,nan,0.1753484702500043,nan
0.0,183547.49970630815,2608524.8195022577,inf,0.0,0.07036448276590733,48229.78734453129,0.6595250553644995,nan,nan,247.0,0.9857066944674842,172.0,sunframe,350.0,0.42,0.19190515178650508,nan,0.19192847837612503,nan
0.0,200393.69507882508,2843895.6888507595,inf,0.0,0.07046450257105095,52585.23073327638,0.6593063764468633,nan,nan,247.0,0.9857567018161851,172.0,sunframe,350.0,0.44,0.2092210239878149,nan,0.20926078830906497,nan
0.0,217993.46948529728,3089509.172945235,inf,0.0,0.07055925627095118,57129.720356685495,0.6591113809462338,nan,nan,247.0,0.9858020072530392,172.0,sunframe,350.0,0.46,0.22729042957428602,nan,0.22734540004882417,nan
0.0,236346.82292572485,3345365.271785686,inf,0.0,0.070649033431129,61863.25621475863,0.6589366418160408,nan,nan,247.0,0.9858432314943489,172.0,sunframe,350.0,0.48,0.24611336854591856,nan,0.24618231359540269,nan
0.0,255453.75540010774,3611463.9853721126,inf,0.0,0.07073412788686212,66785.83830749577,0.6587793392219384,nan,nan,247.0,0.9858808921306739,172.0,sunframe,350.0,0.5,0.2656898409027125,nan,0.2657715289488004,nan
0.0,275314.266908446,3887805.313704513,inf,0.0,0.07081482859698844,71897.4666348969,0.6586371350052207,nan,nan,247.0,0.9859154239610106,172.0,sunframe,350.0,0.52,0.2860198466446678,nan,0.2861130461090174,nan
0.0,295928.35745073954,4174389.2567828875,inf,0.0,0.07089141410803773,77198.14119696207,0.65850807651147,nan,nan,247.0,0.9859471947386063,172.0,sunframe,350.0,0.54,0.3071033857717844,nan,0.30720686507605366,nan
0.0,317296.0270269885,4471215.814607238,inf,0.0,0.07096414939095498,82687.86199369124,0.6583905221771386,nan,nan,247.0,0.9859765174843166,172.0,sunframe,350.0,0.56,0.3289404582840625,nan,0.32905298584990916,nan
0.0,339417.27563719265,4778284.987177561,inf,0.0,0.07103328423231611,88366.62902508442,0.6582830834151867,nan,nan,247.0,0.9860036602040694,172.0,sunframe,350.0,0.58,0.3515310641815017,nan,0.3516514084305839,nan
0.0,362292.10328135215,5095596.77449386,inf,0.0,0.07109905263595709,94234.44229114159,0.6581845788358707,nan,nan,247.0,0.9860288536230831,172.0,sunframe,350.0,0.6,0.3748752034641024,nan,0.37500213281807787,nan
0.0,385920.50995946716,5423151.176556133,inf,0.0,0.0711616728716271,100291.30179186279,0.6580939978921362,nan,nan,247.0,0.9860522973905393,172.0,sunframe,350.0,0.62,0.3989728761318644,nan,0.39910515901239113,nan
0.0,410302.4956715373,5760948.193364381,inf,0.0,0.0712213479274358,106537.20752724797,0.6580104717903565,nan,nan,247.0,0.9860741650941601,172.0,sunframe,350.0,0.64,0.42382408218478784,nan,0.4239604870135235,nan
0.0,435438.0604175628,6108987.824918603,inf,0.0,0.07127826620334844,112972.15949729718,0.6579332500488659,nan,nan,247.0,0.9860946083411416,172.0,sunframe,350.0,0.66,0.4494288216228725,nan,0.4495681168214753,nan
0.0,461327.2041975437,6467270.0712188,inf,0.0,0.07133260233720277,119596.15770201042,0.657861681481455,nan,nan,247.0,0.9861137601009368,172.0,sunframe,350.0,0.68,0.4757870944461186,nan,0.4759280484362463,nan
0.0,487969.92701147974,6835794.932264969,inf,0.0,0.07138451809141619,126409.20214138756,0.6577951986734517,nan,nan,247.0,0.986131737460198,172.0,sunframe,350.0,0.7,0.5028989006545259,nan,0.5030402818578362,nan
0.0,515366.22885937133,7214562.408057114,inf,0.0,0.07143416325345223,133411.2928154288,0.6577333052337486,nan,nan,247.0,0.9861486439063638,172.0,sunframe,350.0,0.72,0.5307642402480947,nan,0.5309048170862458,nan
0.0,543516.1097412183,7603572.498595236,inf,0.0,0.07148167652003491,140602.42972413407,0.6576755652677042,nan,nan,247.0,0.9861645712308403,172.0,sunframe,350.0,0.74,0.5593831132268249,nan,0.5595216541214746,nan
0.0,572419.5696570203,8002825.203879331,inf,0.0,0.07152718634658453,147982.6128675033,0.657621594637926,nan,nan,247.0,0.9861796011233209,172.0,sunframe,350.0,0.76,0.5887555195907164,nan,0.5888907929635225,nan
0.0,602076.608606778,8412320.5239094,inf,0.0,0.07157081175111706,155551.8422455366,0.6575710536728475,nan,nan,247.0,0.9861938065138584,172.0,sunframe,350.0,0.78,0.6188814593397691,nan,0.6190122336123899,nan
0.0,632487.2265904908,8832058.458685447,inf,0.0,0.07161266306706822,163310.1178582339,0.6575236410542629,nan,nan,247.0,0.9862072527078222,172.0,sunframe,350.0,0.8,0.6497609324739836,nan,0.6498859760680764,nan
0.0,663651.4236081587,9262039.008207463,inf,0.0,0.0716528426429721,171257.43970559508,0.6574790886700023,nan,nan,247.0,0.9862199983499014,172.0,sunframe,350.0,0.82,0.681393938993359,nan,0.6815120203305818,nan
0.0,695569.1996597823,9702262.172475453,inf,0.0,0.0716914454891826,179393.80778762035,0.6574371572607041,nan,nan,247.0,0.9862320962463116,172.0,sunframe,350.0,0.84,0.7137804788978956,nan,0.7138903663999067,nan
0.0,728240.5547453611,10152727.951489424,inf,0.0,0.07172855987326311,187719.2221043097,0.6573976327230683,nan,nan,247.0,0.9862435940688352,172.0,sunframe,350.0,0.86,0.7469205521875941,nan,0.7470210142760512,nan
0.0,761665.4888648954,10613436.345249366,inf,0.0,0.07176426786653516,196233.68265566303,0.6573603229583423,nan,nan,247.0,0.9862545349599522,172.0,sunframe,350.0,0.88,0.7808141588624538,nan,0.7809039639590147,nan
0.0,795844.002018385,11084387.353755284,inf,0.0,0.07179864584475755,204937.18944168033,0.6573250551756029,nan,nan,247.0,0.986264958054825,172.0,sunframe,350.0,0.9,0.8154612989224748,nan,0.8155392154487974,nan
0.0,830776.0942058299,11565580.977007177,inf,0.0,0.07183176494613154,213829.74246236167,0.6572916735759602,nan,nan,247.0,0.9862748989331087,172.0,sunframe,350.0,0.92,0.8508619723676571,nan,0.8509267687453995,nan
0.0,866461.76542723,12057017.215005042,inf,0.0,0.07186369148987465,222911.34171770696,0.6572600373571416,nan,nan,247.0,0.9862843900112964,172.0,sunframe,350.0,0.94,0.8870161791980008,nan,0.8870666238488205,nan
0.0,902901.0156825853,12558696.067748882,inf,0.0,0.07189448735854535,232181.9872077163,0.6572300189884874,nan,nan,247.0,0.986293460884501,172.0,sunframe,350.0,0.96,0.9239239194135057,nan,0.923958780759061,nan
0.0,940093.8449718963,13070617.535238698,inf,0.0,0.07192421034716842,241641.67893238968,0.6572015027150759,nan,nan,247.0,0.9863021386250801,172.0,sunframe,350.0,0.98,0.9615851930141722,nan,0.9616032394761209,nan
0.0,978040.2532951626,13592781.617474489,inf,0.0,0.07195291448203818,251290.41689172707,0.6571743832566515,nan,nan,247.0,0.9863104480443007,172.0,sunframe,350.0,1.0,1.0,nan,1.0,nan
0.0,1016740.240652384,14125188.314456252,inf,0.0,0.07198065031188389,261128.20108572842,0.657148564672734,nan,nan,247.0,0.986318411922258,172.0,sunframe,350.0,1.02,1.039168340370989,nan,1.0391490623306983,nan
0.0,1056193.8070435608,14667837.626183994,inf,0.0,0.07200746517387933,271155.03151439375,0.6571239593699437,nan,nan,247.0,0.9863260512104264,172.0,sunframe,350.0,1.04,1.0790902141271397,nan,1.0790504264682155,nan
0.0,1096400.952468693,15220729.552657707,inf,0.0,0.07203340343677872,281370.9081777232,0.6571004872314297,nan,nan,247.0,0.9863333852105596,172.0,sunframe,350.0,1.06,1.1197656212684515,nan,1.1197040924125523,nan
0.0,1137361.676927781,15783864.0938774,inf,0.0,0.07205850672326597,291775.83107571665,0.6570780748514179,nan,nan,247.0,0.9863404317330824,172.0,sunframe,350.0,1.08,1.1611945617949249,nan,1.1611100601637085,nan
0.0,1179075.9804208234,16357241.24984306,inf,0.0,0.07208281411342124,302369.80020837404,0.6570566548605354,nan,nan,247.0,0.9863472072376622,172.0,sunframe,350.0,1.1,1.2033770357065592,nan,1.2032683297216837,nan
0.0,1221543.8629478218,16940861.020554703,inf,0.0,0.07210636233103483,313152.8155756955,0.6570361653297497,nan,nan,247.0,0.9863537269582421,172.0,sunframe,350.0,1.12,1.2463130430033555,nan,1.2461789010864783,nan
0.0,1264765.3245087743,17534723.406012297,inf,0.0,0.0721291859143391,324124.8771776807,0.6570165492425355,nan,nan,247.0,0.9863600050144926,172.0,sunframe,350.0,1.14,1.2900025836853113,nan,1.2898417742580914,nan
0.0,1308740.3651036837,18138828.40621589,inf,0.0,0.07215131737258174,335285.98501433025,0.6569977540264574,nan,nan,247.0,0.986366054511377,172.0,sunframe,350.0,1.16,1.3344456577524306,nan,1.3342569492365248,nan
0.0,1353468.9847325478,18753176.021165453,inf,0.0,0.07217278732972901,346636.13908564363,0.6569797311365786,nan,nan,247.0,0.986371887628268,172.0,sunframe,350.0,1.18,1.3796422652047104,nan,1.379424426021777,nan
0.0,1398951.1833953673,19377766.25086099,inf,0.0,0.0721936246564647,358175.3393916212,0.6569624356842046,nan,nan,247.0,0.9863775156988699,172.0,sunframe,350.0,1.2,1.4255924060421519,nan,1.4253442046138487,nan
0.0,1445186.961092142,20012599.0953025,inf,0.0,0.0722138565915392,369903.5859322626,0.6569458261053764,nan,nan,247.0,0.9863829492830396,172.0,sunframe,350.0,1.22,1.4722960802647544,nan,1.4720162850127392,nan
0.0,1492176.3178228722,20657674.55448999,inf,0.0,0.07223350885342245,381820.87870756816,0.6569298638642892,nan,nan,247.0,0.9863881982314298,172.0,sunframe,350.0,1.24,1.5197532878725188,nan,1.5194406672184497,nan
0.0,1539919.2535875575,21312992.628423445,inf,0.0,0.0722526057431226,393927.2177175375,0.6569145131874574,nan,nan,247.0,0.9863932717437913,172.0,sunframe,350.0,1.26,1.567964028865444,nan,1.5676173512309783,nan
0.0,1588415.768386199,21978553.317102887,inf,0.0,0.07227117023895077,406222.60296217114,0.6568997408250185,nan,nan,247.0,0.9863981784216317,172.0,sunframe,350.0,1.28,1.616928303243531,nan,1.6165463370503275,nan
0.0,1637665.8622187946,22654356.62052829,inf,0.0,0.07228922408393715,418707.03444146854,0.6568855158360313,nan,nan,247.0,0.9864029263158659,172.0,sunframe,350.0,1.3,1.6666461110067787,nan,1.6662276246764949,nan
0.0,1687669.5350853465,23340402.53869968,inf,0.0,0.07230678786653731,431380.5121554302,0.6568718093950252,nan,nan,247.0,0.9864075229699982,172.0,sunframe,350.0,1.32,1.7171174521551886,nan,1.7166612141094826,nan
0.0,1738426.7869858528,24036691.071617026,inf,0.0,0.07232388109520697,444243.0361040556,0.6568585946174234,nan,nan,247.0,0.9864119754593182,172.0,sunframe,350.0,1.34,1.7683423266887586,nan,1.7678471053492881,nan
0.0,1789937.6179203156,24743222.21928037,inf,0.0,0.07234052226736919,457294.6062873453,0.6568458464017293,nan,nan,247.0,0.9864162904265297,172.0,sunframe,350.0,1.36,1.8203207346074917,nan,1.8197852983959144,nan
0.0,1842202.027888732,25459995.981689665,inf,0.0,0.07235672893324917,470535.2227052986,0.6568335412866785,nan,nan,247.0,0.9864204741141879,172.0,sunframe,350.0,1.38,1.8730526759113844,nan,1.8724757932493583,nan
0.0,1895220.016891105,26187012.358844943,inf,0.0,0.07237251775500744,483964.8853579162,0.6568216573217077,nan,nan,247.0,0.9864245323942701,172.0,sunframe,350.0,1.4,1.9265381506004389,nan,1.9259185899096225,nan
0.0,1948991.5849274334,26924271.350746207,inf,0.0,0.0723879045615627,497583.5942451977,0.6568101739493603,nan,nan,247.0,0.9864284707951688,172.0,sunframe,350.0,1.42,1.9807771586746556,nan,1.9801136883767056,nan
0.0,2003516.7319977167,27671772.957393438,inf,0.0,0.0724029043994599,511391.34936714324,0.6567990718983556,nan,nan,247.0,0.9864322945263703,172.0,sunframe,350.0,1.44,2.035769700134033,nan,2.035061088650608,nan
0.0,2058795.4581019557,28429517.17878664,inf,0.0,0.07241753158010629,525388.1507237528,0.6567883330862383,nan,nan,247.0,0.9864360085010402,172.0,sunframe,350.0,1.46,2.0915157749785718,nan,2.0907607907313297,nan
0.0,2114827.76324015,29197504.014925823,inf,0.0,0.07243179972366974,539573.9983150264,0.6567779405306187,nan,nan,247.0,0.9864396173567246,172.0,sunframe,350.0,1.48,2.1480153832082722,nan,2.147212794618871,nan
0.0,2171613.647412299,29975733.465810977,inf,0.0,0.07244572179990684,553948.892140964,0.656767878268151,nan,nan,247.0,0.9864431254743422,172.0,sunframe,350.0,1.5,2.2052685248231336,nan,2.2044171003132313,nan
0.0,2229153.1106184036,30764205.531442113,inf,0.0,0.07245931016616469,568512.8322015656,0.6567581312804778,nan,nan,247.0,0.9864465369956336,172.0,sunframe,350.0,1.52,2.2632751998231573,nan,2.262373707814411,nan
0.0,2287446.1528584645,31562920.211819217,inf,0.0,0.07247257660277884,583265.8184968313,0.6567486854264539,nan,nan,247.0,0.986449855839212,172.0,sunframe,350.0,1.54,2.3220354082083414,nan,2.32108261712241,nan
0.0,2346492.7741324794,32371877.50694229,inf,0.0,0.07248553234606994,598207.851026761,0.6567395273800555,nan,nan,247.0,0.9864530857153382,172.0,sunframe,350.0,1.56,2.381549149978687,nan,2.380543828237228,nan
0.0,2406292.9744404503,33191077.416811343,inf,0.0,0.0724981881191256,613338.9297913546,0.6567306445734173,nan,nan,247.0,0.9864562301395438,172.0,sunframe,350.0,1.58,2.441816425134194,nan,2.4407573411588652,nan
0.0,2466846.7537823766,34020519.941426374,inf,0.0,0.07251055416053555,628659.0547906122,0.6567220251445285,nan,nan,247.0,0.9864592924452,172.0,sunframe,350.0,1.6,2.5028372336748625,nan,2.501723155887322,nan
0.0,2528154.112158258,34860205.080787376,inf,0.0,0.07252264025123617,644168.226024534,0.6567136578891379,nan,nan,247.0,0.9864622757951292,172.0,sunframe,350.0,1.62,2.564611575600692,nan,2.563441272422598,nan
0.0,2590215.0495680943,35710132.834894344,inf,0.0,0.07253445573960599,659866.4434931193,0.656705532216501,nan,nan,247.0,0.9864651831923422,172.0,sunframe,350.0,1.64,2.6271394509116828,nan,2.625911690764692,nan
0.0,2653029.566011887,36570303.2037473,inf,0.0,0.07254600956494217,675753.7071963691,0.6566976381086012,nan,nan,247.0,0.9864680174899753,172.0,sunframe,350.0,1.66,2.6904208596078356,nan,2.6891344109136064,nan
0.0,2716597.6614896334,37440716.18734621,inf,0.0,0.07255731027943739,691830.0171342826,0.6566899660825491,nan,nan,247.0,0.9864707814004973,172.0,sunframe,350.0,1.68,2.7544558016891485,nan,2.7531094328693397,nan
0.0,2780919.336001337,38321371.78569113,inf,0.0,0.07256836606876658,708095.3733068604,0.6566825071558607,nan,nan,247.0,0.9864734775042485,172.0,sunframe,350.0,1.7,2.8192442771556245,nan,2.817836756631893,nan
0.0,2845994.589546995,39212269.998781994,inf,0.0,0.07257918477138398,724549.7757141021,0.6566752528143832,nan,nan,247.0,0.9864761082573678,172.0,sunframe,350.0,1.72,2.8847862860072606,nan,2.8833163822012646,nan
0.0,2911823.4221266094,40113410.82661886,inf,0.0,0.07258977389662294,741193.2243560079,0.6566681949826182,nan,nan,247.0,0.9864786759991525,172.0,sunframe,350.0,1.74,2.9510818282440594,nan,2.949548309577456,nan
0.0,2978405.8337401776,41024794.269201666,inf,0.0,0.07260014064168363,758025.7192325775,0.6566613259962567,nan,nan,247.0,0.9864811829589087,172.0,sunframe,350.0,1.76,3.0181309038660173,nan,3.0165325387604667,nan
0.0,3045741.824387702,41946420.32653047,inf,0.0,0.07261029190758661,775047.2603438115,0.6566546385767186,nan,nan,247.0,0.9864836312623224,172.0,sunframe,350.0,1.78,3.0859335128731384,nan,3.0842690697502975,nan
0.0,3113831.3940691804,42878288.99860524,inf,0.0,0.07262023431416464,792257.8476897089,0.6566481258075433,nan,nan,247.0,0.9864860229373933,172.0,sunframe,350.0,1.8,3.15448965526542,nan,3.1527579025469454,nan
0.0,3182674.5427846154,43820400.285426006,inf,0.0,0.07262997421415898,809657.4812702709,0.6566417811124775,nan,nan,247.0,0.9864883599199696,172.0,sunframe,350.0,1.82,3.2237993310428648,nan,3.2219990371504146,nan
0.0,3252271.270534006,44772754.18699271,inf,0.0,0.07263951770648161,827246.1610854964,0.6566355982351101,nan,nan,247.0,0.9864906440589097,172.0,sunframe,350.0,1.84,3.293862540205468,nan,3.2919924735607013,nan
0.0,3322621.5773173515,45735350.70330542,inf,0.0,0.07264887064869968,845023.8871353865,0.6566295712199374,nan,nan,247.0,0.9864928771209012,172.0,sunframe,350.0,1.86,3.3646792827532352,nan,3.3627382117778093,nan
0.0,3393725.463134651,46708189.83436408,inf,0.0,0.07265803866879518,862990.6594199399,0.6566236943947492,nan,nan,247.0,0.9864950607949643,172.0,sunframe,350.0,1.88,3.4362495586861614,nan,3.4342362518017335,nan
0.0,3465582.9279859075,47691271.58016873,inf,0.0,0.0726670271762472,881146.4779391577,0.656617962354217,nan,nan,247.0,0.9864971966966642,172.0,sunframe,350.0,1.9,3.5085733680042503,nan,3.5064865936324794,nan
0.0,3538193.971871119,48684595.94071934,inf,0.0,0.07267584137248238,899491.3426930394,0.6566123699445977,nan,nan,247.0,0.98649928637205,172.0,sunframe,350.0,1.92,3.5816507107074997,nan,3.5794892372700438,nan
0.0,3611558.594790286,49688162.91601594,inf,0.0,0.07268448626073426,918025.2536815852,0.656606912249471,nan,nan,247.0,0.9865013313013458,172.0,sunframe,350.0,1.94,3.6554815867959114,nan,3.6532441827144275,nan
0.0,3685676.796743408,50701972.506058514,inf,0.0,0.07269296665535047,936748.2109047952,0.6566015845764213,nan,nan,247.0,0.986503332902409,172.0,sunframe,350.0,1.96,3.7300659962694844,nan,3.727751429965631,nan
0.0,3760548.577730485,51726024.71084705,inf,0.0,0.07270128719058301,955660.2143626688,0.656596382444598,nan,nan,247.0,0.9865052925339727,172.0,sunframe,350.0,1.98,3.805403939128218,nan,3.803010979023653,nan
0.0,3836173.937751518,52760319.530381575,inf,0.0,0.07270945232889445,974761.2640552068,0.656591301573086,nan,nan,247.0,0.9865072114986895,172.0,sunframe,350.0,2.0,3.8814954153721137,nan,3.879022829888495,nan
