m_chi_GeV,dmax_E216_June_vesc544,dmax_E248_June_vesc544,dmax_E280_June_vesc544,dabs_June_vesc544,dmax_E216_avg_vesc544,dmax_E248_avg_vesc544,dmax_E280_avg_vesc544,dabs_avg_vesc544,dmax_E216_Dec_vesc544,dmax_E248_Dec_vesc544,dmax_E280_Dec_vesc544,dabs_Dec_vesc544,dmax_E216_June_vesc500,dmax_E248_June_vesc500,dmax_E280_June_vesc500,dabs_June_vesc500,dmax_E216_June_vesc600,dmax_E248_June_vesc600,dmax_E280_June_vesc600,dabs_June_vesc600
39.99999999999999,-256.30387021169105,-341.8310961915682,-430.1406629457916,109.79886305662166,-267.4766513155552,-353.80291830208904,-442.8614338224737,105.88089551224799,-278.98122885532206,-366.13026585167506,-455.9599715594909,101.92095709163478,-290.0513331798495,-377.9920680731752,-468.56383978032096,98.18181410291737,-213.35255370676208,-295.8080410695229,-381.23843788366315,125.52340324691198
40.79210639517529,-243.4706480459746,-327.09665592722695,-413.50500458282573,111.42963011149914,-254.64342914983874,-339.0684780377478,-426.22577545950793,107.45347168777046,-266.1480066896056,-351.39582558733383,-439.32431319652505,103.4347190232215,-277.21811101413306,-363.25762780883394,-451.9281814173552,99.640041113379,-200.51933154104563,-281.0736008051817,-364.60277952069737,127.3877160907126
41.59989860388251,-230.88662304722234,-312.64833092865956,-397.1923795844432,113.07646542227953,-242.05940415108648,-324.6201530391805,-409.9131504611254,109.0415427534672,-253.56398169085332,-336.9475005887665,-423.0116881981425,104.96339633712485,-264.63408601538083,-348.8093028102666,-435.61555641897263,101.11263631008681,-187.93530654229338,-266.62527580661435,-348.29015452231477,129.27039836119968
42.423687246951985,-218.54695627263206,-298.48056537264847,-381.1965152470113,114.73928636447233,-229.7197373764962,-310.4523874831694,-393.91728612369343,110.64502903314846,-241.22431491626304,-322.7797350327554,-407.0158238607106,106.50691233703925,-252.29441924079055,-334.6415372542555,-419.61969208154073,102.59952581046919,-175.5956397677031,-252.45751025060326,-332.29429018488287,131.17135560104506
43.26378909633265,-206.44690274261916,-284.58791131967075,-365.5112606710686,116.4180024961439,-217.6196838464833,-296.5597334301916,-378.2320315477508,112.26384331213222,-229.12426138625014,-308.8870809797777,-391.33056928476793,108.06518307010596,-240.19436571077762,-320.74888320127775,-403.93443750559805,104.10062874162021,-163.49558623769016,-238.56485619762552,-316.6090356089402,133.090484415924
44.12052719690066,-194.58180961622506,-270.96502661899603,-350.13058439611336,118.11251546842234,-205.75459072008923,-282.9368487295169,-362.8513552727955,113.8978907509426,-217.25916825985607,-295.2641962791029,-375.9498930098127,109.63811724383915,-228.32927258438355,-307.12599850060303,-388.5537612306428,105.6158571602736,-151.6304931112961,-224.9419714969508,-301.22835933398494,135.02767237220314
44.99423099067991,-182.94711440195962,-257.606672854469,-335.04857208132483,119.82271894231125,-194.11989550582376,-269.57849496498994,-347.769342958007,115.5470688050918,-205.6244730455906,-281.90584251457597,-360.86788069502416,111.22561614890803,-216.6945773701181,-293.7676447360761,-373.4717489158542,107.14511597841762,-139.99579789703063,-211.58361773242382,-286.1463470191964,136.98279790184117
45.88523644352271,-171.53834320338112,-244.50771333017525,-320.2594242313158,121.54849851210498,-182.71112430724529,-256.4795354406961,-332.980195107998,117.21126715122834,-194.21570184701213,-268.80688299028213,-346.0787328450151,112.82757358804709,-205.2858061715396,-280.66868521178225,-358.68260106584523,108.6883028948133,-128.58702669845215,-198.48465820813,-271.35719916918737,138.95573021483594
46.79388617429881,-160.35110899874817,-231.66311109522624,-305.75745396605066,123.28973163569285,-171.5238901026123,-243.6349332057471,-318.47822484273286,118.89036761992809,-183.02846764237916,-255.96228075533313,-331.57676257975,114.44387581136077,-194.09857196690663,-267.82408297683327,-344.1806308005801,110.24530833267276,-117.39979249381918,-185.640055973181,-256.85522890392224,140.94632921954775
47.72052958664299,-149.3811099540737,-219.06792700689635,-291.53708483406535,125.04628757203557,-160.55389105793785,-231.03974911741724,-304.25785571074755,120.58424413540178,-172.0584685977047,-243.36709666700327,-317.3563934477647,116.07440145828592,-183.1285729222322,-255.22889888850338,-329.9602616685948,111.81601538375071,-106.42979344914473,-173.04487188485112,-242.63485977193696,142.95444545122135
48.665523003311264,-138.62412776894044,-206.717317831373,-277.5928486681518,126.81802732608983,-149.7969088728046,-218.6891399418939,-290.313619544834,122.29276266238485,-161.30148641257145,-231.01648749147992,-303.41215728185114,117.7190215064679,-172.37159073709893,-242.87828971298003,-316.01602550268126,113.40029975909619,-95.67281126401147,-160.69426270932777,-228.69062360602342,144.979920009023
49.6292298031981,-128.07602605443245,-194.6065343813823,-263.9193834826785,128.6048036014514,-139.24880715829661,-206.57835649190318,-276.6401543593607,124.0157811604704,-150.75338469806343,-218.9057040414892,-289.7386920963778,119.37759922780157,-161.82348902259093,-230.76750626298931,-302.3425603172079,114.99802974670624,-85.12470954950346,-148.58347925933705,-215.0171584205501,147.02258450190183
50.612020561066544,-117.73274874256941,-182.73091968998386,-250.5114314117449,130.40646076097738,-128.90552984643355,-194.70274180050475,-263.23220228842706,125.75314954613656,-140.4101073862004,-207.03008935009078,-276.33074002544424,121.04999015187869,-151.4802117107279,-218.8918915715909,-288.9346082462743,116.60906617631433,-74.78143223764043,-136.70786456793863,-201.60920634961647,149.08226100357237
51.61427319004563,-107.59031852662322,-171.08590721982353,-237.3638366873702,132.22283479564095,-118.76309963048737,-183.05772933034442,-250.08460756405236,127.50470966271261,-130.26767717025422,-195.38507687993044,-263.18314530106954,122.73604203707754,-141.3377814947817,-207.24687910143055,-275.7870135218996,118.23326239154056,-64.63900202169424,-125.0628520977783,-188.46161162524177,151.1587620169091
52.63637308694963,-97.64483533172168,-159.66701910715884,-224.47154365694234,134.05375330186175,-108.81761643558583,-171.63884121767973,-237.1923145336245,129.27029525851825,-120.32219397535268,-183.96618876726575,-250.29085227064166,124.43559484951949,-131.39229829988017,-195.82799098876586,-262.8947204914718,119.87046422962023,-54.6935188267927,-113.6439639851136,-175.56931859481392,153.2518904480302
53.678713280474746,-87.89247481515108,-148.46986443998512,-211.82959483916562,135.8990354675426,-99.06525591901521,-160.441686550506,-224.55036571584782,131.04973197339856,-110.56983345878206,-172.76903410009203,-237.64890345286494,126.14848075010782,-121.63993778330955,-184.63083632159214,-250.25277167369507,121.52051000891831,-44.941158310222086,-102.44680931793988,-162.92736977703723,155.36143959033456
54.74169458233088,-78.32948689577829,-137.49013756959417,-199.4331290177565,137.75849206703484,-89.50226799964243,-149.46195968011503,-212.15389989443867,132.84283733386906,-101.00684553940927,-161.78930722970105,-225.25243763145582,127.87452408985419,-112.07694986393676,-173.65110945120117,-237.85630585228594,123.18323052442712,-35.3781703908493,-91.46708244754892,-150.53090395562808,157.48719311874618
55.82572574136578,-68.95219431203114,-126.72361645492153,-187.27737937215826,139.63192546523817,-80.12497541589529,-138.6954385654424,-199.99815024884046,134.6494207570693,-91.62955295566213,-151.02278611502842,-213.09668798585759,129.61354141368435,-102.69965728018963,-162.88458833652854,-225.7005562066877,124.85844905143269,-26.00087780710216,-80.70056133287629,-138.37515431002987,159.62892509440098
56.93122360074173,-59.75699120787717,-116.16616103904094,-175.3576716445513,141.51912963103095,-70.92977231174132,-128.13798314956182,-188.07844252123346,136.46928356371367,-82.43434985150816,-140.46533069914784,-201.1769802582506,131.3653414729047,-93.50445417603565,-152.32713292064795,-213.78084847908073,126.54598135752374,-16.80567470294819,-70.14310591699571,-126.45544658242288,161.78639998000065
58.05861325822426,-50.740341746263304,-105.813711657188,-163.66942234245914,143.4198901602088,-61.91312285012745,-117.78553376770887,-176.39019321914134,138.30221900021178,-73.41770038989429,-130.1128813172949,-189.48873095615846,133.12972524649538,-84.48780471442178,-141.974683538795,-202.09259917698859,128.2456357231037,-7.789025241334321,-59.79065653514276,-114.76719728033073,163.95937266603627
59.20832822964548,-41.89877874947665,-95.66228747569228,-152.20813697625437,145.33398430809788,-53.071559853340794,-107.63410958621316,-164.92890785293656,140.14801227011785,-64.57613739310763,-119.96145713579918,-178.0274455899537,134.90648597138332,-75.64624171763512,-131.8232593572993,-190.6313138107838,129.95721297055312,1.0525377554523396,-49.63923235364704,-103.30591191412596,166.14758850807226
60.38081061560396,-33.22890236591035,-85.70798496122724,-140.9694083308906,147.26118103198948,-44.4016834697745,-97.67980707174812,-153.69017920757278,142.00644057505107,-55.90626100954133,-110.00715462133415,-166.7887169445899,136.69540918183228,-66.97636533406883,-121.86895684283427,-179.39258516542003,131.6805065021747,9.722414139018637,-39.684929839182004,-92.06718326876218,168.35078337525795
61.576511271466174,-24.727378762714437,-75.94697637978011,-129.94891477119225,149.2012410435283,-35.90015986657858,-87.91879849030099,-142.66968564787442,143.8772731652146,-47.404737406345426,-100.24614603988701,-155.76822338489157,138.49627275807237,-58.47484173087292,-112.10794826138712,-168.37209160572166,133.4153023470386,18.223937742214545,-29.92392125773487,-81.04668970906383,170.56868371021875
62.795889980733946,-16.390938843837223,-66.37550832477292,-119.14241858005498,151.15391687116696,-27.56371994770137,-78.34733043529381,-131.86318945673716,145.76027139962147,-39.068297487468215,-90.67467798487984,-144.9617271937543,140.30884698427354,-50.138401811995706,-102.53648020637995,-157.5655954145844,135.1613792168292,26.56037766109176,-20.35245320272769,-70.24019351792657,172.8010066004547
64.03941563184554,-8.21637699295575,-56.98990027376083,-108.54576432891237,153.11895293278246,-19.389158096819898,-68.96172238428171,-121.26653520559455,147.65518881611985,-30.89373563658674,-81.28906993386774,-134.3650729426117,142.13289461595215,-41.96383996111423,-93.15087215536785,-146.9689411634418,136.91850857077864,34.73493951197323,-10.966845151715596,-59.64353926678396,175.0474598613568
65.30756639847735,-0.20054984082012312,-47.78654317316071,-98.15487727984777,155.09608561852966,-11.37333094468427,-59.75836528368159,-110.87564815652993,149.56177121128997,-22.877908484451112,-72.08571283326762,-123.97418589354709,143.9681709568792,-33.9480128089786,-83.94751505476773,-136.5780541143772,138.68645468975373,42.75076666410886,-1.7634880511154754,-49.25265221771935,177.3077421309256
66.60082992341658,7.659624943469833,-38.76189805045746,-87.96576181873111,157.0850433839878,-3.5131561603943133,-50.73372016097834,-100.68653269541328,151.47975673026704,-15.017733700161155,-63.061067710564366,-113.78507043243043,145.81442394554443,-26.087838024688647,-74.92286993206449,-126.38893865326054,140.46497475954774,50.61094144839882,7.261157071587776,-39.063536756602694,179.58154297625796
67.9197035060746,15.36716983771406,-29.91249465336221,-77.97449991878494,159.08554685363484,4.194388733849913,-41.88431676388309,-90.69527079546711,153.40887596652323,-7.310188805916928,-54.211664313469115,-103.79380853248426,147.67139425120612,-18.38029313044442,-66.07346653496923,-116.39767675331437,142.25381896340656,58.31848634264304,16.110560468683026,-29.072274856656527,181.8685430118399
69.26469429371386,22.92504862884783,-21.23493011539374,-68.17724963398177,161.09730893466423,11.752267524983685,-33.20675222591462,-80.89802051066395,155.34885207162307,0.2476899852168427,-45.53409977550065,-93.9965582476811,149.53881537954186,-10.822414339310649,-57.39590199700076,-106.60042646851122,144.05273058380348,65.87636513377682,24.788125006651494,-19.27502457185336,184.16841402966347
70.63631947646168,30.336167552608888,-12.725867647371915,-58.57024362169907,163.1200349411361,19.163386448744742,-24.697689757892796,-71.29101449838124,157.29940087494458,7.658808908977901,-37.02503730747882,-84.3895522353984,151.41641378789186,-3.411295415549592,-48.88683952897893,-96.9934204562285,145.8614461134547,73.28748405753787,33.29718747467332,-9.668018559570658,186.48081914115767
72.03510648618541,37.60337641107287,-4.382035254320553,-49.149787694060436,165.1534227284333,26.430595307208723,-16.35385736484143,-61.87055857074261,159.26023101333743,14.926017767441882,-28.681204914427457,-74.96909630775976,153.30390901006822,3.855913442914389,-40.543007135927574,-87.57296452858988,147.67969537554956,80.55469291600185,41.64101986772469,-0.24756263193202385,188.80541293090056
73.46159319930645,44.729469668491895,3.7997755227160006,-39.912259397406245,167.19716283797078,33.55668856462775,-8.172046587804878,-52.63303027408842,161.23104407066882,22.052111024860906,-20.499394137390905,-65.73156801110557,155.20101379068157,10.982006700333415,-32.361196358891014,-78.33543623193567,149.50720165314925,87.68078617342088,49.82283064476124,8.989965664722169,191.14184162205257
74.91632814362983,51.71718752584821,11.822710840421555,-30.854106619351665,169.25093865208214,40.544406421984064,-0.1491112700993235,-43.57487749603384,163.21153472718288,29.039828882217222,-12.47645881968535,-56.67341523305099,157.10743422891446,17.96972455768973,-24.33826104118546,-69.2772834538811,151.34368182768588,94.6685040307772,57.84576596246679,18.048118442776747,193.48974325342476
76.39987070927033,58.56921697454864,19.689855763003465,-21.97184622288817,171.31442655898752,47.39643587068449,7.7180336524825846,-34.69261709957035,165.2013909185823,35.89185833091765,-4.609313897103442,-47.791154836587495,159.02286993165353,24.821754006390158,-16.471116118603554,-60.39502305741761,153.18884652647628,101.52053347947762,65.7129108850487,26.93037883924024,195.84874786807217
77.91279136375476,65.28819282965246,27.40423544849303,-13.262062707012864,173.3872961277198,54.11541172578831,15.43241333797215,-25.98283358369504,167.20029400471242,42.61083418602148,3.1050657883861237,-39.081371320712186,160.9470141758646,31.540729861493983,-8.75673643311399,-51.6852395415423,155.0424002791405,108.23950933458144,73.42729057053826,35.64016235511555,198.21847771327154
79.4556718713845,71.87669874304055,34.96881631201269,-4.7214068933616264,175.46921029286682,60.7039176391764,22.996994201491813,-17.442177770043802,169.2079189477114,49.19934009940956,10.669646651905785,-30.540715507060952,162.87955408008014,38.12923577488207,-1.1921555695943278,-43.14458372789106,156.90404168279775,114.82801524796953,80.99187143405793,44.180818168766784,200.5985474517209
81.0291055169413,78.33726819690625,42.38650716645103,3.6534053616493583,177.5598255489601,67.1644870930421,30.414685055930153,-9.067365515032819,171.22393449946236,55.659909553275256,18.087337506344127,-22.165903252049965,164.8201707848407,44.589805228747764,6.225535284844013,-34.76977147288008,158.77346357588806,121.28858470183523,88.40956228849628,52.55563042377777,202.98856438376703
82.63369733382387,84.67238547795938,49.6601603409935,11.865594429681268,179.65879215432187,73.49960437409524,37.688338230472624,-0.8551764470009086,173.24800339816673,61.9950268343284,25.360990680886598,-13.953714184018057,166.7685396419165,50.92492250980091,13.499188459386485,-26.55758240484817,160.65035322045193,127.62370198288838,95.68321546303874,60.76781949180968,205.38812868044613
84.27006433670142,90.8844866327088,56.79257277792812,19.918318148800985,181.76575434415423,79.71170552884465,44.820750667407246,7.197547272118809,175.27978257382955,68.2071279890778,32.49340311782122,-5.900990464898339,168.72433041210746,57.13702366455032,20.631600896321103,-18.50485868572845,162.53439249267393,133.83580313763778,102.81562789997336,68.8205432109294,207.7968336270897
85.93883575877476,96.97596040419705,63.78648710815527,27.81467303776704,183.88035055263546,85.8031793003329,51.814664997634395,15.093902161084863,177.31892336243075,74.29860176056606,39.487317448048366,1.9953644240677153,170.68720747140458,63.228497436038566,27.625515226548256,-10.608503796762395,164.42525808148034,139.92727690912602,109.8095422302005,76.71689809989546,210.21426587722786
87.64065329373584,102.94914915054594,70.64459270581523,35.55769548673794,186.00221364376452,91.7763680466818,58.672770595294345,22.836924610055764,179.36507172853246,80.27179050691495,46.345423045708316,9.738386873038618,172.65683002527166,69.20168618238746,34.4836208242082,-2.8654813477914938,166.32262169496005,145.90046565547493,116.66764782786046,84.45992054886635,212.6400057164936
89.37617134251857,108.80634974566475,77.36952672243301,43.15036292485482,188.13097115067163,97.63356864180061,65.39770461191213,30.429592048172644,181.41786849605012,86.12899110203377,53.07035706232611,17.331054311155494,174.63285233078582,75.05888677750627,41.208554840826,4.727186090325384,168.22615027435495,151.75766625059373,123.39258184447826,92.05258798698323,215.07362733620565
91.14605726493588,114.54981446246734,83.96387510098413,50.59559496515447,190.2662455230929,103.37703335860319,71.99205299046325,37.87482408847229,183.47694958689647,91.87245581883634,59.66470544087723,24.77628635145514,176.61492392635586,80.80235149430885,47.802903219377114,12.172418130625031,170.1355062153511,157.5011309673963,129.98693022302936,99.49782002728288,217.51469911628422
92.95099163630006,120.18175183894138,90.43017357026923,57.89625452725061,192.40765438268548,109.00897073507724,78.45835145974834,45.17548365056843,185.54194626718632,97.5043931953104,66.13100391016232,32.076945913551285,178.60268986871932,86.43428887078291,54.26920168866221,19.473077692721176,172.05034759638107,163.13306834387038,136.45322869231447,106.79847958937903,219.9627839171308
94.79166850912505,125.70432752739912,96.77090861997986,65.05514893821415,194.55481078583884,114.53154642353496,84.79908650945897,52.334378061531964,187.61248540066984,103.02696888376812,72.47173895987295,39.23584032451482,180.59579097689715,91.95686455924063,60.60993673837284,26.63197210368471,173.9703284136285,168.6556440323281,142.79396374202508,113.95737400034255,222.41743938007687
96.66879568001036,131.11966512723492,102.9885184568284,72.07503101207551,196.70732349361737,119.94688402337079,91.01669634630751,59.35426013539333,189.68818970904283,108.44230648360394,78.68934879672149,46.25572239837618,182.5938640827686,97.37220215907645,66.82754657522138,33.65185417754607,175.8950988224104,174.07098163216392,149.01157357887362,120.97725607420392,224.87821823598594
98.58309496181113,136.42984700151686,109.08539394211512,78.95860010836692,198.86479724845412,125.25706589765271,97.11357183159424,66.23782923168476,191.76867803876704,113.75248835788587,84.78622428200822,53.1392914946676,184.59654228791223,102.68238403335837,72.9244220605081,40.535423273837495,177.82430538459556,179.38116350644586,155.10844906416037,127.86082517049535,227.34466862157277
100.53530246119668,141.63691507771694,115.06387951108559,85.70850317010768,201.0268330571914,130.4641339738528,103.09205740056471,72.9877322934255,193.85356563401112,118.95955643408595,90.76470985097869,59.88919455640835,186.60345522633907,107.88945210955846,78.90290762947858,47.28532633557823,179.75759132169887,184.58823158264593,161.08693463313082,134.61072823223608,229.81633440297932
102.52616886170655,146.74287163289597,120.92627407443929,92.3273357416361,203.1930284800542,135.5700905290318,108.95445196391842,79.60656486495394,195.9424644153124,124.06551298926497,96.62710441433238,66.50802712793678,188.6142293327325,112.99540866473748,84.76530219283228,53.90415890710668,181.69459677328013,189.69418813782494,166.94932919648454,141.2295608037645,232.2927555061323
104.55645971241111,151.74968006363991,126.67483190233045,98.81764296667454,205.3629779251195,140.57689895977578,114.70300979180958,86.09687208999237,198.0349832635389,129.07232142000893,102.37566224222356,72.99833435297522,190.62848811578993,118.00221709548143,90.51386002072344,60.394466132145105,183.63495906025815,194.70099656856888,172.6978870243757,147.71986802880295,234.77346825338438
106.62695572228829,156.65926564104547,132.3117634912035,105.18192056701507,207.53627294783482,145.48648453718133,120.33994138068262,92.46114969033289,200.13072830871977,133.98190699741448,108.0125938310966,79.36261195331575,192.6458524362511,122.91180267288699,96.15079160959648,66.75874373248563,185.57831295273874,199.61058214597446,178.33481861324873,154.08414562914348,237.25800570592722
108.73845306043069,161.47351625104722,137.8392364137981,111.42261580220243,209.71250255512277,150.30073514718305,125.86741430327723,98.70184492552026,202.22930322329873,138.7961576074162,113.54006675369119,85.60330718850311,194.66594078918385,127.72605328288873,101.67826453219108,72.999438967673,187.52429094194457,204.42483275597618,183.86229153584335,160.32484086433084,239.7458980114478
110.89176366219664,166.19428312036607,143.25937615264567,117.54212841057871,211.89125351359593,155.02150201650193,131.28755404212478,104.82135753389653,204.33030951935066,143.51692447673508,118.96020649253876,91.72281979687939,196.6883695900849,132.44682015220758,107.09840427103865,79.11895157604928,189.4725235158197,209.14559962529503,189.2824312746909,166.44435347270712,242.23667275648307
113.08771554142393,170.823381528363,148.5742669173829,123.54281153205632,214.07211066139638,159.65060042449886,136.60244480686202,110.82204065537414,206.43334684929386,148.14602288473202,124.27509725727599,97.723502918357,198.71275346434533,137.0759185602045,112.41329503577587,85.11963469752689,191.42263943787572,213.774698033292,194.59732203942812,172.44503659418473,244.7298553229191
115.32715310882703,175.36259150507016,153.78595244619476,129.426972612973,216.25465722316343,164.18981040120602,141.81413033567387,116.70620173629082,208.53801330961872,152.68523286143918,129.48678278608784,103.60766399927367,200.73870553961993,141.61512853691167,117.62498056458773,91.00379577844356,193.37426602883474,218.31390800999915,199.80900756824,178.3291976751014,247.22496924806575
117.61093749669854,179.81365851566596,158.8964367916937,135.19687429337498,218.4384751276233,168.6408774118018,146.9246146811728,122.4761034166928,210.64390574714474,157.13629987203495,134.5972671315868,109.37756567967564,202.76583774063025,146.06619554750748,122.73546491008668,96.77369745884553,195.3270294506175,222.76497502059493,204.91949191373894,184.0990993555034,249.72153658772922
119.93994689004104,184.1782941316612,163.90768509154017,140.85473527707256,220.62314532729002,173.00551302779706,151.93586298101928,128.1339644003904,212.7506200673135,161.50093548803022,139.60851543143326,115.03542666337324,204.79376108592734,150.43083116350272,127.74671320993315,102.43155844254312,197.28055499221847,227.1296106365902,209.9307402135854,189.756960339201,252.21907828169793
122.31507686425566,188.45817668904846,168.8216243240959,146.40273118479675,222.8082481197563,177.2853955851843,156.849802213575,133.68196030811458,214.85775154401497,165.78081804541745,144.52245466398898,120.58342257109743,206.82208598613073,154.71071372088997,132.66065244248887,107.9795543502673,199.23446735700367,231.40949319397743,214.84467944614113,195.30495624692517,254.7171145210464
124.73724072951897,192.65495193367616,173.6401440494091,151.84299539079564,224.99336347005595,181.482170829812,161.6683219388882,139.12222451411344,216.964895130447,169.97759329004515,149.34097438930218,126.0236867770963,208.85042254316156,158.90748896551767,137.47917216780206,113.4198185562662,201.1883909509658,235.60626843860513,219.66319917145432,200.74522045292403,257.21516511666357
127.20736988197835,196.77023365408698,178.3650971358067,157.1776198431799,227.17807133356726,185.59745255022284,166.39327502528585,144.45684896649774,219.0716457704963,174.092875010456,154.0659274756998,131.3583112294806,210.8783808499781,163.02277068592852,142.20412525419968,118.75444300865048,203.14195017146372,239.72155015901598,224.38815225785194,206.07984490530833,259.7127498684001
129.7264141619019,200.80560430206836,182.99830047237796,162.40865586834104,229.3619519789326,189.63282319820422,171.02647836185707,149.68788499165885,221.17759871013567,178.12824565843738,158.69913081227105,136.58934725464172,212.90557129032675,167.0581413339099,146.83732859077094,123.9854790338116,205.094769695976,243.75692080699736,229.0213555944232,211.31088093046944,262.20938893423414
132.2953422189219,204.76261560115512,187.54153566762565,167.53811495974978,231.54458631046757,193.58983449729095,175.56971355710476,154.8173440830676,223.28234980832804,182.0852569575241,163.24236600751874,141.71880634605046,214.93160483801827,171.01515263299663,151.38056378601863,129.11493812522036,207.04647477039833,247.7139321060841,233.5645907896709,216.4403400218782,264.7046031988531
134.91514188450964,208.6427891433134,191.99654973454818,172.56796955143653,233.72555618953098,197.47000803944925,180.02472762402732,159.84719867475434,225.38549584692944,185.9654304996824,167.69738007444127,146.74866093773718,216.95609335524037,174.8953261751549,155.83557785294119,134.1447927169071,208.9966914964116,251.5941056482424,238.01960485659342,221.47019461356493,267.19791464104776
137.58682055182712,212.44761697404022,196.36505576241973,177.50015377645275,235.90444475433526,201.27483587017608,184.39323365189887,164.77938289977058,227.48663483908734,189.77025833040923,172.06588610231285,151.68084516275343,218.97864988942186,178.70015400588173,160.20408388081273,139.07697694192333,210.9450471174554,255.39893347896918,242.38811088446496,226.40237883858117,269.6888466993239
140.31140556310066,216.17856216610036,200.6487335755258,182.33656421060473,238.08083673767723,205.00578106223622,188.6769114650049,169.61579333392257,229.5853663356338,193.50120352246938,176.34956391541888,156.51725559690541,220.99888896816702,182.4310991979419,164.48776169391877,143.9133873760753,212.8911703028418,259.12987867102936,246.67178869757103,231.23878927273316,272.1769246351355
143.08994460466477,219.83705938212174,204.84923037910588,187.0790606017435,240.25431878207593,208.6642782782576,192.877408268585,174.35828972506133,231.6812917289783,197.15970073849076,180.55006071899896,161.25975198804417,223.01642689178252,186.08959641396325,168.68825849749885,148.65588376721408,214.8346914295509,262.78837588705073,250.8722855011511,235.98128566387192,274.6616758931544
145.92350610983053,223.42451542626853,208.9681613927559,191.72946658489678,242.4244797518141,212.25173432240436,196.99633928223503,179.0086957082146,233.7740145540144,200.74715678263752,184.668991732649,165.91015797119744,225.03088202293048,189.67705245811004,172.8071895111489,153.30628975036734,216.77524286125708,266.3758319311975,254.99121651480112,240.63169164702518,277.1426304579997
148.81317966973057,226.94230978520014,213.00711047152924,196.2895703835118,244.59091104138366,215.769528681336,201.03528836100838,183.5687995068296,235.86314078555915,204.26495114156916,188.70794081142233,170.47026176981245,227.04187507294347,193.19484681704168,176.84613858992222,157.86639354898236,218.71245922414033,269.89362629012913,259.0301655935745,245.1917954456402,279.61932120685685
151.76007645229961,230.39179515852467,216.96763071497594,200.76112549708066,246.75320687984836,219.21901405466053,204.99580860445508,188.04035462039846,237.94827913185503,207.7144365148937,192.66846105486903,174.94181688338134,229.04902938434955,196.64433219036619,180.8066588333689,162.3379486625512,220.64597767904615,273.34311166345367,262.9906858370212,249.66335055920905,282.09128425742836
154.7653296295535,233.7742979789551,220.85124506435903,205.14585137541647,248.91096463065065,222.60151687509097,208.87942295383817,192.42508049873427,240.02904132367868,211.09693933532412,196.55207540425212,179.32654276171712,231.05197120916836,200.02683501079662,184.690273182752,166.72267454088703,222.5754381895721,276.7256144838841,266.8743001864043,254.04807643754486,284.5580593106767
157.83009481332797,237.0911189223625,224.65944688827122,209.44543407983343,251.06378508639563,225.91833781849834,212.68762477775036,196.72466320315127,242.1050423986062,214.4137602787315,200.3602772281643,183.6261254661341,233.050329982545,203.34365595420402,188.4984750066642,171.022257245304,224.50048378566277,280.0424354272915,270.68250201031645,258.34765914196186,287.0191899878252
160.95555049964707,240.34353340792558,228.3937005568807,213.6615269314893,253.21127275816457,229.17075230406144,216.4218784463598,200.9407560548071,244.17590098000292,217.6661747642946,204.0945308967738,187.84221831778999,235.04373859130544,206.59607043976712,192.23272867527368,175.23835009695986,226.4207608223129,283.2948499128546,274.41675567892594,262.5637519936177,289.47422416110453
164.14289852189026,243.53279208856833,232.055442005026,217.79575114713722,255.35303615892286,232.36001098470416,220.08361989450512,205.07498027045506,246.2412395503185,220.85543344493732,207.7562723449191,191.9764425334379,237.0318336370305,209.78532912040984,195.89447012341898,179.37257431260778,228.3359192329901,286.4841085934973,278.0784971270712,266.6979762092656,291.92271427774824
167.39336451293516,246.66012133187516,235.64607928437837,221.84969646253504,257.4886880806045,235.48734022801102,223.6742571738575,209.12892558585287,248.30068471828443,223.98276268824418,211.34690962427146,196.03038784883572,239.01425569326014,212.91265836371667,199.48510740277135,183.4265196280056,230.2456127774028,289.61143783680416,281.6691344064236,270.75192152466343,294.3642176767593
170.7081983764504,249.7267236916659,239.16699310487886,225.82492174374525,259.6178458644691,238.55394258780177,227.19517099435797,213.10415086706308,250.3538674796232,227.04936504803493,214.86782344477194,200.00561313004593,240.99064955645227,215.97926072350745,203.00602122327183,187.4017449092158,232.1494992832528,292.6780401965949,285.1900482269241,274.72714680587364,296.79829689798504
174.0886747675213,252.7337783704144,242.61953736566414,229.72295558656737,261.7401316643497,241.56099726655026,230.64771525514325,217.00218470988517,252.40042347090343,230.05641972678342,218.32036770555723,203.90364697286805,242.96066449034348,218.9863154022559,206.45856548405712,191.29977875203792,234.0472408816306,295.6850948753434,288.64259248770935,278.6251806486958,299.2245199830659
177.53609358279488,255.68244167268927,246.00503967568346,233.54529690433108,263.8551727024267,244.50966056882513,234.03321756516257,220.82452602764891,254.4399932161864,233.00508302905828,221.70587001557655,207.72598829063176,244.9239544633711,221.9349787045308,209.84406779407644,195.12212006980164,235.93850423572778,298.63375817761823,292.02809479772867,282.4475219664595,301.64246076783894
181.0517804603291,258.57384744978697,249.324801864203,237.2934155042725,265.9626015171799,247.4010663459228,237.35297975368212,224.57264462759034,256.4722223661304,235.89648880615596,225.0256322040961,211.47410689057318,246.88017837883518,224.82638448162845,213.16382998259598,198.87023866974306,237.8229607625547,301.52516395471594,295.34785698624825,286.1956405664009,304.05169916579945
184.6370872893415,261.4091075357331,252.5801004814004,240.96875265272124,268.062056203196,250.23632643186892,240.60827837087953,228.24798177603904,258.4967619292417,238.73174889210208,228.2809308212935,215.1494440390219,248.82900029750053,227.6616445675746,216.4191285997934,202.5455758181918,239.7002868473761,304.36042404066205,298.60315560344566,289.87097771484963,306.4518214422525
188.2933927300523,264.18931217481645,255.77218728923683,244.5727216293107,270.1531806425277,253.0165310709523,243.80036517871596,231.8519507526285,260.5132684949773,241.51195353118547,231.4730176291299,218.7534130156114,250.77008965235552,230.44184920665796,219.6112154076298,206.14954479478126,241.57016405059133,307.1406286797454,301.79524241128206,293.47494669143913,308.84242047880485
192.0221027438204,266.91553044082104,258.90228974279773,248.10670827042782,272.2356247273198,255.7427493369569,246.93046763227684,235.38593739374565,262.5214044484277,244.23817179719006,234.60312008269082,222.2873996567285,252.70312145526566,233.16806747266256,222.7413178611907,209.68353143589837,243.4322793068062,309.86684694575,304.92534486484294,297.00893333255624,311.22309602787413
195.82465113378,269.5888106481183,261.9716114622871,251.5720715021094,274.30904457344485,258.4160295442541,249.99978935176622,238.85130062542723,264.52083817632865,246.91145200448727,237.6724418021802,225.75276288841007,254.62777649528078,235.84134767995977,225.8106395806801,213.14889466757995,245.286325115865,312.54012715304725,307.9946665843323,300.4742965642378,313.5934549569197
199.70250009618107,272.2101807547754,264.98133269585645,254.97014386259087,276.37310272490794,261.03739965091125,253.00951058533556,242.2493729859087,266.51124426417283,249.5328221111444,240.68216303574954,229.15083524889155,256.5437415283743,238.46271778661693,228.82036081424943,216.54696702806143,247.131999725629,315.1614972597044,311.00438781790166,303.8723689247193,315.95311148212033
203.65714078264799,274.78064875783707,267.9326107734458,258.3022320147079,278.427468348807,263.60786765397296,255.9607886629249,245.5814611380257,268.49230368421286,252.1032901142061,243.63344111333888,232.48292340100855,258.4507094584153,241.0331857896786,231.77163889183876,219.87905518017843,248.96900730630918,317.73196526276604,313.955665895491,307.20445707683626,318.3016873912561
207.69009387357417,277.30120308093103,270.82658055181287,261.56961724834815,280.4718174206564,266.12842197706686,258.85475844129195,248.84884637166599,270.4637039741724,254.62384443730002,246.52741089170593,235.75030863464883,260.3483795091957,243.55374011277254,234.6656086702058,223.1464404138187,250.7970581161822,320.25251958586,316.8496356738581,310.4718423104766,320.6388122555716
211.80291016286947,279.77281295434705,273.6643548509201,264.77355597314676,282.5058328999047,268.6000318504829,261.69253274039926,252.05278509646456,272.42513940650036,257.09545431071604,249.36518519081324,238.95424735944744,262.23645738735445,246.02534998618856,237.50338296931312,226.3503791386173,252.6158686585375,322.724129459276,319.6874099729654,313.6757810352752,322.96412363043055
215.99717115428828,282.19642878773647,276.44702488184873,267.9152802016145,284.52920489550127,271.0236476838723,264.4752027713279,255.1945093249323,274.3763111480301,259.51907014410546,252.14785522174182,242.09597158791516,264.1146554360653,248.44896581957798,240.2860530002417,229.49210336708506,254.425161829727,325.14774529266543,322.47008000389394,316.8175052637429,325.27726724459353
220.2744896695653,284.5729825355722,279.17566066640086,270.995998022883,286.5416308213881,273.40020143170807,267.20383855588,258.2752271462008,276.31692740992236,261.8956238919412,254.87649100629397,245.17668940918367,265.98269277937214,250.82551956741372,243.01468878479386,232.57282118835354,256.22466705820483,327.52429904050115,325.1987157884461,319.8982230850114,327.57789717797795
224.63651046859613,286.9033880555155,281.85131144855796,274.016894067254,288.5428155418211,275.73060695165134,269.8794893380371,261.2961231905718,278.24670358780133,264.2260294118845,257.5521417884511,248.19758545355464,267.84029545708387,253.155925087357,245.69033956695097,235.59371723272452,258.01412043447357,329.8547045604445,327.87436657060323,322.91911912938235,329.865676027791
229.0849108818972,289.18854145982124,284.475006097946,276.9791299617243,290.53247150643966,278.01576035595707,272.50318398742513,264.2583590850422,280.16536239200474,266.5111828161902,260.1758364378391,251.15982134802502,269.68719655015286,255.44107849166275,248.314034216339,238.5559531271949,259.79326483186327,332.1398579647502,330.49806121999126,325.88135502385273,332.14027506294366
233.62140145558993,291.42932145992035,287.0477535054673,279.88384477666773,292.5103188750357,280.25654035605623,275.0759313949464,267.16307389998553,282.0726339678998,268.7519628162894,262.7485838453604,254.06453616296838,271.5231362964918,257.6818584917619,250.8867816238603,241.46066794213826,261.56185001809877,334.38063796484937,333.0708086275125,328.7860698387961,334.4013743666868
238.2477266091595,293.626589704312,289.5705429712503,282.732155463842,294.47608563198827,282.4538086004478,277.5987208607294,270.0113845871598,283.96825600623555,270.949231060681,265.27137331114335,256.91284685014267,273.3478621971981,259.8791267361535,253.40957108964326,244.30897862931255,263.3196327576275,336.57790620924095,335.5935980932955,331.6343805259704,336.64866296743565
242.96566530623667,295.78119110989326,292.0443445850658,285.52515728589185,296.42950769035644,284.60841000602915,280.07252247454494,272.80438640920966,285.85197384352085,273.1038324662623,267.7451749249589,259.70584867219253,275.16112911317816,262.0337281417348,255.8833727034588,247.1019804513624,265.06637690469887,338.7325076148223,338.06739970711106,334.4273823480203,338.88183895776916
247.77703173866385,297.89395418685586,294.4701095993562,288.26392423750997,298.37032898564246,286.7211730829917,282.49828748883533,275.5431533608278,287.7235405524416,275.21659554322486,270.1709399392493,262.44461562381065,276.962699352183,264.1464912186974,258.3091377177492,249.84074740298053,266.8018534872067,340.84527069178483,340.49316472140146,337.1661492996384,341.10060960162133
252.68367602410768,299.96569135727316,296.84877079502047,290.9495094584213,300.29830155925873,288.792910253409,284.8769486844996,278.2287385817391,289.5827170223498,277.28833271364215,272.5496011349136,265.13020084472197,278.7523427462868,266.2182283891147,260.6877989134135,252.52633262389185,268.5258407813256,342.9170078622021,342.87182591706573,339.8517345205497,343.3046914297021
257.687484917485,301.9971992675019,299.1812428400979,293.58294563834744,302.2131856317549,290.82441816363774,287.20942072957706,280.86217476166524,291.42927202987744,279.3198406238709,274.88207317999104,267.7636370246481,280.5298367198601,268.2497362993434,263.0202709584909,255.159768803818,270.23812437699013,344.9485157724309,345.2042979621432,342.48517070047586,345.4938103232109
262.7903825364796,303.9892590945169,301.4684226414856,296.16524541410763,304.1147496658775,292.81647799065274,289.49660053096466,283.44447453742544,293.26298229974566,281.3119004508859,277.16925298137863,270.3459368004083,282.2949663481046,270.2417961263584,265.3074507598785,257.7420685795782,271.93849723428224,346.9405755994459,347.4914777635308,345.06747047623605,347.6677015859273
267.9943311014222,305.94263684629743,303.71118968982614,298.69740175900836,306.0027704195565,294.7698557424333,291.7393675793053,285.97663088232616,295.0836325558612,283.2652782026665,279.41202002971926,272.87809314530904,284.04752440623855,272.195173878139,267.55021780821914,260.2742249244789,273.6267597308125,348.89395335122646,349.7342448118714,347.5996268211367,349.82611000478647
273.3013316898261,307.8580836563808,305.9104063976996,301.1803883646719,307.8770329889318,296.68530255251665,293.93858428717874,288.45961748798976,296.8910155628073,285.1807250127498,281.6112367375927,275.3610797509726,285.7873114094359,274.1106206882223,269.7494345160926,262.7572115301425,275.3027197001936,350.8094001613098,351.93346151974487,350.0826134268003,351.9687898990671
278.7134250058619,309.73633607269625,308.066918431247,303.6151600154513,309.7373308415498,298.56355496883214,296.09509632072616,290.8943891387691,298.68493215785566,287.0589774290653,283.76774877114013,277.795851401752,287.514135643641,275.9888731045378,271.90594654964,265.19198318092185,276.96619246172503,352.6876525776253,354.0899735532923,352.51738507757966,354.0955051583419
284.2326921650706,311.5781163407901,310.18155503535473,306.00265295557284,311.5834658398759,300.40533523692596,298.2097329248339,293.28188207889065,300.4651912736396,288.9007576971591,285.88238537524785,280.1833443418735,289.22781318739413,277.8306533726316,274.02058315374774,267.5794761210434,278.6170008414171,354.5294328457191,356.20461015739994,354.90487801770126,356.20602926935766
289.86125549461684,313.38413268155136,312.25512935252505,308.34378524915223,313.4152482552881,302.2113515776872,300.2833072420042,295.6230143724701,302.23160995164915,290.70677403792035,287.95595969241816,282.5244766354529,290.9281679248212,279.63666971339285,276.09415747091805,269.9206084146228,280.2549751845052,356.33544918648033,358.2781844745703,357.24601031128066,358.30014533203325
295.60127934938737,315.15507956354384,314.28843873555354,310.6394571332167,315.2324967727294,303.9822984596797,302.3166166250327,297.9186862565345,303.9840133467168,292.4777209199129,289.98926907544666,284.8201485195174,292.6150315499524,281.4076165953854,278.12746685394654,272.21628029868725,281.8799533596091,358.10639606847286,360.3114938575988,359.54168219534506,360.3776460647777
301.4549709442535,316.89163797005165,316.2822650541366,312.8905513638749,317.03503848621386,305.7188568661875,304.3104429436157,300.1697804871928,305.72223472268405,294.21427932642064,291.9830953940297,287.0712427501756,294.2882435625503,283.1441750018932,280.1212931725296,274.4673745293455,283.4917807547145,359.8429544749806,362.30532017618185,361.79277642600334,362.43833379935296
307.4245812028118,318.59447566093723,318.2373749955237,315.0979335557636,318.8227088853911,307.42169455707307,306.2655528850028,302.37716267908144,307.44611543944535,295.9171170173062,293.9382053354168,289.27862494206425,295.9476512556388,284.8470126927788,282.0764031139167,276.67475672123413,285.09031026515936,361.5457921658662,364.26043011756894,364.000158617892,364.48202046551427
313.51240562293253,320.26424742941526,320.15452035933185,317.26245251490184,320.5953518333899,309.09146632555115,308.182698248811,304.54168163821964,309.1555049315824,297.5868887857843,295.85535069922497,291.44314390120246,297.59310969493623,286.5167844612568,283.99354847772486,278.8392756803724,286.67540227382176,363.2155639343443,366.1775754813771,366.1646775770302,366.50852756568077
319.72078515945026,321.9015953538417,322.03443834663625,319.38494056508426,322.3528195361741,310.7288142499775,310.06261623611533,306.66416968840207,310.8502606788134,299.2242367102107,297.7352686865293,293.5656319513849,299.22448169040973,288.15413238568317,285.8734664650292,280.9617637305548,288.24692462371763,364.85291185877065,368.05749346868146,368.28716562721263,368.5176861399025
326.0521071243318,323.5071490446117,323.87785184344625,321.46621386793424,324.09497250364944,312.3343679407476,311.90602973292533,308.74544299125205,312.5302481684879,300.82979040098076,299.5786821833393,295.6469052542349,300.8416377601729,289.75968607645325,287.7168799618392,283.0430370334048,289.80475258322303,366.45846554954073,369.90090696549146,370.36843893006267,370.50933672139746
332.5088061046708,325.0815258862645,325.68546969867725,323.50707273674345,325.8216795027763,313.90874478240033,313.71364758815633,310.78630186006126,314.1953408503725,302.40416724263355,301.3863000385703,297.68776412304413,302.4444560869627,291.33406291810604,289.5244978170702,285.083895902214,291.3487688041474,368.03284239119347,371.70852482072246,372.4092977988719,372.48332928294974
339.09336489886124,326.62533127488655,327.4579869967248,325.50830194421644,327.5328175029489,315.45255017102244,315.48616488620394,312.78753106753425,315.8454200839787,303.9479726312556,303.1588173366179,299.6889933305171,304.03282246743714,292.8778683067281,291.2970151151178,287.085125109687,292.87886327289203,369.5766477798156,373.48104211877006,374.41052700634486,374.4395231744658
345.80831547130856,328.1391588509046,329.1960853247455,327.47067102423983,329.2282716139082,316.9663777470405,317.2242632142246,314.74990014755764,317.4803750786922,305.46180020727365,304.8969156646386,301.6513624105405,305.6066302545433,294.39169588274615,293.03511344313847,289.0474941897104,294.3949332549317,371.09047535583363,375.21914044679073,376.3728960863682,376.3777870519964
352.65623992604924,329.6235907273592,330.9004330347489,329.39493456779206,330.9079350164683,318.45080962349505,318.92861092422805,316.6741636911099,319.1001028269705,306.9462320837282,306.60126337464203,303.57562595409274,307.16578029321397,295.8761277592007,294.7394611531419,290.9717577332626,295.89688323287083,372.5749072322882,376.9234881567942,378.2971596299205,378.29799879854164
359.63977149964654,331.0791977137443,332.57168550059845,331.2818325131061,332.57170888633453,319.9064166098801,320.59986339007753,318.5610616364239,320.70450803087937,308.4018390701133,308.2725158404915,305.4625238994068,308.7101808496512,297.3317347455858,296.4107136189914,292.85865567857667,297.3846248383213,374.03051421867326,378.59474062264366,380.1840575752345,380.20004543695904
366.7615955737527,332.5065395355014,334.2104853700233,333.1320904301987,334.21950231130427,321.3337584316373,322.23866325950246,320.41131955351653,322.2935030222484,309.82918089187046,309.91131570991644,307.31278181649935,310.2397475344684,298.75907656734296,298.0495134884163,294.70891359566923,298.85807677786426,375.45785604043044,380.2335404920686,382.0343154923271,382.08382303530647
374.0244507077191,333.90616504925134,335.81746281173616,334.9464197998745,335.85123220214047,322.73338394538723,323.8456407012153,322.2256489231923,323.86700767672505,311.2288064056204,311.5182931516293,309.12711118617517,311.7544032199584,300.1587020810929,299.65649093012917,296.52324296534505,300.31716475335304,376.85748155418037,381.8405179337814,383.84864486200286,383.94923660495203
381.43112969165674,335.2786124538457,337.393235757752,336.7255182873117,337.4668231974142,324.1058313499816,325.42141364723113,324.0047474106295,325.42494932201237,312.60125381021476,313.09406609764505,310.90620967361235,313.2540779517634,301.53114948568725,301.23226387614494,298.30234145278223,301.7618213768239,378.2299289587747,383.4162908797972,385.6277433494401,385.7961999917883
388.9844806203494,336.62440949732155,338.938410141002,338.47007001033586,339.0662075626145,325.45162839345744,326.9665880304811,325.74929913365366,326.96726264057895,313.9470508536906,314.63924048089507,312.65076139663654,314.7387088552232,302.8769465291631,302.77743825939496,300.0468931758064,303.1919860802801,379.5757260022506,384.9614652630472,387.3722950724643,387.62463576089374
396.68740798843226,337.944073679836,340.45358012833333,340.1807458024842,340.6493250838247,326.7712925759718,328.48175801781247,327.45997492580204,328.49388956712943,315.26671503620497,316.15441046822644,314.36143718878486,316.20824003668065,304.19661071167747,304.29260824672633,301.7575689679548,304.6076050206181,380.89539018476495,386.4766352503786,389.0829708646126,389.43447507498246
404.5428738072612,339.2381124526613,341.9393283489847,341.85820347096154,342.21612295626795,328.0653313487972,329.96750623846384,329.13743259427935,330.0047791811269,316.56075380903036,317.6401586888778,316.0388948572622,317.66262248002346,305.49064948450285,305.7783564673777,303.4350266364321,306.0086309799647,382.18942895759034,387.9623834710299,390.76042853308996,391.2256575669877
412.55389874389414,340.50702341331584,343.396226118625,343.5030880495877,343.76655566802157,329.33424230945167,331.42440400810415,330.7823171729055,331.4998875946565,317.8296647696848,319.0970564585181,317.68377943588837,319.10181393874205,306.7595604451573,307.235254237018,305.07991121505825,307.3950232616951,383.4583399182448,389.4192812406703,392.4053131117161,392.99813120712264
420.7235632826324,341.75129449690405,344.8248336590412,345.1160320468317,345.30058487920087,330.57851339303994,332.8530115485203,332.3952611701496,332.97917783592123,319.0739358532731,320.5256639989343,319.2967234331324,320.5257788237819,308.0038315287456,308.6638617774342,306.6928552123023,308.7667475823995,384.7026110018331,390.84788878108645,394.01825710896014,394.75185216476234
429.05500890956,342.97140416374435,346.2257003135615,346.6976556890321,346.8181792969157,331.79862305988024,334.25387820304064,333.97688481234997,334.44261972865894,320.2940455201134,321.9265306534546,320.8783470753328,321.9344880874711,309.2239411955859,310.0647284319545,308.2744788545027,310.12377596006905,385.9227206686734,392.24875543560677,395.5998807511605,396.48678466549177
437.55143932054125,344.16782158335053,347.5993647582945,348.24856715889194,348.3193145462915,332.9950404794864,335.6275426477736,335.5277962822098,335.8901897677672,321.4904629397196,323.3001950981876,322.4292585451926,323.32791910379666,310.4203586151921,311.4383928766875,309.8253903243625,311.4660865987644,387.11913808827956,393.62241988033975,397.15079222102037,398.2029008436564
446.2161216531399,345.3410068148418,348.946355209266,349.76936282934366,349.80397303785566,334.16822571097765,336.97453309874516,337.04859195266147,337.3218709914208,322.6636481712108,324.64718554915913,323.95005421564434,324.7060555453043,311.5935438466833,312.785383327659,311.3461859948142,312.7936637700317,388.2923233197708,394.9694103313113,398.6715878914721,399.900180590756
455.05238774293446,346.49141098385064,350.26718962553537,351.26062749287354,351.2721438315792,335.3186298799865,338.29536751501445,338.53985661619134,338.73765284996523,323.81405234021963,325.9680199654284,325.4413188791742,326.0688872568962,312.7439480156921,314.1062177439283,312.8374506583441,314.10649769132976,389.4427274887796,396.2902447475806,400.1628525550019,401.5786114000155
464.0636354047084,347.61947645599275,351.5623759083652,352.7229345863911,352.7238224978602,336.4466953521286,339.5905537978443,340.00216370970895,340.13753107186085,324.94211781236174,327.26320624825826,326.90362597269177,327.4164101267875,313.87201348783424,315.40140402675814,314.29975775186165,315.404584401722,390.5707929609217,397.5854310304104,401.6251596485195,403.2381882074599
473.25332973901783,348.7256370069719,352.83241209652647,354.1568464117345,354.1590109757385,337.55285590310774,340.8605899860056,341.4360755350523,341.5215075269562,326.0482783633409,328.5332424364196,328.33753779803516,328.748625954895,314.9781740388134,316.67144021491947,315.73366957720503,316.6879256350918,391.6769535119009,398.85546721857173,403.0590714738629,404.87891322982307
482.62500446462457,349.8103179893788,354.07778655780845,355.56291435189155,355.57771742861433,338.63753688551463,342.1059644472876,342.84214347520935,342.8895900873561,327.1329593457478,329.77861689770157,329.74360573819223,330.06554231890703,316.0628550212203,317.91681467620145,317.1397375173621,317.95652869112746,392.76163449430777,400.1008416798537,404.46513941402,406.50079579960436
492.18226327732276,350.87393649625255,355.29897817681166,356.9416790830242,356.979956097752,339.7011553923884,343.3271560662908,344.2209082063421,344.2417924861518,328.19657785262154,330.9998085167048,331.1223704693249,331.36717243829827,317.12647352809404,319.13800629520466,318.5185022484948,319.2104063043246,393.8252530011815,401.3220332988569,405.84390414515264,408.10385219759104
501.928781235668,351.91690152146606,356.4964565390939,358.2936707823751,358.36574715383216,340.7441204176019,344.524634428573,345.5728999056929,345.5781341742708,329.23954287783505,332.197286878987,332.4743621686758,332.65353503653284,318.1694385533076,320.33548465748686,319.87049394784566,320.4495765112454,394.868218026395,402.5195116611391,407.1958958445035,409.688105483152
511.86830617415063,352.93961411699587,357.6706821117392,359.61940933213594,359.7351165468168,341.76683301313176,345.6988600012183,346.89863845545375,346.8986401756992,330.2622554733649,333.37151245163227,333.8001007184366,333.9246542017014,319.1921511488374,321.50971023013216,321.1962324976065,321.67406251626824,395.8909306219249,403.6937372337844,408.52163439426437,411.2535853226013
522.0046601443532,353.9424675471397,358.82210642042287,360.91940451935943,361.08809585438536,342.7696864432756,346.850284309902,348.19863364267724,348.2033409413257,331.26510890350875,334.522936760316,335.1000959056601,335.18055924583155,320.19500457898124,322.6611345388159,322.49622768483,322.8838925560591,396.8937840520687,404.84516154246813,409.82162958148785,412.80032781592814
532.3417408846442,354.9258474397382,359.95117222303594,362.19415623198705,362.4247221291871,343.75306633587405,347.979350112515,349.4733853553049,349.4922722016451,332.2484887961072,335.652002562929,336.37484761828773,336.42128456309973,321.1783844715797,323.7902003414289,323.7709793974576,324.07909976298606,397.8771639446672,405.97422734508115,411.0963812941155,414.32837532217457
542.8835233189814,355.8901319344607,361.0583136799396,363.44415465107187,363.7450377451565,344.7173508305966,349.08649156941874,350.72338377438973,350.7654748185569,333.2127732908298,336.75914401983266,337.62484603737255,337.64686948717343,322.14266896630227,324.89734179833255,325.0209778165424,325.2597220276941,398.8414484393897,407.0813688019848,412.3463797132003,415.8377762837405
553.6340610853877,356.8356918282117,362.1439565209129,364.6698804392675,365.04909024312286,345.66291072434757,350.17213441039206,351.94910956258536,352.022994636485,334.1583331845807,337.84478686080604,338.8505718255682,338.85735814789786,323.0882288600532,325.9829846393059,326.2467036047381,326.4258018610505,399.7870083331407,408.1670116429582,413.5721055013959,417.3285850498838
564.5974880947026,357.76289071771333,363.20851820885923,365.8718049256585,366.3369321759458,346.59010961384917,351.23669609833837,353.1510340489764,353.2648823330379,335.0855320740823,338.90934854875235,340.0524963119592,340.0527993275426,324.0154277495548,327.04754632725223,327.44862809112914,327.5773862556645,400.7142072226423,409.2315733309045,414.77402998778695,418.80086169967615
575.7780201201954,358.6720851393196,364.2524081003331,367.0503902870001,367.60862095339155,347.49930403545545,352.28058598981227,354.32961941031795,354.4911932694216,335.9947264956886,339.9532384402262,341.23108167330076,341.233246316808,324.92462217116116,328.0914362187261,328.62721345247064,328.71452654717694,401.6234016442486,410.27546322237833,415.9526153491285,420.25467186466466
587.1799564186596,359.5636247061157,365.2760276029508,368.2060897254394,368.8642186869667,348.39084360225155,353.30420549242996,355.48531884875723,355.70198734080947,336.8862660624847,340.97685794284394,342.3867811117401,342.3987567707922,325.8161617379572,329.1150557213438,329.78291289091,329.83727827551087,402.5149412110447,411.2990827249961,417.10831478756785,421.6900865514833
598.8076813836086,360.43785224235444,366.2797703297435,369.3393476427859,370.1037920349103,349.2650711384903,354.30794821922257,356.61857676610373,356.8973288268657,337.7604935987235,341.98060066963654,343.5200390290866,343.5493925651041,326.690389274196,330.11879844813643,330.9161708082565,330.9457010462637,403.38916874728346,412.3028254517887,418.24157270491435,423.1071819646463
610.6656662312101,361.2951039152831,367.2640222505134,370.4505998113971,371.3274120475412,350.12232281141894,355.29220013999253,357.729828934715,358.07728624261097,338.6177452716521,342.9648525904065,344.6312911976978,344.6852196523071,327.5476409471246,331.1030503689064,332.0274229768677,332.03985839241744,404.2464204202121,413.28707737255866,419.35282487352555,424.5060393297471
622.758470719603,362.13570936441,368.2291618402517,371.54027354174684,372.53515401314775,350.9629282605459,356.25733972973086,358.81950266506465,359.2419321898118,339.45835072077904,343.92999218014484,345.7209649280475,345.8063079188667,328.38824639625153,332.0681899586447,333.1170967072174,333.1198176365339,405.087025869339,414.252216962297,420.44249860387526,425.88674471727813
635.0907449022679,362.95999182826074,369.17556022467295,372.60878784673855,373.7270973045999,351.7872107243966,357.20373811415203,359.88801697005636,360.3913432090651,340.28263318462973,344.876390564566,346.78947923303923,346.91273104276655,329.2125288601023,333.0145883430659,334.1856110122091,334.1856497535953,405.9113083331897,415.19861534671816,421.511012908867,427.2493888672749
647.6672309161108,363.7682682686734,370.1035813229245,373.65655360282904,374.9033252268534,352.5954871648093,358.13175921240367,360.93578272614684,361.5255996327449,341.09090962504246,345.80441166281764,347.8372449891297,348.0045663519551,330.02080530051495,333.94260944131753,335.2333767682996,335.2374292346433,406.71958477360243,416.12663644496973,422.55877866495746,428.59406701498176
660.4927648049637,364.5608494926803,371.013581987525,374.6839737080232,376.06392486551016,353.3880683888161,359.04175987700415,361.963202831341,362.64478543896587,341.8834908490493,346.71441232741813,348.86466509432387,349.0818946837713,330.81338652452183,334.852610105918,336.26079687349375,336.275233951362,407.51216599760926,417.0366371095703,423.5861987701516,429.92087871772424
673.572278379189,365.33804027202245,371.90591214158457,375.69144323680007,377.20898693658836,354.16525916815834,359.93409003106365,362.9706723601179,363.74898810671436,342.6606816283915,347.6067424814776,349.87213462310075,350.1448002454932,331.590577303864,335.7449402599775,337.2682664022706,337.29914502174285,408.2893567769515,417.9289672636298,424.5936682989285,431.2299276831636
686.9108011121125,366.10013946034405,372.7809149133612,376.6793495920317,378.33860563764824,354.9273583564799,360.8090928028403,363.9585787153495,364.83829847228634,343.42278081671304,348.4817452532543,350.8600409783324,351.1933704761454,332.3526764921856,336.6199430317542,338.25617275750227,338.3092466769617,409.051455965273,418.8039700354064,425.5815746541601,432.5213215991031
700.5134620740101,366.8474401081102,373.63892676820376,377.6480726539508,379.45287850041206,355.67465900424605,361.6671046576829,364.9273017772686,365.91281058716675,344.17008146447927,349.3397571080969,351.8287640402515,352.2276959096934,333.09997713995176,337.47795488659676,339.22489581942136,339.3056261295921,409.7987566130392,419.661981890249,426.5502977160792,433.79517196500046
714.38549190439,367.5802295752945,374.4802776379339,378.59798492622673,380.5519062450083,356.4074484714303,362.50845552741305,365.87721404954453,366.97262157747406,344.9028709316635,350.181107977827,352.7786763125274,353.2478700397456,333.832766607136,338.3193057563269,340.1748080916973,340.28837344327104,410.53154608022345,420.5033327599792,427.50020998835515,435.0515939253385
728.5322248233384,368.2987896418774,375.30529104771426,379.5294516792046,381.63579263596125,357.12600853801325,363.3334689371934,366.8086808025224,368.01783150508925,345.6214309982464,351.0061213876074,353.7101430655053,354.2539891858751,334.55132667371896,339.14431916610727,341.10627484467517,341.257581403925,411.2501061468064,421.3283461697595,428.43167674133304,436.2907061049908
742.9591006826844,369.0033966161991,376.114284240454,380.4428310903623,382.70464434003975,357.83061551233493,364.14246212993316,367.72206021368015,369.0485432305764,346.3260379725681,351.81511458034714,354.62352247666297,355.246152361668,335.25593364804064,339.95331235884703,342.0196542558329,342.21334539265865,411.95471312112807,422.13733936249923,429.3450561524907,437.51263044671197
757.671667057795,369.69432144120896,376.9075682987986,381.33847438204174,383.75857078607305,358.5215403373448,364.93574618827773,368.61770350535954,370.0648622780014,347.01696279757795,352.6083986386917,355.5191657683424,356.22446114459694,335.94685847305044,340.7465964171916,342.9152975475123,343.15576326040315,412.6456379461379,422.9306234208438,430.24069944417016,438.71749205087815
772.6755813807849,370.3718297986509,377.6854482647505,382.2167259565036,384.7976840268298,359.19904869478677,365.71362615422964,369.4959550798214,371.06689670173864,347.6944711550199,353.3862786046436,356.39741734280426,357.1890195478101,336.6243668304924,341.5244763831435,343.79354912197414,344.0849352044081,413.32314630357985,423.70850338679577,431.118951018632,439.90541901758496
787.9766131159723,371.0361822112266,378.4482232569671,383.07792352836094,385.8220986030526,359.86340110736245,366.4764011464462,370.35715265167875,372.05475695535847,348.3588235675956,354.1490535968602,357.2586149146616,358.1399338939214,337.28871924306816,342.2872513753601,344.6547466938315,345.0009636466622,413.9874987161556,424.47127837901235,431.98014859048936,441.0765422912105
803.5806459784152,371.6876341427741,379.1961865857808,383.922398254441,386.8319314097328,360.51485303890996,367.22436447525996,371.2016273777588,373.02855576267217,349.0102754991431,354.89701692567394,358.1030896407417,359.07731269087947,337.9401711746156,343.0352147041738,345.4992214199116,345.9039531143161,414.6389506477031,425.2192417078261,432.82462331656944,442.2309955075385
819.4936801963806,372.32643609650165,379.92962586598657,384.7504748611249,387.8273015647,361.1536549926375,367.9578037554657,372.02970398444273,373.98840799101214,349.64907745287064,355.6304562058797,358.9311662474256,360.00126650998584,338.5789731283432,343.76865398437957,346.3272980265955,346.79401012217585,415.2777526014306,425.95268098803183,433.65269992325335,443.3689148435289
835.7218348186134,372.9528337113139,380.6488231274376,385.56247176921477,388.8083302795975,361.7800526074497,368.67700101691673,372.84170089253263,374.9344305268102,350.27547506768286,356.3496534673307,359.74316315551545,360.91190786612776,339.2053707431554,344.4878512458306,347.1392949346853,347.67124305732943,415.90415021624284,426.67187824948286,434.4646968313432,444.4904388698148
852.2713500672994,373.56706785626716,381.35405492349514,386.3587012163765,389.77514073330593,362.394286752403,369.3822328129743,373.6379303396943,375.8667421535387,350.88970921263615,357.05488526338826,360.5393926026772,361.8093511002836,339.81960488810864,345.19308304188814,347.9355243818471,348.5357620659627,416.5183843611961,427.3771100455404,435.26092627850494,445.59570840599935
869.1485897376238,374.1693747231918,382.0455924373715,387.1394693772047,390.72785794787274,362.99659361932765,370.07377032685065,374.4186985005225,376.7854634320664,351.4920160795608,357.7464227772646,361.3201607635054,362.6937122643537,340.4219117550333,345.8846205557645,348.71629254267526,349.3876789424153,417.1206912281208,428.0686475594168,436.0416944393331,446.68486637881614
886.3600436448424,374.7599859175143,382.7237015864085,387.90507648095615,391.66660866699465,363.58720481365015,370.7518794758876,375.18430560427396,377.6907165834778,352.0826272738833,358.4245319263016,362.08576786725683,363.5651090083621,341.0125229493558,346.5627297048015,349.4818996464267,350.227107020521,417.7113024224433,428.74675670845374,436.8073015430846,447.75805768320976
903.9123301198154,375.33912854731716,383.3886431243303,388.6558169269968,392.5915212371001,364.166347443453,371.4168210138094,375.93504605031467,378.5826253743985,352.66176990368615,359.0894734642234,362.8365083132975,364.4236604700709,341.59166557915864,347.22767124272326,350.23264009246736,351.05416106727114,418.2904450522461,429.4116982463755,437.55804198912523,448.8154290463869
921.8121985539577,375.9070253106687,384.0406727415117,389.3919793980081,393.502725491068,364.73424420680453,372.0688506309908,376.6712085213259,379.4613150048634,353.2296666670377,359.7415030814048,363.5726707843088,365.26948716704214,342.1595623425102,347.8797008599047,350.9688025634787,351.86895717883675,418.85834181559767,430.06372786355695,438.29420446013654,449.8571288948829
940.066531994588,376.46389458125765,384.680041163299,390.11384697099373,394.4003526346152,365.2911134773935,372.70821905277813,377.3930760943116,380.32691199875825,353.78653593762664,360.3808715031921,364.2945383572944,366.1027108911765,342.7164316130992,348.519069281692,351.69067013646435,352.67161267897643,419.4152110861866,430.7030962853442,439.01607203312216,450.88330722467805
958.6823497916669,377.0099504923637,385.3069942464208,390.8216972261312,395.2845351353787,365.8371693884996,373.33517213589994,378.1009263494491,381.17954409685944,354.33259184873276,361.00782458631386,365.0023886124319,366.92345460575416,343.26248752420526,349.14602236481375,352.3985203916018,353.462246019854,419.9612669972927,431.330049368466,439.72392228825964,451.89411547439516
977.6668102969589,377.54540301919934,385.92177307352836,391.51580235351076,396.15540661471624,366.37262191533523,373.9499509630075,378.7950314768286,382.0193401524961,354.8680443755684,361.6226034134215,365.69649373981144,367.73184234499803,343.7979400510409,349.76080119192136,353.0926255189813,354.24097668528685,420.49671952412837,431.9448281955736,440.4180274156392,452.889706401605
997.0272136166299,378.0704580596509,386.52461404589866,392.1964292577999,397.0131017422388,366.8976769557868,374.5527919353778,379.4756583811177,382.8464300298453,355.39309941601994,362.2254443857918,366.37712064410056,368.5279991161738,344.32299509149243,350.36364216429166,353.77325242327043,355.00792509643725,421.0217745645799,432.5476691679439,441.0986543199283,453.8702339622538
1016.7710044183679,378.5853175134532,387.1157489743384,392.8638396608769,397.85775613308886,367.41253640958905,375.1439268638175,380.1430687841947,383.66094450487617,355.9079588698222,362.8165793142315,367.0445310471776,369.31205080423814,344.83785454529476,350.9547770927314,354.4406628263475,355.76321251995904,421.5366340183822,433.13880409638364,441.76606472300534,454.8358531932314
1036.9057747940824,379.09017935982564,387.69540516832154,393.51829020247084,398.6895062479693,367.91739825596153,375.7235830578007,380.79751932578864,384.4630151689462,356.4128207161947,363.39623550821466,367.6989815887715,370.0841240790404,345.3427163916672,351.53443328671455,355.0951133679414,356.50696097860344,422.04149586475467,433.7184602903668,442.4205152645992,455.78672009808236
1057.4392671792966,379.5852377336018,388.26380552339776,394.16003253884725,399.50848929592814,368.4124566297376,376.2919834128769,381.4392616621651,385.2527743350545,356.9078790899708,363.9646358632909,368.3407239251479,370.8443463050824,345.8377747654433,352.10283364179077,355.73685570431786,357.2392931642898,422.53655423853075,434.286860645443,443.06225760097567,456.72299153586863
1078.379377330352,380.0706829998798,388.8211686069022,394.78931343957805,400.3148431398943,368.89790189601564,376.8493464963813,382.06854256289586,386.03035494674845,357.3933243562488,364.5219989467953,368.97000482587873,371.59284545383196,346.3232200317213,352.6601967252952,356.3661366050486,357.96033235363575,423.0219995048088,434.8442237289474,443.6915385017065,457.64482511317686
1099.7341573605647,380.5467018272237,389.3677087420008,395.40637488243124,401.108706204961,369.37392072335956,377.3958866314799,382.6856040057491,386.7958904896804,357.8693431835927,365.0685390818939,369.5870662687319,372.32975001858665,346.79923885906527,353.2067368603938,356.9831980479018,358.6702023259447,423.4980183321527,435.39076386404605,444.30859994455966,458.5523790792667
1121.5118188365159,381.01347725944333,389.9036360901048,396.0114541464197,401.8902173894069,369.84069615557917,377.9318139795839,383.2906832697375,387.54951490580305,358.3361186158123,365.6044664299979,370.19214553272036,373.0551889318792,347.2660142912848,353.7426642084978,357.58827731189024,359.3690272836408,423.9647937643723,435.92669121215,444.9136792085481,459.4458122243494
1143.7207359356426,381.4711887859801,390.429156731684,396.6047839030413,402.6595159784421,370.2984076821159,378.4573346211631,383.8840130263591,388.2913625101935,358.79383014234907,366.1299870715771,370.785475289342,373.7692914854117,347.72372581782156,354.268184850077,358.1816070685119,360.05693177514115,424.42250529090904,436.4522118537292,445.50700896516975,460.3252837809805
1166.3694486663724,381.9200124109261,390.944472745511,397.18659230574923,403.4167415606612,370.747231307062,378.9726506349901,384.46582142906703,389.02156791048805,359.24265376729517,366.64530308540407,371.3672836920499,374.47218725250394,348.17254944276766,354.78350086390395,358.7634154712198,360.73404062014873,424.8713289158551,436.9675278675562,446.0888173678776,461.19095332854914
1189.4666661520148,382.36012072070366,391.44978228636666,397.75710307768304,404.16203394718764,371.1873396168395,379.47796017584574,385.03633220100085,389.7402659289109,359.68276207707265,367.1506126262597,371.9377944639837,375.16400601303803,348.6126577525452,355.2888104047596,359.3339262431536,361.40047883735065,425.31143722563263,437.47283740841186,446.65932813981146,462.0429807008414
1213.0212699796855,382.79168295042905,391.9452796612366,398.3165355976975,404.8955330934821,371.61890184656494,379.9734575507157,385.5957647210153,390.4475915268734,360.1143243067981,367.64611000112967,372.4972269839982,375.8448776808774,349.0442199822706,355.78430777962956,359.89335876316807,362.05637157450036,425.7429994553581,437.9683347832818,447.21876065982593,462.8815258966519
1237.042317615549,383.2148650489897,392.43115540402835,398.86510498472046,405.61737902379497,372.0420839451255,380.4593332935075,386.14433410803827,391.1436797321218,360.53750640535867,368.13198574392146,373.04579637102114,376.51493223373967,349.4674020808312,356.27018352242135,360.441928150191,362.70184404086257,426.16618155391865,438.4542105260736,447.7673300468489,463.7067489934164
1261.5390458876934,383.6298297428557,392.9075963488375,399.40302218047276,406.3277117582311,372.4570486389916,380.93577423831664,386.68225130379057,391.8286655684048,360.95247109922474,368.6084266887306,373.5837135667734,377.17429964549433,349.88236677469723,356.7466244672305,360.9798453459433,363.3370214419952,426.5811462477847,438.93065147088276,448.3052472426011,464.5188100638313
1286.5208745379675,384.03673659865376,393.3747857017908,399.9304940305813,407.02667124239866,372.8639554947896,381.40296359126995,387.2097231538991,392.5026839876326,361.35937795502275,369.07561604168393,374.111185416882,377.8231098208592,350.28927363049525,357.2138138201838,361.5073171960519,363.96202891684146,426.98805310358273,439.3978408238361,448.83271909270974,465.3178690954278
1311.9974098441692,384.43574208452515,393.832903111495,400.4477233641183,407.7143972796107,373.262960980661,381.8610810009741,387.7269524874361,393.1658698044981,361.75838344089414,369.53373345138806,374.628414750419,378.46149253246654,350.6882791163667,357.67193122988795,362.02454652958886,364.5769914771047,427.3870585894541,439.8559582335402,449.3499484262467,466.1040859130632
1337.9784483139433,384.8269996302924,394.2821247381167,400.9549090715944,408.39102946560286,373.6542185264282,382.3103026275958,388.2341381949122,393.81835763352336,362.1496409866614,369.98295507800975,375.13560045789507,379.0895773602645,351.07953666213393,358.12115285650964,362.53173223706494,365.182033948873,427.77831613522136,440.3051798601619,449.8571341337228,466.87762010429014
1364.4739804518476,385.2106596864581,394.7226233211218,401.45224618143885,409.05670712573334,374.037878582594,382.7508012106009,388.73147530475666,394.4602818285013,362.53330104282713,370.4234536610149,375.63293756773953,379.7074936332229,351.4631967182996,358.5616514395148,363.0290693469094,365.77728091646406,428.1619761913871,440.74567844316704,450.3544712435673,467.6386309475621
1391.494194601002,385.58686978205753,395.1545682456988,401.9399259349936,409.7115692546257,374.41408867819337,383.1827461351779,389.2191550583114,395.0917764242916,362.9095111384265,370.8553985855919,376.1206173212943,380.3153703733068,351.839406813899,358.9935963640918,363.51674910046415,366.3628566684534,428.5381862869865,441.17762336774405,450.842150997122,468.3872773432328
1419.04948086082,385.95577458138786,395.5781256078929,402.41813586005145,410.3557544582164,374.7829934775237,383.60630349737204,389.69736498336925,395.71297508093664,363.27841593775685,371.278955947786,376.59882724635213,380.9133362416817,352.2083116132294,359.4171537262859,363.994959025522,366.93888514585365,428.9070910863168,441.60118072993816,451.3203609221799,469.1237177473043
1447.150435082322,386.31751593963656,395.99345827847475,402.8870598429664,410.9894008981653,375.1447348357724,384.0216361679539,390.16628896628424,396.32401103005515,363.64015729600555,371.69428861836786,377.06775122926706,381.50151948711294,352.5700529714781,359.83248639686775,364.463883008437,367.505489892407,429.26883244456553,442.01651340052,451.7892849050948,469.8481101078761
1475.8078629425568,386.67223295742843,396.4007259655691,403.3468781993633,411.6126462385873,375.49945185356427,384.42890385504825,390.6261073226811,396.92501702347505,363.9948743137974,372.1015563054622,377.52756958566397,382.0800478965187,352.9247699892699,360.2397540839621,364.92370136483385,368.06279400695206,429.6235494623574,442.4237810876144,452.2491032614917,470.56061180424797
1505.0327840997272,387.0200620343146,396.80008527606805,403.797767743475,412.2256275950631,375.84728093045044,384.8282631655472,391.0769968667928,397.5161252840633,364.3427033906836,372.50091561596116,377.9784591297757,382.64904874763977,353.27259906615615,360.63911339446105,365.37459090894555,368.61092009782993,429.9713785392436,442.8231403981133,452.6999928056034,471.26137958862904
1534.8364364305735,387.36113692122194,397.19168977585053,404.2399018561327,412.8284814858832,376.1883558173578,385.2198676653297,391.5191309794505,398.09746745871,364.68377827759093,372.89252011574365,378.4205932424333,383.2086487637812,353.6136739530635,361.03071789424354,365.81672502160325,369.1499902392866,430.3124534261509,443.2147448978958,453.14212691826106,471.9505695303988
1565.2302803516907,387.69558877188456,397.5756900488336,404.6734505514361,413.4213437854812,376.52280766802045,385.60386793831276,391.95267967475394,398.6691745734233,365.0182301282536,373.2765203887267,378.85414193773676,383.7589740705872,353.9481258037261,361.41471816722657,366.25027371690663,369.6801259298333,430.6469052768135,443.59874517087883,453.5756756135645,472.6283369628718
1596.2260032264048,388.0235461932764,397.9522337548761,405.09858054212924,414.0043496800113,376.8507650894123,385.98041164435523,392.37780966544705,399.23137699049136,365.34618754964544,373.6530640947692,379.2792719284299,384.3001501548052,354.27608322511793,361.7912618732691,366.6754037075998,370.2014480525236,430.9748626982054,443.97528887692135,454.00080560425766,473.2948364325128
1627.8355238589224,388.3451352950648,398.321465686559,405.5154553037067,414.5776336250221,377.1723541912006,386.34964357603815,392.7946844270245,399.78420436766766,365.66777665143377,374.0222960264521,379.69614669000737,384.8323018249972,354.59767232690626,362.160493804952,367.09227846917724,370.7140768371059,431.29645179999375,444.3445208086043,454.4176803658351,473.9502216505497
1660.0709970774762,388.66047973810265,398.68352782486176,405.92423513727437,415.1413293051807,377.4876986342385,386.7117057143409,393.20346426059217,400.3277856193315,365.98312109447164,374.3843581647549,380.104926523575,385.35555317415333,354.91301676994414,362.52255594325476,367.5010583027449,371.2181318240087,431.6117962430316,444.706582946907,454.82646019940273,474.5946454469291
1692.9448184082298,388.96970078198115,399.0385593937593,406.3250772311908,415.69556959600123,377.796919678117,387.0667372832384,393.60430635450865,400.862248879582,366.29234213835014,374.7393897336524,380.50576861749147,385.8700275441661,355.22223781382263,362.8775875121523,367.9019003966614,371.71373183011826,431.9210172869101,445.06161451580454,455.2273022933192,475.228259726564
1726.4696288417317,389.2729173316566,399.386696913757,406.71813572151086,416.2404865275269,378.1001362277924,387.41487480323616,393.9973648448287,401.3877214672169,366.59555868802556,375.0875272536501,380.89882710781154,386.3758474921185,355.5254543634981,363.22572503214997,368.2949588869815,372.20099491630344,432.22423383658554,445.4097520358022,455.6203607836393,475.85121542781474
1760.6583196937672,389.5702459831736,399.7280742543877,407.10356175125526,416.7762112499219,378.39746487930944,387.75625214386685,394.38279087457306,401.90432985255126,366.8928873395426,375.4289045942808,381.28425313755594,386.8731347583445,355.82278301501515,363.5671023727807,368.6803849167258,372.68003835664763,432.5215624881026,445.75112937643297,456.0057868133836,476.4636624831531
1795.5240375624671,389.86180106849986,400.0628226856882,407.4815035285299,417.30287400092163,378.6890199646357,388.0910005751673,394.7607326518477,402.41219962603003,367.18444242486885,375.7636530255813,381.6621949148306,387.36201023621464,356.1143381003414,363.90185080408116,369.05832669400047,373.15097860934327,432.8131175734288,446.0858778077334,456.38372859065834,477.0657497819512
1831.0801893835712,390.1476946994899,400.39107092867675,407.8521063835171,417.82060407509636,378.9749135956257,388.4192488181559,395.1313355068349,402.9114554685881,367.47033605585887,376.09190126856987,382.03279776981776,387.8425939436052,356.40023173133136,364.23009904706976,369.42892954898764,373.6139312892076,433.09901120441884,446.414126050722,456.7543314456455,477.6576251353433
1867.3404475858083,390.42803681099593,400.7129452048503,408.2155128243582,418.3295297948782,379.25525570713177,388.74112309432945,395.494741947676,403.4022211237108,367.7506781673649,376.41377554474343,382.3962042106589,388.31500499600344,356.6805738428375,364.5519733232433,369.79233598982876,374.06901114177447,433.3793533159249,446.7360003268956,457.1177378864866,478.23943524310334
1904.3187553483629,390.7029352031409,401.02856928472056,408.5718625919535,418.8297784833049,379.53015409927673,389.05674717419964,395.85109171527137,403.884619371151,368.0255765595099,376.7293996246136,382.7525539782542,388.7793615812077,356.9554722349824,364.8675974031135,370.1486857574241,374.51633201892236,433.65425170806986,447.05162440676577,457.4740876540819,478.8113256624854
1942.0293319624566,390.97249558277116,401.33806453540706,408.92129271369646,419.32147643843257,379.79971447890705,389.3662424248862,396.20052183701426,404.35877200225445,368.2951369391402,377.0388948753002,383.10198409999714,389.2357809355754,357.2250326146127,365.17709265380006,370.498115879167,374.95600685599453,433.9238120877002,447.3611196574523,457.8235177758249,479.373440778972
1980.4866782990923,391.2368216041036,401.6415499673073,409.2639375561645,419.8047489093698,380.0640405002395,389.66972785678644,396.5431666794823,404.82479979684877,368.5594629604727,377.3423803072004,383.44462894246516,389.6843793217769,357.48935863594517,365.4805780857003,370.84076072163504,375.38814765036824,434.18813810903265,447.66460508935256,458.1661626182929,479.92592377887604
2019.7055823850983,391.49601490858447,401.9391422798595,409.5999288767878,420.27972007388695,380.32323380472036,389.9673201693386,396.8791580001057,405.28282250165256,368.8186562649535,377.63997261975254,383.7806202630885,390.1252720080113,357.748551940426,365.7781703982524,371.1767520422584,375.8128654414333,434.44733141351344,447.9621974019047,458.50215393891625,480.46891662374367
2059.7011250895594,391.75017516397304,402.2309559064166,409.92939587451366,420.7465130175525,380.5773940601089,390.25913379589576,397.2086249978315,405.73295881015537,369.07281652034203,377.93178624630974,384.11008726081434,390.5585732486396,358.0027121958145,366.0699840248096,371.5062190399843,376.23027029193616,434.701491668902,448.2540110284619,458.8316209366421,481.0025600265022
2100.488685922888,391.9994001026671,402.51710305825065,410.25246523948755,421.2052497143522,380.826618998803,390.5452809477298,397.5316943628054,406.17532634392876,369.32204145903614,378.21793339814377,384.43315662578823,390.98439626619466,358.25193713450864,366.35613117664366,371.8292884049581,376.6404712706489,434.9507166075961,448.54015818029586,459.154690301616,481.52699342930384
2142.083948950709,392.2437855592844,402.7976937677001,410.5692612017692,421.65605100874313,381.0710044554203,390.82587165717916,397.848490325087,406.610041635321,369.56642691565344,378.49852410759314,384.7499525880699,391.40285323472244,358.49632259112593,366.636721886093,372.1460843672398,377.0435764363228,435.1951020642134,448.8207488897453,459.4714862638976,482.04235498301034
2184.5029088248634,392.48342550751335,403.0728359304815,410.879905579103,422.09903659909975,381.3106444036492,391.1010138199606,398.15913470242083,407.0372201114933,369.80606686388234,378.7736662703746,385.0605969654037,391.8140552644162,358.7359625393549,366.91186404887446,372.4567287445736,377.4396928228853,435.4347420124423,449.0958910525267,459.78213064123145,482.5487815282672
2227.7618769338446,392.7184120962494,403.34263534717843,411.18451782376087,422.53432502250456,381.54563099238527,391.3708132366575,398.4637469470787,407.45697607975364,370.0410534526184,379.0434656870715,385.36520921006155,392.21811238749814,358.9709491280909,367.1816634655714,372.7613409892314,377.8289264258403,435.6697286011784,449.36569046922364,460.08674288588924,483.0464085781173
2271.8774876750194,392.9488356850286,403.6071957639249,411.48321506847464,422.96203364084226,381.7760545811645,391.635373653404,398.76244419179244,407.86942271414676,370.27147704139765,379.30802610381795,385.6639064547753,392.6151335453114,359.20137271687014,367.44622388231784,373.0600382339452,378.21138218983293,435.9001521899576,449.6302508859701,460.385440130603,483.53537030210254
2316.8667048510747,393.1747848787741,403.8666189122994,411.776112171478,423.38227862815137,382.00200377490995,391.89479680177845,399.0553412947959,408.27467204325757,370.4974262351431,379.56744925219243,385.9568035577787,393.0052265765791,359.4273219106156,367.7056470306923,373.3529353369486,378.5871639973402,436.1261013837031,449.8896740343446,460.67833723360644,484.01579951180474
2362.746828193105,393.39634656186695,404.121004548443,412.0633217606725,423.79517495919157,382.2235654580028,392.14918243792215,399.3425508839903,408.67283493918586,370.71898791823594,379.8218348883361,386.2440131469732,393.3884982067921,359.6488835937085,367.960032666836,373.6401449261431,378.95637465844754,436.3476630667959,450.1440596704883,460.96554682280095,484.4878276477756
2409.5355000129016,393.61360593155626,404.37045049141966,412.34495427693645,424.20083639918533,382.4408248276921,392.39862838089874,399.62418340025425,409.06402110765447,370.93624728792526,380.0712808313127,386.52564566323707,393.76505403868634,359.86614296339775,368.2094786098126,373.921777442407,379.3191159016757,436.56492243648523,450.39350561346487,461.2471793390648,484.95158476780875
2457.2507119869533,393.82664653071987,404.6150526608297,412.6211180165929,424.5993754946907,382.6538654268557,392.6432305503088,399.90034713991076,409.4483390792075,371.14928788708886,380.31588300072275,386.8018094028936,394.13499854377113,360.0791835625614,368.45408077922264,374.19794118206346,379.6754883658193,436.77796303564884,450.6381077828749,461.5233430787213,485.4071995365062
2505.9108120748,394.0355502799891,404.8549051136944,412.89191917305305,424.9909035655662,382.86276917612497,392.8830830031735,400.1711482963709,409.8258962014621,371.35819163635813,380.5557354535875,387.07261055935373,394.49843505486956,360.2880873118306,368.6939332320874,374.4687423385236,380.02559159276205,436.9868667849181,450.87796023573964,461.7941442351815,485.8547992160917
2555.5345115743835,394.2403975092501,405.0901000806237,413.15746187765063,425.37553069798656,383.06761640538593,393.1182779701028,400.4366910009685,410.19679863237315,371.5630388656191,380.79093042051676,387.3381532639513,394.8554657596363,360.4929345410916,368.92912819901665,374.7342850431212,380.3695240212313,437.19171401417907,451.1131552026689,462.05968693977906,486.2945096584266
2606.140892317116,394.4412669885327,405.32072800128145,413.4178482396836,425.7533657384711,383.2684858846685,393.3489058907606,400.6970773630015,410.56115133447514,371.76390834490167,381.02155834117457,387.5985396259843,395.2061916950139,360.6938040203742,369.15975611967446,374.9946714051542,380.7073829814584,437.39258349346164,451.3437831233267,462.32007330181204,486.72645529818334
2657.749414005421,394.6382359583002,405.5468775591627,413.6731783856785,426.1245162888858,383.4654548544361,393.57505544864176,400.9524075089963,410.91905807006225,371.96087731466923,381.24770789905574,387.8538697719792,395.5507127425938,360.8907729901417,369.3859056775556,375.25000155114907,381.03926469070905,437.5895524632292,451.5699326812079,462.57540344780693,487.1507591471311
2710.3799216955995,394.83138015915057,405.7686357156946,413.923550497892,426.4890887023815,383.65859905528646,393.7968136051737,401.20277962120986,411.2706213972716,372.1540215155196,381.4694660555877,388.1042418841927,395.88912762484574,361.0839171909921,369.6076638340876,375.5003736633626,381.36526424965194,437.78269666407954,451.79169083773985,462.8257755600204,487.56754278949296
2764.0526534288433,395.02077386094106,405.9860877436763,414.1690608520649,426.8471880802313,383.84799275707695,394.01426563315545,401.44828997538275,411.6159426670334,372.3434152173101,381.6869180835694,388.34975223836557,396.22153390218165,361.2733108927826,369.8251158620693,375.74588401753545,381.6854756395302,437.9720903658701,452.00914286572157,463.0712859141933,487.97692637832955
2818.788248013398,395.20648989134736,406.1993172600687,414.4098038544434,427.1989182695317,384.03370878748325,394.2274951495478,401.6890329777612,411.9551220208544,372.5291312477164,381.90014759996177,388.5904952407441,396.5480279708227,361.4590269231889,370.03834537846166,375.98662701991395,381.9999917201063,438.1578063962764,452.2223723821139,463.31202891657176,488.3790286329122
2874.607752960806,395.3885996638677,406.4084062581475,414.64587207808086,427.54438186173155,384.2158185600036,394.43658414762666,401.92510120139866,412.2882583893989,372.71124102023674,382.10923659804064,388.82656346438154,396.86870506143305,361.64113669570924,370.2474343765405,376.2226952435514,382.30890422834597,438.33991616879666,452.4314613801928,463.5480971402093,488.77396683703967
2931.5326325793235,395.5671732052839,406.61343513903284,414.8773562984352,427.8836801919548,384.3943921014197,394.6416130285119,402.156585421753,412.61544949183605,372.8898145616529,382.3142654789259,389.05804768473587,397.18365923849143,361.8197102371254,370.4524632574258,376.45417946390575,382.61230377781334,438.51848971021286,452.63649026107805,463.77958136056355,489.1618568382654
2989.584776227604,395.7422791825887,406.8144827426049,415.1043455282747,428.2169133390833,384.5694980787245,394.84266063208406,402.3835746515925,412.93679183591973,373.06492053895767,382.51531308249804,389.28503691457536,397.4929834003681,361.99481621443016,370.6535108609979,376.68116869374524,382.9102798587445,438.69359568751764,452.8375378646502,464.0065705904031,489.54281304799116
3048.786506731817,395.9139849293901,407.01162637782153,415.3269270519063,428.54418012656794,384.741203825526,395.0398042673006,402.60615617522416,413.25238071877015,373.23662628575914,382.7124567177146,389.507618438207,397.79676928007734,362.16652196123164,370.8506544962145,376.90375021737685,383.20292083877274,438.8653014343191,453.03468149986674,464.2291521140347,489.9169484423948
3109.1605889694797,396.0823564718039,407.2049418524448,415.54518645873895,428.86557812393363,384.9095753679398,395.2331197419239,402.82441558205676,413.5623102283259,373.40499782817295,382.90577219233785,389.72587784503963,398.0951074466753,362.33489350364545,371.04396997083774,377.1220096242095,383.49031396427466,439.03367297673293,453.22799697449,464.4474115208673,490.2843745641504
3170.730238623221,396.2474585538417,407.39450350219175,415.7592076761953,429.1812036489503,385.0746774499775,395.4226813916709,403.0384367995131,413.8666732454371,373.5700999102107,383.09533384208487,389.93989906249595,398.38808730727413,362.49999558568317,371.23353162058476,377.33603084166583,383.77254536231146,439.19877505877065,453.417558624237,464.6614327383237,490.6452015249111
3233.5191311079484,396.40935466230775,407.5803842193195,415.9690730019846,429.4911517704376,385.2365735584436,395.6085621087986,403.2483021253025,414.1655614465699,373.73199601867674,383.2812145592126,390.1497643882853,398.6757971096467,362.66189169414923,371.41941233771246,377.5458961674552,384.0497000431367,439.3606711672367,453.6034393413647,464.87129806411303,490.9995380085139
3297.5514106747537,396.56810705121126,407.7626554806531,416.1748631357484,429.79551631167396,385.3953259473471,395.7908333701322,403.4540922590663,414.45906530709397,373.89074840758025,383.46348582054617,390.3555545220491,398.9583239453896,362.82064408305274,371.60168359904605,377.75168630121897,384.32186190324416,439.5194235561402,453.7857106026983,465.07708819787683,491.34749127487856
3362.8516996951216,396.7237767657051,407.941387375072,416.37665721009233,430.0943898543821,385.550995661841,395.96956526455114,403.65588633341014,414.7472741051262,374.04641812207416,383.6422177149651,390.557348596393,399.23575375362424,362.97631379754665,371.780415493465,377.9534803755629,384.58911372893306,439.6750932706341,453.96444249711726,465.27888227222076,491.6891671645627
3429.445108128986,396.87642366555957,408.1166486304605,416.57453282101477,430.3878637432625,385.7036425616954,396.1448265199396,403.8537619443326,415.0302759259019,374.19906502192856,383.81747897035353,390.75522420731545,399.508171325204,363.12896069740106,371.9556767488534,378.1513559864853,384.85153720036067,439.82774017048854,454.1397037525057,465.4767578831432,492.0246701039455
3497.3572431802777,397.02610644818,408.2885066401357,416.7685660577449,430.6760280910484,385.8533253443158,396.31668452961486,404.0477951810627,415.30815766664944,374.34874780454896,383.98933698002884,390.9492574440456,399.77566030740667,363.27864348002146,372.1275347585287,378.3453892232155,385.1092128960627,439.97742295310894,454.311561762181,465.67079111987334,492.3541031110055
3566.6142191436697,397.17288267117794,408.45702748876306,416.95883153200157,430.95897178405534,386.00010156731383,396.48520537824214,404.2380606553194,415.58100504194203,374.495524027547,384.1578578286561,391.13952291830225,400.0383032090862,363.4254197030195,372.296055607156,378.5356546974721,385.3622202979159,440.1241991761069,454.48008261080827,465.86105659413,492.6775678016659
3637.242667446343,397.316808774504,408.62227597776706,417.1454024066835,431.2367824882002,386.14402767063984,396.65045386724614,404.4246315300013,415.8489025895021,374.639450130873,384.3231063176601,391.3260937929842,400.2961814062598,363.56934580634555,372.46130409616,378.72222557215406,385.6106377965205,440.268125279433,454.64533109981227,466.0476274688119,492.9951643966753
3709.269746888559,397.45794010215036,408.7843156502499,417.32835042400285,431.5095466554652,386.2851589982862,396.812493539729,404.6075795473207,416.111933676434,374.78058145851935,384.485145990143,391.50904181030353,400.54937514810763,363.7104771339919,372.6233437686429,378.90517358947346,385.85454269697965,440.4092566070793,454.80737077229514,466.2305754861313,493.3069917289971
3782.723154087074,397.5963309234324,408.9432088154256,417.50774593307216,431.7773495307822,386.4235498195682,396.97138670490466,404.78697505638996,416.3701805058633,374.9189722798014,384.64403915531864,391.68843731937284,400.797963563364,363.8488679552739,372.7822369338185,379.0845690985427,386.0940112250557,440.54764742836136,454.9662639374708,466.4099709952006,493.61314725168
3857.631134125323,397.732034453857,409.0990165725798,417.68365791695595,432.0402751593151,386.55925334999284,397.1271944620589,404.96288704027376,416.62372412395916,375.054675810226,384.7998469124729,391.86434930325663,401.0420246670767,363.98457148569855,372.9380446909728,379.2604810824265,386.3291185336824,440.683350958786,455.12207169462505,466.5858829790844,493.91372704618357
3934.0224914145215,397.8651028755855,409.25179883456434,417.8561540191966,432.2984063941167,386.69232177172137,397.2799767240434,405.1353831425144,416.87264442731765,375.1877442319545,384.9526291744574,392.0368454054973,401.2816353677144,364.117639907427,373.0908269529573,379.43297718466715,386.5599387098109,440.8164193805145,455.27485395660955,466.75837908132496,494.20882583113115
4011.926600769842,397.99558735749906,409.4016143508355,418.02530056982533,432.551824904139,386.8228062536349,397.4297922403146,405.30452969314314,417.11702017068666,375.31822871386805,385.1024446907286,392.20599195612596,401.51687147460274,364.2481243893406,373.2406424692285,379.6021237352959,386.7865447815734,440.94690386242803,455.42466947288074,466.9275256319537,494.4985369714673
4091.3734187059404,398.1235380748752,409.5485207300451,418.1911626108684,432.8006111825763,386.9507569710111,397.5766986195242,405.4703917341862,417.3569289750112,375.4461794312443,385.2493510699382,392.37185399716907,401.7478077056685,364.37607510671677,373.3875488484381,379.76798577633895,387.0090087257428,441.07485457980425,455.57157585209035,467.0933876729968,494.78295248799674
4172.393494956118,398.24900422868103,409.6925744621925,418.35380392135744,433.0448445555193,387.07622312481686,397.72075235167165,405.63303304467524,417.5924473357783,375.57164558505,385.3934048020856,392.5344953076581,401.9745176954726,364.5015412605226,373.5316025805855,379.930627086828,387.2274014754715,441.20032073361,455.7156295842378,467.25602898348586,495.06216306727634
4255.01798421968,398.37203406449333,409.83383094034735,418.5132870418548,433.2846031909029,387.19925296062917,397.8620088298265,405.79251616517263,417.8236506316459,375.6946754208623,385.53466128024047,392.6939784281555,402.1970740035163,364.6245710963349,373.67285905874036,380.0901102073254,387.44179292829244,441.3233505694223,455.8568860623926,467.41551210398325,495.33625807184535
4339.278658141836,398.4926748910498,409.97234448194916,418.66967329850206,433.51996410772523,387.3198937871856,398.0005223714283,405.94890242181987,418.050613133333,375.81531624741876,385.6731748218423,392.85036468480274,402.41554812279867,364.74521192289126,373.81137260034217,380.2464964639726,387.6522519543629,441.44399139597874,455.99539960399443,467.5718983606305,495.6053255507647
4425.207917530879,398.61097309844087,410.10816834969455,418.82302282660163,433.7510031855236,387.43819199457675,398.1363462391737,406.10225194991943,418.2734080127572,375.9336144548099,385.80899868958767,393.0037142129023,402.6300104886123,364.8635101302824,373.94719646808755,380.3998459920722,387.8588464049376,441.5622896033699,456.13122347173976,467.72524788873005,495.86945225044934
4512.838804817291,398.72697417594844,410.24135477201804,418.9733945937411,433.97779517408657,387.5541930720843,398.2695326614972,406.2526237170589,418.49210735240035,376.04961553231743,385.94218511191116,393.15408598004177,402.8405304875593,364.9795112077899,374.08038289041104,380.55021775921165,388.06164312105335,441.6782906808774,456.2644098940633,467.8756196558695,496.1287236257721
4602.205016759564,398.8407227295376,410.37195496317594,419.12084642246776,434.2004137033874,387.66794162567345,398.4001328526551,406.40007554578557,418.70678215488755,376.1633640859066,386.07278530306905,393.30153780876844,403.04717646677113,365.0932597613791,374.21098308156894,380.6976695879383,388.26070794241144,441.7920392344666,456.3950100852212,468.02307148459613,496.38322385141896
4693.34091740164,398.9522624990087,410.5000191429392,419.265435012523,434.4189312937197,387.7794813951446,398.5281970324183,406.54466413584083,418.9175023527609,376.2749038553778,386.20084948283227,393.4461263988237,403.2500157433175,365.20479953085027,374.33904726133215,380.8422581779936,388.4561057164408,441.90357900393775,456.5230742649844,468.16766007465145,496.6330358334763
4786.28155128694,399.0616363748177,410.62559655590496,419.40721596264564,434.63341936602274,387.8888552709535,398.6537744453841,406.68644508596344,419.1243368184368,376.38427773118667,386.326426895798,393.58790734894626,403.4491146137911,365.3141734066592,374.4646246742979,380.9840391281162,388.64790030753124,442.01295287974665,456.64865167795017,468.309441024774,496.87824122123567
4881.062656934037,399.16888641456734,410.74873549043235,419.5462437919508,434.8439482523785,387.9961053107032,398.7769133799115,406.8254729152686,419.3273533743282,376.49152777093633,386.4495658303254,393.72693517825144,403.6445383640512,365.4214234464088,374.5877636088253,381.1230669574214,388.83615460641977,442.1202029194963,456.77179061247756,468.4484688540792,497.1189204191936
4977.720680579253,399.2740538591809,410.86948329721093,419.6825719608943,435.0505872066678,388.10127275531676,398.89766118669,406.9618010842121,419.52661880312024,376.5966952155499,386.570313637104,393.86326334719496,403.8363512791149,365.52659089102247,374.7085114156039,381.25939512636484,389.0209305397187,442.2253703641099,456.89253841925614,468.5847970230227,497.35515259923346
5076.29279019133,399.37717914876,410.9878864074684,419.8162528918302,435.25340441536935,388.2043980448958,399.0160642969475,407.09548201514804,419.72219885818464,376.69982050512897,386.68871674736147,393.99694427813085,404.02461665318225,365.6297161806015,374.82691452586135,381.39307605730073,389.202289079573,442.32849565368895,457.0109415295136,468.7184779539586,497.5870157129721
5176.816889763647,399.4783019381351,411.1039903508249,419.94733798916815,435.45246700849054,388.3055208342709,399.13216824030405,407.226567112486,419.91415827411953,376.80094329450407,386.804820690718,394.1280293754688,404.20939679978164,365.7308389699766,374.94301846921786,381.52416115463876,389.3802902534339,442.42961844306404,457.1270454728701,468.84956305129657,497.81458650425475
5279.3316338894765,399.5774611121139,411.2178397728007,420.0758776591408,435.6478410706149,388.4046800082498,399.2460176622798,407.3551067824586,420.1025607774034,376.90010246848294,386.9186701126938,394.25656904544144,404.39075306202574,365.82999814395544,375.0568678911937,381.6527008246114,389.55499315393786,442.52877761704286,457.24089489484595,468.9781027212692,498.0379405217857
5383.876442625852,399.6746948004341,411.3294784519831,420.20192132918544,435.83959165205476,388.50191369657,399.35765634146225,407.4811504525033,420.2874690971496,376.99733615680316,387.0303087918762,394.3826127154861,404.5687458229631,365.92723183227565,375.1685065703761,381.778744494656,389.72645594887905,442.62601130536314,457.3525335740283,469.10414639131386,498.2571521318776
5490.491516651799,399.77004039242513,411.4389493168616,420.3255174669516,436.0277827800978,388.59725928856096,399.46712720634076,407.60474659026943,420.46894497595156,377.0926817487941,387.13977965675474,394.50620885325225,404.7434345160182,366.0225774242666,375.2779774352546,381.9023406324222,389.8947358912662,442.7213568973541,457.4620044389069,469.22774252908,498.4722945313089
5599.217852726687,399.86353455138556,411.54629446233474,420.4467135989373,436.2124774703339,388.6907534475214,399.5744723518138,407.7259427222551,420.6470491808054,377.18617590775455,387.2471248022278,394.627404985238,404.9148776355057,366.1160715832271,375.3853225807277,382.0235367644079,390.05988932945075,442.8148510563145,457.56934958437995,469.34893866106574,498.6834397602729
5710.097259454797,399.9552132286813,411.6515551658966,420.5655563287652,436.3937377380538,388.78243212481715,399.67973305537566,407.84478545208304,420.821841514102,377.2778545850503,387.35238550578964,394.74624771506586,405.08313274721087,366.2077502605228,375.4905832842895,382.14237949423574,390.2219717173197,442.9065297336103,457.6746102879418,469.4677813908936,498.8906587154083
5823.172373361971,400.04511167757005,411.75477190350955,420.68209135510244,436.57162460970653,388.8723305737059,399.7829497929887,407.96132047842025,420.9933808246753,377.36775303393904,387.45560224340267,394.8627827414031,405.24825649902544,366.2976487094116,375.59380002190255,382.258914520573,390.3810376245409,442.996428182499,457.7778270255548,469.58431641723087,499.0940211628981
5938.486675290672,400.133264466757,411.85598436516864,420.79636348923367,436.7461981344084,388.96048336289283,399.8841622546477,408.07559261255153,421.16172501890094,377.455905823126,387.5568147050617,394.97705487553435,405.4103046316304,366.3858014985985,375.6950124835616,382.3731866547043,390.5371407468541,443.08458097168597,457.87903948721384,469.6985885513621,499.2935957516267
6056.0845071196945,400.2197054936881,411.9552314701636,420.9084166722925,436.9175173954915,389.04692438982397,399.98340935964274,408.1876457956103,421.32693107183263,377.54234685005713,387.6560618100567,395.0891080585932,405.5693319892162,366.4722425255296,375.7942595885566,382.48523983776306,390.69033391639744,443.1710219986171,457.97828659220886,469.81064173442087,499.4894500263817
6176.01108881498,400.30446799758397,412.05255138204404,421.01829399215757,437.0856405220823,389.1316868937198,400.0807292715232,408.29752311547537,421.48905503836744,377.62710935395296,387.75338172193716,395.19898537845825,405.7253925302306,366.5570050294255,375.89157950043705,382.5951171576281,390.8406691120618,443.25578450251294,458.0756065040893,469.920519054286,499.681650441092
6298.312535818087,400.387584572222,412.14798152329513,421.12603770002164,437.250624700705,389.21480346835784,400.1761594127742,408.40526682333945,421.6481520644352,377.710225928591,387.8488118631882,395.3067290863223,405.87853933814904,366.6401216040635,375.9870096416881,382.7028608654922,390.98819746986555,443.338901077151,458.17103664534034,470.02826276215,499.8702623720911
6423.03587677894,400.46908717846924,412.24155858972716,421.2316892266384,437.41252618689646,389.29630607460507,400.26973647920624,408.5109183499562,421.8042763981988,377.7917285348382,387.9423889296202,395.4123806129391,406.02882463225706,366.7216242103107,376.0805867081201,382.808512392109,391.1329692933409,443.4204036833982,458.26461371177237,470.13391428876685,500.05535013139695
6550.229071639861,400.5490071565725,412.3333185645864,421.33528919825375,437.57140031682815,389.3762260527083,400.36149645406556,408.61451832157155,421.95748140126165,377.8716485129415,388.0341489044795,395.5159805845544,406.1762997784376,366.80154418841397,376.17234668297937,382.9121123637243,391.2750340639267,443.50032366150145,458.3563736866316,470.2375142603821,500.2369769799977
6679.941030077585,400.6273752382097,412.4232967323921,421.4368774522279,437.72730151892665,389.4545941343456,400.4514746218712,408.7161065755457,422.10781955987375,377.95001659457876,388.1241270722852,395.6175688385286,406.3210152999584,366.87991227005125,376.2623248507851,383.0137006176985,391.41444045135864,443.57869174313873,458.44635185443735,470.33910251435634,500.4152051411363
6812.22163031054,400.70422155830704,412.5115276925039,421.5364930523541,437.8802833254843,389.53144045444293,400.53970558198296,408.81572217567197,422.2553424961272,378.0268629146761,388.21235803239693,395.7171844386548,406.4630208882487,366.9567585901486,376.3505558108968,383.11331621782466,391.551236324052,443.65553806323607,458.5345828145491,470.4387181144825,500.5900958135841
6947.121738278548,400.7795756666268,412.59804537242655,421.6341743038797,438.0303983842543,389.6067945627626,400.62622326190564,408.9134034271975,422.40010097913853,378.1022170229958,388.2988757123196,395.8148656901804,406.60236541366345,367.03211269846827,376.4370734908195,383.2109974693503,391.6854687594699,443.73089217155575,458.62110049447176,470.53639936600814,500.76170918489663
7084.69322720234,400.8534665391302,412.6828830408564,421.7299587682359,438.17769847002404,389.68068543526607,400.71106093033546,409.0091878915537,422.5421449362084,378.17610789549923,388.38371338074944,395.91065015453654,406.7390969362257,367.1060035709717,376.5219111592493,383.3067819337065,391.81718405447197,443.8047830440592,458.7059381629016,470.6321838303643,500.9301044446439
7224.988997530388,400.92592258911935,412.7660733204736,421.82388327748123,438.3222344961582,389.75314148525524,400.79425120995273,409.10311240079903,422.681523463953,378.2485639454884,388.4669036603667,396.00457466378185,406.87326271634146,367.1784596209609,376.6051014388666,383.4007064429518,391.9464277356361,443.8772390940483,458.78912844251886,470.7261083396096,501.0953397976074
7368.062997280774,400.9969716781635,412.8476482004873,421.91598394846443,438.46405652610866,389.8241905742994,400.87582608996644,409.19521307178223,422.8182848394035,378.31961303453255,388.5484785403804,396.09667533476505,407.004909225484,367.24950871000505,376.6866763188803,383.492807113935,392.07324456955104,443.94828818309253,458.87070332253256,470.8182090105928,501.25747247693744
7513.970242785785,401.06664112681216,412.9276390489357,422.0062961967126,438.60321378488317,389.89386002294805,400.9558169384148,409.28552532003044,422.9524765310649,378.3892824831812,388.62846938882876,396.18698758301326,407.13408215683967,367.3191781586537,376.76666716732865,383.5831193621832,392.1976785730709,444.0179576317412,458.9506941709809,470.908521258841,501.41655875726514
7662.766839847468,401.1349577251008,413.00607662474846,422.09485475004965,438.7397546704688,389.9621766212366,401.0342545142276,409.37408387336745,423.0841452099326,378.45759908146977,388.7069069646416,396.27554613635033,407.2608264359116,367.38749475694226,376.84510474314146,383.6716779155202,392.31977302353073,444.08627423002974,459.0291317467937,470.997079812178,501.5726539677612
7814.510005311974,401.20194774285244,413.0829910895745,422.18169366194996,438.87372676520494,390.0291666389883,401.1111689790536,409.46092278526777,423.2133367604589,378.52458909922143,388.7838214294676,396.36238504825064,407.38518623107666,367.4544847746939,376.9220192079675,383.7585168274205,392.43957046891575,444.1532642477814,459.10604621161974,471.0839187240784,501.7258125051381
7969.258089071194,401.2676369397797,413.15841201937985,422.26684632463343,439.0051768471007,390.09485583591555,401.186589908859,409.5460754479513,423.3400962914671,378.5902782961487,388.85924235927297,396.4475377109341,407.5072049640911,367.5201739716212,376.99744013777286,383.843669490104,392.5571127379814,444.2189534447087,459.1814671414251,471.16907138676186,501.876087846588
8127.070596500084,401.3320505753893,413.2323684158206,422.35034548190515,439.13415090109226,390.1592694715252,401.26054630529967,409.629574605223,423.46446814700647,378.65469193175835,388.93319875571365,396.53103686820583,407.62692532053984,367.58458760723084,377.07139653421353,383.92716864737577,392.6724409503197,444.2833670803183,459.2554235378658,471.2525705440336,502.0235325626523
8288.008211338301,401.39521341869596,413.3048887173948,422.4322232417471,439.26069413023646,390.2224323148318,401.33306660687396,409.71145236506493,423.5864959171473,378.71785477506495,389.00571905728793,396.6129146280478,407.7443892602273,367.64775045053744,377.1439168357878,384.0090464072177,392.7855955263685,444.3465299236249,459.3279438394401,471.33444830387555,502.1681983300185
8452.132819024975,401.4571497577462,413.37600081037846,422.5125110886641,439.3848509668361,390.2843686538821,401.4041786998576,409.79174021198196,423.70622244870856,378.77979111411526,389.0768311502716,396.6932024749648,407.85963802750445,367.70968678958775,377.21502892877146,384.08933425413466,392.8966161973599,444.4084662626752,459.3990559324237,471.4147361507925,502.3101359442389
8619.507530495488,401.5178834089583,413.44573203954786,422.5912398957908,439.50666508349383,390.34510230509414,401.473909929027,409.87046901910867,423.8236898559175,378.8405247653273,389.146562379441,396.7719312820915,407.97271216152916,367.7704204407998,377.28476015794087,384.1680630612614,393.005542015204,444.4691999138873,459.4687871615931,471.49346495791923,502.44939533236663
8790.196706449662,401.57743772628,413.51410921869507,422.6684399367635,439.62617940408995,390.40465662241587,401.5422871081742,409.94766906008135,423.93893953099604,378.90007908264903,389.2149395585882,396.84913132306417,408.08365150645704,367.8299747581215,377.35313733708807,384.2452631022341,393.11241136230615,444.528754231209,459.53716434074033,471.5706649988919,502.58602556550716
8964.265982100349,401.6358356101695,413.58115864093855,422.744140897361,439.7434361146827,390.46305450630535,401.6093365304177,410.0233700206788,424.05201215467133,378.9584769665385,389.2819889808316,396.92483228366166,408.1924952215587,367.888372642011,377.4201867593315,384.32096406283154,393.2172619613127,444.5871521150985,459.60421376298376,471.6463659594894,502.7200748712777
9141.782292412196,401.6930995164005,413.64690608883336,422.8183718869197,439.8584766743255,390.52031841253637,401.67508397831244,410.0976010102375,424.162947706608,379.0157408727695,389.3477364287264,396.9990632732204,408.29928179126216,367.945636548242,377.4859342072263,384.39519505239025,393.3201308847853,444.6444160213295,459.66996121087857,471.7205969490481,502.8515906461755
9322.813897840191,401.74925146469775,413.7113768442858,422.89116144952726,439.971341825801,390.57647036083364,401.7395547337649,410.17039057284506,424.2717854757586,379.0718928210668,389.4122071841789,397.07185283582794,408.4040490351155,368.0017884965393,377.5504049626788,384.4679846149978,393.4210545647978,444.7005679696268,459.73443196633104,471.7933865116557,502.9806194678481
9507.430410577894,401.80431304720435,413.77459569827477,422.9625375749987,440.08207160626705,390.6315319433402,401.8027735877539,410.24176669831655,424.37856407062964,379.12695440357334,389.4754260381679,397.14322896129937,408.5068341176698,368.05685007904583,377.61362381666777,384.53936074046925,393.5200688024568,444.7556295521333,459.79765082032003,471.8647626371271,503.1072071072639
9695.702821325462,401.8583054367839,413.83658696038464,423.0325277096388,440.19070535781316,390.6855243329197,401.8647648498638,410.3117568329567,424.48332142946145,379.1809467931529,389.53741730027775,397.2132190959395,408.6076735582779,368.1108424686254,377.67561507877764,384.6093508751094,393.6172087773407,444.80962194171286,459.8596420824299,471.93475277176725,503.2313985407809
9887.703526587753,401.911249395163,413.8973744681533,423.101158766797,440.2972817379255,390.7384682912989,401.9255523576324,410.38038789011483,424.5860948303202,379.23389075153204,389.5982048080464,397.2818501530977,408.7066032408085,368.16378642700454,377.73640258654626,384.6779819322676,393.71250905685775,444.862565900092,459.9204295901985,472.00338382892545,503.3532379621103
10083.506356512937,401.96316528091427,413.95698159623805,423.1684571372153,440.40183872985654,390.7903841770501,401.98515948571713,410.4476862605331,424.68692090109664,379.28580663728326,389.6578119361311,397.3491485235159,408.80365842327194,368.21570231275575,377.796009714631,384.74528030268584,393.80600360551847,444.91448178584324,459.98003671828326,472.07068219934365,503.47276879417075
10283.186603282547,402.01407305728486,414.0154312654043,423.23444869917716,440.50441365290055,390.8412919534207,402.0436091548834,410.513677822495,424.7858356294159,379.33671441365385,389.7162616052974,397.41514008547784,408.89887374735827,368.26661008912635,377.8544593837973,384.8112718646477,393.89772579412374,444.96538956221383,460.03848638744955,472.1366737613056,503.5900337008359
10486.821050063569,402.063992299873,414.07274595133885,423.29915882845813,440.60504317256886,390.89121119600884,402.100923840818,410.57838795177594,424.88287437244867,379.386633656242,389.77357629123196,397.4798502147588,408.9922832478826,368.3165293317145,377.91177406973185,384.8759819939287,393.98770840886397,445.015308804802,460.0958010733841,472.20138389058656,503.7050745985667
10694.48800053392,402.1129422041555,414.12894769329284,423.3626124080836,440.7037633106679,390.94016110029133,402.157125582772,410.64184153140144,424.97807186663067,379.4355835605245,389.82977803318596,397.54330379438426,409.0839203621402,368.36547923599704,377.96797581168585,384.93943557355414,394.07598366033045,445.06425870908447,460.1520028153381,472.264837470212,503.8179326679332
10906.267308992625,402.16094159286894,414.18405810255643,423.4248338378973,440.8006094552747,390.98816048900477,402.2122359920355,410.70406296121513,425.07146223728125,379.4835829492379,389.8848884424495,397.605525224198,409.1738179391658,368.4134786247104,378.0230862209494,385.0016570033679,394.1625831924355,445.1122580977979,460.20711322460164,472.32705890002575,503.9286483650175
11122.240411066228,402.20800892324746,414.23809837076874,423.4858470439435,440.8956163706105,391.03522781938335,402.2662762602479,410.7650761672614,425.1630790081255,379.5306502796165,389.93892871066186,397.6665384302442,409.26200824889935,368.460545955089,378.07712648916174,385.0626702094141,394.24753809124155,445.1593254281765,460.261153492814,472.38807210607195,504.037261432703
11342.490355023314,402.2541622941203,414.2910892780672,423.54567548766755,440.9888182068115,391.08138119025614,402.31926716754634,410.82490461098536,425.2529551107155,379.5768036504893,389.9919196179603,397.72636687396823,409.34852299125515,368.50669932596185,378.1301173964602,385.1224986531381,394.33087889369784,445.2054787990493,460.31414440011247,472.447900549796,504.14381091184254
11567.10183370901,402.29941945287123,414.34305120107757,423.6043421749373,441.0802485095935,391.1266383490071,402.3712290905567,410.88357129825516,425.34112289375093,379.6220608092403,390.0438815409707,397.785033561238,409.4333933050936,368.5519564847128,378.1820793194706,385.18116534040786,394.4126355962831,445.25073595780026,460.36610632312284,472.5065672370657,504.2483351523092
11796.161217112125,402.34379780226317,414.3940041207498,423.6618696648898,441.1699402298125,391.171016698399,402.42218201022894,410.9410987882077,425.42761413229795,379.66643915863216,390.0948344606429,397.8425610511905,409.51664977709544,368.59633483410465,378.2330322391428,385.2386928303604,394.49283766355376,445.29511430719214,460.41705924279506,472.56409472701824,504.35087182392436
12029.756585576952,402.38731440712985,414.4439676300412,423.7182800786059,441.25792573291767,391.21453330326574,402.47214551952027,410.9975092019238,425.51246003690505,379.7099557634989,390.14479796993425,397.8989714649066,409.5983224505369,368.6398514389714,378.28299574843413,385.2951032440765,394.57151403659753,445.3386309120589,460.4670227520864,472.62050514073434,504.4514579272655
12267.977763672887,402.42998600093784,414.49296094145035,423.77359510761625,441.344236808298,391.2572048970737,402.5211388309295,411.05282423093405,425.59569126261624,379.75262735730684,390.19379128134347,397.9542864939169,409.67844083396534,368.6825230327794,378.33198905984335,385.3504182730868,394.6486931413907,445.3813025058668,460.5160160634956,472.67582016974467,504.55012980435095
12510.916354734722,402.4718289922211,414.54100289440527,423.82783602224276,441.42890467852055,391.299047888357,402.56918078388435,411.10706514556057,425.6773379178795,379.79447034859015,390.2418332342983,398.00852740854344,409.7570339097748,368.72436602406265,378.3800310127982,385.4046591877133,394.72440289705906,445.4231454971501,460.5640580164505,472.7300610843712,504.64692314920114
12758.665776086931,402.51285947089053,414.58811196250724,423.88102367977723,441.5119600084608,391.3400783670264,402.6162898519863,411.1602528030951,425.75742957335143,379.8355008272596,390.2889423024003,398.0617150660779,409.83413014268115,368.7653965027321,378.4271400809002,385.4578468452478,394.7986707240424,445.46417597581956,460.61116708455245,472.78324874190565,504.741873018277
13011.321294965517,402.5530932144213,414.63430626063507,423.9331785325022,441.59343291432396,391.38031211055716,402.66248415011415,411.21240765582,425.83599527059664,379.8757345707903,390.33513660052813,398.11386991880283,409.9097574880966,368.8056302462628,378.473334379028,385.51000169797277,394.8715235521609,445.5044097193503,460.6573613826803,472.8354035946306,504.8350138407924
13268.98006515108,402.5925456939191,414.67960355191025,423.98432063555487,441.67335297255727,391.41976459005497,402.7077814413894,411.26354975887267,425.91306353068205,379.9151870502881,390.38043389180336,398.16501202185555,409.98394340040204,368.8450827257606,378.51863167030325,385.5611438010254,394.9429878285853,445.5438621988481,460.7026586739555,472.8865456976833,504.92637942890383
13531.741164327565,402.63123208006994,414.72402125452794,424.03446965463934,441.75174922865347,391.45845097620577,402.752199144007,411.31369877795714,425.9886623626663,379.9538734364389,390.424851594421,398.21516104094,410.0567148411191,368.8837691119114,378.5630493729209,385.6112928201099,395.0130895257079,445.5825485849989,460.74707637657315,472.93669471676776,505.01600298777385
13799.705632180576,402.66916724897357,414.76757644845424,424.08364487358847,441.82865020584427,391.4963861451094,402.7957543379334,411.3628739969063,426.06281927198256,379.99180860534256,390.46840678834735,398.26433625988915,410.1280982869798,368.92170428081505,378.60660456684724,385.660468039059,395.081854148917,445.62048375390253,460.7906315704995,472.9858699357169,505.10391712550967
14072.976509250238,402.7063657878635,414.8102858819946,424.13186520177914,441.90408391368436,391.5335846839994,402.83846377147376,411.411094325097,426.13556126871714,380.02900714423254,390.51111622188773,398.3125565880798,410.19811973789473,368.95890281970503,378.6493140003876,385.7086883672497,395.14930674427245,445.6576822927925,460.8333410040398,473.03409026390756,505.190153862977
14351.658876553453,402.7428420007166,414.85216597823336,424.17914918140355,441.9780778565263,391.5700608968525,402.8803438677125,411.4583783047214,426.20691487578085,380.06548335708567,390.5529963181265,398.3598405677042,410.26680472481985,368.99537903255816,378.69119409662636,385.7559723468741,395.2154719060839,445.69415850564565,460.8752211002786,473.08137424353197,505.274744643488
14635.859895990754,402.7786099137533,414.89323284134963,424.2255149945993,442.0506590418856,391.60582880988915,402.9214107308287,411.50474411791714,426.2769061369765,380.1012512701223,390.5940631812427,398.40620638089996,410.3341783175213,369.0311469455948,378.7322609597426,385.80233816006984,395.2803737843906,445.7299264186823,460.91628796339484,473.1277400567277,505.35772034236464
14925.688851553345,402.8136832808309,414.93350226280904,424.2709804704406,442.12185398869656,391.6409021769668,402.9616801522882,411.55020959375844,426.3455606249597,380.13632463719995,390.63433260270216,398.45167185674126,410.40026513223927,369.06622031267244,378.77253038120205,385.84780363591113,395.3440360923442,445.7649997857599,460.9565573848543,473.173205532569,505.4391112763772
15221.257191346169,402.8480755887327,414.97298972743704,424.31556309179473,442.19168873545937,391.6752944848685,403.0011676169162,411.5947922151126,426.41290344909544,380.1707169451017,390.67382006733015,398.4962544780954,410.46508933924997,369.1006126205742,378.81201784583004,385.8923862572653,395.4064821134934,445.79939209366165,460.9960448494823,473.21778815392315,505.51894721305763
15522.678570442995,402.8818000623537,415.01171041937226,424.3592800020443,442.26018884827806,391.7090189584896,403.0398883088514,411.6385091253621,426.47895926320876,380.20444141872275,390.7125407592654,398.53997138834495,410.52867467032723,369.13433709419525,378.85073853776527,385.93610316751483,395.4677347089717,445.83311656728273,461.0347655414175,473.26150506417264,505.59725737988833
15830.068894590448,402.91486966978647,415.0496792279062,424.4021480116793,442.32737942879,391.7420885659223,403.0778571173853,411.6813771349971,426.54375227323226,380.23751102615546,390.75050956779927,398.58283939797997,410.59104442610317,369.167406701628,378.88870734629916,385.97897117714984,395.5278163245881,445.86618617471544,461.0727343499514,473.3043730738077,505.6740704733686
16143.546364777205,402.9472971273071,415.0869107532077,424.44418360476163,442.3932851219872,391.77451602344297,403.11508864268677,411.72341272807944,426.6073062447473,380.2699384836761,390.78774109310075,398.62487499106226,410.65222148332816,369.1998341591486,378.92593887160064,386.0210067702322,395.5867489978207,445.8986136322361,461.1099658752529,473.34640866689,505.7494146679547
16463.23152268592,402.9790949042658,415.123419311938,424.48540294526356,442.45793012393113,391.80631380040165,403.1515972014171,411.7646320685814,426.6696445104239,380.3017362606348,390.82424965183105,398.66609433156424,410.71222830203186,369.2316319361073,378.96244743033094,386.0622261107342,395.64455436471474,445.9304114091948,461.1464744339832,473.387628007392,505.8233176248798
16789.24729704519,403.0102752278809,415.1592189427554,424.5258218832832,442.5213381893582,391.8374941240168,403.1873968322345,411.80505100660105,426.7307899773551,380.33291658425,390.86004928264845,398.70651326958387,410.7710869325836,369.26281225972247,378.99824706114833,386.10264504875374,395.70125366668447,445.96159173280995,461.1822740648006,473.4280469454116,505.8958065008493
17121.71905089941,403.04085008794146,415.1943234117137,424.56545596113943,442.58353263918065,391.8680689840773,403.22250130119284,411.84468508445724,426.79076513429,380.36349144431045,390.8951537516068,398.74614734744006,410.8288190226548,369.293387119783,379.0333515301067,386.14227912661,395.7568677572198,445.99216659287043,461.21737853375896,473.4676810232678,505.96690795661544
17460.77462981474,403.0708312414169,415.2287462175559,424.60432041934837,442.6445363678806,391.89805013755273,403.25692410703505,411.8835495426662,426.8495920587638,380.3934725977859,390.929576557449,398.78501180564905,410.8854458240822,369.32336827325844,379.0677743359489,386.1811435848189,395.81141710849784,446.02214774634587,461.2518013396012,473.5065454814768,506.03664816543005
17806.5444110395,403.1002302169785,415.26250059690443,424.6424302024838,442.7043718507985,391.92744911311433,403.29067848638357,411.9216593258016,426.9072924241263,380.4228715733475,390.96333093679755,398.8231215887845,410.94098819963375,369.35276724882004,379.10152871529743,386.21925336795437,395.8649218179006,446.05154672190747,461.2855557189497,473.54465526461223,506.1050528213771
18159.161353638425,403.12905831943226,415.29559952935136,424.6797999649238,442.763061151317,391.9562772155681,403.32377741883045,411.9590290882416,426.9638875064695,380.45169967580125,390.9964298692444,398.8604913512245,410.9954666296772,369.38159535127375,379.1346276477443,386.25662313039436,395.91740161443886,446.08037482436123,461.31865465139657,473.5820250270522,506.1721471475858
18518.761049619345,403.15732663406595,415.32805574244924,424.716444076486,442.8206259279413,391.9845455302018,403.3562336319284,411.99567319980383,427.01939819145537,380.47996799043494,391.02888608234235,398.8971354627867,411.04890121875206,369.4098636659075,379.16708386084224,386.2932672419566,395.96887586508285,446.1086431389949,461.3511108644945,473.61866913861445,506.237955904324
18885.4817760725,403.18504603091185,415.3598817166057,424.7523766279529,442.8770874412752,392.0122649270477,403.38805960608477,412.0316057512707,427.07384498104267,380.50768738728084,391.06071205649874,398.9330680142536,411.10131170204517,369.4375830627534,379.19890983499863,386.32919979342347,396.01936358100073,446.1363625358408,461.3829368386509,473.65460169008134,506.3025033969742
19259.464548342334,403.21222716892646,415.39108968988177,424.7876114364904,442.93246656089514,392.03944606506235,403.41926757936085,412.0668405598082,427.127248000116,380.5348685252955,391.0919200297748,398.9683028227911,411.1527174517718,369.464764200768,379.2301178082747,386.36443460196097,396.0688834237054,446.1635436738555,461.414144811927,473.68983649861883,506.3658134838913
19640.85317425217,403.2388805000895,415.42169166269855,424.82216205096097,442.986783772123,392.06609939622535,403.4498695521777,412.1013911742788,427.17962700301666,380.5615218564585,391.12252200259167,399.00285343726165,411.2031374834622,369.491417531931,379.26071978109155,386.3989852164315,396.11745371111,446.1901970050185,461.44474678474376,473.7243871130894,506.42790958414577
20029.794309402765,403.2650162734225,415.4516994024512,424.8560417571333,443.04005918269627,392.0922351695583,403.47987729193034,412.1352708804512,427.2310013799751,380.58765762979147,391.1525297423443,399.036733143434,411.25259046215365,369.517553305264,379.2907275208442,386.43286492260387,396.16509242349326,446.21633277835144,461.47475452449646,473.75826681926173,506.48881468514935
20426.43751356589,403.2906445389303,415.4811244480342,424.8892635827916,443.0923125293403,392.11786343506617,403.50930233751336,412.1684927061095,427.2813901634484,380.6132858952993,391.18195478792734,399.0699549690923,411.30109470849044,369.5431815707718,379.3201525664272,386.46608674826217,396.2118172093757,446.2419610438593,461.5041795700795,473.79148864492004,506.54855135016754
20830.935308194483,403.3157751514655,415.5099781142784,424.9218403027447,443.14356318423955,392.1429940476014,403.53815600375754,412.2010694260626,427.330812034361,380.63841650783456,391.2108084541715,399.1025316890454,411.3486682047316,369.56831218330706,379.3490062326714,386.4986634682153,396.2576453913067,446.26709165639454,461.53303323632366,473.82406536487315,506.6071417257189
21243.443235072067,403.34041777451796,415.5382714963016,424.9537844437386,443.19383016141126,392.16763667065385,403.5664493857807,412.2330135670564,427.37928532825015,380.663059130887,391.23910183619466,399.13447583003926,411.39532860066674,369.5929548063595,379.37729961469455,386.53060760920914,396.30259397156334,446.2917342794469,461.5613266183468,473.856009505867,506.66460754886015
21664.119916123156,403.3645818839304,415.56601547377505,424.98510828927317,443.24313212298165,392.1918007800662,403.5941933632542,412.264337412591,427.42682804131886,380.6872232402994,391.26684581366817,399.16579967557385,411.44109321944194,369.6171189157719,379.40504359216806,386.5619314547437,396.3466796377629,446.31589838885935,461.5890705958203,473.8873333514016,506.7209701543624
22093.127114408286,403.3882767715425,415.5932207151076,425.015823884326,443.29148738536514,392.21549566767834,403.62139860458666,412.2950530076438,427.47345783639474,380.7109181279115,391.29405105500064,399.19651527062666,411.4859790632963,369.640813803384,379.4322488335005,386.59264704979654,396.38991876838844,446.3395932764715,461.6162758371528,473.9180489464544,506.77625048177487
22530.629796326866,403.41151154876394,415.619897681547,425.0459430399834,443.3389139253488,392.23873044489983,403.6480755710261,412.3251721633012,427.51919204879664,380.734152905133,391.32072802144006,399.2266344262841,411.53000281920885,369.6640485806055,379.45892579993995,386.62276620545396,396.4323274382288,446.36282805369297,461.6429528035922,473.94816810211177,506.83046908238003
22976.796195051793,403.43429515007773,415.6460566312036,425.0754773379828,443.38542938608134,392.26151404621356,403.67423452068266,412.3547064613006,427.5640476921104,380.7569365064467,391.34688697109664,399.2561687242835,411.57318086445855,369.6868321819192,379.4850847495965,386.6523005034534,396.47392142373485,446.3856116550067,461.6691117532488,473.9777024001112,506.8836461260415
23431.79787522033,403.456636336476,415.6717076229942,425.1044381351657,443.43105108296896,392.2838552326118,403.69988551247326,412.38366725848357,427.6080414638744,380.77927769284497,391.37253796288724,399.2851295214664,411.61552927209675,369.7091733683175,379.5107357413871,386.68126130063627,396.5147162082908,446.40795284140495,461.6947627450394,474.00666319729413,506.93580140794353
23895.809798905742,403.4785436988288,415.6968605205103,425.1328365678453,443.4757960094783,392.3057625949646,403.72503840998945,412.4120656911631,427.65118975117485,380.8011850551978,391.39769086040343,399.31352795414597,411.65706381633396,369.73108073067027,379.5358886389033,386.70965973331585,396.5547269874035,446.42986020375776,461.7199156425556,474.03506162997365,506.9869543552248
24369.010392895874,403.50002566118735,415.7215249958109,425.1606835560878,443.5196808428475,392.32724455732324,403.74970288529005,412.43991267940567,427.6935086361541,380.8226670175564,391.42235533570397,399.3413749423885,411.6977999778413,369.7525626930289,379.5605531142039,386.73750672155836,396.59396867380946,446.4513421661164,461.7445801178561,474.0629086182162,507.0371240335082
24851.581617303516,403.52109048402394,415.7457105331418,425.187989807913,443.5627219497078,392.3483093801598,403.7738884226209,412.46721893123083,427.73501390143036,380.84373184039293,391.4465408730349,399.3686811942137,411.7377529489683,369.7736275158654,379.5847386515348,386.7648129733836,396.632455902501,446.4724069889529,461.76876565518705,474.09021487004145,507.08632915332646
25343.709035535678,403.54174626740763,415.7694264325823,425.2147658234104,443.6049353916132,392.36896516354346,403.79760432206143,412.49399494672826,427.77572103543133,380.8643876237766,391.4702567724754,399.3954572097111,411.7769376388764,369.7942832992491,379.6084545509753,386.79158898888096,396.6702030356718,446.4930627723366,461.79248155462756,474.1169908855388,507.13458807644486
25845.581885648407,403.56200095411936,415.79268181362175,425.2410218987775,443.6463369304839,392.38921985025524,403.82085970310084,412.5202510220953,427.8156452376424,380.8846423104884,391.4935121535148,399.42171328507817,411.81536867859126,369.8145379859609,379.6317099320147,386.81784506424805,396.70722416758366,446.5133174590484,461.81573693566696,474.1432469609059,507.1819188220832
26357.39315311462,403.5818623327062,415.8154856186659,425.266768130279,443.6869420339608,392.40908122884207,403.84366350814497,412.5459972535968,427.85480142377054,380.9045036890752,391.51631595855895,399.44745951657967,411.8530604259733,369.8343993645477,379.65451373705883,386.84359129574955,396.7435331293544,446.53317883763515,461.8385407407111,474.1689931924074,507.2283390730377
26879.3396450329,403.6013380404762,415.8378466164759,425.29201441812893,443.7267658806734,392.42855693661204,403.866024505955,412.57124354144673,427.89320423082415,380.9239793968452,391.538676956369,399.4727058044296,411.8900269706079,369.85387507231775,379.6768747348689,386.8688375835995,396.77914349366915,446.5526545454052,461.86090173852114,474.19423948025735,507.27386618170345
27411.62206580593,403.62043556643505,415.8597734055398,425.31677047029785,443.76582336542253,392.44765446257094,403.8879512950189,412.5959995936157,427.930868022111,380.9430769228041,391.5606037454329,399.49746185659853,411.92628213861616,369.8729725982766,379.6988015239328,386.89359363576847,396.81406857941425,446.5717520713641,461.88282852758505,474.2189955324263,507.31851717599875
27954.445094317245,403.6391622541662,415.8812744173792,425.3410458062456,443.80412910427884,392.466381150302,403.90945230685827,412.6202749295634,427.96780689215433,380.9618036105352,391.58210475727225,399.5217371925462,411.96183949738696,369.8916992860077,379.72030253577213,386.91786897171613,396.8483214562362,446.59047875909516,461.9043295394244,474.24327086837394,507.3623087651944
28508.017462636864,403.6575253046541,415.9023579197912,425.36484976058176,443.8416974395969,392.4847442007899,403.93053580927034,412.64407888389957,428.0040346715288,380.9801666610231,391.6031882596843,399.54554114688244,411.99671236023244,369.91006233649557,379.7413860381842,386.9416729260523,396.8819149490254,446.60884180958305,461.9254130418364,474.26707482271013,507.40525734564574
29072.552036284942,403.67553177905387,415.92303202002796,425.3881914866555,443.878542444948,392.50275067518976,403.9512099095071,412.6674206099733,428.0395649316165,380.9981731354229,391.6238623599211,399.5688828729562,412.03091379096577,369.9280688108954,379.76206013842096,386.96501465212606,396.9148616423271,446.6268482839829,461.9460871420732,474.2904165487839,507.44737900643145
29648.265896085126,403.69318860140595,415.94330466791376,425.41107996007497,443.91467792997065,392.52040749754184,403.9714825573929,412.6903090833928,428.0744109892846,381.015829957775,391.6441350078069,399.59177134637565,412.0644566084044,369.9457256332475,379.78233278630677,386.98790312554553,396.94717388467865,446.644505106335,461.96635978995903,474.3133050222034,507.4886895348991
30235.38042163878,403.7105025612993,415.9631836589023,425.43352398215876,443.9501174451413,392.5377214574351,403.9913615483814,412.7127531054766,428.1085859114863,381.03314391766827,391.6640139987954,399.61421536845944,412.09735339079816,369.96303959314076,379.80221177729527,387.0103471476294,396.97886379287553,446.66181906622825,461.98623878094753,474.3357490442872,507.5292044221193
30834.121376452218,403.7274803164811,415.982676637074,425.45553218332043,443.98487428646547,392.5546992126169,404.01085452655315,412.7347613066383,428.14210251978375,381.0501216728501,391.6835069769671,399.6362235696211,412.1296164801838,369.9800173483226,379.821704755467,387.03235534879104,397.0099432561659,446.67879682141006,462.00573175911927,474.35775724544885,507.56893886824804
31444.718994749743,403.7441283954181,416.00179109807584,425.477113026387,444.01896150009105,392.57134729155393,404.0299689875549,412.7563421497048,428.1749733947976,381.0667697517871,391.7026214379689,399.65780441268765,412.16125798666747,369.9966654272596,379.8408192164688,387.05393619185753,397.0404239403761,446.69544490034707,462.02484622012105,474.3793380885154,507.6079077878012
32067.408070005513,403.7604531998062,416.02053439200296,425.49827480985306,444.0523918868436,392.5876720959421,404.04871228148204,412.77750393317086,428.20721088057974,381.08309455617524,391.721364731896,399.67896619615374,412.1922897926345,370.01299023164773,379.8595625103959,387.0750979753236,397.0703172919661,446.7117697047352,462.04358951404816,474.4004998719815,507.6461258148393
32702.428045229182,403.7764610070324,416.0389137262256,425.51902567107214,444.08517800668665,392.60367990316826,404.06709161570467,412.79825479439,428.2388270889148,381.0991023634014,391.73974406611865,399.6997170573728,412.2227235568894,370.0289980388739,379.87794184461853,387.0958488365427,397.09963454201744,446.7277775119614,462.0619688482708,474.42125073320057,507.68360730806603
33350.02310503882,403.79215797258854,416.0569361681604,425.53937358938566,444.1173321831057,392.61937686872443,404.08511405763954,412.81860271270347,428.2698339035478,381.1147993289576,391.75776650805346,399.72006497568634,412.25257071872596,370.0446950044301,379.89596428655335,387.1161967548562,397.128386710154,446.74347447751757,462.0799912902056,474.4415986515141,507.7203663558408
34010.442269557425,403.80755013243834,416.074608647988,425.559326389191,444.14886650741886,392.6347690285742,404.10278653746707,412.83855551250883,428.3002429843406,381.1301914888074,391.77543898788105,399.7400177754917,412.2818425019281,370.0600871642799,379.91363676638093,387.1361495546616,397.1565846083962,446.75886663736736,462.0976637700332,474.4615514513194,507.7564167811065
34683.93949016883,403.8226434053385,416.0919379613178,425.5788917429505,444.17979284301424,392.6498623014744,404.1201158507969,412.8581208662683,428.33006577135853,381.14528476170756,391.79276830121086,399.7595831292511,412.3105499187033,370.07518043718005,379.93096607971074,387.15571490842103,397.18423884495,446.77395991026754,462.114993083363,474.48111680507884,507.7917721462334
35370.773747169704,403.83744359511434,416.10893077180117,425.59807717414134,444.21012282951483,392.6646624912502,404.13710866128025,412.87730629745914,428.35931348888647,381.1600849514834,391.80976111169423,399.778768560442,412.33870377354907,370.0899806269559,379.9479588901941,387.1749003396119,397.2113598279315,446.78876010004336,462.1319858938464,474.50030223626976,507.826445757781
36071.209149355556,403.85195639289196,416.1255936136939,425.6168900601494,444.2398678868737,392.6791752890278,404.15377150317306,412.8961191834672,428.3879971493774,381.17459774926095,391.82642395358704,399.79758144645,412.3663146670534,370.1044934247335,379.9646217320869,387.19371322561994,397.2379577690284,446.80327289782093,462.1486487357392,474.51911512227775,507.86045067117914
36785.51503557829,403.86618737928615,416.14193289436884,425.6353376351048,444.26903921939686,392.693406275422,404.1701107838479,412.91456675842267,428.41612755733297,381.18882873565514,391.8427632342619,399.8160290214055,412.39339299963024,370.1187244111277,379.9809610127618,387.21216080057536,397.26404268709763,446.8175038842151,462.16498801641404,474.5375626972332,507.8937996953276
37513.96607831574,403.880142026547,416.15795489677936,425.6534269926652,444.29764781969976,392.7073609226829,404.1861327862585,412.93265611598304,428.44371531311754,381.20278338291604,391.8587852366725,399.83411837896585,412.41994897519095,370.13267905838853,379.99698301517236,387.2302501581358,397.2896244117029,446.831458531476,462.1810100188246,474.5556520547936,507.92650539711894
38256.8423892913,403.89382570066334,416.1736657818759,425.67116508874193,444.3257044725936,392.7210445967992,404.20184367135505,412.95039421205973,428.4707708167063,381.21646705703233,391.874496121769,399.8518564750426,412.4459926047525,370.1463627325049,380.0126939002689,387.2479882542125,397.31471258659,446.8451422055923,462.1967209039211,474.5733901508703,507.9585801058811
39014.42962718556,403.9072436634269,416.18907159097483,425.68855874417613,444.3532197589062,392.73446255956276,404.2172494804539,412.96778786749394,428.4973042713702,381.2298850197959,391.8899019308679,399.8692501304768,412.47153370998404,370.1597806952684,380.0280997093678,387.2653819096467,397.33931667310355,446.8585601683559,462.21212671302004,474.5907838063045,507.99003591774584
39787.01910748079,403.9204010744549,416.20417824808106,425.70561464736056,444.3802040592353,392.74761997059073,404.23235613756015,412.9848437706784,428.5233256872945,381.2430424308239,391.9050085879741,399.88630603366124,412.4965819266907,370.1729381062964,380.043206366474,387.2824378128312,397.36344595354285,446.87171757938387,462.22723337012627,474.607839709489,508.0208846999395
40574.907914480704,403.9333029931748,416.21899156216676,425.72233935681226,444.40666755763834,392.7605218893106,404.2471694516459,413.00156848013006,428.5488448851377,381.25594434954377,391.9198219020599,399.90303074311294,412.5211467082389,370.18584002501626,380.05801968055977,387.2991625222828,397.3871095344615,446.88461949810375,462.242046684212,474.6245644189407,508.0511380950011
41378.399015548406,403.945954380769,416.23351722940464,425.73873930369365,444.4326202452568,392.77317327690486,404.2616951188838,413.0179684270115,428.57387149952604,381.268595737138,391.93434756929776,399.91943068999433,412.5452373289206,370.19849141261057,380.07254534779764,387.31556246916426,397.4103163499083,446.897270885698,462.2565723514499,474.6409643658221,508.0808075249258
42197.80137760675,403.9583601020836,416.2477608353584,425.7548207942866,444.4580719238787,392.7855789982194,404.2759387248375,413.0340499176045,428.59841498248886,381.2810014584526,391.94859117525147,399.9355121805873,412.5688628872599,370.2108971339251,380.08678895375135,387.3316439597572,397.4330751646128,446.90967660701256,462.2708159574036,474.65704585641504,508.1099041952375
43033.43008594521,403.9705249274979,416.2617278571304,425.77059001241633,444.4830322094374,392.7977438236337,404.2899057466095,413.04981913573414,428.6224846068331,381.29316628386687,391.9625581970235,399.951281398717,412.5920323092611,370.22306195933936,380.1007559755234,387.3474131778869,397.45539457711357,446.92184143242685,462.2847829791756,474.67281507454476,508.13843909898907
43885.60646538035,403.9824535347599,416.27542366546817,425.78605302182996,444.5075105354508,392.8096724308957,404.3036015549473,413.0652821451478,428.6460894694591,381.3050948911289,391.9762540053613,399.96674440813064,412.6147543516015,370.23499056660137,380.11445178386117,387.3628761873005,397.47728302283423,446.93377003968885,462.29847878751343,474.6882780839584,508.16642302069323
44754.65820381468,403.9941505107839,416.2888535268292,425.80121576852787,444.5315161563987,392.82136940691976,404.31703141630834,413.08044489184573,428.6692384946178,381.3167918671529,391.98968386672226,399.98190715482855,412.6370376047653,370.24668754262547,380.1278816452222,387.3780389339985,397.49874877710266,446.9454670157129,462.3119086488744,474.7034408306563,508.1938665401848
45640.91947824281,404.0056203534155,416.3020226054062,425.81608408305027,444.5550581510419,392.8328392495514,404.33020049488533,413.09531320636813,428.6919404371114,381.32826170978456,392.0028529452993,399.99677546935095,412.6588904961258,370.25815738525705,380.1410507237992,387.3929072485208,397.51979995811973,446.95693685834453,462.32507772745146,474.7183091451787,508.22078003641394
46544.731083252715,404.01686747316023,416.3149359651131,425.8306636827193,444.57814542568275,392.8440863692961,404.3431138545922,413.1098928060372,428.71420388543726,381.3395088295293,392.01576630500614,400.01135506902,412.68032129297126,370.2694045050018,380.153964083506,387.4074868481899,397.54044452987415,446.9681839780892,462.3379910871583,474.73288874484774,508.2471736911744
47466.440562071664,404.02789619487976,416.3275985715318,425.84496017383725,444.6007867173669,392.8551150910156,404.3557764610109,413.12418929715506,428.7360372648762,381.35053755124875,392.0284289114249,400.02565156013793,412.70133810547736,370.2804332267213,380.1666266899248,387.4217833393078,397.56069030500606,446.9792126998087,462.350653693577,474.7471852359656,508.27305749276377
48406.402340207365,404.03871075945534,416.3400152938222,425.8589790538425,444.6229905970305,392.8659296555912,404.36819318330134,413.1382081771604,428.7574488405262,381.36135211582433,392.0408456337153,400.0396704401432,412.7219488896281,370.2912477912968,380.1790434122152,387.43580221931313,397.5805449476208,446.9900272643843,462.36307041586747,474.76120411597094,508.2984412395811
49364.97786173501,404.04931532541787,416.3521909065941,425.8727257134237,444.6447654725895,392.8765342215537,404.38036879607324,413.15195483674154,428.77844672028266,381.37195668178686,392.0530212464872,400.05341709972436,412.74216145008404,370.3018523572594,380.1912190249871,387.4495488788943,397.6000159760517,447.00063183034683,462.37524602863937,474.7749507755521,508.3233345436588
50342.535728284165,404.0597139705478,416.3641300917432,425.88620543859207,444.6661195919759,392.88693286668365,404.39230798122236,413.1654345619099,428.7990388577654,381.3823553269168,392.06496043163634,400.06689682489275,412.76198344300025,370.3122510023893,380.2031582101362,387.46302860406263,397.61911076557465,447.0110304754768,462.3871852137884,474.7884305007205,508.34774683413343
51339.45184077701,404.0699106934423,416.3758374402517,425.8994234127146,444.6870610461187,392.8971295895781,404.40401532973084,413.1786525360324,428.81923305519365,381.3925520498113,392.0766677801448,400.0801147990153,412.78142237879337,370.3224477252838,380.2148655586447,387.47624657818517,397.63783655107414,447.02122719837126,462.39889256229696,474.80164847484303,508.37168736065394
52356.10954397383,404.0799094150535,416.38731745395353,425.9123847185069,444.70759777187214,392.90712831118935,404.41549534343267,413.19161384182473,428.83903696620996,381.4025507714225,392.08814779384664,400.0930761048076,412.80048562486036,370.33244644689506,380.22634557234653,387.4892078839775,397.65620042966157,447.0312259199825,462.4103725759988,474.81460978063535,508.39516519672947
53392.8997738808,404.089713980196,416.39857454726524,425.9250943399879,444.72773755489214,392.9169328763318,404.4267524367444,413.2043234633057,428.8584580986535,381.412355336565,392.09940488715836,400.10578572628856,412.8191804082477,370.3422510120375,380.23760266565824,387.50191750545844,397.674209363247,447.04103048512496,462.4216296693105,474.8273194021163,508.4181892430169
54450.221208076895,404.099328159025,416.4096130488838,425.93755716439586,444.74748803246035,392.9265470551609,404.43779093836287,413.2167862877137,428.877503817284,381.42196951539404,392.11044338877684,400.11824855069653,412.83751381827335,370.35186519086653,380.24864116727673,387.5143803298664,397.6918701810648,447.050644663954,462.432668170929,474.8397822265243,508.44076823055013
55528.48041901755,404.10875564848675,416.42043720345094,425.9497779840686,444.7668566962587,392.9359745446226,404.44861509293,413.2290071073864,428.8961813464564,381.43139700485574,392.121267543344,400.1304693703692,412.85549280910215,370.36129268032823,380.2594653218439,387.52660114953915,397.7091895821545,447.0600721534157,462.44349232549615,474.85200304619696,508.4629107239114
56628.09203037439,404.11800007373944,416.4310511731855,425.961761498285,444.78585089509266,392.94521896987527,404.45922906266463,413.2409906216028,428.91449777274806,381.4406414301084,392.1318815130786,400.1424528845857,412.8731242022738,370.370537105581,380.2700792915785,387.53858466375556,397.72617413779597,447.0693165786684,462.45410629523076,474.8639865604134,508.4846251243453
57749.47887647023,404.12706498954753,416.44145903948373,425.9735123150733,444.8044778375676,392.9542838856834,404.4696369289628,413.2527414383911,428.9324600475385,381.4497063459166,392.1422893793768,400.15420370137394,412.89041468918674,370.3796020213891,380.2804871578767,387.5503354805439,397.7428302939024,447.0783814944765,462.46451416152894,474.8757373772017,508.5059196728174
58893.07216487252,404.1359538816487,416.45166480448864,425.9850349529821,444.82274459471455,392.9631727777845,404.4798426939678,413.2642640762999,428.9500749895423,381.45859523801766,392.15249514438176,400.1657263392828,412.90737083353605,370.38849091349016,380.29069292288165,387.5618581184527,397.75916437336855,447.08727038657764,462.4747199265339,474.88726001511054,508.52680245301696
60059.311642205386,404.1446701680939,416.4616723926295,425.9963338428185,444.84065810257084,392.9718890642298,404.48985028210865,413.2755629661363,428.9673492872972,381.46731152446296,392.16250273252257,400.1770252291192,412.9239990737086,370.39720719993545,380.30070051102246,387.57315700828906,397.7751825783783,447.09598667302294,462.4847275146747,474.8985589049469,508.54728139430654
61248.64576324579,404.1532172005622,416.4714856521301,426.0074133293515,444.85822516471256,392.98043609669804,404.49966354160927,413.2866424526693,428.9842895016064,381.4758585569312,392.17231599202324,400.1881047156522,412.94030572513407,370.4057542324037,380.31051377052313,387.58423649482205,397.79089099266895,447.1045337054912,462.4945407741754,474.9096383914799,508.5673642746179
62461.531863368094,404.1615982656491,416.4811083564892,426.0182776729827,444.875452454742,392.98881716178494,404.5092862459683,413.2975067963005,429.0009020679371,381.4842396220181,392.1819386963823,400.1989690592834,412.95629698259347,370.4141352974906,380.3201364748822,387.5951008384533,397.80629558375557,447.1129147705781,462.50416347853445,474.92050273511114,508.5870587232944
63698.436334403545,404.16981658613076,416.49054420593114,426.02893105138486,444.89234651872965,392.9970354822666,404.5187220954102,413.30816017470266,429.0171932987755,381.49245794249975,392.1913745458242,400.20962243768554,412.97197892248664,370.4223536179723,380.3295723243241,387.6057542168554,397.8214022051149,447.12113309105973,462.51359932797635,474.9311561135133,508.6063722238842
64959.83480398234,404.1778753222029,416.4997968288288,426.03937756110804,444.9089137776121,393.0050942183388,404.5279747183079,413.31860668442584,429.0331693859391,381.50051667857196,392.2006271687219,400.2200689474087,412.98735750505733,370.43041235404445,380.3388249472218,387.6162007265786,397.8362165983291,447.12919182713193,462.52285195087404,474.94160262323646,508.6253121168805
66246.21231842643,404.1857775726963,416.50886978309893,426.049621219155,444.92516052954636,393.0129964688321,404.53704767257807,413.3288503424728,429.048836402847,381.5084189290653,392.20970012299205,400.23031260545565,413.00243857657915,370.4383146045378,380.34789790149193,387.62644438462553,397.8507443951913,447.13709407762525,462.5319249051442,474.9518462812834,508.64388560241326
67558.06352926556,404.19352637626804,416.5177665575702,426.05966596452583,444.9410929522213,393.02074527240393,404.54594444704935,413.33889508784364,429.0642003067485,381.5161677326371,392.2185968974633,400.2403573508265,413.0172278715009,370.4460634081096,380.3567946759632,387.6364891299964,397.8649911197723,447.144842881197,462.5408216796155,474.96189102665426,508.662099742892
68895.89288344528,404.20112471257033,416.52649057332474,426.0695156597325,444.9567171051266,393.02834360870617,404.5546684628038,413.3487447830503,429.0792669409119,381.5237660689393,392.2273209132178,400.25020704603315,413.0317310145528,370.4536617444118,380.3655186917177,387.64633882520303,397.8789621904497,447.1524412174993,462.54954569536994,474.9717407218609,508.67996146559955
70260.21481730248,404.20857550339616,416.5350451850136,426.0791740922844,444.97203893178124,393.035794399532,404.5632230744927,413.35840321560227,429.0940420367728,381.53121685976515,392.2358755249067,400.2598654785851,413.04595352281535,370.4611125352377,380.3740733034066,387.65599725775496,397.89266292190035,447.15989200832513,462.55810030705885,474.9813991544128,508.6974775652395
71651.55395438183,404.2158816138024,416.54343368214677,426.08864497614445,444.9870642619203,393.0431005099383,404.5716115716259,413.3678740994623,429.108531216043,381.53852297017147,392.2442640220399,400.26933636244513,413.05990080774853,370.46841864564396,380.3824618005398,387.665468141615,397.9060985270558,447.16719811873145,462.56648880419203,474.9908700382729,508.71465470643625
73070.44530716963,404.2230458532125,416.55165929035826,426.0979319531575,445.00179881364244,393.05026474934834,404.5798371798374,413.3771610764753,429.1227399927815,381.5456872095815,392.2524896302514,400.2786233394582,413.073578177186,370.475582885054,380.39068740875126,387.67475511862807,397.9192741190228,447.1743623581415,462.5747144124035,475.00015701528594,508.73149942619006
74517.43448282265,404.2300709764955,416.5597251726462,426.1070385944503,445.01624819551733,393.0572898726314,404.58790306212535,413.38626771776813,429.1366737754266,381.55271233286453,392.2605555125393,400.28772998075095,413.0869908372907,370.482608008337,380.3987532910392,387.68386175992083,397.9321947129675,447.1813874814245,462.5827802946915,475.0092636565787,508.7480181362865
75993.07789297012,404.23695968502653,416.5676344305892,426.1159684018053,445.0304179086556,393.06417858116237,404.5958123200683,413.3951975251231,429.15033786879206,381.5596010413955,392.2684647704823,400.29665978810596,413.10014389447696,370.489496716868,380.4066625489822,387.69279156727583,397.9448652279665,447.1882761899555,462.59068955263444,475.0181934639337,508.76421712566247
77497.94296767197,404.2437146277247,416.575390105539,426.12472480900664,445.0443133487393,393.07093352386056,404.6035679950181,413.4039539323245,429.16373747602523,381.5663559840937,392.2762204454321,400.3054161953073,413.11304235729455,370.4962516595662,380.414418223932,387.7015479744772,397.9572904888226,447.1950311326537,462.59844522758425,475.02694987113506,508.78010256272773
79032.60837361253,404.25033840207243,416.58299517979003,426.1333111831611,445.0579398080168,393.07755729820826,404.61117306926917,413.4125403064789,429.1768777005302,381.5729797584414,392.28382551968315,400.31400256946176,413.1256911382806,370.5028754339139,380.42202329818303,387.71013434863164,397.96947522784825,447.2016549070014,462.6060503018353,475.0355362452895,508.79568049764526
80597.66423661557,404.2568335551136,416.59045257772624,426.1417308259922,445.0713024772589,393.0840524512494,404.6186304672053,413.42095994931003,429.1897635478551,381.5794749114826,392.2912829176193,400.3224222122929,413.13809505577615,370.5093705869551,380.4294806961192,387.7185539914628,397.98142408661533,447.20815006004256,462.61350769977145,475.04395588812065,508.8109568645678
82193.71236856589,404.2632025844334,416.5977651669452,426.14998697511044,445.0844064476809,393.0904214805692,404.6259430564243,413.42921609842824,429.2023999275445,381.58584394080236,392.2985955068383,400.3306783614111,413.15025883570917,370.51573961627486,380.4367932853382,387.726810140581,397.9931416176732,447.21451908936234,462.62082028899044,475.05221203723886,508.825937483835
83821.36649882435,404.2694479391185,416.60493575936147,426.1580828052579,445.0972567128281,393.0966668352543,404.6331136488406,413.4373119285757,429.2147916549583,381.5920892954875,392.3057660992546,400.33877419155857,413.16218711334534,370.52198497096,380.44396387775447,387.73490597072845,398.004632286235,447.22076444404746,462.62799088140673,475.06030786738626,508.8406280641287
85481.25251022559,404.275572020699,416.61196711228723,426.1660214295288,445.1098581704263,393.10279091683486,404.64014500176637,413.4452505528467,429.22694345305644,381.598213377068,392.31279745218035,400.3467128158295,413.17388443500613,370.5281090525405,380.45099523068023,387.7428445949994,398.01590047183277,447.22688852562794,462.63502223433244,475.06824649165725,508.85503420458934
87174.00867974933,404.28157718407175,416.61886192949294,426.1738059005676,445.1222156241997,393.1087960802076,404.6470398189721,413.45303502388543,429.2388599541508,381.60421854044074,392.31969226938605,400.35449728686825,413.18535525975545,370.53411421591323,380.45789004788594,387.75062906603813,398.0269504699419,447.2328936890007,462.6419170515382,475.076030962696,508.8691613968927
88900.28592395669,404.2874657384058,416.62562286224687,426.1814392117414,445.13433378565276,393.1146846345416,404.653800751726,413.4606683350592,429.2505457016248,381.6101070947748,392.32645320213993,400.3621305980421,413.1966039610544,370.54000277024727,380.4646509806398,387.75826237721196,398.0377864935757,447.23878224333475,462.6486779842921,475.08366427386983,508.88301502728865
90660.74804928861,404.2932399480306,416.63225251033464,426.188924298292,445.1462172758211,393.1204588441664,404.6604303998138,413.4681534216098,429.26200515162094,381.6158813043996,392.33308285022775,400.3696156845927,413.2076348283861,370.54577697987213,380.47128062872764,387.7657474637626,398.04841267485045,447.24455645295956,462.6553076323799,475.09114936042045,508.89660037860153
92456.07200731902,404.29890203330643,416.63875342305874,426.19626403846445,445.157870626989,393.12612092944227,404.6669313125379,413.47549316178225,429.2732426746975,381.6215433896754,392.33958376295186,400.37695542476513,413.21845206885007,370.551439065148,380.47778154145175,387.773087203935,398.0588330665212,447.2502185382354,462.66180854510395,475.0984891005928,508.90992263219425
94286.9481550636,404.3044541714785,416.6451281002192,426.2034612546134,445.1692982843754,393.1316730676144,404.67330598969835,413.4826903779312,429.284262557454,381.62709552784753,392.3459584401123,400.38415264091407,413.22905980872747,370.55699120332,380.4841562186122,387.78028442008394,398.06905164348916,447.2557706764075,462.6681832222645,475.1056863167418,508.92298686989534
96154.08052044324,404.30989849751376,416.65137899307456,426.21051871428875,445.1805046077882,393.1371173936496,404.67955688255364,413.48974783760656,429.2950690041267,381.63253985388275,392.3522093329676,400.39121010058943,413.23946209501634,370.56243552935524,380.4904071114675,387.7873418797593,398.0790723042816,447.2612150024427,462.67443411511977,475.1127437764172,508.9357980758905
98058.18707300429,404.31523710492235,416.6575085052844,426.21743913129984,445.1914938732481,393.1424560010582,404.68568639476354,413.49666825461765,429.3056661381545,381.63787846129134,392.3583388451775,400.3981305176005,413.2496628969393,370.56777413676383,380.4965366236774,387.7942622967704,398.0888988725035,447.2665536098513,462.6805636273296,475.11966419342826,508.94836113857906
100000.0,404.3204720465621,416.6635189938337,426.2242251667588,445.20227027458236,393.147690942698,404.69169688331283,413.5034542900766,429.31605800371585,381.64311340293114,392.3643493337268,400.4049165530595,413.25966610742273,370.57300907840363,380.5025471122267,387.80104833222936,398.0985350982626,447.2717885514911,462.68657411587895,475.12645022888717,508.96068085239557
